"Path","Bytes","SHA256","Category"
".omo/evidence/architecture-v2-a/report.md","2039","101C8DBBB5B4166B27E5AE703EBF835FEAE822533A9AAA4058BD0962404EDB78","retained-local-only"
".omo/evidence/architecture-v2-a/results.json","8485","D93C2AD88BB6D78EE7303CDF5991F15501F32128EA8E3EB3ADE81548CCA2F872","retained-local-only"
".omo/evidence/architecture-v2-a/run_v2a.py","10169","FEE204DC3A37F0A6FE4397A891FBD4E53AD4DE459B0E8F76C1AA5509D9B8802A","retained-local-only"
".omo/evidence/bounded_differentiable_delay_learning/artifact_listing_final.txt","840","17A5C2785268F4243716D32D643490C898C034199B247F2C90576930218EA45E","retained-local-only"
".omo/evidence/bounded_differentiable_delay_learning/artifact_listing.txt","592","C60798910ABE679677D6C57F9F74C1597024F58D0E390973BA742CD4FB54B8A5","retained-local-only"
".omo/evidence/bounded_differentiable_delay_learning/artifact_replay_metrics.txt","1824","D0AFC57B45A4091B9C54BEA873CE1BC4DB3BF4B554C1D576C65798DF9F7FC61A","retained-local-only"
".omo/evidence/bounded_differentiable_delay_learning/direct_model_state_probe.txt","2411","67CE7A7DF81707A4A58B483D35960998E8C228820661465D957B434E33E12A44","retained-local-only"
".omo/evidence/bounded_differentiable_delay_learning/manualQa.json","5628","CA3D658AD7F13C82D5FF5C90CAADCF0E8CD0ED25252169DF5EEA4CD2F6428D8E","retained-local-only"
".omo/evidence/bounded_differentiable_delay_learning/pytest_targeted.txt","101","F38B7FE9D96DBDEB1772BB86DFFEC25C6F14093D7F879451AA0FD1178643D8EE","retained-local-only"
".omo/evidence/bounded_differentiable_delay_learning/results_invariant_audit.txt","656","C952B430B3D3CA7F78F31706DFCF579732FB818DDDD79E3D4884E78FE2E13C9A","retained-local-only"
".omo/evidence/canonical-model-comparison-t2/commands.json","1084","F2B894B3E8DE0DEE235D3C5C9FAEC459E06E4B245D60D99AFD61E9B4E2907BF1","retained-local-only"
".omo/evidence/canonical-model-comparison-t2/decision-report-zh.md","1741","95F991A748E2BA10CBDDC79BA1B9FC000745383B1A724E356D212B2386561C46","retained-local-only"
".omo/evidence/canonical-model-comparison-t2/experiment-config.yaml","1213","D4BAAB5A36F77665BF3107CF069EC117BAB6AAA55FEA2B3167BAFF3CB3785C30","retained-local-only"
".omo/evidence/canonical-model-comparison-t2/identity-manifest.json","8771","13165C2AA4C33863883C1CEE77ECE01BFE6FD2E3F153DD8427F89631579414C7","retained-local-only"
".omo/evidence/canonical-model-comparison-t2/model-comparison.csv","1669","EEE098205FE46A4937B590802A69E32C35448404C188639FD9E79C4340E802AC","retained-local-only"
".omo/evidence/canonical-model-comparison-t2/parameter-counts.json","996","CE63083B7A6EF08D66A748881CF100EADA1448D41FF45838966C28D023934D6D","retained-local-only"
".omo/evidence/canonical-model-comparison-t2/pareto.png","58447","FFBDDCB50D7FC8D0F080C7098CE917BBA6896A0FBD406B62A2E679ED1378CE63","retained-local-only"
".omo/evidence/canonical-model-comparison-t2/per-cell-metrics.csv","129165","25A9F32CADE25E903326AA4369BC1DF926426FB04F0D4D86ACAF62938F6C61CE","retained-local-only"
".omo/evidence/canonical-model-comparison-t2/per-run-metrics.csv","6503","06529F0ABA04EC06362B41AD2A2C63F7ED4B746BBC2CA77CD1CD4012D57756E8","retained-local-only"
".omo/evidence/canonical-model-comparison-t2/prediction-results.json","109231","24DAA9FAAA76AFCF1F70DA31B8E9BFBAD7B7809A379ACA2AEB5CC0E3EA15A636","retained-local-only"
".omo/evidence/canonical-model-comparison-t2/rf-results.json","61995","1287CA3B33256119C4450CAEA698831A23F943FEAB795CEF9AD9158000109134","retained-local-only"
".omo/evidence/canonical-model-comparison-t2/runtime-monitor.jsonl","1013","15D93E1F5BCF175409479C2B49A0FFAEEE6F32F95DA1F4E17C86255568A4DD20","retained-local-only"
".omo/evidence/canonical-model-comparison-t2/stability-results.json","5291","977E5C1E759625B4946F80E6744261D4A24657CB5750F2C1B5DEA2FE73EB1302","retained-local-only"
".omo/evidence/canonical-v2-stage05-checkpoint-rerun/run_checkpoint_rerun.py","7912","C3B22BC5C93C258A3E1578751F9A8225423D6262F22A007724ABD69F10ADA5FF","retained-local-only"
".omo/evidence/canonical-v2-stage05-checkpoint-rerun/runs/seed-19-type_blind/checkpoint_stage05.pt","53146","E1DCF616325355CB14D89915035D8ABF7AB0AAEF8F1606347B2E2CE596686C3F","retained-local-only"
".omo/evidence/canonical-v2-stage05-checkpoint-rerun/runs/seed-19-type_blind/checkpoint_step50.pt","81028","4CFFBBD7EC2EDB8168847FA76171B19C63C35D3B30F086C8E053D97965A8D3B3","retained-local-only"
".omo/evidence/canonical-v2-stage05-checkpoint-rerun/runs/seed-19-type_blind/config.yaml","1185","D6222DFEFCC0ADDEB549D518B6E2D9D901305F0EE87D7A0D2068C953187AA3F8","retained-local-only"
".omo/evidence/canonical-v2-stage05-checkpoint-rerun/runs/seed-19-type_blind/run_manifest.json","444","DCB471963A14B8CE860EF141E360DFE967F745DB693A1561943D66D0C3F43D29","retained-local-only"
".omo/evidence/canonical-v2-stage05-checkpoint-rerun/runs/seed-20-type_blind/checkpoint_stage05.pt","53146","862F2269A5488C92D4713509B41CEC3A10323F485C3A2B0CDEBE6EBACB0491F6","retained-local-only"
".omo/evidence/canonical-v2-stage05-checkpoint-rerun/runs/seed-20-type_blind/checkpoint_step50.pt","81028","32463D17EFDE3611354A8DD2C954698257F858E691C96C3E08FC42D2D8C8DA8D","retained-local-only"
".omo/evidence/canonical-v2-stage05-checkpoint-rerun/runs/seed-20-type_blind/config.yaml","1185","44962E1040C438230815D3672C3F03ECBD5BA8A8CF128B23E465020F48939CCC","retained-local-only"
".omo/evidence/canonical-v2-stage05-checkpoint-rerun/runs/seed-20-type_blind/run_manifest.json","444","0F41E791014B37A3715503E7A1D059F8DC6CDF3B3541F9C31483D0FDED749760","retained-local-only"
".omo/evidence/canonical-v2-stage05-checkpoint-rerun/runs/seed-21-type_blind/checkpoint_stage05.pt","53146","7E3A9C25BB8C37FCFAC45B33F64256593976AE9479563546299044C29269F954","retained-local-only"
".omo/evidence/canonical-v2-stage05-checkpoint-rerun/runs/seed-21-type_blind/checkpoint_step50.pt","81028","D27BA545D2BE32217DFB134A43903DE82DC725899E0937E2D9FFF549FFE4535A","retained-local-only"
".omo/evidence/canonical-v2-stage05-checkpoint-rerun/runs/seed-21-type_blind/config.yaml","1185","8F96069B10A7AF74E53E4A8721E049FC8DBC292ED06188A327B923C954855E15","retained-local-only"
".omo/evidence/canonical-v2-stage05-checkpoint-rerun/runs/seed-21-type_blind/run_manifest.json","444","9CDA6DAFB85BC7D43232C270C779707508AC46B1EC3E58C17810A74F68C77FD0","retained-local-only"
".omo/evidence/canonical-v2-stage05-checkpoint-rerun/stop-hook-status-verification.log","17119","50ECCCD9BBE17A1F286C9E894B1C545A0CCC2AA31E95B22EE61F605415537497","retained-local-only"
".omo/evidence/canonical-v2-stage05-checkpoint-rerun/task-1-checkpoint-contract-final-location.log","202","12C506F76FD6159D189F5DE3A9D3872BF3B7E50556F039391194767D4AC76A4E","retained-local-only"
".omo/evidence/canonical-v2-stage05-checkpoint-rerun/task-1-checkpoint-contract.log","202","12C506F76FD6159D189F5DE3A9D3872BF3B7E50556F039391194767D4AC76A4E","retained-local-only"
".omo/evidence/canonical-v2-stage05-checkpoint-rerun/task-1-red.log","4940","04C999DB0BFEFA8E0DCE4A6CF7E421297517B03EC115F12A130FB9BFF9C45E05","retained-local-only"
".omo/evidence/canonical-v2-stage05-checkpoint-rerun/task-2-cli-preflight.log","2404","8653F6AFF8B30D7D1689D9A7D6B27F70196D94465E801279ED5C870E6DE0FE80","retained-local-only"
".omo/evidence/canonical-v2-stage05-checkpoint-rerun/task-2-loc.log","364","4BB503A25578015BAEFFF3F4D23F755A7AD02F6C0B73ACF35FE6896B0A9C17EF","retained-local-only"
".omo/evidence/canonical-v2-stage05-checkpoint-rerun/task-2-no-excuse.log","58","36CA0E7D1C728786064FCFBAE4AF6D740D74186E008B43B95EDB79D4875E14DD","retained-local-only"
".omo/evidence/canonical-v2-stage05-checkpoint-rerun/task-2-py-compile.log","98","FC8E1A87C687829F5FD1118945A1E34649F88408BA3BF9192B67E43277DBB0CB","retained-local-only"
".omo/evidence/canonical-v2-stage05-checkpoint-rerun/task-2-red.log","2302","C6EA20F0FD64D74671028F73C5C321D6B83E0A78B289BC337C6DF47830E2EF27","retained-local-only"
".omo/evidence/canonical-v2-stage05-checkpoint-rerun/task-2-runner-contract.log","202","891C5E2469F7DAAD47237A8DB5C6F8182D83368BBBDEA157B91C88AA99903E8F","retained-local-only"
".omo/evidence/canonical-v2-stage05-checkpoint-rerun/test_checkpoint_rerun.py","6765","FC4E95F3F61CCAFE2ED2D7C1FD20BFA349CAD3958FAAEE3CA4DA38EC42A9D3ED","retained-local-only"
".omo/evidence/compact_causal_cnn_baseline/inputs/67_14.pt","24558952","DEB07E2A15E54DF0D0A94B8DC68640EB26909F3592691FE943A7ECE9F1ECCE77","retained-local-only"
".omo/evidence/compact_causal_cnn_baseline/inputs/67_21.pt","24558952","05CF91462158B9C4578897AA3970749700C254C246226B5102C65B978F468C26","retained-local-only"
".omo/evidence/compact_causal_cnn_baseline/inputs/67_26.pt","24558952","44D1C8CBB45C52F4A2C79318B64F934807166785EC918EA955BC8FDC5066DE99","retained-local-only"
".omo/evidence/compact_causal_cnn_baseline/inputs/67_33.pt","24558952","739D53E255D4E565FA581702ACDF42958C887B34C05C97265656C239666A3F0B","retained-local-only"
".omo/evidence/compact_causal_cnn_baseline/inputs/67_34.pt","24558952","B8067FE6E6BE4357C3ADA12E4654341AF11E5F37AEBCE4E2438EC527F3C256C9","retained-local-only"
".omo/evidence/compact_causal_cnn_baseline/inputs/67_4.pt","3510812","16FB9D4FC5AB49A1079F5B20B63C3F4B33016A0D0278859001286ACBF06CFB47","retained-local-only"
".omo/evidence/compact_causal_cnn_baseline/inputs/67_6.pt","24558940","31A7E1C6C0D548AD7283E33D1D4010A2FB22CD1F76239023DEE45A7D528A09A4","retained-local-only"
".omo/evidence/compact_causal_cnn_baseline/inputs/67_7.pt","24558940","14BBA81A57DB3990BC831A111438BF9D0347D824FD407FC82BCF2A1D15C56A44","retained-local-only"
".omo/evidence/compact_causal_cnn_baseline/inputs/68_10.pt","3510824","F78E56D4A92A82D8EF25BE8DA495C2072C6D45135A2CFF45AF9D51D6DD267181","retained-local-only"
".omo/evidence/compact_causal_cnn_baseline/inputs/68_11.pt","24558952","93D47BB5D073C30312650FD0AE2BA30F994BE7F860835C48F09CA1AADC920C57","retained-local-only"
".omo/evidence/compact_causal_cnn_baseline/inputs/68_3.pt","24558940","A71EC2F55DE63ACC68E6EF8F267534EFEF8C0F283AA9A600E2B8F43387626757","retained-local-only"
".omo/evidence/compact_causal_cnn_baseline/inputs/68_4.pt","21050844","C7E25277F5F8832EA3B25B403899F63760874211F4AC3D1E5446F7E0F48B0109","retained-local-only"
".omo/evidence/compact_causal_cnn_baseline/inputs/68_7.pt","24558940","E1C947A4EB876937A7F84BE11B95ADD2AE2F11B2F0DB666176C484EE64727D0D","retained-local-only"
".omo/evidence/compact_causal_cnn_baseline/inputs/69_21.pt","21050856","2615CEB5EB8121F445DCAE13F602DDC5C08C0C29A14627AA6F5AB2207F8DF248","retained-local-only"
".omo/evidence/compact_causal_cnn_baseline/inputs/69_3.pt","24558940","A844CA7C1020AA84D1ADD0660AB99F1F985495FE89B20157E9AD108A991EB620","retained-local-only"
".omo/evidence/compact_causal_cnn_baseline/inputs/69_4.pt","21050844","8279EB421F0668512003888D0D7150351A968D6E72541FEF2433C865FB3BCCE7","retained-local-only"
".omo/evidence/compact_causal_cnn_baseline/inputs/69_6.pt","24558940","6E7976C438D2110FDD8997856829BEE726859A6FB27ED34EB406C2BAA8FF668E","retained-local-only"
".omo/evidence/compact_causal_cnn_baseline/inputs/69_7.pt","24558940","23448FD95284D57AD540BB294CF869ABE2FA103476DB96C63B531084707E1980","retained-local-only"
".omo/evidence/compact_causal_cnn_baseline/inputs/70_1.pt","21050844","014AF56848116B1E00804630561EE2958050810A7FE63E25D5F4A0512581A631","retained-local-only"
".omo/evidence/compact_causal_cnn_baseline/inputs/70_15.pt","21050856","288B36B639F009562CD43A28CE7F57A4D878F5DB19A17FAD35B5D6782243EF3C","retained-local-only"
".omo/evidence/compact_causal_cnn_baseline/inputs/70_34.pt","24558952","D1AE41D87C60AC9EEE5FBC8BB508A97A2F7DA4F73F5F08BC7034F27E17F63849","retained-local-only"
".omo/evidence/compact_causal_cnn_baseline/inputs/70_7.pt","24558940","472C6D1D087616171ED7F5813ECE1CDE30A7CA41722C591213773FA047568FE7","retained-local-only"
".omo/evidence/compact_causal_cnn_baseline/startup_import_failure.log","800","31743638B0D0C8ABEDE39B1A679BD6E5FCBF9E3141E20392DF165213311A679E","retained-local-only"
".omo/evidence/compact_causal_cnn_baseline/training.log","9679","06D212C4F2BC0C86CF8FD6FEDD7C407CD00DDA8EA2D42E6DEAF1F7CCBF9D5C6C","retained-local-only"
".omo/evidence/hierarchical-endpoint-and-v4-decision/commands.json","770","116F091017002BFB97685B26AC6F528864B918124DECC6CBDD2AC94E1257AD59","retained-local-only"
".omo/evidence/hierarchical-endpoint-and-v4-decision/experiment-config.yaml","2391","8AC16DD364BEA089FB6D9A021707C12461EE141ABC6B4188E7EAEDD7EF412D07","retained-local-only"
".omo/evidence/hierarchical-endpoint-and-v4-decision/identity-manifest.json","3530","1B6F76B76A6E405ED25BD6B431B5B10A965BAC3BCC6ABA3A9756D29450532891","retained-local-only"
".omo/evidence/hierarchical-endpoint-and-v4-decision/teacher-preflight-results.json","728205","7BB9E9F0986BF4D08A6338FDDB68F30532E1B9EB281E407E5C34D65B85493F6B","retained-local-only"
".omo/evidence/interpretable-readout-decision-experiments/decision-results.json","2646","098E38518168FB1FB7A2759087AFCDA5C0F60D1922D771BD8A4668A218AA9C34","retained-local-only"
".omo/evidence/interpretable-readout-decision-experiments/experiment_support.py","6125","E4816E563936F897BC0E5B446C30B14F03844A24D840A76F5856684C28DA2DAE","retained-local-only"
".omo/evidence/interpretable-readout-decision-experiments/experiment-1-200step.json","1260","0D9ED4EB7024B7F8830B4AE8EEDB5325B01EBF7992C104898A2D38CA6ED0D4D5","retained-local-only"
".omo/evidence/interpretable-readout-decision-experiments/experiment-2-capacity.json","3712","3364CC255DFCCE562CB40E770CE1BE5B1B0358E6138E4F7C3E06E785FB6FC894","retained-local-only"
".omo/evidence/interpretable-readout-decision-experiments/probe_models.py","6512","09663C478C294DB346F6B054964FBF22E5E52AA137344834931171C84ECC56EB","retained-local-only"
".omo/evidence/interpretable-readout-decision-experiments/run_experiments.py","9141","6F04E8E07FC0FA334AC923AF8C966340F95D14D4727707451673AE67BC3D132B","retained-local-only"
".omo/evidence/interpretable-readout-decision-experiments/task-1-tests.txt","293","B0424EDCAAD484458083E268ACCCB276C8B79663734D3F0D79BB1C20ED716095","retained-local-only"
".omo/evidence/interpretable-readout-decision-experiments/task-2-run.txt","484","611586EA2CE91000824C531C6BFD945D6C669E0740F03308FAC7DCE462AB0BBA","retained-local-only"
".omo/evidence/interpretable-readout-decision-experiments/task-3-run.txt","671","D0B97912415599834CD5EA8E374301FA376C1101A1CD272ACDAE42986A4BAF00","retained-local-only"
".omo/evidence/interpretable-readout-decision-experiments/task-6-report-check.txt","368","EE1FB27FDCBC0B3E4243FCDE79E4B29F230F30FFAE95603D083909FE0DBE4CF9","retained-local-only"
".omo/evidence/interpretable-readout-decision-experiments/test_experiments.py","4888","F190A2E531B10498CE570694173EDF09668209585DC9D4691B3202203636B974","retained-local-only"
".omo/evidence/manual-smoke-cellwise-rf-type-prior-reframe/benchmark_v2/test.h5","378734","6E1BDAA1727E55440A80E8EE61428C851B93D1DD55FC3B2AFE4D952CFE2E05EA","retained-local-only"
".omo/evidence/manual-smoke-cellwise-rf-type-prior-reframe/benchmark_v2/train.h5","378734","95723F3ACC0EF5877AD54241AFFE34DCA69C069B14ABD5FA973A0113468A5AC6","retained-local-only"
".omo/evidence/manual-smoke-cellwise-rf-type-prior-reframe/benchmark_v2/validation.h5","378734","076F6244C5E62032043063E0CFDE6055F80A6CA27C6DD8B8E4576FBC4D6D2C3C","retained-local-only"
".omo/evidence/manual-smoke-cellwise-rf-type-prior-reframe/config-cell_only.yaml","844","8EEF4AE1573A3E29389D3ECF45EB99BE895B7D889F22111E8686406819A09E87","retained-local-only"
".omo/evidence/manual-smoke-cellwise-rf-type-prior-reframe/config-fast-cell_only.yaml","839","DB9C09CE0DF2FEBC956CA84A0C88EE67D4D4CB0A2667732492FC134B5F8ECD8A","retained-local-only"
".omo/evidence/manual-smoke-cellwise-rf-type-prior-reframe/config-fast-shuffled_type.yaml","843","5FBA7EEF096C76B35AB4245A08DCCD0543DE669AF132881A03CCD9CA19913450","retained-local-only"
".omo/evidence/manual-smoke-cellwise-rf-type-prior-reframe/config-fast-type_aware.yaml","840","0861ADA315002F2AF66ED3DDA25F7BEF1284B2EA1B07F41E7F4B824B1EB8A27C","retained-local-only"
".omo/evidence/manual-smoke-cellwise-rf-type-prior-reframe/config-fast-type_blind.yaml","840","F5790619400547E63B22D89E441E5030427A01EE3AAC6E4C754382E6EE9E8B3D","retained-local-only"
".omo/evidence/manual-smoke-cellwise-rf-type-prior-reframe/config-fd-off-cell_only.yaml","872","0492AB766EFAC75B3C4E59DA8FAA00BF74E81134E9E38A1C43E90F280309A03F","retained-local-only"
".omo/evidence/manual-smoke-cellwise-rf-type-prior-reframe/config-fd-off-shuffled_type.yaml","876","E88284656F68465230F6F2E14E92C0B1A3CC6E8917E33200F9E26DC1F9E0925F","retained-local-only"
".omo/evidence/manual-smoke-cellwise-rf-type-prior-reframe/config-fd-off-type_aware.yaml","873","8E0D716FA58A51939782316C2E3049C4E9BB3AB3C8185B7952B8D14C774FCA1B","retained-local-only"
".omo/evidence/manual-smoke-cellwise-rf-type-prior-reframe/config-fd-off-type_blind.yaml","907","1F13676AA9F43E847D4DE1F58CD876EA6215AF59825142E61A0B11768325CB69","retained-local-only"
".omo/evidence/manual-smoke-cellwise-rf-type-prior-reframe/config-shuffled_type.yaml","848","651CF8FA3BE258C0A36040CB6C018CAD30546F5024D1B6412A975A3579C704A8","retained-local-only"
".omo/evidence/manual-smoke-cellwise-rf-type-prior-reframe/config-type_aware.yaml","845","2D1DBD89B4248CCE59BCD9E738F6CEB03113518BEC86334D7C4569807FB62A47","retained-local-only"
".omo/evidence/manual-smoke-cellwise-rf-type-prior-reframe/config-type_blind.yaml","845","FF0BC45FE81973088BD6F87BD55D4992AC8951C144B66BCC7557C79989C78B86","retained-local-only"
".omo/evidence/manual-smoke-cellwise-rf-type-prior-reframe/fd-off-cell_only-qa.md","6435","085BB2EEEF99BF3CE2EBC0C8CBE10748754D7D4FB4FD8126046BC88E4F3F1F5D","retained-local-only"
".omo/evidence/manual-smoke-cellwise-rf-type-prior-reframe/fd-toggle-proof.md","6130","CD7C08339A2C6BDAF6AB73EFD285B777586B5FF0BA583C0B1AD6AC091E1E9CD3","retained-local-only"
".omo/evidence/manual-smoke-cellwise-rf-type-prior-reframe/generate-benchmark.log","1838","348A086C38941C69DDB45C15964BF2E75AC7D33CD74BDB803284411F9FAA74DA","retained-local-only"
".omo/evidence/manual-smoke-cellwise-rf-type-prior-reframe/inspect-benchmark.log","2360","A4BDB08275AED14E35447B1890014C2688C04856CFA0FFF0C9B47FD5CBA92338","retained-local-only"
".omo/evidence/manual-smoke-cellwise-rf-type-prior-reframe/inspect-type_blind-fd-off.log","2296","537B3585BD6FE62A9004C53B96E93C841D4FA520C762BC0DF153A2923CBC7D11","retained-local-only"
".omo/evidence/manual-smoke-cellwise-rf-type-prior-reframe/pytest-full.log","532","7214CBBB44C56FF8DFEB6AAD21177C41AF76FE87B4EA4F4DD049896F8174E4FA","retained-local-only"
".omo/evidence/manual-smoke-cellwise-rf-type-prior-reframe/qa-fd-off-shuffled_type-config-proof.txt","1000","C56EA7B1F877BF7883158FBCA3963E17261940F68A84B4AA19F8729F7A4CD56E","retained-local-only"
".omo/evidence/manual-smoke-cellwise-rf-type-prior-reframe/qa-fd-off-shuffled_type-inspection.json","3570","D27000E783F71975FEE958C2510D8697EF2D1C800E108536C2E250B0E1732F95","retained-local-only"
".omo/evidence/manual-smoke-cellwise-rf-type-prior-reframe/qa-fd-off-shuffled_type.md","5937","17AEDEBDB48CA58C02AF532A0C74498E87434BDB9E5536FFFD60F4F2BA17EAA2","retained-local-only"
".omo/evidence/manual-smoke-cellwise-rf-type-prior-reframe/qa-type_blind-fd-off.md","4386","E41C0F5D0A36B8D4DC43F035C8FE349D0CDF9845473CB521CFD927366EE072FA","retained-local-only"
".omo/evidence/manual-smoke-cellwise-rf-type-prior-reframe/run-fast-type_aware/checkpoint_best_nll.pt","76760","D45B4BA834C4DA38C07BE033A335C4E7FE953A3ECF99F6793A3EE3510956AA3F","retained-local-only"
".omo/evidence/manual-smoke-cellwise-rf-type-prior-reframe/run-fast-type_aware/checkpoint_last.pt","76760","E5521EAB5D124FB53FF52AC2CB0348A1E40C6FA065DF7423D9FC7A9964B84F19","retained-local-only"
".omo/evidence/manual-smoke-cellwise-rf-type-prior-reframe/run-fast-type_aware/final_metrics.json","85125","6DFE55B2AD36AE264E7C60411868931205643848103E191C3F12737398A819F4","retained-local-only"
".omo/evidence/manual-smoke-cellwise-rf-type-prior-reframe/run-fast-type_aware/final_report_zh.md","531","CACCC64F66C82BB4DB683069FA6DCCD5499195B4F425F56769C8B2981F5EE3B0","retained-local-only"
".omo/evidence/manual-smoke-cellwise-rf-type-prior-reframe/run-fast-type_aware/initialized_model_state.pt","45273","A698F7C7C0D665B04A21D55DD1359B8CAC83B9C580B33CBEF1A897D32C4FC1A3","retained-local-only"
".omo/evidence/manual-smoke-cellwise-rf-type-prior-reframe/run-fast-type_aware/parameter_delta.json","19256","561ABF17AF5F26E8EBF03CA1FF163915769346587CA812A7C0B452D0A101DDAB","retained-local-only"
".omo/evidence/manual-smoke-cellwise-rf-type-prior-reframe/run-fast-type_aware/rf_artifacts.pt","53084","5D0CE7D4FC8AFF728E07105B1910CD76CD608E8B7BDA693FE286654CCC9790D5","retained-local-only"
".omo/evidence/manual-smoke-cellwise-rf-type-prior-reframe/run-fast-type_aware/run_manifest.json","3034","3C74D752B22C91CD173408864CE6E5E918629E46535D16C25F60D062A8A90994","retained-local-only"
".omo/evidence/manual-smoke-cellwise-rf-type-prior-reframe/run-fast-type_aware/run_status.json","88","BA5A8B2B638EBF9218B0CAE04ED40F1A426274198B4148EB9F3BA08ECE2ABABC","retained-local-only"
".omo/evidence/manual-smoke-cellwise-rf-type-prior-reframe/run-fast-type_aware/training.jsonl","312","09A030C8805AD2D1EAA70D1623C3BFED1048ADC589F3CA7CAEB83CA19C051788","retained-local-only"
".omo/evidence/manual-smoke-cellwise-rf-type-prior-reframe/run-fd-off-cell_only.inspect.json","7342","EE48C69E3A161D76392C679D30544E6F37A92D0306779A426A32FEEF84909803","retained-local-only"
".omo/evidence/manual-smoke-cellwise-rf-type-prior-reframe/run-fd-off-cell_only.process-check.txt","521","AAEA1B2A7F44023611BB057EE5981060C66132F63DA36187B7D8B0A2D3A44709","retained-local-only"
".omo/evidence/manual-smoke-cellwise-rf-type-prior-reframe/run-fd-off-cell_only.stderr.log","0","E3B0C44298FC1C149AFBF4C8996FB92427AE41E4649B934CA495991B7852B855","retained-local-only"
".omo/evidence/manual-smoke-cellwise-rf-type-prior-reframe/run-fd-off-cell_only.stdout.log","0","E3B0C44298FC1C149AFBF4C8996FB92427AE41E4649B934CA495991B7852B855","retained-local-only"
".omo/evidence/manual-smoke-cellwise-rf-type-prior-reframe/run-fd-off-cell_only.transcript.txt","412","9B6DC0BF7C2773CB103722B2D5CC662BDAC152FB24108FFFBB60442C601ECD2E","retained-local-only"
".omo/evidence/manual-smoke-cellwise-rf-type-prior-reframe/run-fd-off-cell_only/checkpoint_best_nll.pt","68320","1692F821AA92B58470552F9F789E6FCA59AD00E364453DC232C6A9E09CFC6730","retained-local-only"
".omo/evidence/manual-smoke-cellwise-rf-type-prior-reframe/run-fd-off-cell_only/checkpoint_last.pt","68320","C433EF57202C7D90D8D46667BC0B6684CCD503FD39A931276371737311DD3E31","retained-local-only"
".omo/evidence/manual-smoke-cellwise-rf-type-prior-reframe/run-fd-off-cell_only/final_metrics.json","81167","BD470F3DE9A512470ED9FACA6E002DC42A281E2B6A0487C5B834CE8990DAF24B","retained-local-only"
".omo/evidence/manual-smoke-cellwise-rf-type-prior-reframe/run-fd-off-cell_only/final_report_zh.md","531","CDCF68BF1310949C980469AAEF589B915EBF98495EA460BADA7F27D5683E60ED","retained-local-only"
".omo/evidence/manual-smoke-cellwise-rf-type-prior-reframe/run-fd-off-cell_only/initialized_model_state.pt","44132","D10F108937012BAE2A3EB6FBF935FEB39580B22178D0B54D19C65869A7F2C9D0","retained-local-only"
".omo/evidence/manual-smoke-cellwise-rf-type-prior-reframe/run-fd-off-cell_only/parameter_delta.json","15867","A9C85E23E0B67CB9624EDBC20A761BD5AC9023AC164529DABAB83D4C4BDFC551","retained-local-only"
".omo/evidence/manual-smoke-cellwise-rf-type-prior-reframe/run-fd-off-cell_only/rf_artifacts.pt","53084","2A44995C8152B68653F18B6A892CBCA347345D023A9EA2A364948889EED265F5","retained-local-only"
".omo/evidence/manual-smoke-cellwise-rf-type-prior-reframe/run-fd-off-cell_only/run_manifest.json","3850","54ED43AE517F143ECECBC840D0FDEF644DBC30145011D871341753790DE5A3A6","retained-local-only"
".omo/evidence/manual-smoke-cellwise-rf-type-prior-reframe/run-fd-off-cell_only/run_status.json","88","BA5A8B2B638EBF9218B0CAE04ED40F1A426274198B4148EB9F3BA08ECE2ABABC","retained-local-only"
".omo/evidence/manual-smoke-cellwise-rf-type-prior-reframe/run-fd-off-cell_only/training.jsonl","311","615A2F5F3FD51CFFF77E29BF2A55AD0B3E2468694D0A2E516A41D1AD13D5477E","retained-local-only"
".omo/evidence/manual-smoke-cellwise-rf-type-prior-reframe/run-fd-off-shuffled_type.stderr.log","0","E3B0C44298FC1C149AFBF4C8996FB92427AE41E4649B934CA495991B7852B855","retained-local-only"
".omo/evidence/manual-smoke-cellwise-rf-type-prior-reframe/run-fd-off-shuffled_type.stdout.log","0","E3B0C44298FC1C149AFBF4C8996FB92427AE41E4649B934CA495991B7852B855","retained-local-only"
".omo/evidence/manual-smoke-cellwise-rf-type-prior-reframe/run-fd-off-shuffled_type.transcript.txt","723","03252BD0C9489C612C99B17B584437D6941B137AFA7B72AA2CA9B564B0E0ACBC","retained-local-only"
".omo/evidence/manual-smoke-cellwise-rf-type-prior-reframe/run-fd-off-shuffled_type/checkpoint_best_nll.pt","76760","EDF134DA1D5139379EAB2B24B7D962468D5AEA5A5A3C87842A0DFA005B623463","retained-local-only"
".omo/evidence/manual-smoke-cellwise-rf-type-prior-reframe/run-fd-off-shuffled_type/checkpoint_last.pt","76760","A410C17EE7CD85100116BA4B842D42A5D44BA5917E4A692354B835F45DCB2B96","retained-local-only"
".omo/evidence/manual-smoke-cellwise-rf-type-prior-reframe/run-fd-off-shuffled_type/final_metrics.json","84817","C0172F5C9DA8DF45E2DA79A1028DF49817CCA3254534857B7605B18AB1F66457","retained-local-only"
".omo/evidence/manual-smoke-cellwise-rf-type-prior-reframe/run-fd-off-shuffled_type/final_report_zh.md","531","FC34A4862BEBE4411BFE3F235B92FB2C80EA2F312ECC7CF3E3D2AB6B805357C6","retained-local-only"
".omo/evidence/manual-smoke-cellwise-rf-type-prior-reframe/run-fd-off-shuffled_type/initialized_model_state.pt","45273","77053BF44B56AD3E27140EFE82A4F49141536D435281015A99DB8FC5F3CA17E1","retained-local-only"
".omo/evidence/manual-smoke-cellwise-rf-type-prior-reframe/run-fd-off-shuffled_type/parameter_delta.json","19261","64049592819FB525A4791B3FED02260E1997D7DBAABAB2E963F0E91FA3CFBB9D","retained-local-only"
".omo/evidence/manual-smoke-cellwise-rf-type-prior-reframe/run-fd-off-shuffled_type/rf_artifacts.pt","53084","E3FB74ED398FB611681F5B8B3548EA9843E5928ED769535977B01BBDACF9F9BE","retained-local-only"
".omo/evidence/manual-smoke-cellwise-rf-type-prior-reframe/run-fd-off-shuffled_type/run_manifest.json","3085","54FE75D6C5B4837D14FEF60DB72A8E6B5890D4E1C8FCDEDEF83ACF5B9EA02E53","retained-local-only"
".omo/evidence/manual-smoke-cellwise-rf-type-prior-reframe/run-fd-off-shuffled_type/run_status.json","88","BA5A8B2B638EBF9218B0CAE04ED40F1A426274198B4148EB9F3BA08ECE2ABABC","retained-local-only"
".omo/evidence/manual-smoke-cellwise-rf-type-prior-reframe/run-fd-off-shuffled_type/training.jsonl","313","CA159B3CFD223C5DDB6BA209539A62BEC11D7239405F386ED14BBB547DD3EDEC","retained-local-only"
".omo/evidence/manual-smoke-cellwise-rf-type-prior-reframe/run-fd-off-type_aware.stderr.log","5","F01A374E9C81E3DB89B3A42940C4D6A5447684986A1296E42BF13F196EED6295","retained-local-only"
".omo/evidence/manual-smoke-cellwise-rf-type-prior-reframe/run-fd-off-type_aware.stdout.log","5","F01A374E9C81E3DB89B3A42940C4D6A5447684986A1296E42BF13F196EED6295","retained-local-only"
".omo/evidence/manual-smoke-cellwise-rf-type-prior-reframe/run-fd-off-type_aware.transcript.txt","625","DEE2AC1B33637E487EF45463B84A59158816D5433EECE5A8A69F13EE1D87FA04","retained-local-only"
".omo/evidence/manual-smoke-cellwise-rf-type-prior-reframe/run-fd-off-type_aware/checkpoint_best_nll.pt","76760","F5D2EA9ED7C34B92CBADEB4B155DEE65F7BB09615163AD1C77B734EE2D4CED40","retained-local-only"
".omo/evidence/manual-smoke-cellwise-rf-type-prior-reframe/run-fd-off-type_aware/checkpoint_last.pt","76760","DDECBDABC604C96FAA635482920095BB1BD265B717BFDF35E074B809B8959A71","retained-local-only"
".omo/evidence/manual-smoke-cellwise-rf-type-prior-reframe/run-fd-off-type_aware/final_metrics.json","84803","80DCEE02405BCADB2B09086E3F6291697D2A27524051FBCC4578141F99E8F0CA","retained-local-only"
".omo/evidence/manual-smoke-cellwise-rf-type-prior-reframe/run-fd-off-type_aware/final_report_zh.md","531","CACCC64F66C82BB4DB683069FA6DCCD5499195B4F425F56769C8B2981F5EE3B0","retained-local-only"
".omo/evidence/manual-smoke-cellwise-rf-type-prior-reframe/run-fd-off-type_aware/initialized_model_state.pt","45273","A698F7C7C0D665B04A21D55DD1359B8CAC83B9C580B33CBEF1A897D32C4FC1A3","retained-local-only"
".omo/evidence/manual-smoke-cellwise-rf-type-prior-reframe/run-fd-off-type_aware/parameter_delta.json","19256","561ABF17AF5F26E8EBF03CA1FF163915769346587CA812A7C0B452D0A101DDAB","retained-local-only"
".omo/evidence/manual-smoke-cellwise-rf-type-prior-reframe/run-fd-off-type_aware/rf_artifacts.pt","53084","5D0CE7D4FC8AFF728E07105B1910CD76CD608E8B7BDA693FE286654CCC9790D5","retained-local-only"
".omo/evidence/manual-smoke-cellwise-rf-type-prior-reframe/run-fd-off-type_aware/run_manifest.json","3079","8B9B7525FB6E1E48A9F76684A596A4553037C121BF47090BAE22EC9207BA3D41","retained-local-only"
".omo/evidence/manual-smoke-cellwise-rf-type-prior-reframe/run-fd-off-type_aware/run_status.json","88","BA5A8B2B638EBF9218B0CAE04ED40F1A426274198B4148EB9F3BA08ECE2ABABC","retained-local-only"
".omo/evidence/manual-smoke-cellwise-rf-type-prior-reframe/run-fd-off-type_aware/training.jsonl","312","09A030C8805AD2D1EAA70D1623C3BFED1048ADC589F3CA7CAEB83CA19C051788","retained-local-only"
".omo/evidence/manual-smoke-cellwise-rf-type-prior-reframe/run-fd-off-type_blind.stderr.log","5","F01A374E9C81E3DB89B3A42940C4D6A5447684986A1296E42BF13F196EED6295","retained-local-only"
".omo/evidence/manual-smoke-cellwise-rf-type-prior-reframe/run-fd-off-type_blind.stdout.log","5","F01A374E9C81E3DB89B3A42940C4D6A5447684986A1296E42BF13F196EED6295","retained-local-only"
".omo/evidence/manual-smoke-cellwise-rf-type-prior-reframe/run-fd-off-type_blind.transcript.txt","643","90EE50A311BABEEA32F2A8CBD14FCB76AA048FF661FB121AB27472ED6184584C","retained-local-only"
".omo/evidence/manual-smoke-cellwise-rf-type-prior-reframe/run-fd-off-type_blind/checkpoint_best_nll.pt","76760","7E102D95174B138BC1D14048254BC2764FAEC06DC0677141EF174DDD0B8324D6","retained-local-only"
".omo/evidence/manual-smoke-cellwise-rf-type-prior-reframe/run-fd-off-type_blind/checkpoint_last.pt","76760","AF778E3D7ADB2204B1EC3AB80B59BF0FD81B56F730072BD4E92345A03A8EB1D9","retained-local-only"
".omo/evidence/manual-smoke-cellwise-rf-type-prior-reframe/run-fd-off-type_blind/final_metrics.json","84531","216476E215A00E7BFB852B2C7B13D2B5425E50AAFEF3ECD45316125410208437","retained-local-only"
".omo/evidence/manual-smoke-cellwise-rf-type-prior-reframe/run-fd-off-type_blind/final_report_zh.md","531","FB9A1FD591195640A649049FF4D7738710B26209DC1356134FBDF27A5CCCE9D6","retained-local-only"
".omo/evidence/manual-smoke-cellwise-rf-type-prior-reframe/run-fd-off-type_blind/initialized_model_state.pt","45273","E14D6C63A229BB393A7A3BF0AB869EC2024B75954DCDD35005410B7C63AE2834","retained-local-only"
".omo/evidence/manual-smoke-cellwise-rf-type-prior-reframe/run-fd-off-type_blind/parameter_delta.json","18834","5A5016EE8A9603054479950273EC1970F35066C8F06222C1909304D78DB98085","retained-local-only"
".omo/evidence/manual-smoke-cellwise-rf-type-prior-reframe/run-fd-off-type_blind/rf_artifacts.pt","53084","E33DAB82067105AE1CAD49D25F7565B5947959A2BA9166F6F5B71ADDD135EB80","retained-local-only"
".omo/evidence/manual-smoke-cellwise-rf-type-prior-reframe/run-fd-off-type_blind/run_manifest.json","3053","339044B1FA33EAA3C2D80F4D359F9CA5BF3572988715994754F2B2FF737D30C5","retained-local-only"
".omo/evidence/manual-smoke-cellwise-rf-type-prior-reframe/run-fd-off-type_blind/run_status.json","88","BA5A8B2B638EBF9218B0CAE04ED40F1A426274198B4148EB9F3BA08ECE2ABABC","retained-local-only"
".omo/evidence/manual-smoke-cellwise-rf-type-prior-reframe/run-fd-off-type_blind/training.jsonl","313","EDE589C4BD33CAB42AA41D62603D56D9D35AD9658E6BB34B849F851B2ED0124B","retained-local-only"
".omo/evidence/manual-smoke-cellwise-rf-type-prior-reframe/run-type_aware/checkpoint_best_nll.pt","76760","664C04F54AA5CCC605B06A85766B0A082609C9D8FBC00699D7AE584D2F1B569D","retained-local-only"
".omo/evidence/manual-smoke-cellwise-rf-type-prior-reframe/run-type_aware/checkpoint_last.pt","76760","C4096E5667E590F2EF66387F402C0E1E5D6A571BEFBD591FD7D8E15F3A4B1B98","retained-local-only"
".omo/evidence/manual-smoke-cellwise-rf-type-prior-reframe/run-type_aware/training.jsonl","312","09A030C8805AD2D1EAA70D1623C3BFED1048ADC589F3CA7CAEB83CA19C051788","retained-local-only"
".omo/evidence/manual-smoke-cellwise-rf-type-prior-reframe/type-prior-comparator-qa.md","4475","90A8A8A3CDBAF179F47F722DF32BEBE2678417328B156432C50DF7FD4FB00C1B","retained-local-only"
".omo/evidence/manual-smoke-cellwise-rf-type-prior-reframe/type-prior-comparator.transcript.txt","506","760BAE3BD4C47D554F1860FB4C99866825CFED7EB91E596851E4425C57F1615A","retained-local-only"
".omo/evidence/manual-smoke-cellwise-rf-type-prior-reframe/type-prior-comparison.json","8234","E542397246BB6985DC1AD61BE6B6AE2C52BA31CE42E38D99EAB170640B03C4B4","retained-local-only"
".omo/evidence/matched-initialization-short-validation/configs/seed-19-balanced_shuffled_type.yaml","856","0CB3474AD9425BF831FF296A1CAD8B5C8E3A1C0B0EF56520E4E32E6DF9BEAF08","retained-local-only"
".omo/evidence/matched-initialization-short-validation/configs/seed-19-type_aware.yaml","872","F24A00E9EC19DC662E022C0AE9C0975EC0EE2520DA27E6160047107143ECD0FF","retained-local-only"
".omo/evidence/matched-initialization-short-validation/configs/seed-19-type_blind.yaml","844","602DDA7BB9348D92C1EEFFB2EB3A5832EB5DAB9A533939F782CE1F21A7DC6AB3","retained-local-only"
".omo/evidence/matched-initialization-short-validation/configs/seed-20-balanced_shuffled_type.yaml","856","BF92F5402E00851C8508930D94ECECCC7B904605DA376B56C9F95C7C9C475C29","retained-local-only"
".omo/evidence/matched-initialization-short-validation/configs/seed-20-type_aware.yaml","844","D0005A7AC1E52BF64199B00CF1B6A36D7E13BA8CCE2FB03656DA064BEBDBE704","retained-local-only"
".omo/evidence/matched-initialization-short-validation/configs/seed-20-type_blind.yaml","844","B18D926F4985B729D7F3070CD585DC5FA08E07538293E6AAAEBDBAF1D5F2611A","retained-local-only"
".omo/evidence/matched-initialization-short-validation/configs/seed-21-balanced_shuffled_type.yaml","856","D872757A2518E339ACD1A9F03EF88A4341AA148ADD2E3072280107ED51DA4A80","retained-local-only"
".omo/evidence/matched-initialization-short-validation/configs/seed-21-type_aware.yaml","844","7EC74EB171C0C6236791773185CE46AB8E9142F7C4C624DBC2966513AA76DCE7","retained-local-only"
".omo/evidence/matched-initialization-short-validation/configs/seed-21-type_blind.yaml","844","4C8487C8371C78280B630C666649F2A3756F0A5FEE510CFF04B64EF8409E5A10","retained-local-only"
".omo/evidence/matched-initialization-short-validation/matched-type-prior-comparison.json","86617","0BC578A6E687B63E8FE3986E91B7848506D3B7E9B2D2C5E5F9CAA91636B7DE64","retained-local-only"
".omo/evidence/matched-initialization-short-validation/runs/seed-19-balanced_shuffled_type/checkpoint_best_nll.pt","76760","BF7D1FC8AE213DA293AC515A8516079193F3FBB9D6C406694F969BE6AC597FB1","retained-local-only"
".omo/evidence/matched-initialization-short-validation/runs/seed-19-balanced_shuffled_type/checkpoint_last.pt","76760","65453FDDE28544BEE38B8D7F3C055D8E5881150E428C3EA774A8C5B135381A7C","retained-local-only"
".omo/evidence/matched-initialization-short-validation/runs/seed-19-balanced_shuffled_type/final_metrics.json","95278","D8D27D161ADEC43B66CDFC36848776FFE0E319D05AC51ECBAB29EC8447D95C33","retained-local-only"
".omo/evidence/matched-initialization-short-validation/runs/seed-19-balanced_shuffled_type/final_report_zh.md","514","7C5CAC80309EA487FF640AE0A0D8E78FDD35E8E59DDD19346DCB0BEF66F20CA6","retained-local-only"
".omo/evidence/matched-initialization-short-validation/runs/seed-19-balanced_shuffled_type/initialized_model_state.pt","45273","281E791562550862D72507E7FC59769670E32029D84F4619FB067D7BC0E77517","retained-local-only"
".omo/evidence/matched-initialization-short-validation/runs/seed-19-balanced_shuffled_type/parameter_delta.json","19073","3F214030957192286B10C635805ED941E03F7C74AFD3FB23997BA673ACE367C4","retained-local-only"
".omo/evidence/matched-initialization-short-validation/runs/seed-19-balanced_shuffled_type/rf_artifacts.pt","53084","BDF697DF716178E337F08EFAC255D67C28E8D94FFF2FEC6EB7F60D528B0E3230","retained-local-only"
".omo/evidence/matched-initialization-short-validation/runs/seed-19-balanced_shuffled_type/run_manifest.json","9144","6C61F9F2D4D9B869C7B49655225684D0F8FD506C2F5E3D49816E0C9B85430B33","retained-local-only"
".omo/evidence/matched-initialization-short-validation/runs/seed-19-balanced_shuffled_type/run_status.json","88","BA5A8B2B638EBF9218B0CAE04ED40F1A426274198B4148EB9F3BA08ECE2ABABC","retained-local-only"
".omo/evidence/matched-initialization-short-validation/runs/seed-19-balanced_shuffled_type/training.jsonl","3314","11F6A912E3B8AA7393C51C22CD278163548EC8D05741637E2D824DC4209836D5","retained-local-only"
".omo/evidence/matched-initialization-short-validation/runs/seed-19-type_aware/checkpoint_best_nll.pt","76760","F2F60B1C3DB183C89029DBC2D63ECF608FAABE61C55B1581626F832B26CEE0DE","retained-local-only"
".omo/evidence/matched-initialization-short-validation/runs/seed-19-type_aware/checkpoint_last.pt","76760","A1FFEC1818F002C156BA05B929024294B490C5CBEF04AFA751CE5A562BC8FA3F","retained-local-only"
".omo/evidence/matched-initialization-short-validation/runs/seed-19-type_aware/final_metrics.json","95201","C681651FA0BA85057449664130A355B0EE31848DE66671ABC78436F6EA21BC98","retained-local-only"
".omo/evidence/matched-initialization-short-validation/runs/seed-19-type_aware/final_report_zh.md","514","772F4AE695578BC33D2DAC95385F03D37A91593E89C689DD529CDA8F62EDF13F","retained-local-only"
".omo/evidence/matched-initialization-short-validation/runs/seed-19-type_aware/initialized_model_state.pt","45273","C374E42F9C91D23A847F71FE3A0C0A231D9472F278DADFBDDCFCBAF8E9A7BAC4","retained-local-only"
".omo/evidence/matched-initialization-short-validation/runs/seed-19-type_aware/parameter_delta.json","19081","8DEE24CB6ECF45AD7A0297624611B70EA08FCA3BE860F84577E4E1BD8DAD1719","retained-local-only"
".omo/evidence/matched-initialization-short-validation/runs/seed-19-type_aware/rf_artifacts.pt","53084","46026F58BDC0C337C8A911367ED594C3E031097CAB8F11044B514457E53E09F1","retained-local-only"
".omo/evidence/matched-initialization-short-validation/runs/seed-19-type_aware/run_manifest.json","9100","7B145FCE2A5491C3FF9F660463CAF09D72B1D05B8D147DF5DD734D9ED7E9C97E","retained-local-only"
".omo/evidence/matched-initialization-short-validation/runs/seed-19-type_aware/run_status.json","88","BA5A8B2B638EBF9218B0CAE04ED40F1A426274198B4148EB9F3BA08ECE2ABABC","retained-local-only"
".omo/evidence/matched-initialization-short-validation/runs/seed-19-type_aware/training.jsonl","3307","CCAC8DCFC2C328AC38BE17BC9E0C0DB5725B4ECD29A8550B229F753BF2913E2C","retained-local-only"
".omo/evidence/matched-initialization-short-validation/runs/seed-19-type_blind/checkpoint_best_nll.pt","76760","350AAF0AAF838751F3BAC421F78EAD3DC37EB75B3EE15D4F3146E7FF5DA88B2F","retained-local-only"
".omo/evidence/matched-initialization-short-validation/runs/seed-19-type_blind/checkpoint_last.pt","76760","BBD0BAA21E53D8E022321F051B16FC4BE91F88C5A4A1DF0758A48684BB092EF1","retained-local-only"
".omo/evidence/matched-initialization-short-validation/runs/seed-19-type_blind/final_metrics.json","94759","E3E4F31CEBE186AB4C8DAF72D49DEBF7F46D6C8272D6F8915CDC8E785D3BC480","retained-local-only"
".omo/evidence/matched-initialization-short-validation/runs/seed-19-type_blind/final_report_zh.md","514","772F4AE695578BC33D2DAC95385F03D37A91593E89C689DD529CDA8F62EDF13F","retained-local-only"
".omo/evidence/matched-initialization-short-validation/runs/seed-19-type_blind/initialized_model_state.pt","45273","E14D6C63A229BB393A7A3BF0AB869EC2024B75954DCDD35005410B7C63AE2834","retained-local-only"
".omo/evidence/matched-initialization-short-validation/runs/seed-19-type_blind/parameter_delta.json","18646","B8DD1357ADB2920805F7F980A1AA43B42DB8A331CBE4F70D6E5A86289A401862","retained-local-only"
".omo/evidence/matched-initialization-short-validation/runs/seed-19-type_blind/rf_artifacts.pt","53084","9617853C76C91A6F987C7756D9A6E3FB9D585F0B6A5A74FC8A38F4CB896E2D6A","retained-local-only"
".omo/evidence/matched-initialization-short-validation/runs/seed-19-type_blind/run_manifest.json","9074","6753669989E02CD8A18765DC8E2657CD6F3569CDC65B2C846BB7A2BC3E1C6921","retained-local-only"
".omo/evidence/matched-initialization-short-validation/runs/seed-19-type_blind/run_status.json","88","BA5A8B2B638EBF9218B0CAE04ED40F1A426274198B4148EB9F3BA08ECE2ABABC","retained-local-only"
".omo/evidence/matched-initialization-short-validation/runs/seed-19-type_blind/training.jsonl","3303","5CF283E4BB8CEF196632B0C2E6FFC222EA9527C0986768FF5DE4271A6B16A2A1","retained-local-only"
".omo/evidence/matched-initialization-short-validation/runs/seed-20-balanced_shuffled_type/checkpoint_best_nll.pt","76760","BB99881686EF269C3B2BD9EB78C17D393F8CC0AE5E41B9897B63D0C0DC615863","retained-local-only"
".omo/evidence/matched-initialization-short-validation/runs/seed-20-balanced_shuffled_type/checkpoint_last.pt","76760","DA090D7FE81C4C51111250EFA557F6182A06BA58F977B8C61CFC0F6B7B28CE11","retained-local-only"
".omo/evidence/matched-initialization-short-validation/runs/seed-20-balanced_shuffled_type/final_metrics.json","95257","09B05BC5FADEBB4156629E1C141960864AE4FCBB962C856EA19497E97785626C","retained-local-only"
".omo/evidence/matched-initialization-short-validation/runs/seed-20-balanced_shuffled_type/final_report_zh.md","514","46E587192AC2F05EDBB52AE2712AF0EADEFDD8A6F4367A8960212E1E6A2EC7F5","retained-local-only"
".omo/evidence/matched-initialization-short-validation/runs/seed-20-balanced_shuffled_type/initialized_model_state.pt","45273","7F0897FD1F606170E9720032B55082A401C49D9462F4600B11D04E9E8A1E23D7","retained-local-only"
".omo/evidence/matched-initialization-short-validation/runs/seed-20-balanced_shuffled_type/parameter_delta.json","19066","E6B989A55238B4D74820C856A256642426A15248C9E60A1733524BA45FDD84B9","retained-local-only"
".omo/evidence/matched-initialization-short-validation/runs/seed-20-balanced_shuffled_type/rf_artifacts.pt","53084","ECC23A6BE8F4B30564A32B3BE4094F0EF7A3EAA8EF0E98DD512FBFBBF483FC80","retained-local-only"
".omo/evidence/matched-initialization-short-validation/runs/seed-20-balanced_shuffled_type/run_manifest.json","9144","108CBB7382F39C5ABD26B30D0321C4BE9E750CA229649013930F20ACF19D1696","retained-local-only"
".omo/evidence/matched-initialization-short-validation/runs/seed-20-balanced_shuffled_type/run_status.json","88","BA5A8B2B638EBF9218B0CAE04ED40F1A426274198B4148EB9F3BA08ECE2ABABC","retained-local-only"
".omo/evidence/matched-initialization-short-validation/runs/seed-20-balanced_shuffled_type/training.jsonl","3303","2F13348DED4F2D1DCE59D58628FB7A7031C5E47038E243B1CFF93C96D122DDC2","retained-local-only"
".omo/evidence/matched-initialization-short-validation/runs/seed-20-type_aware/checkpoint_best_nll.pt","76760","B830CAE2F6701CBA63469867FA2C3EAAE16B694A3545C3124F5E391235FDE80F","retained-local-only"
".omo/evidence/matched-initialization-short-validation/runs/seed-20-type_aware/checkpoint_last.pt","76760","ECD4B7499A5E113A3D261CDB499A5F76DDB6746692CE6A158E5E28F0311EB6D5","retained-local-only"
".omo/evidence/matched-initialization-short-validation/runs/seed-20-type_aware/final_metrics.json","95271","2278EE57E89B51A740C5354508538800D2E1F237BA80D33F64CFB606A5E65FAC","retained-local-only"
".omo/evidence/matched-initialization-short-validation/runs/seed-20-type_aware/final_report_zh.md","514","BB77CD8E26E287F4531609064F9E4BD7CCF7CB49BDF73D1731233F8E45AE7577","retained-local-only"
".omo/evidence/matched-initialization-short-validation/runs/seed-20-type_aware/initialized_model_state.pt","45273","C374E42F9C91D23A847F71FE3A0C0A231D9472F278DADFBDDCFCBAF8E9A7BAC4","retained-local-only"
".omo/evidence/matched-initialization-short-validation/runs/seed-20-type_aware/parameter_delta.json","19081","AAC5EAD092E661C7B127FC4D76E6375A650407C1E7488771F7F1BB6741AD43D4","retained-local-only"
".omo/evidence/matched-initialization-short-validation/runs/seed-20-type_aware/rf_artifacts.pt","53084","DF9281C812F654A4DDD8E847E8F78DB8377ECAEED0E3F54ADE503854D54E8813","retained-local-only"
".omo/evidence/matched-initialization-short-validation/runs/seed-20-type_aware/run_manifest.json","9100","F310EB1D68E0EE6871E68260DC6D9F1410AF15EBC34461254978BF2D947EB412","retained-local-only"
".omo/evidence/matched-initialization-short-validation/runs/seed-20-type_aware/run_status.json","88","BA5A8B2B638EBF9218B0CAE04ED40F1A426274198B4148EB9F3BA08ECE2ABABC","retained-local-only"
".omo/evidence/matched-initialization-short-validation/runs/seed-20-type_aware/training.jsonl","3311","4F9B479523C0A853F90E432F49B2BE565922D77D1FEAB902BD351D3D4ADC3543","retained-local-only"
".omo/evidence/matched-initialization-short-validation/runs/seed-20-type_blind/checkpoint_best_nll.pt","76760","383FED1F7A601BD1ED56DE85C3A9D0FFFD2C2C50A4B169A740E7E848DFC0B98E","retained-local-only"
".omo/evidence/matched-initialization-short-validation/runs/seed-20-type_blind/checkpoint_last.pt","76760","AB1FBDD99A9DE2F3EE97D8C4DBD71674D46E608C08D9DE67D8092337D28D1071","retained-local-only"
".omo/evidence/matched-initialization-short-validation/runs/seed-20-type_blind/final_metrics.json","94764","749BE90D7F21588E0A4DC3E9E69F8766A2F22B8B72D465BC56A5B15D53F94941","retained-local-only"
".omo/evidence/matched-initialization-short-validation/runs/seed-20-type_blind/final_report_zh.md","514","7965F52E8C118C13B49CAE572FD29D691D93F62B2A16F9375CA9B6E17F457CEF","retained-local-only"
".omo/evidence/matched-initialization-short-validation/runs/seed-20-type_blind/initialized_model_state.pt","45273","E14D6C63A229BB393A7A3BF0AB869EC2024B75954DCDD35005410B7C63AE2834","retained-local-only"
".omo/evidence/matched-initialization-short-validation/runs/seed-20-type_blind/parameter_delta.json","18638","EE3690CEBCA66090AEBF00C29962BB618BB80653D5065A064F7B3B637735390F","retained-local-only"
".omo/evidence/matched-initialization-short-validation/runs/seed-20-type_blind/rf_artifacts.pt","53084","6C7771D10418A838EDABF32978BA9C0E7355BE2A7B71D18B60CE6DF6BFA1E660","retained-local-only"
".omo/evidence/matched-initialization-short-validation/runs/seed-20-type_blind/run_manifest.json","9074","CD615B2A7FAC07E950DEBCFB5A7E004DF498A529E7D56B86EB6E61BBE76CAF10","retained-local-only"
".omo/evidence/matched-initialization-short-validation/runs/seed-20-type_blind/run_status.json","88","BA5A8B2B638EBF9218B0CAE04ED40F1A426274198B4148EB9F3BA08ECE2ABABC","retained-local-only"
".omo/evidence/matched-initialization-short-validation/runs/seed-20-type_blind/training.jsonl","3299","546C240D9B0DADDEE0C183A27928FFD1A1C0D3601353B425C01CF4C30AC5B5C5","retained-local-only"
".omo/evidence/matched-initialization-short-validation/runs/seed-21-balanced_shuffled_type/checkpoint_best_nll.pt","76760","A4E44D211D70378001B98D4C93EB73B474CBA2EA060248D539882EC3CF158A7C","retained-local-only"
".omo/evidence/matched-initialization-short-validation/runs/seed-21-balanced_shuffled_type/checkpoint_last.pt","76760","A6F8A27749D0364859822E52502F948BB864C6CBF15AF1C8937C2ABB7F9A11DD","retained-local-only"
".omo/evidence/matched-initialization-short-validation/runs/seed-21-balanced_shuffled_type/final_metrics.json","95255","57C2D720B662E323793DA43CFF38816D048CB254A5CED156F8481D59C33553F6","retained-local-only"
".omo/evidence/matched-initialization-short-validation/runs/seed-21-balanced_shuffled_type/final_report_zh.md","514","63519DA2F3C60AE19ADD969FCA1AD5A12E6253AFCAFC89E69A474AA35363BDCA","retained-local-only"
".omo/evidence/matched-initialization-short-validation/runs/seed-21-balanced_shuffled_type/initialized_model_state.pt","45273","F27548FD39457464EA0E0048AF3A9BB754D0C278409E914E437952D58F5A69B7","retained-local-only"
".omo/evidence/matched-initialization-short-validation/runs/seed-21-balanced_shuffled_type/parameter_delta.json","19067","564FA0B27656E2ECE313807A5461EA2D97E4EDDDA240C05E176D6B608C047E1E","retained-local-only"
".omo/evidence/matched-initialization-short-validation/runs/seed-21-balanced_shuffled_type/rf_artifacts.pt","53084","E34292446A4BBF57B35FD44CF8BAD1DC102B67C6D6CB7D14EE2287AA63F01087","retained-local-only"
".omo/evidence/matched-initialization-short-validation/runs/seed-21-balanced_shuffled_type/run_manifest.json","9144","5BB0B96BB66181973670CFBF6EE91C365BB727A19800F441DC222BF0DDB15254","retained-local-only"
".omo/evidence/matched-initialization-short-validation/runs/seed-21-balanced_shuffled_type/run_status.json","88","BA5A8B2B638EBF9218B0CAE04ED40F1A426274198B4148EB9F3BA08ECE2ABABC","retained-local-only"
".omo/evidence/matched-initialization-short-validation/runs/seed-21-balanced_shuffled_type/training.jsonl","3304","D995450876D07980258B97428AFB7CCADF5F5AAF18B5BD438F9004AB0D68AF1E","retained-local-only"
".omo/evidence/matched-initialization-short-validation/runs/seed-21-type_aware/checkpoint_best_nll.pt","76760","836EBFD46BE5D08249B6BC986E0CC5E0D6C4C9DCD0E2999DA35DBC25A5EFE91E","retained-local-only"
".omo/evidence/matched-initialization-short-validation/runs/seed-21-type_aware/checkpoint_last.pt","76760","1E5988CFC15DB1D5024D925A85BD45595F7FBC2494270B8E814AB2BAD4A31E1C","retained-local-only"
".omo/evidence/matched-initialization-short-validation/runs/seed-21-type_aware/final_metrics.json","95260","069F37514190ED046961423DCA2AE7E016BE7D810F750EBEE28656DE1033A1A9","retained-local-only"
".omo/evidence/matched-initialization-short-validation/runs/seed-21-type_aware/final_report_zh.md","514","E630401F568438B4240B40E4FE75CEB82C0B588230CD4DA9A62DCC39BC3A6716","retained-local-only"
".omo/evidence/matched-initialization-short-validation/runs/seed-21-type_aware/initialized_model_state.pt","45273","C374E42F9C91D23A847F71FE3A0C0A231D9472F278DADFBDDCFCBAF8E9A7BAC4","retained-local-only"
".omo/evidence/matched-initialization-short-validation/runs/seed-21-type_aware/parameter_delta.json","19094","8187B3DB5F8EF475DD8F3EC3EFC99A4C03F01A8F9C167DD9F3497D5E1F9C79E0","retained-local-only"
".omo/evidence/matched-initialization-short-validation/runs/seed-21-type_aware/rf_artifacts.pt","53084","D1288BE08017F693921D4258FF11C6F41419B5E083B3C5EF5ED301714070F305","retained-local-only"
".omo/evidence/matched-initialization-short-validation/runs/seed-21-type_aware/run_manifest.json","9100","D4C1CAA351B542DFC6E85CC4A1A3042EDE336E5FCAF4066F81A150AE2F39A9B2","retained-local-only"
".omo/evidence/matched-initialization-short-validation/runs/seed-21-type_aware/run_status.json","88","BA5A8B2B638EBF9218B0CAE04ED40F1A426274198B4148EB9F3BA08ECE2ABABC","retained-local-only"
".omo/evidence/matched-initialization-short-validation/runs/seed-21-type_aware/training.jsonl","3298","6FC53F3FFC3DAF564DC6F87EB189B1BE624B1C48196FB3D420A53D0185E50AF4","retained-local-only"
".omo/evidence/matched-initialization-short-validation/runs/seed-21-type_blind/checkpoint_best_nll.pt","76760","F46840EA44CAB70B5D288097F2F2923A5C1AEA00B1A1F69075FC5ECB11C787B2","retained-local-only"
".omo/evidence/matched-initialization-short-validation/runs/seed-21-type_blind/checkpoint_last.pt","76760","DDFF52A45BE153DBA613944F20AE441EE029DEEBEEBC1707A8576E51C4FCD905","retained-local-only"
".omo/evidence/matched-initialization-short-validation/runs/seed-21-type_blind/final_metrics.json","94981","71B0A03AF5F67AA349F8DE1030FA8741681492EFEBC9EC77F8393B37C30397C3","retained-local-only"
".omo/evidence/matched-initialization-short-validation/runs/seed-21-type_blind/final_report_zh.md","514","A78322C39929E038537363517E2DDF36CE366C87D1A968A44B1A328F8F2F37C9","retained-local-only"
".omo/evidence/matched-initialization-short-validation/runs/seed-21-type_blind/initialized_model_state.pt","45273","E14D6C63A229BB393A7A3BF0AB869EC2024B75954DCDD35005410B7C63AE2834","retained-local-only"
".omo/evidence/matched-initialization-short-validation/runs/seed-21-type_blind/parameter_delta.json","18652","73FEF7528358358E88AD0ADFF2F71B03C65CFA5C6A9172AEC0A6D6B7818FCEFA","retained-local-only"
".omo/evidence/matched-initialization-short-validation/runs/seed-21-type_blind/rf_artifacts.pt","53084","D5E6BAEDD2B2D3AEA4D053C58C353601C19F44BD6FFBE9212A5FE29BCF72DFE9","retained-local-only"
".omo/evidence/matched-initialization-short-validation/runs/seed-21-type_blind/run_manifest.json","9074","A66C3B6D2568444730018E026597C1A4DDF49652EBACBC8E97BFEF1B75AC08C3","retained-local-only"
".omo/evidence/matched-initialization-short-validation/runs/seed-21-type_blind/run_status.json","88","BA5A8B2B638EBF9218B0CAE04ED40F1A426274198B4148EB9F3BA08ECE2ABABC","retained-local-only"
".omo/evidence/matched-initialization-short-validation/runs/seed-21-type_blind/training.jsonl","3306","D69DA49D0234528B29E5B96EC6FBF8E5D9BB8A0F36F8A6AC469BAFE57C101E6F","retained-local-only"
".omo/evidence/matched-initialization-short-validation/seed-19-balanced_shuffled_type.stderr.log","0","E3B0C44298FC1C149AFBF4C8996FB92427AE41E4649B934CA495991B7852B855","retained-local-only"
".omo/evidence/matched-initialization-short-validation/seed-19-balanced_shuffled_type.stdout.log","0","E3B0C44298FC1C149AFBF4C8996FB92427AE41E4649B934CA495991B7852B855","retained-local-only"
".omo/evidence/matched-initialization-short-validation/seed-19-type_aware.stderr.log","0","E3B0C44298FC1C149AFBF4C8996FB92427AE41E4649B934CA495991B7852B855","retained-local-only"
".omo/evidence/matched-initialization-short-validation/seed-19-type_aware.stdout.log","0","E3B0C44298FC1C149AFBF4C8996FB92427AE41E4649B934CA495991B7852B855","retained-local-only"
".omo/evidence/matched-initialization-short-validation/seed-19-type_blind.stderr.log","0","E3B0C44298FC1C149AFBF4C8996FB92427AE41E4649B934CA495991B7852B855","retained-local-only"
".omo/evidence/matched-initialization-short-validation/seed-19-type_blind.stdout.log","0","E3B0C44298FC1C149AFBF4C8996FB92427AE41E4649B934CA495991B7852B855","retained-local-only"
".omo/evidence/matched-initialization-short-validation/seed-20-balanced_shuffled_type.stderr.log","0","E3B0C44298FC1C149AFBF4C8996FB92427AE41E4649B934CA495991B7852B855","retained-local-only"
".omo/evidence/matched-initialization-short-validation/seed-20-balanced_shuffled_type.stdout.log","0","E3B0C44298FC1C149AFBF4C8996FB92427AE41E4649B934CA495991B7852B855","retained-local-only"
".omo/evidence/matched-initialization-short-validation/seed-20-type_aware.stderr.log","0","E3B0C44298FC1C149AFBF4C8996FB92427AE41E4649B934CA495991B7852B855","retained-local-only"
".omo/evidence/matched-initialization-short-validation/seed-20-type_aware.stdout.log","0","E3B0C44298FC1C149AFBF4C8996FB92427AE41E4649B934CA495991B7852B855","retained-local-only"
".omo/evidence/matched-initialization-short-validation/seed-20-type_blind.stderr.log","0","E3B0C44298FC1C149AFBF4C8996FB92427AE41E4649B934CA495991B7852B855","retained-local-only"
".omo/evidence/matched-initialization-short-validation/seed-20-type_blind.stdout.log","0","E3B0C44298FC1C149AFBF4C8996FB92427AE41E4649B934CA495991B7852B855","retained-local-only"
".omo/evidence/matched-initialization-short-validation/seed-21-balanced_shuffled_type.stderr.log","0","E3B0C44298FC1C149AFBF4C8996FB92427AE41E4649B934CA495991B7852B855","retained-local-only"
".omo/evidence/matched-initialization-short-validation/seed-21-balanced_shuffled_type.stdout.log","0","E3B0C44298FC1C149AFBF4C8996FB92427AE41E4649B934CA495991B7852B855","retained-local-only"
".omo/evidence/matched-initialization-short-validation/seed-21-type_aware.stderr.log","0","E3B0C44298FC1C149AFBF4C8996FB92427AE41E4649B934CA495991B7852B855","retained-local-only"
".omo/evidence/matched-initialization-short-validation/seed-21-type_aware.stdout.log","0","E3B0C44298FC1C149AFBF4C8996FB92427AE41E4649B934CA495991B7852B855","retained-local-only"
".omo/evidence/matched-initialization-short-validation/seed-21-type_blind.stderr.log","0","E3B0C44298FC1C149AFBF4C8996FB92427AE41E4649B934CA495991B7852B855","retained-local-only"
".omo/evidence/matched-initialization-short-validation/seed-21-type_blind.stdout.log","0","E3B0C44298FC1C149AFBF4C8996FB92427AE41E4649B934CA495991B7852B855","retained-local-only"
".omo/evidence/matched-initialization-short-validation/smoke/config.yaml","912","ADEF03EE4B24C9833721C51FCAF175989A3236F49353608B6E26071469A8AEFB","retained-local-only"
".omo/evidence/matched-initialization-short-validation/smoke/run/checkpoint_best_nll.pt","76824","3FC6C60C9612F8A22A1223AB6B09E4F976C5559F15B7842764761F42AA1E0117","retained-local-only"
".omo/evidence/matched-initialization-short-validation/smoke/run/checkpoint_last.pt","76824","42B046EB5807EF4FCD4177A1ACBB279181C14EDB2FE84DE91AD58C6BEA710A02","retained-local-only"
".omo/evidence/matched-initialization-short-validation/smoke/run/final_metrics.json","84958","F2A51BBA3A5C9493473AE0341C26DD9E12EB9E5FC0CB65CE209D306EB81AEC48","retained-local-only"
".omo/evidence/matched-initialization-short-validation/smoke/run/final_report_zh.md","531","D5327B31F588F008EFA7A156EFCC7AEF4AF96FD086E89F026BA66E180E57ADAA","retained-local-only"
".omo/evidence/matched-initialization-short-validation/smoke/run/initialized_model_state.pt","45273","281E791562550862D72507E7FC59769670E32029D84F4619FB067D7BC0E77517","retained-local-only"
".omo/evidence/matched-initialization-short-validation/smoke/run/parameter_delta.json","19345","B263026623DC6704D6234277EF2B462E6A3817F24332CD0440AB3BC89DCCA05D","retained-local-only"
".omo/evidence/matched-initialization-short-validation/smoke/run/rf_artifacts.pt","53084","8FCA730BB6015ECD5B5FDA5AF2110803D1B93D59F4EB97A4B58C518B1E08EF47","retained-local-only"
".omo/evidence/matched-initialization-short-validation/smoke/run/run_manifest.json","8300","8DE1DED7A8186FD0F78A00E865636B165F50D299A1EF6E8F467DE16616771376","retained-local-only"
".omo/evidence/matched-initialization-short-validation/smoke/run/run_status.json","88","BA5A8B2B638EBF9218B0CAE04ED40F1A426274198B4148EB9F3BA08ECE2ABABC","retained-local-only"
".omo/evidence/matched-initialization-short-validation/smoke/run/training.jsonl","147","48004688D54EE5AEEA2578CDEEE91F75C90B725DD85428ED727A9483AECC9EAF","retained-local-only"
".omo/evidence/mechanism-heldout-final/checkpoint-manifest.json","8659","3A63B945FF89C189E401A6494B0599C972E2F5C7C73BB44F735AA0F139AAF513","retained-local-only"
".omo/evidence/mechanism-heldout-final/commands.json","428","D7D7A46540866D983812092A9FA19F48F3EDCDEFE17569F0BE3F2BDB6C48DFDC","retained-local-only"
".omo/evidence/mechanism-heldout-final/decision-report-zh.md","1729","9BC5B6CC59560B68F5B0B052814C279DCF190BD28483A73AC225529945B803D9","retained-local-only"
".omo/evidence/mechanism-heldout-final/false-positive-results.json","2795","F59AD6100FD930ED40632E62481D5BD9EBBA3C534D205EEDC1EB51B90CF2F432","retained-local-only"
".omo/evidence/mechanism-heldout-final/heldout-ac-results.json","8575","A6693ADA9DE6ACB567DE2FC08D5C73EE6B6CD8BC1B983B55D2B2E12C34519B84","retained-local-only"
".omo/evidence/mechanism-heldout-final/heldout-h1-results.json","8586","879C35993762584A08DF9E6F1512B94243D6B4A22337ED1F5134C866C89864CF","retained-local-only"
".omo/evidence/mechanism-heldout-final/identity-manifest.json","3763","9B00C5AD27E8EA6BB356BD239D7126637E3243A47443635729B9C142577BB68E","retained-local-only"
".omo/evidence/mechanism-heldout-final/per-seed-metrics.csv","1948","D67CE1A62D0F51A05942785F21B3F363838817AC3BD50200B8E491701D490EA2","retained-local-only"
".omo/evidence/mechanism-heldout-final/replay-results.json","14759","2C3AE3ED6CC512DFA0E43B3B2F59422B6E581A231FF07E5647A54637A78CF778","retained-local-only"
".omo/evidence/mechanism-heldout-final/runtime-monitor.jsonl","627","431045B5843AA8C0BEC944BF301295D0CD03E8E6CA4BFF06641C79CD34DBAA3F","retained-local-only"
".omo/evidence/mechanism-identifiable-retina/commands.json","266","0D163EF094D6A49AB84B7850A0790376F994BCEC01D8484A0A344B2E91009070","retained-local-only"
".omo/evidence/mechanism-identifiable-retina/decision-report-zh.md","789","F355E4C944C3F3214E5B10F35219DB2A45E6A953FAC25260D254BE9E870D6774","retained-local-only"
".omo/evidence/mechanism-identifiable-retina/diagnosis-results.json","34934","CA660D9C55336B2223019F1621F065C95809FAC9E6F0313511D4F03F21965208","retained-local-only"
".omo/evidence/mechanism-identifiable-retina/experiment-config.yaml","778","ECE7996498C9A97C69871D75E5DE3D154B5C4A98AD8A853BEDF0801224CE16C4","retained-local-only"
".omo/evidence/mechanism-identifiable-retina/identity-manifest.json","2277","A3979CD3AA56815A7F070C1C7D8D48E0CF860B49E2530D54E5D46CCA9A2BD88B","retained-local-only"
".omo/evidence/mechanism-identifiable-retina/noise-free-results.json","397582","D872BE0243B5CF97111DD3A2F73E2CF0EEF7A1E471D24B95C403AEB66FEEF2FA","retained-local-only"
".omo/evidence/mechanism-identifiable-retina/per-cell-metrics.csv","53403","79B3758A0A37DC75E6891E9D08994CE4BB1144EE24BBD0DA38D9623DC54B1B10","retained-local-only"
".omo/evidence/mechanism-identifiable-retina/per-pathway-metrics.csv","9391","50CCA1422C392B3239D3526BDB6619444337D90EBE130D7B9082274C2FAC2CF2","retained-local-only"
".omo/evidence/mechanism-identifiable-retina/run.log","38382","AB1BB66407EC46DFE1DF2A3F64C07A466364568004E9A454B52D989C7C966E56","retained-local-only"
".omo/evidence/mechanism-identifiable-retina/runtime-monitor.jsonl","1278","95D9DB3DFAD97C31B383712BA6F80CDEE262897D38BE1156A682150956A359CB","retained-local-only"
".omo/evidence/mechanism-identifiable-retina/sampled-confirmation-results.json","74","7DB5D9889A70D1A661FD5D09D8A462B7FCEEC9BE61A6BED01406FD3F7D58BBAA","retained-local-only"
".omo/evidence/mechanism-identifiable-retina/teacher-preflight-results.json","981","C103E7534F4B32F81417710C7823CBD086E3754B99FF7331DB14FFC41A755EDA","retained-local-only"
".omo/evidence/mechanistic-retina-direct-tests/commands.json","330","F9F4FE83703DAF91AC1B69A451E52853D3D4B42D13AD4BC442F26ED5FD91F604","retained-local-only"
".omo/evidence/mechanistic-retina-direct-tests/experiment-config.yaml","810","88BFE0C36C90E23E0DACCB84C7EFCA40BAE8CD6F64C26A9EC12408DE8BD93BB4","retained-local-only"
".omo/evidence/mechanistic-retina-direct-tests/h1-mechanism-results.json","14950","8652BD416FAEC2845213B35A710F1E387FA68F26A77BCC1222FC46454E46EE0C","retained-local-only"
".omo/evidence/mechanistic-retina-direct-tests/identity-manifest.json","5830","2EA42AC7015A3FA82352FC50001760858B935BC4CD87208421A6A8E451C759E0","retained-local-only"
".omo/evidence/mechanistic-retina-direct-tests/per-bank-metrics.csv","10003","ABBF98F6C0EAB33063404B8077DC18492DC62F287D5A041A094D2E0DECAE6769","retained-local-only"
".omo/evidence/mechanistic-retina-direct-tests/per-cell-metrics.csv","83064","61D2CBE22893918E2BDFFA4630E37BE92F2621DA5AAD1EE09453740A05B1EB10","retained-local-only"
".omo/evidence/mechanistic-retina-direct-tests/run.log","5696","88108364661BAA270B7422AA732D00AFFFCB7F3810A18710AD48B2576A28A64C","retained-local-only"
".omo/evidence/mechanistic-retina-direct-tests/runtime-monitor.jsonl","937","A94FD3D0A329622FA6AA9411EE050E517AE80D744613E1CD9BFCC7AF71AE3C70","retained-local-only"
".omo/evidence/mechanistic-retina-direct-tests/sampled-spike-results.json","1010617","26916580A4F367B02EA4664A7D8AA8F71A19EF767CC6BA2A01B3D858E378EF94","retained-local-only"
".omo/evidence/model-comparison-t2/commands.json","472","3D0C9DB9EA75A276267B98BA3EFBE93671B86B81C1F00F4361659645EE613867","retained-local-only"
".omo/evidence/model-comparison-t2/experiment-config.yaml","547","B08FF22A95DBF76F1C846EBED75FF1384219CAA8707E39AEE3D9A09D3308AE94","retained-local-only"
".omo/evidence/model-comparison-t2/failure.json","773","76073CEE12A0FF17323222C9E8D2ACE25023AB4B9F1CF4D3F991790067D29C3A","retained-local-only"
".omo/evidence/model-comparison-t2/identity-manifest.json","6029","B922B1576956B624D1456C6ABD4477C4075ABD2F215D12527F0826EEB5FFD2A1","retained-local-only"
".omo/evidence/model-comparison-t2/runtime-monitor.jsonl","319","7ACEF45456014F6D913F34AF7B0C047782D81EED37CDEB806430F965A8F9B639","retained-local-only"
".omo/evidence/multi-seed-short-validation/benchmark/test.h5","865214","C09F13AF1056D795A426C264DE383939E0BF29B038ACC21EB08385F0D860FE6C","retained-local-only"
".omo/evidence/multi-seed-short-validation/benchmark/train.h5","1735622","30A9C6AE80C419DF7778AE143DC02CBA3598512CC54F58799927F90D6C6E52ED","retained-local-only"
".omo/evidence/multi-seed-short-validation/benchmark/validation.h5","1518022","D240877D153F48F8E226B6FB14DF6FA9C3A1489DA77AB55BA75C7BE7F639D7D0","retained-local-only"
".omo/evidence/multi-seed-short-validation/configs/seed-19-cell_only.yaml","812","851BF43EDFFDFBECA70F0970FFAAAEBA5CF21E3CA94243295EE69077BAD1AFEC","retained-local-only"
".omo/evidence/multi-seed-short-validation/configs/seed-19-shuffled_type.yaml","816","B0A176D63C786AC70ECD87951080DD12A7FD263A3481C900CB83B784A2ECEF91","retained-local-only"
".omo/evidence/multi-seed-short-validation/configs/seed-19-type_aware.yaml","813","4084E0B1C4B2A21823EBCA0EA71124C5CB133A9645068A8D4D9713187AD69BD9","retained-local-only"
".omo/evidence/multi-seed-short-validation/configs/seed-19-type_blind.yaml","813","AA1F97A92C48B78672AE275D802DFFDC5A8FF0738454FC66624932102C68C932","retained-local-only"
".omo/evidence/multi-seed-short-validation/configs/seed-20-cell_only.yaml","812","9CEED78A6D28DF4608A5E84BFE1D25209E7AA75D15ADEF8AD8B40BAF8A04441B","retained-local-only"
".omo/evidence/multi-seed-short-validation/configs/seed-20-shuffled_type.yaml","816","C3C88FF271365E772C5BE21DA02D00A39A5BBFFCF01CB2EBFF71EA1310D2A431","retained-local-only"
".omo/evidence/multi-seed-short-validation/configs/seed-20-type_aware.yaml","813","1FC9AF0D4EE89A40A43853C740E82F8576E5F61DE64177114CAD20003877BE2B","retained-local-only"
".omo/evidence/multi-seed-short-validation/configs/seed-20-type_blind.yaml","813","23D107923364B7D10C6A930277048C16DFE07CCD281D85195E9002A1C0A81155","retained-local-only"
".omo/evidence/multi-seed-short-validation/configs/seed-21-cell_only.yaml","812","A37705B468C54F3D15E449A824CDD083F29A30AED1FD2A757CEDFD07ABC3B12B","retained-local-only"
".omo/evidence/multi-seed-short-validation/configs/seed-21-shuffled_type.yaml","816","A9B3C7DD7E55E5E45224890A0E77EE8C3B0FD48426681B7D10CF2FEC161CD74A","retained-local-only"
".omo/evidence/multi-seed-short-validation/configs/seed-21-type_aware.yaml","813","0CEAFBACCB286DE8E65E4306BE710592BD374D09E5731AF5CE40BEB6580222D9","retained-local-only"
".omo/evidence/multi-seed-short-validation/configs/seed-21-type_blind.yaml","813","65B83FADDDF57F9009CFD071E2071D3D954C84641B2A082EB7B9D521C9431ED2","retained-local-only"
".omo/evidence/multi-seed-short-validation/estimand-alignment.json","46368","21CF5F2ED1C971600A78E0D833262923F17F2068D4A7978A5AD5583551A5FACF","retained-local-only"
".omo/evidence/multi-seed-short-validation/inputs/train/100075_seed301.h5","247590","4E612E95088A25982F370004811A02D3C12C63142EB9223279AE274D55ADD169","retained-local-only"
".omo/evidence/multi-seed-short-validation/inputs/train/100080_seed302.h5","247590","056C52FF8DFBD38D8BE1072988D91D20BD74A3C4EEB1269F09462CD4A8956CD2","retained-local-only"
".omo/evidence/multi-seed-short-validation/inputs/train/100098_seed303.h5","247590","E2766B3F6C75E13B3B4D398893314B3E22D293908EA45C48A0E63ADB6FF1A316","retained-local-only"
".omo/evidence/multi-seed-short-validation/inputs/train/103041_seed304.h5","247590","314F732C05627023F48380B9BDDC26401452930DA1DF52C7549149179082E64F","retained-local-only"
".omo/evidence/multi-seed-short-validation/inputs/train/104022_seed305.h5","247590","81BAF95B587071301BFB27A9DCDF1FD9ECFE32DF222FFA51B4E4FCBDE940A39D","retained-local-only"
".omo/evidence/multi-seed-short-validation/inputs/train/105019_seed306.h5","247590","AC86FB0CB3B7A3A0FEBC5F13E2A9C9F5E5DDE373DC5F657DD38348BE8B5F25B9","retained-local-only"
".omo/evidence/multi-seed-short-validation/inputs/train/105053_seed307.h5","247590","3DDB748ED5F02E253BC113393381663824C023B6652040FD05E8C684E21CE574","retained-local-only"
".omo/evidence/multi-seed-short-validation/inputs/train/106020_seed308.h5","247590","32514DC6AC16E6E9067EF1E202CAC5AFFB4694387FAC6C770719714643F0D917","retained-local-only"
".omo/evidence/multi-seed-short-validation/inputs/train/106025_seed309.h5","247590","3A337EB9C6C12E0D4250B3BAB14FE2F32BF07A1860CC0DADB2591E3A9DC13703","retained-local-only"
".omo/evidence/multi-seed-short-validation/inputs/train/108041_seed310.h5","247590","2182C61AE9925FE12B0B0D75DA5A8B1321DD3C2EBEE6873CE39DC562ACF904B0","retained-local-only"
".omo/evidence/multi-seed-short-validation/inputs/validation/101085_seed401.h5","247582","F3708DD01CDF6427FECE83D06DEB0822D3682644D529F4B3BF3679E8D3E69288","retained-local-only"
".omo/evidence/multi-seed-short-validation/inputs/validation/101087_seed402.h5","247582","23E92219FB3B1F22A6AB36E626A4249A5D1EF5C035B6E9E8CD2F68D6D6972DF0","retained-local-only"
".omo/evidence/multi-seed-short-validation/inputs/validation/102061_seed403.h5","247582","DDFC9D27E6685C3FE6C1F8E956248B8C14082109F07A0288049F5A88F637BFE4","retained-local-only"
".omo/evidence/multi-seed-short-validation/inputs/validation/103070_seed404.h5","247582","7405184BF3918FD3CAC0FD3946B054AA18EB13ED2F1E5C29B256EB038B16F1BD","retained-local-only"
".omo/evidence/multi-seed-short-validation/inputs/validation/108073_seed311.h5","247590","99A22E70F109C7B24F2F4EA41E218C533A4BE4DADF78BFEFB2C8A2E07CE291EC","retained-local-only"
".omo/evidence/multi-seed-short-validation/inputs/validation/109034_seed312.h5","247590","1384E7AA78EC2E31C46D850EB23425C2389C910DD69A2C6CC501B402F2CF9596","retained-local-only"
".omo/evidence/multi-seed-short-validation/runs/seed-19-cell_only/checkpoint_best_nll.pt","68256","2B0495DE2F8D3701633F45326A75AF1905BBBC752BF1760B548E5639934E3393","retained-local-only"
".omo/evidence/multi-seed-short-validation/runs/seed-19-cell_only/checkpoint_last.pt","68256","D9AFD19789FDA8D867DDF66F5CE359E46E8F97E1A1D99DF85069CBC33882A785","retained-local-only"
".omo/evidence/multi-seed-short-validation/runs/seed-19-cell_only/final_metrics.json","91506","E6FBC94762B9CDF93672AB3B1B880A73856A5A9436BCA7AB0E4B82ED48A06E89","retained-local-only"
".omo/evidence/multi-seed-short-validation/runs/seed-19-cell_only/final_report_zh.md","514","B3690FA4187F78C94C5E5744722A90DDC73EBB21928A0E9D833B96C3E2FD428A","retained-local-only"
".omo/evidence/multi-seed-short-validation/runs/seed-19-cell_only/initialized_model_state.pt","44132","D10F108937012BAE2A3EB6FBF935FEB39580B22178D0B54D19C65869A7F2C9D0","retained-local-only"
".omo/evidence/multi-seed-short-validation/runs/seed-19-cell_only/parameter_delta.json","15737","830B5FBF4E9236E6CE276B8323C4430DCED5E6956ECC6793D40D572ED4793D63","retained-local-only"
".omo/evidence/multi-seed-short-validation/runs/seed-19-cell_only/rf_artifacts.pt","53084","16A447D0E01900AA3855E7A79340ADC6BFCD208C32C8B10AD9BC4D6C20B9F0DB","retained-local-only"
".omo/evidence/multi-seed-short-validation/runs/seed-19-cell_only/run_manifest.json","4694","EAC07B035F4C282BE3BC083EF133D2C178EE3EF50B05D8AC032C591CA5BCF109","retained-local-only"
".omo/evidence/multi-seed-short-validation/runs/seed-19-cell_only/run_status.json","88","BA5A8B2B638EBF9218B0CAE04ED40F1A426274198B4148EB9F3BA08ECE2ABABC","retained-local-only"
".omo/evidence/multi-seed-short-validation/runs/seed-19-cell_only/training.jsonl","3309","34C16D8B87203A0DE5A16C5F240C29DEB3B37E6D9B26D853AFE0110A6AE432C9","retained-local-only"
".omo/evidence/multi-seed-short-validation/runs/seed-19-shuffled_type/checkpoint_best_nll.pt","76760","C87446D05F4D575600F564B3D29B87975D2AAE8F040FB80F7AC5D7CC1E43A7AA","retained-local-only"
".omo/evidence/multi-seed-short-validation/runs/seed-19-shuffled_type/checkpoint_last.pt","76760","D175E8A061F1F663B6B68DD409C60BA4EFB13C94384481B2170A058BADB36840","retained-local-only"
".omo/evidence/multi-seed-short-validation/runs/seed-19-shuffled_type/final_metrics.json","95177","641C5477747ABC478AEA8948E18EF8CBF7B2F9B4E900BFCCF0FEB82D86A6C629","retained-local-only"
".omo/evidence/multi-seed-short-validation/runs/seed-19-shuffled_type/final_report_zh.md","514","96CC9AE4BB826EB05246CFF60AEE7B1383C8124F57ACC4F717DB26EEF029E4CA","retained-local-only"
".omo/evidence/multi-seed-short-validation/runs/seed-19-shuffled_type/initialized_model_state.pt","45273","77053BF44B56AD3E27140EFE82A4F49141536D435281015A99DB8FC5F3CA17E1","retained-local-only"
".omo/evidence/multi-seed-short-validation/runs/seed-19-shuffled_type/parameter_delta.json","19070","08B290784FEF62C219BAE555C082AA875210C932F37AFF494294A8D41DC886D8","retained-local-only"
".omo/evidence/multi-seed-short-validation/runs/seed-19-shuffled_type/rf_artifacts.pt","53084","BA3BE3530420F86D30732DF32E5F07384EA0E41E3D49119D5D9AF5E2393B92DE","retained-local-only"
".omo/evidence/multi-seed-short-validation/runs/seed-19-shuffled_type/run_manifest.json","3929","28C1480B1FB11B8AC7F78355365D22A3F47D23D1AD7EB37A07609B0253B086F7","retained-local-only"
".omo/evidence/multi-seed-short-validation/runs/seed-19-shuffled_type/run_status.json","88","BA5A8B2B638EBF9218B0CAE04ED40F1A426274198B4148EB9F3BA08ECE2ABABC","retained-local-only"
".omo/evidence/multi-seed-short-validation/runs/seed-19-shuffled_type/training.jsonl","3310","C46C51E1B2EB7538E4A6B10E9E7B025349F46EC80A3846ACFE665E657877C69E","retained-local-only"
".omo/evidence/multi-seed-short-validation/runs/seed-19-type_aware/checkpoint_best_nll.pt","76760","F9C8CC495C6B356407529E4CBC1CACA7B8C6F184930D2FA4731229160948758B","retained-local-only"
".omo/evidence/multi-seed-short-validation/runs/seed-19-type_aware/checkpoint_last.pt","76760","61E6708919349C2FBE9135E941325BBE3ADC87CE481DDBBA84D901343C6CE9EB","retained-local-only"
".omo/evidence/multi-seed-short-validation/runs/seed-19-type_aware/final_metrics.json","95213","E2893C1E8A669B002E80372894C2EAFD744C677EF10276D8DFDE1C2AB0739C96","retained-local-only"
".omo/evidence/multi-seed-short-validation/runs/seed-19-type_aware/final_report_zh.md","514","BAD062F46D2E6AFFB902901A19FDE3E881AE666DB94C35A1D8FAFAD7DCCA4796","retained-local-only"
".omo/evidence/multi-seed-short-validation/runs/seed-19-type_aware/initialized_model_state.pt","45273","A698F7C7C0D665B04A21D55DD1359B8CAC83B9C580B33CBEF1A897D32C4FC1A3","retained-local-only"
".omo/evidence/multi-seed-short-validation/runs/seed-19-type_aware/parameter_delta.json","19071","A66115C753A924C308CD1870DA943A592A6F30A0B02C549D5DB6433750CAD54F","retained-local-only"
".omo/evidence/multi-seed-short-validation/runs/seed-19-type_aware/rf_artifacts.pt","53084","27CD93B89B27B03389C4EAFA0720E8E0ABF01F8158F9E011BBBE862FFB9C05A0","retained-local-only"
".omo/evidence/multi-seed-short-validation/runs/seed-19-type_aware/run_manifest.json","3923","59AD2A8D5AA8D41CD883E027D08F382C21CB720CEDC24A829D5C808AE18E66A6","retained-local-only"
".omo/evidence/multi-seed-short-validation/runs/seed-19-type_aware/run_status.json","88","BA5A8B2B638EBF9218B0CAE04ED40F1A426274198B4148EB9F3BA08ECE2ABABC","retained-local-only"
".omo/evidence/multi-seed-short-validation/runs/seed-19-type_aware/training.jsonl","3300","C63600DAD56CF41AC2A2664E66E8EF82EA11D50A56DE495FD20A3ECB41319A14","retained-local-only"
".omo/evidence/multi-seed-short-validation/runs/seed-19-type_blind/checkpoint_best_nll.pt","76760","F87B743EC3B9B22502F6F31E60FBF47D6A2DCDB504E1687FF13483C4DB9ABD78","retained-local-only"
".omo/evidence/multi-seed-short-validation/runs/seed-19-type_blind/checkpoint_last.pt","76760","9A33792A0CB0D71AB903E18EBA9C447D1A18AA3525AF51E3E53910CA8ED2D72B","retained-local-only"
".omo/evidence/multi-seed-short-validation/runs/seed-19-type_blind/final_metrics.json","94747","9982771968630F089E6780CEB9B9A182CB826760337B0F072E6F314B0749F449","retained-local-only"
".omo/evidence/multi-seed-short-validation/runs/seed-19-type_blind/final_report_zh.md","514","772F4AE695578BC33D2DAC95385F03D37A91593E89C689DD529CDA8F62EDF13F","retained-local-only"
".omo/evidence/multi-seed-short-validation/runs/seed-19-type_blind/initialized_model_state.pt","45273","E14D6C63A229BB393A7A3BF0AB869EC2024B75954DCDD35005410B7C63AE2834","retained-local-only"
".omo/evidence/multi-seed-short-validation/runs/seed-19-type_blind/parameter_delta.json","18646","B8DD1357ADB2920805F7F980A1AA43B42DB8A331CBE4F70D6E5A86289A401862","retained-local-only"
".omo/evidence/multi-seed-short-validation/runs/seed-19-type_blind/rf_artifacts.pt","53084","9617853C76C91A6F987C7756D9A6E3FB9D585F0B6A5A74FC8A38F4CB896E2D6A","retained-local-only"
".omo/evidence/multi-seed-short-validation/runs/seed-19-type_blind/run_manifest.json","3897","E3F7EB114A394A9F2459FCE5AF91E3195AB7EAF363A63776F3003C5CE40D8251","retained-local-only"
".omo/evidence/multi-seed-short-validation/runs/seed-19-type_blind/run_status.json","88","BA5A8B2B638EBF9218B0CAE04ED40F1A426274198B4148EB9F3BA08ECE2ABABC","retained-local-only"
".omo/evidence/multi-seed-short-validation/runs/seed-19-type_blind/training.jsonl","3303","5CF283E4BB8CEF196632B0C2E6FFC222EA9527C0986768FF5DE4271A6B16A2A1","retained-local-only"
".omo/evidence/multi-seed-short-validation/runs/seed-20-cell_only/checkpoint_best_nll.pt","68256","77E1214CBE816CA808EB2BB6CE1DBA0C7A01CBADDFB3570D1B871C5271A75D02","retained-local-only"
".omo/evidence/multi-seed-short-validation/runs/seed-20-cell_only/checkpoint_last.pt","68256","8DD112A8C3E3AB4CD03015584F8F3DDA9D84E05CFC844619BAA23653C43EC62F","retained-local-only"
".omo/evidence/multi-seed-short-validation/runs/seed-20-cell_only/final_metrics.json","91511","2B346D7E4A2B1888805568F953734D55FC8F14CBE26BCE08175283BC71D2F551","retained-local-only"
".omo/evidence/multi-seed-short-validation/runs/seed-20-cell_only/final_report_zh.md","514","B7F93E80D9A55108741EBB1561A7B59C6858B4E093F3E4309E9C73D459C02E32","retained-local-only"
".omo/evidence/multi-seed-short-validation/runs/seed-20-cell_only/initialized_model_state.pt","44132","D10F108937012BAE2A3EB6FBF935FEB39580B22178D0B54D19C65869A7F2C9D0","retained-local-only"
".omo/evidence/multi-seed-short-validation/runs/seed-20-cell_only/parameter_delta.json","15752","76778E2445C2A6C1D568ED23234614A4E33A882FF6F177088EAB448642653075","retained-local-only"
".omo/evidence/multi-seed-short-validation/runs/seed-20-cell_only/rf_artifacts.pt","53084","22F9E52C45646C257DDA8F0B6B9D21AB4C76AA0F83A667598BEAF514E0CC9852","retained-local-only"
".omo/evidence/multi-seed-short-validation/runs/seed-20-cell_only/run_manifest.json","4694","A99E82946BBAC368CB86A0C9FE279066C20201D090383E5C0FBB06D544418CD7","retained-local-only"
".omo/evidence/multi-seed-short-validation/runs/seed-20-cell_only/run_status.json","88","BA5A8B2B638EBF9218B0CAE04ED40F1A426274198B4148EB9F3BA08ECE2ABABC","retained-local-only"
".omo/evidence/multi-seed-short-validation/runs/seed-20-cell_only/training.jsonl","3302","165E916B1D326077907C465A7325499E790E8F05D03781F9F601AFC30B85514A","retained-local-only"
".omo/evidence/multi-seed-short-validation/runs/seed-20-shuffled_type/checkpoint_best_nll.pt","76760","10B1E1AAD08A1A0ED57F5CE00A1A61659E1E15211357F976F2F3A5E8CAF016E8","retained-local-only"
".omo/evidence/multi-seed-short-validation/runs/seed-20-shuffled_type/checkpoint_last.pt","76760","62158C07F3C67E3E479FDD9AC501322410D329FAA2530FF042EC68FF5604D1A2","retained-local-only"
".omo/evidence/multi-seed-short-validation/runs/seed-20-shuffled_type/final_metrics.json","95177","74216C50C309A407CD0E667EE5CC8408BC2432A58E432AC5E3D40AB21CDEA41E","retained-local-only"
".omo/evidence/multi-seed-short-validation/runs/seed-20-shuffled_type/final_report_zh.md","511","EF26F5535FB7791D6A7BB090E201587351609B034849CD301ACDA2201497EB39","retained-local-only"
".omo/evidence/multi-seed-short-validation/runs/seed-20-shuffled_type/initialized_model_state.pt","45273","083B8528FD8B01EEFFDEA840A2E627A45BEDFD801E4D8B6AEDF46F58899038AE","retained-local-only"
".omo/evidence/multi-seed-short-validation/runs/seed-20-shuffled_type/parameter_delta.json","19072","036E5A2A6A6FC06256E9EFB4D1D4D531DDAE71EDF932B3172E700339F650FCDF","retained-local-only"
".omo/evidence/multi-seed-short-validation/runs/seed-20-shuffled_type/rf_artifacts.pt","53084","D4549324EB6DD5F0C2ECD907E00468181E6B1D625B22A8EA43EBB30BCFEFCFD8","retained-local-only"
".omo/evidence/multi-seed-short-validation/runs/seed-20-shuffled_type/run_manifest.json","3929","96C8A06BAB7ADEE19537AD059B706CF737EB12C618C2BD8B73E5C940453B5965","retained-local-only"
".omo/evidence/multi-seed-short-validation/runs/seed-20-shuffled_type/run_status.json","88","BA5A8B2B638EBF9218B0CAE04ED40F1A426274198B4148EB9F3BA08ECE2ABABC","retained-local-only"
".omo/evidence/multi-seed-short-validation/runs/seed-20-shuffled_type/training.jsonl","3305","C8F0D638EB8B2849F3E9D450D7689605717ED7E98271F858907B544A281864D0","retained-local-only"
".omo/evidence/multi-seed-short-validation/runs/seed-20-type_aware/checkpoint_best_nll.pt","76760","B782DB8886C1EACFA057153853C46A7CE6E367A1AEC302946518315FB8AF5DBF","retained-local-only"
".omo/evidence/multi-seed-short-validation/runs/seed-20-type_aware/checkpoint_last.pt","76760","4905AFEF16FE2DEDDA29D0B36B99F75986B434A36499F4A1667A14FCB04D8EB3","retained-local-only"
".omo/evidence/multi-seed-short-validation/runs/seed-20-type_aware/final_metrics.json","95182","55E8982DE5A74E0A0EAC13F7B13C4577CA6DA4151A2D7535BF75E793229D6EFB","retained-local-only"
".omo/evidence/multi-seed-short-validation/runs/seed-20-type_aware/final_report_zh.md","514","5AF22935188D68A0B3891FF152FAE80EBE11C95AB4194193E14E3F38E8BA10DD","retained-local-only"
".omo/evidence/multi-seed-short-validation/runs/seed-20-type_aware/initialized_model_state.pt","45273","A698F7C7C0D665B04A21D55DD1359B8CAC83B9C580B33CBEF1A897D32C4FC1A3","retained-local-only"
".omo/evidence/multi-seed-short-validation/runs/seed-20-type_aware/parameter_delta.json","19061","8033D68DB4748B23B114C428365883D68F90E995D795FA3A52B08F9436F84D92","retained-local-only"
".omo/evidence/multi-seed-short-validation/runs/seed-20-type_aware/rf_artifacts.pt","53084","5ADA023DC56BE7B76400BB1CD18DAE5AD4A7D507DA36BE2FDC086B0607911A71","retained-local-only"
".omo/evidence/multi-seed-short-validation/runs/seed-20-type_aware/run_manifest.json","3923","842F07E41058DE3A840667D70F5D6627B6480F38687805B2BCDCC509A4FC983C","retained-local-only"
".omo/evidence/multi-seed-short-validation/runs/seed-20-type_aware/run_status.json","88","BA5A8B2B638EBF9218B0CAE04ED40F1A426274198B4148EB9F3BA08ECE2ABABC","retained-local-only"
".omo/evidence/multi-seed-short-validation/runs/seed-20-type_aware/training.jsonl","3302","91C44A51AD3EB566449A2872A7BCBD922613B79F2AF45C1238E5E100BA15119D","retained-local-only"
".omo/evidence/multi-seed-short-validation/runs/seed-20-type_blind/checkpoint_best_nll.pt","76760","599FE434334B05CE075ED97364C70E2F368231DDBB298523F013767FB0904E3E","retained-local-only"
".omo/evidence/multi-seed-short-validation/runs/seed-20-type_blind/checkpoint_last.pt","76760","CEA963E2AAF13017AAD7157B6BD6340D146FEF887AF94FAA572D1785B6CD6AFD","retained-local-only"
".omo/evidence/multi-seed-short-validation/runs/seed-20-type_blind/final_metrics.json","94752","3D29D36FC58FA53DB575160B0ABD1DB80C088A62F657EEB793B494855C7AC5A7","retained-local-only"
".omo/evidence/multi-seed-short-validation/runs/seed-20-type_blind/final_report_zh.md","514","7965F52E8C118C13B49CAE572FD29D691D93F62B2A16F9375CA9B6E17F457CEF","retained-local-only"
".omo/evidence/multi-seed-short-validation/runs/seed-20-type_blind/initialized_model_state.pt","45273","E14D6C63A229BB393A7A3BF0AB869EC2024B75954DCDD35005410B7C63AE2834","retained-local-only"
".omo/evidence/multi-seed-short-validation/runs/seed-20-type_blind/parameter_delta.json","18638","EE3690CEBCA66090AEBF00C29962BB618BB80653D5065A064F7B3B637735390F","retained-local-only"
".omo/evidence/multi-seed-short-validation/runs/seed-20-type_blind/rf_artifacts.pt","53084","6C7771D10418A838EDABF32978BA9C0E7355BE2A7B71D18B60CE6DF6BFA1E660","retained-local-only"
".omo/evidence/multi-seed-short-validation/runs/seed-20-type_blind/run_manifest.json","3897","A5228BCC7187AA90E16937F49F53AA521A3E09A33EFCEDB0A8DCB34C2B58E33C","retained-local-only"
".omo/evidence/multi-seed-short-validation/runs/seed-20-type_blind/run_status.json","88","BA5A8B2B638EBF9218B0CAE04ED40F1A426274198B4148EB9F3BA08ECE2ABABC","retained-local-only"
".omo/evidence/multi-seed-short-validation/runs/seed-20-type_blind/training.jsonl","3299","546C240D9B0DADDEE0C183A27928FFD1A1C0D3601353B425C01CF4C30AC5B5C5","retained-local-only"
".omo/evidence/multi-seed-short-validation/runs/seed-21-cell_only/checkpoint_best_nll.pt","68256","CD1971F10033C3AD6A85864C2EE4523D2AFD73F1ADD96BD02F8D4F1A541AA63C","retained-local-only"
".omo/evidence/multi-seed-short-validation/runs/seed-21-cell_only/checkpoint_last.pt","68256","33438A001148C2A1CA6C22DEC076A57884E2F05062928A41D98AD93754869DC2","retained-local-only"
".omo/evidence/multi-seed-short-validation/runs/seed-21-cell_only/final_metrics.json","91757","8249A0ADAA004C277DC8144828571A323B257D7BEB988DA22701F2A02B1B342D","retained-local-only"
".omo/evidence/multi-seed-short-validation/runs/seed-21-cell_only/final_report_zh.md","514","3E060E914015E3D695259248BCC2D2E76B68C0ACA5D8FBE35CA72ECA9ED84749","retained-local-only"
".omo/evidence/multi-seed-short-validation/runs/seed-21-cell_only/initialized_model_state.pt","44132","D10F108937012BAE2A3EB6FBF935FEB39580B22178D0B54D19C65869A7F2C9D0","retained-local-only"
".omo/evidence/multi-seed-short-validation/runs/seed-21-cell_only/parameter_delta.json","15726","6BC77AD668D4F04E61817A8AABFE52699368C2F28DDF77FE20D8A7434F0AA93D","retained-local-only"
".omo/evidence/multi-seed-short-validation/runs/seed-21-cell_only/rf_artifacts.pt","53084","595B2F2AF711572468AB0C7D943742181AD510D6DC6D2EBD2744535E0D7F9FF5","retained-local-only"
".omo/evidence/multi-seed-short-validation/runs/seed-21-cell_only/run_manifest.json","4694","8B965D94F30622CCFFC827A679703609314F7E3A972EE1011338DFC4980EA7B4","retained-local-only"
".omo/evidence/multi-seed-short-validation/runs/seed-21-cell_only/run_status.json","88","BA5A8B2B638EBF9218B0CAE04ED40F1A426274198B4148EB9F3BA08ECE2ABABC","retained-local-only"
".omo/evidence/multi-seed-short-validation/runs/seed-21-cell_only/training.jsonl","3308","178C8898D1A01527F7E875596E13222C6D926D1B42259F72BA949A89F6A21617","retained-local-only"
".omo/evidence/multi-seed-short-validation/runs/seed-21-shuffled_type/checkpoint_best_nll.pt","76760","2D2A2650F7110C70F38C012EB2147A45BAEECD0FEA3F893282706F0DFF5277EE","retained-local-only"
".omo/evidence/multi-seed-short-validation/runs/seed-21-shuffled_type/checkpoint_last.pt","76760","0A050F3B02290B9957162327BBF974CDB14EFF7312139E3D2EE9775E9D8B2DB2","retained-local-only"
".omo/evidence/multi-seed-short-validation/runs/seed-21-shuffled_type/final_metrics.json","94975","E37ED3569FEDCEB66E752BFD3AFB682DA7647DFD4AE936A6718F11832B369B39","retained-local-only"
".omo/evidence/multi-seed-short-validation/runs/seed-21-shuffled_type/final_report_zh.md","511","848CFFA9F72681CFB80564EDDE01197AF37F4CDE17FD106C5DF57E553CB17F02","retained-local-only"
".omo/evidence/multi-seed-short-validation/runs/seed-21-shuffled_type/initialized_model_state.pt","45273","B7CAFE84686596CBFC7B8A8238055E3AAFE2E94650412EC5DA3074C7B0488B84","retained-local-only"
".omo/evidence/multi-seed-short-validation/runs/seed-21-shuffled_type/parameter_delta.json","19073","6AE736E9C1ADCD65F047D44E9B5B26DDF4047A888E4C7D6CE668BC3D32233F95","retained-local-only"
".omo/evidence/multi-seed-short-validation/runs/seed-21-shuffled_type/rf_artifacts.pt","53084","D56A8BEF2E0DBC3BCDAD0554F8473BBD664CE26CFC90CEBBA6EFDF418CDBF204","retained-local-only"
".omo/evidence/multi-seed-short-validation/runs/seed-21-shuffled_type/run_manifest.json","3929","586A67618E24349DE215814BCD3DD359386412FD0FC40303563C9805A552A366","retained-local-only"
".omo/evidence/multi-seed-short-validation/runs/seed-21-shuffled_type/run_status.json","88","BA5A8B2B638EBF9218B0CAE04ED40F1A426274198B4148EB9F3BA08ECE2ABABC","retained-local-only"
".omo/evidence/multi-seed-short-validation/runs/seed-21-shuffled_type/training.jsonl","3295","07263C90B0360FBC8741F3C479CD32733B98E3C853024AE5CBD9B2CE1F7CFAB9","retained-local-only"
".omo/evidence/multi-seed-short-validation/runs/seed-21-type_aware/checkpoint_best_nll.pt","76760","F3BCBC4980FED33A5ED5959F437FBFFE3570BC3D99C7EE65AC1115EF1F82F6C1","retained-local-only"
".omo/evidence/multi-seed-short-validation/runs/seed-21-type_aware/checkpoint_last.pt","76760","C8365AC7D3546E443C7EEE9F63C6AC751827B7388D61B7D5344EC7F94E2A51DE","retained-local-only"
".omo/evidence/multi-seed-short-validation/runs/seed-21-type_aware/final_metrics.json","95145","784D8E296DE86D267A869BDFA38682C546C2EF1F67C6F0CB69D2D3E00C91763D","retained-local-only"
".omo/evidence/multi-seed-short-validation/runs/seed-21-type_aware/final_report_zh.md","514","2D5283088EF00738C0A383841528CC04319D9092748D59B3AEF7391C0EC428E5","retained-local-only"
".omo/evidence/multi-seed-short-validation/runs/seed-21-type_aware/initialized_model_state.pt","45273","A698F7C7C0D665B04A21D55DD1359B8CAC83B9C580B33CBEF1A897D32C4FC1A3","retained-local-only"
".omo/evidence/multi-seed-short-validation/runs/seed-21-type_aware/parameter_delta.json","19063","84F5325162AD8A469E393209852ADE19E0B05E315EC16198743C0E31D63F1937","retained-local-only"
".omo/evidence/multi-seed-short-validation/runs/seed-21-type_aware/rf_artifacts.pt","53084","476FD208F198A3522AA43F19BDAC8B3362A7E871976A0C6A519A561E480C9355","retained-local-only"
".omo/evidence/multi-seed-short-validation/runs/seed-21-type_aware/run_manifest.json","3923","2A09F0507B07B9E02CC9F3CCC8017B4904F9A2D00CFAA8B70E3B7BCB8C8C9528","retained-local-only"
".omo/evidence/multi-seed-short-validation/runs/seed-21-type_aware/run_status.json","88","BA5A8B2B638EBF9218B0CAE04ED40F1A426274198B4148EB9F3BA08ECE2ABABC","retained-local-only"
".omo/evidence/multi-seed-short-validation/runs/seed-21-type_aware/training.jsonl","3304","733D1B4DA7F94C35718E4497F246BF300F1F320D2CFF91CC7F75E73CD74DC2B8","retained-local-only"
".omo/evidence/multi-seed-short-validation/runs/seed-21-type_blind/checkpoint_best_nll.pt","76760","79C690B7A79ADAD0E2D0F8A18A279F6F437C77954F2FA9180263B189C2474616","retained-local-only"
".omo/evidence/multi-seed-short-validation/runs/seed-21-type_blind/checkpoint_last.pt","76760","066600B47FF2195A614A59575C33398F77A807D4CAB06BC78685FAA5A2233D2F","retained-local-only"
".omo/evidence/multi-seed-short-validation/runs/seed-21-type_blind/final_metrics.json","94969","E7CDC540BBC9C95D157EA8D0867780135C1E7593DD9117F3F69D8661BACD7EE6","retained-local-only"
".omo/evidence/multi-seed-short-validation/runs/seed-21-type_blind/final_report_zh.md","514","A78322C39929E038537363517E2DDF36CE366C87D1A968A44B1A328F8F2F37C9","retained-local-only"
".omo/evidence/multi-seed-short-validation/runs/seed-21-type_blind/initialized_model_state.pt","45273","E14D6C63A229BB393A7A3BF0AB869EC2024B75954DCDD35005410B7C63AE2834","retained-local-only"
".omo/evidence/multi-seed-short-validation/runs/seed-21-type_blind/parameter_delta.json","18652","73FEF7528358358E88AD0ADFF2F71B03C65CFA5C6A9172AEC0A6D6B7818FCEFA","retained-local-only"
".omo/evidence/multi-seed-short-validation/runs/seed-21-type_blind/rf_artifacts.pt","53084","D5E6BAEDD2B2D3AEA4D053C58C353601C19F44BD6FFBE9212A5FE29BCF72DFE9","retained-local-only"
".omo/evidence/multi-seed-short-validation/runs/seed-21-type_blind/run_manifest.json","3897","446668342BD412E83163A4931B56EA209C0758768355054D4703CAE19B030016","retained-local-only"
".omo/evidence/multi-seed-short-validation/runs/seed-21-type_blind/run_status.json","88","BA5A8B2B638EBF9218B0CAE04ED40F1A426274198B4148EB9F3BA08ECE2ABABC","retained-local-only"
".omo/evidence/multi-seed-short-validation/runs/seed-21-type_blind/training.jsonl","3306","D69DA49D0234528B29E5B96EC6FBF8E5D9BB8A0F36F8A6AC469BAFE57C101E6F","retained-local-only"
".omo/evidence/multi-seed-short-validation/seed-19-cell_only.stderr.log","0","E3B0C44298FC1C149AFBF4C8996FB92427AE41E4649B934CA495991B7852B855","retained-local-only"
".omo/evidence/multi-seed-short-validation/seed-19-cell_only.stdout.log","0","E3B0C44298FC1C149AFBF4C8996FB92427AE41E4649B934CA495991B7852B855","retained-local-only"
".omo/evidence/multi-seed-short-validation/seed-19-shuffled_type.stderr.log","0","E3B0C44298FC1C149AFBF4C8996FB92427AE41E4649B934CA495991B7852B855","retained-local-only"
".omo/evidence/multi-seed-short-validation/seed-19-shuffled_type.stdout.log","0","E3B0C44298FC1C149AFBF4C8996FB92427AE41E4649B934CA495991B7852B855","retained-local-only"
".omo/evidence/multi-seed-short-validation/seed-19-type_aware.stderr.log","0","E3B0C44298FC1C149AFBF4C8996FB92427AE41E4649B934CA495991B7852B855","retained-local-only"
".omo/evidence/multi-seed-short-validation/seed-19-type_aware.stdout.log","0","E3B0C44298FC1C149AFBF4C8996FB92427AE41E4649B934CA495991B7852B855","retained-local-only"
".omo/evidence/multi-seed-short-validation/seed-19-type_blind.stderr.log","0","E3B0C44298FC1C149AFBF4C8996FB92427AE41E4649B934CA495991B7852B855","retained-local-only"
".omo/evidence/multi-seed-short-validation/seed-19-type_blind.stdout.log","0","E3B0C44298FC1C149AFBF4C8996FB92427AE41E4649B934CA495991B7852B855","retained-local-only"
".omo/evidence/multi-seed-short-validation/seed-20-cell_only.stderr.log","0","E3B0C44298FC1C149AFBF4C8996FB92427AE41E4649B934CA495991B7852B855","retained-local-only"
".omo/evidence/multi-seed-short-validation/seed-20-cell_only.stdout.log","0","E3B0C44298FC1C149AFBF4C8996FB92427AE41E4649B934CA495991B7852B855","retained-local-only"
".omo/evidence/multi-seed-short-validation/seed-20-shuffled_type.stderr.log","0","E3B0C44298FC1C149AFBF4C8996FB92427AE41E4649B934CA495991B7852B855","retained-local-only"
".omo/evidence/multi-seed-short-validation/seed-20-shuffled_type.stdout.log","0","E3B0C44298FC1C149AFBF4C8996FB92427AE41E4649B934CA495991B7852B855","retained-local-only"
".omo/evidence/multi-seed-short-validation/seed-20-type_aware.stderr.log","0","E3B0C44298FC1C149AFBF4C8996FB92427AE41E4649B934CA495991B7852B855","retained-local-only"
".omo/evidence/multi-seed-short-validation/seed-20-type_aware.stdout.log","0","E3B0C44298FC1C149AFBF4C8996FB92427AE41E4649B934CA495991B7852B855","retained-local-only"
".omo/evidence/multi-seed-short-validation/seed-20-type_blind.stderr.log","0","E3B0C44298FC1C149AFBF4C8996FB92427AE41E4649B934CA495991B7852B855","retained-local-only"
".omo/evidence/multi-seed-short-validation/seed-20-type_blind.stdout.log","0","E3B0C44298FC1C149AFBF4C8996FB92427AE41E4649B934CA495991B7852B855","retained-local-only"
".omo/evidence/multi-seed-short-validation/seed-21-cell_only.stderr.log","0","E3B0C44298FC1C149AFBF4C8996FB92427AE41E4649B934CA495991B7852B855","retained-local-only"
".omo/evidence/multi-seed-short-validation/seed-21-cell_only.stdout.log","0","E3B0C44298FC1C149AFBF4C8996FB92427AE41E4649B934CA495991B7852B855","retained-local-only"
".omo/evidence/multi-seed-short-validation/seed-21-shuffled_type.stderr.log","0","E3B0C44298FC1C149AFBF4C8996FB92427AE41E4649B934CA495991B7852B855","retained-local-only"
".omo/evidence/multi-seed-short-validation/seed-21-shuffled_type.stdout.log","0","E3B0C44298FC1C149AFBF4C8996FB92427AE41E4649B934CA495991B7852B855","retained-local-only"
".omo/evidence/multi-seed-short-validation/seed-21-type_aware.stderr.log","0","E3B0C44298FC1C149AFBF4C8996FB92427AE41E4649B934CA495991B7852B855","retained-local-only"
".omo/evidence/multi-seed-short-validation/seed-21-type_aware.stdout.log","0","E3B0C44298FC1C149AFBF4C8996FB92427AE41E4649B934CA495991B7852B855","retained-local-only"
".omo/evidence/multi-seed-short-validation/seed-21-type_blind.stderr.log","0","E3B0C44298FC1C149AFBF4C8996FB92427AE41E4649B934CA495991B7852B855","retained-local-only"
".omo/evidence/multi-seed-short-validation/seed-21-type_blind.stdout.log","0","E3B0C44298FC1C149AFBF4C8996FB92427AE41E4649B934CA495991B7852B855","retained-local-only"
".omo/evidence/multi-seed-short-validation/type-prior-comparison.json","55481","47A7B81E13789C12A9C906E8BCD64E1E8CBB80018F3DA9E15009BC1E891F346C","retained-local-only"
".omo/evidence/readout-parameterization-diagnosis/debug-journal.md","4074","0D8D155B589D226F0FFE9BEA51D568779D2D3C94313BBCC7872D01561C787309","retained-local-only"
".omo/evidence/readout-parameterization-diagnosis/diagnosis_core.py","4524","9E2164DDD5736B75707B7B11796DDF6BB29AA367B93A2FA7E22273809471D354","retained-local-only"
".omo/evidence/readout-parameterization-diagnosis/diagnosis-report-zh.md","4163","27B81DAFE9F0D36FB132030367CFAFB5CB92E855A99D75DD549CEAA049F8B2FB","retained-local-only"
".omo/evidence/readout-parameterization-diagnosis/diagnosis-results.json","24522","E015F1ADAE88FB7F2E2C833E841E69670298E5EADD3D76CE298EC715B20BAC25","retained-local-only"
".omo/evidence/readout-parameterization-diagnosis/linear_oracle.py","5421","16B1CAD7D20B0CCCC9A30FD0BB55E811F654E165A4980FD010B1FFC7876F10C0","retained-local-only"
".omo/evidence/readout-parameterization-diagnosis/run_diagnosis.py","9466","C77F7CD8713B7A3ACC7E18EE7B801C1BA22F3B5339F4014813887C356BFD3EAC","retained-local-only"
".omo/evidence/readout-parameterization-diagnosis/test_diagnosis.py","3686","C14EE307A5E9AFBAB5454594D0571D5CDE610ACC128F00491284FFC3542910E5","retained-local-only"
".omo/evidence/representation-rf-audit/audit_core.py","13223","648D0F79C2968A228F21E2D2EB0B103E66FF3A55E52ECE92BB54102E37CCE5DF","retained-local-only"
".omo/evidence/representation-rf-audit/compile.log","78","668824109E6E729AC630EB6F3B19A065AE85EE15EB52062B0DD8C8E8AABDE89D","retained-local-only"
".omo/evidence/representation-rf-audit/loc.log","342","D7A5C8A6F233AEAEC9032D25C0B8689E0A53EDA124EC35C64154358C764F03D8","retained-local-only"
".omo/evidence/representation-rf-audit/manual-qa-corrected-final-review.md","4657","BD5D840B54B2C5C3DE7114B09257601EE6A85EBE8E7BF3AFA46D3411D4824A97","retained-local-only"
".omo/evidence/representation-rf-audit/no-excuse.log","84","4F0047EA97CA1497D73152AA91AFF2912ED3A45FEB5369626F4F8C20CAFFF199","retained-local-only"
".omo/evidence/representation-rf-audit/pytest-red.log","7996","692FD21A00D59C9ADFA76AE2FA49B412B30FD1B747974598BEE4026D43A867DA","retained-local-only"
".omo/evidence/representation-rf-audit/pytest.log","230","E9507B4EF62B3CB797F56D1E20500940A16E5F4DF5B11877AB3F913EAF60213A","retained-local-only"
".omo/evidence/representation-rf-audit/representation-audit-report-zh.md","1571","39FC85BDDCE977A69FBC971217021EFDBEA9EF17017F39EDEB132D449FCCA48E","retained-local-only"
".omo/evidence/representation-rf-audit/representation-audit-results.json","5979","3916F95CE97CF947A24BE447EA7AF4E0DFB58328D2DC6F58257C3ACBD35AE28D","retained-local-only"
".omo/evidence/representation-rf-audit/run_audit.py","15201","167E37F453B0FE6CBD0B4C2E6F4B19123FC9E380631F83D179019BB3B9D2650F","retained-local-only"
".omo/evidence/representation-rf-audit/run-audit.log","161","521194C0A5798734CF9A979EE2AF221042C41BFC1F08C3C0DAF60161265A6F19","retained-local-only"
".omo/evidence/representation-rf-audit/test_audit.py","14512","2B6924003FC60DD65C6BF5CE0B722126385D366E341165CF48D48F779DF143C4","retained-local-only"
".omo/evidence/representation-rf-audit/test-audit-red.log","1810","47A17321B0B20051A63020D1B44FBBAF89860CAD615BF1AF85E179664904592F","retained-local-only"
".omo/evidence/representation-rf-audit/test-audit.log","230","C3126891F74026B68AC7FCC8C1EBB08110F718773438AC3BDEF364FB525CAA15","retained-local-only"
".omo/evidence/review_qa/artifact-validation.txt","8638","79EFEEDB091AD50865F21F67ABD0E34D6A92C8384A1800C060E7F97EE67BA4D8","retained-local-only"
".omo/evidence/review_qa/boundary-lines.txt","3549","B9C3D1F68065182C790F40A7558A2ED53849BAE0BF614FFBF2C14B4642C8D3B0","retained-local-only"
".omo/evidence/review_qa/command-manifest-inspection.txt","1559","EB3390872FCC026E1A128463D30D8383A648105C60E3BDA50A43E64FECFEEF51","retained-local-only"
".omo/evidence/review_qa/import-checks-final.txt","2332","1668971A0A73F18073D070C63D91127699A92FA8C4A431C5710D5231DC745AFD","retained-local-only"
".omo/evidence/review_qa/import-checks-with-helper.txt","2384","7D3F04718DFA1AACC306FADB705BC8DD4B10802BC365B469840B1FAA9FFC6500","retained-local-only"
".omo/evidence/review_qa/import-checks-with-path.txt","2102","934622EC130739F7B247172C8BE6ED330683F6AF6368F9F4E5C1F8F06A32D3FD","retained-local-only"
".omo/evidence/review_qa/import-checks.txt","1910","A5A0280635548F3040AC2E450DC273AC174E7F40F7A1BFFA3A88D8105E13CEC5","retained-local-only"
".omo/evidence/review_qa/manualQa.json","5796","8924A1D73671A58FA0FB84DC62DA8391BA91B3C999AEFC14883249997568DE4F","retained-local-only"
".omo/evidence/review_qa/optimizer-search.txt","1278","D57B05D2B96401D7E3FE4B7536A343A4560F6615827E31C2531002E942D46C38","retained-local-only"
".omo/evidence/review_qa/pytest-focused-gitbash-posix-path.txt","1306","929BC99847B8F87A65A230FF0C851017985E44E4564D04C8A93D47E4A573F32B","retained-local-only"
".omo/evidence/review_qa/pytest-focused-posix-path.txt","2042","7C03F8E488B8AD6FE259F4CFFAE08C614D8B94CA9555E0ECFC5DB25BB0104FEB","retained-local-only"
".omo/evidence/review_qa/pytest-focused-resolved-path.txt","1217","5AD808919FD295E686A1B8252ABFBE951304211DAA320714C731008BA088130E","retained-local-only"
".omo/evidence/review_qa/pytest-focused.txt","2003","9DF25AB24480C9CE11E0618750DAE2010766E88261A6DAB9DF078CDFEA10A592","retained-local-only"
".omo/evidence/review_qa/report-excerpts.txt","4399","5C7B8835A6FD6F3640099D98ABE2584FB3545D5CAC8E31BD15CF79E932B289C6","retained-local-only"
".omo/evidence/review_qa/report-json-consistency.txt","2897","07D5581EEE6837C4F316DB08ED5EA36774C15FA10C613BA8C673EDD13960A270","retained-local-only"
".omo/evidence/review_qa/scenario-enumeration.txt","528","6C27FBB99D0EC7639EF1805AAB198F65E6A575012957B2D99DBEB23A60AFCB2E","retained-local-only"
".omo/evidence/review_qa/schema-inspection.txt","2361","C39612E81E06CADB4013A4771EE7A6F68ED40E7CBD7648F5B58A77FFB8470D06","retained-local-only"
".omo/evidence/review_qa/targeted-contract-validation.txt","7710","24DC6EC53C7027585F0FDDA07595355D4FDEAADCC6DD9B0804EE0B3127B1DAE9","retained-local-only"
".omo/evidence/rf-identifiability-reachability-audit/audit_artifacts.py","2268","82E36625F1F4423C00EEDEBAE859997ECC14A3AB03BAA5003FB1A57F038B0B05","retained-local-only"
".omo/evidence/rf-identifiability-reachability-audit/audit_context.py","3804","D16500AAC9362D8D9492DB160CEA93E3106693C78141E88FD75D0F9D2DCDB56C","retained-local-only"
".omo/evidence/rf-identifiability-reachability-audit/audit_decision.py","3439","8EEF6CD488FA8FB64235965B9411495F19C98C6DF34BE893B80C8865848B0108","retained-local-only"
".omo/evidence/rf-identifiability-reachability-audit/audit_design.py","3636","522E9E403541D835BBA2D84F6C3013282101AB0B5D82162F1DAB084FE64C2A20","retained-local-only"
".omo/evidence/rf-identifiability-reachability-audit/audit_estimand.py","7152","123070857F0E08BAB5F90FC55DFAAF5FF5FD62F1C7028EF47F8F5877217BFFD8","retained-local-only"
".omo/evidence/rf-identifiability-reachability-audit/audit_gradients.py","7627","2D860AD6DFE35E40F6A97372B0CC0A19F602D9CFFA0854CEBE005AB63FE5165D","retained-local-only"
".omo/evidence/rf-identifiability-reachability-audit/audit_hybrids.py","8248","947E3D2D91223DEF628157436CC0A6866ECB034622582D3615CD9CFEF11FF943","retained-local-only"
".omo/evidence/rf-identifiability-reachability-audit/audit_oracle_phase.py","6271","EDDC06CDA8AF7D2CA366C919CAED9C19D7E1FACAFB1430462C4E7EFDBD84B5DC","retained-local-only"
".omo/evidence/rf-identifiability-reachability-audit/audit_oracle_support.py","5365","69731D02E1125D8847C67098628B288E412606EB281F2A4ADAD39117702F0E88","retained-local-only"
".omo/evidence/rf-identifiability-reachability-audit/audit_oracle.py","5496","876C17813B08A6E0057063A760D60FD69B9883C5DDEE0F5A9499D7AEB13CBE2C","retained-local-only"
".omo/evidence/rf-identifiability-reachability-audit/audit_outputs.py","9687","E91A945EB011E66F79B0E6D1DF21CBC480C275D5C179DA6CCF99E41EDC1FADE2","retained-local-only"
".omo/evidence/rf-identifiability-reachability-audit/audit_reports.py","14796","3DD9190CFAF2445FF8B07BCBF531B8ED15F1B46CE7B0F10517A87BC0DC61F4F1","retained-local-only"
".omo/evidence/rf-identifiability-reachability-audit/audit_snn.py","2098","E5BFEBBAAC6D71427C8689C10C485F2D47CCD98C45158639160B24AAA648A621","retained-local-only"
".omo/evidence/rf-identifiability-reachability-audit/audit_stagewise.py","10657","C3B3B16078EFC156DE918EB3F2E7D95C8848F8E09BE8DE94E667A6F2043F050F","retained-local-only"
".omo/evidence/rf-identifiability-reachability-audit/audit_subspace.py","6135","B103A4CAEF4B8B81812EB95725C092A5C7393C9DA9AFC580376205D9E5BE0B25","retained-local-only"
".omo/evidence/rf-identifiability-reachability-audit/audit_teacher.py","5173","A6AD3B625F0D459F25F4017D9B6F0098CC8C4FE5EE06F4CF1A986FC310371F62","retained-local-only"
".omo/evidence/rf-identifiability-reachability-audit/closure-interpretation-addendum.md","1665","9EDFABE188236948BFB7560AE21811754B95CCAF9B14F8F3A17E41DFCF94ACC9","retained-local-only"
".omo/evidence/rf-identifiability-reachability-audit/commands.json","1448","89F39C9432E5DAB7C69A2F4C5A1C22AF9C5224F8976F01F72F6EA20650EE5186","retained-local-only"
".omo/evidence/rf-identifiability-reachability-audit/config-seed19.yaml","1145","90B84E056710A75D914315A13F8A259E0F9CBE6B7A8E1CAC74DF619CFDA24E15","retained-local-only"
".omo/evidence/rf-identifiability-reachability-audit/config-seed20.yaml","1145","30EFF139752C9F39F7B77681ACEB90357B4C7E22E2180CD223271CD97C2129AE","retained-local-only"
".omo/evidence/rf-identifiability-reachability-audit/config-seed21.yaml","1145","8CA44DEF550D462B5CCE172E10C6CB5A53E35A1D3565B583EB46DDC330ABD21C","retained-local-only"
".omo/evidence/rf-identifiability-reachability-audit/current-research-status.md","915","6E6C86DBDDD31E6264477B02105D1A631E688B59B410137803CDEB7579CEF05D","retained-local-only"
".omo/evidence/rf-identifiability-reachability-audit/gate-pytest-temp/test_strict_json_rejects_nonfi0/payload.json","24","A37D9052A64D056F1C52C2D998769676B5DB3162B1F5B800B914E871A0F7B041","retained-local-only"
".omo/evidence/rf-identifiability-reachability-audit/gradient-reachability-results.json","44606","4A9A3D7FAFE77DEC337BE2571766FDC77DAD41822868E090ABB8896F31948119","retained-local-only"
".omo/evidence/rf-identifiability-reachability-audit/identity-manifest.json","15062","6917ACD94A8BAFA51EC015029D5DB54489E4A775A85A83AD238720DBAA4CEE2F","retained-local-only"
".omo/evidence/rf-identifiability-reachability-audit/manual-qa.json","5711","9721E94DC19A136B340A54A0EB0840D200573F9099B451C4E504677CD2348255","retained-local-only"
".omo/evidence/rf-identifiability-reachability-audit/numerical-validation.json","8051","F8FFC64DCF9344643CB4153D376A63BC39D1D68E6F2E3AF94CC882041EE2C950","retained-local-only"
".omo/evidence/rf-identifiability-reachability-audit/oracle-recovery-results.json","17991","ECCC65C8201C087C051BCD70464972852988C6EFE046C1EDAE05ABB2CCA6685D","retained-local-only"
".omo/evidence/rf-identifiability-reachability-audit/per-cell-metrics.csv","3463","EEF281C91EB6096CD6039CA28C18190DDA87A7F5925016C65ABBDDB877732029","retained-local-only"
".omo/evidence/rf-identifiability-reachability-audit/per-seed-summary.csv","792","4CBDF93327D7A8946B0BEEBB0F0A5B2462CF3A2277311C437A61C0C43FE6EE03","retained-local-only"
".omo/evidence/rf-identifiability-reachability-audit/qa-command-transcript.md","5453","AFC54334E0FA05DB2F21DF98247E116EFB39E2EB2F3ADC872B5A45645005941D","retained-local-only"
".omo/evidence/rf-identifiability-reachability-audit/qa-pytest.xml","2412","BA039BF727C5DDA0836034305DE3A14878E5192BE0FDC956BFA7BF5280E598FF","retained-local-only"
".omo/evidence/rf-identifiability-reachability-audit/review-work-final.md","1454","927530DEDBFE55A79434DE48C2AF9A6CDE37A57A630BF54D102416BA15CF0F40","retained-local-only"
".omo/evidence/rf-identifiability-reachability-audit/rf-identifiability-results.json","9020","E8638C0B00A7269A7BC2290D6F112FCD060FE8623A02E2247F9BDAC7532C2E8E","retained-local-only"
".omo/evidence/rf-identifiability-reachability-audit/rf-increment-decomposition.json","40927","6591721227AE917ACE079D61DE0BF80C836F0E409252A382C2045E178B235C1D","retained-local-only"
".omo/evidence/rf-identifiability-reachability-audit/rf-tensors/oracle-rf-tensors.pt","596326","0E8B76D5BF1DE1013FDB2D6297CDEC8E838864239CAD3EA7FE40CF537900E8B6","retained-local-only"
".omo/evidence/rf-identifiability-reachability-audit/rf-tensors/stagewise-rf-tensors.pt","1426982","537EDA027329DE5DAF7B14054B8D34FFA6CEC69828C02EA2EF002B8AFDB1B0A0","retained-local-only"
".omo/evidence/rf-identifiability-reachability-audit/run_audit.py","5020","FE8A594E5855B60BF693063E6968BA01A90ED5AC8A5C28D6F8C3D0591A476DA2","retained-local-only"
".omo/evidence/rf-identifiability-reachability-audit/stagewise-rf-recovery.json","7180","D17F47E290D9F3BA202838B599A1C05977E5B66A295CBC6F9DEAB7EB02972F4A","retained-local-only"
".omo/evidence/rf-identifiability-reachability-audit/stimulus-subspace-audit.json","65539","4D7E46477F049616CC620665B6B379ECB474770E906B1E68E74C0C92E231AF6E","retained-local-only"
".omo/evidence/rf-identifiability-reachability-audit/teacher-estimand-audit.json","13948","E5199A09FC447587BA767E04FDD000D67EC041937BAFAD94910F786EBE5E4FD0","retained-local-only"
".omo/evidence/rf-interpretability-closure/closure_core.py","16184","90D6DE02CEAAAFED7D938A7DDCC0E67509415D2160B4ECC0404485576A869AE2","retained-local-only"
".omo/evidence/rf-interpretability-closure/closure_rgc_history.py","3788","ABE15C7BEB5F2162A26B5886811C1A1E96DAFC76B42ECF5BFA3BBE684515D35B","retained-local-only"
".omo/evidence/rf-interpretability-closure/closure-qa-cli.log","1395","73D4AB8B6A575A6833487872880780D22241CE0B093D40EEA18A77E5E3D2E376","retained-local-only"
".omo/evidence/rf-interpretability-closure/closure-report-zh.md","459","CCACF0ED204F62FA967FC515FEAE7759A0BF83DD162631AB976B879DAFF8FA23","retained-local-only"
".omo/evidence/rf-interpretability-closure/closure-results.json","6137","0A44D8A75DFBA6F018396869E180C2DE8BE5E059209E497296CDE192E94BFC98","retained-local-only"
".omo/evidence/rf-interpretability-closure/compile.log","214","8B213A2EF8A4B6EF7B85CAA6455483480EBFCB9553B3D9FCD32B52D2BF0B818C","retained-local-only"
".omo/evidence/rf-interpretability-closure/done-claim.md","2853","FC6364DA20E4159DC9DD9E933C1FBCC1D53DB88D9D1E1BF086A4FDB5BA2789C4","retained-local-only"
".omo/evidence/rf-interpretability-closure/final-code-review.md","5316","468AB26BA91493B7094909FC82C55845A506722A0439E97CFC3A140D5FCDA9D9","retained-local-only"
".omo/evidence/rf-interpretability-closure/final-context-review.md","887","81FE6AC1D5722604010D8E10F0C92268F1EDB503C1D2A649BCD2B9961E72DC3C","retained-local-only"
".omo/evidence/rf-interpretability-closure/final-debugging-audit.md","10602","27C4F4C5AF330218BF1AE31EC5D89E64E47A1031A454C7561D4FA9E21525E6F5","retained-local-only"
".omo/evidence/rf-interpretability-closure/final-goal-review.md","9223","8015AE8E75F45B048545CC38D492B5AAE694DD2C300942466EC431677D2D21BD","retained-local-only"
".omo/evidence/rf-interpretability-closure/final-qa-git-status.log","2266","6D01C54CF1F83A211C10D9E3963EFE0779D9AED9665A967335C3056363474F9C","retained-local-only"
".omo/evidence/rf-interpretability-closure/final-qa-json.log","256","274B63DF75E7C98FF89BB750D2C53D469B776C092131B0B0C97E08EDD1855FB8","retained-local-only"
".omo/evidence/rf-interpretability-closure/final-qa-pytest.log","204","9A696FDD7FEDDC050E0300C65278AA7F13D40A42AC7867C7CB340264875F3091","retained-local-only"
".omo/evidence/rf-interpretability-closure/final-qa-rerun-behavior-coverage.log","296","FA2FCD9C540726C07A4D126F50E165B1282FC48E61051C609C8B932EF3EA4182","retained-local-only"
".omo/evidence/rf-interpretability-closure/final-qa-rerun-compile.log","78","F9115DE51EE1FEAFA9D921A82AA6F37F84D056C0EFCBB063BC14FC07318B7593","retained-local-only"
".omo/evidence/rf-interpretability-closure/final-qa-rerun-json.log","268","D4CF21318E8058488251EF4872933D3526EB6F5BC82C397C12A651300BCB5F1D","retained-local-only"
".omo/evidence/rf-interpretability-closure/final-qa-rerun-loc.log","782","2E643CC69A8E89CC9C189064AECB78D09DECD3FE252DDFEB7F92377ACA27B046","retained-local-only"
".omo/evidence/rf-interpretability-closure/final-qa-rerun-manifests.log","6030","DCA8C8B21E7A10B5DF1B7CD1CC519CDC7162928AA260A8A0CA11ACC62C9317AD","retained-local-only"
".omo/evidence/rf-interpretability-closure/final-qa-rerun-no-excuse.log","58","E0439B0E6687C8F733FD85331753AA2ED557D1B8551FF71FEB362CE6420C9598","retained-local-only"
".omo/evidence/rf-interpretability-closure/final-qa-rerun-pytest.log","204","EA68732C72A5A58A55C5B9C10CBAE16F6B9D2FF65FE53D86B848C94223CE5898","retained-local-only"
".omo/evidence/rf-interpretability-closure/final-qa-rerun-scope-hashes.log","6070","CA133C08D4C06F49D3696BB973ECA473F2D7E1DEFDA138D27C96B4A9210BD96C","retained-local-only"
".omo/evidence/rf-interpretability-closure/final-qa-rerun-side-effects.log","364","F5BF7DF242FF83D979F21827766D7B9908D9E84A8267D742B88BD13C134E7E0C","retained-local-only"
".omo/evidence/rf-interpretability-closure/final-qa-rerun-static-scan.log","1510","1A469EF85C737901648C45E26334D1B4BF3E4EE40D678CC79EBCE00CBA362E73","retained-local-only"
".omo/evidence/rf-interpretability-closure/final-qa-rerun-tensors.log","256","5FC8796411A1FD62F8B746AE0C23828164B0CCB37A19C0DB1A1A418E9A362D81","retained-local-only"
".omo/evidence/rf-interpretability-closure/final-qa-rerun-test-index.log","2808","1175310716EC6FC845B9BF49BE31A45289683EB45E3197749BD5F21A037A0DFB","retained-local-only"
".omo/evidence/rf-interpretability-closure/final-qa-review.md","2815","CCCE72F6F5DF5400ECC124754E09FEB62BE2016E056AD4909D350E2868E78CA1","retained-local-only"
".omo/evidence/rf-interpretability-closure/final-qa-scope-recheck.log","3894","C593FBF83FE41256D84C4C92DD41A3896141BE3041AC3F7E131B37330DEB969D","retained-local-only"
".omo/evidence/rf-interpretability-closure/final-qa-side-effects.log","368","D76F4AC98BBF8E1B66C0F108620AB93B0A3323C08FDA7D327AD3C0C89A44F8BA","retained-local-only"
".omo/evidence/rf-interpretability-closure/final-qa-source-scope.log","298","727A0E483CCDE9FD8B7C6B7AE95FF4E3B1898CF27049319623AC617C410640F0","retained-local-only"
".omo/evidence/rf-interpretability-closure/final-qa-tensors.log","244","7FE6D67C53A83757EAC81F9CD6ADB5AE3324D78E3DFD14B413DC18B1BFBD95CA","retained-local-only"
".omo/evidence/rf-interpretability-closure/final-security-review.md","920","12DA811C0744B7B73F87EA216B22AC3D543749AB04D1B0B6A076AE0EB9C486CC","retained-local-only"
".omo/evidence/rf-interpretability-closure/loc.log","642","CBD844C2AFE54AF4EBDE406F84C19611A998B7DE9C58E758CFA609692052811B","retained-local-only"
".omo/evidence/rf-interpretability-closure/manual-qa.md","4384","B100B4CF41891BA6948A1038B0E0D587DB6E52FE1360FDF002E71ED54B1E1CA3","retained-local-only"
".omo/evidence/rf-interpretability-closure/mechanism-reproducibility.json","4372","5FDF9CC49E78CE17221FCE645A936BF854876FB70F435878DF0B43E2F966648A","retained-local-only"
".omo/evidence/rf-interpretability-closure/rf-artifacts.pt","450052","E560ED42DAFE87F157AB5EF4535B8C0A039B1D19F8A1A9C08D57C0EEF67D8318","retained-local-only"
".omo/evidence/rf-interpretability-closure/rf-identity-manifest.json","6870","14E816A2459BE612C5781173BFFA4365989237EAE7F6ECE0D8232E0FCE81CAD6","retained-local-only"
".omo/evidence/rf-interpretability-closure/run_closure.py","7497","FEBE2B2841D92CF0304915C7ABCE6E0BD44EE1268336CEF167A9BCF88E72B35F","retained-local-only"
".omo/evidence/rf-interpretability-closure/run-closure.log","53","0225C69360D7356D12384B71A3F98CAC65E2218452571237C8B579AD68B1CE35","retained-local-only"
".omo/evidence/rf-interpretability-closure/scope-manifest.json","8962","2FD3FB77FCE59DE887C218FF9C4EB0FD8D59BFBD701B760AC943EACF0594D320","retained-local-only"
".omo/evidence/rf-interpretability-closure/slop-annotation-scan.log","64","7D468942DB71ADBF6256AD6CC1F336BB28A884E6756D14BA335D02D20F1B22B8","retained-local-only"
".omo/evidence/rf-interpretability-closure/slop-basedpyright.log","782","DC048D066159B7AFDB4D17ABFF18BB9739F3153FCBE6E8E2C25A022A1429C473","retained-local-only"
".omo/evidence/rf-interpretability-closure/slop-cleanup-report.md","1198","658567716213C77892A59536CBB59F859FEC6555CBCAE0E7D6B19CA478678F5B","retained-local-only"
".omo/evidence/rf-interpretability-closure/slop-compile.log","32","90AB92DFB6388188CC5B76BADF1BC6EA84FCB2E27D1D8672C3291169269FEB96","retained-local-only"
".omo/evidence/rf-interpretability-closure/slop-focused-pytest.log","204","1488A7D8436BA285A0AD9DBB90FFBD7B4E92CEE9592BEBA1A0F9A8181B5C1A87","retained-local-only"
".omo/evidence/rf-interpretability-closure/slop-git-ignore.log","400","E6F2CAD0D61B185F80B2B12BF81FD57ED9B81AA7515F0BCAD4B2086F2827C2A4","retained-local-only"
".omo/evidence/rf-interpretability-closure/slop-loc.log","323","D8E4BC64F81F635ECC23D49CE7A224712CEBDF46DBDA72D72E2EA67F8E2FD06C","retained-local-only"
".omo/evidence/rf-interpretability-closure/slop-no-excuse.log","58","E0439B0E6687C8F733FD85331753AA2ED557D1B8551FF71FEB362CE6420C9598","retained-local-only"
".omo/evidence/rf-interpretability-closure/slop-static-scan.log","710","C83E04266F93CC0F1D06DC941D17B6D2DE47AD03DC0D1D8C955B8956453E2451","retained-local-only"
".omo/evidence/rf-interpretability-closure/static-scan.log","94","95FD251657C4602A6F5BDA3E75FD7EA1243C4A6B24E8549C821959BD3B05B938","retained-local-only"
".omo/evidence/rf-interpretability-closure/test_closure.py","9686","D300BD9F122F327318EB01A4B0233F7F13B68379540624A5B35D500790A0E329","retained-local-only"
".omo/evidence/rf-interpretability-closure/test_gatefix.py","9199","BEEF7F6C9C1B6406C936D9161D61AE6AA2B228EAB4B66E89D2BF10865D089E5A","retained-local-only"
".omo/evidence/rf-interpretability-closure/test-ablation.log","230","4AF50C9CA6983F9EB346D3763BED0619419C7B583794837969CAD755E4724787","retained-local-only"
".omo/evidence/rf-interpretability-closure/test-dynamic.log","230","EA4E361879B3BCD4EDCE8A3012CD21DEFC254394B85F7B1933F7B00FB7E3A77C","retained-local-only"
".omo/evidence/rf-interpretability-closure/test-finalfix-red.log","8314","198DF0CCA07203B59FD721FEC9AD901823C0E6CBE1A5582F8B8A852492EF93B2","retained-local-only"
".omo/evidence/rf-interpretability-closure/test-gatefix-green.log","202","07B05EFA6FD75AF36A3F2C3A0FB837FF741708B64D7411025DE633A7F677AC9D","retained-local-only"
".omo/evidence/rf-interpretability-closure/test-gatefix-red.log","2084","46A1B70F552BB23E6BF02FAEA89CDEFB3DE9446E9C232AE5DF9CF05283C0A938","retained-local-only"
".omo/evidence/rf-interpretability-closure/test-green.log","204","06B707FB3FDABC214AFC6468CD3133CBE86C32F99F1B320C75BC0E52CDA7B13A","retained-local-only"
".omo/evidence/rf-interpretability-closure/test-red.log","1854","34E05F5753E3FD03291ED4D6546DF6655B533E68512F87D33DFE858EE0022A7C","retained-local-only"
".omo/evidence/rf-interpretability-closure/test-static.log","230","8F4D63D1E7588EE53CAF0E1C92680CE88623B39F4E8522318C1F101E5BEC6ACE","retained-local-only"
".omo/evidence/rf-interpretability-closure/wave1-gate-review.md","4770","063F182F29DAF4505D2B4586BB2BEA3CDF0F4EC5780E0B74636BCD00F2B3FDD3","retained-local-only"
".omo/evidence/rf-math-contract-and-readout-audit/conditional-rf-estimand.md","1971","E273DF90C097160D567AA62C7AE69081541A0B40929C205789F438B361C19748","retained-local-only"
".omo/evidence/rf-math-contract-and-readout-audit/config-snapshots/seed-19.yaml","1185","D6222DFEFCC0ADDEB549D518B6E2D9D901305F0EE87D7A0D2068C953187AA3F8","retained-local-only"
".omo/evidence/rf-math-contract-and-readout-audit/config-snapshots/seed-20.yaml","1185","44962E1040C438230815D3672C3F03ECBD5BA8A8CF128B23E465020F48939CCC","retained-local-only"
".omo/evidence/rf-math-contract-and-readout-audit/config-snapshots/seed-21.yaml","1185","8F96069B10A7AF74E53E4A8721E049FC8DBC292ED06188A327B923C954855E15","retained-local-only"
".omo/evidence/rf-math-contract-and-readout-audit/direct-readout-path-results.json","84786","90EA48A04F19EF36A21B8D505CBE40AD517BFFEF5EFE7082E29C7444D5DEF18E","retained-local-only"
".omo/evidence/rf-math-contract-and-readout-audit/direct-readout-sign-audit.json","24142","FD79B5B80DD7E8B33653AF44182661607E4FC8DE196805A7CD440C80D1D20376","retained-local-only"
".omo/evidence/rf-math-contract-and-readout-audit/identity-manifest.json","11609","EF072F7DBA8ADAEB6A646CC91806D4BA550FC82D28CD5407732E5FE51570E23E","retained-local-only"
".omo/evidence/rf-math-contract-and-readout-audit/intervention_eval.py","9495","1A8253B8D0D559F732E77DA80E31748B8BDCD8488DEAF3C981E9A4049009736C","retained-local-only"
".omo/evidence/rf-math-contract-and-readout-audit/math-contract-audit.json","690","A62FD3C413B91DCE25373E8738D456766B407CF31E227445E063DCFBE35B7997","retained-local-only"
".omo/evidence/rf-math-contract-and-readout-audit/numerical_eval.py","9546","DECE810E72C4C612E4B99636E4FCA61B63F47B93375A15EDBF3C439EEA589C8A","retained-local-only"
".omo/evidence/rf-math-contract-and-readout-audit/numerical-validation.json","537188","5ED67D4F9D71E14B710B8365A20C297B994DB279EACF19D716B004D8779FB47A","retained-local-only"
".omo/evidence/rf-math-contract-and-readout-audit/path_eval.py","5879","6521AC1C098509536CD31CAD3C4DFE258161F1E2E5F3B6A07C292751523EB359","retained-local-only"
".omo/evidence/rf-math-contract-and-readout-audit/path_metrics.py","5555","2F4BA9640C7077E8634CC74820A765A358FD7FABD21C77E7B13E14EBCE99760D","retained-local-only"
".omo/evidence/rf-math-contract-and-readout-audit/pathwise-teacher-recovery.json","112822","7713DEC04456037AE3054CCE5967745279DC8AB299CFD152A55465ACB368F439","retained-local-only"
".omo/evidence/rf-math-contract-and-readout-audit/per-cell-path-metrics.csv","22016","BA8D373FF63A8D1E7C8700BCEB4D84EE00721833AF522598BEFA3DD551FEE48F","retained-local-only"
".omo/evidence/rf-math-contract-and-readout-audit/readout_artifacts.py","6923","CC6A9C86D27BC847FC92E86CDD9A3D3D37309379A73FDC18DC9A943E776E26DD","retained-local-only"
".omo/evidence/rf-math-contract-and-readout-audit/readout_reports.py","7118","A2B74FCF372847850269BE7FE2485D057C6DCE500C67BB3A40D29FE2101B5AA8","retained-local-only"
".omo/evidence/rf-math-contract-and-readout-audit/readout_types.py","225","B6174E443924900232DCD0EAFA317C4D431A85F781517D933E658EF79A29930A","retained-local-only"
".omo/evidence/rf-math-contract-and-readout-audit/readout-intervention-results.json","118220","63B5E3907000FC9BDD585A3CD15DA78BBA9172599BB39246686B348B7F13008A","retained-local-only"
".omo/evidence/rf-math-contract-and-readout-audit/rf-tensors/direct-readout-path-rfs.pt","25682686","CF3E0C26769EF60A6B2FB67C8ACAF4349DCB4BD31CAFC9662706D6A93C597EF8","retained-local-only"
".omo/evidence/rf-math-contract-and-readout-audit/run_readout_audit.py","10745","65FDF6FA1892DDFAFD26AB67BC6C394E60FFAD698BF7EFACAEAE40F36CB6BA2A","retained-local-only"
".omo/evidence/rf-math-contract-and-readout-audit/run.log","96","A8AD7D008A228CA3BE20824C52BAA7A256B9CBEC25D32B945E36EA65E1E3AA89","retained-local-only"
".omo/evidence/sample-efficiency-active-dof-t2/decision-report-zh.md","3201","1ACE64E236088831A6353EAD1664B6FDA3B47DC965CCF194ECF756F5295128DF","retained-local-only"
".omo/evidence/sample-efficiency-active-dof-t2/experiment-config.yaml","248","ADF7251BBA67887A54768D9B6FF08E192247FD5D3CADE2F2F1BA0690F5BAA671","retained-local-only"
".omo/evidence/sample-efficiency-active-dof-t2/identity-manifest.json","9442","9256275314032B8DAFB4908CDDAC9BC93DF4E73BD635C7DBB90F2F1BA34843BA","retained-local-only"
".omo/evidence/sample-efficiency-active-dof-t2/model-comparison.csv","6096","C634AE4BD6AD104B44B9EB030C06F0D8C78F7D89C5ACFD38BFD82A3574A0721C","retained-local-only"
".omo/evidence/sample-efficiency-active-dof-t2/parameter-counts.json","104","FDFA12D96A479F3B94C7F0E7BD56AC686EBD47FCBF1E5BBC462C63F4DC3D345D","retained-local-only"
".omo/evidence/sample-efficiency-active-dof-t2/per-run-metrics.csv","40404","B2C9CE62E3C491BC56AAB2D7B775CBE26527276A731B3E4500612317160787D2","retained-local-only"
".omo/evidence/sample-efficiency-active-dof-t2/sample-efficiency-ce.png","87272","49B43450D80444120E1BFC5996C13E1DB0A587B2FB1AA72EBE37684DCFD8FC17","retained-local-only"
".omo/evidence/sample-efficiency-active-dof-t2/sample-efficiency-results.json","21653","80D82706F3453BC9D6B02B15A41E19F01ECDE6B7E7243C6AA313EED42D306694","retained-local-only"
".omo/evidence/sample-efficiency-active-dof-t2/sample-efficiency-rf.png","98885","B9D11855C46656D34CF25CE86F1AA8BFC4848CC26486354AB200170D0FFBCA3D","retained-local-only"
".omo/evidence/schottdorf_lee_reset_preroll_sensitivity/evaluation_logits.pt","4928810","817EE646A92F32C04F73D23A93F544F76DCFFC3B486A1D621C2F215872B484E9","retained-local-only"
".omo/evidence/schottdorf_r4_dev_circuit_replay_20260830/manualQa.json","6351","2B0017A3A8C47A0DF27EFE6A61569197CD57D7ECAA84EEC3644FE12DE8C420DE","retained-local-only"
".omo/evidence/schottdorf_r4_dev_circuit_replay_20260830/qa_replay_artifact.py","15592","5DF2B4A720992C76B915FB1B589743441B2F14DC819D0B64169F7D4B7D6ACCD3","retained-local-only"
".omo/evidence/schottdorf_r4_dev_circuit_replay_20260830/qa_transcript.txt","6353","8B9AA2AF307351795BF774AF94E2BE8816A0AF343F570973FB2986C459C4C1C0","retained-local-only"
".omo/evidence/trained-vs-stage05-rf-method-closure/artifact-validation.log","98","E6C649E59E5603DCFDC2E052CEDF668EAFC0625E294A29D30D2BFDF64660AB10","retained-local-only"
".omo/evidence/trained-vs-stage05-rf-method-closure/closure_aggregate.py","5679","C9E229AF929B9C214995D055D93398F70C99CA30FF47D372D2C995A9C632EEE1","retained-local-only"
".omo/evidence/trained-vs-stage05-rf-method-closure/closure_artifacts.py","4862","A6DC12633DE02F1C55A4EFD3F8443D8760A949AC647F2D7A1DD7DB9A453F7DC3","retained-local-only"
".omo/evidence/trained-vs-stage05-rf-method-closure/closure_batch.py","4303","F80C72A80238925E2653889B777C72FB44011C5C3F0A830FBC42AE449B69DB9D","retained-local-only"
".omo/evidence/trained-vs-stage05-rf-method-closure/closure_controls.py","9973","8C74F1597AD630336ACD964D63C8F33D78253818456EEA6F6FF3D1A9B1664CC8","retained-local-only"
".omo/evidence/trained-vs-stage05-rf-method-closure/closure_eval.py","9355","8143D4850033C3FC341A3E66BD837AF2B9C118516F6CDE31AF89142CB32877F7","retained-local-only"
".omo/evidence/trained-vs-stage05-rf-method-closure/closure_metrics.py","8935","146B1B4683C214411C8BB38A5B9425268372012DD5058D316F1B7D2503CDA196","retained-local-only"
".omo/evidence/trained-vs-stage05-rf-method-closure/closure_reporting.py","8142","FC9DD899566A4B86DE5457AF13B91B24A8D0C18DD11037AEBE6B62502DCEC386","retained-local-only"
".omo/evidence/trained-vs-stage05-rf-method-closure/closure_run_seed.py","7796","EDC8F95BB0D1A453E7A7FC172D35525BDD2346E8C9C4D07F37D29DE0004E24D2","retained-local-only"
".omo/evidence/trained-vs-stage05-rf-method-closure/closure_seed_identity.py","4234","2758A298F628C49E33BDDE35EB84486F1424AC4439E3DA3AAF09B665067DBC48","retained-local-only"
".omo/evidence/trained-vs-stage05-rf-method-closure/closure-results.json","385878","0134FA349D605F8EEB166AC8C06FF8383327F4F526DBA20FBAA3E09FDA83553C","retained-local-only"
".omo/evidence/trained-vs-stage05-rf-method-closure/current-research-status.md","1136","EB91F5DACF158E8C955BBC606894DE5E92B979348B3816D131D068F1C1EC3EF4","retained-local-only"
".omo/evidence/trained-vs-stage05-rf-method-closure/focused-tests.log","108","8A09872936B4113077674B983D41786D478AC3B2BBF433BAD2B051DC094EFCD9","retained-local-only"
".omo/evidence/trained-vs-stage05-rf-method-closure/focused-tests.status","4","2F9ACB02FAA121BB2A3621951F57B4C690655337EDEE2E5AC350BE2B3BE88EA8","retained-local-only"
".omo/evidence/trained-vs-stage05-rf-method-closure/manual-qa-matrix.md","4481","C9CDF535DC6BC043C3E4070024695E66CFE5958D104B7FD6D1E212F222E852FC","retained-local-only"
".omo/evidence/trained-vs-stage05-rf-method-closure/numerical-refresh.log","578","CB9AE5788B8FA34D00DC5FAB5EAD2F53956F7060E930201F9472EC1738331BF6","retained-local-only"
".omo/evidence/trained-vs-stage05-rf-method-closure/numerical-validation.json","77257","96CF0E7FC12EC61A2342A4D0035D9E5BF9D6842F53C63D02F10F62681DB37300","retained-local-only"
".omo/evidence/trained-vs-stage05-rf-method-closure/per-cell-metrics.csv","7816","F7C776E691E0AB38959A4D9ECEBD54F6D066F73EE390D42151AD61654BE586A0","retained-local-only"
".omo/evidence/trained-vs-stage05-rf-method-closure/per-seed-summary.csv","400","899D3AFC1D890EBA00B5CD6AAAD6CFFF37BEFAED23B436D395D44F5810DBC082","retained-local-only"
".omo/evidence/trained-vs-stage05-rf-method-closure/quality-gates.log","45","FC68471190DC65FAFD83685BD67E8740046F8EBD19A443B80C6A20B6B46E5764","retained-local-only"
".omo/evidence/trained-vs-stage05-rf-method-closure/refresh_numerical_controls.py","4444","4887FFA89077497BEE8DEFC20A4BF6A7891BEA3A0B5E9F114A2C7ACC8ACD33D9","retained-local-only"
".omo/evidence/trained-vs-stage05-rf-method-closure/review-work-final.md","1882","ABB1EDC06B74669F52BA60F7582C273856C4200951989D1D59224C07174CFEA0","retained-local-only"
".omo/evidence/trained-vs-stage05-rf-method-closure/rf-identity-manifest.json","21249","BA3841EE61B4089C6F76BB36E5CF0D624C104D2FD530657AFB271B6763B73410","retained-local-only"
".omo/evidence/trained-vs-stage05-rf-method-closure/rf-tensors/seed-19.pt","14386325","A47AB3C80E1229071946F0B78AB0696EF98C5DE39211A80D02E201FBCEF256DA","retained-local-only"
".omo/evidence/trained-vs-stage05-rf-method-closure/rf-tensors/seed-20.pt","14386325","2A2368A307085AC6465394E5C590E1C9366030144142BA2F41A1D8D73853E46E","retained-local-only"
".omo/evidence/trained-vs-stage05-rf-method-closure/rf-tensors/seed-21.pt","14386325","9811DCA33E25FD7F36E24540B0E0C5B7D49EEC3AEA2DAE8AD40386B049359BDD","retained-local-only"
".omo/evidence/trained-vs-stage05-rf-method-closure/run_closure.py","5094","6E047F80321D960E37F2DAB8967B634CE946CA21F6D0031D0609A5AE8414F3C9","retained-local-only"
".omo/evidence/trained-vs-stage05-rf-method-closure/run-closure.log","4007","2EE3136474E63BAC6C8AD558270AA89578FB7B52E12913D840238B3DB24B260C","retained-local-only"
".omo/evidence/trained-vs-stage05-rf-method-closure/seed-19-results.json","98532","5EE63945FBE234E7294CB33473C9FCFFA9BD7E1365BB120F9AD9D83583E4814F","retained-local-only"
".omo/evidence/trained-vs-stage05-rf-method-closure/seed-20-results.json","98627","99147831513B60599041861CB237ABD19ECABAA5BCABA6866C02B7799067CC4C","retained-local-only"
".omo/evidence/trained-vs-stage05-rf-method-closure/seed-21-results.json","98706","C77FDADC36ABC417FD156B5562CF6C23C83A7BD9510CFBBD02A13C87B2A4C61B","retained-local-only"
".omo/evidence/trained-vs-stage05-rf-method-closure/teacher-rf-recovery.json","38674","C0211F79A4155289C1499F32C84D8DBD46F311C36250A49057E6E38AC5EBB791","retained-local-only"
".omo/evidence/trained-vs-stage05-rf-method-closure/test_closure_artifacts.py","4606","164968C8C388C9CA473167826C4EDF0A11B6C23C9A0B51A823D7F33E73865564","retained-local-only"
".omo/evidence/trained-vs-stage05-rf-method-closure/test_closure.py","7839","3A2FF33964418637A0BBDA54825B3122EB136D2A7D8B6CDFF690C76363016E23","retained-local-only"
".omo/evidence/trial-scaling-rf-identifiability/bank-build.log","349","C799389B162F23C385A0AEB08F4539947040F964298934C4C00E2332B8E4D222","retained-local-only"
".omo/evidence/trial-scaling-rf-identifiability/commands.json","584","1C9CE80322F1AEF0EC96113C1D47785C83E772002F4464E3FBDAD3BAB22FDFB5","retained-local-only"
".omo/evidence/trial-scaling-rf-identifiability/current-research-status.md","1082","A0E080E0CD2624496DC4522091C8197B485D18CC43F965F5118579043EDE14CD","retained-local-only"
".omo/evidence/trial-scaling-rf-identifiability/identity-manifest.json","10406","7D803CB52006245C5F80DBEFF5E20E933DB7D0ADE4F2FB11F9835814260EDCEC","retained-local-only"
".omo/evidence/trial-scaling-rf-identifiability/null-distributions.json","91584516","28234AF6F48ECA9486FB3001980C2ECDD655A7682CA531EDB384F5943D914591","retained-local-only"
".omo/evidence/trial-scaling-rf-identifiability/numerical-validation.json","2172","96E3107C35B1C977D4ED0DD640D873B414BE99947687012F81BF80C3965D55BA","retained-local-only"
".omo/evidence/trial-scaling-rf-identifiability/oracle-regularization-results.json","1505348","9BE1BC1C0E084CFE5D4E5C6DEB1EC72DF3D4F7693B4B0865B0C8A8135EF05C18","retained-local-only"
".omo/evidence/trial-scaling-rf-identifiability/per-bank-metrics.csv","31607","3FBD24069DB8B80884AF9A78B7F37622C876162C136B0FE7F7BEDB8C5E6AA7A1","retained-local-only"
".omo/evidence/trial-scaling-rf-identifiability/per-cell-metrics.csv","581835","26D8D3C990B6D03D795C9E8858E284E6BEE2851199B370DF480F9C2E39FEA79B","retained-local-only"
".omo/evidence/trial-scaling-rf-identifiability/rf-tensors/trial-scaling-rfs.pt","85537786","836F3AE8707564E1A236F3C8211A573DB247EC29A13324D3438FA427BC64C98C","retained-local-only"
".omo/evidence/trial-scaling-rf-identifiability/run_trial_scaling.py","6389","4DEC69BE94AA95FB4E14A60C9F181ACE2F697405E1FC9128A70783780D9AD602","retained-local-only"
".omo/evidence/trial-scaling-rf-identifiability/run.log","881","C284378454065505EAABB82685D70AC9D40E1900F581750BF1B75BD3FFC997B8","retained-local-only"
".omo/evidence/trial-scaling-rf-identifiability/sample-complexity-summary.json","100157","25954CCAAFB69343E8DE77DAE0E1F1055F255106F53B9F22281EAF063410A5F7","retained-local-only"
".omo/evidence/trial-scaling-rf-identifiability/trial_artifacts.py","9493","F78F3FE0B0551C62125E92B8D542089D61E8A2112801E6FDA1F15B1D62C88FA6","retained-local-only"
".omo/evidence/trial-scaling-rf-identifiability/trial_banks.py","4271","8EEE559A2E638DC48607CBBCF96C88FE1764F68809FE8EE5CAE14A435B4BF633","retained-local-only"
".omo/evidence/trial-scaling-rf-identifiability/trial_contract.py","5538","498DF8FCA8C98811313F91186A180340C7CCBC0A9418D6B14362A9B289EAB603","retained-local-only"
".omo/evidence/trial-scaling-rf-identifiability/trial_experiment.py","6251","564B512A70C018F310C3D4C718E5DD65EC1F6300504BE05908C87715C0285ECE","retained-local-only"
".omo/evidence/trial-scaling-rf-identifiability/trial_fitting.py","5538","2A24E6B00DCAF96B76CE12858D46FC327FF5BFF204F61E4F54241627DB6A2799","retained-local-only"
".omo/evidence/trial-scaling-rf-identifiability/trial_nulls.py","7163","6C256313E3814F0B46377B37E3B1043467749903B01990EB9809891920D6EBC9","retained-local-only"
".omo/evidence/trial-scaling-rf-identifiability/trial_oracle.py","8676","F49C146962B8E71C8A3D0BD12F217F27FBAC8F6369DB77EF327F9D1ADAE84AE0","retained-local-only"
".omo/evidence/trial-scaling-rf-identifiability/trial_reports.py","5518","02C9D87B9A9F096A3061C49D69FE0E831FFEB3BFCFC98BA8F418E5C1BF50E868","retained-local-only"
".omo/evidence/trial-scaling-rf-identifiability/trial_statistics.py","2832","D1CA8F071B932FCA48B8BAA0C6C5E5547282C8F2C571D5CA1B2BE342C3B82559","retained-local-only"
".omo/evidence/trial-scaling-rf-identifiability/trial_summary.py","4547","E3E69ACFD0EBB9A9A8D443151D37298E17C06E1EBFD1C23955ABE6406356F878","retained-local-only"
".omo/evidence/trial-scaling-rf-identifiability/trial_types.py","225","B6174E443924900232DCD0EAFA317C4D431A85F781517D933E658EF79A29930A","retained-local-only"
".omo/evidence/trial-scaling-rf-identifiability/trial_values.py","2218","AA8254BF5DD32EA14FB8C86396332C560D0520730F5CF3766F4558E8821D9C5B","retained-local-only"
".omo/evidence/trial-scaling-rf-identifiability/trial-bank-manifest.json","2372","ED49B3CB0F3CAB6194F10E874FE0FD69081D396C2BC1DD9CE75C12BD9A6DFA13","retained-local-only"
".omo/evidence/trial-scaling-rf-identifiability/trial-banks/train-autoregressive_trial_specific_history.pt","91751888","95E44B3111D8573C7B6B26C5ED371FBCE199B18009BB6269FBA662C603483CDE","retained-local-only"
".omo/evidence/trial-scaling-rf-identifiability/trial-banks/train-fixed_history_conditional_sampling.pt","91751873","C01623314B066D9A34FCCBE0BF3581392B688797F71A910E1E906446EA714C65","retained-local-only"
".omo/evidence/trial-scaling-rf-identifiability/trial-banks/validation-autoregressive_trial_specific_history.pt","15730153","429925BAC62F82EBF89A901679F3F0DA7F1116827BC3086D49E5FE7E7A7A31D8","retained-local-only"
".omo/evidence/trial-scaling-rf-identifiability/trial-banks/validation-fixed_history_conditional_sampling.pt","15730138","BF44519431C951D05701205E25F536DCADBE77A0D50974704BC78E8AF48D1460","retained-local-only"
".omo/evidence/trial-scaling-rf-identifiability/trial-scaling-results.json","3855490","02B68552E8644F478D955BAE18D09B573C047ADC7204F1F71D9D7D12B5A3F420","retained-local-only"
".omo/evidence/v3-mechanism-preserving-readout/commands.json","348","0D70FFE69D76604BA19E76EDC8B5630042CF5EE2D554BBE485233AFA6C09067A","retained-local-only"
".omo/evidence/v3-mechanism-preserving-readout/experiment-config.yaml","516","842890508A3EC235EC99BB221D421881A89DDD824AD2BFBC4752093AD731E9E9","retained-local-only"
".omo/evidence/v3-mechanism-preserving-readout/gate1-results.json","174984","8DF90AB2DB037633D3BF73D9971AF56B616C235487E92484E9A1430892A9051C","retained-local-only"
".omo/evidence/v3-mechanism-preserving-readout/identity-manifest.json","800","7B5A82F2F68C97C4D4AE9D4EDBD3C4CD8E03D8D29938CE11F188EE5B5C209532","retained-local-only"
".omo/evidence/v3-mechanism-preserving-readout/per-cell-metrics.csv","57110","1F40BBFED9988E883C20B2F631BD63DF28A95CBEC2EA434160A302D995E42C55","retained-local-only"
".omo/evidence/v3-mechanism-preserving-readout/run.log","2240","2F2B7A9E0DB4F3D2F8556AE48AD993073310ABAF877BF465F75E4232F0997F92","retained-local-only"
".omo/evidence/v3-mechanism-preserving-readout/runtime-monitor.jsonl","1156","EB6E64A8004FB48AB2F33CF752C23BBC2C72E1DE99263C87DDBA11786A87EC7B","retained-local-only"
".omo/evidence/v4-cell-identity-basis-gate/basis-projection-results.json","7010","1A10F7F28728D4F407EB2B34E4C2E15CECA755902F3B1189017EEE83790F3782","retained-local-only"
".omo/evidence/v4-cell-identity-basis-gate/commands.json","430","5633BBE512D3E568C794C55F42DB13C2A192C49CD90DF3D9EE14E3F88FF3BF90","retained-local-only"
".omo/evidence/v4-cell-identity-basis-gate/discriminant-residual-results.json","431","A459BC6A5673A9C2AC4633D9A0DEDEBF1A7F359491C3BB41FE900BD868A471B2","retained-local-only"
".omo/evidence/v4-cell-identity-basis-gate/experiment-config.yaml","805","8521EEAFD8F4012FF2D2A356A43F09B3E88E8C19D2B7DBE71C0BC95B36F0237A","retained-local-only"
".omo/evidence/v4-cell-identity-basis-gate/identity-manifest.json","3217","6E2A853689CDCB7EF49DB9AFD64B079FA5B557B13BE13E14B5F8E97610053185","retained-local-only"
".omo/evidence/v4-cell-identity-basis-gate/per-cell-metrics.csv","5602","41CCE6F894E8A1376D78803FF7D67F7917C0EDB9EA1BF0F91C4C25EECBAF8483","retained-local-only"
".omo/evidence/v4-cell-identity-basis-gate/run.log","199","00624DEB6216C77A0AA17C1E7A7FCAB6C3BC1DC5E63FC3EC9A8DBF69566137E4","retained-local-only"
".omo/evidence/v4-cell-identity-basis-gate/runtime-monitor.jsonl","183","54D66AFE76D5EB9B9A0ACA92F40D931E491860951E952E501EBBDAEBAEF28F4D","retained-local-only"
".omo/evidence/v4-cell-identity-basis-gate/teacher-identity-results.json","19379","60672035233798C69D5A7EAB34B7E6E618D7B7A60EF20B841FB8BA4E3301EA13","retained-local-only"
".omo/evidence/v4-control-recovery-and-final-gate/basis-control-results.json","22434","7C33D2E7165958142E04F97358DFEE7731B36BA2049F418EFF9EFD7E3CB3F7D8","retained-local-only"
".omo/evidence/v4-control-recovery-and-final-gate/commands.json","498","D80DC5A7D9D8BFF080DA4493FFE0C302EE692E2F3A52BEA6B3C6D6FCAFAB42B3","retained-local-only"
".omo/evidence/v4-control-recovery-and-final-gate/experiment-config.yaml","994","F38112B30FDF4BE14E49FF1AAD1CE374AF29C81781954D9607EB307ABE9D56D8","retained-local-only"
".omo/evidence/v4-control-recovery-and-final-gate/identity-manifest.json","2164","1BDF69714DDE591C48793A4A87B489AC036D5E65B73F64B14CDEAAE31F82BB4C","retained-local-only"
".omo/evidence/v4-control-recovery-and-final-gate/per-cell-metrics.csv","3993","4F31888F2C4C37D834DBB27E4D47D89FE30ED75E7DD457CE833A640049A45B9F","retained-local-only"
".omo/evidence/v4-control-recovery-and-final-gate/run.log","2210","6E4C007C8A0B06468A37091F1DF0B10CAF52EFE04D86995ABDEDE4F2D7392AEC","retained-local-only"
".omo/evidence/v4-control-recovery-and-final-gate/runtime-monitor.jsonl","593","33E3E70B0B7C312488A9290EDBEB17B9557CCFC5BA39729CA316F56706E11E63","retained-local-only"
"data/real/karamanlis_2024/Manual.pdf","188091","C61C5BA51FB42509D43299321772AF92126DD4936F3B899B478928639F270C90","retained-local-only"
"data/real/karamanlis_2024/sessions/20220208_252MEA_marmoset_right_s4.zip","115851431","504C2EE0F4AF777C3FA73E77BCFC64E637F56EB81284A7A6EB6A82D9897E8590","retained-local-only"
"data/real/karamanlis_2024/sessions/20220208_252MEA_marmoset_right_s4/expdata.mat","19536","6DBB3B5DF335D8320850CEFEB7EBC44F89E15BDBB7555512AE05251B6ADEF22E","retained-local-only"
"data/real/karamanlis_2024/sessions/20220208_252MEA_marmoset_right_s4/frozencheckerflicker_data.mat","25345246","263EA968E5892187C43220935D4E8A742DE9139EC731968BE25C59E36D9EAFA7","retained-local-only"
"data/real/karamanlis_2024/sessions/20220208_252MEA_marmoset_right_s4/gratingflashes_data.mat","17724244","252DAB68CC266AB89501898BB45091922E0ED78E057099137A73DB57E54637C8","retained-local-only"
"data/real/karamanlis_2024/sessions/20220208_252MEA_marmoset_right_s4/imagesequence_data.mat","75879260","6D755C62CFD8E9CA8B4C986AA9A9E5DBF542699D950A396E280F865EBF9A77FD","retained-local-only"
"data/real/karamanlis_2024/sessions/20220301_252MEA_marmoset_left_n1.zip","157998139","3E4E75C675942E2547E5E650F76AB9CA1398EC989E23795F113A8A315BF9D69A","retained-local-only"
"data/real/karamanlis_2024/sessions/20220301_252MEA_marmoset_left_n1/expdata.mat","24528","B465FC72F69A7578D6E409AF8EF427DA13FC474D6CCDB14983EB8D5F205843C6","retained-local-only"
"data/real/karamanlis_2024/sessions/20220301_252MEA_marmoset_left_n1/frozencheckerflicker_data.mat","45967330","5D758C8AF4501E92D3DFF929DE9E58594637E95627E24EF2D86A97A6EA5B47B7","retained-local-only"
"data/real/karamanlis_2024/sessions/20220301_252MEA_marmoset_left_n1/gratingflashes_data.mat","33926245","378F1E6363F6C0A3D3EECA6513A40007F85E21862FDF59473C7E4E9C0C9F8595","retained-local-only"
"data/real/karamanlis_2024/sessions/20220301_252MEA_marmoset_left_n1/imagesequence_data.mat","82889658","13A4209FB689E233D8EAE250E30B9A224CB13D704F9AD0EADE5FEC4DBC26E3D4","retained-local-only"
"data/real/schottdorf_lee_2021_macaque/1x10_256.mpg","265338036","328E229E160EAB35028F063468CC2E167045FC8C9FCDBE4A8E7823142A752A67","retained-local-only"
"data/real/schottdorf_lee_2021_macaque/lSS01254.txt","155856","2D393E6F4B6E5F89ED622C32EA198FB15AD3B574B421F20E5EEA99DE56412414","retained-local-only"
"data/real/schottdorf_lee_2021_macaque/lSS01300.txt","321011","F753EDB5282F25622B5B663ECC4602168DC1D0A6050295E70F04AC46DC8C853F","retained-local-only"
"data/real/schottdorf_lee_2021_repository/data/Cell List.docx","94011","515DD0C69FE51818FEA77040BD1CDB798725D2883157255AD331FCB44C2F9C5F","retained-local-only"
"data/real/schottdorf_lee_2021_repository/data/CellsList.docx","141510","DC2EF780A2A31A1B4E01FF63072C2F524389D2604AD03503860D931E6966EC67","retained-local-only"
"data/real/schottdorf_lee_2021_repository/data/lSS01071.txt","307455","B912E43CB384D511A364DE6AC216225664FCC0F76B209FB83D938547496FFF56","retained-local-only"
"data/real/schottdorf_lee_2021_repository/data/lSS01078.txt","126667","8EA079AF74184C5B699A55452AB689947B37CA56ACCC3CD3110ECEB36FE76FA5","retained-local-only"
"data/real/schottdorf_lee_2021_repository/data/lSS01079.txt","338296","B5C9C293F7C6A7457319C482B23A42B52560256C0E2A8E97304F506AC4B32A9A","retained-local-only"
"data/real/schottdorf_lee_2021_repository/data/lSS01086.txt","147844","6A0B1802D861A71B17188FEB938B6860100FC84BB818109212A9ABFA28D46139","retained-local-only"
"data/real/schottdorf_lee_2021_repository/data/lSS01087.txt","381513","B14AE8121E35329A00FFEB3964F433AD753E8BB092427B30C062BFE715B011B8","retained-local-only"
"data/real/schottdorf_lee_2021_repository/data/lSS01110.txt","128357","A26245459DD0AF5422C3E2E4075D02B787943734AA80432246802B8EFA07270A","retained-local-only"
"data/real/schottdorf_lee_2021_repository/data/lSS01112.txt","341264","2F235ECDB35FEF636DEE5644CB956F20F416DB86482B5FC2E3AB607AB84F8E08","retained-local-only"
"data/real/schottdorf_lee_2021_repository/data/lSS01130.txt","61451","8AA1E7CD3E84DE3728485173D7FD40FE23F4C1EF47A32B18E9028A2567A0E4CC","retained-local-only"
"data/real/schottdorf_lee_2021_repository/data/lSS01131.txt","140808","88D200C534DA7179F47611FEB976716A46EAA349F26A1F1200E377DCBED9E727","retained-local-only"
"data/real/schottdorf_lee_2021_repository/data/lSS01141.txt","153686","A72D545A2C71EAC7F14D4FAD5408629076566D1E3B94F43A1FC63763D473B914","retained-local-only"
"data/real/schottdorf_lee_2021_repository/data/lSS01142.txt","357547","4AEBC3B4E76EFF4B58F85B2227C33A2E0B7A2CC7435E739509BED197EBBFDC74","retained-local-only"
"data/real/schottdorf_lee_2021_repository/data/lSS01159.txt","225144","28B5A076D39AD1BBA8A71F3D9D6F5732882229EB4B21FDF5E02F7F1A54E5AAE6","retained-local-only"
"data/real/schottdorf_lee_2021_repository/data/lSS01160.txt","583584","74E5456B5D65C45D4C5C99F1D962C390B6F63C4A11EA83391CB744EE2F4350A5","retained-local-only"
"data/real/schottdorf_lee_2021_repository/data/lSS01167.txt","98120","F530368663D7869B757211DAF26AC0B239BCC51FB85C0D69C775471D94CDB6BF","retained-local-only"
"data/real/schottdorf_lee_2021_repository/data/lSS01168.txt","274829","3124A9A8003A1EAC28495A817D385E7ACA74A8D0DAED8A29A9B14BDD85E50ADD","retained-local-only"
"data/real/schottdorf_lee_2021_repository/data/lSS01178.txt","41944","AE4A0E93F3945A82E72F90567A3F678B9A8F522A04ECF743109BBEC415F063DD","retained-local-only"
"data/real/schottdorf_lee_2021_repository/data/lSS01180.txt","111012","27CC90CDD6506563440478FE6972725A87A6A7A013863ABDAC7399D1DE5F84F0","retained-local-only"
"data/real/schottdorf_lee_2021_repository/data/lSS01181.txt","190602","5F63376C7B52F9E4AEA3A60488EF81CAEB6D0B8FC4361B0C7CF8969BDB6E3404","retained-local-only"
"data/real/schottdorf_lee_2021_repository/data/lSS01183.txt","479677","834CD5C12C8F734FFE6C073579A52F46F608DEC04BE96B93EF2CB378CC3222AB","retained-local-only"
"data/real/schottdorf_lee_2021_repository/data/lSS01184.txt","100514","E6F873105275BA94C9BDB48447651E93D9EC77EB5F107BF3EF9A176946BC3710","retained-local-only"
"data/real/schottdorf_lee_2021_repository/data/lSS01194.txt","112035","F7FF1B87E8BC0220D1C875E8B738957733FFF6D41C524C5517D075B4BE054E3F","retained-local-only"
"data/real/schottdorf_lee_2021_repository/data/lSS01196.txt","354110","2A314DEF8F0B1B3DB16EC4928F4317CCC1F9BBBFDF59241DC545110215DA83B1","retained-local-only"
"data/real/schottdorf_lee_2021_repository/data/lSS01221.txt","311825","7A892D39D3DECF76D50705175CA5ED31AE8141B4A859DEEDFEC1E115D8F35E53","retained-local-only"
"data/real/schottdorf_lee_2021_repository/data/lSS01225.txt","87090","77B8590967D4C87443F9A2051CC615E96C3D789AA88D6159E4EA0DC1D1ED6A4C","retained-local-only"
"data/real/schottdorf_lee_2021_repository/data/lSS01227.txt","269888","F968087B85A4584A9C75E8D8A24C8DA5E8A724B856AA1CC14F06131998026B99","retained-local-only"
"data/real/schottdorf_lee_2021_repository/data/lSS01229.txt","76463","48BE9E7907E940EDCEAE3DC8794BBA16C1E8B2F4DBE4C4E752CF412D1BD0778B","retained-local-only"
"data/real/schottdorf_lee_2021_repository/data/lSS01231.txt","192064","5BE23305CB2316E753CE377BCB2ABF7DD2925BF8CDCA25F5843BD1DB6F5B836D","retained-local-only"
"data/real/schottdorf_lee_2021_repository/data/lSS01251.txt","186069","7ACCBB5CA931A6DAB0A0ABC31D3FA26C2E7C64F0A282BC6199D93196CDD9464B","retained-local-only"
"data/real/schottdorf_lee_2021_repository/data/lSS01252.txt","464938","15124CD47349640FE0A9B0436CCE5A4CA57D9DBFC552D8D334C723AAC0D4FC71","retained-local-only"
"data/real/schottdorf_lee_2021_repository/data/lSS01254.txt","159028","4069314BCAFE9A28F8E329BB4D72F77773EBC0D5523C4E1A355CC09EA89BDF12","retained-local-only"
"data/real/schottdorf_lee_2021_repository/data/lSS01256.txt","136398","74790A90E633D2F76AB35E58937D3EA60C56587BFF1050061D3CC150C99DBF68","retained-local-only"
"data/real/schottdorf_lee_2021_repository/data/lSS01257.txt","366798","56F59FF3DF7839BE095D5D6329A27E771B5FE8F0EE5D3B4169F43BB3AD2CF2E0","retained-local-only"
"data/real/schottdorf_lee_2021_repository/data/lSS01258.txt","164915","926B3EF523F3DD10BAB6E003BD47645F5B4065C960EB1353D3D5B1FED3C6FB16","retained-local-only"
"data/real/schottdorf_lee_2021_repository/data/lSS01259.txt","456641","FF52FE98DA0B5E734EE5CB20E9664BE30FC1A1125957C49F1D4BBCBF63682C61","retained-local-only"
"data/real/schottdorf_lee_2021_repository/data/lSS01270.txt","152317","F63F15687683B0D53365E57304EA91649279EAEF92A978A1C91F03CA227D6B46","retained-local-only"
"data/real/schottdorf_lee_2021_repository/data/lSS01278.txt","119771","86F4DFF94FA25C167D0515090A2902A992C9DB1944734980A6DBC0D8A014AC86","retained-local-only"
"data/real/schottdorf_lee_2021_repository/data/lSS01284.txt","130091","29D57670E3F9E33143D46770D5CAF6410CFAE6E4A1407497FDFE1BE946635112","retained-local-only"
"data/real/schottdorf_lee_2021_repository/data/lSS01285.txt","344674","DED8786133475525B9E7BDCD3999E0C8C108437715BB92D96EC4ABDE3F374F29","retained-local-only"
"data/real/schottdorf_lee_2021_repository/data/lSS01287.txt","87016","A983945596E5B67A4752700CE6DD573211D6DA5D9E7D1E8E19456243DB740D4C","retained-local-only"
"data/real/schottdorf_lee_2021_repository/data/lSS01299.txt","125572","F26BDF244B693B5DFF575392E2A886878F3AD677BAAED185B500DB12AD17005B","retained-local-only"
"data/real/schottdorf_lee_2021_repository/data/lSS01300.txt","345140","ADE77687B9C32BF2AD6D80BB92A1DC29617FB860A643B770E793C43282C2AFE6","retained-local-only"
"data/real/schottdorf_lee_2021_repository/data/lSS01302.txt","107158","F764E0E19ED5EB2DC3BF54359D0F52CB0EFCB05185A26AB2C7123C94359C2A2C","retained-local-only"
"data/real/schottdorf_lee_2021_repository/data/lSS01303.txt","326881","8A61B8E2FFEBB404B0F4C91A8A99AE8BBA019784F1EA71DBCAD383E0AA42E730","retained-local-only"
"data/real/schottdorf_lee_2021_repository/datacite.yml","2630","A1CD5BDCFB3E3E4DACBC17D8C9155F20EC5DA7083D63E4394A9DFCC449A54AA7","retained-local-only"
"data/real/schottdorf_lee_2021_repository/exampleRFs/Fig2publication.xlsx","64","1022AC83F32FEDDDD621A5B4C35A1C5D21383544B91A9F91772231EF69123F6D","retained-local-only"
"data/real/schottdorf_lee_2021_repository/exampleRFs/Fig3publication.xlsx","3092078","D9D02A8927C1BF20609D9D5E2214CFB05F2A9A41464A2C015DDC721DDCF753F2","retained-local-only"
"data/real/schottdorf_lee_2021_repository/LICENSE","13231","B7489A7DF44753526B3A62AD05C31940F5E56C288E9895D7537E42F8849B3A79","retained-local-only"
"data/real/schottdorf_lee_2021_repository/README.md","11859","AEC20C21A4B00D58AFAA4144F44C77B8B850F555871E20DC57F1562B4A831EF2","retained-local-only"
"data/real/schottdorf_lee_2021_repository/retinatools/__init__.py","1024","5F70BF18A086007016E948B04AED3B82103A36BEA41755B6CDDFAF10ACE3C6EF","retained-local-only"
"data/real/schottdorf_lee_2021_repository/retinatools/library.py","11252","92FC28AC16177BD314910254C41E346334ADEC374E60B2F3CC369F8CCFB0A50F","retained-local-only"
"data/real/schottdorf_lee_2021_repository/run_model_HPC/Bon-cell.mp4","64","5CEEFCB29CDA7031E5428CC1EE71812D95C09124288F9E36B112AD8D039D4E96","retained-local-only"
"data/real/schottdorf_lee_2021_repository/run_model_HPC/data/19796315.out","88585","021CF4C1A85EBB3B90672A9F843E4E76CDA0234CEBCC42D11B8B18149C54BA25","retained-local-only"
"data/real/schottdorf_lee_2021_repository/run_model_HPC/data/19796884.out","88582","D4D1A0BF140239CA68AD2F1D9470004401478EF0365AF66DB845A726B59B0C2B","retained-local-only"
"data/real/schottdorf_lee_2021_repository/run_model_HPC/data/19829503.out","88578","9BEB6579F4BF0DFE557A93E2222EC2278B0D5CF567C0D4F216AA70FB0E55D63E","retained-local-only"
"data/real/schottdorf_lee_2021_repository/run_model_HPC/Gon-cell.mp4","64","2F1451D7F7E8F173C2B8DDAB8D2746F9A40104AACCB0A0786678263C130BF0D5","retained-local-only"
"data/real/schottdorf_lee_2021_repository/run_model_HPC/make_movie_BO.py","4832","FB84BD881DE39F4F2995129525077F722C39C4370E8D218DFB7493EC98FBCD49","retained-local-only"
"data/real/schottdorf_lee_2021_repository/run_model_HPC/make_movie_from_files.ipynb","6060","5755EFD38EC3890F8C72915FBDBFA9926E29DEF60736D8C2FB48CDA11F80E3E7","retained-local-only"
"data/real/schottdorf_lee_2021_repository/run_model_HPC/make_movie_MC.py","5101","0CB28385B91F0072354D54EF0B320AB6EA6DC844D69A0DC9E7AAE722B7228077","retained-local-only"
"data/real/schottdorf_lee_2021_repository/run_model_HPC/make_movie_PC.py","4929","9C682E05DACE8D0CD24F316835F7A33D5F0D79E2CC2B65E19B652932D1545076","retained-local-only"
"data/real/schottdorf_lee_2021_repository/run_model_HPC/off-cell.mp4","64","30F34286F2617106B295C57E602CCEE2715099FF0E3228B4A30B10A904ADE540","retained-local-only"
"data/real/schottdorf_lee_2021_repository/run_model_HPC/on-cell.mp4","64","49B2F4CC9503D9F7E3D51B24B0C526850935708D86508220A20F91414264158C","retained-local-only"
"data/real/schottdorf_lee_2021_repository/run_model_HPC/Ron-cell.mp4","64","877F54C12809FCCCB2081DA1F23601D041A3F11CE306631249619ECE193970FB","retained-local-only"
"data/real/schottdorf_lee_2021_repository/run_model_HPC/run_python.sh","827","12512AAE73626CACF52C56F9F6CC0EE0F0A4E6849D170EE338718D7AD93E18F4","retained-local-only"
"data/real/schottdorf_lee_2021_repository/run_model/.ipynb_checkpoints/BlueOn-checkpoint.ipynb","83080","173482F0DD5FCC53ADBD490C11E8798392A04D8F99D4E393A9F1ED0313A7D99E","retained-local-only"
"data/real/schottdorf_lee_2021_repository/run_model/.ipynb_checkpoints/MC_off-checkpoint.ipynb","109215","91E5E3CA9D37DD6C73F76A3AB1D3EF604F233C5CAAED485A551E5678CD057940","retained-local-only"
"data/real/schottdorf_lee_2021_repository/run_model/.ipynb_checkpoints/MC_on-checkpoint.ipynb","119931","81C6BE4465F663DA5039081AF054EB550F7FB031E19D7A427B28F3453E2B7785","retained-local-only"
"data/real/schottdorf_lee_2021_repository/run_model/.ipynb_checkpoints/PC_Gon-checkpoint.ipynb","121146","383488C4A4F794AC08D2C2ECCE201FC990351E951E95A420CB22754E5105E51C","retained-local-only"
"data/real/schottdorf_lee_2021_repository/run_model/.ipynb_checkpoints/PC_off-checkpoint.ipynb","88896","8479A33938BD4C5C8A2BEED47CA8B1EC91FDB9A9727F47B40D64FDB46948B8C9","retained-local-only"
"data/real/schottdorf_lee_2021_repository/run_model/.ipynb_checkpoints/PC_Ron-checkpoint.ipynb","104099","BF97EBD99A2CBB9384D7C7EBA9F537AA6E82CFBF4318657E53FD6C271EBF9B4A","retained-local-only"
"data/real/schottdorf_lee_2021_repository/run_model/.ipynb_checkpoints/Piecharts-checkpoint.ipynb","10359","0B6DD9C2A458484D47F80B31BAEDF4D8C50DB72EAE1D93C8DA93EC12CBCF881C","retained-local-only"
"data/real/schottdorf_lee_2021_repository/run_model/078Moff_time_cell_fit.csv","282063","0BF0619787D609312A541B157AAC3F96D71FC85A3D1EBE6B1ED9EDE37077052F","retained-local-only"
"data/real/schottdorf_lee_2021_repository/run_model/078Moff.pdf","22770","1354B27DE31AA835D74AF52EC9F509F425864F09FD860CA160F0C018128DACDB","retained-local-only"
"data/real/schottdorf_lee_2021_repository/run_model/110Ron_time_cell_fit.csv","282171","2B066FCEBCCE76B5D8982CD210AB009CF2EF7F75C4B24FA89EBC52F6FA120825","retained-local-only"
"data/real/schottdorf_lee_2021_repository/run_model/110Ron.pdf","23293","CBF0160DCBE5702FAFBF1407C761E6720DD32CDCB713E2B99AEBF50E014E5C1C","retained-local-only"
"data/real/schottdorf_lee_2021_repository/run_model/130Gon_time_cell_fit.csv","282152","95FFAE88DDF21BC7A5504C4D41625B32B611014033322366F3336C4DB2EEF89C","retained-local-only"
"data/real/schottdorf_lee_2021_repository/run_model/130Gon.pdf","23310","CF754ED177AE300ED1ACAB6B9BADFAE3FD540ED78959EA615D4BA965162593E8","retained-local-only"
"data/real/schottdorf_lee_2021_repository/run_model/178Bon_time_cell_fit.csv","284389","D52E7C22E2AEE431E7A248F17D069EFA319C382C15BE40AB1A2E580E3A13A926","retained-local-only"
"data/real/schottdorf_lee_2021_repository/run_model/178Bon.pdf","21371","8043C3BC22065DAFF60C4865AB45138AF56F72B91B70A46868312862D939FAF7","retained-local-only"
"data/real/schottdorf_lee_2021_repository/run_model/299Mon_time_cell_fit.csv","283180","41AFC68FCE5AB4975CED402CA24B1E0F2DAC438FFE35CFFD467DB9CFE12D8D37","retained-local-only"
"data/real/schottdorf_lee_2021_repository/run_model/299Mon.pdf","22244","7F20952972FED48FBE9CC4D6A7D2514F64778D85D2303E45F17606D2B537AF54","retained-local-only"
"data/real/schottdorf_lee_2021_repository/run_model/BlueOn.ipynb","83080","173482F0DD5FCC53ADBD490C11E8798392A04D8F99D4E393A9F1ED0313A7D99E","retained-local-only"
"data/real/schottdorf_lee_2021_repository/run_model/data/File078Moff.txt","150318","767BE8ABA603B830A8E8FFC93C5227943492D906CE4DF902BB466816A7206CAE","retained-local-only"
"data/real/schottdorf_lee_2021_repository/run_model/data/File110Ron.txt","146987","1CEB40AA40AB4B4048BF5BB2A34D9C139C4DB9EC14431E8453D51A74A554B65A","retained-local-only"
"data/real/schottdorf_lee_2021_repository/run_model/data/File130Gn.txt","141871","2D93C8B2AD24208126F8592EDC5E2834C8A2007DEAFC6FC8F205E54C908FB91C","retained-local-only"
"data/real/schottdorf_lee_2021_repository/run_model/data/File167Ron.txt","149451","61487E76AC3124529C28DE7CA8C623E1A15B1EBFD929662DEF5EEB203B052363","retained-local-only"
"data/real/schottdorf_lee_2021_repository/run_model/data/File178Bon.txt","126870","14D9A89C0B24CAE9884403F2BFD84A11449980264D6EA66C063092BA98EDE56B","retained-local-only"
"data/real/schottdorf_lee_2021_repository/run_model/data/File181Moff.txt","155317","F876E5FAEE6CC9483EAF83F2F3BBDD9A74F487B4AE1E7AD599FC99D62D01F38A","retained-local-only"
"data/real/schottdorf_lee_2021_repository/run_model/data/File194Ron.txt","151008","ED30DEEE042D7E0B8C0742DC9844DE5865C6D4C5395C519C91A8AC8C0B8439C8","retained-local-only"
"data/real/schottdorf_lee_2021_repository/run_model/data/File225+L-Moff.txt","156585","4B0F574C905B6D67B53C97730A5EA00F740F48968F3B18B0D3E48F3C1108C940","retained-local-only"
"data/real/schottdorf_lee_2021_repository/run_model/data/File229Bon.txt","149714","D7332E86D2F377077BC01C4CEC1B158BAD1F0909A326BEE03475289D7E65E765","retained-local-only"
"data/real/schottdorf_lee_2021_repository/run_model/data/File254Mon.txt","143981","8F42404AAD8826849C13A699E9395EFDCC20BF89747B80FB984A6C50AFE438E1","retained-local-only"
"data/real/schottdorf_lee_2021_repository/run_model/data/File256Moff.txt","151039","E1B9703EB40006CDDFBCC5F1BF036AA45B3E1DEB9524CDF9E0F9D26F9B477DE7","retained-local-only"
"data/real/schottdorf_lee_2021_repository/run_model/data/File258Mon.txt","147178","40277B9277AF116AFF495E24ACB845A6AEE3778E0F7D42133152B7E658C04453","retained-local-only"
"data/real/schottdorf_lee_2021_repository/run_model/data/File284Gon.txt","161686","82CEBFCF8A170E69B7FE865CF5C894AAC9A1A645004EF51747E75B430D198699","retained-local-only"
"data/real/schottdorf_lee_2021_repository/run_model/data/File287Gon.txt","155114","0C1FF3BC98B3CCDA3ABED62206B7581F4D940FE1B4354749D5F75A2F0115CD8C","retained-local-only"
"data/real/schottdorf_lee_2021_repository/run_model/data/File299Mon.txt","142003","684EF44119E8A478B40871E3B74E9336F244BF915E4568FDA9E02EC0279CD97C","retained-local-only"
"data/real/schottdorf_lee_2021_repository/run_model/data/File302Bon.txt","163864","CFACD7670777C0245A5470403695BA18927EFB61AECCAC27F87F21C5C7C1E0A2","retained-local-only"
"data/real/schottdorf_lee_2021_repository/run_model/MC_off.ipynb","108731","8A8C5A5C22F569060B6CFB561387D2BB3E7AD9E51D178A6DF0C7D8BCFB5BF598","retained-local-only"
"data/real/schottdorf_lee_2021_repository/run_model/MC_on.ipynb","119568","B50214C03D2AC540C1B6F1FACDC1812C9DDA8F390FFE378C97A2E2871227E023","retained-local-only"
"data/real/schottdorf_lee_2021_repository/run_model/PC_Gon.ipynb","121146","383488C4A4F794AC08D2C2ECCE201FC990351E951E95A420CB22754E5105E51C","retained-local-only"
"data/real/schottdorf_lee_2021_repository/run_model/PC_off.ipynb","88896","F723C51B697C4BDCB435C05DCDD912D9AB0E3AA6D83FAA42A1FB9B363F1803CB","retained-local-only"
"data/real/schottdorf_lee_2021_repository/run_model/PC_Ron.ipynb","104099","BF97EBD99A2CBB9384D7C7EBA9F537AA6E82CFBF4318657E53FD6C271EBF9B4A","retained-local-only"
"data/real/schottdorf_lee_2021_repository/run_model/Piecharts.ipynb","10359","0B6DD9C2A458484D47F80B31BAEDF4D8C50DB72EAE1D93C8DA93EC12CBCF881C","retained-local-only"
"data/real/schottdorf_lee_2021_repository/stimuli/1x10_256.mpg","65","24D59AE9BD0D0DAECF6157AF2AEF7D4342A44649035E24B1AB373F989ECE4DC4","retained-local-only"
"data/real/schottdorf_lee_2021_repository/stimuli/GunSpectra.jpg","56395","214BD94F6D79484DE89BE12AB7971B9FDF44A438EFE1FFA0F4FE842C06A69190","retained-local-only"
"data/real/schottdorf_lee_2021_repository/stimuli/GunSpectra.txt","39938","0C570201BA48F280E1C3916E9B0145225EDD804EC7C16586B0DB51A82DBFBD6F","retained-local-only"
"data/real/schottdorf_lee_2021_repository/stimuli/Spaceflowershow.mpg","64","4FE163CCB53CAC4C348DCEE2351D6B889370FF384E44C80AF3058E801F4ED392","retained-local-only"
"data/real/schottdorf_lee_2021_repository/stimuli/timeflowershow.mpg","1281132","D686F19FD34A2807EC7DA64736BEDC4B02D7DF1A0E879BCDE6AB12A9A65ADBF8","retained-local-only"
"output/audits/canonical_v1_correctness_patch_20260831/lineage/reference/67_14__illusion.npz","7375412","F91D47559DDCECD117CC196199000B046253A850F88205B20E081A4C0C2531F6","retained-local-only"
"output/audits/canonical_v1_correctness_patch_20260831/lineage/reference/67_14__temporal.npz","1758583","52131F87D034D8D52A4733BEAD574F5467FB9893D543714A183F565A967A52DE","retained-local-only"
"output/audits/canonical_v1_correctness_patch_20260831/lineage/reference/67_21__illusion.npz","7246439","EC2A833B28783FFEF5DD3D296B05913FE1D1D81275783FE9D93D84447CA092B2","retained-local-only"
"output/audits/canonical_v1_correctness_patch_20260831/lineage/reference/67_21__temporal.npz","2090385","74DE728A2EC8AB053EE84E58D79BB93498B9CAE9F4C34FA1E35F96821F215E6F","retained-local-only"
"output/audits/canonical_v1_correctness_patch_20260831/lineage/reference/67_26__illusion.npz","7279919","3C38EAF137558E85DA3129CB7EAAE0DDFACD933590083FA24188E234014F2FAF","retained-local-only"
"output/audits/canonical_v1_correctness_patch_20260831/lineage/reference/67_26__temporal.npz","2051071","DAA6729ED529B72FEDC184AB6EC0C942D5A45A44E293241AD77C479FB5B85BE0","retained-local-only"
"output/audits/canonical_v1_correctness_patch_20260831/lineage/reference/67_33__illusion.npz","7455231","B1DA9E8919DE097521343DA8CA3D529F3442F1A7578CBC53260A37907705AB7D","retained-local-only"
"output/audits/canonical_v1_correctness_patch_20260831/lineage/reference/67_33__temporal.npz","1688661","3E34656A870061545B33EE77BEF4F0FAFB1B8336C48255DE7BF9E4FEA64085A4","retained-local-only"
"output/audits/canonical_v1_correctness_patch_20260831/lineage/reference/67_34__illusion.npz","7408820","F8F8F424640F6CD62D4B0698D08FF65FF4074B011886DD8225FC0C2770322F84","retained-local-only"
"output/audits/canonical_v1_correctness_patch_20260831/lineage/reference/67_34__temporal.npz","1857127","34FD87C560A6C46EEFD0031CCFBE11DDDF765878E40441782AC97B4379BCB2FC","retained-local-only"
"output/audits/canonical_v1_correctness_patch_20260831/lineage/reference/67_4__illusion.npz","7404896","61839119874667F0D86D8B8DA2D725039F6270CA5F1CB62036A3CB95EFE7F177","retained-local-only"
"output/audits/canonical_v1_correctness_patch_20260831/lineage/reference/67_4__temporal.npz","2122384","6B5B0A9FFD8A50D08151C158B431DDDB7B5601650D1338644A8F140809C04F8C","retained-local-only"
"output/audits/canonical_v1_correctness_patch_20260831/lineage/reference/67_6__illusion.npz","7418331","AE5D2932C5558B0D9EEF033A0BE7C9018C5AA2ADDDF5EBB715AB21EF0C1543BE","retained-local-only"
"output/audits/canonical_v1_correctness_patch_20260831/lineage/reference/67_6__temporal.npz","1684902","C03C7485DA0AC85002EC4A188AC6945191CD9069A260937D7296D70404504E3B","retained-local-only"
"output/audits/canonical_v1_correctness_patch_20260831/lineage/reference/67_7__illusion.npz","7284482","B3FA61281CDBAF73860B708B0AB745C8F896131AB9458E522640B19C05350139","retained-local-only"
"output/audits/canonical_v1_correctness_patch_20260831/lineage/reference/67_7__temporal.npz","1831137","C401D853C48864618E55592DFAE715B66CB5B97367FA349940AB305FA951E3BB","retained-local-only"
"output/audits/canonical_v1_correctness_patch_20260831/lineage/reference/68_10__illusion.npz","7408223","47053390682A0D7AF21EFC1C0BAA32AAA0B490EEE00E1B160529422B14320A67","retained-local-only"
"output/audits/canonical_v1_correctness_patch_20260831/lineage/reference/68_10__temporal.npz","2091949","3DF8F24FF3641510F3E712671B38ADFA9D982D876595EC04263381E5EA5ED0EB","retained-local-only"
"output/audits/canonical_v1_correctness_patch_20260831/lineage/reference/68_11__illusion.npz","7310299","A483C951A4B352D3AB0D87875FF957B5A387AC0DC6BD3AFEAE46CA59BF4864FA","retained-local-only"
"output/audits/canonical_v1_correctness_patch_20260831/lineage/reference/68_11__temporal.npz","2261559","1A771DF4FE198B5A8D76963824E3196C5504A7978348AD4360D37986FEE9644E","retained-local-only"
"output/audits/canonical_v1_correctness_patch_20260831/lineage/reference/68_3__illusion.npz","7257831","08742E37D17B30200381C4EA5499309DD2DDDA74ECA9DDDA2462435749D0A0E8","retained-local-only"
"output/audits/canonical_v1_correctness_patch_20260831/lineage/reference/68_3__temporal.npz","1857312","C666043E3D444AA880E773E39E9FCE83EED2C616B347C72481D406CD9F811AB7","retained-local-only"
"output/audits/canonical_v1_correctness_patch_20260831/lineage/reference/68_4__illusion.npz","7384070","2303265896DA9E10435E35CED704E3E8329F76E626BE317BA83B09CC1CD395E2","retained-local-only"
"output/audits/canonical_v1_correctness_patch_20260831/lineage/reference/68_4__temporal.npz","2433717","99962A94B86D064C7FD3AFB67315F38A32F4819233AFCDADD34AAC6D4EA4E0EF","retained-local-only"
"output/audits/canonical_v1_correctness_patch_20260831/lineage/reference/68_7__illusion.npz","7430702","34A83E4CA4F55953E0E76E4ADF4D0338C33B3B26BCCF7D2E31B9963B518A4C10","retained-local-only"
"output/audits/canonical_v1_correctness_patch_20260831/lineage/reference/68_7__temporal.npz","2138909","E4D9DFCA842B4D6EEEAAE018BB795213B7A1C82748FB39A3B188E253DCEE6255","retained-local-only"
"output/audits/canonical_v1_correctness_patch_20260831/lineage/reference/69_21__illusion.npz","7462435","565C4A1EE6082E6A0289B4601112DAB6BE793B977FB21656ABD4963B876887AF","retained-local-only"
"output/audits/canonical_v1_correctness_patch_20260831/lineage/reference/69_21__temporal.npz","2192520","FE5B359B995AF29BD45F6F4938B1A7863898C91F5CC9D65BB983394439C8001B","retained-local-only"
"output/audits/canonical_v1_correctness_patch_20260831/lineage/reference/69_3__illusion.npz","7543149","2BFF9D6641B6E6C7D0B5BA022083C82082AE7E4E41FD8A66F94E7FC1FC6908FB","retained-local-only"
"output/audits/canonical_v1_correctness_patch_20260831/lineage/reference/69_3__temporal.npz","1568803","E6CA812FC12A8D62CED4BBA171625322C2B393687EB98C0C05F73325B5F8CBA4","retained-local-only"
"output/audits/canonical_v1_correctness_patch_20260831/lineage/reference/69_4__illusion.npz","7218214","0C2B558A581D95C077E50D0742FF1BD42A815DBDA613A3FCF66472B10E3D909B","retained-local-only"
"output/audits/canonical_v1_correctness_patch_20260831/lineage/reference/69_4__temporal.npz","2130540","4E420B8FB383E524C6DC3E229EEC0295320CFC77B1B3E0AF2F49AA547F6A7CD7","retained-local-only"
"output/audits/canonical_v1_correctness_patch_20260831/lineage/reference/69_6__illusion.npz","7369247","7257D8B9D5C19AC16F56F8BA57E9AF29E30D2222B261388799E330770C9F060D","retained-local-only"
"output/audits/canonical_v1_correctness_patch_20260831/lineage/reference/69_6__temporal.npz","1676751","5D9F1573CBB0217F3A3403A5645BA56252305AC85618BB2536580B73C50E1813","retained-local-only"
"output/audits/canonical_v1_correctness_patch_20260831/lineage/reference/69_7__illusion.npz","7270401","E04156FF7844A114B44DF5A792E8C1BFF9AEFEA0F945A524D98D82E0F0314059","retained-local-only"
"output/audits/canonical_v1_correctness_patch_20260831/lineage/reference/69_7__temporal.npz","1852226","E8E5F1E7BD894476FEA95178BFE2C6EEF205C8214F329FB367C6A6EB5DF07E66","retained-local-only"
"output/audits/canonical_v1_correctness_patch_20260831/lineage/reference/70_1__illusion.npz","7352516","6B4BC012235CF88C961A2E0F5F8FA099E007BD25B2592792D6614346E03E9CF9","retained-local-only"
"output/audits/canonical_v1_correctness_patch_20260831/lineage/reference/70_1__temporal.npz","2401887","9736E993116C80E131736998914D73C343443B7C973D3FECC76BBCBA32373F1A","retained-local-only"
"output/audits/canonical_v1_correctness_patch_20260831/lineage/reference/70_15__illusion.npz","7392571","A898CEE4D3D45D426BD76DB8157371B20FF043DB31B50C8639D3BD55E540021C","retained-local-only"
"output/audits/canonical_v1_correctness_patch_20260831/lineage/reference/70_15__temporal.npz","2153828","21D88AAEF1750ED5164D62F0D97C94CD7F4F47567CD643B7EB223FE2C2B266C9","retained-local-only"
"output/audits/canonical_v1_correctness_patch_20260831/lineage/reference/70_34__illusion.npz","7239677","D02019807361D3A73DEF881943B9F756C1A943472A49AC2AFA73064BA6FCE818","retained-local-only"
"output/audits/canonical_v1_correctness_patch_20260831/lineage/reference/70_34__temporal.npz","1887657","5028A52C320E947238340BBA92EEF470B9F855C891C3465316381E5F0EBF9E40","retained-local-only"
"output/audits/canonical_v1_correctness_patch_20260831/lineage/reference/70_7__illusion.npz","7327064","6800392DE2C6CD7ACE3198FAE2322C6D1B7CA6CB249075A64ED781F3FA063015","retained-local-only"
"output/audits/canonical_v1_correctness_patch_20260831/lineage/reference/70_7__temporal.npz","1908314","D1E6B118BD92C0A5BB062B5B04236BA8B7DD494761EF97C7BBECBAE6261FBD9E","retained-local-only"
"output/audits/canonical_v1_correctness_patch_20260831/review_qa_pytest.log","8455","65B013B65CF5D69ED418B635B67F384140E4DA1CB01352B3D63811A07ED8B487","retained-local-only"
"output/audits/illusion_history_semantics_20260831/67_14_responses.npz","180481","3F11D2BC8FA18AD04652F3F50C00F42BF46FEF298D6F574F7700C7A748EBE6CD","retained-local-only"
"output/audits/illusion_history_semantics_20260831/67_21_responses.npz","166387","02BCF774C583E9631405C2B2B66579EC7C270C27969BACC378404F5E8BF08892","retained-local-only"
"output/audits/illusion_history_semantics_20260831/67_26_responses.npz","167564","88E299107B579DD966F379D9EC50B9477BECC29E0681402DF2736B3367DDBD45","retained-local-only"
"output/audits/illusion_history_semantics_20260831/67_33_responses.npz","747454","5BA5451E1E299CC7031E6B3585831120DE9E2D3776E4681ACF42AA93D4B86E2E","retained-local-only"
"output/audits/illusion_history_semantics_20260831/67_34_responses.npz","181231","54B0E53CDBBC1B7B54D20675324E4CF367B708C93FB401EC7801EF7E28261390","retained-local-only"
"output/audits/illusion_history_semantics_20260831/67_4_responses.npz","801727","16B356E4B0CF087C5513122A7EA97D74673EA7DE8214EB36C6F6B604FC209243","retained-local-only"
"output/audits/illusion_history_semantics_20260831/67_6_responses.npz","169933","35DFF20BFA46DC6B81CDAA8C070A9988C68E99AC5B0DDB0CBD37F6FA40F68224","retained-local-only"
"output/audits/illusion_history_semantics_20260831/67_7_responses.npz","783511","FD03BE27EC1F75B2A1188A1EC6C2EBBEED1D316A083E8519D871FCFBADA24155","retained-local-only"
"output/audits/illusion_history_semantics_20260831/68_10_responses.npz","185371","C419B5AB31FD8E7167ED7DBBA5C9F2211BCF4E854E725618FDCC5E38FF4380DE","retained-local-only"
"output/audits/illusion_history_semantics_20260831/68_11_responses.npz","185446","9DE5D4CA08F3B1A36ED7DED086A6480F050AD18295689B5FC34830E32775CD8E","retained-local-only"
"output/audits/illusion_history_semantics_20260831/68_3_responses.npz","186472","E83778742DD91AD4BF4E46CC99CE68259BBBEDDBD3952172FDC15BC55017D013","retained-local-only"
"output/audits/illusion_history_semantics_20260831/68_4_responses.npz","202534","7336E589A289916D9F7511E0414D693484B949A066FA57D16DEFECEAB03D649B","retained-local-only"
"output/audits/illusion_history_semantics_20260831/68_7_responses.npz","187564","E8919A57B66F6E1799209D4DBECBFBB4065870BE8BD72A79654C80FE8BCE3850","retained-local-only"
"output/audits/illusion_history_semantics_20260831/69_21_responses.npz","170146","203711D9ED952DAD023BF7D0A5F795B2BF08A4230EF7F785C2A45FD9B3595D53","retained-local-only"
"output/audits/illusion_history_semantics_20260831/69_3_responses.npz","186751","0A4922C0E4146FA1376C0C412ECD0D2A3FA26CD5E59E68AD8E81C90723F6D7D2","retained-local-only"
"output/audits/illusion_history_semantics_20260831/69_4_responses.npz","190039","82B1089B99AA791ED532E66286A259C7D08DFAEE867D593E9A126B3C4F8566F9","retained-local-only"
"output/audits/illusion_history_semantics_20260831/69_6_responses.npz","176593","64BDBE2696058E0A26FEF22F35D06D8F79064BD4263B52B59A4E8033E7637827","retained-local-only"
"output/audits/illusion_history_semantics_20260831/69_7_responses.npz","184870","EF7AB7FF3F2D06CB9F5FDE3ECA4791470EBEAF0AFA8B55E9BF9F07A4C8DC9340","retained-local-only"
"output/audits/illusion_history_semantics_20260831/70_1_responses.npz","190408","67F9E5A90C1B90AF136EF09E0FA56F9C72A0CD2BE2383EEDFAEE37F004A2B6BB","retained-local-only"
"output/audits/illusion_history_semantics_20260831/70_15_responses.npz","201633","ABEDD46985702CB96B28E5A6E849B54BE75E97C50E12AD67AED24EA311A873E6","retained-local-only"
"output/audits/illusion_history_semantics_20260831/70_34_responses.npz","183349","33A07EFE9DCBFDE900807211AD58FAF57B889435D4A6EE3E39FD1CBFB84BD233","retained-local-only"
"output/audits/illusion_history_semantics_20260831/70_7_responses.npz","801742","9D8FCDB53636A238894DBEF4B3EB5EF4AA9FFBEF353F7D32770EDA50B15D543E","retained-local-only"
"output/bounded_differentiable_delay_learning_ac_temporal_perturbation/responses.pt","234192","00300D43C5B5DB842BE723A526C500F01AF481F21C0943D8FFA85B4D0CA7B442","retained-local-only"
"output/bounded_differentiable_delay_learning_ac_temporal_perturbation/rf-tensors.pt","13542","086C8A3DA09EED75BA0E456F1A83FA39E92EBBCF346B6F39CF527288771CE0CC","retained-local-only"
"output/bounded_differentiable_delay_learning_ac_temporal_perturbation/stimuli.pt","37904","F7AFBFA52DAEB2A58DCCD5D34B7B7151F0D514575B67FCF2DA52269EE6E7B8C9","retained-local-only"
"output/bounded_differentiable_delay_learning/rf-tensors.pt","54758","72584DA9C322B06FAD1EE1D3AD2B2E04C8660415830CEF3AD935728B3D5A2D68","retained-local-only"
"output/bounded_differentiable_delay_learning/sampled-data.pt","542519","4BC8182486F19A1779EB0EFCA65D801862153BFB34ABFF20B6BC33ED197ADA2C","retained-local-only"
"output/bounded_differentiable_delay_learning/student-raw.pt","29654","0D026B98A5326A5947C77DA6FA70088E80FE3DD047BAD70AE05E0C818E2BF095","retained-local-only"
"output/bounded_differentiable_delay_learning/student-trained.pt","29862","1940457B4755919E669BA945D2B6D074FB53BA47E50740F604595B2E5E2895B6","retained-local-only"
"output/bounded_differentiable_delay_learning/teacher.pt","29190","B6AB0837AAD2F9529634A44390D677316A0C349D96E1E63DFEE362AD25C7B00D","retained-local-only"
"output/clean_sampled_mechanistic_identifiability_ac_clamp/responses.pt","1381008","FF4B5C0B73BC2EA84802232F074301F27D8BBCFD4D09A4702C2D7951C2C28EE7","retained-local-only"
"output/clean_sampled_mechanistic_identifiability_ac_clamp/rf-tensors.pt","2465314","3FC60C22362939E07B802B28F321ED20DB2C68FC1A4FE23A4B700B92AC8943F1","retained-local-only"
"output/clean_sampled_mechanistic_identifiability/rf-tensors.pt","200738","C52EB0456D039ABDF1249E02EC654AE3D1B2B24BAF516B3AA0E206B7472ED604","retained-local-only"
"output/clean_sampled_mechanistic_identifiability/sampled-data.pt","542519","8DC25DBA474393756ACAC13C311C8D71053F4072A21D5855FE00646B5F1FAFD8","retained-local-only"
"output/clean_sampled_mechanistic_identifiability/student-raw.pt","27407","B54F1185EAAC46C5EF49DB0133DC11FA7E3FF5E4AA94219BF47FB63EDEA6381D","retained-local-only"
"output/clean_sampled_mechanistic_identifiability/student-trained.pt","27651","E1B16B5C0AAE784826D1F9EF77644B6682CB2F05B89909D26109B667ECB3800B","retained-local-only"
"output/clean_sampled_mechanistic_identifiability/teacher.pt","26843","D1EBADBC51DD47DFEA81BA654DB5B328426C9091883704DF0AC9C046C9C2D086","retained-local-only"
"output/pdf/current_model_math_training_zh_2026-08-29.pdf","311446","FC41C63A6B554EFF28A60688037AF4E720F6F490E72204593AD476C1C405BA01","retained-local-only"
"output/real_data/karamanlis_2024_population_rf_geometry_cell_gains_glm_baseline_v1/glm-trained.pt","169830","13E287848F3677EDF653468855BAB34D0C7A6B9EEF4488CBFCE9D0DBF689CC7B","retained-local-only"
"output/real_data/karamanlis_2024_population_rf_geometry_cell_gains_glm_baseline_v1/validation-predictions.pt","22689683","9B0D402D16EA27B6F2F27B4436530FE05B45269184786749E36EB99E223AE279","retained-local-only"
"output/real_data/karamanlis_2024_population_rf_geometry_cell_gains_seed20260302/model-best.pt","8747277","0A5DE3025AA3908369C8E8B5BC4B74E7131A5A74073C66A98DBDA1651E72A388","retained-local-only"
"output/real_data/karamanlis_2024_population_rf_geometry_cell_gains_seed20260302/model-raw.pt","8747156","304F05C640BEEA3E03A44DD41966DDCB6844C8C4D4B92AE7B056CC7ABAB79B8A","retained-local-only"
"output/real_data/karamanlis_2024_population_rf_geometry_pathway_mixture_v2_seed20260302/model-best.pt","8748499","A7317DCE2026737CA5F5AE99E8733B49AECDF3D65FEA0B3019FF862C707BE4D2","retained-local-only"
"output/real_data/karamanlis_2024_population_rf_geometry_pathway_mixture_v2_seed20260302/model-raw.pt","8748376","7AA3BE53BDA693B6A754334B5B81D5F7E65CB382302DE61A447F05385B8BCE01","retained-local-only"
"output/real_data/karamanlis_2024_population_v1/model-raw.pt","9178670","C5CBD05976FAC9A3114B9A9611A69AD8B8A10156C4EE2A3673C616BC1CE6A8F8","retained-local-only"
"output/real_data/karamanlis_2024_population_v1/model-trained.pt","9178878","066DA754A440186F4F54EDDE2F23439C6ABA99DFE5655A37DB1D96094009EF0A","retained-local-only"
"output/real_data/karamanlis_2024_v1_ac_perturbation_v3/responses.pt","53370517","1A1AD7B9587ED9021F0B1C7255B9176979E364ACEB9AD6733680FA109A97FBC7","retained-local-only"
"output/real_data/karamanlis_2024_v1_ac_perturbation_v3/temporal-rf.pt","27878","74BB4837B8CF094DDE5D7E7F483C0834CEB66E659ABA1BBC9A21FC535CE1ADE6","retained-local-only"
"output/real_data/schottdorf_canonical_v1_h1_ac_temporal_dissociation_20260830/figures/67_14.png","626925","4739B8E38A55284168CD2F97FB4B1FFC4B03A1E44411E22D244D850E3036C3F9","retained-local-only"
"output/real_data/schottdorf_canonical_v1_h1_ac_temporal_dissociation_20260830/figures/67_21.png","547594","E42AF924D7B270A35A049C995123A02714EFF96F38ADE015D36C94F756E23700","retained-local-only"
"output/real_data/schottdorf_canonical_v1_h1_ac_temporal_dissociation_20260830/figures/67_26.png","545264","CFDA5345E01AA862DEBF7E28A7F288675C8FB516448AECF88083CE78BF6D6074","retained-local-only"
"output/real_data/schottdorf_canonical_v1_h1_ac_temporal_dissociation_20260830/figures/67_33.png","590136","CFFE01B372EA70C774D6C7200AEB79F8CDA0D1A62E7959F4AC67D1CE9A2D2E07","retained-local-only"
"output/real_data/schottdorf_canonical_v1_h1_ac_temporal_dissociation_20260830/figures/67_34.png","562664","54C2ADBCE5863161705582BA9BBFABE2CF3FEBFB27CA0CAAEF21DEF20710140E","retained-local-only"
"output/real_data/schottdorf_canonical_v1_h1_ac_temporal_dissociation_20260830/figures/67_4.png","479492","91A7808DFC31960B6A25C208CAF125F6A8016B47B6F23CD61AE3D2FE4128C1D8","retained-local-only"
"output/real_data/schottdorf_canonical_v1_h1_ac_temporal_dissociation_20260830/figures/67_6.png","604932","7D9D130F7E7D40081BF2330E981547F7417E63B2AA3B84758F4826612101C96F","retained-local-only"
"output/real_data/schottdorf_canonical_v1_h1_ac_temporal_dissociation_20260830/figures/67_7.png","611612","9AF9FC613EF90ECD706712A8F10FDDC8C9DC0958F051AA4A67DFEC9D43834447","retained-local-only"
"output/real_data/schottdorf_canonical_v1_h1_ac_temporal_dissociation_20260830/figures/68_10.png","573269","F295A68058D2E3190FA51A4D083AE7E2A23FE49F28F1A4BCE2EC8243A7D26764","retained-local-only"
"output/real_data/schottdorf_canonical_v1_h1_ac_temporal_dissociation_20260830/figures/68_11.png","464707","215110DFB71A268B49001A275ACF52FE2D8CBF01957B41BE2A1F39C761F058CC","retained-local-only"
"output/real_data/schottdorf_canonical_v1_h1_ac_temporal_dissociation_20260830/figures/68_3.png","606114","122BF5A3C198A74A9E2E6911F5CAC59A9E89511BC4DF0F31EF97789AFE648F8A","retained-local-only"
"output/real_data/schottdorf_canonical_v1_h1_ac_temporal_dissociation_20260830/figures/68_4.png","580306","CB4C34610EB46F649EF8AB8C6E653DCCD908C49F4317FF397AC69E53EDB2C76B","retained-local-only"
"output/real_data/schottdorf_canonical_v1_h1_ac_temporal_dissociation_20260830/figures/68_7.png","509436","F3147352B7C3599ED3B85FEE787DD774CFF087DC33B9CFBECBD7D3BF555AF61A","retained-local-only"
"output/real_data/schottdorf_canonical_v1_h1_ac_temporal_dissociation_20260830/figures/69_21.png","513979","2797CD75C083591F613AEAC8307BDC00E8728EF092FDB9792834045C710BCB97","retained-local-only"
"output/real_data/schottdorf_canonical_v1_h1_ac_temporal_dissociation_20260830/figures/69_3.png","578442","5554F8CD9EDDE650746A31A18DD725DA2FA1F299E63A52C91BFB43B5006B125C","retained-local-only"
"output/real_data/schottdorf_canonical_v1_h1_ac_temporal_dissociation_20260830/figures/69_4.png","607857","23A04862654867EDF7B3700DF5693301389D16F5D6491CF8A4F5319B83B607A8","retained-local-only"
"output/real_data/schottdorf_canonical_v1_h1_ac_temporal_dissociation_20260830/figures/69_6.png","596328","E580CE3EF6B5F280465891B58F8936707C77494A1B1F3EA7740D294F9C2E7C6B","retained-local-only"
"output/real_data/schottdorf_canonical_v1_h1_ac_temporal_dissociation_20260830/figures/69_7.png","613911","1FEAE2D0B8E0A063605DE58428F16936993D21FA64E0551085AB2C2F71B19E59","retained-local-only"
"output/real_data/schottdorf_canonical_v1_h1_ac_temporal_dissociation_20260830/figures/70_1.png","546077","2DB6E0955FC20AA8682670E1E752DA6FDDAFD0C10F8ECCCB0B3280C4B3631ADA","retained-local-only"
"output/real_data/schottdorf_canonical_v1_h1_ac_temporal_dissociation_20260830/figures/70_15.png","502650","23F2921A74903DE683FD9BA52FACB0E1D68EEF54B4E44104A3456305B5115CF5","retained-local-only"
"output/real_data/schottdorf_canonical_v1_h1_ac_temporal_dissociation_20260830/figures/70_34.png","592941","1E8AA3880CEAF7496025F43D86EE737657544BF5DC0087C04266DA3EBCEB9B56","retained-local-only"
"output/real_data/schottdorf_canonical_v1_h1_ac_temporal_dissociation_20260830/figures/70_7.png","579233","6B1699BB5935B476C6E2CAE682ABE3C7A9D6620C6633681533AC78C9E6A461FD","retained-local-only"
"output/real_data/schottdorf_canonical_v1_h1_ac_temporal_dissociation_20260830/figures/all.png","573843","BAC23EF7F480CBC8B0910E6A492465161565125960D624DE6FECC8A044E923BC","retained-local-only"
"output/real_data/schottdorf_canonical_v1_h1_ac_temporal_dissociation_20260830/figures/effect-magnitude.png","65201","B5052594A95DBBA4C87528BA5F04D9B7DBD508AEDBEF272DD3E5DF761E54D99F","retained-local-only"
"output/real_data/schottdorf_canonical_v1_h1_ac_temporal_dissociation_20260830/figures/MC_OFF.png","602811","495A8AE2B5022B6E13D05BB68E36513742BFA4FFE91BAAFCECD968D6FA8EDD57","retained-local-only"
"output/real_data/schottdorf_canonical_v1_h1_ac_temporal_dissociation_20260830/figures/MC_ON.png","592590","536535C406951798237E640480569A7CCC376A4543AAA52F660FFA8A97872F4C","retained-local-only"
"output/real_data/schottdorf_canonical_v1_h1_ac_temporal_dissociation_20260830/figures/PC_OFF.png","538738","A7FB5A29A4F6CF8A53455BB1DB00448F1A83A397B6EA211F2813F750CB83278F","retained-local-only"
"output/real_data/schottdorf_canonical_v1_h1_ac_temporal_dissociation_20260830/figures/PC_ON.png","557129","105E4E346734FFA253FF6DABDB76396C2705B02A0751D652C92B39A7C6DE3A47","retained-local-only"
"output/real_data/schottdorf_canonical_v1_h1_ac_temporal_dissociation_20260830/figures/stimulus-waveforms.png","155339","D82BDC6E7068E4686CA5D377E4B03B2B1A1C0DC04F44E725FF67385ED344D219","retained-local-only"
"output/real_data/schottdorf_canonical_v1_h1_ac_temporal_dissociation_20260830/inputs.pt","20953602","D13BB86ED0D3BFCDD04DA8030F3B9E8E77A5EAA8296E725DD6E9E11F1CF61557","retained-local-only"
"output/real_data/schottdorf_canonical_v1_h1_ac_temporal_dissociation_20260830/responses.pt","7186490","5CE86165D645F720CB1D6BFF33F7EBCC8CB81BB2F27EF7706C121B668F7F822E","retained-local-only"
"output/real_data/schottdorf_canonical_v1_overlapping_support_development_22cell_20260830/analysis.log","463","6E3B7C3F5A3F4072D19EE69C7F0D567622EF8D759157E81641397A6DB625F7A8","retained-local-only"
"output/real_data/schottdorf_canonical_v1_overlapping_support_development_22cell_20260830/cells/67_14/model-inner-best.pt","218866","FE46DAF4B6D5ACB5A05329DB20A836F65BA7EE9E42F2D3F48DFB0B788D305A68","retained-local-only"
"output/real_data/schottdorf_canonical_v1_overlapping_support_development_22cell_20260830/cells/67_14/model-raw.pt","218026","EA8527D30D8DF03C291EA1E801B0E7621F10FEDA8FA8A234E50CB14F3E845404","retained-local-only"
"output/real_data/schottdorf_canonical_v1_overlapping_support_development_22cell_20260830/cells/67_14/model-trained.pt","218698","B75926BF09EC60165EEEE5A6762F80EC0E3A000BBA53F6D4D7104DC01F541365","retained-local-only"
"output/real_data/schottdorf_canonical_v1_overlapping_support_development_22cell_20260830/cells/67_14/validation-predictions.pt","75219","F3764946EEAFDAEB1564777EDFB560EDB4FE28C6F0AEDCE10E2854373656CCC7","retained-local-only"
"output/real_data/schottdorf_canonical_v1_overlapping_support_development_22cell_20260830/cells/67_21/model-inner-best.pt","218866","581E2B8D99D586EB17AA693F6036E2D0D0AACB07F2F9AF5C586008EF62A553F1","retained-local-only"
"output/real_data/schottdorf_canonical_v1_overlapping_support_development_22cell_20260830/cells/67_21/model-raw.pt","218026","B52DE9F424FC751866F2366E1CFE715A74AF8B5A71897BDEEBBC270502577147","retained-local-only"
"output/real_data/schottdorf_canonical_v1_overlapping_support_development_22cell_20260830/cells/67_21/model-trained.pt","218698","573E0C838FA0F113E8667955FA3A1FF1B88E212A6E5C7E2DB026EEDA2A09B877","retained-local-only"
"output/real_data/schottdorf_canonical_v1_overlapping_support_development_22cell_20260830/cells/67_21/validation-predictions.pt","75219","8490763858C87A077C85F4435674F784BCE6C6C682A2F806214024D2BBA7A1E3","retained-local-only"
"output/real_data/schottdorf_canonical_v1_overlapping_support_development_22cell_20260830/cells/67_26/model-inner-best.pt","218866","BBA6BF557DCE2304125042649521AB2480286ABE6B88B322B4B30F6847EA8CB2","retained-local-only"
"output/real_data/schottdorf_canonical_v1_overlapping_support_development_22cell_20260830/cells/67_26/model-raw.pt","218026","81AF9BF0DD24008B95D3C05D547C9D166FB7B2820B5D58937C2969BE73C06B8D","retained-local-only"
"output/real_data/schottdorf_canonical_v1_overlapping_support_development_22cell_20260830/cells/67_26/model-trained.pt","218698","028936CAF139E0B8E927935EEBAAEFA2AA779854CE7CC2FDCA00ABDB7CE22968","retained-local-only"
"output/real_data/schottdorf_canonical_v1_overlapping_support_development_22cell_20260830/cells/67_26/validation-predictions.pt","75219","FE3D2D97243D88A32498F8D6AE6EFB500F69DEEDF97F2E8BD8936511868A115C","retained-local-only"
"output/real_data/schottdorf_canonical_v1_overlapping_support_development_22cell_20260830/cells/67_33/model-inner-best.pt","218866","631B823CC520424C03659410CF2C4E80631C5089FA6FFDBDC32FAA86D231AF1E","retained-local-only"
"output/real_data/schottdorf_canonical_v1_overlapping_support_development_22cell_20260830/cells/67_33/model-raw.pt","218026","F829EAC56316C92F222BBA012851A33335B90C9D432AE39712DD14499B7E576A","retained-local-only"
"output/real_data/schottdorf_canonical_v1_overlapping_support_development_22cell_20260830/cells/67_33/model-trained.pt","218698","DE8310417B1DAC0C1A6594A96FED7F9D4C1063BDBAF9192628C818D1C0C98F09","retained-local-only"
"output/real_data/schottdorf_canonical_v1_overlapping_support_development_22cell_20260830/cells/67_33/validation-predictions.pt","75219","3054CA7A702B616EABFE995654E752813618F34AA012B33EAC9F5A99041178DD","retained-local-only"
"output/real_data/schottdorf_canonical_v1_overlapping_support_development_22cell_20260830/cells/67_34/model-inner-best.pt","218866","CC041D432978131D53FEFFAF929980927F243C47340D49FB8C6B9FC9271E4F34","retained-local-only"
"output/real_data/schottdorf_canonical_v1_overlapping_support_development_22cell_20260830/cells/67_34/model-raw.pt","218026","5D679F8A61D7460BB7C0CD30C304C441CDB2C0655C7CE4CB3FAA10D37B63D5A1","retained-local-only"
"output/real_data/schottdorf_canonical_v1_overlapping_support_development_22cell_20260830/cells/67_34/model-trained.pt","218698","3E1FAA617F1E17E071D172359B2AB6E23019C16CE5DE5C6901781629B4F1C298","retained-local-only"
"output/real_data/schottdorf_canonical_v1_overlapping_support_development_22cell_20260830/cells/67_34/validation-predictions.pt","75219","A3C35327FEB9F928253098D77C71BC63C088D03EA342B233E42234D73B9054A6","retained-local-only"
"output/real_data/schottdorf_canonical_v1_overlapping_support_development_22cell_20260830/cells/67_4/model-inner-best.pt","218866","1C72D3A8C280EFAA804AE767D9528725957AEDC7179A00971D0B087E5128C769","retained-local-only"
"output/real_data/schottdorf_canonical_v1_overlapping_support_development_22cell_20260830/cells/67_4/model-raw.pt","217962","5D13ADA7B07F5EF5402B9B5CBEB515213A55905EC84218290489158622576817","retained-local-only"
"output/real_data/schottdorf_canonical_v1_overlapping_support_development_22cell_20260830/cells/67_4/model-trained.pt","218634","42524F6C73FD0B8BA1306371154396815D676498DE5C33EA2B8C12B6A8632E68","retained-local-only"
"output/real_data/schottdorf_canonical_v1_overlapping_support_development_22cell_20260830/cells/67_4/validation-predictions.pt","12819","08D1EEA81E700F6B7216B82B4B772B338603766962CACF5A32B681500E3B40C5","retained-local-only"
"output/real_data/schottdorf_canonical_v1_overlapping_support_development_22cell_20260830/cells/67_6/model-inner-best.pt","218866","A729BDFC5571AF1B41393A7C01EC9DCC4E539EB61DDC2FB7C9EE743DB013EF61","retained-local-only"
"output/real_data/schottdorf_canonical_v1_overlapping_support_development_22cell_20260830/cells/67_6/model-raw.pt","218026","E2F24F3000A91794759B03A74090DE6B623AD9CED6431AB94F72A8C0C420405B","retained-local-only"
"output/real_data/schottdorf_canonical_v1_overlapping_support_development_22cell_20260830/cells/67_6/model-trained.pt","218698","F3AEFE07295AB857D95D3F6BB81B8E7C6920C4BFAEF78AA96837EFBC9B308393","retained-local-only"
"output/real_data/schottdorf_canonical_v1_overlapping_support_development_22cell_20260830/cells/67_6/validation-predictions.pt","75219","F694B64F73037E1614B3FE7FB27CC33CE685A69E9FFF49BD332600CFF9AF95A2","retained-local-only"
"output/real_data/schottdorf_canonical_v1_overlapping_support_development_22cell_20260830/cells/67_7/model-inner-best.pt","218866","30CBDE3D8D7416EE1C2BFE8C2DC75AD881189B07E33636BB17CD3489B93D1B09","retained-local-only"
"output/real_data/schottdorf_canonical_v1_overlapping_support_development_22cell_20260830/cells/67_7/model-raw.pt","218026","59A71BFE0CB4E63FEFB8BE89122B835C3C01DDCA891570B3F0489BC738C39B7B","retained-local-only"
"output/real_data/schottdorf_canonical_v1_overlapping_support_development_22cell_20260830/cells/67_7/model-trained.pt","218698","22ACA89E1768B5FA5891908C59F3227084BF6BA178B78CBFBCF4FE539A586BB4","retained-local-only"
"output/real_data/schottdorf_canonical_v1_overlapping_support_development_22cell_20260830/cells/67_7/validation-predictions.pt","75219","33B98B6BBC57CF9609CA5BFAFE69EEFDB99EFDB53D2CA00DE59E81E6321DCF20","retained-local-only"
"output/real_data/schottdorf_canonical_v1_overlapping_support_development_22cell_20260830/cells/68_10/model-inner-best.pt","218866","311FF27014BE178C34CE95EE2788070EAC84A577825A7F5BB470E9B9BF280FC6","retained-local-only"
"output/real_data/schottdorf_canonical_v1_overlapping_support_development_22cell_20260830/cells/68_10/model-raw.pt","217962","2998967462F2F8E13F47E06425E626F2BA5475159572A5CA3CBC4D3E3A90BB4E","retained-local-only"
"output/real_data/schottdorf_canonical_v1_overlapping_support_development_22cell_20260830/cells/68_10/model-trained.pt","218634","DD8C46E41B6C365778FCD0C492970425916429714F1C3496614253697F846421","retained-local-only"
"output/real_data/schottdorf_canonical_v1_overlapping_support_development_22cell_20260830/cells/68_10/validation-predictions.pt","12819","C00A93187C0A1E7D7503EE28542EFDBA9D48FDD29D31C3DE3D3D81EEF4537662","retained-local-only"
"output/real_data/schottdorf_canonical_v1_overlapping_support_development_22cell_20260830/cells/68_11/model-inner-best.pt","218866","35015B59CB54223602711481C1D478DC19122789647A5BA0A66B351D0561B304","retained-local-only"
"output/real_data/schottdorf_canonical_v1_overlapping_support_development_22cell_20260830/cells/68_11/model-raw.pt","218026","81F0B81A70C88CE99FEBE7036B6ED4B4E0AC18E911066FED36FA819150918C4A","retained-local-only"
"output/real_data/schottdorf_canonical_v1_overlapping_support_development_22cell_20260830/cells/68_11/model-trained.pt","218698","4C7BB058E27483883FE5538B19BBE9716C1AB7B27F3D180EAAC3454B5C75B4A4","retained-local-only"
"output/real_data/schottdorf_canonical_v1_overlapping_support_development_22cell_20260830/cells/68_11/validation-predictions.pt","75219","2ADC7C11C1863AEDFB9DDE87FE1B24DDAD4AD934B7A248A04983DFDAE0F1F245","retained-local-only"
"output/real_data/schottdorf_canonical_v1_overlapping_support_development_22cell_20260830/cells/68_3/model-inner-best.pt","218866","3FD0F78F59EB7C517382003B5C3FA818F8C635D18A8CA5202317B1005513A341","retained-local-only"
"output/real_data/schottdorf_canonical_v1_overlapping_support_development_22cell_20260830/cells/68_3/model-raw.pt","218026","B8EE516F03F6AF0714DC5113580103EBA1BF54CE80557E9E5B61019816BEF209","retained-local-only"
"output/real_data/schottdorf_canonical_v1_overlapping_support_development_22cell_20260830/cells/68_3/model-trained.pt","218698","6E195B441C3CDBB7C86B3E70B7FE14ED94BE8A1FAB41DBC6FB297D1A64610FD7","retained-local-only"
"output/real_data/schottdorf_canonical_v1_overlapping_support_development_22cell_20260830/cells/68_3/validation-predictions.pt","75219","15C4C41212042D9751F1A4E12C64FF704B39D047D6AC90610396498F00BB273F","retained-local-only"
"output/real_data/schottdorf_canonical_v1_overlapping_support_development_22cell_20260830/cells/68_4/model-inner-best.pt","218866","D8EEF730FF82C7F77B33315E3B82A4FDCA85412331A595CA241A7A25C113F19F","retained-local-only"
"output/real_data/schottdorf_canonical_v1_overlapping_support_development_22cell_20260830/cells/68_4/model-raw.pt","217962","CFDEEC28A8A1A2C1EC66CF36F3171958EEED34461FBE699D00BCD5BD877D81D4","retained-local-only"
"output/real_data/schottdorf_canonical_v1_overlapping_support_development_22cell_20260830/cells/68_4/model-trained.pt","218634","0F05C1A10538419013FE13107C4A92D26EC2EDA8155A2056C7579BFF57EE92EE","retained-local-only"
"output/real_data/schottdorf_canonical_v1_overlapping_support_development_22cell_20260830/cells/68_4/validation-predictions.pt","64979","3CFAF64E6FB892F6CC7C60E5B1CB3B3D6D5C8317CBB571DDD70E9DC0DDABA3B4","retained-local-only"
"output/real_data/schottdorf_canonical_v1_overlapping_support_development_22cell_20260830/cells/68_7/model-inner-best.pt","218866","40E75664B93B789A0022833330C3928D7549A392796C8C65A357873663881A8E","retained-local-only"
"output/real_data/schottdorf_canonical_v1_overlapping_support_development_22cell_20260830/cells/68_7/model-raw.pt","218026","D128CACC74E10DE563C5A9F720F94F737DF485EA68F715D222E0F31688050DF8","retained-local-only"
"output/real_data/schottdorf_canonical_v1_overlapping_support_development_22cell_20260830/cells/68_7/model-trained.pt","218698","B05761B0A8E9B4F7FF5DDBF440C935A46CC196CC8409FF06937A3A1E352AEABE","retained-local-only"
"output/real_data/schottdorf_canonical_v1_overlapping_support_development_22cell_20260830/cells/68_7/validation-predictions.pt","75219","0EB9DC592CCE3FFBB6FF8BF7C9B754D9ED7A3B8A2D0849627D6EC704F047C864","retained-local-only"
"output/real_data/schottdorf_canonical_v1_overlapping_support_development_22cell_20260830/cells/69_21/model-inner-best.pt","218866","73A58618DDB14B84016B5199A0B8248272A27DF693FCAE7CE42DBEEA41047415","retained-local-only"
"output/real_data/schottdorf_canonical_v1_overlapping_support_development_22cell_20260830/cells/69_21/model-raw.pt","217962","8A14A9C816BB799DA1B3FE0C9D7F59DD6F5DF3044E69A9D82091295007F95896","retained-local-only"
"output/real_data/schottdorf_canonical_v1_overlapping_support_development_22cell_20260830/cells/69_21/model-trained.pt","218634","BDCEB4CC7B8A9C9F7EC8FD9945D3BA49D9B6C364BF858EFB7AC9735A069E3ECE","retained-local-only"
"output/real_data/schottdorf_canonical_v1_overlapping_support_development_22cell_20260830/cells/69_21/validation-predictions.pt","64979","55494D562DE493B28327C8486477D517A3A59F7FB66CCAC79AA7014A31D37FBD","retained-local-only"
"output/real_data/schottdorf_canonical_v1_overlapping_support_development_22cell_20260830/cells/69_3/model-inner-best.pt","218866","52933D30393E3D95F1F8B6CCB67CC81FB7877B8689C1179774DA0A2FE884B641","retained-local-only"
"output/real_data/schottdorf_canonical_v1_overlapping_support_development_22cell_20260830/cells/69_3/model-raw.pt","218026","36341979DED13CC083B2F02C042394EA60062EBBD5715E61BE50646C09F191C5","retained-local-only"
"output/real_data/schottdorf_canonical_v1_overlapping_support_development_22cell_20260830/cells/69_3/model-trained.pt","218698","90BF6176839BE553519DDD0FD7A938C439732291D312E45C55C4171431AB84CC","retained-local-only"
"output/real_data/schottdorf_canonical_v1_overlapping_support_development_22cell_20260830/cells/69_3/validation-predictions.pt","75219","047A97852D8EBB99EFF6D518C79327C3CC0C0E2C089197B34F9A060369DD5928","retained-local-only"
"output/real_data/schottdorf_canonical_v1_overlapping_support_development_22cell_20260830/cells/69_4/model-inner-best.pt","218866","FDA35961B61CEC6A26425ECB22C89BF6B4C391C074D4FC1F06125BD373395B50","retained-local-only"
"output/real_data/schottdorf_canonical_v1_overlapping_support_development_22cell_20260830/cells/69_4/model-raw.pt","217962","9A6AEFECFC06363C68C9FAC747C7238D527F2F66063282CC3ACE564B54991093","retained-local-only"
"output/real_data/schottdorf_canonical_v1_overlapping_support_development_22cell_20260830/cells/69_4/model-trained.pt","218634","7E58AB37F0D3E9A6423F43B772CFDD10892D562095B44A23C770FB6BF6E85002","retained-local-only"
"output/real_data/schottdorf_canonical_v1_overlapping_support_development_22cell_20260830/cells/69_4/validation-predictions.pt","64979","2D669616E5F51A1A2D08ED945E67B0473F133EA7DD2BDDA9C72BB46AB823A868","retained-local-only"
"output/real_data/schottdorf_canonical_v1_overlapping_support_development_22cell_20260830/cells/69_6/model-inner-best.pt","218866","327E69CA32C064565C643F38CFB260D67F7AE939957BC3A97F007B42B8EB39E8","retained-local-only"
"output/real_data/schottdorf_canonical_v1_overlapping_support_development_22cell_20260830/cells/69_6/model-raw.pt","218026","1E9485C66147AFEE867525D90DAE5DA9F39EF22E2D90D0463CDEF81132BEA6CB","retained-local-only"
"output/real_data/schottdorf_canonical_v1_overlapping_support_development_22cell_20260830/cells/69_6/model-trained.pt","218698","46B73D6595022389B3FF2BE460DAED93141BC88F184F0F1CCE9BD1AF5C184646","retained-local-only"
"output/real_data/schottdorf_canonical_v1_overlapping_support_development_22cell_20260830/cells/69_6/validation-predictions.pt","75219","F5222F937DD90C940C2F5E4885D388F890A62099720DD39E2B0DB9DA7436F72D","retained-local-only"
"output/real_data/schottdorf_canonical_v1_overlapping_support_development_22cell_20260830/cells/69_7/model-inner-best.pt","218866","1EA457EEEABC92D082F49B90584BD1672457AD05EE2B08169B5A85259A88E3D6","retained-local-only"
"output/real_data/schottdorf_canonical_v1_overlapping_support_development_22cell_20260830/cells/69_7/model-raw.pt","218026","CA2E0605F23CD855B4511CC22D6892C31F5CC5915D5598A836901528EA91DBC2","retained-local-only"
"output/real_data/schottdorf_canonical_v1_overlapping_support_development_22cell_20260830/cells/69_7/model-trained.pt","218698","DAB669057B05BE214D5BCCF9F39A02FC3F02A9A1519CDF288EFC832D5EDABF63","retained-local-only"
"output/real_data/schottdorf_canonical_v1_overlapping_support_development_22cell_20260830/cells/69_7/validation-predictions.pt","75219","7D9841E8DB1B309FF1928FA513FB5E9111F8982EF197A725D598D72A9CBE4BA2","retained-local-only"
"output/real_data/schottdorf_canonical_v1_overlapping_support_development_22cell_20260830/cells/70_1/model-inner-best.pt","218866","656DBEEB2583C836E30EB6941C63DCCE99A0D493CC116E4964965D148BB2C33F","retained-local-only"
"output/real_data/schottdorf_canonical_v1_overlapping_support_development_22cell_20260830/cells/70_1/model-raw.pt","217962","5BAF8ACDC510C27EB425E61CFB9C0AFD422EE538AB44B3D08253D453CB9C43B7","retained-local-only"
"output/real_data/schottdorf_canonical_v1_overlapping_support_development_22cell_20260830/cells/70_1/model-trained.pt","218634","8BD86D371FC832F1E589400D490500E6FC7054C6E1034D4A89F6579D2935A2E1","retained-local-only"
"output/real_data/schottdorf_canonical_v1_overlapping_support_development_22cell_20260830/cells/70_1/validation-predictions.pt","64979","2273DFB9AAD3D5454EBF49E8F390FE033EB7696EA400F3849656CBDD3B779E55","retained-local-only"
"output/real_data/schottdorf_canonical_v1_overlapping_support_development_22cell_20260830/cells/70_15/model-inner-best.pt","218866","C647A49092A26FFC78A040E18DCAC1A12E34487AFBF065CDB322FB9F4B3D5E0E","retained-local-only"
"output/real_data/schottdorf_canonical_v1_overlapping_support_development_22cell_20260830/cells/70_15/model-raw.pt","217962","A7515E1E1AA4A5ECD8DCFB6908ED2450E7B0FFD03CCD9827867D3771CE4E39FE","retained-local-only"
"output/real_data/schottdorf_canonical_v1_overlapping_support_development_22cell_20260830/cells/70_15/model-trained.pt","218634","E27BA5FD3112B48E3F7A70D929B6124EC8D9944279AFC007DD031554EBDBE9E9","retained-local-only"
"output/real_data/schottdorf_canonical_v1_overlapping_support_development_22cell_20260830/cells/70_15/validation-predictions.pt","64979","ED400A8F7F1FDCBF208F6764BBEEBD5D68B3416D40DE4387C678AB5F6D6B842F","retained-local-only"
"output/real_data/schottdorf_canonical_v1_overlapping_support_development_22cell_20260830/cells/70_34/model-inner-best.pt","218866","FB36BFBFE936029AA52A685E27BCBFA887D4FF302FEB43EF9582E2515139C009","retained-local-only"
"output/real_data/schottdorf_canonical_v1_overlapping_support_development_22cell_20260830/cells/70_34/model-raw.pt","218026","8C34FDF331EC52B5DE4BE61DBB32F450EE4B624C317BE6F95792A0E890096C57","retained-local-only"
"output/real_data/schottdorf_canonical_v1_overlapping_support_development_22cell_20260830/cells/70_34/model-trained.pt","218698","48B8C208E37B4D5BD28031FD3D95FCB8277C1C2FC2508CE15B27EE6FCFDB5D32","retained-local-only"
"output/real_data/schottdorf_canonical_v1_overlapping_support_development_22cell_20260830/cells/70_34/validation-predictions.pt","75219","6CC182567D3835C29C4E79BE7DFB4CD5FFFD959B3806902BE712C868B13266C9","retained-local-only"
"output/real_data/schottdorf_canonical_v1_overlapping_support_development_22cell_20260830/cells/70_7/model-inner-best.pt","218866","EECE2CB43EB13ACAAE80BF5AF9C6F13D44CB21BF3724ADBB780B332A66734E8E","retained-local-only"
"output/real_data/schottdorf_canonical_v1_overlapping_support_development_22cell_20260830/cells/70_7/model-raw.pt","218026","67FCC9CB7F2CE4546235BD43524E9D482346477D138D4EE4F8A73377D7AE2986","retained-local-only"
"output/real_data/schottdorf_canonical_v1_overlapping_support_development_22cell_20260830/cells/70_7/model-trained.pt","218698","0B08FCEB0546CE2D9C16FB6B5BFC2376005FE865B3522DDBF8DB9D41BE8142E0","retained-local-only"
"output/real_data/schottdorf_canonical_v1_overlapping_support_development_22cell_20260830/cells/70_7/validation-predictions.pt","75219","69834EA862B226E5A3C269A75D4BCB26DD63C22E70E8F6994EDEA54D973DBAF2","retained-local-only"
"output/real_data/schottdorf_canonical_v1_overlapping_support_development_22cell_20260830/effective-parameters.pt","142770","4897F19101A53412D9EF06C811BB2CCB377298C1299E2D4AD5BCEE252E1102A9","retained-local-only"
"output/real_data/schottdorf_canonical_v1_overlapping_support_development_22cell_20260830/perturbation-tensors.pt","4488190","84920840617948ABB45992BAF01C069E4EF937A6944A45C3BE6419E0C88F4A8D","retained-local-only"
"output/real_data/schottdorf_canonical_v1_overlapping_support_development_22cell_20260830/rf-tensors.pt","1660140","D45D07656DA5D3E6B99860F3734293E59E57669626407CC3BC07236C70CCCC6D","retained-local-only"
"output/real_data/schottdorf_canonical_v1_overlapping_support_development_22cell_20260830/training.log","26686","B3DDE6F498822415233FE81263DD7F5D7C3FC24E763E36123063153019A386C5","retained-local-only"
"output/real_data/schottdorf_canonical_v1_overlapping_support_development_22cell_20260830/validation-normal-responses.pt","670162","6A23B18F37865BD23D11BBDF24C871A0FDF947D3A4C959B38839CD6F7DB68A47","retained-local-only"
"output/real_data/schottdorf_canonical_v1_overlapping_support_visual_illusions_20260830/replay.log","925","6A1C827AC18FEF1D73EFCAC193F1D1414BEA76689090D75FEAA658468E0A61A2","retained-local-only"
"output/real_data/schottdorf_canonical_v1_overlapping_support_visual_illusions_20260830/response-tensors.pt","17173255","22CE1C1C42B402F10DCC94CE52811EC4AD2D22B7080522B95C9851908F9E71F3","retained-local-only"
"output/real_data/schottdorf_canonical_v1_shared_bc_development_22cell_20260830/analysis.log","463","6E3B7C3F5A3F4072D19EE69C7F0D567622EF8D759157E81641397A6DB625F7A8","retained-local-only"
"output/real_data/schottdorf_canonical_v1_shared_bc_development_22cell_20260830/cells/67_14/causal-replay-tensors.pt","39658542","4D04BFE02B3E066D331D946EC9D292B6F4A9A3E057A2DAFC33ED04E704833335","retained-local-only"
"output/real_data/schottdorf_canonical_v1_shared_bc_development_22cell_20260830/cells/67_21/causal-replay-tensors.pt","39658542","1495F943DFCDAFFD87396C344DC9247FE095CE4DA1B75819491F8FBBA1C38F36","retained-local-only"
"output/real_data/schottdorf_canonical_v1_shared_bc_development_22cell_20260830/cells/67_26/causal-replay-tensors.pt","39658542","30EDD7BCDA768B2F8939EA26DBDF31D79448872851331CE655F15C3451C11FCF","retained-local-only"
"output/real_data/schottdorf_canonical_v1_shared_bc_development_22cell_20260830/cells/67_33/causal-replay-tensors.pt","39658542","192DB09129A1D08C2EA532E914245406A5A4BC32BF4FF555272F140FA3DB95A1","retained-local-only"
"output/real_data/schottdorf_canonical_v1_shared_bc_development_22cell_20260830/cells/67_34/causal-replay-tensors.pt","39658542","1519C85264F5B4D04A2A5E1BEA3B69D1CA169A1A9AE8407E40F27646D3597A8C","retained-local-only"
"output/real_data/schottdorf_canonical_v1_shared_bc_development_22cell_20260830/cells/67_4/causal-replay-tensors.pt","5674542","DACF844B1CE34F41CE1D84D1FE3BD14C3E8CBF4A3A457999AACA77DDB7342FF5","retained-local-only"
"output/real_data/schottdorf_canonical_v1_shared_bc_development_22cell_20260830/cells/67_6/causal-replay-tensors.pt","39658542","28850EFF9F45C6C5CA6EB61042639010FD4396D0CAB8CFDD9C4A10EDEC1546D9","retained-local-only"
"output/real_data/schottdorf_canonical_v1_shared_bc_development_22cell_20260830/cells/67_7/causal-replay-tensors.pt","39658542","147F207BD4FF2633BF3CD0DDA31F00F2835E7D35FB57C50F66DD0EEF1F56DCB8","retained-local-only"
"output/real_data/schottdorf_canonical_v1_shared_bc_development_22cell_20260830/cells/68_10/causal-replay-tensors.pt","5674542","3BFEAED6D0CC99EF8F9FDF179D420A12263FCF4C5848A3B2A2E07A070F3AF288","retained-local-only"
"output/real_data/schottdorf_canonical_v1_shared_bc_development_22cell_20260830/cells/68_11/causal-replay-tensors.pt","39658542","1A99444524A2E38C6949061EEE7DA2DCB693BA97696ABA76228EEBB64850EC3C","retained-local-only"
"output/real_data/schottdorf_canonical_v1_shared_bc_development_22cell_20260830/cells/68_3/causal-replay-tensors.pt","39658542","71879129257C57277B41596D0CF8E9316746A11A1877C7B2320F193141E7D7B6","retained-local-only"
"output/real_data/schottdorf_canonical_v1_shared_bc_development_22cell_20260830/cells/68_4/causal-replay-tensors.pt","33995054","DF07866F01BF382D0F1E064841E7CABAB002CC2D8A7DE1AC2DFF053B463B544D","retained-local-only"
"output/real_data/schottdorf_canonical_v1_shared_bc_development_22cell_20260830/cells/68_7/causal-replay-tensors.pt","39658542","34100DA6A58B4912D27D9213C1F50A1363765BF4D11007EF6DFA0185BA6BEE96","retained-local-only"
"output/real_data/schottdorf_canonical_v1_shared_bc_development_22cell_20260830/cells/69_21/causal-replay-tensors.pt","33995054","9E3976F68406131E025B71C97B0DD2E906EF81D8D0B30B5F76B850B342D7B7BF","retained-local-only"
"output/real_data/schottdorf_canonical_v1_shared_bc_development_22cell_20260830/cells/69_3/causal-replay-tensors.pt","39658542","CA2398E9724BB8DE8402DA0D57F49B2CFE16CFC0133627C7BF8629C653042263","retained-local-only"
"output/real_data/schottdorf_canonical_v1_shared_bc_development_22cell_20260830/cells/69_4/causal-replay-tensors.pt","33995054","1BF4887838C6B4DD8BCC5F9BCC9BA2A9B86E707A52719E03A1A032DEAAD38FD7","retained-local-only"
"output/real_data/schottdorf_canonical_v1_shared_bc_development_22cell_20260830/cells/69_6/causal-replay-tensors.pt","39658542","40F2DB4132FC93FDB96BFD1E170A053E059496D86477D55749C8B93A54E815A6","retained-local-only"
"output/real_data/schottdorf_canonical_v1_shared_bc_development_22cell_20260830/cells/69_7/causal-replay-tensors.pt","39658542","CAF49C0702B63AFDEE8926595636EA206149B3072436312371D4BE4D82DC4553","retained-local-only"
"output/real_data/schottdorf_canonical_v1_shared_bc_development_22cell_20260830/cells/70_1/causal-replay-tensors.pt","33995054","77FB091E0E2F89E8AD9914491D3294733A9A4FF24FD8CDE60814D969700257C5","retained-local-only"
"output/real_data/schottdorf_canonical_v1_shared_bc_development_22cell_20260830/cells/70_15/causal-replay-tensors.pt","33995054","8DBE59E5684AA0C9499C210C4C1C2383B2DC4C4F98A88A78FFE4755A321351D5","retained-local-only"
"output/real_data/schottdorf_canonical_v1_shared_bc_development_22cell_20260830/cells/70_34/causal-replay-tensors.pt","39658542","D824833C2BD783B151A9492053F7834A423942A73AD9159174DC155610E43661","retained-local-only"
"output/real_data/schottdorf_canonical_v1_shared_bc_development_22cell_20260830/cells/70_7/causal-replay-tensors.pt","39658542","BCEFD6E773943F5E3F2FEA99E9E94BAA64E266C221ADEEA159AFA71BCDCC69B6","retained-local-only"
"output/real_data/schottdorf_canonical_v1_shared_bc_development_22cell_20260830/training.log","21306","EBBFED782A72D7089544CF478670A20185ED445A3DE5B117A45723FA555FD9F8","retained-local-only"
"output/real_data/schottdorf_canonical_v1_shared_bc_frozen_applications_20260830/comparison-figures/diagnostic-67_14.png","167768","15A53793BB21F88527701EDAEAEAED0311E563913D492C9EB5F77F688773DAF2","retained-local-only"
"output/real_data/schottdorf_canonical_v1_shared_bc_frozen_applications_20260830/comparison-figures/diagnostic-67_21.png","169119","53E8C0348716DEA675920A67EDAF5E6FB3A4C1BF1143FF00540540B5BD80AB45","retained-local-only"
"output/real_data/schottdorf_canonical_v1_shared_bc_frozen_applications_20260830/comparison-figures/diagnostic-67_26.png","177520","FA6E986B5CB8DE0EB2CE254B7885150A5A13089431140F5068E500305A46BD81","retained-local-only"
"output/real_data/schottdorf_canonical_v1_shared_bc_frozen_applications_20260830/comparison-figures/diagnostic-67_33.png","175391","012DE45976273B703C795741884A239951F02267AF5507EF30FA81C2A8478AAB","retained-local-only"
"output/real_data/schottdorf_canonical_v1_shared_bc_frozen_applications_20260830/comparison-figures/diagnostic-67_34.png","161574","E0EF6BA5A341140F3E4D9FE7D23BDE9F266210B7574BDB1F3E47026E7F7B6D29","retained-local-only"
"output/real_data/schottdorf_canonical_v1_shared_bc_frozen_applications_20260830/comparison-figures/diagnostic-67_4.png","194603","D2B308FDB3F95A3792AB1C7C39FD10FC7AD336AD289225B0C603FC4E60B7B0C3","retained-local-only"
"output/real_data/schottdorf_canonical_v1_shared_bc_frozen_applications_20260830/comparison-figures/diagnostic-67_6.png","176108","BD74348A610A46BB5D4C4728F9415B006310133211B74325EA07F39013D40F45","retained-local-only"
"output/real_data/schottdorf_canonical_v1_shared_bc_frozen_applications_20260830/comparison-figures/diagnostic-67_7.png","180960","C288C14EF2089F0BCB67C68304E1BA38A5CFA6357FD9835EDD657AB50FC99D8D","retained-local-only"
"output/real_data/schottdorf_canonical_v1_shared_bc_frozen_applications_20260830/comparison-figures/diagnostic-68_10.png","162356","6183E38AB2E98267454AFFF1A0CBAF06CF25A0697F29D239D044EE5433330801","retained-local-only"
"output/real_data/schottdorf_canonical_v1_shared_bc_frozen_applications_20260830/comparison-figures/diagnostic-68_11.png","191437","99661DC48C080135CCF8F7F547E6AEF843AC7686178510747F5C453C6689D885","retained-local-only"
"output/real_data/schottdorf_canonical_v1_shared_bc_frozen_applications_20260830/comparison-figures/diagnostic-68_3.png","170902","7EFFCCBA6B1E6D6F2A707858F217D7C3BD0D0CB41E9ACB84BDD351100D4243B7","retained-local-only"
"output/real_data/schottdorf_canonical_v1_shared_bc_frozen_applications_20260830/comparison-figures/diagnostic-68_4.png","167552","813C22630D6892B826B93A5A4E4A5EA18B35FABB09EAC1845015735791CB0898","retained-local-only"
"output/real_data/schottdorf_canonical_v1_shared_bc_frozen_applications_20260830/comparison-figures/diagnostic-68_7.png","185204","7799897DD9CB4F9C4DCE1ACB14571D51A22F99BC9AA8AF766CF057950D44C11B","retained-local-only"
"output/real_data/schottdorf_canonical_v1_shared_bc_frozen_applications_20260830/comparison-figures/diagnostic-69_21.png","181847","E1A0C74E5F8A541ED7CD1E269C08F5593DE05B27D7FF9F1A65AF39D3C64B96CC","retained-local-only"
"output/real_data/schottdorf_canonical_v1_shared_bc_frozen_applications_20260830/comparison-figures/diagnostic-69_3.png","190018","5DB16E0D3715B1D676B0FF706DEC21DC33BE749ACAD5D898C3B847D25DB20168","retained-local-only"
"output/real_data/schottdorf_canonical_v1_shared_bc_frozen_applications_20260830/comparison-figures/diagnostic-69_4.png","166609","57556B6839F4A9221BA07FB213ACBA0884DE817311B7E840B4F7E15EA567E072","retained-local-only"
"output/real_data/schottdorf_canonical_v1_shared_bc_frozen_applications_20260830/comparison-figures/diagnostic-69_6.png","177995","7CE22F1369F77E690D72ADB348B32EC739AE3B2596A224578E7B2DCE5E9C0EEF","retained-local-only"
"output/real_data/schottdorf_canonical_v1_shared_bc_frozen_applications_20260830/comparison-figures/diagnostic-69_7.png","174114","C8B364E9C8BFAF2878D4DEF624633F8B922C01496D0BE50BB486F03E587E020E","retained-local-only"
"output/real_data/schottdorf_canonical_v1_shared_bc_frozen_applications_20260830/comparison-figures/diagnostic-70_1.png","180802","3FA7AE77CB15B5D175CD8E757553F2FF323B2AD84BE34D83D51C6FE9E99634A3","retained-local-only"
"output/real_data/schottdorf_canonical_v1_shared_bc_frozen_applications_20260830/comparison-figures/diagnostic-70_15.png","175997","C07D1A19C8EEDD1CDE50E9124D5C3799CB93EA03D95B33792656A71A5374B985","retained-local-only"
"output/real_data/schottdorf_canonical_v1_shared_bc_frozen_applications_20260830/comparison-figures/diagnostic-70_34.png","172169","045C4BB35E112050FF99504374A8CFA3968D64C5090530DCD576F428ABB455C1","retained-local-only"
"output/real_data/schottdorf_canonical_v1_shared_bc_frozen_applications_20260830/comparison-figures/diagnostic-70_7.png","177335","8A66D20C6F8B71BE9A55859F69803C51A4C95B4778E858CB416746F914B61417","retained-local-only"
"output/real_data/schottdorf_canonical_v1_shared_bc_frozen_applications_20260830/comparison-figures/diagnostic-all.png","173294","89C76EAAA89A4D0979AA5F60ACC1F51B9CE1836DBB44CE588D18D41C49B4630A","retained-local-only"
"output/real_data/schottdorf_canonical_v1_shared_bc_frozen_applications_20260830/comparison-figures/diagnostic-MC_OFF.png","180087","1FC6F8F97810A817051C6DDECBAFDD2B9771D367F18EEEFE8210F1797E0950C5","retained-local-only"
"output/real_data/schottdorf_canonical_v1_shared_bc_frozen_applications_20260830/comparison-figures/diagnostic-MC_ON.png","175069","F85F747EF4B8C5B280E0881994B9F09BDDFA5BD4A1969BCFEDED86F2A0B84E6F","retained-local-only"
"output/real_data/schottdorf_canonical_v1_shared_bc_frozen_applications_20260830/comparison-figures/diagnostic-PC_OFF.png","184698","21176B00A1012BADAE49D4335A0515D645D3F42C6DCE78FD793EB537B98B7CEC","retained-local-only"
"output/real_data/schottdorf_canonical_v1_shared_bc_frozen_applications_20260830/comparison-figures/diagnostic-PC_ON.png","178008","27F06E1A2E8F716FDACDB4C14D3F3C444DB224C6EA212D14DA3F4E325C240EBD","retained-local-only"
"output/real_data/schottdorf_canonical_v1_shared_bc_frozen_applications_20260830/comparison-figures/illusion-67_14.png","532353","B09FAFDFEC5A92DEDBD2978B892F714A7A4CC7F08506663D096D14883F351FA0","retained-local-only"
"output/real_data/schottdorf_canonical_v1_shared_bc_frozen_applications_20260830/comparison-figures/illusion-67_21.png","532119","97BE6D9F98D4EB42569CB82D225D7DD91BADF9FB4B5466C52940DD40C400D6EB","retained-local-only"
"output/real_data/schottdorf_canonical_v1_shared_bc_frozen_applications_20260830/comparison-figures/illusion-67_26.png","473378","F27F21C08550615202C84FF940D1C9BDEFC75584EBCAECC887843CBE65D4E295","retained-local-only"
"output/real_data/schottdorf_canonical_v1_shared_bc_frozen_applications_20260830/comparison-figures/illusion-67_33.png","500825","CD3B5A71AAFC61F22AE499E62CE540B6C6707FB85272510DF1CC1327A087340A","retained-local-only"
"output/real_data/schottdorf_canonical_v1_shared_bc_frozen_applications_20260830/comparison-figures/illusion-67_34.png","523953","5BD263D1F7C339B0488472D0EEF604B6C8C7F966585E66CB33E3D8D00D9BC378","retained-local-only"
"output/real_data/schottdorf_canonical_v1_shared_bc_frozen_applications_20260830/comparison-figures/illusion-67_4.png","450190","02694FAC8238680D8033748DD849FFB2043E55152CC6ED1694AEE2AE2E1CDBA6","retained-local-only"
"output/real_data/schottdorf_canonical_v1_shared_bc_frozen_applications_20260830/comparison-figures/illusion-67_6.png","504272","972A6E7C63BFBB22042245E1224AF6D995CF1BE5DED1F33BD20B7FD8597CA02B","retained-local-only"
"output/real_data/schottdorf_canonical_v1_shared_bc_frozen_applications_20260830/comparison-figures/illusion-67_7.png","488932","146D8A37F21F3765B2D79351AB4CCF6F047F487BC7ED5AAF0149B902839AFC6C","retained-local-only"
"output/real_data/schottdorf_canonical_v1_shared_bc_frozen_applications_20260830/comparison-figures/illusion-68_10.png","455069","C2504C0216D0E906F69F19FE9E0571A731B0BA5EC1DE11AAA4E1A630BAF48B70","retained-local-only"
"output/real_data/schottdorf_canonical_v1_shared_bc_frozen_applications_20260830/comparison-figures/illusion-68_11.png","470515","5EB63714E9AC8A13F5F20A358A55C2123E7B2662C468A356B2D6DD276B5287DF","retained-local-only"
"output/real_data/schottdorf_canonical_v1_shared_bc_frozen_applications_20260830/comparison-figures/illusion-68_3.png","457243","9F165CBD0BEB5BC2E4F83A8BD6189285159A50C9931A7A29ECD67A34E8484BFA","retained-local-only"
"output/real_data/schottdorf_canonical_v1_shared_bc_frozen_applications_20260830/comparison-figures/illusion-68_4.png","485801","2696D61BDDE25EDD83019E14F06EA14E063D194B385E37073D19CADD3D138FDA","retained-local-only"
"output/real_data/schottdorf_canonical_v1_shared_bc_frozen_applications_20260830/comparison-figures/illusion-68_7.png","458275","CF97C03534B1874F5A4727D3D3E3913F05C8EB17519979B15BBB802073EA24C3","retained-local-only"
"output/real_data/schottdorf_canonical_v1_shared_bc_frozen_applications_20260830/comparison-figures/illusion-69_21.png","456529","B4A4B508D1984E92BAEF9A2E5ACB0324A57DBB764E1470231056A5D3779F4400","retained-local-only"
"output/real_data/schottdorf_canonical_v1_shared_bc_frozen_applications_20260830/comparison-figures/illusion-69_3.png","542268","F534268C03FA1CEECF990177C09339A1A1DE042805EE606DC2B87FFBDC962110","retained-local-only"
"output/real_data/schottdorf_canonical_v1_shared_bc_frozen_applications_20260830/comparison-figures/illusion-69_4.png","459927","14F492C5CD0A49405973057EE656809C7B49D58269CD313BF69F6F56D0889A77","retained-local-only"
"output/real_data/schottdorf_canonical_v1_shared_bc_frozen_applications_20260830/comparison-figures/illusion-69_6.png","508580","F6C3CB24CFE8E893F59A723F0C9A8D7F2B038E82139C8D505DC4F5109898CF13","retained-local-only"
"output/real_data/schottdorf_canonical_v1_shared_bc_frozen_applications_20260830/comparison-figures/illusion-69_7.png","491407","CF4596AF65C22BB73249C26A19E8C684BBDE33A5337BBCDF7D9C16F16DC50804","retained-local-only"
"output/real_data/schottdorf_canonical_v1_shared_bc_frozen_applications_20260830/comparison-figures/illusion-70_1.png","522578","515294BC379F05B277757A5279C60C131F100A33EB626293B800335C2882F443","retained-local-only"
"output/real_data/schottdorf_canonical_v1_shared_bc_frozen_applications_20260830/comparison-figures/illusion-70_15.png","473196","A273CC7F825F0262DA8F7DD1328BBB38E8545754547DD520AEEFF95232A1FC21","retained-local-only"
"output/real_data/schottdorf_canonical_v1_shared_bc_frozen_applications_20260830/comparison-figures/illusion-70_34.png","476215","B5A83BED0656B7C7A6BA617E10EDD0C9ACC21DCB50E3C49B5495F5BD08671DA6","retained-local-only"
"output/real_data/schottdorf_canonical_v1_shared_bc_frozen_applications_20260830/comparison-figures/illusion-70_7.png","537464","20DD9F55515842B998E912961D7536C2D2C8F9A74EB80760F8AF4AC024D0CF1B","retained-local-only"
"output/real_data/schottdorf_canonical_v1_shared_bc_frozen_applications_20260830/comparison-figures/illusion-all.png","508177","C5A2CA0918D72910819E6B1251B86889428EE94C5591E437EAE8139B7020E705","retained-local-only"
"output/real_data/schottdorf_canonical_v1_shared_bc_frozen_applications_20260830/comparison-figures/illusion-MC_OFF.png","486898","69CEF787C0AAB41D59F250196B3A1845E9E17DDEFCB836EFF236FE13E524B920","retained-local-only"
"output/real_data/schottdorf_canonical_v1_shared_bc_frozen_applications_20260830/comparison-figures/illusion-MC_ON.png","486284","EFB63602650C35C672041E76143C713CD2D8DA2DDB7D64DF70C65EF76D5E7025","retained-local-only"
"output/real_data/schottdorf_canonical_v1_shared_bc_frozen_applications_20260830/comparison-figures/illusion-PC_OFF.png","521629","47A5B27D107D1C333EEF03E71C909CA7D71A395C082A8B785EBED0A3F0B1D26A","retained-local-only"
"output/real_data/schottdorf_canonical_v1_shared_bc_frozen_applications_20260830/comparison-figures/illusion-PC_ON.png","519966","E3ACC2436B0FB6B4EC22A9C7D13D2703ADDE66778AC87202DEDC59C93C61AB8E","retained-local-only"
"output/real_data/schottdorf_canonical_v1_shared_bc_frozen_applications_20260830/comparison-figures/temporal-67_14.png","476472","2127FA16899849ECE4F298ECD503989A25A20C8714371AE6C0BA04B8532DFFA6","retained-local-only"
"output/real_data/schottdorf_canonical_v1_shared_bc_frozen_applications_20260830/comparison-figures/temporal-67_21.png","424617","743F4AA4EF6CDDE35D61568BC6831AD828A8B6550E787AC3F04399BD091B556D","retained-local-only"
"output/real_data/schottdorf_canonical_v1_shared_bc_frozen_applications_20260830/comparison-figures/temporal-67_26.png","440732","9728D6F0D89D981A22F25FCC3E8B11102C57C3F5719F9ADF86F79DA1B4BD62A2","retained-local-only"
"output/real_data/schottdorf_canonical_v1_shared_bc_frozen_applications_20260830/comparison-figures/temporal-67_33.png","446720","3EF7FCA360076AEF388FBA4718AC91E0F23AA5B8FBC2BDEE3D4A7582109F7E61","retained-local-only"
"output/real_data/schottdorf_canonical_v1_shared_bc_frozen_applications_20260830/comparison-figures/temporal-67_34.png","459282","FD136EFA5A379D633A94564C180EAF7E810EAB7B535CF0A58009DF50DB9B34B9","retained-local-only"
"output/real_data/schottdorf_canonical_v1_shared_bc_frozen_applications_20260830/comparison-figures/temporal-67_4.png","407865","87EC03ABB2391E92F6D2FF5013A44979C9F14A510B6F2CF8C6268494248F0CC0","retained-local-only"
"output/real_data/schottdorf_canonical_v1_shared_bc_frozen_applications_20260830/comparison-figures/temporal-67_6.png","470235","4E0BCCABA06A71C544ADBA5AD9E8FB8137D204F095CAD43987B1DCE0BB12080A","retained-local-only"
"output/real_data/schottdorf_canonical_v1_shared_bc_frozen_applications_20260830/comparison-figures/temporal-67_7.png","448847","9E0789C2B35C7C544C4464FA78657D01DBC8A52ECA8996768B66AE5F281BF45B","retained-local-only"
"output/real_data/schottdorf_canonical_v1_shared_bc_frozen_applications_20260830/comparison-figures/temporal-68_10.png","411886","3732C68EA3EABC9E6AC960D66D672B3610FA0000FE0C3DF6986412E22B8C03F1","retained-local-only"
"output/real_data/schottdorf_canonical_v1_shared_bc_frozen_applications_20260830/comparison-figures/temporal-68_11.png","377098","6C8E0B8B3101435D0DA575C20B89DF8ABAF9F9803BE77AD1E67464E18D22121E","retained-local-only"
"output/real_data/schottdorf_canonical_v1_shared_bc_frozen_applications_20260830/comparison-figures/temporal-68_3.png","410134","3A1884995064A84CB33839F774DDECB90BF51366A1B4E11F262FD4C651686732","retained-local-only"
"output/real_data/schottdorf_canonical_v1_shared_bc_frozen_applications_20260830/comparison-figures/temporal-68_4.png","478119","8E04CE53D11BCF0D78EBB59D5A13FB914030CED2B81BDCA35E27FF4EB7A9D9D7","retained-local-only"
"output/real_data/schottdorf_canonical_v1_shared_bc_frozen_applications_20260830/comparison-figures/temporal-68_7.png","427347","C18B5324C39FB838B92FACCA5D1746DE21B5A2872126F40B000BB9DCDEAD503E","retained-local-only"
"output/real_data/schottdorf_canonical_v1_shared_bc_frozen_applications_20260830/comparison-figures/temporal-69_21.png","416749","0F56A8FADF95BF90C146AF18F24BD37EBFD3ABCD89AB4A8F7067BC32977E3384","retained-local-only"
"output/real_data/schottdorf_canonical_v1_shared_bc_frozen_applications_20260830/comparison-figures/temporal-69_3.png","452053","CD9BEDDC465CF77975F14A6C5B3689A713AE31A94136674DE8BE029A75340A01","retained-local-only"
"output/real_data/schottdorf_canonical_v1_shared_bc_frozen_applications_20260830/comparison-figures/temporal-69_4.png","441582","823C144DFC6262A6BE40261EB32860E234B10E56B3D4BA45642AC428DC4DE949","retained-local-only"
"output/real_data/schottdorf_canonical_v1_shared_bc_frozen_applications_20260830/comparison-figures/temporal-69_6.png","453936","F29A6035D8EF5F7271434E103EE97561BE967600DD390A0F7CEC93E138710B5C","retained-local-only"
"output/real_data/schottdorf_canonical_v1_shared_bc_frozen_applications_20260830/comparison-figures/temporal-69_7.png","457988","AC02C47B125C418B6A1BDFB9F4532413BE2E51AF59E53C455F03B4979FE0B050","retained-local-only"
"output/real_data/schottdorf_canonical_v1_shared_bc_frozen_applications_20260830/comparison-figures/temporal-70_1.png","422111","81AFC567E07789D918C819B87AFDEDB0E6C65A0E914E746FDDDA3D1F133FEFE2","retained-local-only"
"output/real_data/schottdorf_canonical_v1_shared_bc_frozen_applications_20260830/comparison-figures/temporal-70_15.png","438296","BEAE673DBE210366E79FCE24749265EA6C60A66E49ACCB468D558BF928B36F87","retained-local-only"
"output/real_data/schottdorf_canonical_v1_shared_bc_frozen_applications_20260830/comparison-figures/temporal-70_34.png","451363","46C63868321A94A40D7174B89B71B8C679740893D13F2ED160AF3B78786345B0","retained-local-only"
"output/real_data/schottdorf_canonical_v1_shared_bc_frozen_applications_20260830/comparison-figures/temporal-70_7.png","452460","4A958EB64C38C4F82869B4CA0FC6DFDB28B5B02A91DC22ABF62B4EA9AC29C203","retained-local-only"
"output/real_data/schottdorf_canonical_v1_shared_bc_frozen_applications_20260830/comparison-figures/temporal-all.png","445575","356A7E69B63971DD7EBF2DA6BD353F1AA16365D4A62E0182C0B7100A9318FDAF","retained-local-only"
"output/real_data/schottdorf_canonical_v1_shared_bc_frozen_applications_20260830/comparison-figures/temporal-MC_OFF.png","444791","5B06A16CC86F372042CC46676B7919D3C62056F39C47D343F2418B00E60B153A","retained-local-only"
"output/real_data/schottdorf_canonical_v1_shared_bc_frozen_applications_20260830/comparison-figures/temporal-MC_ON.png","441369","0B75A0112B2C9B25BDE264584E5F7B19DA7AE2D01796B8ABAF2663FBBA76D4A7","retained-local-only"
"output/real_data/schottdorf_canonical_v1_shared_bc_frozen_applications_20260830/comparison-figures/temporal-PC_OFF.png","424141","C935F7A0B8097CA8C1AEFD6D5621DB8C884BACA1AB804E444557B9A796516A03","retained-local-only"
"output/real_data/schottdorf_canonical_v1_shared_bc_frozen_applications_20260830/comparison-figures/temporal-PC_ON.png","447269","9AE45752404D42447DEBEEFD16B2A6546933EF763D0939EF6768F957309635AB","retained-local-only"
"output/real_data/schottdorf_canonical_v1_shared_bc_frozen_applications_20260830/figures.log","393","7EA52F31FFDD299BA6E5862E182CDD069B9841B002E46734B0151EFECD843565","retained-local-only"
"output/real_data/schottdorf_canonical_v1_shared_bc_frozen_applications_20260830/illusion/inputs.pt","12618376","60605A8C11ECCBC7A0FD17F3C866D6A64A4C1A89E6BF1A39C1EFFB22F41513AB","retained-local-only"
"output/real_data/schottdorf_canonical_v1_shared_bc_frozen_applications_20260830/illusion/responses.pt","22894138","9F0B0C4B8612E6ACA8E337ACB1AAD3372DB9EFEF96F939489F90EC20B743BF82","retained-local-only"
"output/real_data/schottdorf_canonical_v1_shared_bc_frozen_applications_20260830/replay.log","996","75E0D35E8528EEFAD80F96CD9E38436AEC46E8FB5EBB9D113E668BBB7D5EC8FE","retained-local-only"
"output/real_data/schottdorf_canonical_v1_shared_bc_frozen_applications_20260830/temporal/inputs.pt","20953602","D13BB86ED0D3BFCDD04DA8030F3B9E8E77A5EAA8296E725DD6E9E11F1CF61557","retained-local-only"
"output/real_data/schottdorf_canonical_v1_shared_bc_frozen_applications_20260830/temporal/responses.pt","9581626","74808318B27D4B0BEA96D3F3B7B10116A16DBC742F7A4D694B848FB99E879698","retained-local-only"
"output/real_data/schottdorf_center_surround_ln_22cell_seed61001_20260830/reference-predictions.pt","1122198","1A0E922DB49B2221DE6BA96D56B20BE3EDD27A0A47A1ECDC94C0CD9B35C191DF","retained-local-only"
"output/real_data/schottdorf_center_surround_ln_67_4_smoke_seed61001/inner-lambda-0.0001.pt","16662","DAA33B2174826AD6A7015B507B22124508762971E94237FE220344991B3F5CF2","retained-local-only"
"output/real_data/schottdorf_center_surround_ln_67_4_smoke_seed61001/inner-lambda-0.001.pt","16642","9DA27EE51B0CE3F50B0955C5099D75DEEA72067BB39E863BB87CC09A89A9A23C","retained-local-only"
"output/real_data/schottdorf_center_surround_ln_67_4_smoke_seed61001/inner-lambda-0.01.pt","16622","F46DC19E0C4AFF8F5756B1C840A44128F359B283000B0B20F43C76BB72E42D4B","retained-local-only"
"output/real_data/schottdorf_center_surround_ln_67_4_smoke_seed61001/inner-lambda-1e-05.pt","16642","35D1FFE6F4BC552BB98415A47A065BFAFB1C450BFC395E9EA1E5FE3206E4B3ED","retained-local-only"
"output/real_data/schottdorf_center_surround_ln_67_4_smoke_seed61001/ln-raw.pt","6836","50861BDC5B43B73266CF21FBC63A8EFBEFC85347531D655B5E6C1D59CE87BEDB","retained-local-only"
"output/real_data/schottdorf_center_surround_ln_67_4_smoke_seed61001/ln-trained.pt","6948","340A5214B33A3135EABF234A076FDA7744EE50F832F066713956E4EEA0E4BB63","retained-local-only"
"output/real_data/schottdorf_center_surround_ln_67_4_smoke_seed61001/validation-predictions.pt","15454","CBD444C26E98F05813B10093BD2811A01F0E667D5426CD5370179406E98B36A6","retained-local-only"
"output/real_data/schottdorf_lee_2021_22cell_canonical_v1_revision4_fresh_20260829/cells/67_14/model-raw.pt","218539","BE68FE7D47ADD9F4311A57E3CCD38228BE1F3F53E3E69A4F511C14D07379D6DB","retained-local-only"
"output/real_data/schottdorf_lee_2021_22cell_canonical_v1_revision4_fresh_20260829/cells/67_14/model-trained.pt","218759","F247BB3EE61B4D40E935E8999A7C49880D5B6C9D2C31B1C82002363218756FC6","retained-local-only"
"output/real_data/schottdorf_lee_2021_22cell_canonical_v1_revision4_fresh_20260829/cells/67_21/model-raw.pt","218539","D11477DEAD6FDE0D28E3118366D3D571226C3A7ECAEDA03E4C1EC8C80233F8CC","retained-local-only"
"output/real_data/schottdorf_lee_2021_22cell_canonical_v1_revision4_fresh_20260829/cells/67_21/model-trained.pt","218759","2B6F0A0100564FFA5979EBA51FA2D50DC5C36941826DBEF0E68B9A56B8D3F7CD","retained-local-only"
"output/real_data/schottdorf_lee_2021_22cell_canonical_v1_revision4_fresh_20260829/cells/67_26/model-raw.pt","218539","EB1CB7537BFB24B18FC61ED6C09C124C1B5FE608C5B34437E03ADF1AC19930E2","retained-local-only"
"output/real_data/schottdorf_lee_2021_22cell_canonical_v1_revision4_fresh_20260829/cells/67_26/model-trained.pt","218759","B0BE15F47A2E188944D18B4F22DAAD8E636D45DE4EB65ADCB40F0618139C7646","retained-local-only"
"output/real_data/schottdorf_lee_2021_22cell_canonical_v1_revision4_fresh_20260829/cells/67_33/model-raw.pt","218539","386011CE1C8ABD82688BCA7738C739D82FB454C8C71F1E3B88754034CA97C61E","retained-local-only"
"output/real_data/schottdorf_lee_2021_22cell_canonical_v1_revision4_fresh_20260829/cells/67_33/model-trained.pt","218759","97D27B24A0F83E962E80A2FFD7C6A0A9124779F25505E655AE2F089EB0906D0D","retained-local-only"
"output/real_data/schottdorf_lee_2021_22cell_canonical_v1_revision4_fresh_20260829/cells/67_34/model-raw.pt","218539","FC0A00CC95B06E3396E5D39AA1489B5CA411EEB634B49A9A47D151CB22E25AC2","retained-local-only"
"output/real_data/schottdorf_lee_2021_22cell_canonical_v1_revision4_fresh_20260829/cells/67_34/model-trained.pt","218759","CBF3D60438F792A168AC28AD97D87565BBA42C1D9661A471F415905E2E46558E","retained-local-only"
"output/real_data/schottdorf_lee_2021_22cell_canonical_v1_revision4_fresh_20260829/cells/67_4/model-raw.pt","218347","91FCB42E952CA0B2341E030C0F8922D47FB50DCA9A17E500ADC7F2413AE6DF4F","retained-local-only"
"output/real_data/schottdorf_lee_2021_22cell_canonical_v1_revision4_fresh_20260829/cells/67_4/model-trained.pt","218567","EB7E12CE64F8B3C1697336A31CA412742BAB1522A91CE8F1A59A939BAF414558","retained-local-only"
"output/real_data/schottdorf_lee_2021_22cell_canonical_v1_revision4_fresh_20260829/cells/67_6/model-raw.pt","218539","3661AF045399D5F08D25D883A20324C99EB41920F8BD08F7C43FCFC0F89223B9","retained-local-only"
"output/real_data/schottdorf_lee_2021_22cell_canonical_v1_revision4_fresh_20260829/cells/67_6/model-trained.pt","218759","92C42F628914007C5A5FFEDC6DD1D6122360334E292938F52B44176A6B98E3C2","retained-local-only"
"output/real_data/schottdorf_lee_2021_22cell_canonical_v1_revision4_fresh_20260829/cells/67_7/model-raw.pt","218539","E4EF1D4AB7C6080B8D6E2BBBD12DD18CF3D6BC0AAC09CAC2663AD2198AFC201E","retained-local-only"
"output/real_data/schottdorf_lee_2021_22cell_canonical_v1_revision4_fresh_20260829/cells/67_7/model-trained.pt","218759","6F2310D8F8345EAFAAB1442135ED20FF0B14B9CE5824C5D2C794EFD33BA6AA6B","retained-local-only"
"output/real_data/schottdorf_lee_2021_22cell_canonical_v1_revision4_fresh_20260829/cells/68_10/model-raw.pt","218347","7AD5E62D6846EF3B946A42FAE4A9E4A2653D2F00FAFDB9C6D92537BFB140CF3B","retained-local-only"
"output/real_data/schottdorf_lee_2021_22cell_canonical_v1_revision4_fresh_20260829/cells/68_10/model-trained.pt","218567","532408610406AA1E45E9A356F0EC3CA5B6D1545A100DB2D29843B4CB906C271F","retained-local-only"
"output/real_data/schottdorf_lee_2021_22cell_canonical_v1_revision4_fresh_20260829/cells/68_11/model-raw.pt","218539","8095A36CC76E0C454A63B21254D76A114A72DCDE92E1037FF5CE920F781E084E","retained-local-only"
"output/real_data/schottdorf_lee_2021_22cell_canonical_v1_revision4_fresh_20260829/cells/68_11/model-trained.pt","218759","A8D51ACCF6023648E236F78C6D0C4366A707B03AFB643B9C9CDB7626345C0DBA","retained-local-only"
"output/real_data/schottdorf_lee_2021_22cell_canonical_v1_revision4_fresh_20260829/cells/68_3/model-raw.pt","218539","C4F1A3DE0D8300784DE6FF422E951E60FF5FD79E22416564C5BD6D6ECD57D719","retained-local-only"
"output/real_data/schottdorf_lee_2021_22cell_canonical_v1_revision4_fresh_20260829/cells/68_3/model-trained.pt","218759","E131771D986E59E8EDE50198C2603091BA7BD4A594BCBAFC0215CA5B48783973","retained-local-only"
"output/real_data/schottdorf_lee_2021_22cell_canonical_v1_revision4_fresh_20260829/cells/68_4/model-raw.pt","218347","684BED486B506B0B4F17A2CC73EFF424042EABB651A7F85CA65B6F13F5358667","retained-local-only"
"output/real_data/schottdorf_lee_2021_22cell_canonical_v1_revision4_fresh_20260829/cells/68_4/model-trained.pt","218631","2E469E2D3FC2DE7D58D81FAA8E5DFC51D783B8BDC18D8640A28D5C99C640AC6A","retained-local-only"
"output/real_data/schottdorf_lee_2021_22cell_canonical_v1_revision4_fresh_20260829/cells/68_7/model-raw.pt","218539","7D6C32651591A75C71261C5582FABD71C752CA9FD826E5A025201A96D8451482","retained-local-only"
"output/real_data/schottdorf_lee_2021_22cell_canonical_v1_revision4_fresh_20260829/cells/68_7/model-trained.pt","218759","30866E70612720C8F53E75E86539128EC96A3CFDE6EB1E923FF6951F8D197D18","retained-local-only"
"output/real_data/schottdorf_lee_2021_22cell_canonical_v1_revision4_fresh_20260829/cells/69_21/model-raw.pt","218347","C3744F9CE785C3F781B3EFBEAB22098293F68DBA399784F68184D8B549CF1F8D","retained-local-only"
"output/real_data/schottdorf_lee_2021_22cell_canonical_v1_revision4_fresh_20260829/cells/69_21/model-trained.pt","218567","0A3747F99460E46105E79A3F0633C03082D0DA324FAB115DF3D2DDA4040655CE","retained-local-only"
"output/real_data/schottdorf_lee_2021_22cell_canonical_v1_revision4_fresh_20260829/cells/69_3/model-raw.pt","218539","A87BC866C284004419F532A41431907E5D662F0CB07F0F67DA92738C5C028FB5","retained-local-only"
"output/real_data/schottdorf_lee_2021_22cell_canonical_v1_revision4_fresh_20260829/cells/69_3/model-trained.pt","218759","607375A34506A61E32A24DE765CCE90001A7255D450DE4B0994D278DFF7238F3","retained-local-only"
"output/real_data/schottdorf_lee_2021_22cell_canonical_v1_revision4_fresh_20260829/cells/69_4/model-raw.pt","218347","14583D3430ED3DD3941C3EF8BE3B0F1EB7DE59A7DDA16C8CE7375F86C1D3963B","retained-local-only"
"output/real_data/schottdorf_lee_2021_22cell_canonical_v1_revision4_fresh_20260829/cells/69_4/model-trained.pt","218567","96DE6816D151E87333E55ED1630D691B0313CDD400936615A10720030A5A6FC6","retained-local-only"
"output/real_data/schottdorf_lee_2021_22cell_canonical_v1_revision4_fresh_20260829/cells/69_6/model-raw.pt","218539","D580619479B2B1A52BA7403B102F58DED9978CEC1DAA7F4E8A5E2F829A98E692","retained-local-only"
"output/real_data/schottdorf_lee_2021_22cell_canonical_v1_revision4_fresh_20260829/cells/69_6/model-trained.pt","218759","61F7C561702FA56DA2E7B0A3688FE8A9F7C096E9DE0B9D8B5AC7B3670BEB945C","retained-local-only"
"output/real_data/schottdorf_lee_2021_22cell_canonical_v1_revision4_fresh_20260829/cells/69_7/model-raw.pt","218539","F135B05C3125972B4546E729A4ABD96B50613B863CA84E9CA919DEE41547E936","retained-local-only"
"output/real_data/schottdorf_lee_2021_22cell_canonical_v1_revision4_fresh_20260829/cells/69_7/model-trained.pt","218759","4A55835AC6F9295891446706DA08F016A3846060E01C026119572E9ACDFF4299","retained-local-only"
"output/real_data/schottdorf_lee_2021_22cell_canonical_v1_revision4_fresh_20260829/cells/70_1/model-raw.pt","218347","068E08609D446BE3CF1E4F87A9E8EE76CC62442102E90369757D592FECC765AF","retained-local-only"
"output/real_data/schottdorf_lee_2021_22cell_canonical_v1_revision4_fresh_20260829/cells/70_1/model-trained.pt","218567","F9D86D6ACD1F8A7941DBC2860C6FBD65B0A1D46C06103B19F36EEFF0607A981C","retained-local-only"
"output/real_data/schottdorf_lee_2021_22cell_canonical_v1_revision4_fresh_20260829/cells/70_15/model-raw.pt","218347","7F7DD4D8483CC1705585E7B2DEA527B3DBA4FFD6E643F304452B7280E2871A6D","retained-local-only"
"output/real_data/schottdorf_lee_2021_22cell_canonical_v1_revision4_fresh_20260829/cells/70_15/model-trained.pt","218567","B24854882E1D7FE363CF465035E0C0E3083A4ED91A23CA136521AE919F6B5E86","retained-local-only"
"output/real_data/schottdorf_lee_2021_22cell_canonical_v1_revision4_fresh_20260829/cells/70_34/model-raw.pt","218539","5096F12C77B66B6C96732A7F54DD9D35A6EC9726A760DE67990C4BF1401F7135","retained-local-only"
"output/real_data/schottdorf_lee_2021_22cell_canonical_v1_revision4_fresh_20260829/cells/70_34/model-trained.pt","218759","C3E6DD25CBC6CE85C7E1DC07CE64066C07C0D6E1CDC94338A9FD193BB8FFC7FA","retained-local-only"
"output/real_data/schottdorf_lee_2021_22cell_canonical_v1_revision4_fresh_20260829/cells/70_7/model-raw.pt","218539","41183BD0B152EDA11E0FC971F7E89F5821E0B613EA958DF51C1DE6194E3CF1E0","retained-local-only"
"output/real_data/schottdorf_lee_2021_22cell_canonical_v1_revision4_fresh_20260829/cells/70_7/model-trained.pt","218759","8E612A90578E73B5FEF5009E31AC0F5EF0201C4629635E084D19BAA2CFFA4EC2","retained-local-only"
"output/real_data/schottdorf_lee_2021_22cell_canonical_v1_revision4_fresh_20260829/evaluation/effective-parameters.pt","123868","59FE3623B1D5A3CF2B1BD2203DEAB2A40CD580AD3D6EB09E6642741CB439C00F","retained-local-only"
"output/real_data/schottdorf_lee_2021_22cell_canonical_v1_revision4_fresh_20260829/evaluation/perturbation-tensors.pt","4488190","408C01F7C1A227569EBAF5311DCAB7FA37C5CC8C018C54862D77690AC9A5EB0E","retained-local-only"
"output/real_data/schottdorf_lee_2021_22cell_canonical_v1_revision4_fresh_20260829/evaluation/rf-tensors.pt","1660140","E7C97B37C6DAC1BBBDA3B21CD672473ED8302C32E6D13E9CCAB9081CEB436BC6","retained-local-only"
"output/real_data/schottdorf_lee_2021_22cell_canonical_v1_revision4_fresh_20260829/spatial_rf_ac_h1_analysis/figures/cells/67_14.png","121939","BAC718383E6A0212960B7079D754E3F58C9D1F3FF71ED15E64493165AF04908B","retained-local-only"
"output/real_data/schottdorf_lee_2021_22cell_canonical_v1_revision4_fresh_20260829/spatial_rf_ac_h1_analysis/figures/cells/67_21.png","116926","69189259094AC25495571E21EEF48EF288155B8E9F312B0533EDCC0DB4A71602","retained-local-only"
"output/real_data/schottdorf_lee_2021_22cell_canonical_v1_revision4_fresh_20260829/spatial_rf_ac_h1_analysis/figures/cells/67_26.png","112285","F2863071E05977990BB35B8F1940409DD5B94946914C00B13F2214501875AD27","retained-local-only"
"output/real_data/schottdorf_lee_2021_22cell_canonical_v1_revision4_fresh_20260829/spatial_rf_ac_h1_analysis/figures/cells/67_33.png","123193","57D8C6564944EF12D2124A831DDE587ADA8692A1542A5BCFDC1AC228E8F13A82","retained-local-only"
"output/real_data/schottdorf_lee_2021_22cell_canonical_v1_revision4_fresh_20260829/spatial_rf_ac_h1_analysis/figures/cells/67_34.png","125009","900F529BD48CF4FEDE911F6A0E35386E851C1F21551E0377B0902879ADA12100","retained-local-only"
"output/real_data/schottdorf_lee_2021_22cell_canonical_v1_revision4_fresh_20260829/spatial_rf_ac_h1_analysis/figures/cells/67_4.png","116344","22A32158A452566EA357E2BD765911A17FCDD5B57C3B004E8D71F80AA5B4A804","retained-local-only"
"output/real_data/schottdorf_lee_2021_22cell_canonical_v1_revision4_fresh_20260829/spatial_rf_ac_h1_analysis/figures/cells/67_6.png","127052","414B948F1FA992E23E3E3286986A4525304EC091DC829F68AF13D3DE22E22645","retained-local-only"
"output/real_data/schottdorf_lee_2021_22cell_canonical_v1_revision4_fresh_20260829/spatial_rf_ac_h1_analysis/figures/cells/67_7.png","131642","375EA782BECE40CCD89F94F694C5A4CE196979B5AF8F5BA9830301690B983413","retained-local-only"
"output/real_data/schottdorf_lee_2021_22cell_canonical_v1_revision4_fresh_20260829/spatial_rf_ac_h1_analysis/figures/cells/68_10.png","125227","E1944F18A779FFAD73B7EFD70FE3F10743CB5E5F1068CBC3B2001AF8070EDFD3","retained-local-only"
"output/real_data/schottdorf_lee_2021_22cell_canonical_v1_revision4_fresh_20260829/spatial_rf_ac_h1_analysis/figures/cells/68_11.png","121846","7613EA92707801DD3D48352409CC3B67BA6F69EA377962D6F673BCE96C7CE6B3","retained-local-only"
"output/real_data/schottdorf_lee_2021_22cell_canonical_v1_revision4_fresh_20260829/spatial_rf_ac_h1_analysis/figures/cells/68_3.png","127406","088940269E432FEDD6AB77E9757BD3E73B912E0774A47B10172E0A587B5261FB","retained-local-only"
"output/real_data/schottdorf_lee_2021_22cell_canonical_v1_revision4_fresh_20260829/spatial_rf_ac_h1_analysis/figures/cells/68_4.png","122603","567B63F5F5A741A4F8FCBCD7BC8C268FF91760BA734BC404113446873668E5FA","retained-local-only"
"output/real_data/schottdorf_lee_2021_22cell_canonical_v1_revision4_fresh_20260829/spatial_rf_ac_h1_analysis/figures/cells/68_7.png","117067","7D4DEF9D92DECFE7209D0DB748A275451ECDC6216C3102F88EC6F69C13C62143","retained-local-only"
"output/real_data/schottdorf_lee_2021_22cell_canonical_v1_revision4_fresh_20260829/spatial_rf_ac_h1_analysis/figures/cells/69_21.png","118099","EA1CF34788904BEE1D27A99E83CCC036C34C06F112BE9DB2F815A7313A6B8C6F","retained-local-only"
"output/real_data/schottdorf_lee_2021_22cell_canonical_v1_revision4_fresh_20260829/spatial_rf_ac_h1_analysis/figures/cells/69_3.png","119279","13397E7EB821C5498E37E8BCF548A67131A51E82076D486EFAF72976BC28A483","retained-local-only"
"output/real_data/schottdorf_lee_2021_22cell_canonical_v1_revision4_fresh_20260829/spatial_rf_ac_h1_analysis/figures/cells/69_4.png","125839","952696452B11B5A61D6DC06F1FB22E65285535A737A956FEEF536A87C069D76D","retained-local-only"
"output/real_data/schottdorf_lee_2021_22cell_canonical_v1_revision4_fresh_20260829/spatial_rf_ac_h1_analysis/figures/cells/69_6.png","126567","D7ABA254A60605C7A847B40BF83AB777817FAA8B4130743BA95AB322208BA820","retained-local-only"
"output/real_data/schottdorf_lee_2021_22cell_canonical_v1_revision4_fresh_20260829/spatial_rf_ac_h1_analysis/figures/cells/69_7.png","126002","766EC3187AB2188AFC117424801DC29EF0CB0FE4C6C24C70685D0400CDAB0AAB","retained-local-only"
"output/real_data/schottdorf_lee_2021_22cell_canonical_v1_revision4_fresh_20260829/spatial_rf_ac_h1_analysis/figures/cells/70_1.png","130891","B599A64B51A8C116AAD7DFEC5A55AB602CD4B3837A380B6C7AED933AD763B185","retained-local-only"
"output/real_data/schottdorf_lee_2021_22cell_canonical_v1_revision4_fresh_20260829/spatial_rf_ac_h1_analysis/figures/cells/70_15.png","122424","3C47F66ED8D43E3038D4406F3EAACBA4BB7A32D395CDCC500BAE7ECCBBF2FD16","retained-local-only"
"output/real_data/schottdorf_lee_2021_22cell_canonical_v1_revision4_fresh_20260829/spatial_rf_ac_h1_analysis/figures/cells/70_34.png","134634","4888536854CDD93D736A9399E8B65B7FB22B99D0FD314CE8C10AB779C97E7ABF","retained-local-only"
"output/real_data/schottdorf_lee_2021_22cell_canonical_v1_revision4_fresh_20260829/spatial_rf_ac_h1_analysis/figures/cells/70_7.png","122307","E89AFC574FF6F97E68D084BDC39B52A27C64CE97FD752A462969A83F4E9753E8","retained-local-only"
"output/real_data/schottdorf_lee_2021_22cell_canonical_v1_revision4_fresh_20260829/spatial_rf_ac_h1_analysis/figures/group_metric_overview.png","424891","52D733FF515F898B7830266924C766BFD8E9C79A5B9C27BB24591135DD834A84","retained-local-only"
"output/real_data/schottdorf_lee_2021_22cell_canonical_v1_revision4_fresh_20260829/spatial_rf_ac_h1_analysis/figures/groups/MC_OFF.png","96521","E9FCFE9C45FADA874035FC9842870E9E175EB04DD66A5BB42772A8230300CDE7","retained-local-only"
"output/real_data/schottdorf_lee_2021_22cell_canonical_v1_revision4_fresh_20260829/spatial_rf_ac_h1_analysis/figures/groups/MC_ON.png","115691","4F902F9E86D0F31FDADA4D7D5CFC32BAC8CCE946D121220D9A2FF568DAE4B35C","retained-local-only"
"output/real_data/schottdorf_lee_2021_22cell_canonical_v1_revision4_fresh_20260829/spatial_rf_ac_h1_analysis/figures/groups/PC_OFF.png","101060","3B6F331FB0B22C4C305133627F8E1EDB1DB63CFB7680DD5EB8C6ACD8A04019F1","retained-local-only"
"output/real_data/schottdorf_lee_2021_22cell_canonical_v1_revision4_fresh_20260829/spatial_rf_ac_h1_analysis/figures/groups/PC_ON.png","105677","69BEBE90BBCB6AB81ED2D2FC82D5E078F6E5FE7531A0D9FED6F951D3AE18B09A","retained-local-only"
"output/real_data/schottdorf_lee_2021_22cell_canonical_v1_revision4_fresh_20260829/spatial_rf_ac_h1_analysis/spatial_rf_and_radial_profiles.npz","89198","4B1DB5ACA1EDF44690FE84445FE7619A8246A7613A83DA4136684C78AB3E9DD6","retained-local-only"
"output/real_data/schottdorf_lee_2021_22cell_canonical_v1_revision4_fresh_20260829/temporal_center_surround_perturbation/figures/cells/67_14.png","211437","F13E47F18CA03031BB29AE965D3740C0617E97D87AEFC9E541248870E13C36A1","retained-local-only"
"output/real_data/schottdorf_lee_2021_22cell_canonical_v1_revision4_fresh_20260829/temporal_center_surround_perturbation/figures/cells/67_21.png","219459","5D329AB7FC21DF571FBC4DC8C01A438B0EFEE7CBA73C90D70F0608ECC4CCE4F3","retained-local-only"
"output/real_data/schottdorf_lee_2021_22cell_canonical_v1_revision4_fresh_20260829/temporal_center_surround_perturbation/figures/cells/67_26.png","208604","D16A79A5EBA8CCBA6AD1E6F0B9B4057FD8F683C245701CDBA3A3790378BA5002","retained-local-only"
"output/real_data/schottdorf_lee_2021_22cell_canonical_v1_revision4_fresh_20260829/temporal_center_surround_perturbation/figures/cells/67_33.png","207935","CC31C2F6CB66E4B268D636211307DCBF753F4C5D8A87508B90AA0850DA5A400C","retained-local-only"
"output/real_data/schottdorf_lee_2021_22cell_canonical_v1_revision4_fresh_20260829/temporal_center_surround_perturbation/figures/cells/67_34.png","210476","88572C8CB1FEB32CC4C92A3D685593741143AEB1393EB7368551D1D7EABAFD0B","retained-local-only"
"output/real_data/schottdorf_lee_2021_22cell_canonical_v1_revision4_fresh_20260829/temporal_center_surround_perturbation/figures/cells/67_4.png","208369","5A7BDC4D7511E05014A0B53811C3810CB4F1383D0A5B235905FAEBBF2F566014","retained-local-only"
"output/real_data/schottdorf_lee_2021_22cell_canonical_v1_revision4_fresh_20260829/temporal_center_surround_perturbation/figures/cells/67_6.png","209774","B5143F8E512B0F85553C29FFD6C1B69B2D8C34F5870D3398E7BA5F3261A60FAD","retained-local-only"
"output/real_data/schottdorf_lee_2021_22cell_canonical_v1_revision4_fresh_20260829/temporal_center_surround_perturbation/figures/cells/67_7.png","211737","279C21A5D40F519ADB8C63798B6D206E4F78BB61B4B791792DB0D34B3369C8EA","retained-local-only"
"output/real_data/schottdorf_lee_2021_22cell_canonical_v1_revision4_fresh_20260829/temporal_center_surround_perturbation/figures/cells/68_10.png","209831","A0EBF25BD9725AE472E58A456B406A664D9CEAD8FAF766370F1BDC2A61993264","retained-local-only"
"output/real_data/schottdorf_lee_2021_22cell_canonical_v1_revision4_fresh_20260829/temporal_center_surround_perturbation/figures/cells/68_11.png","210869","F136C85BDA1A64A2C288597FB0AE5473E203A2943C461921BDE1FDBB26EF1480","retained-local-only"
"output/real_data/schottdorf_lee_2021_22cell_canonical_v1_revision4_fresh_20260829/temporal_center_surround_perturbation/figures/cells/68_3.png","210906","9257F502A81CD58ECD3DABF0DD42A04242ABE6558A7C1597BCBBCF12E8B3AACD","retained-local-only"
"output/real_data/schottdorf_lee_2021_22cell_canonical_v1_revision4_fresh_20260829/temporal_center_surround_perturbation/figures/cells/68_4.png","204861","C2C15E9671F929861691806AB47DFBD134B005195A28AC59E45F4F63B79095A0","retained-local-only"
"output/real_data/schottdorf_lee_2021_22cell_canonical_v1_revision4_fresh_20260829/temporal_center_surround_perturbation/figures/cells/68_7.png","209515","683340B5835F6C3CD9FB7220E47F6A5EE81CE6C7D391F6A1C3850DC51F1063D7","retained-local-only"
"output/real_data/schottdorf_lee_2021_22cell_canonical_v1_revision4_fresh_20260829/temporal_center_surround_perturbation/figures/cells/69_21.png","211393","48FD4BE37D0D44AFF82224A4DCF12F2F1B73DB69A8D557BF8033BCB8A9E0E621","retained-local-only"
"output/real_data/schottdorf_lee_2021_22cell_canonical_v1_revision4_fresh_20260829/temporal_center_surround_perturbation/figures/cells/69_3.png","207491","076BC943BF1343F9BB82A62C5CB12DEB99927465667A73B21AE44B014E8CEA97","retained-local-only"
"output/real_data/schottdorf_lee_2021_22cell_canonical_v1_revision4_fresh_20260829/temporal_center_surround_perturbation/figures/cells/69_4.png","213694","ABD1C7309566DCDF15E4CAB305FB3CD16B81B2232F4FB517BF120F2E9F94CBED","retained-local-only"
"output/real_data/schottdorf_lee_2021_22cell_canonical_v1_revision4_fresh_20260829/temporal_center_surround_perturbation/figures/cells/69_6.png","211416","7F90FE0417BE1BD9710AEA0E20C45BB303D740B0B9803A533EABB5FB2CBFCE14","retained-local-only"
"output/real_data/schottdorf_lee_2021_22cell_canonical_v1_revision4_fresh_20260829/temporal_center_surround_perturbation/figures/cells/69_7.png","214864","930E1294797E5EE37FE4C11DED2010B2969AEC7692F917651100FB85EF3231BC","retained-local-only"
"output/real_data/schottdorf_lee_2021_22cell_canonical_v1_revision4_fresh_20260829/temporal_center_surround_perturbation/figures/cells/70_1.png","209810","4A0ED6CC6C2D1C101073A69C8C3B24371D0871932C5609A2B7DC495176ADC104","retained-local-only"
"output/real_data/schottdorf_lee_2021_22cell_canonical_v1_revision4_fresh_20260829/temporal_center_surround_perturbation/figures/cells/70_15.png","205482","9BB647EF29D31911CAF102A7CAF16E83318960D7A2004CB6D215AB566B1BF93B","retained-local-only"
"output/real_data/schottdorf_lee_2021_22cell_canonical_v1_revision4_fresh_20260829/temporal_center_surround_perturbation/figures/cells/70_34.png","207871","5C2C01F269137331CEABA70BED75734EEBAACA6B4966DCB7FF223F8994550FC3","retained-local-only"
"output/real_data/schottdorf_lee_2021_22cell_canonical_v1_revision4_fresh_20260829/temporal_center_surround_perturbation/figures/cells/70_7.png","208226","E25BAAE0EB3D77681FBDEEBBF64853586093DF47902AC48780E512257BAA683A","retained-local-only"
"output/real_data/schottdorf_lee_2021_22cell_canonical_v1_revision4_fresh_20260829/temporal_center_surround_perturbation/figures/groups/MC_OFF.png","247095","4EC7556F75164F1042C2A6FFC2DDA2B0C9B43E9297C532D9DD04A8334D4AFC31","retained-local-only"
"output/real_data/schottdorf_lee_2021_22cell_canonical_v1_revision4_fresh_20260829/temporal_center_surround_perturbation/figures/groups/MC_ON.png","254073","B964D2C11A170362C49F0CF98498F9056316EE482E70EDFE3EA07426CC5B5662","retained-local-only"
"output/real_data/schottdorf_lee_2021_22cell_canonical_v1_revision4_fresh_20260829/temporal_center_surround_perturbation/figures/groups/PC_OFF.png","247250","A9360748462D3773C11C8F307EFB51EF700C2779B49C8E7FAB4CE38F8B2B5733","retained-local-only"
"output/real_data/schottdorf_lee_2021_22cell_canonical_v1_revision4_fresh_20260829/temporal_center_surround_perturbation/figures/groups/PC_ON.png","251947","D5BD5ACD2E8541FCC4BA11F8C0869BC41B67BA45D5DD8CD6E846D571009C4D11","retained-local-only"
"output/real_data/schottdorf_lee_2021_22cell_canonical_v1_revision4_fresh_20260829/temporal_center_surround_perturbation/response_tensors.pt","27975632","993F0CE91AFEBC1785CF8AC97FCB2534C7DDF0C43020637F40A4879E39B9D7AA","retained-local-only"
"output/real_data/schottdorf_lee_2021_22cell_final_fair_prediction_benchmark_revision4/cells/67_14/compact-neural-trained.pt","342226","E88477BAA89649B076CE162231CD4E528C4BA78380DF898D28FD7915705D2E2F","retained-local-only"
"output/real_data/schottdorf_lee_2021_22cell_final_fair_prediction_benchmark_revision4/cells/67_21/compact-neural-trained.pt","342226","9DD23FC8BF1049B632225D2FC4FB6978F68DAFCE083CFCD6EC00C860DA370B1F","retained-local-only"
"output/real_data/schottdorf_lee_2021_22cell_final_fair_prediction_benchmark_revision4/cells/67_26/compact-neural-trained.pt","342226","6C6BBAB57329D39ABB49F684768963203CD7BC043E569404E7A0EB376AF3F687","retained-local-only"
"output/real_data/schottdorf_lee_2021_22cell_final_fair_prediction_benchmark_revision4/cells/67_33/compact-neural-trained.pt","342226","E40F3773B4EDC52F415D32679B42AF6EBA2F40FF42335376729A133A415072CD","retained-local-only"
"output/real_data/schottdorf_lee_2021_22cell_final_fair_prediction_benchmark_revision4/cells/67_34/compact-neural-trained.pt","342226","4533B1B290C1845AF142453C24EC84ED4D4B0FC336FCA318511B0371ECBAD2EE","retained-local-only"
"output/real_data/schottdorf_lee_2021_22cell_final_fair_prediction_benchmark_revision4/cells/67_4/compact-neural-trained.pt","342226","A5AC64027761156CE8D96D476EB30EB1EA2CD7B3070C44C57AADAD0EA1538ECD","retained-local-only"
"output/real_data/schottdorf_lee_2021_22cell_final_fair_prediction_benchmark_revision4/cells/67_6/compact-neural-trained.pt","342226","C69DC3C1DD4FDC85A47B93709AB5279995690476811937CDAEEA030FB65D1C25","retained-local-only"
"output/real_data/schottdorf_lee_2021_22cell_final_fair_prediction_benchmark_revision4/cells/67_7/compact-neural-trained.pt","342226","2FB33FCECF4545182238DCFB5FED86DA9B685915CEECB4630F03F1A35532FA01","retained-local-only"
"output/real_data/schottdorf_lee_2021_22cell_final_fair_prediction_benchmark_revision4/cells/68_10/compact-neural-trained.pt","342226","CE514FB1D3907414FC3C443382422B84C0FCC925E8BAFFD8FCC428F6802DF4C0","retained-local-only"
"output/real_data/schottdorf_lee_2021_22cell_final_fair_prediction_benchmark_revision4/cells/68_11/compact-neural-trained.pt","342226","8A8207733CD17575D44267E4AA869F735C96CF981C39793BB51C8C8E30A9DA5C","retained-local-only"
"output/real_data/schottdorf_lee_2021_22cell_final_fair_prediction_benchmark_revision4/cells/68_3/compact-neural-trained.pt","342226","7AC0548A9B844C59613A7EDCF77EA3E93F2730AB1A2F944A71AEA2F77C136A49","retained-local-only"
"output/real_data/schottdorf_lee_2021_22cell_final_fair_prediction_benchmark_revision4/cells/68_4/compact-neural-trained.pt","342226","71F5D0C4EAD1C62A92A9A029CEBC28CD388F28A53DFD6DA6FA0FFCB01EBA75FD","retained-local-only"
"output/real_data/schottdorf_lee_2021_22cell_final_fair_prediction_benchmark_revision4/cells/68_7/compact-neural-trained.pt","342226","9362CECB126371C7B6D6BAF18440DE13F65127896D7198E324BA7AE50B777C36","retained-local-only"
"output/real_data/schottdorf_lee_2021_22cell_final_fair_prediction_benchmark_revision4/cells/69_21/compact-neural-trained.pt","342226","AAEE4FF16740C47EFA26E0B7652CC0789CC2E4BEDB60107ACF6A7976A318146D","retained-local-only"
"output/real_data/schottdorf_lee_2021_22cell_final_fair_prediction_benchmark_revision4/cells/69_3/compact-neural-trained.pt","342226","91AB3CC8260A066D0E12A5BC9D76AE1AC04C7AD9F341E3F4B11D1F11783510EA","retained-local-only"
"output/real_data/schottdorf_lee_2021_22cell_final_fair_prediction_benchmark_revision4/cells/69_4/compact-neural-trained.pt","342226","FBC70A069EDE7BDD658B3A14A4EE715CCC24E934C059B0F19C090A16F2C16FED","retained-local-only"
"output/real_data/schottdorf_lee_2021_22cell_final_fair_prediction_benchmark_revision4/cells/69_6/compact-neural-trained.pt","342226","29F862E554D6E4FAB3AF1ED0F4C4E165A52550156CE3EE6D70DBE5A95A7334ED","retained-local-only"
"output/real_data/schottdorf_lee_2021_22cell_final_fair_prediction_benchmark_revision4/cells/69_7/compact-neural-trained.pt","342226","6EF91236728056ACD59009F88986D2599A1334A3A99E88F8BB3C23F7645729AA","retained-local-only"
"output/real_data/schottdorf_lee_2021_22cell_final_fair_prediction_benchmark_revision4/cells/70_1/compact-neural-trained.pt","342226","B5D82986D47A903225A04D5D0433B931551C935258D276D1495C53534109ADAF","retained-local-only"
"output/real_data/schottdorf_lee_2021_22cell_final_fair_prediction_benchmark_revision4/cells/70_15/compact-neural-trained.pt","342226","D5FBBD4F083CB52793810417D48850EBF4504384CC7B627155056FA4EFAEE02E","retained-local-only"
"output/real_data/schottdorf_lee_2021_22cell_final_fair_prediction_benchmark_revision4/cells/70_34/compact-neural-trained.pt","342226","05BF9C66D1EFD3EF748F8C58D11BDAAF0D629044C1503E44180482A9A5A3964D","retained-local-only"
"output/real_data/schottdorf_lee_2021_22cell_final_fair_prediction_benchmark_revision4/cells/70_7/compact-neural-trained.pt","342226","908E9189B0FE617D4680097465EFD17372382DF3D3C9B099302DFF039BBC94DF","retained-local-only"
"output/real_data/schottdorf_lee_2021_22cell_matched_prediction_baselines_v1/cells/67_14/glm-trained.pt","23792","8CB192F6D305B6216949050EBF131EFACDD5D1CD6079E856010EA77BBABABA05","retained-local-only"
"output/real_data/schottdorf_lee_2021_22cell_matched_prediction_baselines_v1/cells/67_21/glm-trained.pt","23792","2B13DDD3FC8A534C571A98DA653CFF8C3E7827AF5FBF26DEFCD43F8BFA81B83B","retained-local-only"
"output/real_data/schottdorf_lee_2021_22cell_matched_prediction_baselines_v1/cells/67_26/glm-trained.pt","23792","8AC2881438265FB207B83F05F032A39447C839E2CE6818D539C6A35AC0368A43","retained-local-only"
"output/real_data/schottdorf_lee_2021_22cell_matched_prediction_baselines_v1/cells/67_33/glm-trained.pt","23792","245F7A91A443E14E9573382FE02BA9D190FCD45BF04D5F5689173B6FC77DD4D2","retained-local-only"
"output/real_data/schottdorf_lee_2021_22cell_matched_prediction_baselines_v1/cells/67_34/glm-trained.pt","23792","5FFF9C022C4BBE739853DCF117D4F5B7B51990E6F268EDB62D9F6899EF932EFD","retained-local-only"
"output/real_data/schottdorf_lee_2021_22cell_matched_prediction_baselines_v1/cells/67_4/glm-trained.pt","23792","25DC7EB5972DDBEB6772B94B0278AC65F4547417C78CC97644163648E02494E1","retained-local-only"
"output/real_data/schottdorf_lee_2021_22cell_matched_prediction_baselines_v1/cells/67_6/glm-trained.pt","23792","DB27CCD94DFD98B91D9FE3739DA19B68B1C443B5019DE1E0CFB008DEBC4CB3E9","retained-local-only"
"output/real_data/schottdorf_lee_2021_22cell_matched_prediction_baselines_v1/cells/67_7/glm-trained.pt","23792","7D77882F660472202345D6314E0C7808C5BF45A0B4C367D4202C71051F762110","retained-local-only"
"output/real_data/schottdorf_lee_2021_22cell_matched_prediction_baselines_v1/cells/68_10/glm-trained.pt","23792","5B61A1EF85F869DF42CD1D87F87AF4640643F0C9CA32010DFC50CA4E2CB35D60","retained-local-only"
"output/real_data/schottdorf_lee_2021_22cell_matched_prediction_baselines_v1/cells/68_11/glm-trained.pt","23792","078E42B9A0C8B59A69A756C99E60EC8EC5BD26D9990C554DB49E034A1B35A558","retained-local-only"
"output/real_data/schottdorf_lee_2021_22cell_matched_prediction_baselines_v1/cells/68_3/glm-trained.pt","23792","51FC459C30D8736E0ED31C209792CEAC1506543BB82E898D21702E335264AEF0","retained-local-only"
"output/real_data/schottdorf_lee_2021_22cell_matched_prediction_baselines_v1/cells/68_4/glm-trained.pt","23792","4405438370F4FCC8F186826493DC932B6C805307DB336279B16323AE2B736851","retained-local-only"
"output/real_data/schottdorf_lee_2021_22cell_matched_prediction_baselines_v1/cells/68_7/glm-trained.pt","23792","F0D6248BA49A0D7744D6E9199AB26C1580492DE008483DE703D338E4926C0A1E","retained-local-only"
"output/real_data/schottdorf_lee_2021_22cell_matched_prediction_baselines_v1/cells/69_21/glm-trained.pt","23792","9C3BEE2CF3CBD10B536B9C59B54FC7F27C4F14FA55EE74664B204E4B0F5A440D","retained-local-only"
"output/real_data/schottdorf_lee_2021_22cell_matched_prediction_baselines_v1/cells/69_3/glm-trained.pt","23792","71AA08F1FC95C2B20BDEC956F232CC74E633BD4BB4CD3B9155E5DE51496FB615","retained-local-only"
"output/real_data/schottdorf_lee_2021_22cell_matched_prediction_baselines_v1/cells/69_4/glm-trained.pt","23792","F8598CCAB3F0EC3CE6FF5883E8F81654CA8FA8C2356FCABAD38294B565C49E9E","retained-local-only"
"output/real_data/schottdorf_lee_2021_22cell_matched_prediction_baselines_v1/cells/69_6/glm-trained.pt","23792","57CF08EB8B98BDB88553A8940D29C1D40A4EAB382F38949B6838CA11D0D80380","retained-local-only"
"output/real_data/schottdorf_lee_2021_22cell_matched_prediction_baselines_v1/cells/69_7/glm-trained.pt","23792","72F9F0E175C159E4D465EE9D035F638E5394827268589FEBE4E09B82A6D98312","retained-local-only"
"output/real_data/schottdorf_lee_2021_22cell_matched_prediction_baselines_v1/cells/70_1/glm-trained.pt","23792","CA5FC270757F57ADCBAB26628F326F7E2FF7F5C582BA39BDEC893CD6D6F58D59","retained-local-only"
"output/real_data/schottdorf_lee_2021_22cell_matched_prediction_baselines_v1/cells/70_15/glm-trained.pt","23792","2D1F6EA619422C5FDA15D23A29099D306B8DD183B55E352B8FAFCA90A3978861","retained-local-only"
"output/real_data/schottdorf_lee_2021_22cell_matched_prediction_baselines_v1/cells/70_34/glm-trained.pt","23792","8476996C1B237D87BC1288232272CBAA4939D8775DA13763642FDFF50B09A93D","retained-local-only"
"output/real_data/schottdorf_lee_2021_22cell_matched_prediction_baselines_v1/cells/70_7/glm-trained.pt","23792","B53072C6E4FAC5593DB01DC3E4FFDC1A1254DE2D4EF84188C6E8DC470F5F7FF6","retained-local-only"
"output/real_data/schottdorf_lee_2021_cellwise_multirecording_v1_local_seed20260828_revision2/cells/67_14/model-raw.pt","218092","E958F3E1BBDB03FE8C7586F0E7F385D4CB7526714E3B2CC0F0C400EC260F3DD1","retained-local-only"
"output/real_data/schottdorf_lee_2021_cellwise_multirecording_v1_local_seed20260828_revision2/cells/67_14/model-trained.pt","218372","8B8E614A5864C96DEA362DE8DDC172BB92AF5F26BC6152B67215A8A346CFCD2C","retained-local-only"
"output/real_data/schottdorf_lee_2021_cellwise_multirecording_v1_local_seed20260828_revision2/cells/67_21/model-raw.pt","218092","69265A07913B3CA1994C3808EA3052825DA2CF13ABD731E43C8D0414F88A3DD6","retained-local-only"
"output/real_data/schottdorf_lee_2021_cellwise_multirecording_v1_local_seed20260828_revision2/cells/67_21/model-trained.pt","218372","22691A049E096C4734D3FBA16580A013B1AA4D4B9DCA0ED26E76CB2BB61EE3CE","retained-local-only"
"output/real_data/schottdorf_lee_2021_cellwise_multirecording_v1_local_seed20260828_revision2/cells/67_26/model-raw.pt","218092","9E353CECC38DE32972C64BC61F9C6E79BDA625D7E47D3015511694C4166D1519","retained-local-only"
"output/real_data/schottdorf_lee_2021_cellwise_multirecording_v1_local_seed20260828_revision2/cells/67_26/model-trained.pt","218372","C87B8DBDC2708AA00FC26F7579B7FD1CFFBEB61BACB9434D7ADE70073F051BA3","retained-local-only"
"output/real_data/schottdorf_lee_2021_cellwise_multirecording_v1_local_seed20260828_revision2/cells/67_33/model-raw.pt","218092","6C277A4A7410BF0F76659FA81FACEB88603416ECB78E859CB02ED4718201D778","retained-local-only"
"output/real_data/schottdorf_lee_2021_cellwise_multirecording_v1_local_seed20260828_revision2/cells/67_33/model-trained.pt","218372","FA12872EB42819ADA991279B6A6C06D0F2B289BD93F1D20B10D56BFA5C4FC2AF","retained-local-only"
"output/real_data/schottdorf_lee_2021_cellwise_multirecording_v1_local_seed20260828_revision2/cells/67_34/model-raw.pt","218092","85B3224441C52C6A3FAF6AD25664DF153249BEF12488D98AB3C1A33CCA2766C8","retained-local-only"
"output/real_data/schottdorf_lee_2021_cellwise_multirecording_v1_local_seed20260828_revision2/cells/67_34/model-trained.pt","218372","E0041B0CD9D632C596DF4B37EFEAB0282603600FED088F10FBBDF717C0D43F46","retained-local-only"
"output/real_data/schottdorf_lee_2021_cellwise_multirecording_v1_local_seed20260828_revision2/cells/67_4/model-raw.pt","217964","7AFC0DCD3DBC8FF7CB017F33D63ADE3EC84DC3B82E846C4E5FBA2CAFA8B361E1","retained-local-only"
"output/real_data/schottdorf_lee_2021_cellwise_multirecording_v1_local_seed20260828_revision2/cells/67_4/model-trained.pt","218180","0C2327644EE4139B1CE7A1B7AB0E9F6AEC03AD9B366A3AA8400A8E29957E3809","retained-local-only"
"output/real_data/schottdorf_lee_2021_cellwise_multirecording_v1_local_seed20260828_revision2/cells/67_6/model-raw.pt","218092","98BE86D9E6278F0E780FF77F06E3959811B421F0EA9C1611F1958A60FE85BC64","retained-local-only"
"output/real_data/schottdorf_lee_2021_cellwise_multirecording_v1_local_seed20260828_revision2/cells/67_6/model-trained.pt","218372","96211BE4DD3A183188A1DBE2E956A82F99419043C92968B3BD406126BFE60469","retained-local-only"
"output/real_data/schottdorf_lee_2021_cellwise_multirecording_v1_local_seed20260828_revision2/cells/67_7/model-raw.pt","218092","46CA23F485641C5EC6EA604530CF0DDAE6A101D7E2674DDB759A8BE93EC7227A","retained-local-only"
"output/real_data/schottdorf_lee_2021_cellwise_multirecording_v1_local_seed20260828_revision2/cells/67_7/model-trained.pt","218372","E190FF01466344D38BA52CDCC5E0A17AE7DD853E490FEC44CEC6E96ABCC2192C","retained-local-only"
"output/real_data/schottdorf_lee_2021_cellwise_multirecording_v1_local_seed20260828_revision2/cells/68_10/model-raw.pt","217964","7708628CDA6756316D2591277010ADA84BE15BC8A95C21777F8AF225B2E48191","retained-local-only"
"output/real_data/schottdorf_lee_2021_cellwise_multirecording_v1_local_seed20260828_revision2/cells/68_10/model-trained.pt","218180","B23A5AB9765C13DD794AC6EA32FFD7E427DC5FFBA6C74DE21DB5F2DC1502C765","retained-local-only"
"output/real_data/schottdorf_lee_2021_cellwise_multirecording_v1_local_seed20260828_revision2/cells/68_11/model-raw.pt","218092","606C2A2D4A8E28FE7409B7BF0FE41E61BB8B5948B17CEB1B0354016E995B2E4E","retained-local-only"
"output/real_data/schottdorf_lee_2021_cellwise_multirecording_v1_local_seed20260828_revision2/cells/68_11/model-trained.pt","218372","9858BB4314567CAC72065251759156FE1B0F67DDEB66E4DEA4626AD1FA2C1509","retained-local-only"
"output/real_data/schottdorf_lee_2021_cellwise_multirecording_v1_local_seed20260828_revision2/cells/68_3/model-raw.pt","218092","DDEABE44D82665CE519E326F5009ADE1CB7DFAF4E3B8EB9CDD41E3CAB0BDA588","retained-local-only"
"output/real_data/schottdorf_lee_2021_cellwise_multirecording_v1_local_seed20260828_revision2/cells/68_3/model-trained.pt","218372","5BDF6AFFEA374694C4FF4B10F95BABB104BB899F4C5C316BDCD204146A805A5F","retained-local-only"
"output/real_data/schottdorf_lee_2021_cellwise_multirecording_v1_local_seed20260828_revision2/cells/68_4/model-raw.pt","217964","C67D06FAD352F86A87A4665325E8F3CEFAA5FF41371344CE5BC60A1DB6EBEF00","retained-local-only"
"output/real_data/schottdorf_lee_2021_cellwise_multirecording_v1_local_seed20260828_revision2/cells/68_4/model-trained.pt","218180","BB8FFD38988482FC887DA0159C66EB9000CAC9CE205A2704541A3A21D42C07F9","retained-local-only"
"output/real_data/schottdorf_lee_2021_cellwise_multirecording_v1_local_seed20260828_revision2/cells/68_7/model-raw.pt","218092","A9F347A52E1DBE4CCAD620D31570D32929911E3741AB3B0405B2C34BE42CAFB6","retained-local-only"
"output/real_data/schottdorf_lee_2021_cellwise_multirecording_v1_local_seed20260828_revision2/cells/68_7/model-trained.pt","218372","834316825AF679F3A897174DBB69038AB6CC76C9C618579ED0B1C779CD81E81B","retained-local-only"
"output/real_data/schottdorf_lee_2021_cellwise_multirecording_v1_local_seed20260828_revision2/cells/69_21/model-raw.pt","217964","826BFB79586B96F934573B10AC5AF1CE288FE07C939D7818F06C4516D9FD99BC","retained-local-only"
"output/real_data/schottdorf_lee_2021_cellwise_multirecording_v1_local_seed20260828_revision2/cells/69_21/model-trained.pt","218180","CF8A02F2A33FA8C2113BBA6FE96342F023FDC0F9A736E8924EDB443D83F8A85D","retained-local-only"
"output/real_data/schottdorf_lee_2021_cellwise_multirecording_v1_local_seed20260828_revision2/cells/69_3/model-raw.pt","218092","8437B3CDD7C56F1D460421BD8A782074C60430DECAC6E29168AC60E933E5F4AE","retained-local-only"
"output/real_data/schottdorf_lee_2021_cellwise_multirecording_v1_local_seed20260828_revision2/cells/69_3/model-trained.pt","218372","29F382538B4A3EBC7586C3FB4132260AF3D33402FA27B6AF1991FED6920415B7","retained-local-only"
"output/real_data/schottdorf_lee_2021_cellwise_multirecording_v1_local_seed20260828_revision2/cells/69_4/model-raw.pt","217964","238B7814C2AF97EB5ECA962374AE1239FE23D25D0227E9C8F03BFE867D9F6AC9","retained-local-only"
"output/real_data/schottdorf_lee_2021_cellwise_multirecording_v1_local_seed20260828_revision2/cells/69_4/model-trained.pt","218180","0B18425F90149DC4E673F3C0B1D70B3FE108DE18E933F82581FA5862987FFF29","retained-local-only"
"output/real_data/schottdorf_lee_2021_cellwise_multirecording_v1_local_seed20260828_revision2/cells/69_6/model-raw.pt","218092","EF352DD93F00075BDEE61A01018B9C9706D6F64946500EC3D923D2B96370A2F5","retained-local-only"
"output/real_data/schottdorf_lee_2021_cellwise_multirecording_v1_local_seed20260828_revision2/cells/69_6/model-trained.pt","218372","975F79BE0CAF88D7E73D8709AA198CFAA97524527AF500C10C1A504AA561A99D","retained-local-only"
"output/real_data/schottdorf_lee_2021_cellwise_multirecording_v1_local_seed20260828_revision2/cells/69_7/model-raw.pt","218092","378C88F6DDD78487887F54C4F6659D1312AC9502D1295528991A7511F47656DE","retained-local-only"
"output/real_data/schottdorf_lee_2021_cellwise_multirecording_v1_local_seed20260828_revision2/cells/69_7/model-trained.pt","218308","E0D1C0A76626DD1AF6AD0291007042D16312C67640488A2CF105254E76146A61","retained-local-only"
"output/real_data/schottdorf_lee_2021_cellwise_multirecording_v1_local_seed20260828_revision2/cells/70_1/model-raw.pt","217964","B497EBE4222E212B54605A839D6BD3283570FA916C358570AD3B49D06BA5F8AD","retained-local-only"
"output/real_data/schottdorf_lee_2021_cellwise_multirecording_v1_local_seed20260828_revision2/cells/70_1/model-trained.pt","218180","0947064908E487735D3A3D1C171907EDC1369A4A52ADE87856AC485C2C74DDB2","retained-local-only"
"output/real_data/schottdorf_lee_2021_cellwise_multirecording_v1_local_seed20260828_revision2/cells/70_15/model-raw.pt","217964","01A56E6BBC709BC96E7B2290978A7604451C3F932810FB86DC5A2DC451A0633D","retained-local-only"
"output/real_data/schottdorf_lee_2021_cellwise_multirecording_v1_local_seed20260828_revision2/cells/70_15/model-trained.pt","218180","435A8DA45F391FAD9E1EA11199AFB2FC2BFA7B470B7FB2C73457833A1144B7C5","retained-local-only"
"output/real_data/schottdorf_lee_2021_cellwise_multirecording_v1_local_seed20260828_revision2/cells/70_34/model-raw.pt","218092","B69D284AC723D354AD887432765C183CF6980A2D9D8F6A48368C0BF5F15D473D","retained-local-only"
"output/real_data/schottdorf_lee_2021_cellwise_multirecording_v1_local_seed20260828_revision2/cells/70_34/model-trained.pt","218372","F5DEDA597A74DBDF7C784E4433A30CA6BAF6B01A493AFC8E078112D9C8464469","retained-local-only"
"output/real_data/schottdorf_lee_2021_cellwise_multirecording_v1_local_seed20260828_revision2/cells/70_7/model-raw.pt","218092","8377FA71A5B9ECFC9B9C043FE41B9E31E51B38B7A45165708F0A4F0EDF6CF8C3","retained-local-only"
"output/real_data/schottdorf_lee_2021_cellwise_multirecording_v1_local_seed20260828_revision2/cells/70_7/model-trained.pt","218372","7C9A65A9AC626A1A86A916370F9AC55ECCD295844D9E0C8A01105344DC7AFEC2","retained-local-only"
"output/real_data/schottdorf_ln_r4_illusion_diagnostics_20260830/diagnostic-stimuli.png","180493","084A8472FB0392AB3AF5C115884BA976E325F20B2464D143BBD34222D774EE9A","retained-local-only"
"output/real_data/schottdorf_ln_r4_illusion_diagnostics_20260830/figures/diagnostic-67_14.png","260783","E564373DD64484F8431DB6A867710E35146DA5CF72A1062572C2036C417A0D66","retained-local-only"
"output/real_data/schottdorf_ln_r4_illusion_diagnostics_20260830/figures/diagnostic-67_21.png","273670","73D2E744A11A710C1EBB0644E245ABD9685FC574CFFE5D3039EA193D2DA88F3E","retained-local-only"
"output/real_data/schottdorf_ln_r4_illusion_diagnostics_20260830/figures/diagnostic-67_26.png","242007","3B870BE530D40A7165C11C71C7AEB49A4EC9380D68807D0EAD14C43CE972CFE2","retained-local-only"
"output/real_data/schottdorf_ln_r4_illusion_diagnostics_20260830/figures/diagnostic-67_33.png","251198","244AE65186667EEE4D6BE236CA979C55A655A59D11C3352636C2D04B1CE55A1B","retained-local-only"
"output/real_data/schottdorf_ln_r4_illusion_diagnostics_20260830/figures/diagnostic-67_34.png","265800","D5AE7CBB952E258E5E555A7A71C32C654A71D476DEC5CD7DF941750B8950E5A3","retained-local-only"
"output/real_data/schottdorf_ln_r4_illusion_diagnostics_20260830/figures/diagnostic-67_4.png","253414","AE7A2637DE8B7BDF9EFEF1FDE9C91F38F8F5CA83F7FD7843DB34E241E11EB7C5","retained-local-only"
"output/real_data/schottdorf_ln_r4_illusion_diagnostics_20260830/figures/diagnostic-67_6.png","226573","2C184469FC10B31F7B390CB3D860BA1379EE56E4A79A00384090BFF857FE4C4A","retained-local-only"
"output/real_data/schottdorf_ln_r4_illusion_diagnostics_20260830/figures/diagnostic-67_7.png","235683","819CAECA6DF18BC6E52EA750292E6FE985A608EF4C9A77B0F5D0A9661C478FE7","retained-local-only"
"output/real_data/schottdorf_ln_r4_illusion_diagnostics_20260830/figures/diagnostic-68_10.png","235251","0024FE28605901BDA061A0472D1145E8C0741AB33080D91CF92F8630EA18DC96","retained-local-only"
"output/real_data/schottdorf_ln_r4_illusion_diagnostics_20260830/figures/diagnostic-68_11.png","257574","C1CE8F398D01BB1A7CFCBF0CD36A32BF9A095301A25249932B5F213B509BF285","retained-local-only"
"output/real_data/schottdorf_ln_r4_illusion_diagnostics_20260830/figures/diagnostic-68_3.png","230605","C200E59FC9CFE801D25ECFB2602239749DD02C6D510941C737816D591F3A8F4B","retained-local-only"
"output/real_data/schottdorf_ln_r4_illusion_diagnostics_20260830/figures/diagnostic-68_4.png","230653","51F06CB10269A00A76681FF8100E175DFE99879C04CD99214F6046C86E6E90CC","retained-local-only"
"output/real_data/schottdorf_ln_r4_illusion_diagnostics_20260830/figures/diagnostic-68_7.png","242688","D6146CB023B89849156A75B8C51E8DB64AB863F34356E35744D1B8235232DFF5","retained-local-only"
"output/real_data/schottdorf_ln_r4_illusion_diagnostics_20260830/figures/diagnostic-69_21.png","248575","F910439F191727C246A08403CAD2966B1082A1907CA8DE4CA4346F889BBD410A","retained-local-only"
"output/real_data/schottdorf_ln_r4_illusion_diagnostics_20260830/figures/diagnostic-69_3.png","234698","B878684DBBF6948DA2920C8E0F2E72A1B92EDCD284782C7AA4BACED33228ED1A","retained-local-only"
"output/real_data/schottdorf_ln_r4_illusion_diagnostics_20260830/figures/diagnostic-69_4.png","251606","65DD5533B42C55EE0FF5AA506730D44939DDDD1992F9DC4752A72872CDAC53FA","retained-local-only"
"output/real_data/schottdorf_ln_r4_illusion_diagnostics_20260830/figures/diagnostic-69_6.png","231884","DD8BA7C74ABA5C41A13867C4D5A28B936DEF2931C6A7D0E1AC78B836E519B4B8","retained-local-only"
"output/real_data/schottdorf_ln_r4_illusion_diagnostics_20260830/figures/diagnostic-69_7.png","235526","9F69E342BE8C4580F08880993ED8B88B2E14752E52A9E07609406B28FA36DEC7","retained-local-only"
"output/real_data/schottdorf_ln_r4_illusion_diagnostics_20260830/figures/diagnostic-70_1.png","271188","C4DCAE0B219834BA426BAA13CCB5A3DDC2FFBF726A8CBCCA070D96B92482E52C","retained-local-only"
"output/real_data/schottdorf_ln_r4_illusion_diagnostics_20260830/figures/diagnostic-70_15.png","289981","6F934A7EEF3BBAE3FFEEA4B8B2EC907B38C30D93BF3960137488C73A7A4B5283","retained-local-only"
"output/real_data/schottdorf_ln_r4_illusion_diagnostics_20260830/figures/diagnostic-70_34.png","253824","280F34CD27E1A57EB97E44EC00A6A2224AEAA337FAD1788AF342214D4BF73E47","retained-local-only"
"output/real_data/schottdorf_ln_r4_illusion_diagnostics_20260830/figures/diagnostic-70_7.png","274402","15E65C5A447ADDD8C2437FFEDFC4657953659536BA300E390845E92DFB4DEE01","retained-local-only"
"output/real_data/schottdorf_ln_r4_illusion_diagnostics_20260830/figures/diagnostic-all.png","308394","9DB29F7C484906DB4AB1F664B37F76668C8AA0250DE4C3DCC5E56E1B6A8F7041","retained-local-only"
"output/real_data/schottdorf_ln_r4_illusion_diagnostics_20260830/figures/diagnostic-MC_OFF.png","233504","9D8C0CF610E3F23337B5BACEE11A8931FE4AAF92A23ED57B472FE43A3C052F18","retained-local-only"
"output/real_data/schottdorf_ln_r4_illusion_diagnostics_20260830/figures/diagnostic-MC_ON.png","241523","E9AB694396275EF7CE49F5BF3F8CDFCA1440FE1970117E4BF88D67A02D7A909E","retained-local-only"
"output/real_data/schottdorf_ln_r4_illusion_diagnostics_20260830/figures/diagnostic-PC_OFF.png","263973","5614D2AEE4EE2154FAC6E5ADAC59FF177425E8234E8019A7C2A93155594A4C85","retained-local-only"
"output/real_data/schottdorf_ln_r4_illusion_diagnostics_20260830/figures/diagnostic-PC_ON.png","257264","AA266DA09376DC93F49225047FAD53B476500FC9915D8BBF16F897159B9D0CCD","retained-local-only"
"output/real_data/schottdorf_ln_r4_illusion_diagnostics_20260830/figures/mach-time-67_14.png","261395","8CFEAEED625F01E805B55FB685541D541D0F21AF0256F7F512014BFF016EEED2","retained-local-only"
"output/real_data/schottdorf_ln_r4_illusion_diagnostics_20260830/figures/mach-time-67_21.png","279021","075898A14B7C4B900CF17E7ABB10D49E4B5625DB4FB335664742C0E1612782A8","retained-local-only"
"output/real_data/schottdorf_ln_r4_illusion_diagnostics_20260830/figures/mach-time-67_26.png","258538","C77286F323EAFAD6F81E21D2ECB67C6600DBEFB6E5A5BAE24E77941AF6EB04B8","retained-local-only"
"output/real_data/schottdorf_ln_r4_illusion_diagnostics_20260830/figures/mach-time-67_33.png","242187","9F0D5C4260462EFEBC9FC543EA10AE87D84AAF40D2C5DE64B3861354F144B87E","retained-local-only"
"output/real_data/schottdorf_ln_r4_illusion_diagnostics_20260830/figures/mach-time-67_34.png","247101","36073F8686B0DE4437626B0835F01B977A5AA835F20FEBD8054ED51F875CC929","retained-local-only"
"output/real_data/schottdorf_ln_r4_illusion_diagnostics_20260830/figures/mach-time-67_4.png","226239","CEA9050C0817922110E22E656F8F2D409DAD405334F7BFC7BEA4E3DB45780062","retained-local-only"
"output/real_data/schottdorf_ln_r4_illusion_diagnostics_20260830/figures/mach-time-67_6.png","200152","0AA562A1A96E935D5EE8239952B82F0FBAC62D95C7D9AFC41AB2F60B3CD4483E","retained-local-only"
"output/real_data/schottdorf_ln_r4_illusion_diagnostics_20260830/figures/mach-time-67_7.png","226690","DE80ABC97B3434CE17C70C07590D09C3134AAD2CCE68BFF9EFA5C52044C79E57","retained-local-only"
"output/real_data/schottdorf_ln_r4_illusion_diagnostics_20260830/figures/mach-time-68_10.png","207529","04F37CFEC24956A09814B87DAA55110C45CBD640E50FB44A7B9D24A62567A659","retained-local-only"
"output/real_data/schottdorf_ln_r4_illusion_diagnostics_20260830/figures/mach-time-68_11.png","231972","C86312B93D0BCE2D67BF7FFDA1AF0F9E51FF632FA74A81E3F12C6E5DF134960B","retained-local-only"
"output/real_data/schottdorf_ln_r4_illusion_diagnostics_20260830/figures/mach-time-68_3.png","205834","81CA4466D92231495EDE1DF165648F3C816D744C6584DB997D290A8CBEF58D82","retained-local-only"
"output/real_data/schottdorf_ln_r4_illusion_diagnostics_20260830/figures/mach-time-68_4.png","228974","5E285ABF2079A84C5EFB110DD8679466FA477DB8D8A1CD0393C15AB3F242F066","retained-local-only"
"output/real_data/schottdorf_ln_r4_illusion_diagnostics_20260830/figures/mach-time-68_7.png","249293","CBCDACE4CE752F7CCCCC4AD753DEC6F8B10E3E906F06552B0501AAF0C384FF2D","retained-local-only"
"output/real_data/schottdorf_ln_r4_illusion_diagnostics_20260830/figures/mach-time-69_21.png","194041","0321239CC7D55764CBBAD3F316DBE1E28A7FFFEB3ACEB9345A9BF12B63A4C761","retained-local-only"
"output/real_data/schottdorf_ln_r4_illusion_diagnostics_20260830/figures/mach-time-69_3.png","228991","25678BA8D6FFCED6F89CF5C44282E63795782DD0FA3483802321D91C29DC735A","retained-local-only"
"output/real_data/schottdorf_ln_r4_illusion_diagnostics_20260830/figures/mach-time-69_4.png","248193","8122E3A85ACBB9A575E2669A0020D6779C97EDAFDD7EB43916F6739658253E04","retained-local-only"
"output/real_data/schottdorf_ln_r4_illusion_diagnostics_20260830/figures/mach-time-69_6.png","226778","F25382B4C6C5069339DCDE4CB720D6E222ABC15DE8E35CB5F2A0090213303B3A","retained-local-only"
"output/real_data/schottdorf_ln_r4_illusion_diagnostics_20260830/figures/mach-time-69_7.png","236022","E62F88E74D40BF99E4EB1B05BB405C4948656C31831BA4B10F594B80A30E4440","retained-local-only"
"output/real_data/schottdorf_ln_r4_illusion_diagnostics_20260830/figures/mach-time-70_1.png","266247","A8F1E968797CB21110A8849AD9C072BDFFC4D154842114FF1699D2449AC5FFC5","retained-local-only"
"output/real_data/schottdorf_ln_r4_illusion_diagnostics_20260830/figures/mach-time-70_15.png","276938","68F9634F5229B66F0DDED11F4E61B1AB725F823D48B3B762A682637E81A93701","retained-local-only"
"output/real_data/schottdorf_ln_r4_illusion_diagnostics_20260830/figures/mach-time-70_34.png","272661","3A8C178E113E9142BF318D31365AA68B0BF6BC434D7FD1E29BA8CC9D87A269B5","retained-local-only"
"output/real_data/schottdorf_ln_r4_illusion_diagnostics_20260830/figures/mach-time-70_7.png","277136","F167A710742FC0401F07C6A764D9C453B93EEE8CB389375ED5ABC213C65548C7","retained-local-only"
"output/real_data/schottdorf_ln_r4_illusion_diagnostics_20260830/figures/mach-time-all.png","281091","BDF86761FEA4D633F45A3A4D31CA66E713DCC8F05012C1DC166221476C0206C3","retained-local-only"
"output/real_data/schottdorf_ln_r4_illusion_diagnostics_20260830/figures/mach-time-MC_OFF.png","225293","77C7E42996D55BFFAE14448318EA8F9BA8A4FCFA151E37B837713FC92189C708","retained-local-only"
"output/real_data/schottdorf_ln_r4_illusion_diagnostics_20260830/figures/mach-time-MC_ON.png","247232","3475923254DF911D10AAFFCCB6DA4A89584D545F8E626634FB42AF46C6E20300","retained-local-only"
"output/real_data/schottdorf_ln_r4_illusion_diagnostics_20260830/figures/mach-time-PC_OFF.png","238619","73B8F21A21CA7E78FE0E6BEF53C9D82568FED444AEACC080ED98E8928FCE6324","retained-local-only"
"output/real_data/schottdorf_ln_r4_illusion_diagnostics_20260830/figures/mach-time-PC_ON.png","262279","FDA500EE7F8227748CFD9DE0FAABD3C25B9ABF0D393F946E00285BD9430B5BFC","retained-local-only"
"output/real_data/schottdorf_ln_r4_illusion_diagnostics_20260830/figures/original-67_14.png","386410","3AE0A4FC93593F6E1235C152D0A35A623F8434621A2C47731884139AEE4DCF09","retained-local-only"
"output/real_data/schottdorf_ln_r4_illusion_diagnostics_20260830/figures/original-67_21.png","402441","C32EF59FD7F4CA147B2521CA3FD942B713E77EB60F967D526B2554FE69E47512","retained-local-only"
"output/real_data/schottdorf_ln_r4_illusion_diagnostics_20260830/figures/original-67_26.png","348897","47C63382EBAB66518DBF41991D865DADC3FAF8E22530F5CDE0075DE1467C1D73","retained-local-only"
"output/real_data/schottdorf_ln_r4_illusion_diagnostics_20260830/figures/original-67_33.png","360959","5480BADF734B0767971F8F28A004770C73B7FF69C5EE004B0AA36CA6AE5B30D1","retained-local-only"
"output/real_data/schottdorf_ln_r4_illusion_diagnostics_20260830/figures/original-67_34.png","363458","A3F67EF15715DE6B8513A88F8F04354AB4FE480F12A6C7DC206F43C7208FA0D8","retained-local-only"
"output/real_data/schottdorf_ln_r4_illusion_diagnostics_20260830/figures/original-67_4.png","348665","7E12BC363BA72AFC1B2A94FF259D43DEA2FBDD7F18EE9FB015B659637583B66D","retained-local-only"
"output/real_data/schottdorf_ln_r4_illusion_diagnostics_20260830/figures/original-67_6.png","349494","2964407F17EDE75B5B22EA25F57B5FE7467A2654C71465B967D6C90E1728D8D5","retained-local-only"
"output/real_data/schottdorf_ln_r4_illusion_diagnostics_20260830/figures/original-67_7.png","355546","2C4427431F0F5C7F1FF2CC0861469CF418B7942C05F55931421A3475CAF21105","retained-local-only"
"output/real_data/schottdorf_ln_r4_illusion_diagnostics_20260830/figures/original-68_10.png","334077","8D2BB431063F2CF6EFBF5583858D3CE6321D9F1DE2C8AEE3E927F82E7A09B26D","retained-local-only"
"output/real_data/schottdorf_ln_r4_illusion_diagnostics_20260830/figures/original-68_11.png","339068","BABE95664E5EE6366BB0332796EBEB8BBB66E148CC58C909933151CC56CA3D81","retained-local-only"
"output/real_data/schottdorf_ln_r4_illusion_diagnostics_20260830/figures/original-68_3.png","341756","90647377757CF4E6ACBCD3DB15853FE8907EB1403FD8E1A768000B93E06E169B","retained-local-only"
"output/real_data/schottdorf_ln_r4_illusion_diagnostics_20260830/figures/original-68_4.png","333648","554C2AF4F8422D2395C29CF04EAD1EE976C908F748C2DC24D3F133627F7D23F4","retained-local-only"
"output/real_data/schottdorf_ln_r4_illusion_diagnostics_20260830/figures/original-68_7.png","348410","3871080858E7CAEDF1CBBA5B8228DB178753691A96BEB7332C31F24A96281793","retained-local-only"
"output/real_data/schottdorf_ln_r4_illusion_diagnostics_20260830/figures/original-69_21.png","330874","3D5A976DBDAC04AC792D2A19DDC7AC9112373F95E0AF769AC50619E2D7B1BD76","retained-local-only"
"output/real_data/schottdorf_ln_r4_illusion_diagnostics_20260830/figures/original-69_3.png","322942","D9E1C551DAEB202679EA57E39FCCB8EDC6EA985226D1077AA93FD54D1D416D65","retained-local-only"
"output/real_data/schottdorf_ln_r4_illusion_diagnostics_20260830/figures/original-69_4.png","377594","F2E364603F3AE950D06C28C5ED7C7F715A287F383C83A3B82881DCBCD5B2309F","retained-local-only"
"output/real_data/schottdorf_ln_r4_illusion_diagnostics_20260830/figures/original-69_6.png","352445","8D93BD5851A2A9F94B96AE587962087BB2B76F05DA88DE4960CCEEA8160D7CBE","retained-local-only"
"output/real_data/schottdorf_ln_r4_illusion_diagnostics_20260830/figures/original-69_7.png","343383","6BFFEF85117004EF74CAD3AB67B3C185E717D41CBE8A97DF9A332BE17B903AC1","retained-local-only"
"output/real_data/schottdorf_ln_r4_illusion_diagnostics_20260830/figures/original-70_1.png","361168","3BBB459AAD4E6556DC2D7B16FFA1FE7038F499AF928FDEEC01F40EE09765F04E","retained-local-only"
"output/real_data/schottdorf_ln_r4_illusion_diagnostics_20260830/figures/original-70_15.png","391483","93E58F18BBACB01C0E3C45FD273588FA2897CC3CF7874021F0246F700C2AF68A","retained-local-only"
"output/real_data/schottdorf_ln_r4_illusion_diagnostics_20260830/figures/original-70_34.png","366044","674CBE2C0897765056616DAE601EFDE6F1C953AB9B579699ADC485B080337AC6","retained-local-only"
"output/real_data/schottdorf_ln_r4_illusion_diagnostics_20260830/figures/original-70_7.png","376841","1CE4CDEB3688BF1B7C214D1C7EFEEF9781562774C9576499BB3EB84F6A6213AF","retained-local-only"
"output/real_data/schottdorf_ln_r4_illusion_diagnostics_20260830/figures/original-all.png","438244","4640EEC6DE3771670806B92798EBE9AAA2164B65A5336E061CF877E1265D0EB7","retained-local-only"
"output/real_data/schottdorf_ln_r4_illusion_diagnostics_20260830/figures/original-MC_OFF.png","352238","BD7B4E98A300D8D93736C050D01B811EC5D0AD5A45B1676A24F57A2C7D1A72D7","retained-local-only"
"output/real_data/schottdorf_ln_r4_illusion_diagnostics_20260830/figures/original-MC_ON.png","357144","5C60CC0160CDD87ED71C6C265C6523BA8C9FE29DC3B6477A6AC968BEA7B59D20","retained-local-only"
"output/real_data/schottdorf_ln_r4_illusion_diagnostics_20260830/figures/original-PC_OFF.png","370986","DC93F5B1916DD414466442F3357A0626BFDCCB87BC5E83195BC0D5C33A06B1DB","retained-local-only"
"output/real_data/schottdorf_ln_r4_illusion_diagnostics_20260830/figures/original-PC_ON.png","370911","0109FD3310CC45BF5123D0B91AA33B7F87495C044EA92038C823E28E431FDD00","retained-local-only"
"output/real_data/schottdorf_ln_r4_illusion_diagnostics_20260830/inputs.pt","12616889","84693BB310502D093DBC8D865CBFC13D6D0660839FAC926DD5AA5940D38CEEE3","retained-local-only"
"output/real_data/schottdorf_ln_r4_illusion_diagnostics_20260830/responses.pt","13396538","127D11447D63C18253099A9DFBDEE41E85151827533AE8D1A8A7412209797878","retained-local-only"
"output/real_data/schottdorf_r4_dev_circuit_replay_20260830/figures/cells/67_14.png","226381","8C0D6840C753D3273C1C5F655579615C35E28CDEC9D6817E2FDBE7EA9F15E287","retained-local-only"
"output/real_data/schottdorf_r4_dev_circuit_replay_20260830/figures/cells/67_21.png","220686","A08834F221087B1C0E6EAD52108DB332A08D9A78EC33F93001154C4917AFA64F","retained-local-only"
"output/real_data/schottdorf_r4_dev_circuit_replay_20260830/figures/cells/67_26.png","210052","21D5588CE214EFB0D7CCAFFE44850441A3EB6C8F7B6567F30B5E46B05A6F4536","retained-local-only"
"output/real_data/schottdorf_r4_dev_circuit_replay_20260830/figures/cells/67_33.png","221375","D28EBDC56293AB49506B037769BDF7E41CE457FC20ADF6510454B1646064E755","retained-local-only"
"output/real_data/schottdorf_r4_dev_circuit_replay_20260830/figures/cells/67_34.png","218672","75E47F6E02DB4A9870196F319509BF1EA6FBCEFA1D85783A3CE83EEC7DA0C28F","retained-local-only"
"output/real_data/schottdorf_r4_dev_circuit_replay_20260830/figures/cells/67_4.png","213547","7F125F4A311A6FD8F5915B987D17C7AEB872D97BD3AA3184687551E9A0339151","retained-local-only"
"output/real_data/schottdorf_r4_dev_circuit_replay_20260830/figures/cells/67_6.png","216177","D157C0528E4C3C94F8C08325FFFDEA6E796E10AEB6EE290501143553ACAE6EAD","retained-local-only"
"output/real_data/schottdorf_r4_dev_circuit_replay_20260830/figures/cells/67_7.png","218288","5EC9723A65242C6412AA6AA38295C218DD0537396A93BCB256EC86C89DF272EE","retained-local-only"
"output/real_data/schottdorf_r4_dev_circuit_replay_20260830/figures/cells/68_10.png","226222","DF9215F2B3EA181DD49EB92B9D6EAEABD4EC8C20A387778DCF57AE1B5ED06F21","retained-local-only"
"output/real_data/schottdorf_r4_dev_circuit_replay_20260830/figures/cells/68_11.png","206174","86B67D5EB6407A2044A4862B724022C7F466A6DFD5309167B64EBE80E5A0AF93","retained-local-only"
"output/real_data/schottdorf_r4_dev_circuit_replay_20260830/figures/cells/68_3.png","216591","AAE8104359B9AFDBD73A3C5C0EAA3AD10F3DD36E4C7264F9F022B287513C45E0","retained-local-only"
"output/real_data/schottdorf_r4_dev_circuit_replay_20260830/figures/cells/68_4.png","210973","2DD5A2995E1BBCF438A56E6F1BFB59E847017668249EB0695957E0B99C35CD28","retained-local-only"
"output/real_data/schottdorf_r4_dev_circuit_replay_20260830/figures/cells/68_7.png","212337","D5BAEF510A3F457C2971D63868FEB4FF4DF952C477DB86CE739B13C85E14A5AA","retained-local-only"
"output/real_data/schottdorf_r4_dev_circuit_replay_20260830/figures/cells/69_21.png","207310","CB8F6AE99F8F6AEC77298305E948FE61849A9DBA874EFBD8CE56616FD0B57E6D","retained-local-only"
"output/real_data/schottdorf_r4_dev_circuit_replay_20260830/figures/cells/69_3.png","221798","52AF4A76C0FBAB444631E777CAF0B80AA74BAA87248B540F20784B567C7DE0CA","retained-local-only"
"output/real_data/schottdorf_r4_dev_circuit_replay_20260830/figures/cells/69_4.png","219594","29A2B3B6561639923490D0BEF29F8FB7A495FC43D3D291CB3821C8B8C10D9C3F","retained-local-only"
"output/real_data/schottdorf_r4_dev_circuit_replay_20260830/figures/cells/69_6.png","215708","8A9014691F8A01C8FDEE6EA93403382414BB0FA1EEED052A368489519B4E23FE","retained-local-only"
"output/real_data/schottdorf_r4_dev_circuit_replay_20260830/figures/cells/69_7.png","211109","BCF33EB806880650A9AF1E72DDFA9A100D85328B4B3B411493E4CFB69A6DB060","retained-local-only"
"output/real_data/schottdorf_r4_dev_circuit_replay_20260830/figures/cells/70_1.png","216601","BA6804EED0B548656BDE2AD39F2B56080211A209BDCE240E1B77E83EB9B6B508","retained-local-only"
"output/real_data/schottdorf_r4_dev_circuit_replay_20260830/figures/cells/70_15.png","219356","3CA6D7CEDAAB6DEDAD04A8638585666E01B33C90FECA73D1852EA788AC36DC3A","retained-local-only"
"output/real_data/schottdorf_r4_dev_circuit_replay_20260830/figures/cells/70_34.png","224647","E80C83F5AEC0027B43996E40E3136AEAE09E8C39A24AC0285F1A7CBDEF8D693D","retained-local-only"
"output/real_data/schottdorf_r4_dev_circuit_replay_20260830/figures/cells/70_7.png","215180","7676711813B291A4567B2D20449286B34098470F282D08B4F4C801585658E49A","retained-local-only"
"output/real_data/schottdorf_r4_dev_circuit_replay_20260830/figures/groups/MC_OFF.png","257054","F2CAEADA2F8515BB58F9ECA1F938AFF89F5EBB430BA9F0EFFE8E84A66361ADB6","retained-local-only"
"output/real_data/schottdorf_r4_dev_circuit_replay_20260830/figures/groups/MC_ON.png","259663","F1D63012A510AB5900E21506E04AB92592ACB31F1E476F7AD62E5A9E17847DB6","retained-local-only"
"output/real_data/schottdorf_r4_dev_circuit_replay_20260830/figures/groups/PC_OFF.png","253370","AB471993B770C9AAF31879DB2388D3C52FCB8B52EEF5976D9E99AABC5F10A4B6","retained-local-only"
"output/real_data/schottdorf_r4_dev_circuit_replay_20260830/figures/groups/PC_ON.png","260701","E33BBF0071116D788967739DD1447AB3D80A8E60B81A252FAC894D434565E161","retained-local-only"
"output/real_data/schottdorf_r4_dev_circuit_replay_20260830/old-checkpoint-replayed.pt","34128730","5F1890CCF11A830559B0B95D3400CF680C7C8B4D87F8C3AB6723E41A0A5E24AE","retained-local-only"
"output/real_data/schottdorf_r4_dev_circuit_replay_20260830/perturbation-tensors.pt","4488190","77C4F06E345AB1D3BB882650CD5CBC1961F2FF6F6106AF7355DA924668DF1239","retained-local-only"
"output/real_data/schottdorf_r4_dev_circuit_replay_20260830/response_tensors.pt","27975632","33091C61D6094D3FA7763B93EE1E9935ADE1CB86B6B315DA847561966F2E6F8F","retained-local-only"
"output/real_data/schottdorf_r4_dev_circuit_replay_20260830/rf-tensors.pt","1660140","A9092C5172F1D51FB45574E1C7B0CA46E37E3346EAE548BA5017ED56DC7889C2","retained-local-only"
"output/real_data/schottdorf_r4_dev_circuit_replay_20260830/validation-normal-responses.pt","670162","567BB66AFFA5A24EC31A2351926A842D16A6BCB2AD16E3759D82EB5DCF63BE4B","retained-local-only"
"output/real_data/schottdorf_r4_dev_visual_illusions_20260830/figures/cell-67_14.png","374064","6C0EDAB19C36DD1AF1C69EF1F808C2A0E779275F21C8883D0EF1E214CA799617","retained-local-only"
"output/real_data/schottdorf_r4_dev_visual_illusions_20260830/figures/cell-67_21.png","361626","B6FF76105358A4F8100D9273916334BBBA68B206FD2571364DBD42647182584A","retained-local-only"
"output/real_data/schottdorf_r4_dev_visual_illusions_20260830/figures/cell-67_26.png","325404","CEA712DAD2127FE04D1A86D1A50871DD25BD2DBA88465EC2DA45A3AA1B2C569E","retained-local-only"
"output/real_data/schottdorf_r4_dev_visual_illusions_20260830/figures/cell-67_33.png","355023","0F42955B28C93D242F839226E9045B8A3BCD6B104BB1B4998EA859C77B0BAA92","retained-local-only"
"output/real_data/schottdorf_r4_dev_visual_illusions_20260830/figures/cell-67_34.png","362711","E17EF42EF4FDA03FBD190A102D6C7BA25F724766AEEED67DC0E1C48C5CB6E92E","retained-local-only"
"output/real_data/schottdorf_r4_dev_visual_illusions_20260830/figures/cell-67_4.png","315597","C1C4948AFE473B76F9C4E26AD8F436A9A3AFE385AFCDAF315D7092E205F08682","retained-local-only"
"output/real_data/schottdorf_r4_dev_visual_illusions_20260830/figures/cell-67_6.png","346250","50A096FD8B0F7679482FB358A01E87D1371008CF11A4F64964558756A863EBC5","retained-local-only"
"output/real_data/schottdorf_r4_dev_visual_illusions_20260830/figures/cell-67_7.png","338339","FE0C7BF9852518421B17C37D1E50C40DFCFB6D965831959EAECB82973FD97054","retained-local-only"
"output/real_data/schottdorf_r4_dev_visual_illusions_20260830/figures/cell-68_10.png","332278","94230159576B72F39F5C4C6AD097AC1119F1CF41AE92CA0BD6F91B33CB541314","retained-local-only"
"output/real_data/schottdorf_r4_dev_visual_illusions_20260830/figures/cell-68_11.png","317457","F72402723E0B7F1E32D1FF6629E66098B993A19287980ABE1017E19514E41DA5","retained-local-only"
"output/real_data/schottdorf_r4_dev_visual_illusions_20260830/figures/cell-68_3.png","328112","BC4A700C6ABC03D548388F7C079B87450735AF7B271B55BE30ABA794BDBAB8A5","retained-local-only"
"output/real_data/schottdorf_r4_dev_visual_illusions_20260830/figures/cell-68_4.png","365594","73A21FC0B17EEE2BD1C2BCAC938B5A4E35D9337ACE01E69CBBC7ED28FE929D2E","retained-local-only"
"output/real_data/schottdorf_r4_dev_visual_illusions_20260830/figures/cell-68_7.png","326632","4B223D03AF7F63A5AED2EC0B71F075C9F53D172152B6688E7F2076780C2CB633","retained-local-only"
"output/real_data/schottdorf_r4_dev_visual_illusions_20260830/figures/cell-69_21.png","329110","FA02719C33FDC6307DAB381D4BE408DA46DAC03E0A0ECB9AAE9C3B8752B13E12","retained-local-only"
"output/real_data/schottdorf_r4_dev_visual_illusions_20260830/figures/cell-69_3.png","369076","BFCD39241C0F3DB3A2F173D1F0C567AC7BA13696D3993E27CA55AAE364F06794","retained-local-only"
"output/real_data/schottdorf_r4_dev_visual_illusions_20260830/figures/cell-69_4.png","341858","AB1507C6C58FD12907794B763E3E098BED7F2015648F6C901FC29BFC5B0CA5C1","retained-local-only"
"output/real_data/schottdorf_r4_dev_visual_illusions_20260830/figures/cell-69_6.png","346270","909D20E6EE6C2DED7EA6DBB600C39D0CDD075A83818F30F568487A5015533B37","retained-local-only"
"output/real_data/schottdorf_r4_dev_visual_illusions_20260830/figures/cell-69_7.png","332904","A04076D26561EAF4829BA0EE26C7967736051285EEC746746478D7F886F0CFAA","retained-local-only"
"output/real_data/schottdorf_r4_dev_visual_illusions_20260830/figures/cell-70_1.png","333608","909104C38FA913F1937DCC12D16CFB4C8C1D5CF08EB8C3706C8394C6EC5C6E48","retained-local-only"
"output/real_data/schottdorf_r4_dev_visual_illusions_20260830/figures/cell-70_15.png","364728","19205FAFAA802E70220CB66437CFE668D3D40461F9AC232CD1BE0A9B77F6D622","retained-local-only"
"output/real_data/schottdorf_r4_dev_visual_illusions_20260830/figures/cell-70_34.png","338203","92578DB4375EBFE1C86527B1070B8D476855D791C650BBA3C3AABC755B8B4309","retained-local-only"
"output/real_data/schottdorf_r4_dev_visual_illusions_20260830/figures/cell-70_7.png","363913","3775E9AD4EAEE45CA4B8C4E4381A08A0AE322F4336ABD0C9C0C1377E1D9AE5CA","retained-local-only"
"output/real_data/schottdorf_r4_dev_visual_illusions_20260830/figures/group-all.png","369318","6045ED4EB65E86BBA7D8B684E5262E82CA50CAC7C87B2EC0E6D109D0FA6D709A","retained-local-only"
"output/real_data/schottdorf_r4_dev_visual_illusions_20260830/figures/group-MC_OFF.png","348408","BEB4B6754B0B46872BF7F4DA095BDAD54F7164C0728E1577AB9C6BCDBF3BD916","retained-local-only"
"output/real_data/schottdorf_r4_dev_visual_illusions_20260830/figures/group-MC_ON.png","337988","5E06F4C404D376DA15095215D5E2452D88D5A4F0DCBFEA4765F21847D1E166A5","retained-local-only"
"output/real_data/schottdorf_r4_dev_visual_illusions_20260830/figures/group-PC_OFF.png","341032","CC7D267033518FF5677603A6A57DC0F62F38C77F6F508FFD52EEBD8F25D1DEFA","retained-local-only"
"output/real_data/schottdorf_r4_dev_visual_illusions_20260830/figures/group-PC_ON.png","361263","ADC11CE1AD366F3139635B9E65554495C0EFAE44740DF53FFD9FA944183CECBC","retained-local-only"
"output/real_data/schottdorf_r4_dev_visual_illusions_20260830/figures/mach-boundary-timecourses.png","469080","33FB21B2E27C56B4DB0C1BC7092DF7CE64BF7B942E0C68C944A0027F7471DACA","retained-local-only"
"output/real_data/schottdorf_r4_dev_visual_illusions_20260830/input-tensors.pt","10965120","9DE620F16352301DDE9939386B8950A1EB9112634038E865E7783BBBD6D7A94D","retained-local-only"
"output/real_data/schottdorf_r4_dev_visual_illusions_20260830/response-tensors.pt","15026887","1226ADEA74AE17F2BD8EC7B5908D8CAF47A9698B5374073CFFF9980FD6107D42","retained-local-only"
"output/real_data/schottdorf_r4_dev_visual_illusions_20260830/stimuli-and-controls.png","205425","659B0449BCEF0854D7D7DC46391D269620B4E4E5D69F047585562D8E519324FE","retained-local-only"
"output/real_data/schottdorf_r4_dev_visual_illusions_20260830/stimuli.pt","180864","E2C15880E8B164BB18369C686DA24251B9BB97A389B1384FCE125CC03C0E2956","retained-local-only"
"output/real_data/schottdorf_r4_development_22cell_20260830_verified/cells/67_14/model-inner-best.pt","219692","C03C859E336E3D628A563784922B070545395D1DBA09841AED759EF9DD240FE6","retained-local-only"
"output/real_data/schottdorf_r4_development_22cell_20260830_verified/cells/67_14/model-raw.pt","218795","D0BC0C326F69664CADC41DC3E13B207117AA695FCAD4E7EA207888A0A496CA5F","retained-local-only"
"output/real_data/schottdorf_r4_development_22cell_20260830_verified/cells/67_14/model-trained.pt","219527","CBD0B209BE9700737FE455952C9535E7659486C00D050845341E0BD9B2D0772B","retained-local-only"
"output/real_data/schottdorf_r4_development_22cell_20260830_verified/cells/67_14/validation-predictions.pt","75219","C143DA860369A1F07E917C53E75DCFE64157E9690518999D9DB1D966E7BB9172","retained-local-only"
"output/real_data/schottdorf_r4_development_22cell_20260830_verified/cells/67_21/model-inner-best.pt","219692","6DF2DA1519A1DC17F61E6FE053F3D201ADD0744FBE7491CBEE30AD9698B81755","retained-local-only"
"output/real_data/schottdorf_r4_development_22cell_20260830_verified/cells/67_21/model-raw.pt","218795","2917CEE5152FD3B5DA61E18C1090D9E1F911475FD25F2490748291623DF863CC","retained-local-only"
"output/real_data/schottdorf_r4_development_22cell_20260830_verified/cells/67_21/model-trained.pt","219527","7415224B27D7EBDAA2DEF093E862A1E32092798DC218BBE47F76BE80B052B5DA","retained-local-only"
"output/real_data/schottdorf_r4_development_22cell_20260830_verified/cells/67_21/validation-predictions.pt","75219","EF37F4BC4EFBA2E8B50ACC04871779DC5FBE1E2C2C6DA5E7D52F16ACF195047F","retained-local-only"
"output/real_data/schottdorf_r4_development_22cell_20260830_verified/cells/67_26/model-inner-best.pt","219692","9902C639FAB575CF6A6838A65091DDD2C0DF4C227B88109438EC9ADF0BEAB1FD","retained-local-only"
"output/real_data/schottdorf_r4_development_22cell_20260830_verified/cells/67_26/model-raw.pt","218795","D5C855B2D771E1756B3A0072D69ECDF26BFE1DB95CF976D1238300A5FC5B2508","retained-local-only"
"output/real_data/schottdorf_r4_development_22cell_20260830_verified/cells/67_26/model-trained.pt","219527","C9520857021AFFFD1F489E9B99FFD30A26B0346C7828D6DE438426F1C9AD7849","retained-local-only"
"output/real_data/schottdorf_r4_development_22cell_20260830_verified/cells/67_26/validation-predictions.pt","75219","5D70FFB579D10347D992FE8F009F96EE3F1DA8927FB07BC4D71F3072F6E09FD5","retained-local-only"
"output/real_data/schottdorf_r4_development_22cell_20260830_verified/cells/67_33/model-inner-best.pt","219692","FA40ED85514726B44FB4612D39BFF250944EF9D5351DAB2C751DEFF882D6C341","retained-local-only"
"output/real_data/schottdorf_r4_development_22cell_20260830_verified/cells/67_33/model-raw.pt","218795","C1DD73356F8F9A47C17BD7F5D06B1BC855601C1AC250A3CB9B957E17E415CB3C","retained-local-only"
"output/real_data/schottdorf_r4_development_22cell_20260830_verified/cells/67_33/model-trained.pt","219591","CEC991401747CDB5141C754F41D9CBF3DBAE934484037277A7AD10EBF6E32267","retained-local-only"
"output/real_data/schottdorf_r4_development_22cell_20260830_verified/cells/67_33/validation-predictions.pt","75219","E60100C4EB1856BBBAC4AFD71C5990ECC69D48EBD780BFB3D4563A1F272E38AA","retained-local-only"
"output/real_data/schottdorf_r4_development_22cell_20260830_verified/cells/67_34/model-inner-best.pt","219692","CCCB4C939CAC01A4E69073B2D2EF48B81556A6FF5A800B72FF6042ADAFD7D4A9","retained-local-only"
"output/real_data/schottdorf_r4_development_22cell_20260830_verified/cells/67_34/model-raw.pt","218795","868A81614417FF0D2DF8D4E9BB1C5D016A4B5D2DDFA570996A165A097D13D8ED","retained-local-only"
"output/real_data/schottdorf_r4_development_22cell_20260830_verified/cells/67_34/model-trained.pt","219527","BD115E7B381663916E0747867A964C3AF7DE976A3E1A4AC1BEAF18CC7520A78F","retained-local-only"
"output/real_data/schottdorf_r4_development_22cell_20260830_verified/cells/67_34/validation-predictions.pt","75219","3527745C24FBDB25C44FD850B9181DE9FA59AE4ADADCD7B5B1E73C410A563633","retained-local-only"
"output/real_data/schottdorf_r4_development_22cell_20260830_verified/cells/67_4/model-inner-best.pt","219500","1A2ACB15EC778CA02ADF52DA2822C3C2652915F17ABD853774EE8BF1B0584BFF","retained-local-only"
"output/real_data/schottdorf_r4_development_22cell_20260830_verified/cells/67_4/model-raw.pt","218603","E9933D4635C84E560C6C5D479EDC643930C2D88BFA25A1E2DEA26B5325FFF95E","retained-local-only"
"output/real_data/schottdorf_r4_development_22cell_20260830_verified/cells/67_4/model-trained.pt","219335","0572610141B165BE4B7F6D612ADEB11F35782AC14376FBD3703F1E00CAB4265C","retained-local-only"
"output/real_data/schottdorf_r4_development_22cell_20260830_verified/cells/67_4/validation-predictions.pt","12819","2DAEE4DB51AEECF4FA3C41FD10F4442E235B8767398B0B2455FF73868E54CCBC","retained-local-only"
"output/real_data/schottdorf_r4_development_22cell_20260830_verified/cells/67_6/model-inner-best.pt","219692","C27BFE18992681CD787EAC5076D5B7F19E5DEFC5FCCD945DBBB60CA6F3BBE0DF","retained-local-only"
"output/real_data/schottdorf_r4_development_22cell_20260830_verified/cells/67_6/model-raw.pt","218795","9CEDAC078B74E14E2A9076C1488FC3FD03F7240D9DA0F3FA77610109F15B0D17","retained-local-only"
"output/real_data/schottdorf_r4_development_22cell_20260830_verified/cells/67_6/model-trained.pt","219527","C7D7027FD72B86C32C5C32CF404335C456AF36C552DF738AEC557F76C66FB23F","retained-local-only"
"output/real_data/schottdorf_r4_development_22cell_20260830_verified/cells/67_6/validation-predictions.pt","75219","CA42A9694F64BA83ED5E2EB56CFB5E7D29E5E30CC18F49496D6C8B81E91C49A2","retained-local-only"
"output/real_data/schottdorf_r4_development_22cell_20260830_verified/cells/67_7/model-inner-best.pt","219692","B3032BA30083C56C58D19D9DFC4F89B6F6B3DE98156B95CC60FA8A6C39627555","retained-local-only"
"output/real_data/schottdorf_r4_development_22cell_20260830_verified/cells/67_7/model-raw.pt","218795","E8CC65DA45EB7E17812AAB380288F209C7298C674D7718F3DBE70F3880374F23","retained-local-only"
"output/real_data/schottdorf_r4_development_22cell_20260830_verified/cells/67_7/model-trained.pt","219527","12272FFD8CECA67A1CF4C3FFED9193880E05CF3F17BC5E3489AB4BAF9FCF6C5C","retained-local-only"
"output/real_data/schottdorf_r4_development_22cell_20260830_verified/cells/67_7/validation-predictions.pt","75219","FB32461C146649A06B677B44363D185CBDE1C9A853445A3149627016936CB20D","retained-local-only"
"output/real_data/schottdorf_r4_development_22cell_20260830_verified/cells/68_10/model-inner-best.pt","219500","3E01179EF760D152AA70F9E15F2684AEA2538ECD704511C43131163A0C07AEED","retained-local-only"
"output/real_data/schottdorf_r4_development_22cell_20260830_verified/cells/68_10/model-raw.pt","218603","B959371BC12DDD7B5DC1BA60181F2762918FDB8C09FE9959969A060C8E5C0248","retained-local-only"
"output/real_data/schottdorf_r4_development_22cell_20260830_verified/cells/68_10/model-trained.pt","219399","51C05A3D87D8CFC7A901D38B1785F11F52F40B52FE1F767D3C8EC091F6B56E40","retained-local-only"
"output/real_data/schottdorf_r4_development_22cell_20260830_verified/cells/68_10/validation-predictions.pt","12819","1BA2BEDA4886F1AE1FC66223F1544B62664F999577676AE57BC3B752DDAB8624","retained-local-only"
"output/real_data/schottdorf_r4_development_22cell_20260830_verified/cells/68_11/model-inner-best.pt","219692","E2B73FB8560F3CB9E1BE2436D97D3CC738525E39C31C14E87F9BE375DD3E32BA","retained-local-only"
"output/real_data/schottdorf_r4_development_22cell_20260830_verified/cells/68_11/model-raw.pt","218795","799ED0EBA59A128B34C660408DC611E9D74CAE006E1C83FD67BFA2E8A84DE77F","retained-local-only"
"output/real_data/schottdorf_r4_development_22cell_20260830_verified/cells/68_11/model-trained.pt","219591","063B3A41C76034522868979445EA5D1A2E0FD8FF64C8CD3039E92B80D2239909","retained-local-only"
"output/real_data/schottdorf_r4_development_22cell_20260830_verified/cells/68_11/validation-predictions.pt","75219","0BA0ECC1388D541F150054317AB98D37EF50731A2EE7F5E4DE080A62DB03ECA2","retained-local-only"
"output/real_data/schottdorf_r4_development_22cell_20260830_verified/cells/68_3/model-inner-best.pt","219692","E128766514EF180BB7770EEEC977D699762D8CB9C840B343A3AB1698EB355066","retained-local-only"
"output/real_data/schottdorf_r4_development_22cell_20260830_verified/cells/68_3/model-raw.pt","218795","3C9FCF6090132265EAF789BB6EF43966F2DA6352F45D178DD6881D23D4667D38","retained-local-only"
"output/real_data/schottdorf_r4_development_22cell_20260830_verified/cells/68_3/model-trained.pt","219527","57FA076D755079C00B326C2EE67DBA6BF80A7FCA057BFDF4A16690E51C547DDC","retained-local-only"
"output/real_data/schottdorf_r4_development_22cell_20260830_verified/cells/68_3/validation-predictions.pt","75219","948AFD361663F5C26591C50AC3847C431EFD2F81C1C401E1CF2436BCEEBA52E9","retained-local-only"
"output/real_data/schottdorf_r4_development_22cell_20260830_verified/cells/68_4/model-inner-best.pt","219500","E66237D760FAE3FA4D51FC4C3DD87A29600080F3DFC34DF875AD90FCB6D04937","retained-local-only"
"output/real_data/schottdorf_r4_development_22cell_20260830_verified/cells/68_4/model-raw.pt","218603","CC0B418968EC0189E758FA2E06FC6A5B63910B7AB9F38E9A1ACCDF30D8F14070","retained-local-only"
"output/real_data/schottdorf_r4_development_22cell_20260830_verified/cells/68_4/model-trained.pt","219335","06A201750CF931EBC2CB7FACA5B3B79FE411DDC087EB6E5657AD42851D179143","retained-local-only"
"output/real_data/schottdorf_r4_development_22cell_20260830_verified/cells/68_4/validation-predictions.pt","64979","A79644BAABF639183E2000C96E4DACD27B1A59E7D98847A8F82473F21EC2D295","retained-local-only"
"output/real_data/schottdorf_r4_development_22cell_20260830_verified/cells/68_7/model-inner-best.pt","219692","DACFE0D80839011256F0060F565EE76BFD83A3620D2EF73D8D64AFCB2556523C","retained-local-only"
"output/real_data/schottdorf_r4_development_22cell_20260830_verified/cells/68_7/model-raw.pt","218795","60D8A4A3ABB9232AF9569020EEAE223C266994968B2DB434DF0E98A2FE87AB8F","retained-local-only"
"output/real_data/schottdorf_r4_development_22cell_20260830_verified/cells/68_7/model-trained.pt","219527","976B7A743A1B378A9BFF5EAFF3ABA55053D374E68EEF8E61999AAAC8776FC52C","retained-local-only"
"output/real_data/schottdorf_r4_development_22cell_20260830_verified/cells/68_7/validation-predictions.pt","75219","2ED275292CBE5454C8000F27FE85CB73E5FC4CECA84C5A0AEDC2EF5C83A6FD53","retained-local-only"
"output/real_data/schottdorf_r4_development_22cell_20260830_verified/cells/69_21/model-inner-best.pt","219500","012C1954A30E37E4D94DF1887BCCCDD0C00C6E9FD1536677C6B460C083DE59C3","retained-local-only"
"output/real_data/schottdorf_r4_development_22cell_20260830_verified/cells/69_21/model-raw.pt","218603","7405CDD571B3453AAF668E0EC8BBE727DA4D0FC05ABB1B70156F55C114600271","retained-local-only"
"output/real_data/schottdorf_r4_development_22cell_20260830_verified/cells/69_21/model-trained.pt","219399","198A22345E3BA0AF4798A14A071FF742A843EEEA5DBD32AB7DCB6FF0FC25EFD3","retained-local-only"
"output/real_data/schottdorf_r4_development_22cell_20260830_verified/cells/69_21/validation-predictions.pt","64979","CED1AA8620FC6745C446D4E8D3A031ACA1CBA641313701B18DB7DDEC433E3262","retained-local-only"
"output/real_data/schottdorf_r4_development_22cell_20260830_verified/cells/69_3/model-inner-best.pt","219692","8587ECF75144CAF9AE11F002AB82696257459526BCF101C96B32DE4DB7ECAD86","retained-local-only"
"output/real_data/schottdorf_r4_development_22cell_20260830_verified/cells/69_3/model-raw.pt","218795","7EAABE76AA7F21177BA2BF18EB28850CB05607F7B418DA0050E97A23CEF18DEE","retained-local-only"
"output/real_data/schottdorf_r4_development_22cell_20260830_verified/cells/69_3/model-trained.pt","219527","19654270702EDABBAA478FC3431833057428C9DC02DC974EC54CB68A44542025","retained-local-only"
"output/real_data/schottdorf_r4_development_22cell_20260830_verified/cells/69_3/validation-predictions.pt","75219","E0617DC6DF4F5A92761D38DD99D56963FCD8CADFD7A3DB7138915A3CFD08A698","retained-local-only"
"output/real_data/schottdorf_r4_development_22cell_20260830_verified/cells/69_4/model-inner-best.pt","219500","C58BAB22FD60D6457BE3EA2B7C879842D5FC033230F7DF130B59B3EAB5E7362F","retained-local-only"
"output/real_data/schottdorf_r4_development_22cell_20260830_verified/cells/69_4/model-raw.pt","218603","FCE01F6FBD88F15CEB30D9FB4CBCAAEE9BAD88DA8E464D6C9626AAA0061ACF1E","retained-local-only"
"output/real_data/schottdorf_r4_development_22cell_20260830_verified/cells/69_4/model-trained.pt","219335","9BF68AB5468838905DDC7B18DECAD8B6E51FDBF32FD15F0BAE91F846F2DFC896","retained-local-only"
"output/real_data/schottdorf_r4_development_22cell_20260830_verified/cells/69_4/validation-predictions.pt","64979","9195ABBA44543D9F71C641C29F47063E02E8F6430A64F5BB47B8981390195D61","retained-local-only"
"output/real_data/schottdorf_r4_development_22cell_20260830_verified/cells/69_6/model-inner-best.pt","219692","8DDEDBD7B8D1A84BD6AACBE73B3892E906889D37058138DD7DD96BD88F2B3F97","retained-local-only"
"output/real_data/schottdorf_r4_development_22cell_20260830_verified/cells/69_6/model-raw.pt","218795","8A02451403326C05A6B461FC37BBE7240EAB3F197647ABB7B9282657D134D31F","retained-local-only"
"output/real_data/schottdorf_r4_development_22cell_20260830_verified/cells/69_6/model-trained.pt","219527","3EA2C94F30632C6FD7458F6BE73C0CF5ADCBD52566B4AB705FCD46C7D011B20C","retained-local-only"
"output/real_data/schottdorf_r4_development_22cell_20260830_verified/cells/69_6/validation-predictions.pt","75219","073558DD1123A8F416B7571802D02F7EB09B1F3AA39306718D02C1E5771C25D1","retained-local-only"
"output/real_data/schottdorf_r4_development_22cell_20260830_verified/cells/69_7/model-inner-best.pt","219692","6977FBA1976B35371267535287AEC6FDEC5318EDF2084F8226B4899BC80B2ECC","retained-local-only"
"output/real_data/schottdorf_r4_development_22cell_20260830_verified/cells/69_7/model-raw.pt","218795","AE47DC3689E4570A4D6C5D1F86AA7C4D9F2BE56BC0F188AA6F6623CB2605DC7B","retained-local-only"
"output/real_data/schottdorf_r4_development_22cell_20260830_verified/cells/69_7/model-trained.pt","219527","2E004F5685AE11BE75035C10878A37C87B3F136CB22FD3815D45EFD06BCE1C35","retained-local-only"
"output/real_data/schottdorf_r4_development_22cell_20260830_verified/cells/69_7/validation-predictions.pt","75219","3D4A0D390B07F0AB8EFC1DB928F706EA843028DD8C58E2B82E1810A4D15719F6","retained-local-only"
"output/real_data/schottdorf_r4_development_22cell_20260830_verified/cells/70_1/model-inner-best.pt","219500","EFC324792BBC4065FE73D0EA1BFDCEB0636AE95AB8C09A9DE702F667E0DF9B8E","retained-local-only"
"output/real_data/schottdorf_r4_development_22cell_20260830_verified/cells/70_1/model-raw.pt","218603","E5E8B3E2AE7E7CE57872D1275772B0A1A53A750A9A7CC79DEAE4A2AEA2B99104","retained-local-only"
"output/real_data/schottdorf_r4_development_22cell_20260830_verified/cells/70_1/model-trained.pt","219335","06BD5C4C5E168B3AA21FF63186985ED42F62EB71C164CEB1A9C91793B652DED5","retained-local-only"
"output/real_data/schottdorf_r4_development_22cell_20260830_verified/cells/70_1/validation-predictions.pt","64979","4E85F18AAD2B3263B14247ECA46057F1EAEB8128AB034A8CBB58A15426D7A334","retained-local-only"
"output/real_data/schottdorf_r4_development_22cell_20260830_verified/cells/70_15/model-inner-best.pt","219500","6D4F2AC7EA8AAE31A966B4FCCCBB45A9B867ED1348FC432DB5DB5B5DDDCE5EC6","retained-local-only"
"output/real_data/schottdorf_r4_development_22cell_20260830_verified/cells/70_15/model-raw.pt","218603","CDD911B6F5778C650207CF76860AAD92B70629DB1FAB08A8A314673C18E06DE0","retained-local-only"
"output/real_data/schottdorf_r4_development_22cell_20260830_verified/cells/70_15/model-trained.pt","219399","57550830FBAE134423CFB4B535BFE25F0518254640E3EBD9CDF6368ECF1214D9","retained-local-only"
"output/real_data/schottdorf_r4_development_22cell_20260830_verified/cells/70_15/validation-predictions.pt","64979","BF6AE096EC26A1A04358D22A532598DBB166D933524B4A6F64CE3513BC977E21","retained-local-only"
"output/real_data/schottdorf_r4_development_22cell_20260830_verified/cells/70_34/model-inner-best.pt","219692","7A8546F80B3620EDB0B86FEE355FF68E23570FBC17874FBA71D3168C18990226","retained-local-only"
"output/real_data/schottdorf_r4_development_22cell_20260830_verified/cells/70_34/model-raw.pt","218795","BA5900E5A2145207E29845BC684648A89BC0F8E1FDA49FEFEC224A9E591B2ECA","retained-local-only"
"output/real_data/schottdorf_r4_development_22cell_20260830_verified/cells/70_34/model-trained.pt","219527","1703E6C2D71FDD82E77BE92221712B86E75B54DA7021EC3F6F4D2C30578D4444","retained-local-only"
"output/real_data/schottdorf_r4_development_22cell_20260830_verified/cells/70_34/validation-predictions.pt","75219","28DADA92A1054EB9A4AD338D2CEB745F9EFB6A96D11E5E9642D45CA5EBDD9F58","retained-local-only"
"output/real_data/schottdorf_r4_development_22cell_20260830_verified/cells/70_7/model-inner-best.pt","219692","A3EE10F30ED201FB51E49B2509F83FE2811E8B2900CC4987FDAC8AA185406E80","retained-local-only"
"output/real_data/schottdorf_r4_development_22cell_20260830_verified/cells/70_7/model-raw.pt","218795","9693849D1B268C22381540AEC52EB9BE9E57DD4251DAFC55C482FFB4979B148B","retained-local-only"
"output/real_data/schottdorf_r4_development_22cell_20260830_verified/cells/70_7/model-trained.pt","219527","5F5122D42B70F3C8042EDAE1193E5F5B46503B8C863F2084A1982F3B0AE91FDD","retained-local-only"
"output/real_data/schottdorf_r4_development_22cell_20260830_verified/cells/70_7/validation-predictions.pt","75219","32181424838826FC13A49149E63E117C53806A7B2DDBC6002FE97432ECB29A89","retained-local-only"
"output/real_data/schottdorf_r4_development_22cell_20260830_verified/inner-dev-trajectories.png","692642","E049C5DAFE4CD7C7EE96849EEF563A1FEE813D03612ADA8860768271470CA02F","retained-local-only"
"runs/canonical_model_comparison_t2/mechanistic/bank-31001/seed-19/final.pt","56588","1F6B3ACA2CB753AD7D4461B314B774D8164C785966C5CDD0DF1EE7A1A8B41DE3","retained-local-only"
"runs/canonical_model_comparison_t2/mechanistic/bank-31001/seed-20/final.pt","56588","EC20446405B820365F602CACE2EBD44F56FC1DC6767BAE555F346FA3D81D64AE","retained-local-only"
"runs/canonical_model_comparison_t2/mechanistic/bank-31001/seed-21/final.pt","56588","F89B3255DCCD81CAF82030F6AE520F05563CFCF7528342C0B9C4021B61114F38","retained-local-only"
"runs/canonical_model_comparison_t2/mechanistic/bank-31002/seed-19/final.pt","56588","AC1101067A7E667424E0FAFEE2474A226438EA239194CF5798B2D48F74543146","retained-local-only"
"runs/canonical_model_comparison_t2/mechanistic/bank-31002/seed-20/final.pt","56588","DBE02D054186D6070581AFA6A53A62F00E5E76BFF467B3B8BBD6A8EB056C5C10","retained-local-only"
"runs/canonical_model_comparison_t2/mechanistic/bank-31002/seed-21/final.pt","56588","D6E72593A52D02C8B6FF01D3715E12367A7C75879CEFCF770AA52FFF20E592B8","retained-local-only"
"runs/canonical_model_comparison_t2/mechanistic/bank-31003/seed-19/final.pt","56588","F8201EDE8A1FD9910682144CF2091FF63235BE20B64D9F09AA9AF2D6D46172DA","retained-local-only"
"runs/canonical_model_comparison_t2/mechanistic/bank-31003/seed-20/final.pt","56588","F6C197965DFB4B7485E10F1C78EE0308618D8E21100A07C2FE5B993733A56FA7","retained-local-only"
"runs/canonical_model_comparison_t2/mechanistic/bank-31003/seed-21/final.pt","56588","AF93E6DBB082BADB24A5C1784085D78E13376E485AF31B7ABFF4616ACC9E9F25","retained-local-only"
"runs/canonical_model_comparison_t2/model-comparison.log","37232","DC7B10CA4FF88E8721B6898FC93413AF8DC5DE265CE500505EA5F3E3E1D8F530","retained-local-only"
"runs/canonical_model_comparison_t2/progress.json","352","E762E408215BCF3784B336B92AB6FC07A0CB2FFA77AC5826DF5EC12333ED463E","retained-local-only"
"runs/decisive_experiments/decisive_experiments.json","12275","2EA779615B7824FC51C62953A5A684BE1A5403D89480B5B0EA6D840E17863F44","retained-local-only"
"runs/decisive_experiments/estimand_alignment.json","14590","4F455C4B13B613D1F9EA3FFDE99557E26DA8A5EE1228F750073157E010F445FD","retained-local-only"
"runs/decisive_experiments/factorial_experiments.json","47315","31890E71E7F390A68D7BB7D9E4E40DBCCFB2FD1E668A77A10DB278B5E2D9AA33","retained-local-only"
"runs/mechanism_identifiable_final/ac/seed-19/full.pt","57185","1E89E951F338B1643B1D267D8D732B66F46A24757E45B5650801BBDEC3AB33A7","retained-local-only"
"runs/mechanism_identifiable_final/ac/seed-19/no_ac.pt","57676","28468C4B85C7C58D5DDD02C88169A8DA08B16CF200CEC9E33ED8423ECC62F5AC","retained-local-only"
"runs/mechanism_identifiable_final/ac/seed-20/full.pt","57185","7922E3AF7CE6C31BDBC38F5BBF2E9401087078E814D903DF7E87EA350349C876","retained-local-only"
"runs/mechanism_identifiable_final/ac/seed-20/no_ac.pt","57676","23BEC8BBCE80B5AA8940E91BA50C3A6CCDAE38D5A28B801E6F0C685834E1B819","retained-local-only"
"runs/mechanism_identifiable_final/ac/seed-21/full.pt","57185","0FBFCCF9790FF16A76821289D55FDE96C2E4CED1501FEF215B19C8307333619D","retained-local-only"
"runs/mechanism_identifiable_final/ac/seed-21/no_ac.pt","57676","F9E7BBBFC0AA895594A32865F24D84322739024385C5660A8D948A0E9909DBE5","retained-local-only"
"runs/mechanism_identifiable_final/base/seed-19/full.pt","57185","E135B9C67EE0629143F01F652CFE3AB7B95105FF44A0A0967DB29E24F3F7D106","retained-local-only"
"runs/mechanism_identifiable_final/base/seed-20/full.pt","57185","86618BF86B74E03151E7DC50C5BDBCF5819D83A269C7C18CBC15285E89DF128A","retained-local-only"
"runs/mechanism_identifiable_final/base/seed-21/full.pt","57185","1BA2A5E18B2E047EBA27A73B1BF8D681EACE6CD23D16E767B12DCAD596D29128","retained-local-only"
"runs/mechanism_identifiable_final/h1/seed-19/full.pt","57185","10593AE07B920A4DE5661A6A37FC6308D4C544089B4EDFDCC82C0616C5E29C65","retained-local-only"
"runs/mechanism_identifiable_final/h1/seed-19/no_h1.pt","57676","03F4F6A950A66EBDB0825385DFF7CFDCE89823D5826CCD7C69DDDDB08302E946","retained-local-only"
"runs/mechanism_identifiable_final/h1/seed-20/full.pt","57185","9D2CC947B7506BA9CCDD0DF643A2910E6A22A932623C7E47A58C7363C82511F7","retained-local-only"
"runs/mechanism_identifiable_final/h1/seed-20/no_h1.pt","57676","D6547662CC621F4B856870B7FB874D3E151C09D6B96A060F509D8813068B944F","retained-local-only"
"runs/mechanism_identifiable_final/h1/seed-21/full.pt","57185","4B0CAFAE6D9D5CC01C4E3924C4F7947C03A4AAF3D244506E1301A590DBD309F4","retained-local-only"
"runs/mechanism_identifiable_final/h1/seed-21/no_h1.pt","57676","DB6AC2F7CCD5D7E5C8CFCEED2BF649AE06E9B74EF598B2AC118193CED9A0B20B","retained-local-only"
"runs/sample_efficiency_active_dof_t2/fraction-025/mechanistic/bank-31001/seed-19/final.pt","56588","28211AE8642E119806B0697DD3407A521664223D023FCDA909AA11212FD3F518","retained-local-only"
"runs/sample_efficiency_active_dof_t2/fraction-025/mechanistic/bank-31001/seed-20/final.pt","56588","1ADC0C5640E64BC42BC69F5CF3DE890C433C5BCC37E6448E78189F584D728049","retained-local-only"
"runs/sample_efficiency_active_dof_t2/fraction-025/mechanistic/bank-31001/seed-21/final.pt","56588","3078F91E8CB1DF6804E8E44A95243B4C3402F49D1ACCA1C2FE3298F7A6FF858F","retained-local-only"
"runs/sample_efficiency_active_dof_t2/fraction-025/mechanistic/bank-31002/seed-19/final.pt","56588","97E592760CDEB17CB7B15EEFEA1200D9BF1F67718FAC534422265C5E4767976A","retained-local-only"
"runs/sample_efficiency_active_dof_t2/fraction-025/mechanistic/bank-31002/seed-20/final.pt","56588","2781D9CF83F8A194E6F90E3A960C54FEC2DC465520AF918F6B421B494E25810F","retained-local-only"
"runs/sample_efficiency_active_dof_t2/fraction-025/mechanistic/bank-31002/seed-21/final.pt","56588","9AAAC1A1FC3B6C9E9730F2B1CF8A0273D6D4832BFFE2B58361F7B5C7AF4E2D64","retained-local-only"
"runs/sample_efficiency_active_dof_t2/fraction-025/mechanistic/bank-31003/seed-19/final.pt","56588","1492BD08D17E59C10AE5FCF73593222B4D99E2E1E0C8B21B85184C7C9F1C4DDD","retained-local-only"
"runs/sample_efficiency_active_dof_t2/fraction-025/mechanistic/bank-31003/seed-20/final.pt","56588","0C039D57CE0A4B0FAC16871162B0F3039FDAF9FA695A30474FC6B1598AF39D98","retained-local-only"
"runs/sample_efficiency_active_dof_t2/fraction-025/mechanistic/bank-31003/seed-21/final.pt","56588","5E8414C079CB1C19398FC5731767945E5ACA0A0E87CF45924C4469CFF7C426DA","retained-local-only"
"runs/sample_efficiency_active_dof_t2/fraction-025/metrics-cache.json","50856","62D71054867F6410FF1811DB2DB032AA0694790FDA79C8B41AA66822609441FB","retained-local-only"
"runs/sample_efficiency_active_dof_t2/fraction-050/mechanistic/bank-31001/seed-19/final.pt","56588","5DEA0A78E8CF205A5F6226B72AE32CA789500F0230B65B6054A9780F49511511","retained-local-only"
"runs/sample_efficiency_active_dof_t2/fraction-050/mechanistic/bank-31001/seed-20/final.pt","56588","14A5BB068E4EFC64966E215191189DC4B786BC8B19120AD4954D299AC52CEEA0","retained-local-only"
"runs/sample_efficiency_active_dof_t2/fraction-050/mechanistic/bank-31001/seed-21/final.pt","56588","88DB6BFC328383404BC46562E359AB2CEE858EF1FF6D1D711EC9B337C033D41B","retained-local-only"
"runs/sample_efficiency_active_dof_t2/fraction-050/mechanistic/bank-31002/seed-19/final.pt","56588","B3490F8D22E5EF476DB31B8DB722E9C912EF02CB848C0E61E83563DF8A0D4F4A","retained-local-only"
"runs/sample_efficiency_active_dof_t2/fraction-050/mechanistic/bank-31002/seed-20/final.pt","56588","7E16777D10837AA8FF53FC50D589D385A94390BB60556520C7827FEEB03729EC","retained-local-only"
"runs/sample_efficiency_active_dof_t2/fraction-050/mechanistic/bank-31002/seed-21/final.pt","56588","0FD3163874DA3DFB66EEEA219B1C03C71AAEEC8A14FBF1A68D58AB9A35E07D03","retained-local-only"
"runs/sample_efficiency_active_dof_t2/fraction-050/mechanistic/bank-31003/seed-19/final.pt","56588","FA080818B4D30BDCEC8145611A03438536418336348C7227E134DB47AC2F6A71","retained-local-only"
"runs/sample_efficiency_active_dof_t2/fraction-050/mechanistic/bank-31003/seed-20/final.pt","56588","DC9CEAC92B29089ACABCCE7A3C059069F6A5441687926FA94FEF028692292471","retained-local-only"
"runs/sample_efficiency_active_dof_t2/fraction-050/mechanistic/bank-31003/seed-21/final.pt","56588","8190A6BECE08E96231EE2634BD462CC18005286C0FA5E80B5B287197FE3758CA","retained-local-only"
"runs/sample_efficiency_active_dof_t2/fraction-050/metrics-cache.json","51468","0A3A15D289CD731D9B92912CF5BF0087F891FD63E0E2F2A326E52B9CD03E040F","retained-local-only"
"runs/sample_efficiency_active_dof_t2/fraction-100/metrics-cache.json","53224","A43777C03E0C59292A363C891E0165524BDFF69158A56859893FC5A3A282BDBE","retained-local-only"
"runs/synthetic_response_smoke/test.h5","182710","2AF2FB4184BC01BE7E6283A5841DE1A105BDB942B8D9DB68C4BD91D3ABFD294E","retained-local-only"
"runs/synthetic_response_smoke/train.h5","182710","D4E862F4788C01FD5614BF97CB8CB6AB45E51720FCC54D83F905FF41347771E8","retained-local-only"
"runs/synthetic_response_smoke/validation.h5","402870","AFA08E2C70D817645756C169FF2D9C08C80217F5A5DBCAE224BD4656161D4299","retained-local-only"
