"Path","Bytes","SHA256","Category"
".gitattributes","300","AC968244450F7F07BE8E8D8034DB8F9CF7CF3D5672B1BDF196525F46618C405D","git-visible"
".gitignore","12115","1C18BF637B902BA6D9E3367C7B0BF3A43AC24241E7A79D178EBE564D995908AD","git-visible"
".omo/evidence/compact_causal_cnn_baseline/cells/67_14/cnn-raw.pt","17741","A09A1DB8D35D81E0EF7B96AE8376753FB6F348503A489B7E9C3E121C89E85894","git-visible"
".omo/evidence/compact_causal_cnn_baseline/cells/67_14/cnn-trained.pt","17925","A4E000DBE92D1700C640187A641EDAE2B665F50FABB7E878E21FC12B2677B82B","git-visible"
".omo/evidence/compact_causal_cnn_baseline/cells/67_14/inner-lr-0.0003.pt","35427","2D69CE62C8082A92B2C12FE2EB36E736620D9576A9286692AB7B8AA263C8B5EA","git-visible"
".omo/evidence/compact_causal_cnn_baseline/cells/67_14/inner-lr-0.001.pt","33357","AAF0E62D73C2264C4F686460E63163D5EB2F10BBAA4E64833144A0F4F490B049","git-visible"
".omo/evidence/compact_causal_cnn_baseline/cells/67_14/results.json","33526","118932AA518B2A78419350BC2A40721A32C91F14CBEA039353845F5B498AE78D","git-visible"
".omo/evidence/compact_causal_cnn_baseline/cells/67_14/validation-predictions.pt","58611","1C8E8C6D82BF8FE835F381FA4BCACED10785A1961B8166689F7F1FDF718962F7","git-visible"
".omo/evidence/compact_causal_cnn_baseline/cells/67_21/cnn-raw.pt","17741","4CE8DC492BCF5DDD04464E14606611275F67E810DAF64E3A0B65DBC59C970E43","git-visible"
".omo/evidence/compact_causal_cnn_baseline/cells/67_21/cnn-trained.pt","17925","495004D305CBF56E160895300CDD6DB8AE92ED3E2565E2250A6F38C01371BE11","git-visible"
".omo/evidence/compact_causal_cnn_baseline/cells/67_21/inner-lr-0.0003.pt","36003","E71146090249762AEB15D455C9A60E473061BA3B90E6C4B61BAA18DF00B9A74F","git-visible"
".omo/evidence/compact_causal_cnn_baseline/cells/67_21/inner-lr-0.001.pt","32717","3425E41DCCC02E9D8CE54D956AD1263D4D478C74CDADF6495F79EFD0CB6DAC77","git-visible"
".omo/evidence/compact_causal_cnn_baseline/cells/67_21/results.json","33404","32C7F8C4D46C171B64118B3410776AD68A6872B12F369A4B4C648B7EAC1F05EB","git-visible"
".omo/evidence/compact_causal_cnn_baseline/cells/67_21/validation-predictions.pt","58611","F519C42EE88E63B27BB64FE5C969D3A9003CBA097193039FD099A88B689ACA5D","git-visible"
".omo/evidence/compact_causal_cnn_baseline/cells/67_26/cnn-raw.pt","17741","7F75E8DAD9D7B74F50EF2BD1EE311A7A802ED4DBC74E18636A3990D8C416C71A","git-visible"
".omo/evidence/compact_causal_cnn_baseline/cells/67_26/cnn-trained.pt","17925","32F810A8A7AC3EF446DA8D95FA67DF8135391777113351DF0A5765A117C670BC","git-visible"
".omo/evidence/compact_causal_cnn_baseline/cells/67_26/inner-lr-0.0003.pt","34787","E57AAC0859549CCE01E6C67FC40FDEC77EA08E432D28BD3D52D670ACD26DF256","git-visible"
".omo/evidence/compact_causal_cnn_baseline/cells/67_26/inner-lr-0.001.pt","32141","609D8003F4BD63CDD5F0D5C3A447B9CDDAD2475E888DF7A4ED0CF2B08F023368","git-visible"
".omo/evidence/compact_causal_cnn_baseline/cells/67_26/results.json","27377","6EC6FCC64DE1033064535458C74E5DF29466EC6D6013B417A070FC84F3B6E52C","git-visible"
".omo/evidence/compact_causal_cnn_baseline/cells/67_26/validation-predictions.pt","58611","74E7215862309043E482A998C5F386145DFE98F0FB166AB589EEBC9BB5C5BF15","git-visible"
".omo/evidence/compact_causal_cnn_baseline/cells/67_33/cnn-raw.pt","17741","656F34C32B52AAD0F59D25618C80A74B08F71D7E3C9D23203F9C15CC0DA9AA11","git-visible"
".omo/evidence/compact_causal_cnn_baseline/cells/67_33/cnn-trained.pt","17925","12C93AB57B0F5A5FCD7EAF71C25B9C8EC5C0652D47544B50EAAACC7C0311698D","git-visible"
".omo/evidence/compact_causal_cnn_baseline/cells/67_33/inner-lr-0.0003.pt","32931","AFDEB470A7041F8C6C87AEC5F523C704A74D6C90FA740840E026288427C36EA2","git-visible"
".omo/evidence/compact_causal_cnn_baseline/cells/67_33/inner-lr-0.001.pt","33357","13629E2294B30678DBC5D491D8A47B5B3DF4DEFCA3F173910631656EA232F898","git-visible"
".omo/evidence/compact_causal_cnn_baseline/cells/67_33/results.json","25511","01780955070AD6ECDFFE23B29A56969D19A4BA9CA40E14F77D49CFC05E32F157","git-visible"
".omo/evidence/compact_causal_cnn_baseline/cells/67_33/validation-predictions.pt","58611","9F4F2B12FD2B3C7B6A3631BBDBD70CC0F1DB73F165CF134DEF18BAFADB0EF120","git-visible"
".omo/evidence/compact_causal_cnn_baseline/cells/67_34/cnn-raw.pt","17741","5FC4CB0686849C06D7CA1EAAD64A2BEC2A104231191FC98BCF1FB1B8DA12A9CE","git-visible"
".omo/evidence/compact_causal_cnn_baseline/cells/67_34/cnn-trained.pt","17925","20821FCB07B81DD4A0C8D3E7E26D8C8B363EDC582E1E07BC61B21BD764B0C63E","git-visible"
".omo/evidence/compact_causal_cnn_baseline/cells/67_34/inner-lr-0.0003.pt","35299","3262CE5106B3F9B33B5045D492D271C4FACDFD19AC21ECFD389F086613778AD2","git-visible"
".omo/evidence/compact_causal_cnn_baseline/cells/67_34/inner-lr-0.001.pt","32717","98D904C539247E728267D92950D78A6D2EC450761A43E268462D72F9F457863D","git-visible"
".omo/evidence/compact_causal_cnn_baseline/cells/67_34/results.json","31060","D69118C090D922D880A7126B9982C11DAB1B35ADF3103EE2679703E369414AAB","git-visible"
".omo/evidence/compact_causal_cnn_baseline/cells/67_34/validation-predictions.pt","58611","2917521F3DC82F5E4B2C2F7EF57F2AE10CB27AB9EC7A6BD7190FA7DFB2ED9C97","git-visible"
".omo/evidence/compact_causal_cnn_baseline/cells/67_4/cnn-raw.pt","17741","CC64A6CD071D3AB50626A7E1935B2267420B008E1173315B2815A459C1088C9F","git-visible"
".omo/evidence/compact_causal_cnn_baseline/cells/67_4/cnn-trained.pt","17925","CBB3770AECF321B6BAB3A35F3E3ADF331A99F46B8AE95D70C4844459C8214E6B","git-visible"
".omo/evidence/compact_causal_cnn_baseline/cells/67_4/inner-lr-0.0003.pt","33059","A490E05B1FF2A5EA8D7E9E4A38DACB5A77698C038152BCC9902908A4A7DC14D4","git-visible"
".omo/evidence/compact_causal_cnn_baseline/cells/67_4/inner-lr-0.001.pt","31885","6801CBDAD10B125D11800F317861CF29E3E5F89FEB6179539C620A141376B23C","git-visible"
".omo/evidence/compact_causal_cnn_baseline/cells/67_4/results.json","19878","08AF8FFBC8194FC4C2B0A68EB7108265B55766C39AD40507F671429D7AF6F228","git-visible"
".omo/evidence/compact_causal_cnn_baseline/cells/67_4/validation-predictions.pt","10547","19B1BC2171BA91B3D0A25187A51C29A7C84EE112C3717721503AAEFC227826D0","git-visible"
".omo/evidence/compact_causal_cnn_baseline/cells/67_6/cnn-raw.pt","17741","8A80CC9A45B10B7815A992E633CEE2F153B83BF0ED014DA3243B2924FF4908A7","git-visible"
".omo/evidence/compact_causal_cnn_baseline/cells/67_6/cnn-trained.pt","17925","E8DF4841B641CE33378BFB86831C66F9385240040AFFEA47E4B3FDE631DEEC25","git-visible"
".omo/evidence/compact_causal_cnn_baseline/cells/67_6/inner-lr-0.0003.pt","35363","1F0923B2426046038A99F857BA202F6B82E5D5EE4A46E68EFCDFD501C4B7F2C0","git-visible"
".omo/evidence/compact_causal_cnn_baseline/cells/67_6/inner-lr-0.001.pt","33997","C4E4C023383B31C0960BE370E8B9EA466FDF3B2B0E69FCB60C55A1A5321D3B8B","git-visible"
".omo/evidence/compact_causal_cnn_baseline/cells/67_6/results.json","35475","60D3B7B361003660D9405176BED8B7DE114428FBCE8764C689FA943B9C78C9BB","git-visible"
".omo/evidence/compact_causal_cnn_baseline/cells/67_6/validation-predictions.pt","58611","C2B89BEEF17C92DFCDB1DA0430C92E5107F48DB835C463D80749D82BAB97FFFA","git-visible"
".omo/evidence/compact_causal_cnn_baseline/cells/67_7/cnn-raw.pt","17741","197A178EF57285405038E6A136DAB728DC430C5564FA96682DC94EBB3CC4DD7E","git-visible"
".omo/evidence/compact_causal_cnn_baseline/cells/67_7/cnn-trained.pt","17925","544FDED0E1E463D4090B93CA3315BD573AE506442E4AAA8922288CCA2ADD2A50","git-visible"
".omo/evidence/compact_causal_cnn_baseline/cells/67_7/inner-lr-0.0003.pt","33443","F25714FEBA8A9B730FA25D83472EFDF21B0899884650434D8E8E42388A87B634","git-visible"
".omo/evidence/compact_causal_cnn_baseline/cells/67_7/inner-lr-0.001.pt","32397","50A04D5655AFB7C8B43635D8513B554308CADF96D5E9317D5A592AFAB7406E55","git-visible"
".omo/evidence/compact_causal_cnn_baseline/cells/67_7/results.json","23966","F435E1E87C67F2BC989B5611580B1C27BE958F9ACCE630177B8E46EF850103D1","git-visible"
".omo/evidence/compact_causal_cnn_baseline/cells/67_7/validation-predictions.pt","58611","EAC5038711658FEC54B228459554FF9A3BF4835238EA527F0694ABEF3E94F9BC","git-visible"
".omo/evidence/compact_causal_cnn_baseline/cells/68_10/cnn-raw.pt","17741","F9EF66DC3888080ABD4D62179C28E36F9DA50F8DC52FE988606CF44F56AB542C","git-visible"
".omo/evidence/compact_causal_cnn_baseline/cells/68_10/cnn-trained.pt","17925","0E721ED13DD9134F2D96303BC398EBC99600B2E23562C6AD95FF7FF713311BA1","git-visible"
".omo/evidence/compact_causal_cnn_baseline/cells/68_10/inner-lr-0.0003.pt","34083","321AD773839D92D4BBFE8B8CA7DA555E15B5AF0162BDAC0DC0567F8E1C1EF6F6","git-visible"
".omo/evidence/compact_causal_cnn_baseline/cells/68_10/inner-lr-0.001.pt","32269","1650706E08D4BDEF600079169C7E2608D81858FADDDDD7DE378B7C7DAF891B45","git-visible"
".omo/evidence/compact_causal_cnn_baseline/cells/68_10/results.json","24722","D9A7593B4AE40CF401CC62BE2F608A548170EAC70E6978A9BA08F55A10FB1958","git-visible"
".omo/evidence/compact_causal_cnn_baseline/cells/68_10/validation-predictions.pt","10547","F31DE0CD78C2D5BA872869E137DAA062B008DE53EE82C91ED5D1830318B0DFE1","git-visible"
".omo/evidence/compact_causal_cnn_baseline/cells/68_11/cnn-raw.pt","17741","2190C2F4E53D3E456D75E9F7D2E708571A0C3761BC085BEA6280AC809A22EEFE","git-visible"
".omo/evidence/compact_causal_cnn_baseline/cells/68_11/cnn-trained.pt","17925","1F237381AC0471AFA3DF5D135A0A2725666506EC203EAC85E2DF437F0284CCBB","git-visible"
".omo/evidence/compact_causal_cnn_baseline/cells/68_11/inner-lr-0.0003.pt","34787","6325CEC8DB9F32B0F56C9B5A6F0A58146DC3E559F67A167591B69C8FD524E537","git-visible"
".omo/evidence/compact_causal_cnn_baseline/cells/68_11/inner-lr-0.001.pt","33293","E6AAE22661BBB5CDC36B52E40663400E81F109426A6CE79057CDE744BFC3EE66","git-visible"
".omo/evidence/compact_causal_cnn_baseline/cells/68_11/results.json","31230","57650FFD66E32B04A28BDDA127CE8211C11A73085C8DF042002154710642DF13","git-visible"
".omo/evidence/compact_causal_cnn_baseline/cells/68_11/validation-predictions.pt","58611","3036FC99CDCCE58511BB92A5D9A45A5D0937D0B27F5FB80DF5DAC11F9C8905D0","git-visible"
".omo/evidence/compact_causal_cnn_baseline/cells/68_3/cnn-raw.pt","17741","60CEC0817F75E596213A69D39625B344AC52B83AE1F804B4D1E27B02464343E6","git-visible"
".omo/evidence/compact_causal_cnn_baseline/cells/68_3/cnn-trained.pt","17925","6934C229E3AD72A71E3EE054E82E3C9F08CEB34B2730A2560E88D058722DBB38","git-visible"
".omo/evidence/compact_causal_cnn_baseline/cells/68_3/inner-lr-0.0003.pt","35107","1C6D8F96EAF473D91BBD7A8C09EEA57C0471CEC9009A0F60BBCA191BA6FC2272","git-visible"
".omo/evidence/compact_causal_cnn_baseline/cells/68_3/inner-lr-0.001.pt","33933","362B21E9F10F7AF9E25DA0813D7AF33D96C44EB8D4CA04E313EDC2C83F3863E3","git-visible"
".omo/evidence/compact_causal_cnn_baseline/cells/68_3/results.json","34292","0D69D14D82651E05934D0DE8D11530031ED0627E385EA070A02238CB81C808FC","git-visible"
".omo/evidence/compact_causal_cnn_baseline/cells/68_3/validation-predictions.pt","58611","01E20574D3281752CB1F57A1218AE309A522F0538AB72D215F722B2951DC3E6F","git-visible"
".omo/evidence/compact_causal_cnn_baseline/cells/68_4/cnn-raw.pt","17741","58E1D7AA02F20A1A231CED6AD01F0ACA3105958E30A59ADB57C1A7A257406B1B","git-visible"
".omo/evidence/compact_causal_cnn_baseline/cells/68_4/cnn-trained.pt","17925","0A55F7D89970C64670943A05C870C2CE420F4F81F02D1E9FA424931339ECEEDF","git-visible"
".omo/evidence/compact_causal_cnn_baseline/cells/68_4/inner-lr-0.0003.pt","32867","A348478349E7E87A33B427759E7B0627F685069EC5E11F1066E2C42370F22885","git-visible"
".omo/evidence/compact_causal_cnn_baseline/cells/68_4/inner-lr-0.001.pt","32077","F10870B61D6809D2EFA2C28EB4DD21BBADE645A964AC7EA5661EEBD6DE8878BA","git-visible"
".omo/evidence/compact_causal_cnn_baseline/cells/68_4/results.json","20824","BFE84B5DCE4AC914ED2DEB414A5F6C6B804C7695C15116FA9C7A8448EB8F0367","git-visible"
".omo/evidence/compact_causal_cnn_baseline/cells/68_4/validation-predictions.pt","50675","A08810EF1829303F0A1FBD15A7A52EE06169218D05BC287705A2B6A1B3C565CA","git-visible"
".omo/evidence/compact_causal_cnn_baseline/cells/68_7/cnn-raw.pt","17741","68566BF0EAF38D91328F6C753EDCD739D3A9918848D64A92D4EBD1D94E3B13E5","git-visible"
".omo/evidence/compact_causal_cnn_baseline/cells/68_7/cnn-trained.pt","17925","A94D0C680D48F737AD2404AB62BA43398D70AED2CEC3CD9D04AA571938167AD9","git-visible"
".omo/evidence/compact_causal_cnn_baseline/cells/68_7/inner-lr-0.0003.pt","37027","F7E2DDE260CA1C5171DE40A5520E5166D9AE8FF0F654F04D210B2B42194F0257","git-visible"
".omo/evidence/compact_causal_cnn_baseline/cells/68_7/inner-lr-0.001.pt","34189","753EF6AAD3322537B86E2F453F082EA640C1914DF2D29DE191535AF474159BE1","git-visible"
".omo/evidence/compact_causal_cnn_baseline/cells/68_7/results.json","41683","2AEF074D0D85EEBFA8538BA08AF6AA6AD23A9A19351B64461BF5268AF6F7B908","git-visible"
".omo/evidence/compact_causal_cnn_baseline/cells/68_7/validation-predictions.pt","58611","51D8AD983759DDE5137044F708449B32CA7ED9AA337635B09C0F87C667D48177","git-visible"
".omo/evidence/compact_causal_cnn_baseline/cells/69_21/cnn-raw.pt","17741","A09BDFEEDDC7A7E354C52E30E62305A67107ADC0553773CDB4A3E363B9A1EF8F","git-visible"
".omo/evidence/compact_causal_cnn_baseline/cells/69_21/cnn-trained.pt","17925","C5BA66DD02979B232AF599EE1DEC045DBA5B35BD58F3DB1DE4C314810E7296FD","git-visible"
".omo/evidence/compact_causal_cnn_baseline/cells/69_21/inner-lr-0.0003.pt","34083","E5F94276F8CD74452E53C519CABE8917B427E5A45DA4A0567352B0E06A2ECE68","git-visible"
".omo/evidence/compact_causal_cnn_baseline/cells/69_21/inner-lr-0.001.pt","32397","576C8485C4326674C529C52A0E590CC688295E65F8C130631CB5B1BF1C64E66D","git-visible"
".omo/evidence/compact_causal_cnn_baseline/cells/69_21/results.json","25649","4C26487B6B90AC0981A2E8787B23076447BDE92050BB6B620E214EA330DDDA92","git-visible"
".omo/evidence/compact_causal_cnn_baseline/cells/69_21/validation-predictions.pt","50675","F744EFF24DF83BC4F68073FE06388ADCA562A34C2FD3CFC12A49474FE8D52468","git-visible"
".omo/evidence/compact_causal_cnn_baseline/cells/69_3/cnn-raw.pt","17741","3F8071FBF3D855A8892CDE95C4DD95F5BCF5C00B595EBD9FF994862228E34D0E","git-visible"
".omo/evidence/compact_causal_cnn_baseline/cells/69_3/cnn-trained.pt","17925","D143EAAB907BB3F61D48485664D7977CB53573C44E0FE109ECB5A0BF0A7540A2","git-visible"
".omo/evidence/compact_causal_cnn_baseline/cells/69_3/inner-lr-0.0003.pt","33891","AFEF913EBDBF61F38B8396A6699C1272CBE62BE3D0FA9AD98D6F79A103FE6DC8","git-visible"
".omo/evidence/compact_causal_cnn_baseline/cells/69_3/inner-lr-0.001.pt","32461","7D9AA812FD35627F663F26C167240F21D91CA2F9C699A667D4F192C93E53D7E8","git-visible"
".omo/evidence/compact_causal_cnn_baseline/cells/69_3/results.json","25303","AA62F0639DBAC030CE42BA61E48770612DB1075543C9AEBA76B12F48FBBF3DC9","git-visible"
".omo/evidence/compact_causal_cnn_baseline/cells/69_3/validation-predictions.pt","58611","B428FCB3FDD23511119E49A3A35FE4E512B8828BF3D863C98769B4182CFDC74A","git-visible"
".omo/evidence/compact_causal_cnn_baseline/cells/69_4/cnn-raw.pt","17741","81D5E928EEBB800FEB34B47CBE73778A261D04762FD03D5EE8083705BBEBD25B","git-visible"
".omo/evidence/compact_causal_cnn_baseline/cells/69_4/cnn-trained.pt","17925","EC26CB7185E04848FF68981A3300D86CBAE7BED7CADC15E0D1D4FBE270C4FC65","git-visible"
".omo/evidence/compact_causal_cnn_baseline/cells/69_4/inner-lr-0.0003.pt","32995","98C33486B2CA87178A883F70193D4788612335BF6C34322E88D5CF8CEB487D5E","git-visible"
".omo/evidence/compact_causal_cnn_baseline/cells/69_4/inner-lr-0.001.pt","32141","7A40F7102A399BC5F519BE6A647B3BBD44D9CA5DED9B7B1A07DA0654E72C744B","git-visible"
".omo/evidence/compact_causal_cnn_baseline/cells/69_4/results.json","21591","734317E9EC52DB23046D783FD7F655DE7A2F57DDCA5BF64E1871F106A014E9E4","git-visible"
".omo/evidence/compact_causal_cnn_baseline/cells/69_4/validation-predictions.pt","50675","69A66B7957DC2DF3AAD4BA32E9AC1C0805ADFF3A9198D77DB000C508CC394A0A","git-visible"
".omo/evidence/compact_causal_cnn_baseline/cells/69_6/cnn-raw.pt","17741","DA8B83CBF7BE0CF730617EB1F2FBABD1059BFD1091B49F59A4DC5691E284D60B","git-visible"
".omo/evidence/compact_causal_cnn_baseline/cells/69_6/cnn-trained.pt","17925","4A1CC69F96713F260A1AD7DFF7E3F4C1C0EA3288F9C8C475117BB8C4CFD95004","git-visible"
".omo/evidence/compact_causal_cnn_baseline/cells/69_6/inner-lr-0.0003.pt","34275","1B9049433E8835432F10E104442B7E6E19F444D5AFE84AA3D62DDEF6C34C4386","git-visible"
".omo/evidence/compact_causal_cnn_baseline/cells/69_6/inner-lr-0.001.pt","32589","7D5F59A1B1FAB025B1C68413B04A02BF7CED1BE83271F0BF8D6F3BD69C2D7E14","git-visible"
".omo/evidence/compact_causal_cnn_baseline/cells/69_6/results.json","27238","B6B917D4CE56847151148506D6294EAFB7B7E8A6785F00A06017B68B05FD1EED","git-visible"
".omo/evidence/compact_causal_cnn_baseline/cells/69_6/validation-predictions.pt","58611","3DB8824F75F698D7596949CD7D3DCD7FD75814877D4C50285775401FE7ED3B9D","git-visible"
".omo/evidence/compact_causal_cnn_baseline/cells/69_7/cnn-raw.pt","17741","62E309FB39A84259F78576B7BEDE5B03A1D7CD71B3673EE0A7256DA66B09F244","git-visible"
".omo/evidence/compact_causal_cnn_baseline/cells/69_7/cnn-trained.pt","17925","B99A1661B4A9C7277D6B56D6A88D6B13FB21B61970C1FEB2000AD5425CDBFC3E","git-visible"
".omo/evidence/compact_causal_cnn_baseline/cells/69_7/inner-lr-0.0003.pt","32675","23B4D6CA57573C436C27759B5E2B054F2AFF7B18A2DD7082C76E9BE277FB675D","git-visible"
".omo/evidence/compact_causal_cnn_baseline/cells/69_7/inner-lr-0.001.pt","32397","D2A59215A8E757276768DEEB6D3806480674B18CACC7E661DECE6C5499D3BE98","git-visible"
".omo/evidence/compact_causal_cnn_baseline/cells/69_7/results.json","21610","7116496D8C7C1327CF387F58564441DB807512DFAC9DE8AC00C11509AC7BE1C3","git-visible"
".omo/evidence/compact_causal_cnn_baseline/cells/69_7/validation-predictions.pt","58611","FC9DF9AB8DE06D064AEE7D85EE5653427B7ECADA3BE76F85BFF22D0D39BDA0F4","git-visible"
".omo/evidence/compact_causal_cnn_baseline/cells/70_1/cnn-raw.pt","17741","06DFD21BCA9CC68CC63AD7C73FC8F5D5FD83EC94A495F14AF52C724B5276ADFD","git-visible"
".omo/evidence/compact_causal_cnn_baseline/cells/70_1/cnn-trained.pt","17925","DC7168F88A51EEA509175B6621D423496DD2F46AA92F0C6A2C66637F214FC997","git-visible"
".omo/evidence/compact_causal_cnn_baseline/cells/70_1/inner-lr-0.0003.pt","32803","82D475C32C0D0BCF100619393715BC732D3BE1BBFF85D1D1C31268E29241AFC6","git-visible"
".omo/evidence/compact_causal_cnn_baseline/cells/70_1/inner-lr-0.001.pt","31821","9E651C1F99C9F25406A09B9B413CD9C14ECF791A0682F72CC1AA9C5514A6BD9A","git-visible"
".omo/evidence/compact_causal_cnn_baseline/cells/70_1/results.json","19579","513CD2FCF6E5EFDBB79BF42B533F36DFBD17CB8252368F266E15FA1859A113DF","git-visible"
".omo/evidence/compact_causal_cnn_baseline/cells/70_1/validation-predictions.pt","50675","985C257FA728330F948FF50927AF96B0D1C323EFCD4F4C56169D0F616F27B26A","git-visible"
".omo/evidence/compact_causal_cnn_baseline/cells/70_15/cnn-raw.pt","17741","64C0390534D050A0C244C034CF801263B60FB2EA8710CBDA6E0FD91F3C2EA6B8","git-visible"
".omo/evidence/compact_causal_cnn_baseline/cells/70_15/cnn-trained.pt","17925","126AC94483B552168EDE90EF314B539609A490E426FD4D4558DFB277FFBAF26D","git-visible"
".omo/evidence/compact_causal_cnn_baseline/cells/70_15/inner-lr-0.0003.pt","34275","81C6E3033BEFEB44D80F80095B41A0823D9806E4D9C958C73BC7F0F7012FBD57","git-visible"
".omo/evidence/compact_causal_cnn_baseline/cells/70_15/inner-lr-0.001.pt","32013","FBCD08FEC615D132B4CE21CCD30CB3DCBD7E4B22B0E50C41AE82A2AC0F4B3C42","git-visible"
".omo/evidence/compact_causal_cnn_baseline/cells/70_15/results.json","25308","7A16EE3E854E157218612676DD9C4F8F9537C95C25BEDF442358160CC2332E79","git-visible"
".omo/evidence/compact_causal_cnn_baseline/cells/70_15/validation-predictions.pt","50675","679E292A4FB7258292E8192F07216C23A0914AD3642F991D74FF381E0617DA0D","git-visible"
".omo/evidence/compact_causal_cnn_baseline/cells/70_34/cnn-raw.pt","17741","9D04F7C8C9230C19D9B3378FF966AE235AC4CE7128F9F6BCFBD118182F789112","git-visible"
".omo/evidence/compact_causal_cnn_baseline/cells/70_34/cnn-trained.pt","17925","D70C9433702B9935927F9228D71B4E335FE21667FCA2F3D48B9673F230A6046A","git-visible"
".omo/evidence/compact_causal_cnn_baseline/cells/70_34/inner-lr-0.0003.pt","38627","4410A32272ABCF05D88532ADEFC5F7D9D08C8773296573F31EA1CC8825B37830","git-visible"
".omo/evidence/compact_causal_cnn_baseline/cells/70_34/inner-lr-0.001.pt","32653","BAE83345FDBAE2D75430CFEBB59CA8CB4E939F758EAD52F9EA4F9428B9997B4A","git-visible"
".omo/evidence/compact_causal_cnn_baseline/cells/70_34/results.json","41671","862DB5573065E8FFD8E113691FE05F362CFF7F800AE59388CBE2C5629BFE5334","git-visible"
".omo/evidence/compact_causal_cnn_baseline/cells/70_34/validation-predictions.pt","58611","D2BBA9EDD8C1AA0BB38798B4FD146FF7326E41929FD2052307449B912CF43530","git-visible"
".omo/evidence/compact_causal_cnn_baseline/cells/70_7/cnn-raw.pt","17741","87CFEA45F463EDE0313F3B4AD281388E1561BAA422C376470DAC1C6074BF90C1","git-visible"
".omo/evidence/compact_causal_cnn_baseline/cells/70_7/cnn-trained.pt","17925","6DAD277015FD5A35C791F3D06007E54279AE3C1D33A59D54AA9D3B6479C14D78","git-visible"
".omo/evidence/compact_causal_cnn_baseline/cells/70_7/inner-lr-0.0003.pt","32867","F3B0136C6561C61DBFC5E5FD79D75FC108CCB002200F898D32695D61A81EA021","git-visible"
".omo/evidence/compact_causal_cnn_baseline/cells/70_7/inner-lr-0.001.pt","32205","933F45D40D13C3C1DBA46408240952E94344D05BF8756791E176E6E30AF1F3F5","git-visible"
".omo/evidence/compact_causal_cnn_baseline/cells/70_7/results.json","21524","D21F4B424C2CF2EE1701E256B5D82A4C1615C21D03C4368391C4D39360D823AD","git-visible"
".omo/evidence/compact_causal_cnn_baseline/cells/70_7/validation-predictions.pt","58611","46F999F5CCC03A77CAAD1CEC53A7559D35DF7C91DE9C7EE1414B8685DAAA2CA4","git-visible"
".omo/evidence/compact_causal_cnn_baseline/group_summary.csv","611","C5CAFA4E8E0E55657E43BABAE3E6E4ED3B083E2DB18E68FB472AEC4ADFEDC381","git-visible"
".omo/evidence/compact_causal_cnn_baseline/per_cell.csv","5666","C8E1D71F7D86BD4A33CE55AC6678038D25FBCB8C6C02245B0EAEBF9A2DBE55EB","git-visible"
".omo/evidence/compact_causal_cnn_baseline/preflight_before_provenance_completion.json","135086","56B382D57F7690B3FCC9D8AD25A6346722C5B438ABCD1905B8EE18DFA2C96C04","git-visible"
".omo/evidence/compact_causal_cnn_baseline/preflight.json","135881","3C4C01D3F8288AD72208575B8B603C4C8B7BFD047D5FF3E668B023A624A6FF1B","git-visible"
".omo/evidence/compact_causal_cnn_baseline/prepare.py","8447","1D373C2C4BCE9F6B0546B25544F5D85A68B01AB80CC60DB65FFFC4EE1DB28573","git-visible"
".omo/evidence/compact_causal_cnn_baseline/report.py","7992","C228FB13253A52EA42D4C1CA6D4B4CBBE536FC4E82235666F23D6EEDD37A9378","git-visible"
".omo/evidence/compact_causal_cnn_baseline/results.json","25638","A6F019DC487F69CEC1035C09185CD8036E7B6E3DC7F04C9FBD463CC88DBE7035","git-visible"
".omo/evidence/compact_causal_cnn_baseline/runtime.json","426","D1610CE077C0DCA34644DA09EDCD11A2D305B0B662FDE6C70E6BCD89E085AED7","git-visible"
".omo/evidence/compact_causal_cnn_baseline/summary.md","5592","D1A70FE53D6E5C65828AD70C0EA6C9EAECF9568B778F2F5E66BAEB0E6BAC1E8D","git-visible"
".omo/evidence/compact_causal_cnn_baseline/train.py","7491","721A7793315FA983AE0387BB447460F9A277B6C781CE32A24B012F006762431C","git-visible"
".omo/evidence/compact_causal_cnn_baseline/training_complete.json","119","DDEF3FFA2711AF575C5BFA1D840182804B6560E6AF07874CB81726C880C06E6B","git-visible"
".omo/evidence/compact_causal_cnn_baseline/verification.md","6129","E797C9EB79FBC60A90676DB8CA5DB3CAE57045FE16E8D8949EF013A539007833","git-visible"
".omo/evidence/final_prediction_results/analysis.json","12371","0943277A2AE0DD6DCEB4B208476FD760EAF39CC0679E9550156F72D05E2B84C2","git-visible"
".omo/evidence/final_prediction_results/bootstrap_resamples.npz","1583430","3B6A62AD30B1B12C1D231C4516CE375C60D95FAC05CB377BC37CF98DF69DF2C5","git-visible"
".omo/evidence/final_prediction_results/build_package.py","13582","EF75393953100992A9D44AF43C7DF69A2EDBCCBB6BF0F2ECCAB65C0AC2AC8CDC","git-visible"
".omo/evidence/final_prediction_results/check_statistics.py","1382","CD146AC1152CC8FE60C51C7F5A908B69972F1AC1CC37778D627F952DCA55AE42","git-visible"
".omo/evidence/final_prediction_results/figures/main_prediction_paired.pdf","30437","4762DA8E5C468B1ED6BCED476FF891E8F61706EA1C6372E5878135BC46A9B860","git-visible"
".omo/evidence/final_prediction_results/figures/main_prediction_paired.png","255741","F6DB8D16D7B47233D43FD51072D2D605DDDE594E3DC08EE4B2C33CD581F0686E","git-visible"
".omo/evidence/final_prediction_results/figures/main_prediction_paired.svg","42800","59D1CF492C1242658D1191EE32777CFA8F0520618CCC221B7CA3425A815354BA","git-visible"
".omo/evidence/final_prediction_results/figures/per_cell_paired_differences.pdf","21410","58B36529CDF46D632F8886964EF40FEA7FF0E82055BC7C6E9D30C093E016A708","git-visible"
".omo/evidence/final_prediction_results/figures/per_cell_paired_differences.png","196580","911A3E9051237A68157D020B7E0B61C54B5B530A3242A0DC74633417B8317C19","git-visible"
".omo/evidence/final_prediction_results/figures/per_cell_paired_differences.svg","62892","8AAC8D4E18EECB15038B2871C40B222B79A883815F872C6D69DB0F634E4826FA","git-visible"
".omo/evidence/final_prediction_results/figures/supplement_sc_adapted.pdf","17737","0FCC94AA9AFC7E8E46CC1A1A2C1159E0564A08224089BCFE5220A6578B7B53A2","git-visible"
".omo/evidence/final_prediction_results/figures/supplement_sc_adapted.png","117649","DFD376CB40F4A9BC362C8BFB59FEFEFA3E20C4140D9FCD6D2C463C25FF28F4A2","git-visible"
".omo/evidence/final_prediction_results/figures/supplement_sc_adapted.svg","27145","2BBE71571F5B146521C1836F388B7C0055CCB80730F22C01C8811A88A29B8D58","git-visible"
".omo/evidence/final_prediction_results/group_descriptive.csv","3900","275A9CF22C187EACB746D27F3913105C699EFB60DD2A0898EDB2399EEA292D49","git-visible"
".omo/evidence/final_prediction_results/main_parameters.csv","526","A98C98D6C2DCD6FBDE839FCF66527BFBD1BEAC2A6310711164736553D27DDA2D","git-visible"
".omo/evidence/final_prediction_results/paired_comparisons.csv","565","DFE86BCFEA5D2C4AE956EF55C1C1392B525FC430EC8EA4A56EECC887A7F7CA26","git-visible"
".omo/evidence/final_prediction_results/per_cell_nll.csv","4184","F829F8F7D0BD3F90A674EA1FA6B3580CD715F9BFE5E79E9CFFE911DE9F11192E","git-visible"
".omo/evidence/final_prediction_results/README.md","4274","1DB83BA690D9B3FEDBD3A35238FCE80614BF71A9BD57A30868836A47B4A9750F","git-visible"
".omo/evidence/final_prediction_results/render_figures.py","6520","9C5A339DF16497E33611DB151EFBBC72543B67C5143EAABE23F6E0F3DEF06D72","git-visible"
".omo/evidence/final_prediction_results/results_draft.md","4952","478E2B0678843569A1D8D99ED0974D9EF1910DE85573645D61A64AC902F6C66E","git-visible"
".omo/evidence/final_prediction_results/source_manifest.json","8761","3059983006830B2482676C37A6D9D76E1270C15CE8CFDD69F8CE687AB9DDF6B5","git-visible"
".omo/evidence/final_prediction_results/supplement_sc_parameters.csv","222","1BF7FB3D1F853ED92017E831774C895EDE33B0480DBAC8F1248290AE792496CF","git-visible"
".omo/evidence/final_prediction_results/supplement.md","2949","31CC92491A1FFAC5A634F877ABA9660A25C8B470887C32D3D5AB495C1662F58A","git-visible"
".omo/evidence/final_prediction_results/tables.md","3483","1AF2E50DDFDFBAEA824D683F330C769A13F39E6E8C069A70F7C8D3A46FC2D154","git-visible"
".omo/evidence/final_prediction_results/verification.md","2940","B6D55B9C7875005FC453B8235814AA9713D01806937DA3A0A77241E3CAEB8E5D","git-visible"
".omo/evidence/parametric_illusion_benchmark/aggregation_check/aggregation_core.py","1456","03AFE7690B9C9446288D4699989E8ECEFC9E5EE0F0702D0B3823CD822CE6B6EE","git-visible"
".omo/evidence/parametric_illusion_benchmark/aggregation_check/aggregation_manifest.json","476","60BF3BE54417EE0F627F74FB6AEF21557FB4612655C00CB1AE62C91DE2ACD417","git-visible"
".omo/evidence/parametric_illusion_benchmark/aggregation_check/aggregation_surface_curves.csv","102596","2385023883F6CB7551C9215439CA44BFAD336AFAB4DBCC9CF87836B17F9E1644","git-visible"
".omo/evidence/parametric_illusion_benchmark/aggregation_check/cohort_reversal_audit.csv","27238","FE0CE6D7E9E0D2F2B264F08DD269B71D3639AA2E3CCB1609A8AD73B847F08FF8","git-visible"
".omo/evidence/parametric_illusion_benchmark/aggregation_check/conclusion_metrics.json","827","5EDA3C9686D2A35B5ABE737F5D312A117761A9C8636E986CA6E861F4A3BECBE5","git-visible"
".omo/evidence/parametric_illusion_benchmark/aggregation_check/effect_sign_cell_audit.csv","4146","2E544D2A37AF0E4151EAEF81362C5E82BC76AB6B968EF5592C792DC578EEA37F","git-visible"
".omo/evidence/parametric_illusion_benchmark/aggregation_check/effect_sign_point_audit.csv","3921","C1A084EB1ADA478098AE3CD7FD4AF9F5E7B55940FC0F6F9DF717EBF008B3989B","git-visible"
".omo/evidence/parametric_illusion_benchmark/aggregation_check/group_normal_acoff_curves.png","456765","0B9C4B88E44C0DB6DF189A5B9F67019EB348363536B4E83037CB18C6DF9CA2D7","git-visible"
".omo/evidence/parametric_illusion_benchmark/aggregation_check/group_surface_curves.csv","126493","589F281571DE012651B0DD92B62C09F24AC1C7042FB83041CDB995D6822D6BD2","git-visible"
".omo/evidence/parametric_illusion_benchmark/aggregation_check/labeled_surfaces.csv","233773","4F7FCFD5A627FA56047692D85721E1E02520D3E499A93510E3E1CE447940CE40","git-visible"
".omo/evidence/parametric_illusion_benchmark/aggregation_check/mach_ac_interaction_by_group.png","111782","0A6C9CEEEE8B5E8EE0C1BC26E8CEEEEB6397CE79E94DD313EDAA875B6D7499F7","git-visible"
".omo/evidence/parametric_illusion_benchmark/aggregation_check/mach_control_subtracted_aggregations.csv","71748","14C1DCD385E5F587CAB5E8F829FB20F6AFD0F7B8138B38927BF38844B5B0E750","git-visible"
".omo/evidence/parametric_illusion_benchmark/aggregation_check/mach_control_subtracted_groups.csv","89323","04A40EA22AC5CB851B42319A2CE04F2BA1B21E6E1D044926194817A9029ABFCD","git-visible"
".omo/evidence/parametric_illusion_benchmark/aggregation_check/mach_control_subtracted_per_cell.csv","155874","5142653AFCE9138C3321EA0306C6684DCBCB30945E56B084FD82563341017E7E","git-visible"
".omo/evidence/parametric_illusion_benchmark/aggregation_check/mach_interaction_direction_summary.csv","22050","A857D9DAA5524B57FA8D6F3C73DED05EDB1D5E0390E6C5C4E0B31F2D8D005D71","git-visible"
".omo/evidence/parametric_illusion_benchmark/aggregation_check/plot_aggregation.py","3971","377959D2658929558A923C4A9CE595D1F6C91CD841BA309A21702855DF26DCCD","git-visible"
".omo/evidence/parametric_illusion_benchmark/aggregation_check/run_aggregation.py","10800","9C2A8FFF41C470DF369E7311C5C5A5FC8C7AC9230916625741130A5E47E27A31","git-visible"
".omo/evidence/parametric_illusion_benchmark/aggregation_check/summarize_aggregation.py","9408","8CF800B72FAFC07A5BBD35ED983E1B44FA181DBF1D4E9224B3ECE6306E20A75E","git-visible"
".omo/evidence/parametric_illusion_benchmark/aggregation_check/summary.md","6554","0426672D281643BFC1EBEF843B5DAB4A49C75983AD5952A3C3400DEF190D61EA","git-visible"
".omo/evidence/parametric_illusion_benchmark/aggregation_check/test_aggregation_contract.py","1980","78EEA0122E124A754B0D141108BE339BA46ACC7916A3350D93BCD74265BB71C8","git-visible"
".omo/evidence/parametric_illusion_benchmark/aggregation_check/verification.json","484","FF6C4654AABD85203624E6F96D6F401A9B990B344B55803FC3453883DF2ED2A7","git-visible"
".omo/evidence/parametric_illusion_benchmark/analysis_contract.json","212","D732EB8C13C632DD1F9D1495E04FBA2A6C18AB6D015E5A86BC91607A5D4D7628","git-visible"
".omo/evidence/parametric_illusion_benchmark/analyze_input_range.py","5066","85C1E563D4BD7D15C6A6003D35CC39F6633A835C2F9BF9BB4FA8D2FAB9508252","git-visible"
".omo/evidence/parametric_illusion_benchmark/analyze_responses.py","8358","558954765891EBBB5A559990330D9CEDFCE96B3ABFA4C1F48ADB5BEB5404B43D","git-visible"
".omo/evidence/parametric_illusion_benchmark/artifact_manifest.json","7117","EBE437DFDD07337B23ADA9306AA1359403EB3D784763A10064779A774587C818","git-visible"
".omo/evidence/parametric_illusion_benchmark/clamp_difference_cell_alignment.csv","24009","D82E27D95AADAFD1F4504D0D169F5EA639F6824ED7A80D2BC384D9E6C5E6BFD0","git-visible"
".omo/evidence/parametric_illusion_benchmark/clamp_difference_summary.csv","1502","1120B355033B1261EFFF29645AF28C9CE3168F955C4792316D5476848F39A662","git-visible"
".omo/evidence/parametric_illusion_benchmark/cohort_clamp_differences.csv","50991","FA093A2CF65C0A59141BCB2C4A83F5730BA7277BB9F0DE85C1B071C3079C2DC6","git-visible"
".omo/evidence/parametric_illusion_benchmark/cohort_curves.csv","89621","F8D968EFF821A308D8684456EF816CF078CE60A5AA05A65258D4404D93EB2658","git-visible"
".omo/evidence/parametric_illusion_benchmark/cohort_model_differences.csv","48415","5E98100871F89057A0A3716C64A862F060CB66912283DB99D7849836E6F1F7EC","git-visible"
".omo/evidence/parametric_illusion_benchmark/cohort_monotonicity.csv","24441","B176BEF19E629C2179C2C78EE3C921811473515C99799C3FF605A64DBBD612CD","git-visible"
".omo/evidence/parametric_illusion_benchmark/contract.py","4307","94B5057F98B60A51A1B652A4CB75BA3BFD3BE17834D714FB6A69A1EB97C427AB","git-visible"
".omo/evidence/parametric_illusion_benchmark/figures.py","7254","8851D86ECA1C9555C7C6F9FA22C300C5A8B77EA296AA9BD69EC9CF1A878A7E08","git-visible"
".omo/evidence/parametric_illusion_benchmark/figures/canonical_mach_clamp_surfaces.png","130510","7D0EC9B969B642FC07A3F76D7557B47832E46E9212472C18A62319AF39A53931","git-visible"
".omo/evidence/parametric_illusion_benchmark/figures/canonical_sbc_clamp_surfaces.png","76673","9D7BC23329F18788C4CDC69D59F96E97134087EDE09A4B5BA2DD2E1F92B14ECC","git-visible"
".omo/evidence/parametric_illusion_benchmark/figures/cohort_mach_normal.png","316864","2ECBCBDF54803CF007BAE3A33133ED458AD3B64F9682B3BACA214F82A3FAB58D","git-visible"
".omo/evidence/parametric_illusion_benchmark/figures/cohort_sbc_normal.png","160725","DE2589E523871C06864499C4A3480914CC0C703974E6EA68A2EEC172E7405E1C","git-visible"
".omo/evidence/parametric_illusion_benchmark/figures/per_cell/67_14.png","115478","871F7C4CC033465239D3B2BF3701DB45AD4B796A56442CF1F86446F8D982A31A","git-visible"
".omo/evidence/parametric_illusion_benchmark/figures/per_cell/67_21.png","116130","1C7F8D57E04D4347BC99A473BF6CE06BF45F550EDD72876278B6A7BF127FF8D7","git-visible"
".omo/evidence/parametric_illusion_benchmark/figures/per_cell/67_26.png","116811","3FA3551A6934E578D35A6D0B3B3AF651C7AF1B9F34C8C183E397BC43150C7942","git-visible"
".omo/evidence/parametric_illusion_benchmark/figures/per_cell/67_33.png","117234","8350D1FDE1CCA653BEDEFF6834F1E4049C4451111E2332BD0DC33CCFB4762EF8","git-visible"
".omo/evidence/parametric_illusion_benchmark/figures/per_cell/67_34.png","115372","6D8E14327CBF8B3C62A1408526CBDCDB9CA6587BC4351C68FFE0CDE0D0936426","git-visible"
".omo/evidence/parametric_illusion_benchmark/figures/per_cell/67_4.png","116515","18CE109C12E91135B3995AAB18584FAD04A636376C63E9BFC480E467BBCEE264","git-visible"
".omo/evidence/parametric_illusion_benchmark/figures/per_cell/67_6.png","115473","E907F11ACD14151209969B40F0F706544BDF5E250C82FE85F2C8077875AAE386","git-visible"
".omo/evidence/parametric_illusion_benchmark/figures/per_cell/67_7.png","115067","32D77306E6DCEB53B16D63DDB83F2976DA1652FA4CFB5E785AA5CE24BF6E830D","git-visible"
".omo/evidence/parametric_illusion_benchmark/figures/per_cell/68_10.png","115776","E31BA82F5BF56E8EAB8FB6CC2978C03CBFA34AD05DE172C5CABCB80D4C86217A","git-visible"
".omo/evidence/parametric_illusion_benchmark/figures/per_cell/68_11.png","117065","EBC926148AC8D5D808B79AFE00C02FD97C06C720D84B115C57B282B4AFC57228","git-visible"
".omo/evidence/parametric_illusion_benchmark/figures/per_cell/68_3.png","115654","F6CE6DED21B9AC8D9EFE4D4B811250EEEFA704F54BF32B0CFEC6A9A937C3F548","git-visible"
".omo/evidence/parametric_illusion_benchmark/figures/per_cell/68_4.png","116441","CF61FC52AF05D8E7EABE0F4E8ABD8DF1358DBD86A9B77241F70B08421449F046","git-visible"
".omo/evidence/parametric_illusion_benchmark/figures/per_cell/68_7.png","116155","AC0773E11E5D150CFF2D62FE20072BD2964278F628AA40CD525255AE86748A02","git-visible"
".omo/evidence/parametric_illusion_benchmark/figures/per_cell/69_21.png","115434","79F2FA5C20408394DEE188454A7902E0EFCCD3D1518149D0B3347CC917298AC1","git-visible"
".omo/evidence/parametric_illusion_benchmark/figures/per_cell/69_3.png","115463","3DE06B4B3FE724AD6F090A3F602062442E7BA4A87083AB4F5349D84F1C06B861","git-visible"
".omo/evidence/parametric_illusion_benchmark/figures/per_cell/69_4.png","115745","1C7EF6069AED0559AEF5ACC69FF5ACED8DE01ED706178E85033DEAE1E7E4B205","git-visible"
".omo/evidence/parametric_illusion_benchmark/figures/per_cell/69_6.png","115179","9A45FDCB704A347F8DE40583DB4A6D86091A2FCC3EE286E989DDE80AA1B45F02","git-visible"
".omo/evidence/parametric_illusion_benchmark/figures/per_cell/69_7.png","115764","D5EA540DEA1B36089965E98BDB10CA458E33B48A528CDB9961042D1DCE3BAEF4","git-visible"
".omo/evidence/parametric_illusion_benchmark/figures/per_cell/70_1.png","116123","80C962F256C49BB7B3BC0EFC3023C6598D51533CF135E499AE561DF30B38547B","git-visible"
".omo/evidence/parametric_illusion_benchmark/figures/per_cell/70_15.png","116125","608BEF7D45029592327931A65DD07D7471D898A0197B1C03BE24F96D870386FE","git-visible"
".omo/evidence/parametric_illusion_benchmark/figures/per_cell/70_34.png","115393","D3F81B3D1A7C6FEA82EA85EC94CCDF3DF0F1F129505CF151E01ECABD15F2581E","git-visible"
".omo/evidence/parametric_illusion_benchmark/figures/per_cell/70_7.png","115711","5FA81DDD9A23D89A6B14A9EC884AFFD8B892E4AF1E92132EF85A0F42E66E4AC1","git-visible"
".omo/evidence/parametric_illusion_benchmark/inference_manifest.json","35707","8AB575DFACD8CC12AA2431B3664A8A896C4BE3D8C23B568906D4819EB527B2F9","git-visible"
".omo/evidence/parametric_illusion_benchmark/model_difference_cell_alignment.csv","23455","53DBB88BE782213FDEAC647F47590331FA63ECECD4E755C153B0328DFA899344","git-visible"
".omo/evidence/parametric_illusion_benchmark/model_difference_summary.csv","1381","2741BD0A28E9EE4312106D16F111635B21AF8C25BD893BDAC5EBDA0BB875B163","git-visible"
".omo/evidence/parametric_illusion_benchmark/monotonicity_summary.csv","3507","F1FD44794D6894594E235E5261193DF5AEAE78244D4540952817D609D017435C","git-visible"
".omo/evidence/parametric_illusion_benchmark/natural_training_range.json","2309","11C3746BDD1C1C810E549056681A368422CE4F14F1952E7A37E3F3EB46B6EA24","git-visible"
".omo/evidence/parametric_illusion_benchmark/natural_training_sources.csv","615","900487FBE9D476E64678C7B33429812798D347E7D40441CCEB6FBD8D507D2B79","git-visible"
".omo/evidence/parametric_illusion_benchmark/per_cell_clamp_differences.csv","667624","12F8E9F0269B958565DAF0E7C841D1D10B1F084D4E074A4B2DB87DC4DC9FED72","git-visible"
".omo/evidence/parametric_illusion_benchmark/per_cell_curves.csv","1096682","AAFD121CB481549542A1F302D2863A5BE8C10D1CE4AA2EC44CDDB8FD7CFEBF68","git-visible"
".omo/evidence/parametric_illusion_benchmark/per_cell_model_differences.csv","629040","A4DF4B22B2BCDFDB35F5B8F5335F563D2686149B25297DAEF2ECD436FBD31607","git-visible"
".omo/evidence/parametric_illusion_benchmark/per_cell_monotonicity.csv","523436","CD48A4E9B11237E95633257D0883531DC8E887BB0C6EB5A4D37875F98E168CE6","git-visible"
".omo/evidence/parametric_illusion_benchmark/probe_input_position.csv","32886","EF0770A52C792254E714BCF59B9D9BCF1097E9AB5D92AD920AB14255F897C6D5","git-visible"
".omo/evidence/parametric_illusion_benchmark/probe_scalar_levels.csv","2547","2BF45176257D75386523114D66BC1881AD0D10359DA3D6DC247D90CA24BF3866","git-visible"
".omo/evidence/parametric_illusion_benchmark/protocol.json","1668","93BBE0A767ED54EB595B6B28C40B9F5969CA4F4FAA9791A84019BC4ECB5BFBF0","git-visible"
".omo/evidence/parametric_illusion_benchmark/responses.pt","13195322","7857DFF0B89F83F080AF862662BB79E4B73E83D43A77238FA07FC8DCDBEB6159","git-visible"
".omo/evidence/parametric_illusion_benchmark/run_inference.py","6935","D88ADEFBA5A55FEFE7EB6D32D1031285EC69A839395FA9CCE8AA2DD44213F8A7","git-visible"
".omo/evidence/parametric_illusion_benchmark/stimuli.pt","29086484","DB2B3428FCEE62ECC6E536D6E3F2F19AFF0168E9AC7129EF84114EBFCBA7EB40","git-visible"
".omo/evidence/parametric_illusion_benchmark/summarize_surfaces.py","5974","8B8CF4D4E199E9DA33906B66293AA4CF604FCA77CD6B68973B8E3CDB597CE826","git-visible"
".omo/evidence/parametric_illusion_benchmark/summary_metrics.json","9210","33FE38590FD018500518099B669E7DEF51F1F473062F5CAB142108C3FED55E6A","git-visible"
".omo/evidence/parametric_illusion_benchmark/summary.md","6913","2010AB82CE453FB4DC3DFD9C9C7D2E34BADC9AEC9D7A840672A2E6570D0401FE","git-visible"
".omo/evidence/parametric_illusion_benchmark/test_contract.py","2735","ED46E6380A6EF72AB0912E06410D8B72B135B59F4F9504EC11E980FF942B4B93","git-visible"
".omo/evidence/parametric_illusion_benchmark/test_frozen_loaders.py","445","68D6FE61EE1A21EC49F0F71AA28117F641E895290E0F997DE3566FE40298DB9D","git-visible"
".omo/evidence/parametric_illusion_benchmark/verification.json","309","7B47B0D316E76A5E08403AAFAB44548E3419A8986CB6F0DF7367FC792F55E0CF","git-visible"
".omo/evidence/parametric_illusion_benchmark/verify.py","4810","9A3380F12FF2AE3FADD1E899084C277300CB0630E0370CACEC8566F00BFAAB55","git-visible"
".omo/evidence/prediction_baseline_inventory.md","6480","34E99A8A589BE1F4A420FC112CEDC9781FF2DE9F70F69F1B6DA59A453CFB1B53","git-visible"
".omo/evidence/real_data_independent_seed_sanity/aggregate_81_combinations.csv","22896","9BFC534917BB41666375A6E99548F07EA4713D8EC77A7F798A324CED9DA50C4A","git-visible"
".omo/evidence/real_data_independent_seed_sanity/aggregate_81.py","8431","0754219DD0FD804FAB763CCBE1A56E5142F02888B82DD9E4A64B9327C24F42AB","git-visible"
".omo/evidence/real_data_independent_seed_sanity/aggregate_summary.md","4829","FE8ACE6BF9D6929C0C0256AB36D3171FBE1C077F5D6609ABD2737339C5C66BE9","git-visible"
".omo/evidence/real_data_independent_seed_sanity/fits/67_4/fresh_1/evaluation.pt","102180","FBA40D1DEF9DC406DD265E385724DB6836D31C286E344030FBFD924C7E616498","git-visible"
".omo/evidence/real_data_independent_seed_sanity/fits/67_4/fresh_1/inner-trajectory.csv","14876","DD8BC07EE651DE24EF3E02254435A918C8035BD9BCE07612CB70ACA317C918C7","git-visible"
".omo/evidence/real_data_independent_seed_sanity/fits/67_4/fresh_1/model-inner-best.pt","219070","25EF1886E62643791DA9B9C8D05BE6C52E20A306DBA99FFBFF0FDD78B65F2F4C","git-visible"
".omo/evidence/real_data_independent_seed_sanity/fits/67_4/fresh_1/model-raw.pt","218216","31C3A84EDF7D72785E025196D8ED1759A5F9485DBC8AA85CBA9DA16622BF6C08","git-visible"
".omo/evidence/real_data_independent_seed_sanity/fits/67_4/fresh_1/model-trained.pt","218896","237B25D916177E493AD2120EDA892D4A484C1E4784551963B8CED5EB66A974A7","git-visible"
".omo/evidence/real_data_independent_seed_sanity/fits/67_4/fresh_1/refit-trajectory.csv","3598","8185559D6C3657FA06699F4665AB2493CFF8102E5D7F98B8F47A5705D03006B3","git-visible"
".omo/evidence/real_data_independent_seed_sanity/fits/67_4/fresh_1/results.json","569","D98F94E49A324A59A29D56369CC2828BA085BB59165C34159AAFF43A9300B6AA","git-visible"
".omo/evidence/real_data_independent_seed_sanity/fits/67_4/fresh_1/training.json","1281","ED5C8B478DB2B67383690F98E8E5F413C33E2823199633EE0BEF68CF648B346A","git-visible"
".omo/evidence/real_data_independent_seed_sanity/fits/67_4/fresh_2/evaluation.pt","102180","11D28B027B1E3AE69CB8E321D3A9EA8B2A9624A9FB478B6E83BCCF39E072E30D","git-visible"
".omo/evidence/real_data_independent_seed_sanity/fits/67_4/fresh_2/inner-trajectory.csv","17160","EDF85C99816AFA05625431B530F389A61AADA83B565FEFE0A2110BC433E77749","git-visible"
".omo/evidence/real_data_independent_seed_sanity/fits/67_4/fresh_2/model-inner-best.pt","219070","BC2A182D1DDA466F366B6CF3F8016F93F9D601EE8DD4299717DD5F651022DAB8","git-visible"
".omo/evidence/real_data_independent_seed_sanity/fits/67_4/fresh_2/model-raw.pt","218216","5F679C887B2C48A2794DC45F07CE398345DFA1D4B1EFE4AEB29D9D9BD9E0EA92","git-visible"
".omo/evidence/real_data_independent_seed_sanity/fits/67_4/fresh_2/model-trained.pt","218896","33579B5E0C51F704D3A3F85702570996B8EADFDEA427F147F5F831DA80B2AA00","git-visible"
".omo/evidence/real_data_independent_seed_sanity/fits/67_4/fresh_2/refit-trajectory.csv","4912","C605BE0D0E39CA58543DAB80105674798F23156C1C33C091360832960007EBF1","git-visible"
".omo/evidence/real_data_independent_seed_sanity/fits/67_4/fresh_2/results.json","571","402597528D36B29EAB69B19FCAB67B1DB532570B7659476BA9F40E4BD401A2C5","git-visible"
".omo/evidence/real_data_independent_seed_sanity/fits/67_4/fresh_2/training.json","1282","6BABE8EE659CF6514950CC498612D601690CC76B09FCF5CBB14CEC63568D21D1","git-visible"
".omo/evidence/real_data_independent_seed_sanity/fits/67_4/primary/evaluation.pt","102180","2EAE8C9E833F096D5479E3249E33B7967D4FE692FD169B896145F7A01DA9774B","git-visible"
".omo/evidence/real_data_independent_seed_sanity/fits/67_4/primary/results.json","575","3592807453688EB6E780287E78ADE9C9D860DC1D6576233176C1A25013F9A571","git-visible"
".omo/evidence/real_data_independent_seed_sanity/fits/67_6/fresh_1/evaluation.pt","178980","6948EA2C94D11FDB15B14FAE6B596176402272BDD8559EEAFFF999DE0FA65519","git-visible"
".omo/evidence/real_data_independent_seed_sanity/fits/67_6/fresh_1/inner-trajectory.csv","17573","6413DB1CC0A307955D8DCE7482026E376CCDD55B5617825E0577B2CA87EB17C0","git-visible"
".omo/evidence/real_data_independent_seed_sanity/fits/67_6/fresh_1/model-inner-best.pt","219134","57D2BFA18BD578416CD6D023D2AF21C3C02FF4B14A31248A16FD9821FADFF7F6","git-visible"
".omo/evidence/real_data_independent_seed_sanity/fits/67_6/fresh_1/model-raw.pt","218280","7BF07AD4283F62093B4EE3C71D683A39F4AEB1605707513286942C1A11786958","git-visible"
".omo/evidence/real_data_independent_seed_sanity/fits/67_6/fresh_1/model-trained.pt","218960","0F443D265CAA9085D0DF8F0CD225162A51D7FD79338712FB792864629E2ED31D","git-visible"
".omo/evidence/real_data_independent_seed_sanity/fits/67_6/fresh_1/refit-trajectory.csv","5158","A9CC1A9B4132C0C04ABA5A4336F5971E56A9527E3199C3D717B17C75165CF26A","git-visible"
".omo/evidence/real_data_independent_seed_sanity/fits/67_6/fresh_1/results.json","569","56033FE69FADB1ECCD3B2B8AF737D115A716F14B419FC9EC27056566EA7F21C1","git-visible"
".omo/evidence/real_data_independent_seed_sanity/fits/67_6/fresh_1/training.json","1281","7A9AB03EAA4DB66926E6AA03CEA530241142718C995B0FB0AB66BF2D81E0D7D5","git-visible"
".omo/evidence/real_data_independent_seed_sanity/fits/67_6/fresh_2/evaluation.pt","178980","ED8069AFA96B3D2B51EFADCD84CD7587285D0E2E8C1376BD36B0A9AC3D8C65CF","git-visible"
".omo/evidence/real_data_independent_seed_sanity/fits/67_6/fresh_2/inner-trajectory.csv","32345","0DD3421AFC2AD5853D41172CA231D18E3F1EA6E032C8A5A87489DD9794A36DAF","git-visible"
".omo/evidence/real_data_independent_seed_sanity/fits/67_6/fresh_2/model-inner-best.pt","219134","DCF31C72E8A69D63EFEA504BF6AE573AEE0DE5216435377817D6B4C8AE808466","git-visible"
".omo/evidence/real_data_independent_seed_sanity/fits/67_6/fresh_2/model-raw.pt","218280","388F8DD74F52C05D776E185FB8D005D4846C75AA84CF42A0AAA12323DEC962B0","git-visible"
".omo/evidence/real_data_independent_seed_sanity/fits/67_6/fresh_2/model-trained.pt","218960","BF7DFA9D82296A448DCFE8948FCB86F72399E3746A4AE8659D70846AA8211728","git-visible"
".omo/evidence/real_data_independent_seed_sanity/fits/67_6/fresh_2/refit-trajectory.csv","13856","DF75AFC87CE8CB1CBABC2E1396F0E718616D42E6143C95710F165F8C73FB3286","git-visible"
".omo/evidence/real_data_independent_seed_sanity/fits/67_6/fresh_2/results.json","568","048DABDABEC75DFA99E7BFD01CF3170DA7CA4AB9AA67048DC748C94DE401A7FE","git-visible"
".omo/evidence/real_data_independent_seed_sanity/fits/67_6/fresh_2/training.json","1283","87C4B78E0FC2D18A7280C98DC0214AA6AE84E16D89F6A30F7670E01C19EFABFA","git-visible"
".omo/evidence/real_data_independent_seed_sanity/fits/67_6/primary/evaluation.pt","178980","147151A2CAEFE5CEF834C55980FFFDF92E00C701F04A0A954617718EC583C18C","git-visible"
".omo/evidence/real_data_independent_seed_sanity/fits/67_6/primary/results.json","573","7AC201D67FBDABDE9A018D1E0C8B1910BA52F526A89734C228548C32D5ACFA73","git-visible"
".omo/evidence/real_data_independent_seed_sanity/fits/68_4/fresh_1/evaluation.pt","166372","22AAD2441DDB3504C377F929CCCC60977263C7DB29E285908D9AEDF08F132DB9","git-visible"
".omo/evidence/real_data_independent_seed_sanity/fits/68_4/fresh_1/inner-trajectory.csv","16166","4520F2B7F87E0D406241E8C98F3590F8B9A7961573A76D655A304C7162E48B06","git-visible"
".omo/evidence/real_data_independent_seed_sanity/fits/68_4/fresh_1/model-inner-best.pt","219070","95294FD170DD118B608D8226250A5FDCDC1A1E45776FD0E728EBBECB87C0875C","git-visible"
".omo/evidence/real_data_independent_seed_sanity/fits/68_4/fresh_1/model-raw.pt","218216","E86C032AE5D45168203B419A60C304C526EA57A8C41DD6A57E78F999084EA88B","git-visible"
".omo/evidence/real_data_independent_seed_sanity/fits/68_4/fresh_1/model-trained.pt","218896","23EF97301179F5A226FC7451C421C6C9FCC4221CEAA122F82504E9FB54EE9BED","git-visible"
".omo/evidence/real_data_independent_seed_sanity/fits/68_4/fresh_1/refit-trajectory.csv","4257","8BBF60AFC2CCAD43DDC886BAE769016FE1D98D5A2E096D65808EF53467EE6EF8","git-visible"
".omo/evidence/real_data_independent_seed_sanity/fits/68_4/fresh_1/results.json","567","44EBD6E72E2DE725D195E326E13D6D9C8557DAB6F6C444B100C6C5B2340A0D6A","git-visible"
".omo/evidence/real_data_independent_seed_sanity/fits/68_4/fresh_1/training.json","1283","4AF51E3C61820B38EB438188EA41D2902DF21202C6179C76E0A37FDB6EE02C3E","git-visible"
".omo/evidence/real_data_independent_seed_sanity/fits/68_4/fresh_2/evaluation.pt","166372","8809B5125960F19FB85D393A6BE34188AE3DBC1F37CB0CEC282C63204D98F7B8","git-visible"
".omo/evidence/real_data_independent_seed_sanity/fits/68_4/fresh_2/inner-trajectory.csv","16612","0B1960B5D0381E4BEF04518E052545E25F099AD0C3963ED36C20198BEB324AE2","git-visible"
".omo/evidence/real_data_independent_seed_sanity/fits/68_4/fresh_2/model-inner-best.pt","219070","91A1D8DA7C7C21454124DDB31C8D6721EC5184C4A8FA375AD6BF9091CBE4BC06","git-visible"
".omo/evidence/real_data_independent_seed_sanity/fits/68_4/fresh_2/model-raw.pt","218216","E3FF08822A9FAB9C251C90782EB596C077CE5F139F477158074BFEC8B8F92CEA","git-visible"
".omo/evidence/real_data_independent_seed_sanity/fits/68_4/fresh_2/model-trained.pt","218896","576397646E949EF85F9D5C764F467B2DD6D76A72B2F24384907FDC5170EDE775","git-visible"
".omo/evidence/real_data_independent_seed_sanity/fits/68_4/fresh_2/refit-trajectory.csv","4513","005DEA67C8FFF52D99710BF230447D2FDFB7371E43CA508025E51B0BD175A244","git-visible"
".omo/evidence/real_data_independent_seed_sanity/fits/68_4/fresh_2/results.json","568","21CACB1B67AE236468290BD575EABF7199E0161CCE2C94D73F8BC35A0BB339D2","git-visible"
".omo/evidence/real_data_independent_seed_sanity/fits/68_4/fresh_2/training.json","1281","A047C8A7FAEF1D7FED6B16F85BA883DB48E73571D7F10308F7FCFCB7CF11D3FE","git-visible"
".omo/evidence/real_data_independent_seed_sanity/fits/68_4/primary/evaluation.pt","166372","97C46B70FCC334EF50A75C2870919CADA7A8BD7CC0965DB59C329BED077E6B98","git-visible"
".omo/evidence/real_data_independent_seed_sanity/fits/68_4/primary/results.json","572","48062F1B0333AC829C4318A6ABE45D61F5FCE80057DC3D12A84978141BF28887","git-visible"
".omo/evidence/real_data_independent_seed_sanity/fits/69_4/fresh_1/evaluation.pt","166372","7D1A7F5C0BD2B974B16061738A402CD25979C8B46A9BDC2ED0D1262751575ACA","git-visible"
".omo/evidence/real_data_independent_seed_sanity/fits/69_4/fresh_1/inner-trajectory.csv","14090","28640CD910AFEB451260A98F8F1FB510E0E8F2F09D64FAE76FBCDD933DB2B7C8","git-visible"
".omo/evidence/real_data_independent_seed_sanity/fits/69_4/fresh_1/model-inner-best.pt","219070","9E0E388E2D8A69A07DA6C17CD71934F1D2555AD547E01E53B605E6D421B200FF","git-visible"
".omo/evidence/real_data_independent_seed_sanity/fits/69_4/fresh_1/model-raw.pt","218216","4D582D42FBD22FDF0D5DDA48AF884E8A8C58AAFB8B0CDE4FF2EC17959B7AB7AA","git-visible"
".omo/evidence/real_data_independent_seed_sanity/fits/69_4/fresh_1/model-trained.pt","218896","F2516AB8567D80D90B0E52CC229A57FAFB8D71F570783686C10623C894BFDF86","git-visible"
".omo/evidence/real_data_independent_seed_sanity/fits/69_4/fresh_1/refit-trajectory.csv","3050","7703C20473B35F510D30A2178A7593A3D100FD2BC8C986C1EC7CA221D3A4BF9F","git-visible"
".omo/evidence/real_data_independent_seed_sanity/fits/69_4/fresh_1/results.json","566","08A2BE77DD8DECA34FD0D5C256E39297672187A5ABC6542FC948C106859D6D2F","git-visible"
".omo/evidence/real_data_independent_seed_sanity/fits/69_4/fresh_1/training.json","1281","2A4AA77F328DD5306D6A08492AF5C698B39F91924069D638125FDDC125180F81","git-visible"
".omo/evidence/real_data_independent_seed_sanity/fits/69_4/fresh_2/evaluation.pt","166372","8AFB1672DE786FF2F607983869BD6DCB5B2DCCA99FD8FECEB1358D4042069130","git-visible"
".omo/evidence/real_data_independent_seed_sanity/fits/69_4/fresh_2/inner-trajectory.csv","15414","F94BD9129CABBC3679F234DB10830F8D7DAFB561AA5EFFF7CA3506E397B53AF7","git-visible"
".omo/evidence/real_data_independent_seed_sanity/fits/69_4/fresh_2/model-inner-best.pt","219070","D87F3ADE941BBE0641EAB443201653688870EBCE06A03BDC8F9AE1D0747E30F6","git-visible"
".omo/evidence/real_data_independent_seed_sanity/fits/69_4/fresh_2/model-raw.pt","218216","4F70F1C51D7E1460C43BE0E9EC56E9BDB34A056EE1C4CEFCBB9137B70DC4A401","git-visible"
".omo/evidence/real_data_independent_seed_sanity/fits/69_4/fresh_2/model-trained.pt","218896","4FA99DEFFD18A1B4BEE041B853D927153EFC72E292923393177C3BA0A5B59E49","git-visible"
".omo/evidence/real_data_independent_seed_sanity/fits/69_4/fresh_2/refit-trajectory.csv","3831","4C5D83B973A26EED4A761E2550CCB85A670978EA6D7016E23202EB67DC211089","git-visible"
".omo/evidence/real_data_independent_seed_sanity/fits/69_4/fresh_2/results.json","567","42F930D5115CD3BB0398AE9CA5C5BAA7E50EE861024738B1E7F0470D71044F05","git-visible"
".omo/evidence/real_data_independent_seed_sanity/fits/69_4/fresh_2/training.json","1281","BA097A2EC5C3A3E7DAC7484F00FA614795752CAD3837FFEFA8C35549E4997331","git-visible"
".omo/evidence/real_data_independent_seed_sanity/fits/69_4/primary/evaluation.pt","166372","5BE9418AE8E501A090D01F4468672490664FDDCCA3DDED8AD133A44460D729C1","git-visible"
".omo/evidence/real_data_independent_seed_sanity/fits/69_4/primary/results.json","572","50A59D9D862FE046AB2912CB57AB296D21FFA7093E5ADD618ACED566B732BEDB","git-visible"
".omo/evidence/real_data_independent_seed_sanity/illusion_paired_logits.csv","46415","27A9C4706769D2DB4FDEB46F652A9D8EE7D9F2865B218C84158F1007B6A4BFB8","git-visible"
".omo/evidence/real_data_independent_seed_sanity/mechanism_disagreement.json","228","C7575568977DEF1CE057E310A81A1B004DD1BC49CD27EDA7843FBBBB4DDEA774","git-visible"
".omo/evidence/real_data_independent_seed_sanity/pairwise_comparison.csv","12205","9B6FAF0E32BEA816BB2611A83C51B44B7D3CD5CAA82202F1CEC42762A1A66346","git-visible"
".omo/evidence/real_data_independent_seed_sanity/per_fit.csv","3958","C8C3A44248BAA90ED6D178ACEB3C1CB61C436BAA6F2026E0E4F1F190A8B59725","git-visible"
".omo/evidence/real_data_independent_seed_sanity/preflight.json","55836","F4D6FCF4301F0FBF39E51603A8301D962C3508CAC83E522B40AD5226FDE102E3","git-visible"
".omo/evidence/real_data_independent_seed_sanity/prepare.py","6845","4D1A84ED478FCBD8DAFEC836C9A09CF62EEAC7F169E0515EE25911603ABE93C8","git-visible"
".omo/evidence/real_data_independent_seed_sanity/provenance.json","71937","59B50D3598011EF5A5E8BA5DCDDD68BDC887A5F794390C4E83438C3C8921D844","git-visible"
".omo/evidence/real_data_independent_seed_sanity/replay.py","4921","5CD8FCFB2B195D866343CF31C3AC1C6638FD2B764249180B3278DCBF87CDDE90","git-visible"
".omo/evidence/real_data_independent_seed_sanity/run-manifest.json","54810","80DE54608B44619A4A2A4209601CB890F80E14972E46E17214E6F9B6AAD1388D","git-visible"
".omo/evidence/real_data_independent_seed_sanity/run.py","8204","B88ACD311F3333A47608AA108960E1023BAED94EA59CEBCBC692B02588B7B7D9","git-visible"
".omo/evidence/real_data_independent_seed_sanity/selection.json","17416","207E51C2CD2C14E0F9B7B29484FE129C77A9DC1CE722A269F6A24D25157D86FE","git-visible"
".omo/evidence/real_data_independent_seed_sanity/source.py","4318","A7AA5078EF82042C098D3086D232FD629C09B7C12096B65A89DACA4B93C0FE2C","git-visible"
".omo/evidence/real_data_independent_seed_sanity/summarize.py","8485","0CD004337EF2DAC9B8B151C361BCF8A71635B90893B0D9A1B9ED575A93C6DFE0","git-visible"
".omo/evidence/real_data_independent_seed_sanity/summary.md","6312","BB077AF3584AFF900D7412A04707587300B41D4275BF374496FE4FCE44F86245","git-visible"
".omo/evidence/real_data_independent_seed_sanity/verification.json","58366","7253616AD401DF27E3494AC8C9811EAAC9E6D1763C824F8001B8B1D0C2BCCA93","git-visible"
".omo/evidence/schottdorf_lee_150hz_multispike_sanity/compute.py","14731","4E294191C939F5665FD968C12AE7AE9A04F132D650845C0C3BD423EEBD447E15","git-visible"
".omo/evidence/schottdorf_lee_150hz_multispike_sanity/group_summary.csv","1404","2D2172B3EC22D2C5D8F03B6968F3509C69A8110E790AB619C3A3A0FC04118B00","git-visible"
".omo/evidence/schottdorf_lee_150hz_multispike_sanity/per_cell.csv","7962","9AB1CFD9ABE9C58CD794294E994738976221F184E389EECDAC8A48CEA3F4B3CD","git-visible"
".omo/evidence/schottdorf_lee_150hz_multispike_sanity/production_target_consistency.json","40032","A2A419EF422A3719254AF4EE73CA4C962AA9DCBD5074094761F1208C65C8C04C","git-visible"
".omo/evidence/schottdorf_lee_150hz_multispike_sanity/summary.md","3269","CEB1581E322F55DBC621C0205A63D221C921128291BD1680C2C4B184E36CD2FC","git-visible"
".omo/evidence/schottdorf_lee_frame_zero_resolution.md","23526","23E1DF16A4D218FE40FE9790702163734E79723230BC41A65329E013E4B0654D","git-visible"
".omo/evidence/schottdorf_lee_frame_zero/audio-first16p2s.s16le","1036800","CDE0AD4FB8BA28347D1E435981586A9656930BC4FB018D7D057A1AF1E81A95A4","git-visible"
".omo/evidence/schottdorf_lee_frame_zero/audio-frames-first16s.json","111864","DC1067FA24D7A3BE900186514945E47265D74B54E49CA5C7CF55A4BAD8459D67","git-visible"
".omo/evidence/schottdorf_lee_frame_zero/first16s-frames.json","531155","2D4C627A224A6E9CC2EE6AF0AFF8EC2B6EC2F40409307DBCB7A358B7F982A0FF","git-visible"
".omo/evidence/schottdorf_lee_frame_zero/frames745-755-ffmpeg.bgr","2162688","D9B815DDD46296931FEFB7B2A652C2A78241883F90F224894E60E417BB83E38D","git-visible"
".omo/evidence/schottdorf_lee_frame_zero/streams.json","3921","017E986DDD3CE9A8B3CE8A9501415730F04EFE79C40907D47F935549073DCB4E","git-visible"
".omo/evidence/schottdorf_lee_frame_zero/video-packets-first16s.json","218613","3F25391B80CBA1D6B335140B7663FFF283A322A377F91B16F8E55C988BB27B59","git-visible"
".omo/evidence/schottdorf_lee_reset_preroll_sensitivity/inputs.py","8280","3DF2CDAE72319573552CC5943F7253BFB1B87BF64EE77B6D6F0FFF9273359278","git-visible"
".omo/evidence/schottdorf_lee_reset_preroll_sensitivity/pathway_effects.csv","15006","183A5ABB94047F448FECE62216EF24E29A04E12B5A637A2954B2743A994C9FD7","git-visible"
".omo/evidence/schottdorf_lee_reset_preroll_sensitivity/per_cell.csv","7610","0ED49E5BF56049988C4516A80C77224FFAF8E528E47E9D44BCF57F23D2E4A6AD","git-visible"
".omo/evidence/schottdorf_lee_reset_preroll_sensitivity/population_pathways.csv","584","9F76DE171F2F587C7BF7BFB462C7F72E3C8BF0F0AC35DCE77992553C82BD24D2","git-visible"
".omo/evidence/schottdorf_lee_reset_preroll_sensitivity/population.csv","607","1A7D0D19D9E2824AB9D433C9A9E8BEF36B5CD18C0B911A14399CE9732A4F9C11","git-visible"
".omo/evidence/schottdorf_lee_reset_preroll_sensitivity/report.py","6007","60057021A9843447BB26CE860EB365061AB8462EBF0AD1C3EF7C0C0FF8D7B6E8","git-visible"
".omo/evidence/schottdorf_lee_reset_preroll_sensitivity/run.py","10434","79493D7DCE5ABCE1099CE240F8B74CF3E64CC49CFF0153E72288403376B61E12","git-visible"
".omo/evidence/schottdorf_lee_reset_preroll_sensitivity/summary.md","5641","0DAB47CDD22783008A04E301A3845C75BA3F635FB5C50B086FBAD379E6D1C157","git-visible"
".omo/evidence/schottdorf_lee_reset_preroll_sensitivity/verification.json","46568","3D94E0ECBE6EA413831495E6AAFFC25F5C55FD1C7C614771E0E045401009A712","git-visible"
".omo/evidence/schottdorf_lee_timing_contract_final_check.md","22003","5E014088E459888C1F8E0A2027203DEC747C519475B135673D0165F8A8CC338C","git-visible"
".omo/evidence/spatial_contrast_adapted/cells/67_14/matched_w0-validation.npz","11997","C1643A0B0DD7F32155F221443F58C3A9B8FE8DBD2776DF07CD3298C706AECA58","git-visible"
".omo/evidence/spatial_contrast_adapted/cells/67_14/matched_w0.json","1128","02BEF232A7BDD60AEA1AD0B49311D435D0F1A1CEDB2E66777947B13AD82B3ED1","git-visible"
".omo/evidence/spatial_contrast_adapted/cells/67_14/sc_adapted-validation.npz","12002","B401C6386C391795A015E75A47F288E0A8CE27E81801D571BCCBD8120B2641E9","git-visible"
".omo/evidence/spatial_contrast_adapted/cells/67_14/sc_adapted.json","1205","615A350A26C1877203232B064B1F50E684E809F77A8CC3CC3F1F2D5B7778E36D","git-visible"
".omo/evidence/spatial_contrast_adapted/cells/67_21/matched_w0-validation.npz","11788","3CD83D9690344756F4F58B3DD953A720EDEA1EF3C580F574F81DBFD63C907CA6","git-visible"
".omo/evidence/spatial_contrast_adapted/cells/67_21/matched_w0.json","1138","9202E1E42CD968A33D26B4EB63C1F33224628934BC1BA149A190D2B36FF10DD2","git-visible"
".omo/evidence/spatial_contrast_adapted/cells/67_21/sc_adapted-validation.npz","11810","13954FF1079FA4C41F0FFC314B4E7221B42F8AC749E22476F84F49EE06CA318D","git-visible"
".omo/evidence/spatial_contrast_adapted/cells/67_21/sc_adapted.json","1210","83ED8F42031CCA18F7F33201C62358A68ABC3D1BDAC7D69A063CF61614CF01E9","git-visible"
".omo/evidence/spatial_contrast_adapted/cells/67_26/matched_w0-validation.npz","12148","2E5C9F408ECBBADD9E5B721289E4F92BB75A9DCCC92DE3D7D94CA97A50EABFBE","git-visible"
".omo/evidence/spatial_contrast_adapted/cells/67_26/matched_w0.json","1136","242414B1EED7358215C992ACFB6D44DDD93F22AC8D07075011D2054EFB4FBEC4","git-visible"
".omo/evidence/spatial_contrast_adapted/cells/67_26/sc_adapted-validation.npz","12135","C47CF47941FBCE850424B2ADFC41DC9D1A435ED917BA7C058F982E92687B236F","git-visible"
".omo/evidence/spatial_contrast_adapted/cells/67_26/sc_adapted.json","1204","D7203CBF4C0626F5A550AEB5FDBE14A7A2A084576FA40AC65EC94859247589F7","git-visible"
".omo/evidence/spatial_contrast_adapted/cells/67_33/matched_w0-validation.npz","11927","6EAEC4140858BBC507C3E87D51AC9449EE965E66A1116645A2FE4C7C9FF5D6F5","git-visible"
".omo/evidence/spatial_contrast_adapted/cells/67_33/matched_w0.json","1139","CCDABFCF9EFFA472E1D0DE196633DE7995545F2BA5BF5096FCFA26A168C33166","git-visible"
".omo/evidence/spatial_contrast_adapted/cells/67_33/sc_adapted-validation.npz","11955","62C2603282F62D5FF11A1CEFCCBC483B709004FEFB101D97DAD992001BDE2D68","git-visible"
".omo/evidence/spatial_contrast_adapted/cells/67_33/sc_adapted.json","1211","AC581B93F6AE3B1C2A904811E5B00B305D88720E25C086618A20CFF404D51605","git-visible"
".omo/evidence/spatial_contrast_adapted/cells/67_34/matched_w0-validation.npz","11985","B929E78D81C6E889C34B0386672844FC911D4D635327E34966B546C5EFAAEB23","git-visible"
".omo/evidence/spatial_contrast_adapted/cells/67_34/matched_w0.json","1132","B14AE77A813BC679B4AAAE14D9461B8476FB65407148E3A5EB13DF856CBF1833","git-visible"
".omo/evidence/spatial_contrast_adapted/cells/67_34/sc_adapted-validation.npz","12011","EE2A74ADD19119183A9497301C838F4694F28FBF6A67A72BB18DE3D43002472F","git-visible"
".omo/evidence/spatial_contrast_adapted/cells/67_34/sc_adapted.json","1207","54B0393EE36CECEFD550AEF0B95BBB233A2676542BD0A2CCD862B0BAC85E8CEC","git-visible"
".omo/evidence/spatial_contrast_adapted/cells/67_4/matched_w0-validation.npz","10577","2E59B9062C256FE872AA58DC33ECB1BD30B69A24282D3408372599350CA4C978","git-visible"
".omo/evidence/spatial_contrast_adapted/cells/67_4/matched_w0.json","1132","4FE8956863C49A3F70AF7FE9F84301EB009D7ADE6A6EC997BB7FF984DDC3C2D2","git-visible"
".omo/evidence/spatial_contrast_adapted/cells/67_4/sc_adapted-validation.npz","10599","EC0FEAD5C32B02BC7DF56C1B1D95DB6DFF61D8C3E8A25EA3B4661EE710F1984C","git-visible"
".omo/evidence/spatial_contrast_adapted/cells/67_4/sc_adapted.json","1210","284FF141792889FA3CD49968543D12D183A10C7F87326BBB708FC0B6F5E608EC","git-visible"
".omo/evidence/spatial_contrast_adapted/cells/67_6/matched_w0-validation.npz","11967","BBC2D11EDAFC84E5F59E64E26446DB2F669B328E1AD8F9245C45D4F40BD56C26","git-visible"
".omo/evidence/spatial_contrast_adapted/cells/67_6/matched_w0.json","1139","F052F98414855F365B7951CA5F2AE06299883A9DF38745CA8D23DE623667EA46","git-visible"
".omo/evidence/spatial_contrast_adapted/cells/67_6/sc_adapted-validation.npz","11984","D909E50611064A5B060661DFE95C8FC7A18A3FC112E11755F1AA7146A8CCA2D9","git-visible"
".omo/evidence/spatial_contrast_adapted/cells/67_6/sc_adapted.json","1213","6E8EF025B087B7F3CE410404C3A672C5916E70668895685D73B057BDDF0D39CA","git-visible"
".omo/evidence/spatial_contrast_adapted/cells/67_7/matched_w0-validation.npz","11990","DC51859036155D9BCAE2616EA6DF8E04FE278C1901421790B9D1D2308D1B6FFE","git-visible"
".omo/evidence/spatial_contrast_adapted/cells/67_7/matched_w0.json","1132","D1F900DD928586DC4947F1BDB3FA1FDBA72C3D721B3C6D64B32A223789888ABA","git-visible"
".omo/evidence/spatial_contrast_adapted/cells/67_7/sc_adapted-validation.npz","12007","F069B912BC1F9FC236D40F3E01B522D5BEA10A7922E3271170A52D193DA9C59B","git-visible"
".omo/evidence/spatial_contrast_adapted/cells/67_7/sc_adapted.json","1203","1CA58F85EA02B0535C857C7D57CA37A3CB3B201C014EAAE00BFBDD0DAF684588","git-visible"
".omo/evidence/spatial_contrast_adapted/cells/68_10/matched_w0-validation.npz","10574","220E6E59678AFF5475DDB28C795D5E441BFB4D8EFD6051CF852575A2C7CB316A","git-visible"
".omo/evidence/spatial_contrast_adapted/cells/68_10/matched_w0.json","1134","2CEC4178701687EC02A6F5E644C8A633C07B20AE09E7B331EBF62C5F6AA5A204","git-visible"
".omo/evidence/spatial_contrast_adapted/cells/68_10/sc_adapted-validation.npz","10560","34C712B2B4FCC966B11F12B18A45CC010A6E1A72C90DA28B566B2009D74742F4","git-visible"
".omo/evidence/spatial_contrast_adapted/cells/68_10/sc_adapted.json","1206","A3ED3062A374DFF4D265A522DE6161B131DF510BF26728A66BB6D8E93BE71C86","git-visible"
".omo/evidence/spatial_contrast_adapted/cells/68_11/matched_w0-validation.npz","11881","1BEB1FCCC20944503826050629CD79F79A8591D1E97AE37CB79A9452819FF485","git-visible"
".omo/evidence/spatial_contrast_adapted/cells/68_11/matched_w0.json","1138","7F31F6009D5BAB95DE5A106D80627801C9A1F6465B12FACD2873B1007806DD96","git-visible"
".omo/evidence/spatial_contrast_adapted/cells/68_11/sc_adapted-validation.npz","11942","2E8FAB5FD50952B62AB7B2063B8FF96921B500BFFAF8BB44BD8CB8B91D66474F","git-visible"
".omo/evidence/spatial_contrast_adapted/cells/68_11/sc_adapted.json","1210","BBA94EC22A7F743AEA1695E377D817A02DE16A83145F4959FF96B3BEB9CA1DC0","git-visible"
".omo/evidence/spatial_contrast_adapted/cells/68_3/matched_w0-validation.npz","12073","B0F77B7E961CD9A8CF6356BA895C5024941B97ADC0977C7152B72DB8EDDD4B9E","git-visible"
".omo/evidence/spatial_contrast_adapted/cells/68_3/matched_w0.json","1130","C9039F9F97EEA1E3E71BA2D07ADE3E5EDD84CB76F8AF1D44A11B8496D3203532","git-visible"
".omo/evidence/spatial_contrast_adapted/cells/68_3/sc_adapted-validation.npz","12098","49A85ADA51FE4E017B77FE867333FB3B79CF981E4B06555D3DC21C083356DAB6","git-visible"
".omo/evidence/spatial_contrast_adapted/cells/68_3/sc_adapted.json","1197","C6A392418D844BD6769B9D005B81EB76908E71498387AE7E0AF37ABE28721B8A","git-visible"
".omo/evidence/spatial_contrast_adapted/cells/68_4/matched_w0-validation.npz","11737","1D21F35396B77E5529D26D08F4CEB08EBFEFA406FC6B7D3F02668E89DA53104D","git-visible"
".omo/evidence/spatial_contrast_adapted/cells/68_4/matched_w0.json","1142","E2602DB6500D468882498E05DE167B50476890113026D6D1780B7C6680AFDC26","git-visible"
".omo/evidence/spatial_contrast_adapted/cells/68_4/sc_adapted-validation.npz","11739","F0BD05761389E928C5E31185F90F631054DE1623277365EFEB66961200E9EF77","git-visible"
".omo/evidence/spatial_contrast_adapted/cells/68_4/sc_adapted.json","1211","68A715E16D39CD735DBB5CD12CD47DA49100E1075753FA85BCF70BBA3EA73864","git-visible"
".omo/evidence/spatial_contrast_adapted/cells/68_7/matched_w0-validation.npz","11969","9636BC2A06D0F6F11048279A6411A2CD0643C52214EC6A36B70873BC5EA62F6E","git-visible"
".omo/evidence/spatial_contrast_adapted/cells/68_7/matched_w0.json","1135","886FEAD6CEA56E742F994C486BEA3E4C7236BB834FC58E5AB446F347075179EA","git-visible"
".omo/evidence/spatial_contrast_adapted/cells/68_7/sc_adapted-validation.npz","11970","9389BE79993E71F54DBEFB77171756DD38CE297A145C71375D892C7482987962","git-visible"
".omo/evidence/spatial_contrast_adapted/cells/68_7/sc_adapted.json","1203","445B2CFDA0B17AF4AE5512FB17465353A10DA1BA06CDEF45B384BAB54DFD91AD","git-visible"
".omo/evidence/spatial_contrast_adapted/cells/69_21/matched_w0-validation.npz","11734","F784999F7E53D5B3C098DDC85DE740E66BF9AC17CE75F2BEFBBC10ABD08307DE","git-visible"
".omo/evidence/spatial_contrast_adapted/cells/69_21/matched_w0.json","1141","65A2A3AACE7252782F71D55587BBA94500FE721EABA4D4B8BCBE851271B466DE","git-visible"
".omo/evidence/spatial_contrast_adapted/cells/69_21/sc_adapted-validation.npz","11737","9A47065129C015AD441DDD9EB8CEBB1A5B95CB47A6B2C8C441BAADB6F5C06782","git-visible"
".omo/evidence/spatial_contrast_adapted/cells/69_21/sc_adapted.json","1205","88B9E5B426992565DF51461ECB5FD1BBBD0CAB6C48F9FC9578722CC1008D4993","git-visible"
".omo/evidence/spatial_contrast_adapted/cells/69_3/matched_w0-validation.npz","12195","F6D348B99E3F7B867F0102CC481F40364F792DAE5A793B29E5D70C9A9C73F462","git-visible"
".omo/evidence/spatial_contrast_adapted/cells/69_3/matched_w0.json","1135","A3D502F9E76C832CA78956057C9393C2FB6ECC58FE1F747111D095D23F9B8513","git-visible"
".omo/evidence/spatial_contrast_adapted/cells/69_3/sc_adapted-validation.npz","12208","6B8D7FD6561AE7F105E4E900B7371C4081D63FBF468A435E02CDAC57EB4FA13A","git-visible"
".omo/evidence/spatial_contrast_adapted/cells/69_3/sc_adapted.json","1208","EEF859BB1323EA7D9EF23A86A5B8FBF747662692F2393E55700B841931BCABDB","git-visible"
".omo/evidence/spatial_contrast_adapted/cells/69_4/matched_w0-validation.npz","11725","AACAB9F1148F96B6AC44EB9FC035E65C80A6B95120FBD0695C3CE635A34BC080","git-visible"
".omo/evidence/spatial_contrast_adapted/cells/69_4/matched_w0.json","1131","3FFB2319D67A0ABFB30BE70F29A0AD88AFC01F3794E4162EDB9D04CBC22E765A","git-visible"
".omo/evidence/spatial_contrast_adapted/cells/69_4/sc_adapted-validation.npz","11728","DEFE4C4DD0F2CA098323DB76EBBF7D401171B264AE41FB3367149FD17EF7DF21","git-visible"
".omo/evidence/spatial_contrast_adapted/cells/69_4/sc_adapted.json","1203","26DD7F3A853C342FD38200844DAD736CE446C63CAB3D873B75AB94F1093362AB","git-visible"
".omo/evidence/spatial_contrast_adapted/cells/69_6/matched_w0-validation.npz","11957","8527C9D3DE09D30206D2400C75A78A84576F6BC31A18C94AA0FE19C321C8ECAA","git-visible"
".omo/evidence/spatial_contrast_adapted/cells/69_6/matched_w0.json","1133","0128FA15AE3D91BFDCB3B016EB289C31E31B36745664384EDA8B4F679A7203E5","git-visible"
".omo/evidence/spatial_contrast_adapted/cells/69_6/sc_adapted-validation.npz","11951","2D76BCB2A5B368EF70D99B28F4A8444B1D2D94ADD93BCCDACDC9FD00A83BF4B3","git-visible"
".omo/evidence/spatial_contrast_adapted/cells/69_6/sc_adapted.json","1204","7D46946248E708435153311A16F7CAA7E42162F68B1564F2476C266BDC351A82","git-visible"
".omo/evidence/spatial_contrast_adapted/cells/69_7/matched_w0-validation.npz","12001","63255114F6BF736E4C5E76C450051612F9A10C725EE72B5A89B0C3C0E2F3252A","git-visible"
".omo/evidence/spatial_contrast_adapted/cells/69_7/matched_w0.json","1132","B04966109F2EDACC555EC5C9F08A7E8EE6B57BEF054C82DCB627808DDFB458EB","git-visible"
".omo/evidence/spatial_contrast_adapted/cells/69_7/sc_adapted-validation.npz","12025","4635A68011AA0E92FC208CFDF9DB9A905626281733589535A4306A03046EB718","git-visible"
".omo/evidence/spatial_contrast_adapted/cells/69_7/sc_adapted.json","1203","A828A1F7D86C37F37AADF410A0AFAC658DA0FDE246F7615B98AD008DE7F99361","git-visible"
".omo/evidence/spatial_contrast_adapted/cells/70_1/matched_w0-validation.npz","11785","302E68403646EEBBDE0301C54E3DDF58EC1186BFE7D8315028A22C2E1D7619AA","git-visible"
".omo/evidence/spatial_contrast_adapted/cells/70_1/matched_w0.json","1136","C8859E99B774AB1E96B98901D609BBE08FA1FFA4CE16DB4352C8B594BCE1B307","git-visible"
".omo/evidence/spatial_contrast_adapted/cells/70_1/sc_adapted-validation.npz","11800","2A7A44EFC90BC90453F975F7690A846F4F5C6128C7B4B3A7E43F3B539A055CB6","git-visible"
".omo/evidence/spatial_contrast_adapted/cells/70_1/sc_adapted.json","1210","8241D694DF857018DD3FFBA394EBB453E2EA20D9531FC137EE06AA6A2B20BFCD","git-visible"
".omo/evidence/spatial_contrast_adapted/cells/70_15/matched_w0-validation.npz","11691","B4DB82588D38BCFE926B62206FA11E4845BD468CB380288BE89BA7EF699F32BA","git-visible"
".omo/evidence/spatial_contrast_adapted/cells/70_15/matched_w0.json","1132","7FFBBAD0DD47098F0E72DBDE56CCC6F793A06CB82CBBBB0D387736154D60DD6F","git-visible"
".omo/evidence/spatial_contrast_adapted/cells/70_15/sc_adapted-validation.npz","11673","32F7024917E45C7484627A4ADA268DBAFF11CBE5B52365DCEB7E0C878EE87AE3","git-visible"
".omo/evidence/spatial_contrast_adapted/cells/70_15/sc_adapted.json","1202","6475C13D5981C4DD828190F472004D0BCEA4199F040633A62E3F6435A5E2FF88","git-visible"
".omo/evidence/spatial_contrast_adapted/cells/70_34/matched_w0-validation.npz","11876","A94485E364AB3863A7EB5369B4179C96A9D9597239E10E4D1328522925EA116B","git-visible"
".omo/evidence/spatial_contrast_adapted/cells/70_34/matched_w0.json","1139","3AA3CCCC3FA97EE86FB54A26D3157B8FE2BBFDAF68A81C23A9D24D4B585EFD5B","git-visible"
".omo/evidence/spatial_contrast_adapted/cells/70_34/sc_adapted-validation.npz","11888","3EB076442EA923B5D34F6CD34B8C80EF2A7DC3A399B2997830E34AA6D040C1B9","git-visible"
".omo/evidence/spatial_contrast_adapted/cells/70_34/sc_adapted.json","1207","C286774518EC063151525C9864191F59DFA6025FD3A68AEFFA4E2029A45D9985","git-visible"
".omo/evidence/spatial_contrast_adapted/cells/70_7/matched_w0-validation.npz","12115","76D94A8F6097573D6FB0D5BCC48166D6CA4B1FBCA415191B98B6D9B1F1A93F16","git-visible"
".omo/evidence/spatial_contrast_adapted/cells/70_7/matched_w0.json","1134","E8B96F23E70E4070889234D7CD48107CA105F2799A338C5738473DC4AF5501CF","git-visible"
".omo/evidence/spatial_contrast_adapted/cells/70_7/sc_adapted-validation.npz","12110","FAAF58381234BD534DE3BF7823C3EA036B28AFDCA28EDE445A38E1547F5F79D8","git-visible"
".omo/evidence/spatial_contrast_adapted/cells/70_7/sc_adapted.json","1206","3F93C9167FE4627A74D32F6D79A0A5AEAA34491AD324F66CF563281CDB5F0A3A","git-visible"
".omo/evidence/spatial_contrast_adapted/correction_69_6_a0_4/69_21_read_only.json","1127","E2528389EBB75C12A84F07E68BC2445F09B630A17A86FC892521D7C1562FA93D","git-visible"
".omo/evidence/spatial_contrast_adapted/correction_69_6_a0_4/before/cells/69_6/matched_w0-validation.npz","11966","F837595A7BB210F7C61EDBB9BBA8A9FFA1C920BD4EA4539C62F0A8E852D9B089","git-visible"
".omo/evidence/spatial_contrast_adapted/correction_69_6_a0_4/before/cells/69_6/matched_w0.json","1134","734BB32A2F3682A90459A45835843C98836E7E6091CA557255C3BF21F3EB8930","git-visible"
".omo/evidence/spatial_contrast_adapted/correction_69_6_a0_4/before/cells/69_6/sc_adapted-validation.npz","11965","FD288ADAB651BCABC649534C57BE2C0AB5EAE8E65C29CBBFC285E6674EC07AFF","git-visible"
".omo/evidence/spatial_contrast_adapted/correction_69_6_a0_4/before/cells/69_6/sc_adapted.json","1203","4395AB444D6638D741CEA7C44F327FAFAF5EE7B4D3BF83BA2C422017A7BDE7BF","git-visible"
".omo/evidence/spatial_contrast_adapted/correction_69_6_a0_4/before/group_summary.csv","522","E79E275E44285DE35CE98A1C628B3E757ADF781C749CCE070B6F9FE1BB1974CE","git-visible"
".omo/evidence/spatial_contrast_adapted/correction_69_6_a0_4/before/initialization_count_check.json","3220","A8D4B65A89F9C81C47592C6E6214828201E9F13BF9B25AF579E8F8BEAC655DF7","git-visible"
".omo/evidence/spatial_contrast_adapted/correction_69_6_a0_4/before/output_verification.json","17505","A3017D432EC1858634175F0718433811F329D8478250466245C0ED04D407AD84","git-visible"
".omo/evidence/spatial_contrast_adapted/correction_69_6_a0_4/before/per_cell.csv","3257","4151AAAB74C2D3E1067CBD143095EEF0D7ABDC9EF506C83C02D8E95E5B208BC2","git-visible"
".omo/evidence/spatial_contrast_adapted/correction_69_6_a0_4/before/results.json","20043","A94A1A74ADA47A61F6D9C83F6F998F4BBB9256767B1248BA5F991CF81395D8DB","git-visible"
".omo/evidence/spatial_contrast_adapted/correction_69_6_a0_4/before/summary.md","10257","2B248CF0B6A4D830E718630B5367F192D961B23C91EAE0A89FE7F2A058D83B87","git-visible"
".omo/evidence/spatial_contrast_adapted/correction_69_6_a0_4/before/verification.json","1863","5E22E5C2D2A48C56EF88B3C9355C805351384AB570BB3A9347935996DE89CA5B","git-visible"
".omo/evidence/spatial_contrast_adapted/correction_69_6_a0_4/correction.json","45662","246DDCCA65F07D177220D034D34E79A92BC279B09DC1756E08AF5E092CC3CD21","git-visible"
".omo/evidence/spatial_contrast_adapted/correction_69_6_a0_4/replacement_verification.json","710","3D397355A4952F11D1E11D78C4A0A468A539B0D44408F937FCA531DC2246C5E1","git-visible"
".omo/evidence/spatial_contrast_adapted/executed_source/run.py.txt","13011","8CFFD835F2429B8879BEDDC866C22A76565E7A13D2EC525AF704618BF0BEEB29","git-visible"
".omo/evidence/spatial_contrast_adapted/executed_source/spatial_contrast_adapted.py.txt","7221","7686CEE1AA2E6032862D5FD54499B0EBBA1F3C3F73B6A4F7DA37C24612799112","git-visible"
".omo/evidence/spatial_contrast_adapted/executed_source/test_spatial_contrast_adapted.py.txt","5233","DCA63977C21FA763ACD235A793EA48F89F55CEEB7E74C2418762965A3F4246E8","git-visible"
".omo/evidence/spatial_contrast_adapted/filters/67_14.npz","4732","A008C9542A427227383A43BABCC4222444C5A23289540843DE84EBE497CFE781","git-visible"
".omo/evidence/spatial_contrast_adapted/filters/67_21.npz","4664","7268A603BBCA75BEA674640EC218958B3301D01ECCAFAE01DA9D71CD301859E9","git-visible"
".omo/evidence/spatial_contrast_adapted/filters/67_26.npz","4597","F0D64BD8B50F0817B53F0244914D665AC36FCF902C51FA93D9B47D5810A7A881","git-visible"
".omo/evidence/spatial_contrast_adapted/filters/67_33.npz","4707","0B924F148B70BA4714A15FEC6CE45F5EA5220A32C367D1C8714DB9028C1C4C02","git-visible"
".omo/evidence/spatial_contrast_adapted/filters/67_34.npz","4639","56D06C20DEB599528308AC8B9FD47C3D15887E12AC673C90BC89BD4F23CCE2F8","git-visible"
".omo/evidence/spatial_contrast_adapted/filters/67_4.npz","4623","D9412895A1769F567F5B01E4E19D11574F1E92AD8E3686F7F49FD66C00BF9882","git-visible"
".omo/evidence/spatial_contrast_adapted/filters/67_6.npz","4730","2772CCD076DC6F76B9A044A6E4F28264EA1E1FB54486C1D70264A61E4A346241","git-visible"
".omo/evidence/spatial_contrast_adapted/filters/67_7.npz","4705","5F77560F45B4B30AADF368D05205E073963236429D633BDA2BE82A81E550111E","git-visible"
".omo/evidence/spatial_contrast_adapted/filters/68_10.npz","4639","1F5A00030215454A5C77C7A0B8BD09DD94B24BA71FC11CC5B25ED4687A8AA35F","git-visible"
".omo/evidence/spatial_contrast_adapted/filters/68_11.npz","4641","3D3C6655E58D21809F6596F3A47848FA8B50E2FE5314B31C4BD98A476FC84EA8","git-visible"
".omo/evidence/spatial_contrast_adapted/filters/68_3.npz","4722","21DE43C9DFE12FC124802D6D9271ABBD61DF6A5AE25DB8A54CF469E9CE4575E9","git-visible"
".omo/evidence/spatial_contrast_adapted/filters/68_4.npz","3568","96CE4D2C746F0698CDFD8142B6FCA63E305ABE9D4954BEC87AA7F898B14F0CFE","git-visible"
".omo/evidence/spatial_contrast_adapted/filters/68_7.npz","4702","34F5B08F046C9943711DF670F5C15847321CEB375CE75EB790D0B6C25A386E31","git-visible"
".omo/evidence/spatial_contrast_adapted/filters/69_21.npz","4614","27AF20AC8B73E166C0C0245754D69AF9C04D161857BF6EBD4E0F079336127525","git-visible"
".omo/evidence/spatial_contrast_adapted/filters/69_3.npz","3031","E594A479DAA2C28D4D69FD39E48127A5B202A049EB76A55E400E019EF693EAB1","git-visible"
".omo/evidence/spatial_contrast_adapted/filters/69_4.npz","4712","37C206D31C9F9EC6D4EA6BDDCC4E164A84C7A49D91791B0730A47042ECD0729C","git-visible"
".omo/evidence/spatial_contrast_adapted/filters/69_6.npz","4580","C716528E8FFB54A1EA7A844BB2179D17DBD4D75E1D2A4BCB56678B45F3F3036E","git-visible"
".omo/evidence/spatial_contrast_adapted/filters/69_7.npz","4770","29009A36D69CC7D28087174F74C8D977D7C376885E2AE9C928A57CC8F1B2DE8C","git-visible"
".omo/evidence/spatial_contrast_adapted/filters/70_1.npz","4645","6C2F1E1C582DFF4D79250BF375D11673C8381981F3DDB57FF8AA158BC3E4C648","git-visible"
".omo/evidence/spatial_contrast_adapted/filters/70_15.npz","4633","19A3EFCC79AC61D97A0967E7F01219610AFF6A7EECA2362DAEEB206579C3E63D","git-visible"
".omo/evidence/spatial_contrast_adapted/filters/70_34.npz","4643","B317C4D1724F728CAA3DBE76C0721BCF58FE2DE275E39DA8365A82BDA20E85CC","git-visible"
".omo/evidence/spatial_contrast_adapted/filters/70_7.npz","4744","6075C0DEE3AE6112C1CCD7DCE6FAEFC83EE09EF1B9C0C48DFA29D7161023967D","git-visible"
".omo/evidence/spatial_contrast_adapted/group_summary.csv","520","89A69AADD3248307AA7252F3F6BBDB6212FDBD7700D9E478DB3A4754B6A10DF4","git-visible"
".omo/evidence/spatial_contrast_adapted/initialization_count_check.json","3416","BF9D8B2A8627C2C1AA71B3CF04EF7A07FB9B4E5DE7A32151A04606188603FC0B","git-visible"
".omo/evidence/spatial_contrast_adapted/output_verification.json","18231","BAE00A86754FB8EF2954A7D70CD1BA80C06C5AF5A5098DD5E4572E911B95FDC7","git-visible"
".omo/evidence/spatial_contrast_adapted/per_cell.csv","3279","C11DE48FBEB28911639F807420855AB4B9C90CC9C10936846507F52946783A23","git-visible"
".omo/evidence/spatial_contrast_adapted/preflight.json","57335","A978167879DD3BFD333D31D3D0F26956840F52EEC6C30B68864AB58AD7F9B774","git-visible"
".omo/evidence/spatial_contrast_adapted/rerun_69_6.py","12724","084F8569E018EEB3BB66E7AB01069EC2FF3CFD8F7823B9498FE0773AD4E15B81","git-visible"
".omo/evidence/spatial_contrast_adapted/results.json","21105","5B71EAB657E41ED59459F78C016A715F5F794DC8535F6F7BC442399551911C66","git-visible"
".omo/evidence/spatial_contrast_adapted/run.py","13028","F376488C3C651459240C7A6465315DC76E2BBB7F0015BD00AA8BF85063E19F62","git-visible"
".omo/evidence/spatial_contrast_adapted/runtime.md","1316","F8970F6D3B000F19834A42581FD3912C008C02063D7AF4EC2ACEDD90E3D6E199","git-visible"
".omo/evidence/spatial_contrast_adapted/summary.md","12523","0B8F3F8D55DC4876D543DFC437179E128B5F787A832195DED47A323032EC071A","git-visible"
".omo/evidence/spatial_contrast_adapted/verification.json","2324","198A2BEA081B2D3AFB9958209427970225BD6D261096DBE66FE34EA5836BF832","git-visible"
".omo/evidence/spatial_contrast_baseline/snapshot_verification.json","2450","82FAC9E7E090272DF51851258FA4F1E87C3A5EB9D66D839A03148E228345FD3E","git-visible"
".omo/evidence/spatial_contrast_baseline/source_manifest.json","4146","B7B966B2F92ED935E8B041545D82F238A2574B0475C9FB1464A4EC1052623C4B","git-visible"
".omo/evidence/spatial_contrast_baseline/sources/LICENSE.txt","1069","3539593ABEA646079640F91A7E3A125E692CE03DFEB7C09DD6A2AAD787EC5313","git-visible"
".omo/evidence/spatial_contrast_baseline/sources/sc_model__models__sc_model.py.txt","10794","1AC89F45CC07AD1B1216000FFAEF9BAB1340F74B253BC5A1322DF866C195EE9C","git-visible"
".omo/evidence/spatial_contrast_baseline/sources/sc_model__scripts__run_sc_model.py.txt","6852","D469653E9A4597789E9164568F4CDCA3688552A0625223BA1B756155726654B0","git-visible"
".omo/evidence/spatial_contrast_baseline/sources/sc_model__utils__convolutions.py.txt","13075","F22188288F16B7251DA9864406F2B545FB355ECB231EFF74848AE4EB5E52EE4F","git-visible"
".omo/evidence/spatial_contrast_baseline/sources/sc_model__utils__minimization.py.txt","6506","DBD2158DAC266BF72D4D614924762D204A35FA96D759F2F87683246D9902ACC8","git-visible"
".omo/evidence/spatial_contrast_baseline/sources/sc_model__utils__nonlinearities.py.txt","652","568E6D6CC3685E6A7F1C47720A25D894B20D47AD6B95DE856C8ACA8757B0D565","git-visible"
".omo/evidence/spatial_contrast_baseline/sources/sc_model__utils__receptive_fields.py.txt","8872","2521D61E58CE06F7374556C50573341C242D41960CAA9581D3307F8034F7E00B","git-visible"
".omo/evidence/spatial_contrast_baseline/summary.md","7949","4E5CCF10958812DD5296B6E828E58B694B6C07C2F0491F0B459F0614D2DAFAAB","git-visible"
"agents.md","2059","499D0E66E0BE4B5DCFD91C9D708D09FACB2108CDCCF6E585C27BFBE146FEEAD7","git-visible"
"AUDIT_INDEX.md","5497","4E4178B862E52B7C8D8273B3342C842A74460E728C2BB886717A480012350DAE","git-visible"
"audit/cleanup_20260905/archived_files.csv","173464","2FFE113D253DF6CB7571938E9341D75CAF9DDBD6F80709461626A9BBC87BD2B6","git-visible"
"audit/cleanup_20260905/backup_verification.json","242","AA54E9E28DCBAE77708397DEF5E7F4E38997C60DF7D3F757CE18BDEA0BFD5A39","git-visible"
"audit/cleanup_20260905/cleanup_result.json","114","B3129155979B4402F51EA0C1BE5CD728B70BCAE2432CA2999AA457873B344D5D","git-visible"
"audit/cleanup_20260905/focused_tests.txt","295","38757186030DE6F8B8175401A881FCE9EBE674A7DB9CCF44A8B5438CE33111EA","git-visible"
"audit/cleanup_20260905/focused_tests.xml","19335","9EE3F1E8936F10290A60E559EAA975AC4F31DE54968D5891674A0C30576F6C18","git-visible"
"audit/cleanup_20260905/git_branch_before.txt","16","984D6C85DBC56311B888A3629860FDA619C8FA5C8F428503D5D19B3E0E0938C1","git-visible"
"audit/cleanup_20260905/git_head_before.txt","42","20D4F7638EF0C8AEACEBB9F7C6B7A4DCAA72F7488FEF266F1C7554DC443D889E","git-visible"
"audit/cleanup_20260905/inaccessible_retained.txt","215","C6D45D526699852222A22C00F8F0B97CD84C2EF8DE4A5525D10DBCDD870ADE0E","git-visible"
"audit/cleanup_20260905/primary_bundles.txt","1094","8E0D2B467F3E6196968C3C5242110D7B40E284A510FD934CBDF742657D639999","git-visible"
"audit/cleanup_20260905/README.md","4620","F1CD5C6507ADE1F9A382AC812D15121106425D740757DDCF2B288E5C2B25F685","git-visible"
"audit/cleanup_20260905/retained_bundles.txt","3925","320D54741BEE90F76133231A934A199375C5BB1999CC97883375D6300DC24963","git-visible"
"audit/cleanup_20260905/retained_dependencies.csv","8492","B2E5972A065C1E6CE0BE81EFD77D81A85C1FFC095E1984CA748425A2BCB87045","git-visible"
"audit/cleanup_20260905/source_before.csv","51328","5D49D6A18AA1D58E00B3B00564BD9173E40FB849A3BBA31D895490CA982874BD","git-visible"
"audit/DATA_AVAILABILITY.md","2486","CE778B48643964C7FD87E6DB9CDA107D78514B7F8BF7C49151559DB36ED643D9","git-visible"
"audit/PRO_AUDIT_PROMPT_ZH.md","6089","4D93627FBE133DEE75C9D6DE75AA854C8D37C20BE651AF7A2EC489DF158543C0","git-visible"
"baselines/__init__.py","1","01BA4719C80B6FE911B091A7C05124B64EEECE964E09C058EF8F9805DACA546B","git-visible"
"baselines/center_surround_ln.py","4120","3B8A32F61A272D05F36F8C3FF2A3C4D428D5A8674EA840339927D0AD44364DDD","git-visible"
"baselines/compact_causal_cnn.py","2483","D387C9ED46F6E9F3DAB7687E8C35C9DAF86C19C7F90EC9B1649553F57CC637F9","git-visible"
"baselines/graph_tcn.py","4628","F45AEB4095997F92352737274C0C5135C3EC37048EA88375052511B1CC61CAB8","git-visible"
"baselines/lnln_subunit.py","5216","1D4CD2D997493B1120044FA37099AAC5A507AE08F5DE21D31180AC80E097B91D","git-visible"
"baselines/local_point_process_glm.py","5616","541A9ACA5C2DFF9FA5994BD24E993B057C63B135B13A13917F6DEA9C7858114C","git-visible"
"baselines/point_process_glm.py","7660","19EC6E8261FA3228CEBA4098FC2C236EB0E3ED4EA8231B51FB708D3CF866076B","git-visible"
"baselines/spatial_contrast_adapted.py","7219","D1C86EFF7E2F2479599D381652BDE359B217CFD44CB3060BAE8F65890023B772","git-visible"
"baselines/spatial_contrast_LICENSE.txt","1069","3539593ABEA646079640F91A7E3A125E692CE03DFEB7C09DD6A2AAD787EC5313","git-visible"
"baselines/spatial_contrast_official.py","7376","4E7AEBA5098922590A2556C00D3D43EBB62036B71632A185980CA68427C35028","git-visible"
"benchmarks/__init__.py","0","E3B0C44298FC1C149AFBF4C8996FB92427AE41E4649B934CA495991B7852B855","git-visible"
"benchmarks/point_process_teacher.py","8110","F8804A6587AB5AB7C3C8717765A740E0ADD5C6B3A0FE872B964549969822D891","git-visible"
"benchmarks/teacher_population.py","6011","3A5E4AF364ACB5434A16225D07B511950701F754B7CE7EADAD2CA42EBB002F5E","git-visible"
"configs/__init__.py","281","C10FBD873BEA60AC38E4B1836DC45B8EDFC8C30A8EE37ED7A6BFD9477E81904A","git-visible"
"configs/experiment.yaml","1013","8E8C5C341AFC88DE6226F0387E77BEB663EDACAA2DBD703756FDEAFC8D2E5B8D","git-visible"
"configs/isetbio_generation/bsds300_4deg_rf_eval.yaml","667","E1F996E8B0A0C23EBD6C0443186B5E5BCE32454F1A64C03D76865D659BF8A4E5","git-visible"
"configs/isetbio_generation/bsds300_4deg_rf_train.yaml","670","1CD7C05C86208F9F2555FDB7E20737AB7B9C5CD6CC52B0A443506DA536ED2630","git-visible"
"configs/isetbio_generation/bsds300_4deg_train.yaml","654","FFD3B32B1DA1DD55356E04501F62F0D242AFDF9A4E3846A9E75BE390CA0E28B1","git-visible"
"configs/isetbio_generation/bsds300_4deg_val.yaml","648","1D7D327C690E132C26F541F0D821DECCFF0071F4933542160CE5FFC763AC57C6","git-visible"
"configs/isetbio_generation/human_macaque_v1_smoke.yaml","622","1CB3517BF6FD4977E5979F86E90728536B400D561A2D759912E85469B71B1BFA","git-visible"
"configs/mechanism_identifiability.yaml","851","AD98643996F10E518A80564B4134F8F5735552101AD1D65C05EED503C557B1AE","git-visible"
"configs/model_comparison_sample_efficiency_t2.yaml","241","C4E2736328CEA594573B192ACFA1C6F7845A1367F9FE58FD3DE68B3A406DF6FB","git-visible"
"configs/model_comparison_t2.yaml","1279","6C776EC32CB8AF024C68566B5D80652223191F383D27B16E5B77E470E1C67846","git-visible"
"configs/physiology_profiles.py","4357","7AC07A096AD5A0E8512BB2794078A6C7A3F24BAE12638FBE43D7948B4E691BCD","git-visible"
"configs/rgc_type_priors.py","5383","98860C502AB60C4EA42AE060C31902AF2FFD8A07D653B926A675877ED4EEF0C8","git-visible"
"configs/rgc_type_priors.yaml","1142","8F61E518F5F223BAFC39225151E7854AC3C687EE1A90C4EB616F2F7048D1EB29","git-visible"
"configs/synthetic_smoke.yaml","1064","6BD444CC0A7AFD01DC7AFFC401E6C00FD36BEFF968F8F95444B6D30EE335992F","git-visible"
"CURRENT_STATE.md","3754","610C4CB5F0694E4F8A9B71BDFA0F9ED5205D145CB3B524E0CE6705D90EBE32D0","git-visible"
"data/__init__.py","0","E3B0C44298FC1C149AFBF4C8996FB92427AE41E4649B934CA495991B7852B855","git-visible"
"data/cone_response.py","11435","D9026D7C87E8CB349A98EEA449CD03B2EBB9D84F62774CBE646C2B4AE8F76575","git-visible"
"data/dataset.py","9920","0E8F00E51B36823D174A2E282D62BBB7114D06AE6AF8B4E47EB70A20D344F947","git-visible"
"data/geometry.py","2316","04763A7219DEE69008EB26F90FDAA8B33EEA47D9223616A182036944E548CA9F","git-visible"
"data/input_identity.py","6607","F9A0B704AC93250A63800BEC159287481BDF12CBC4B3DB577DC254C28DE4549A","git-visible"
"data/karamanlis_2024.py","9187","2354BD74915FF9D2608C157ABA4233910FC9D46A16AD733461A6C8699CD25F99","git-visible"
"data/karamanlis_cells.py","3182","9B27C2437965A640A5C5E66FE03C914D9AC70961A2BA517A8B7651C7DF83E82C","git-visible"
"data/karamanlis_projection.py","3008","2EB94E61F6D05349D1B2D6B4019B371CFF1A44E0F73EBCF29B0EE9F6BFBE2D59","git-visible"
"data/karamanlis_rf_artifact.py","6308","38249E1159D2E68EC3F445D89E93B44EB609BB3D67D43AA8387DDD97CD478880","git-visible"
"data/karamanlis_rf_population.py","9280","C530B0901E974CAC899E86AFB2DFE8CB6A3A786C3159F8CB3A2AE8127073E019","git-visible"
"data/karamanlis_spikes.py","837","6D65651461695C37BFAED3011E04DF3944079CA43366233079C0DFBF289570A3","git-visible"
"data/retinal_recording.py","374","A05BF2F3CB094F26491AE0284F62D863E55956EE6792C0A8D6CBEC1DEE855C75","git-visible"
"data/rgc_response_export.py","4552","62D74ED3D824026B9309B26C517155E70D546FCA905AFDC33CF09E8F338CF39C","git-visible"
"data/rgc_response.py","24600","156D8099C3F073A6B0E49B9F942C00E7A8AE8318D8624F9D396F6E65ADB65411","git-visible"
"data/schottdorf_lee_2021.py","9916","AE07CB57443CE95FCEF2208060638C1CC12168EC9E1A1F3F9E58C82E24DDF764","git-visible"
"data/schottdorf_lee_catalog.py","4881","3D1CA53AB11F57F98F452E95AF96B51651510E289BF2AEF14CFF109B9B52A513","git-visible"
"data/schottdorf_lee_multirecording.py","8786","3B6B1AE2DDB2C35D1C9AE133017FF5016B79960D56A194F1722B0079EC1716DB","git-visible"
"data/schottdorf_lee_spikes.py","5194","04993CD009000DAB362C352530E5A68D5DFDA39403785E25AA6A53DCD9C2B6D4","git-visible"
"data/synthetic_teacher.py","9039","93DD6BF09E5B4BBE6A8B4F88BACBA4CBF61A99B8F30BEC77CEF1BDAF49694EBE","git-visible"
"datasets/__init__.py","802","E3AC5705DF0A46A3A1900D4DDB76937158C5A9DBA2729682487134B47533147B","git-visible"
"datasets/image_folder_stimulus.py","1482","29640FFE6D12E1DA08FDAAFCF193A4C6D34838CD7A1624FFE4231CE9ABD8A302","git-visible"
"datasets/isetbio_h5_dataset.py","2360","170ABA8CA7A2ACB817F781DC4441B1083C3962F73D9D8B36DB87E82C1685121C","git-visible"
"datasets/raw_stimulus_dataset.py","2413","4433DD61461458291E7256CEB4910B7A7AABC6264A469FB02611E83D70652078","git-visible"
"datasets/retina_training_batch.py","1291","29FE5E7EFA8804A2A521EDC0287E258EF786712458C4BAE4655E1B1E66CA7D44","git-visible"
"datasets/transforms.py","666","420382D6F08915F1F803F60230371FB5DDA4DA6525EC392482C01FB945FFDDC1","git-visible"
"DESIGN.md","3291","48574BD26B1A149B9F248A0F6260DEC818CA51F441E09031F0174F63CAD4A836","git-visible"
"docs/additional_parameter_evidence_primate_retina_v1.md","12893","8FC1BC98A7EFFB6D9608A58C094C3CAFE4B01EF47E892775752F9F85660E7663","git-visible"
"docs/architecture.md","2900","777141643070015467BB34CE8E2D49335D1FAE507610428AE061036111110BA8","git-visible"
"docs/experiment_contract.md","3937","646B88DAD76ED37F304AE54C05D3EB10E58ABD5571AFBBDDE28AB30FC25AEA4F","git-visible"
"docs/isetbio_hdf5_contract.md","6011","32EB44F62E4EB1F36E1EBB4067D54BF101E7719BE81CC48D063E8E24145040AF","git-visible"
"docs/mathematical_formulation/mechanism_identifiable_retina_formulas_zh.tex","64033","EB2E1303D840FA673BB68A1E7FCDBFDA6FB19F27EF265E8F32331A2247F0AD31","git-visible"
"docs/parameter_evidence_human_macaque_v1.md","21883","C5B5533A5B462C5AD80E39D7D83672CB0B2A65CCA4F825DAB96D392E2A3790F5","git-visible"
"evaluation/__init__.py","0","E3B0C44298FC1C149AFBF4C8996FB92427AE41E4649B934CA495991B7852B855","git-visible"
"evaluation/candidate0_likelihood_math.py","4770","C471EB2A0C755B4C8512D246F11CFC7B6702F37FD2B3572075025124FEEC31AC","git-visible"
"evaluation/candidate0_projection_solver.py","5340","20B2810124C5C6D19EBA75FD26A9DCDA3A94A68E6426FDD27821C97B30A45263","git-visible"
"evaluation/direct_readout_paths.py","5339","A8EBC8CE6A205C6976EB6B85A5D6453118168FA1DAD6E35684AB49B5D80C83D2","git-visible"
"evaluation/factorial_contrasts.py","1039","50F28DD67A209C86DD68CAF8B023A8D8FF8A6A6E6DE86DF96A93C17578BB030D","git-visible"
"evaluation/factorial_oracles.py","4550","703A3A522B551670BCA843052D5553D95F5F3D906DC805533F47FA960F35CF43","git-visible"
"evaluation/factorial_reachability.py","7589","8DF53AB682FD3420767634C999B388EBF98CB0A4E93D967E0F02C4C224E5E359","git-visible"
"evaluation/gradient_decomposition.py","7366","C734C0230F621EAF76B1CA74DBE0BD006FB3F5FA4EE511B436BB7357F4102190","git-visible"
"evaluation/gradient_optimizer.py","5878","CF739B34335763D6192248C87BC13F2A29FC9D8EBDB3BC80FDCFED9289D73F9E","git-visible"
"evaluation/history_estimands.py","9282","1005292677BB1CEDA3363E8843BFEC4C983890FA475D0E86D4C49871447DB0CE","git-visible"
"evaluation/json_types.py","240","291559EE7DE663F286978788092D4F937FB76A172732A747442ABAAA670A1554","git-visible"
"evaluation/mechanistic_retina/__init__.py","638","660658D557324B80B48B1816615E34B7CACC52B0A7F6E885A9BCAB193E0643F7","git-visible"
"evaluation/mechanistic_retina/ac_circuit_inputs.py","2586","48C09B646B3B5E4C8B3FFDE0CE73931D596C13F7E37228DD4B04965E9BE8A1A0","git-visible"
"evaluation/mechanistic_retina/ac_circuit_lineage.py","1103","2F75994AD36FAB029D853A53F5C8ABE85F472341A260BB55AFCCD8BFE47EC444","git-visible"
"evaluation/mechanistic_retina/ac_circuit_perturbation.py","9487","E68574384211E06D63344EC04A8E75FE13A366539847ECFB32633913CEE4EA18","git-visible"
"evaluation/mechanistic_retina/ac_circuit_support.py","10332","9766934D16A900FCF3140D78C87EA6D941EDF04D32960723A072404A5788F82D","git-visible"
"evaluation/mechanistic_retina/ac_temporal_lineage.py","4309","9C39E9888E289E6865CB1897C38A697EFD09F1A432D03F134A91961D0D154618","git-visible"
"evaluation/mechanistic_retina/ac_temporal_perturbation.py","9195","B206C9F2D5575D80687D3F16BF45ECC181BB804A6D4CB4F992E013A6872A1C5B","git-visible"
"evaluation/mechanistic_retina/ac_temporal_probe.py","4094","09C241C56AD4A85A10D44C5F6019594430C98F37A6F0909B3673C0FAC987B897","git-visible"
"evaluation/mechanistic_retina/ac_temporal_support.py","8899","18F80109A8E1895B17049C787ED68902234D610B4FAF0CA5FA0F30B49B7F7035","git-visible"
"evaluation/mechanistic_retina/artifacts.py","655","A2DCD707A6131B41004D8FC13815258F500541B52F205C90FACE58E5099A3FF5","git-visible"
"evaluation/mechanistic_retina/atomic_artifacts.py","488","A3FCB5BD2EEA2B06AFAD32E80A3B0BE2C9ED420792BC533D510D3F8A78D1E39E","git-visible"
"evaluation/mechanistic_retina/clean_sampled_artifacts.py","1168","32B40D7132F880FF5A75300173432BAB090BFB36165EFF981D6A84759CF100E9","git-visible"
"evaluation/mechanistic_retina/clean_sampled_benchmark.py","12111","8A0D5E837D5D65EB0027B6CB6B24ED45FB056D19BF907124427969790B21A662","git-visible"
"evaluation/mechanistic_retina/clean_sampled_data.py","9326","B3A639E12EE2A375B84C4AAF12E2097E604E55D0BC1412ACF46BAA279B765FFB","git-visible"
"evaluation/mechanistic_retina/clean_sampled_reporting.py","12199","56422DB9BDE3A84B8E19668601D1529A0EE335F78F597A7D79354D7069D10B8B","git-visible"
"evaluation/mechanistic_retina/clean_sampled_teacher.py","1598","06A9E02C310C7AABC31C450A39AC243A5ADE8F1DA7B37BC10D5A8FD8399A0EF8","git-visible"
"evaluation/mechanistic_retina/clean_sampled_training.py","7210","EBE888098D67ECE10F492B98931929DFA01E3CA9D0CE7E09661E05BD98CAF41D","git-visible"
"evaluation/mechanistic_retina/direct_metrics.py","4305","BE5C7BEB9B823673D66B64EE3936452143980A7F059CAD43B706A50068BDD330","git-visible"
"evaluation/mechanistic_retina/direct_model_eval.py","5823","8F0EADD8B8E5D97EA84B5DEA57041FAD39E7C02BB215FFF1C04ACDF1759D9EA3","git-visible"
"evaluation/mechanistic_retina/factorized_ln_split.py","3247","C38761E8471BE4118ABD54C84258AFF28BE8A3455E259A9331008B4D8144C327","git-visible"
"evaluation/mechanistic_retina/gollisch_white_noise.py","2482","73335A929CD67AB93E6DBEDA8750483555F1FC99331F1AAF2C1AF0FD6FC68E01","git-visible"
"evaluation/mechanistic_retina/h1_teachers.py","5728","B22CB3A6E7AEE6E69E755612DA6EE093589FCF5EEBD181A89EC07AEC9301EB06","git-visible"
"evaluation/mechanistic_retina/karamanlis_baseline_reporting.py","8488","E5FBF74B3D0201F3DD56FE356E122D999D0B1BB7E4374C1D79279247F8F2AA3A","git-visible"
"evaluation/mechanistic_retina/karamanlis_baseline_run.py","8176","A1E2EA036AB5FCF549B4C152846033D5ECDC58769FC609CE19F823823E967566","git-visible"
"evaluation/mechanistic_retina/karamanlis_glm_math.py","2657","71B1B550BF136AFB74AA1253FD46963E3EA6923644AB531AC12517674A46117B","git-visible"
"evaluation/mechanistic_retina/karamanlis_locality_artifacts.py","6277","11EE7406B7D975AD9931C8F90FC718908A9B963688B2DE2E8095EF2DC8276D33","git-visible"
"evaluation/mechanistic_retina/karamanlis_locality_graph.py","7301","AD7DC2F065A77296F0C746FCE5E7D9A3CE12FA44386E3DCBAC6A2BEAAEE7B297","git-visible"
"evaluation/mechanistic_retina/karamanlis_locality_io.py","7448","E132B9CEC565BCB39209DB7293821167148399BC87F882130CF1585F61DA924B","git-visible"
"evaluation/mechanistic_retina/karamanlis_prediction_baselines.py","8006","FCA33D70CB58AAF998779A70BBF66A8DC7F0C3A579AF78AE5C4FE3F2B3F3836C","git-visible"
"evaluation/mechanistic_retina/karamanlis_real_run.py","9645","290832D28F5A09C45C4AA71541AB6D7490968DFCBE419E14E228E17BE5D0178D","git-visible"
"evaluation/mechanistic_retina/karamanlis_rf_centers.py","9359","ACDD42ADAE47EF2D99C3B8C033444084FE8C4B2E0B588C9499D9BD09D83031D8","git-visible"
"evaluation/mechanistic_retina/karamanlis_rf_checkpoint.py","1231","A1A8BC2C6E9BEE5C7AF815FD247D59504D23CA2778F4B51BE68F28D279BFCAA6","git-visible"
"evaluation/mechanistic_retina/karamanlis_rf_population_run.py","9995","191181E9B00A8AE2DE135693DC90CC971B2B6CDF6B18AED6CBC37918613D9FE8","git-visible"
"evaluation/mechanistic_retina/karamanlis_running_sta.py","3444","CA9DC3367B24DEC542BDE43EE9EC625CDBC963F9D654578989DB161C7AE4DA0A","git-visible"
"evaluation/mechanistic_retina/karamanlis_v1_ac_artifacts.py","9626","55796481AF2229D7AD562486E12E70F739319379262AF06BE409C927E738563F","git-visible"
"evaluation/mechanistic_retina/karamanlis_v1_ac_metrics.py","5251","E43DFA1B96DA5B95504AF58DC9BBD451E01FABCFB9F9BA5263406D7DB0BD21A4","git-visible"
"evaluation/mechanistic_retina/karamanlis_v1_ac_payload.py","3929","8827CA8E37961C967B733E84DCA5A1175FF8F6ED16798E4DD84707CA13690410","git-visible"
"evaluation/mechanistic_retina/karamanlis_v1_ac_perturbation.py","9298","7F85297D28C6141C20F6DEB98922D61A9A2E41BAB1618C834CE1EFF907B329A2","git-visible"
"evaluation/mechanistic_retina/karamanlis_v1_ac_reporting.py","5658","B70A7626AFA5FE9AD92F4D1CD8BBBA78D20D5DAB15874E8E2849247D55EEF263","git-visible"
"evaluation/mechanistic_retina/karamanlis_v1_ac_runtime.py","5261","E7DE9CF11602E839DBC9AC45D56B68204D9079F1C5522298044CF328F7140EB0","git-visible"
"evaluation/mechanistic_retina/karamanlis_v1_rf_artifacts.py","9040","43410DAE1DA6C4FD8895885B0F110493290F58B7A23CC15213D9B335EFB7727C","git-visible"
"evaluation/mechanistic_retina/karamanlis_v1_rf_metrics.py","8101","A02A811AA0CA7851A48B2599D91633572C60B1A8674A58A8D7F8E301FF7639D5","git-visible"
"evaluation/mechanistic_retina/karamanlis_v1_rf_validation_math.py","5334","8968594A0016F5C6DB27D43A45EDBE22BFE8D045863135F497C289D573FAD58C","git-visible"
"evaluation/mechanistic_retina/karamanlis_v1_rf_validation.py","9114","B43DCD7F8F180EEE0A59A294FF80A137E569043C1A5B1A18F390BB874B5DA6A1","git-visible"
"evaluation/mechanistic_retina/mechanism_artifacts.py","5354","D07514DFAFF3AB981A939822751663442FE5F3D99A76B2D478551EBC9750261D","git-visible"
"evaluation/mechanistic_retina/mechanism_checkpoints.py","5044","41F72C8D3C6DC6BA5BBDF6F9DDF72DED256DEEEEF4EC45402DE320A19536FBFA","git-visible"
"evaluation/mechanistic_retina/mechanism_decision_report.py","3756","604E380F3BC1E6957C4E9F568998A358AA70ABE3F1CD704C9F3C4C82E6F61666","git-visible"
"evaluation/mechanistic_retina/mechanism_diagnosis_support.py","3032","969B336967713F731AF57CFB85498CE2C5E607ED7E916FC0673CABA159B09511","git-visible"
"evaluation/mechanistic_retina/mechanism_diagnosis.py","6390","36F2A44411C9C24FB9AFBEACE67FCDC1A9DC639B1155CB5C9494EB974F8BC2E1","git-visible"
"evaluation/mechanistic_retina/mechanism_false_positive.py","5259","05BF889964AC781E79B9F6C8077261094C55964CC6B92A75CA16CF2380D3CB69","git-visible"
"evaluation/mechanistic_retina/mechanism_heldout_artifacts.py","8849","78BE1064794A3EA7EEEC3D6D0E7D02FFB957CCEF1EC58BF2F179B4C294802087","git-visible"
"evaluation/mechanistic_retina/mechanism_heldout_metrics.py","9444","B05B85A25128D46837DE2A480EA851B9A6D6587010CF4A59ED33EDE836A258A3","git-visible"
"evaluation/mechanistic_retina/mechanism_heldout.py","1905","7F2785F3034E9061B092795526649D53940E63E3763281ABED2882283F007A81","git-visible"
"evaluation/mechanistic_retina/mechanism_identifiability.py","7588","52CE7BF60CA92498CF5566B9BABB79C283F0DE92C8EDF156D678781A19FC186B","git-visible"
"evaluation/mechanistic_retina/mechanism_protocol_runs.py","3317","DFDA2A436F551E6280A7B90188BFC3DC5BBDB9E44DCEDBE8F195B87F816364B3","git-visible"
"evaluation/mechanistic_retina/mechanism_protocol.py","7472","62F317CBF04EDA89E7A855095B5BFA2C0DAD567434298719192ACA1E8A3BFB0C","git-visible"
"evaluation/mechanistic_retina/mechanism_replay_artifacts.py","3224","803DC871B990E780AE1E3330FC197C70E84A94E7B90BC382F22E4BB3B025D412","git-visible"
"evaluation/mechanistic_retina/mechanism_replay_identity.py","9162","59010790A398F0D4A3301A8C44871102B255D97165266040AA5A9A886E23FB85","git-visible"
"evaluation/mechanistic_retina/mechanism_replay_protocol.py","5909","D902C3348AB1AE5EC84E4F3C25FECC29EAECD3136A8A1BE09E97EEF7028B030D","git-visible"
"evaluation/mechanistic_retina/mechanism_replay_runs.py","8616","5FF6D155C500EBBCA14A2320D7A80A7EBE65015E01DD36FDFA8CDA66EF268937","git-visible"
"evaluation/mechanistic_retina/mechanism_replay_types.py","1952","741DA9E756997E39AAA121A973601B8FF3C861191633834345913481ABF249DC","git-visible"
"evaluation/mechanistic_retina/mechanism_run_data.py","3130","A649BF4E9ED1944ACED688A25F5AD9A38B539AF67844343CA47F63DDD4B910CD","git-visible"
"evaluation/mechanistic_retina/mechanism_run_types.py","2027","42BE25D4FA1DE670FC2D6DA7E78256CF5B02A5DDE3C829ABDB8559FC26581923","git-visible"
"evaluation/mechanistic_retina/mechanism_runs.py","5669","A78A001E4C28E17E3F9768D0BD90D8FB1063F7E78744DD6C119DB6528F8D0EB6","git-visible"
"evaluation/mechanistic_retina/mechanism_runtime.py","4450","1098EB2820D7F27CA254706946BBE879618B5524B007645B9AF9224DB447390C","git-visible"
"evaluation/mechanistic_retina/mechanism_scoring.py","5028","EC45F00A1DC49931FBE28C167C38F1E4A75893309C0F5815D3CFD498866638E9","git-visible"
"evaluation/mechanistic_retina/mechanism_teacher_support.py","4117","72727E75097AE7557D0EDD6D1AA1E6A8BCB51618C5BC8454FD86F64DB99E08E3","git-visible"
"evaluation/mechanistic_retina/metrics.py","7859","38006FE9E87B6852E25ABF1147538DA4E7757318D4A97519E2D0A4B44FF84E3B","git-visible"
"evaluation/mechanistic_retina/natural_exploratory.py","7138","8F475062C93752FF0B2CAA7FA4DF874B96C80D920EC3F0D6C8C969D75A6AF713","git-visible"
"evaluation/mechanistic_retina/nested_spike_budget.py","8881","461C2F6B2E9AB3A1FFAC429B5BC4AB0930417AC16DDC9BCA14A6223C60EB55C6","git-visible"
"evaluation/mechanistic_retina/noise_free_recovery_metrics.py","5591","E22060901A9C1A25202B608215827777D053DEA0CD6D85947283512C7E492948","git-visible"
"evaluation/mechanistic_retina/noise_free_recovery.py","7926","3676DB477D66B7B254F24DEE0B9C51D5DA5DDF20F48266E45C6FF36B68819CD5","git-visible"
"evaluation/mechanistic_retina/pathway_decomposition.py","2963","DE2170F6865F9349C5B4615F51E7D9314F1DDA3BCFD7A3F46CAF080BBC8288E3","git-visible"
"evaluation/mechanistic_retina/rf_base.py","664","25EDCB1BF52B302434AAEFD90D4300F0EA1B8098B2D424B608A2C2C974AA6B89","git-visible"
"evaluation/mechanistic_retina/rf_effective.py","946","DC87ED315F9145B8F9DA9886BB93C7B0CBA54CA7F1CC885308AF2CC45C81973A","git-visible"
"evaluation/mechanistic_retina/sampled_robustness_metrics.py","4951","40635B39510DE8EA169F42F78C0920D00B31A8005A0E3CDE1FF4440E2B1981C7","git-visible"
"evaluation/mechanistic_retina/sampled_robustness.py","8158","BC639FBFC6E4DABFD047D1EDFDCABA81E07B10A10FD6FD0AAB0998A385FC35A0","git-visible"
"evaluation/mechanistic_retina/schottdorf_baseline_cell.py","9100","62B135F204A32EE117CE64DC446F8656F8F618A9E0A39AF91E7205931FFCF9BE","git-visible"
"evaluation/mechanistic_retina/schottdorf_baseline_reporting.py","4568","598BDC2E1A65535697BDB03938CBB941CCC42CA635A2DE2D29C2C770B7F3D3FC","git-visible"
"evaluation/mechanistic_retina/schottdorf_baseline_run.py","7143","047107E37A3220A6DE3411095CE6F5A6537A8D5834BCC8D018B4AA60EC54E519","git-visible"
"evaluation/mechanistic_retina/schottdorf_baseline_types.py","2077","84EDE25DBA713937139D09133795220AFD2854A941CC61F0DCE05F3C77E41993","git-visible"
"evaluation/mechanistic_retina/schottdorf_center_surround_ln.py","8114","E9BD363F1A4625DB6AFEE1F433F5DBF6AAC7F12511A8109A5861D55CACFD21B1","git-visible"
"evaluation/mechanistic_retina/schottdorf_final_benchmark_cell.py","10602","87B1E436FFB4370E21E6F48A9B5B91EA8206357EAAD0F3687DC889A5AEB8D669","git-visible"
"evaluation/mechanistic_retina/schottdorf_final_benchmark_reporting.py","3154","FE651FBED5031F36E5930DBC73EAAC92500E2432DC9CDEA8CF078B63A12B512A","git-visible"
"evaluation/mechanistic_retina/schottdorf_final_benchmark_run.py","7440","3FB7A078599E209B5C05D5D7A6511BC63BFB0511E06D0EB93646B82F9961DEFD","git-visible"
"evaluation/mechanistic_retina/schottdorf_final_benchmark_types.py","763","1DE81D8A554BFDDCEE1592E13C225E18AD3906D0A19BDF9333C8C274FBF6528D","git-visible"
"evaluation/mechanistic_retina/schottdorf_fresh_evaluation.py","10946","3EA9F82411CBBA09B9EA84A04B5ACD3F732900213D3B74910B82AD8BF3DD9B13","git-visible"
"evaluation/mechanistic_retina/schottdorf_ln_source.py","4534","5FD195FB6947727B6AD0E39DC238B5CFA55E6E52A9E4750A5171B837D23AAD62","git-visible"
"evaluation/mechanistic_retina/schottdorf_multirecording_fit.py","7563","6764D8A81CEC6BB2223A0A768AD69B4316DC98C7232276086F720A9DF180D397","git-visible"
"evaluation/mechanistic_retina/schottdorf_multirecording_reporting.py","5071","12208F61368E85EEEF3A613B751055224FFDF5A54D7AEFFCAC5301F3224EEACB","git-visible"
"evaluation/mechanistic_retina/schottdorf_multirecording_run.py","6915","E4E34A86CAC54F2C6081D693FF102D31A5E1272F748FAB71DC89354F55B85D8F","git-visible"
"evaluation/mechanistic_retina/schottdorf_multirecording_types.py","3038","59BA309ED2095FA1E9EFBACFD0514243C08FBA97C684238A6B70404DBB5B1A0C","git-visible"
"evaluation/mechanistic_retina/schottdorf_neural_baseline.py","6464","550D2803F080967E16F9681423501DFB7F756AC5AD6D80FB939006124CC848F5","git-visible"
"evaluation/mechanistic_retina/schottdorf_prediction_baselines.py","5864","F7963926AB23109BA95E8A346DB0E929B98799EE7DAB4551CEDC9567806CD584","git-visible"
"evaluation/mechanistic_retina/schottdorf_r4_development.py","9217","08451339011692B97464739B1D3DAA06EA2B2D874969EE904C47B78079929D19","git-visible"
"evaluation/mechanistic_retina/schottdorf_real_run.py","8839","DCA35192128E5EBAEECE2923C38A6E0532DAF5F0A66F63470D3C7D86851E3719","git-visible"
"evaluation/mechanistic_retina/schottdorf_temporal_center_surround.py","8110","F011F930C36161940EE78B0BCD30B42FB489EADD095C6DCA6D87BFD449FE98AC","git-visible"
"evaluation/mechanistic_retina/spatial_contrast_source.py","7606","5AA62FF50C4A3CF1DAE55F7439800BD7C8256865F230F7CDD93CACA67C9D1CFD","git-visible"
"evaluation/mechanistic_retina/spike_banks.py","3469","E6B7C439B17115C56B120D444E5969CF615536B55AB3949468D04DD02772CF49","git-visible"
"evaluation/mechanistic_retina/structural_ablation.py","6960","95A600A2C92CDF9DB995533734DDFCF70630D647407AA98395119DF88A2AAFC5","git-visible"
"evaluation/mechanistic_retina/subspace_overlap.py","4358","FBCACEDE0BBDDA7E7DE685185BF7B798637EDB1D3AED025DF764DEE5CE73EF12","git-visible"
"evaluation/mechanistic_retina/temporal_center_surround_plots.py","3981","A8A3894DC83831A497322D77F5BF05594D3A2CFEBEA7ADB355BA4C19EC324149","git-visible"
"evaluation/mechanistic_retina/temporal_center_surround_reporting.py","6003","01E1966A75E03E0D88C829579815F8FCE10CD5F31987A4DC9121531056320CE9","git-visible"
"evaluation/mechanistic_retina/temporal_center_surround.py","6837","8623EB93E8FC224B923DD5255D705AD826DA8D4ADA4C50D57909BC09F640F261","git-visible"
"evaluation/model_comparison/__init__.py","0","E3B0C44298FC1C149AFBF4C8996FB92427AE41E4649B934CA495991B7852B855","git-visible"
"evaluation/model_comparison/artifacts.py","3513","306E1CBF3B6DC83B95A1CA6169F48887445753545F65EDBEDBD7047432EF84B5","git-visible"
"evaluation/model_comparison/baseline_runs.py","8248","6B877FF75B0109CD30A0913B305B6048DD90276DC299C50ADDA90DFD84696282","git-visible"
"evaluation/model_comparison/config.py","2564","F7B6C1E7C242E6BC715CD1730EF82F3A1A1F58652575ECF55894CD458D41D7AB","git-visible"
"evaluation/model_comparison/experiment.py","9749","9FD26AF11A361020B115852CB2982BADB75F8014B3CD7F71D9E84B1F4988CA88","git-visible"
"evaluation/model_comparison/mechanistic_run.py","7904","927E95902FA9D9CA86FA76617D16413E026FACC0BFAF3E9F145B895768647811","git-visible"
"evaluation/model_comparison/model_eval.py","2538","7F517CDEEBDD6B9E10B5A526C1CCF2986C171AFAA80D0BA8F0BF3CBDF7CB264F","git-visible"
"evaluation/model_comparison/parameters.py","3371","314C573E7DE0B61AF88E906EE3EB1D11D982A9992DC1ACD5A8234C0130B712C4","git-visible"
"evaluation/model_comparison/prediction.py","3785","B6B40E53AD3A0AD64981A2AB81C9A0F426AD5422B9B91980A4C16E3CC3D1B2D0","git-visible"
"evaluation/model_comparison/presentation.py","3836","FA25CCD73A5C06E067564FB99F53ECFD289B4A9E51F2F500488F38FA316174CD","git-visible"
"evaluation/model_comparison/reporting.py","8568","A2760B89123FD4B70F7EBE5AD52BA28F5537E4565765B4196D525F8E898E6090","git-visible"
"evaluation/model_comparison/rf.py","3704","5D9F15FFC45B329289198FF04C4B73A65ED5DF33D279277CB2CD4AC5B3D04EBB","git-visible"
"evaluation/model_comparison/run_data.py","888","B7F2964BFF28BE64D4373B15AB579BDE09EB5AB3C34A34F824D87E4588D9340C","git-visible"
"evaluation/model_comparison/runner_support.py","1571","58CCA15D6F581CC0730F2F025DAD9C31F9FF1B98AB5BDEBB2C8E2C5461B2D27E","git-visible"
"evaluation/model_comparison/sample_efficiency_experiment.py","11191","4DA2E69F322BF81C1854B5A5D8DF3F8378FD8B8AA936173C292FD54B2E612526","git-visible"
"evaluation/model_comparison/sample_efficiency_presentation.py","8515","C16A11FD0E345D1DBF7AAB1502A735934ABD36A9C14FDE189BF50356ADCC8C2D","git-visible"
"evaluation/model_comparison/sample_efficiency_profiles.py","9829","E8EB7802AB153C663FB58E63CF2E8E9F9BB7C472C3B6E4A5AF307CD9DE53C15C","git-visible"
"evaluation/model_comparison/sample_efficiency_protocol.py","8879","77A221557340EEB572C5043540F07B0642C8B13CF8664F6D83BAD81F8E5B3877","git-visible"
"evaluation/model_comparison/sample_efficiency_reporting.py","8239","D3C8BB072611DBFF276C5439A71846CAF212D58A1D02F6B2D67C51F1598EC1C1","git-visible"
"evaluation/model_comparison/sample_efficiency_reuse.py","13157","C062002780683D429561BAE5020E2D62FA214E94CD87363B8E49329CD9B0E8A6","git-visible"
"evaluation/model_comparison/sample_efficiency_rows.py","10406","2C033B3BD853E4723CBEF46B42F9C1C31599A004118553A1CD359512DDAEFB55","git-visible"
"evaluation/model_comparison/sample_efficiency_runner.py","13916","BB4BBD90AB803BC11AD8E383EE86C9C3B4CAD944558F8F34C3CD84E5AF6EE6C6","git-visible"
"evaluation/model_comparison/sample_efficiency_state.py","6324","7E2E464AA5F1CC18E961297A15FCDB06F93B8B6EFACD9FE1E4F34C8DF11B1F10","git-visible"
"evaluation/model_comparison/stability.py","6144","0E7DF993259E18DA538A6B77016B858DBBC082A54AA03275E0325C69DC3252EE","git-visible"
"evaluation/model_comparison/summary.py","6547","132F037A4C690A23919215B612BDC27E7B69DD05291A5FC6E286F0E6974DA689","git-visible"
"evaluation/model_comparison/training.py","5941","EE6C5560D835FB288CB560BA616A4AC55DF1B661985A0ACC64BA65F39629CF31","git-visible"
"evaluation/model_comparison/types.py","1057","2C4E1D3BF3F07266F794F20CEF6A6A114926EADFE4706F6FFFD27C1D56BE417B","git-visible"
"evaluation/parameter_audit.py","7424","16D79ECA65A3CD5BEDFEBA677AD79D43412A048587A50F068ED4F4D952C34D94","git-visible"
"evaluation/phase1_benchmark.py","6131","7B37D975C22523A4EC5E3A9108E994E45F87EF1A2640841EA3E0D475334D5025","git-visible"
"evaluation/phase1_data.py","9162","A3037E4AA56502A96123355ABC86055453B2FE4E9FE794B651CF04A55213511F","git-visible"
"evaluation/phase1_metrics.py","8645","CA6C149C85E81CFB7EED6D42666D2C39E5159FF9E18649B398E1CA6D9BC9A3AF","git-visible"
"evaluation/probe_likelihood.py","3254","853913601D7D810326BC172CDAEAF1971725B9F2FEE50DCF8E88A0720D2B4230","git-visible"
"evaluation/response_calibration.py","8235","5A9B8865E88793634FA84989030F5C09129D5BF94F032104D2294AB434FB6DE9","git-visible"
"evaluation/response_metrics.py","8954","B7EC8E13BAF88FEBD9F97BA161D2B99F87CA118D5AA948A7AD7C18AC12009CE2","git-visible"
"evaluation/response_pipeline.py","8867","CB9429EEE52740D73E617D65EAED7F4BA0D37D5803F6B7D784C3FCAF732A1B38","git-visible"
"evaluation/response_prediction.py","961","499F9D27DE71A72887E630E69B9F435F1AF2F2F57773DDA3B05B3D7C51A1128C","git-visible"
"evaluation/response_predictions.py","5149","64F899C10033797764370EA136EF201CFDE33DA19AE8D41823D2A7E7BD9C507B","git-visible"
"evaluation/response_report_schema.py","2037","FE6F130E21C71F45F5A6FE3706D510F213607F9C075495261869D2834872AFCF","git-visible"
"evaluation/response_reporting.py","10592","7D2D22494B9E3717879232CC3754C9EE0BAE8B7F775E95AC0C37C0BE403B2CAE","git-visible"
"evaluation/rf_artifacts.py","9304","28A7B37C7CBC3910F18290BF9B2B46FB3A1ACC4BBE833FCF96D0345191C480E5","git-visible"
"evaluation/rf_dynamic_compare.py","6035","E11EA02DBC762B7C06AB7E13A127E38D04BA0A618CDC236F0694477284555D9F","git-visible"
"evaluation/rf_dynamic_conditioning.py","1977","68C81EBDC250C7B54B4E5FCBC062A647F5EE22C26A32EC69CA7D74EA72AC83C9","git-visible"
"evaluation/rf_dynamic_metrics.py","6846","868EC1B676453E791627FC61DC8FEB97CCF580C42EE2C333BD98FD6DE442FE1F","git-visible"
"evaluation/rf_dynamic_recovery.py","8866","E5F87C0D8B9DC1D39060DBA99EE6738CF14EC5A18BDF9926AB84E8655C233028","git-visible"
"evaluation/rf_dynamic_result.py","2447","364608BD8294884BA42920923473C663642DCBB383ABFB0CCE553042E6297A61","git-visible"
"evaluation/rf_dynamic_teacher.py","9299","38E691D39AC93A9C4231D2AE3A015510218DE14ACFFB200688D193C84F576A97","git-visible"
"evaluation/rf_dynamic.py","8929","76157536CD59B4AB6EFB4CD0F5F579A580631DCA6F124BE0E4211CC2EAF6874E","git-visible"
"evaluation/rf_geometry_metrics.py","5301","FB8892033993B5DA81EFD0A98C9E6488212AF7937B30143AF505126889DD47A6","git-visible"
"evaluation/rf_history_contracts.py","2040","A91D28EA030D6A84D78188C949013E91912855380D6AEA4FA4BBC2D701D92B07","git-visible"
"evaluation/rf_history_pipeline.py","4476","53ED112B9501B04D1435047783B315CE29408716CA1A2D6CFD16E4D8AAF2669D","git-visible"
"evaluation/rf_static.py","4487","9E368B6CE0A050816E6D30519C11BA137C428B967E93821D15CC692F10E2F9DB","git-visible"
"evaluation/static_teacher_preflight.py","3747","D5CC49FDC68924DC0A27BE298BFBBE18D6A1779EFB5C8201A01D768B1027AE39","git-visible"
"evaluation/static_teacher.py","8136","7BE563D54A3C649C0755E453E792100BD386C8EA3C7234101633FAF29FCD53E9","git-visible"
"evaluation/target_gradient_comparison.py","6219","18EA9BEEE91FD63E44EBBA4BAA2384D491A444F07CAB5362B43D3086BC51589E","git-visible"
"evaluation/teacher_identifiability.py","7935","6015113874EAFFCA8147BED3DCF505BE741C3ADACEAF9F5F4C5BBD64500A87A2","git-visible"
"evaluation/teacher_self_fit_metrics.py","7709","28A44DE77DA6C1D0A46824C03765423AE06EF0DC66EAA779482244B2D94389C2","git-visible"
"evaluation/teacher_self_fit_model.py","3739","F971954727760FC955F58D46E03B61394A54262AE2756938D559BEB3860B8770","git-visible"
"evaluation/teacher_self_fit.py","8506","AB9D31CD9BEA639FE9B55F796C5F4253335EBC61B61E10B6A5BE9757DADE02CD","git-visible"
"evaluation/trial_power.py","7707","10D2E847118CAC486F63B36DC5646F0E758478693220F5B8C9FEE3FE2845CD83","git-visible"
"evaluation/type_gain_oracle.py","7298","EA6D43490A50F3038D5243C38AC8CD31CE411042CBE3EA242C403607A7D6C4F2","git-visible"
"evaluation/type_gain_reachability.py","6756","723C5F880945A5EA3F7B0278F0040ABC1E87F64BC5ECC591E242E27A44B7ECE1","git-visible"
"evaluation/type_prior_comparison_io.py","10653","01EF4280B5EB781E30CD58FCCDFFB662F65EABBE171E3B98FD254630AA482151","git-visible"
"evaluation/type_prior_comparison_stats.py","8548","7EA26E086408D244223E671C8EDF4E5502CB01B5758617D964AD31156204B07C","git-visible"
"evaluation/type_prior_comparison_types.py","2363","A876502215ADBD8F3D210E1CDB13FC6F18EBECB3EC14D0C837B6B4D4854B9D1D","git-visible"
"evaluation/type_prior_comparison.py","6733","EEE84A06B56F1427DDAD27507E33F5DCF0A35A280CC3B4FE7E984CD163671774","git-visible"
"evaluation/type_prior_value_stats.py","7747","1472C0793AEB75622A6EB8ACEAE13A354BB35584F7181F969AB79E2A1821D169","git-visible"
"evaluation/v3_watchdog.py","9423","D3793B6F6BFFFFD8EEB8E1FA10076CEFA2B357BA243FBF1665AA99BE7DD8C6E9","git-visible"
"evaluation/v4_group_endpoint.py","7732","BC0B397E1BE3AAC9FC4E08CB5A82C9607EAD24854223B8C9E0EF88073C3F6804","git-visible"
"evaluation/v4_group_scoring.py","4665","16CDBBCA8D9282FB817BEE66DC5DFEBE65D9A79A92E6B037E4092C28C593F745","git-visible"
"evaluation/v4_identity_endpoint.py","6655","CE4A913A0F7F8D81009FA4AAA477018C97E63D9A88EFF5274961CB2276125F5E","git-visible"
"external/isetbio_pipeline/__init__.py","72","CCF560DB75D7354BD025019FB5B2B11157E97301BFFC78FDF88B97733398FA34","git-visible"
"external/isetbio_pipeline/cone_response_io.py","436","DEDDFD98F67D096C25265284F4E654E11AE4F872A061391552FC0C77D030D1B4","git-visible"
"external/isetbio_pipeline/matlab/export_cone_response.m","9706","63ABA53682F495E21AB4CE6E389934925C3694C579CD61A4169C4C9A6313740D","git-visible"
"external/isetbio_pipeline/matlab/padarray.m","1297","229876C380AE61966DCB70AA76CC43D5C3C566650F0E92AE9D5FB5D167CEE15D","git-visible"
"external/isetbio_pipeline/matlab/pdist2.m","1073","44D29D5778B57F28ABBE4432C5D93973E40228CC1947959A8B9092855290FC61","git-visible"
"external/isetbio_pipeline/matlab/setup_isetbio_paths.m","1086","F58C55FA30E35F235802BFEBDFEBF0E4CA12EF3AA4FC2A9D687C50F0C05ECFBF","git-visible"
"external/isetbio_pipeline/README.md","2056","7F9425134F09D9E729AFA99064908502D7EEE6881E52C7C2FC54E53BBC48DE62","git-visible"
"external/isetbio_pipeline/run_export.py","2197","7C05969385460023CCF1C435317BCAF92D56FBBB19310EB7D5A4797406B9F51B","git-visible"
"figures/retina_signal_flow/__init__.py","0","E3B0C44298FC1C149AFBF4C8996FB92427AE41E4649B934CA495991B7852B855","git-visible"
"figures/retina_signal_flow/content.py","3386","0AB27B189D7DEEDAD8313A27B74B75B79041CE33AA289B42FA3B4A697D1AA56F","git-visible"
"figures/retina_signal_flow/drawing.py","7593","C8D2BA12AFE7FAA0E933ACCEB1B66B13AA425C720E48FD44CC73A5B8C3191E2E","git-visible"
"figures/retina_signal_flow/footer.py","1356","A21BF24D932D5E126E727E472AD78D28D2E58D09352FFBC9A0CE1C0B53986C80","git-visible"
"figures/retina_signal_flow/generate_evidence_flows.py","8240","79CA708EDAFC60BF2189D518893FF625855F7C08132AB0E0D087AF6B623E57C8","git-visible"
"figures/retina_signal_flow/generate_retina_signal_flow.py","11766","08B213531E22D74A1D37861FE7BB0CCDF783D4A6A10E7C60A98EE92DB3DDDCB2","git-visible"
"figures/retina_signal_flow/generate_training_evaluation_flow.py","6311","63CFE150589538C58EDD9D41EBA7FC88E2326FCB5D9CF254329D3C11728D79FD","git-visible"
"figures/retina_signal_flow/output/retina_signal_flow_evidence_human.pdf","72985","584016FB1294D649CF6A779737DACC243F17B7B424EDD60759A229D5B417C264","git-visible"
"figures/retina_signal_flow/output/retina_signal_flow_evidence_human.png","543005","9EE5F8921C8A45C6C927287C69F8BBF9B704C2663A5FC80D7C2B36D9BC800EEF","git-visible"
"figures/retina_signal_flow/output/retina_signal_flow_evidence_human.svg","70658","8C183FADD3F77EA92A87526893F84F0EBB07DCA5D08F15ECFA6A3A720F676AF6","git-visible"
"figures/retina_signal_flow/output/retina_signal_flow_evidence_macaque.pdf","73877","846D3A5D382FA84AD408E1533B3469068C2B71B1DBEF4FDFA26AD63468C9ACFE","git-visible"
"figures/retina_signal_flow/output/retina_signal_flow_evidence_macaque.png","549853","1665C53622BDDEF2709796E16B66EA5F16F387B2FF9B93E1B456EBEE430B9000","git-visible"
"figures/retina_signal_flow/output/retina_signal_flow_evidence_macaque.svg","71427","23B6867B42DB4ADCA8DC6F6C3968FE98E7D67C499EBDD92C50CE3D89D8E58BB0","git-visible"
"figures/retina_signal_flow/output/retina_signal_flow.pdf","70362","5B70492BA6D52FD0349F7E7BEA4F6F04ABC37375720BB6E5803BF8A573258ADF","git-visible"
"figures/retina_signal_flow/output/retina_signal_flow.png","496095","741FC6ECE79A0B2247F8A935E6C1172196549FDA4D34DB5D6757DC3A34289561","git-visible"
"figures/retina_signal_flow/output/retina_signal_flow.svg","57510","C604BC278CD958B636A0431D1B19609F6FF734DC99D47FF38C77634D7C1752F9","git-visible"
"figures/retina_signal_flow/output/retina_snn_training_evaluation_flow.pdf","15598","BB07EDFA7630FE11482D3D604FCE586AE851072A35931225068AB0BF3949A78C","git-visible"
"figures/retina_signal_flow/output/retina_snn_training_evaluation_flow.png","232873","22AA50BBD5993114BB7E82EF13CBB98B38B5F5E8711C1F183CED769CC58CF649","git-visible"
"figures/retina_signal_flow/output/retina_snn_training_evaluation_flow.svg","16181","279E39DC897C354487D818291AAAF4C035CF27AC3C2512B6B8D085B4D44DDC32","git-visible"
"loss/__init__.py","0","E3B0C44298FC1C149AFBF4C8996FB92427AE41E4649B934CA495991B7852B855","git-visible"
"loss/rgc_response.py","2524","13327CB7A9515DD8AAB9BDC754F1C9E4008BE1BB43F6B7967746213AF118EEA0","git-visible"
"models/__init__.py","0","E3B0C44298FC1C149AFBF4C8996FB92427AE41E4649B934CA495991B7852B855","git-visible"
"models/cells/__init__.py","0","E3B0C44298FC1C149AFBF4C8996FB92427AE41E4649B934CA495991B7852B855","git-visible"
"models/cells/amacrine_types.py","3485","530DEA4B1688113314A2334AFFEDD4901AC6417BDAD5563BFDCA104A8EF05472","git-visible"
"models/cells/amacrine.py","7219","EC099953EA204A8E7A125419D2524FE3ABA531DFFCA32F7489B59593BEF753A7","git-visible"
"models/cells/bipolar_nonlinearity.py","1061","9AEE8D6E857573865764F8479CC7CC7A56B0B6DCE2B76D7AB69452357D72BF37","git-visible"
"models/cells/bipolar_types.py","6009","0B64ABE54DED730D1818E6BD31A46A1A6A6D1A774B317330B010387AA499EA22","git-visible"
"models/cells/bipolar.py","9654","C5334C8B71F3F27FD9C715EA6E26B164F64757A75B53A3C7E388F32622FB6EDE","git-visible"
"models/cells/horizontal.py","11609","EE74C1E6839A6FF344DEB9BB292B71970D67005BA93F2BD6D4DEFA607B30F0F2","git-visible"
"models/cells/parameter_sharing.py","6686","DD9A0A8C891CDEF486EE9D6A1848A011CE131D7A484F964386835EE367333C7E","git-visible"
"models/cells/temporal.py","3066","25A8A174D3DBB2F080D97BFBAAD2BC2FA6E2310B8A462F05668D82BA014B8ED5","git-visible"
"models/cells/typed_rgc.py","19389","5EE8E345395D309BE22A8F17B92063122C50AB424D7892D4EACACB1A48B52245","git-visible"
"models/mechanistic_retina/__init__.py","409","4F0B9E668C2DDC3C9BAE13553AEC50A52A133401DB6E9B2F2A2127F085882390","git-visible"
"models/mechanistic_retina/amacrine_pathways.py","3754","DC8C3CE543B4AF2412F53A57FBCC60785433DE7A61D7E169E1094D1D7E247631","git-visible"
"models/mechanistic_retina/bipolar_subunits.py","9241","C14CFF98435E3D5401AC5307FE4AF080D04A7321F572ADEFCFDD1B04305751E5","git-visible"
"models/mechanistic_retina/canonical_contract.py","918","344E87EC2544AC49C12EF704A20FC428C7A5F308F1F9BAACFCD425B62AEE1EBB","git-visible"
"models/mechanistic_retina/causal_contract.py","1254","0AACEE1E4B98F144F082D87EB77ABE03912CB086CCA6DD2D86802DD49BCEB726","git-visible"
"models/mechanistic_retina/cell_specific_gains.py","3757","72FE52688E5C04211A711A720F443E361FC4E59F25D9CA4F25735F39CBBE01DB","git-visible"
"models/mechanistic_retina/contracts.py","9627","3050E2EFA26490A0D6AC36564D184DFE3D7AC99F9B5280ED912E33A7BD4EE843","git-visible"
"models/mechanistic_retina/delay_parameters.py","950","083816A26AA1D94D620B2460D6E1C7EFD0B04E5825AA01775272D2BF5BD37C02","git-visible"
"models/mechanistic_retina/graph.py","2309","D647C5D042383772A675F5A9B59120BD5C783D931C92523578811634270153BD","git-visible"
"models/mechanistic_retina/h1_pathway.py","3046","DAB8E1A687C3EC9CED59E29EE0B1FFB49D93BD2D7732049EB06C265A4321D156","git-visible"
"models/mechanistic_retina/model.py","9405","040B631F93AFF307D06F5D354D971EA9E9D00BF1EB5595A0ECBA1C2BE76828EF","git-visible"
"models/mechanistic_retina/neural_operators.py","1329","13B63E667CDDB54F17B0B0D1F1906180D71155FA7CDFFD26FDFFC81E0B86EFEF","git-visible"
"models/mechanistic_retina/pathway_gates.py","4203","14C38959E47205546E029A2BA0FA826FD5CDE45D467834AE66597A0EE9476C11","git-visible"
"models/mechanistic_retina/pathway_rf.py","3152","211D3FDAAE9F5C0FAB17F2332098948BBD2A7C6A0D22CC46E1FAE17CA4DBA521","git-visible"
"models/mechanistic_retina/pathway_spatial_geometry.py","2475","DBD9C432668F6194CFC333778CFA178A2D2332230E9B4E11C571DC9E31ED9708","git-visible"
"models/mechanistic_retina/pathway_temporal.py","996","BD0096ACC4138E26953CADE22D347C13AD0D4F3807CECA5F0E4A30EBC695A265","git-visible"
"models/mechanistic_retina/phase1_run_contract.py","1498","939474D43BF05DD85D4DD152B48ABD636A686A489DF8ECB1749C75491A972E3A","git-visible"
"models/mechanistic_retina/rgc_state.py","2977","859D29F65D2DF0A8785FA8087F873404ABA0F15585441D1DB251E69FEE8D7540","git-visible"
"models/mechanistic_retina/shared_subunits.py","5036","78A9D7AF1C572851953BD8917F94E3149FA8823B33363FA04B903A575B25004D","git-visible"
"models/mechanistic_retina/spatial_contract.py","3274","718923E8112175A2469460FB41D23CE974437A88670DB00EF75263DAF41A1A11","git-visible"
"models/mechanistic_retina/state.py","3507","FB20576FA7C277DEB01261D0AD7F743211A7AAB2643986D8BFFD2BA47B3E486B","git-visible"
"models/mechanistic_retina/support_partition.py","2366","E049DE5E3AB44F5089936EAA94904EA2B27EF43D043169C4D6BADDAAFACC36B4","git-visible"
"models/mechanistic_retina/temporal_parameters.py","4488","3230165B0C7A86C340E76467B4BC2EB965ADD94B20F8832B5E99D6D973BF3505","git-visible"
"models/response_snn.py","7455","6B45F221363D2E2A0FD35A50FEA8F3509DD55EF2B4B44CE55C9D35B37CEBDD06","git-visible"
"output/architecture_conformance_20260831/capture_observations.py","1766","C494E5B5AF7F180661C50CBC463D1414CDD0F04322AF364401104FC6F96EFBCC","git-visible"
"output/architecture_conformance_20260831/capture_run_results.json","17030","DD4D63483400635C2A136BA47175E6C0F1CF1AB5DC4C6AB24DA03E643E76956D","git-visible"
"output/architecture_conformance_20260831/captured_tensors.npz","928074","C9F0A3439D999B2EABF32FBE874732689AFB4E89400C95C1414EBBC3FE50ADC5","git-visible"
"output/architecture_conformance_20260831/FINAL_ARTIFACT_MANIFEST.json","4110","A639EE5AE5C7E18995E759BD5106A8C9F9180FFF03F03037958086D17CEAA11F","git-visible"
"output/architecture_conformance_20260831/GOAL_ALIGNMENT.md","5543","400EE86FE7CA845F94CAE661751523B515C2924C0E937591920C6658AF7C1192","git-visible"
"output/architecture_conformance_20260831/identity_edges_probe.py","5737","988F8F1249F573C97C582E5B4D543681AB298347A2D1943FD556E5D23C3C39A5","git-visible"
"output/architecture_conformance_20260831/identity_edges_results.json","4216","7FC427204E8F13E572FB43BA320AF2556EA785AD04E9C61C9A00C2870EB7AE16","git-visible"
"output/architecture_conformance_20260831/illusion_literature.md","5024","FAD33FFAECF9AA89F5E1C9ABFB7BF8477B3446CE9E5303FE398BEF2374E5FF40","git-visible"
"output/architecture_conformance_20260831/legacy/legacy_in_memory_probe.sh","3793","0326AB9A7D68B39A7B01F117C9D2193200DB488C1120F6DFB35E1351CCF08EC6","git-visible"
"output/architecture_conformance_20260831/legacy/legacy_in_memory_stdout.json","1026","5C819B99DF126CF62A25C0E9E00628FF85807D31EDEC44021135052E765C307C","git-visible"
"output/architecture_conformance_20260831/legacy/ownership_legacy_source_memo.md","11743","D93E3996A8A51937B1D063A2939454DC2FAF3E13C58C7FBAEFF447B6F6D412EC","git-visible"
"output/architecture_conformance_20260831/physiology.md","5455","849CCDCB8D6339655748A74AB4A7F36692EFBDCE5CC9CBA294AF9C6C0EB4AA77","git-visible"
"output/architecture_conformance_20260831/REPORT.md","21404","9CC93CD56FAF8BAF0D6B5088574AE7BA14732CE84EFEF9EFB5B51EF198C0771C","git-visible"
"output/architecture_conformance_20260831/rf/artifact_manifest.json","1270","5842C72CCB507052E388214F3518975A3748729D1E20F0280C15EBA90260FD78","git-visible"
"output/architecture_conformance_20260831/rf/basis_observed.json","2662","B7A3FF22CEEEB867D88CCFCCB9CE5D9A7F5006E396D5BD6BF25CD5DBF27A9184","git-visible"
"output/architecture_conformance_20260831/rf/basis_probe.py","3579","6FB4DDBB1CD186AB7A1052B5A174F71EEC74F311E4A4ABA0BF1AB32CD2F38F11","git-visible"
"output/architecture_conformance_20260831/rf/basis_raw_result.json","2407","DB238AB62F819E99D400A962319F4DF8990D22ED371CF515F7326328CA2407DC","git-visible"
"output/architecture_conformance_20260831/rf/basis_tool_event.json","6588","D93F049B8B884B520C8BA7C38931CB014C9114FAED0E088283F58E773AC0A070","git-visible"
"output/architecture_conformance_20260831/rf/initial_state_sha256_by_key.json","4751","88F68928EA63832C1C33202115A472D7D065E318ABFC352AF79FDEAE5C3E53CF","git-visible"
"output/architecture_conformance_20260831/rf/primary_observed.json","33967","52FF3877398F91698B2F60DC2673F9B7899D10BCB140D51DB05BB76E84E211E3","git-visible"
"output/architecture_conformance_20260831/rf/primary_probe.py","8181","650DC8EDA9D831A230F71AA0AA37F2408663551D244E42691EC344B6F4BCF9C1","git-visible"
"output/architecture_conformance_20260831/rf/primary_raw_result.json","28041","714D27C0C2EC46AAAA138D1DA1E3E2F79C0C26E26412F1818AF28A9C9E58D7F9","git-visible"
"output/architecture_conformance_20260831/rf/primary_tool_event.json","36819","DC8E354706D69A2F590967BE186F930AF70144E4585A7A89C8C44CC24126F53F","git-visible"
"output/architecture_conformance_20260831/rf/RF_AUDIT_MEMO.md","5402","DC1F4A405B6B6EE0E53B1003984C416B73A1A61B676930DBFC479E774BD79070","git-visible"
"output/architecture_conformance_20260831/rf/source_hashes.json","3140","30C53F4A947A58368220E00B1E0E01B58AAF10447011DEE128B6FAC67D84DDBF","git-visible"
"output/architecture_conformance_20260831/runtime_probe.py","6168","2CE8066D7388B12A711A97EC2817FA5A3A46A8F505F73C99CF11420D890DADBA","git-visible"
"output/architecture_conformance_20260831/runtime_results.json","16358","D9F4DB89426693636867B0C0FC00FC12B95AE300C3FCD1D9D788EDCBEF22A5F0","git-visible"
"output/architecture_conformance_20260831/source_manifest.json","18052","D0AD2DF600D28AE32A127F1FFFDDD2BB72578F91D798741289B0E837CB647855","git-visible"
"output/architecture_conformance_20260831/spatial_dead_parameters_probe.py","2636","5EE216810F5E1F2F70889CF449EFE825D4EAE0AFD2F8764FCF840D91325E0918","git-visible"
"output/architecture_conformance_20260831/spatial_dead_parameters_results.json","1081","3658DFDF9E5C9B7BAE852DC9A91D6566C3B3BB2477D50BA35895084C7061EFC4","git-visible"
"output/audits/canonical_shared_bc_causal_contract_20260830/verification.json","11713","27F77C33DA7E8297A575B551E754E8BDBA701D544F32FA7DA3486F6EA22D7337","git-visible"
"output/audits/canonical_v1_correctness_patch_20260831/circuit_after.xml","8268","90E7651228F414039BABBF2090D88A3EEE7B06B757C614922BC7FE92305A3872","git-visible"
"output/audits/canonical_v1_correctness_patch_20260831/correctness_patch.diff","33752","B190AD7E68BB041A2789979DE64DD2AAA149EB7E9D5438CAE0C45E80F58F24B1","git-visible"
"output/audits/canonical_v1_correctness_patch_20260831/entry/artifact_manifest.json","781","0E4C27338BEC2446C3021D4C6F5600D02D54CAC288F3701FF957698B63EC367D","git-visible"
"output/audits/canonical_v1_correctness_patch_20260831/entry/checkpoint_config_identity.json","5799","9826170455C5E22AFB238A289BE59CCA5B70DFA941E23D87E0BAC1F70E56909A","git-visible"
"output/audits/canonical_v1_correctness_patch_20260831/entry/geometry_load_red_tool_result.json","3476","A79CC2E1DAF393959B5CA02423D23D6F87D056016A5108D82246602B403ADE77","git-visible"
"output/audits/canonical_v1_correctness_patch_20260831/entry/green_tool_result.json","292","5731A3D91334BE7B92BDECA6888F7884A627DBD965962D49D493B39A31BB7D69","git-visible"
"output/audits/canonical_v1_correctness_patch_20260831/entry/intermediate_green_tool_result.json","292","9EBF3015417AA83ABBF5BB19A607FD5DCC32D40EFAE4136255549E71D321931A","git-visible"
"output/audits/canonical_v1_correctness_patch_20260831/entry/red_reference.json","980","7BEA254BC811E0387F0662B67FB81DBB3683D6F94F372C37E5F83F62CA1EA20D","git-visible"
"output/audits/canonical_v1_correctness_patch_20260831/entry/REPORT.md","4609","3468B813BDF2F5C5C1AC7A29606EB1ACD8ED11B42B8BCFD4BB9BFACBFB7CA940","git-visible"
"output/audits/canonical_v1_correctness_patch_20260831/entry/review.json","670","46CB04A3318FFEB3F398998271A185E1E0FA2780EA760180992243B46C09DAD8","git-visible"
"output/audits/canonical_v1_correctness_patch_20260831/entry/source_checks.json","1289","58A277D88F0784A4C704C27ED27012C22F2AFCC292C72D246A99F1D773A4EBC4","git-visible"
"output/audits/canonical_v1_correctness_patch_20260831/existing_before.xml","7050","BF6C4400CB14806C88E885C5340B9FC489D5B28F9E17BE99FBE2E9E019D4DD4F","git-visible"
"output/audits/canonical_v1_correctness_patch_20260831/FINAL_MANIFEST.json","34590","F8D2476EB2A33030B5B7485340449B200E9A6CCEC91DE49A892D2F9927F34495","git-visible"
"output/audits/canonical_v1_correctness_patch_20260831/FINAL_VERIFICATION.json","922","36223D20BBC4E0ECF731E2F559BB10D7D11B1B3B5D2B1675DCAA36FB68EAAF02","git-visible"
"output/audits/canonical_v1_correctness_patch_20260831/lineage/artifact_manifest.json","9886","354141A33023AA9FD3E43357DCC1276BE1741366B1E127D3DE7A116D3D361960","git-visible"
"output/audits/canonical_v1_correctness_patch_20260831/lineage/candidate/67_14.json","48740","3DFBC022B7085A847A8AA864D34C96F30AC403D8FA7EA2AA63E14989C30B7C3F","git-visible"
"output/audits/canonical_v1_correctness_patch_20260831/lineage/candidate/67_21.json","48739","158AAEFC7662DDF09A8760358BD07509B1200254BD7B1DC4B22A4AB23E43978A","git-visible"
"output/audits/canonical_v1_correctness_patch_20260831/lineage/candidate/67_26.json","48740","DDE9700763C475B0A8FF65A1FBC721395C1F0508AE92687C9B60D4957C7832CE","git-visible"
"output/audits/canonical_v1_correctness_patch_20260831/lineage/candidate/67_33.json","48740","46F960278EE5C76ED8B0C3A4B3BF7F6D5E09657FC84C0B1F61C7DC073FAD6E5A","git-visible"
"output/audits/canonical_v1_correctness_patch_20260831/lineage/candidate/67_34.json","48740","46E2FB2C737B6CC6A12A89267771BB141E9E7FC392F49D8A48585733E03DFE78","git-visible"
"output/audits/canonical_v1_correctness_patch_20260831/lineage/candidate/67_4.json","48737","64CDEF78C9A2E1A05A98D385F687033FE146E3F4612DA8982C50A471863B4E35","git-visible"
"output/audits/canonical_v1_correctness_patch_20260831/lineage/candidate/67_6.json","48738","C4FAC10964AF8992663157E8032A6CB848D9B46B53908395A5FDFBF2EBA2336A","git-visible"
"output/audits/canonical_v1_correctness_patch_20260831/lineage/candidate/67_7.json","48738","BB9124306D96AFDD5B1AF1DCAD414EDB0E04BAD28D7F1A973BC6E0C368859DCC","git-visible"
"output/audits/canonical_v1_correctness_patch_20260831/lineage/candidate/68_10.json","48739","C4CA2D4F3055791E6C276369ED6EFE7E3CF24D70369F218E725D61869CA59B77","git-visible"
"output/audits/canonical_v1_correctness_patch_20260831/lineage/candidate/68_11.json","48738","EC2936C36CC2172C9C1B762000A3D4305AA997C1ED7F7E7EA84D20BD80F7CEFB","git-visible"
"output/audits/canonical_v1_correctness_patch_20260831/lineage/candidate/68_3.json","48738","DA6060F0843CE8833155A38D40E4CB7D3BB7F02EC13435E97EE5B400C6F0DB45","git-visible"
"output/audits/canonical_v1_correctness_patch_20260831/lineage/candidate/68_4.json","48739","E72F3BE1CB5D06A3CE8E04A14B9F51E31E8110A4B8FF81F571FB28385DB210AD","git-visible"
"output/audits/canonical_v1_correctness_patch_20260831/lineage/candidate/68_7.json","48739","389FE411D6B2C5D4B2467E90B9E330E5262AD18320D4C2BE07D25E42A4125111","git-visible"
"output/audits/canonical_v1_correctness_patch_20260831/lineage/candidate/69_21.json","48741","AF92ACB4E15AB955D3B6709534D9A98B23075DB4C2243A20DF45ACB36A6AFE9B","git-visible"
"output/audits/canonical_v1_correctness_patch_20260831/lineage/candidate/69_3.json","48738","2851111A3233074F7736C51708E941BFFF5ACA844EEE75674E9D7CF6DA349BA5","git-visible"
"output/audits/canonical_v1_correctness_patch_20260831/lineage/candidate/69_4.json","48739","8B8F5E291A54896007AB159DDDB0DC6513754CB16393E3E767B3EBF32E70E48C","git-visible"
"output/audits/canonical_v1_correctness_patch_20260831/lineage/candidate/69_6.json","48739","639893E6BEC0F1E981390B577F621019178D8267F8A4274426B8BCCA8B2DF594","git-visible"
"output/audits/canonical_v1_correctness_patch_20260831/lineage/candidate/69_7.json","48739","0FA452153950A4F8DDAF629C36BA48EC7FC02DB07EECBA535726B98882BEA12F","git-visible"
"output/audits/canonical_v1_correctness_patch_20260831/lineage/candidate/70_1.json","48738","321D52FA298B304AFA305C4FFE605B7746BD3AFCDD7E34B30E11643DD5EEA30E","git-visible"
"output/audits/canonical_v1_correctness_patch_20260831/lineage/candidate/70_15.json","48741","D6414B939B555FA24B718D9672A0686A5207E9B6B645046112948FB8F05498EE","git-visible"
"output/audits/canonical_v1_correctness_patch_20260831/lineage/candidate/70_34.json","48741","0A7806E0BD825DC56DE363F9CACCAEA8951C0819D230FE85C9F12A34DD405009","git-visible"
"output/audits/canonical_v1_correctness_patch_20260831/lineage/candidate/70_7.json","48739","44960626941C4B42D5AEEF727835C9FB6B342381E0D86EC37D1EFC3D8E5EA081","git-visible"
"output/audits/canonical_v1_correctness_patch_20260831/lineage/candidate/integrity_0_11.json","17465","08E0AD3E8153339A04077E50B88484707B702950BEF60115D8762353237725B4","git-visible"
"output/audits/canonical_v1_correctness_patch_20260831/lineage/candidate/integrity_11_22.json","17461","E3057CFF38D4ADF44CB95167AE03E029FD44DCEF7F59411AFC6D2437CC3D380B","git-visible"
"output/audits/canonical_v1_correctness_patch_20260831/lineage/capture_reference_trainability.py","3423","549CC033558D64ECB5D6BA1502AEE270F0C01EA214764A5B8D46AD92AE2D0BA0","git-visible"
"output/audits/canonical_v1_correctness_patch_20260831/lineage/compare_lineage.py","10790","1C6AAFB4621E0E2A28E293683557EBB121505BCFD7AF2A683557BDE64A3ECCD0","git-visible"
"output/audits/canonical_v1_correctness_patch_20260831/lineage/README.md","3939","8C6BFCC158779060E04FB70F97992A9F52D61A453BECBF75CDC397FB6202D4E1","git-visible"
"output/audits/canonical_v1_correctness_patch_20260831/lineage/reference_manifest.json","8678","55B9D505905B5B398EF215F9D0C5EB8F894031BE8DC09EB83A01DA23704A646C","git-visible"
"output/audits/canonical_v1_correctness_patch_20260831/lineage/reference_trainability.json","20048","B84E6E07E4719BDBA8415BB4E6A642B9D330118DF0618B0BE7E32AFF88BC8CD0","git-visible"
"output/audits/canonical_v1_correctness_patch_20260831/lineage/reference/67_14.json","31290","2DF5ADEBE734E2DFFA112FF51D28F810CD06CE79919F55C6C7135518BA1138DC","git-visible"
"output/audits/canonical_v1_correctness_patch_20260831/lineage/reference/67_21.json","31290","A401338AB1AE2E3B920A3890B3F5D1D2193D095290D1F9A2CFB7235025902625","git-visible"
"output/audits/canonical_v1_correctness_patch_20260831/lineage/reference/67_26.json","31290","ECEDE8F80742BC06B89340898133DCD566BFE248864EFA4B8CA9FB8D8AB603F0","git-visible"
"output/audits/canonical_v1_correctness_patch_20260831/lineage/reference/67_33.json","31289","EE0593D6754AECE8E9F1D1C0743F47E448997D8F766F4DA10091D26F6F7AFDE9","git-visible"
"output/audits/canonical_v1_correctness_patch_20260831/lineage/reference/67_34.json","31289","5E812D6C14093BDC78397C1A174BE08F13EE1119C9C7536DA5B6DD06DF92C357","git-visible"
"output/audits/canonical_v1_correctness_patch_20260831/lineage/reference/67_4.json","31288","D993042F7AB1A9894DA78670E9358EA7EECABCB30D4663797CC9C2D09DC00639","git-visible"
"output/audits/canonical_v1_correctness_patch_20260831/lineage/reference/67_6.json","31287","C68D6782EFAF3626575A55A8164F6D97EA6BF1A4B9ACF5558306FA162DFD31AD","git-visible"
"output/audits/canonical_v1_correctness_patch_20260831/lineage/reference/67_7.json","31288","21F8496E7F1717170C1E0A745972AA70F712CD544494CEFB0BB4E273DE5096F1","git-visible"
"output/audits/canonical_v1_correctness_patch_20260831/lineage/reference/68_10.json","31290","9884FC85C534FE6DDB9873E7030F9BB5C17B1853FAD7178C38AAC4D783314B68","git-visible"
"output/audits/canonical_v1_correctness_patch_20260831/lineage/reference/68_11.json","31289","7D86F2F1AB61ED64DD2282488EF13612141F3B49E6FDFAF6886EDAE05E26DE79","git-visible"
"output/audits/canonical_v1_correctness_patch_20260831/lineage/reference/68_3.json","31287","68AD7A747AE45B6CC41E25FA39404AF8D4C0FC87AA8BE86CD7F312B11A76A016","git-visible"
"output/audits/canonical_v1_correctness_patch_20260831/lineage/reference/68_4.json","31288","4515D1909A25794757D0A7D3C8A6D397BD7174CC96B8EF2F585E0BE672D7F037","git-visible"
"output/audits/canonical_v1_correctness_patch_20260831/lineage/reference/68_7.json","31288","5EEE5C1AA6E6AE0523F7F83B1412979D6EFAF23E37DDE4293C6BC0A8D7B32EDC","git-visible"
"output/audits/canonical_v1_correctness_patch_20260831/lineage/reference/69_21.json","31290","27A672B2A4E849FB9F63809D2FC289C610E36D158BD6E775703448287A32DB4D","git-visible"
"output/audits/canonical_v1_correctness_patch_20260831/lineage/reference/69_3.json","31289","DAF2763EECC6200520024A296C00309BEE9CD5ED67FBA3187DCE556BDDC3B8AA","git-visible"
"output/audits/canonical_v1_correctness_patch_20260831/lineage/reference/69_4.json","31289","A3962D8B5E5E7FC37C0F390129D7E53A777179EE03F0229A0BFAFE760B14FDE1","git-visible"
"output/audits/canonical_v1_correctness_patch_20260831/lineage/reference/69_6.json","31288","33E7FDA340FAF73C96FE2F978B4094D27F98DFE2F37EA85C9580F0FF95801A5D","git-visible"
"output/audits/canonical_v1_correctness_patch_20260831/lineage/reference/69_7.json","31289","43E88E1854F4D925C3F8E87EA96B4ADF0A343E49346E7606B047AA224151197B","git-visible"
"output/audits/canonical_v1_correctness_patch_20260831/lineage/reference/70_1.json","31289","FDF96341887EAC8B7FAAB7CC1B18DA0CCF95AFC632F247D12555AA425B672CF2","git-visible"
"output/audits/canonical_v1_correctness_patch_20260831/lineage/reference/70_15.json","31290","AB8C46A525E372129155209063E3593381EE4D6A2A0E742A234554D82108A7E2","git-visible"
"output/audits/canonical_v1_correctness_patch_20260831/lineage/reference/70_34.json","31291","032D445A68C6BA2EE6935A2AE6793B798E8B02D518BAB1F131A19AACFBFE12B1","git-visible"
"output/audits/canonical_v1_correctness_patch_20260831/lineage/reference/70_7.json","31289","E13CC5ECBE9556A6931FD7E29E07AE18EFEB6DB7DBD11009EF31DD9E71F849F2","git-visible"
"output/audits/canonical_v1_correctness_patch_20260831/lineage/reference/integrity_0_1.json","17077","5EBFFC143D4E86DB2CF022AFDFD74DE39164C7F69C567616FEB1EA65FD96E761","git-visible"
"output/audits/canonical_v1_correctness_patch_20260831/lineage/reference/integrity_1_22.json","17345","A20DBA4D026B795A733E87AF874FF2D8DCDBA123ECF07543F4208CC9A562A952","git-visible"
"output/audits/canonical_v1_correctness_patch_20260831/lineage/summarize_lineage.py","6827","DBD0B44FA64C010212CC4CBBA2B4A5729B52C01BD42E03995659551DF9BFA00D","git-visible"
"output/audits/canonical_v1_correctness_patch_20260831/lineage/SUMMARY.json","9274","6797CA6EEC7F91BDDFDB08D326B458D86FC39A7D4E30957D8307B6EAA5E58703","git-visible"
"output/audits/canonical_v1_correctness_patch_20260831/mixing_edge_order_red.txt","2657","20DC22FC9C7C465949D4C75D7AC953D07451505F37E6B38B8D68749A3CF099E8","git-visible"
"output/audits/canonical_v1_correctness_patch_20260831/mixing_green.txt","100","11952EBEAE7D334172E393F833AF330FD99B3A6394CE6158383C591DC56BC3AF","git-visible"
"output/audits/canonical_v1_correctness_patch_20260831/mixing_parameter_counts.json","2512","82E5571216A532760D49C0834944B24BBA60C84D7C01D64F6213425D905318EE","git-visible"
"output/audits/canonical_v1_correctness_patch_20260831/mixing_parameter_probe.py","4463","E8C71BFE3F58CFCF47B12945F20FF195DF229A454E5D593A742F6D0A89290525","git-visible"
"output/audits/canonical_v1_correctness_patch_20260831/mixing_red.txt","14357","267575FC61059089A163D39DE0737A8397FCCFC123FF32A2726FF20311B69E8C","git-visible"
"output/audits/canonical_v1_correctness_patch_20260831/original_runtime_after.json","16881","0A53BEE001ACAF4E18D83937FE4EC339724A428889F0F5A34A5B851AAB17B3DB","git-visible"
"output/audits/canonical_v1_correctness_patch_20260831/PATCH_PROTOCOL.md","3187","1C86724472D14C2C0CD39C8D4CF780D74E20FEC2EA5BD48ABF6061E714291E4D","git-visible"
"output/audits/canonical_v1_correctness_patch_20260831/patched_source_manifest.json","1333","5644F12C8C34146B62878E05A26E93C9EC8B11BA0A2C39AFCC90FBB54527F74A","git-visible"
"output/audits/canonical_v1_correctness_patch_20260831/regression_final.xml","15480","7DA0356BC9D37EFD7EAFE01545D5CA4708DB970EF831711AC27669999B7AA4FF","git-visible"
"output/audits/canonical_v1_correctness_patch_20260831/REPORT.md","11237","21E3D3F0EA659DD6F42A97653EEB65136DAFACAF2A17D3BCF65B0C324E846982","git-visible"
"output/audits/canonical_v1_correctness_patch_20260831/review_code.md","5051","0DEC6E8BC5C0B3D6928DEE5A2E0C2722F71DE94EA1CFE0533101E089880B8629","git-visible"
"output/audits/canonical_v1_correctness_patch_20260831/review_context.md","7562","44CE44DD73E547A5D9320D2746B7E6CBCEF4F489186F9B794C924C0D3C81E5FB","git-visible"
"output/audits/canonical_v1_correctness_patch_20260831/review_goal.md","4731","9F69A172DF7BC09D2F0F7CFED01544EA053B018BC9C200106F4F06FE13399B19","git-visible"
"output/audits/canonical_v1_correctness_patch_20260831/review_qa_pytest.xml","9655","E8052FE4C4C96E7D43D3E683845D621FB10634395FF0789776BBAFEBB481D09E","git-visible"
"output/audits/canonical_v1_correctness_patch_20260831/review_qa_test_hashes.json","464","31442F8B326C01A93968BA4C166993C158C023254C60759FFD6CA6C8F5481978","git-visible"
"output/audits/canonical_v1_correctness_patch_20260831/review_qa.md","5837","5C518BEFB5135D03BB1C0B6E084DA1B06FB1CCF759CA7928208C333AE4FB6409","git-visible"
"output/audits/canonical_v1_correctness_patch_20260831/review_security.md","4075","DD4C551855D3150FDEC9A1788F521D9ECE196716B030A74B49D9F607B899DF88","git-visible"
"output/audits/canonical_v1_correctness_patch_20260831/source_before_manifest.json","18718","8BBE84210A01FAB0C9BE5B19C29AF88EEB4681C329B680AF5C203091129DC313","git-visible"
"output/audits/canonical_v1_correctness_patch_20260831/source_before/evaluation/mechanistic_retina/__init__.py","638","660658D557324B80B48B1816615E34B7CACC52B0A7F6E885A9BCAB193E0643F7","git-visible"
"output/audits/canonical_v1_correctness_patch_20260831/source_before/evaluation/mechanistic_retina/ac_circuit_inputs.py","2586","48C09B646B3B5E4C8B3FFDE0CE73931D596C13F7E37228DD4B04965E9BE8A1A0","git-visible"
"output/audits/canonical_v1_correctness_patch_20260831/source_before/evaluation/mechanistic_retina/ac_circuit_lineage.py","1103","2F75994AD36FAB029D853A53F5C8ABE85F472341A260BB55AFCCD8BFE47EC444","git-visible"
"output/audits/canonical_v1_correctness_patch_20260831/source_before/evaluation/mechanistic_retina/ac_circuit_perturbation.py","9487","E68574384211E06D63344EC04A8E75FE13A366539847ECFB32633913CEE4EA18","git-visible"
"output/audits/canonical_v1_correctness_patch_20260831/source_before/evaluation/mechanistic_retina/ac_circuit_support.py","10332","9766934D16A900FCF3140D78C87EA6D941EDF04D32960723A072404A5788F82D","git-visible"
"output/audits/canonical_v1_correctness_patch_20260831/source_before/evaluation/mechanistic_retina/ac_temporal_lineage.py","4309","9C39E9888E289E6865CB1897C38A697EFD09F1A432D03F134A91961D0D154618","git-visible"
"output/audits/canonical_v1_correctness_patch_20260831/source_before/evaluation/mechanistic_retina/ac_temporal_perturbation.py","9195","B206C9F2D5575D80687D3F16BF45ECC181BB804A6D4CB4F992E013A6872A1C5B","git-visible"
"output/audits/canonical_v1_correctness_patch_20260831/source_before/evaluation/mechanistic_retina/ac_temporal_probe.py","4094","09C241C56AD4A85A10D44C5F6019594430C98F37A6F0909B3673C0FAC987B897","git-visible"
"output/audits/canonical_v1_correctness_patch_20260831/source_before/evaluation/mechanistic_retina/ac_temporal_support.py","8899","18F80109A8E1895B17049C787ED68902234D610B4FAF0CA5FA0F30B49B7F7035","git-visible"
"output/audits/canonical_v1_correctness_patch_20260831/source_before/evaluation/mechanistic_retina/artifacts.py","655","A2DCD707A6131B41004D8FC13815258F500541B52F205C90FACE58E5099A3FF5","git-visible"
"output/audits/canonical_v1_correctness_patch_20260831/source_before/evaluation/mechanistic_retina/atomic_artifacts.py","488","A3FCB5BD2EEA2B06AFAD32E80A3B0BE2C9ED420792BC533D510D3F8A78D1E39E","git-visible"
"output/audits/canonical_v1_correctness_patch_20260831/source_before/evaluation/mechanistic_retina/clean_sampled_artifacts.py","1168","32B40D7132F880FF5A75300173432BAB090BFB36165EFF981D6A84759CF100E9","git-visible"
"output/audits/canonical_v1_correctness_patch_20260831/source_before/evaluation/mechanistic_retina/clean_sampled_benchmark.py","12111","8A0D5E837D5D65EB0027B6CB6B24ED45FB056D19BF907124427969790B21A662","git-visible"
"output/audits/canonical_v1_correctness_patch_20260831/source_before/evaluation/mechanistic_retina/clean_sampled_data.py","9326","B3A639E12EE2A375B84C4AAF12E2097E604E55D0BC1412ACF46BAA279B765FFB","git-visible"
"output/audits/canonical_v1_correctness_patch_20260831/source_before/evaluation/mechanistic_retina/clean_sampled_reporting.py","12199","56422DB9BDE3A84B8E19668601D1529A0EE335F78F597A7D79354D7069D10B8B","git-visible"
"output/audits/canonical_v1_correctness_patch_20260831/source_before/evaluation/mechanistic_retina/clean_sampled_teacher.py","1598","06A9E02C310C7AABC31C450A39AC243A5ADE8F1DA7B37BC10D5A8FD8399A0EF8","git-visible"
"output/audits/canonical_v1_correctness_patch_20260831/source_before/evaluation/mechanistic_retina/clean_sampled_training.py","7210","EBE888098D67ECE10F492B98931929DFA01E3CA9D0CE7E09661E05BD98CAF41D","git-visible"
"output/audits/canonical_v1_correctness_patch_20260831/source_before/evaluation/mechanistic_retina/direct_metrics.py","4305","BE5C7BEB9B823673D66B64EE3936452143980A7F059CAD43B706A50068BDD330","git-visible"
"output/audits/canonical_v1_correctness_patch_20260831/source_before/evaluation/mechanistic_retina/direct_model_eval.py","5823","8F0EADD8B8E5D97EA84B5DEA57041FAD39E7C02BB215FFF1C04ACDF1759D9EA3","git-visible"
"output/audits/canonical_v1_correctness_patch_20260831/source_before/evaluation/mechanistic_retina/factorized_ln_split.py","3247","C38761E8471BE4118ABD54C84258AFF28BE8A3455E259A9331008B4D8144C327","git-visible"
"output/audits/canonical_v1_correctness_patch_20260831/source_before/evaluation/mechanistic_retina/gollisch_white_noise.py","2482","73335A929CD67AB93E6DBEDA8750483555F1FC99331F1AAF2C1AF0FD6FC68E01","git-visible"
"output/audits/canonical_v1_correctness_patch_20260831/source_before/evaluation/mechanistic_retina/h1_teachers.py","5728","B22CB3A6E7AEE6E69E755612DA6EE093589FCF5EEBD181A89EC07AEC9301EB06","git-visible"
"output/audits/canonical_v1_correctness_patch_20260831/source_before/evaluation/mechanistic_retina/karamanlis_baseline_reporting.py","8488","E5FBF74B3D0201F3DD56FE356E122D999D0B1BB7E4374C1D79279247F8F2AA3A","git-visible"
"output/audits/canonical_v1_correctness_patch_20260831/source_before/evaluation/mechanistic_retina/karamanlis_baseline_run.py","8176","A1E2EA036AB5FCF549B4C152846033D5ECDC58769FC609CE19F823823E967566","git-visible"
"output/audits/canonical_v1_correctness_patch_20260831/source_before/evaluation/mechanistic_retina/karamanlis_glm_math.py","2657","71B1B550BF136AFB74AA1253FD46963E3EA6923644AB531AC12517674A46117B","git-visible"
"output/audits/canonical_v1_correctness_patch_20260831/source_before/evaluation/mechanistic_retina/karamanlis_locality_artifacts.py","6277","11EE7406B7D975AD9931C8F90FC718908A9B963688B2DE2E8095EF2DC8276D33","git-visible"
"output/audits/canonical_v1_correctness_patch_20260831/source_before/evaluation/mechanistic_retina/karamanlis_locality_graph.py","7301","AD7DC2F065A77296F0C746FCE5E7D9A3CE12FA44386E3DCBAC6A2BEAAEE7B297","git-visible"
"output/audits/canonical_v1_correctness_patch_20260831/source_before/evaluation/mechanistic_retina/karamanlis_locality_io.py","7448","E132B9CEC565BCB39209DB7293821167148399BC87F882130CF1585F61DA924B","git-visible"
"output/audits/canonical_v1_correctness_patch_20260831/source_before/evaluation/mechanistic_retina/karamanlis_prediction_baselines.py","8006","FCA33D70CB58AAF998779A70BBF66A8DC7F0C3A579AF78AE5C4FE3F2B3F3836C","git-visible"
"output/audits/canonical_v1_correctness_patch_20260831/source_before/evaluation/mechanistic_retina/karamanlis_real_run.py","9645","290832D28F5A09C45C4AA71541AB6D7490968DFCBE419E14E228E17BE5D0178D","git-visible"
"output/audits/canonical_v1_correctness_patch_20260831/source_before/evaluation/mechanistic_retina/karamanlis_rf_centers.py","9359","ACDD42ADAE47EF2D99C3B8C033444084FE8C4B2E0B588C9499D9BD09D83031D8","git-visible"
"output/audits/canonical_v1_correctness_patch_20260831/source_before/evaluation/mechanistic_retina/karamanlis_rf_checkpoint.py","1231","A1A8BC2C6E9BEE5C7AF815FD247D59504D23CA2778F4B51BE68F28D279BFCAA6","git-visible"
"output/audits/canonical_v1_correctness_patch_20260831/source_before/evaluation/mechanistic_retina/karamanlis_rf_population_run.py","9995","191181E9B00A8AE2DE135693DC90CC971B2B6CDF6B18AED6CBC37918613D9FE8","git-visible"
"output/audits/canonical_v1_correctness_patch_20260831/source_before/evaluation/mechanistic_retina/karamanlis_running_sta.py","3444","CA9DC3367B24DEC542BDE43EE9EC625CDBC963F9D654578989DB161C7AE4DA0A","git-visible"
"output/audits/canonical_v1_correctness_patch_20260831/source_before/evaluation/mechanistic_retina/karamanlis_v1_ac_artifacts.py","9626","55796481AF2229D7AD562486E12E70F739319379262AF06BE409C927E738563F","git-visible"
"output/audits/canonical_v1_correctness_patch_20260831/source_before/evaluation/mechanistic_retina/karamanlis_v1_ac_metrics.py","5251","E43DFA1B96DA5B95504AF58DC9BBD451E01FABCFB9F9BA5263406D7DB0BD21A4","git-visible"
"output/audits/canonical_v1_correctness_patch_20260831/source_before/evaluation/mechanistic_retina/karamanlis_v1_ac_payload.py","3929","8827CA8E37961C967B733E84DCA5A1175FF8F6ED16798E4DD84707CA13690410","git-visible"
"output/audits/canonical_v1_correctness_patch_20260831/source_before/evaluation/mechanistic_retina/karamanlis_v1_ac_perturbation.py","9298","7F85297D28C6141C20F6DEB98922D61A9A2E41BAB1618C834CE1EFF907B329A2","git-visible"
"output/audits/canonical_v1_correctness_patch_20260831/source_before/evaluation/mechanistic_retina/karamanlis_v1_ac_reporting.py","5658","B70A7626AFA5FE9AD92F4D1CD8BBBA78D20D5DAB15874E8E2849247D55EEF263","git-visible"
"output/audits/canonical_v1_correctness_patch_20260831/source_before/evaluation/mechanistic_retina/karamanlis_v1_ac_runtime.py","5261","E7DE9CF11602E839DBC9AC45D56B68204D9079F1C5522298044CF328F7140EB0","git-visible"
"output/audits/canonical_v1_correctness_patch_20260831/source_before/evaluation/mechanistic_retina/karamanlis_v1_rf_artifacts.py","9040","43410DAE1DA6C4FD8895885B0F110493290F58B7A23CC15213D9B335EFB7727C","git-visible"
"output/audits/canonical_v1_correctness_patch_20260831/source_before/evaluation/mechanistic_retina/karamanlis_v1_rf_metrics.py","8101","A02A811AA0CA7851A48B2599D91633572C60B1A8674A58A8D7F8E301FF7639D5","git-visible"
"output/audits/canonical_v1_correctness_patch_20260831/source_before/evaluation/mechanistic_retina/karamanlis_v1_rf_validation_math.py","5334","8968594A0016F5C6DB27D43A45EDBE22BFE8D045863135F497C289D573FAD58C","git-visible"
"output/audits/canonical_v1_correctness_patch_20260831/source_before/evaluation/mechanistic_retina/karamanlis_v1_rf_validation.py","7684","3AF8D4CBE2A60ADB6BE13682FE6121460C440A4B2567CEFC08CD558BCEAE2299","git-visible"
"output/audits/canonical_v1_correctness_patch_20260831/source_before/evaluation/mechanistic_retina/mechanism_artifacts.py","5354","D07514DFAFF3AB981A939822751663442FE5F3D99A76B2D478551EBC9750261D","git-visible"
"output/audits/canonical_v1_correctness_patch_20260831/source_before/evaluation/mechanistic_retina/mechanism_checkpoints.py","5044","41F72C8D3C6DC6BA5BBDF6F9DDF72DED256DEEEEF4EC45402DE320A19536FBFA","git-visible"
"output/audits/canonical_v1_correctness_patch_20260831/source_before/evaluation/mechanistic_retina/mechanism_decision_report.py","3756","604E380F3BC1E6957C4E9F568998A358AA70ABE3F1CD704C9F3C4C82E6F61666","git-visible"
"output/audits/canonical_v1_correctness_patch_20260831/source_before/evaluation/mechanistic_retina/mechanism_diagnosis_support.py","3032","969B336967713F731AF57CFB85498CE2C5E607ED7E916FC0673CABA159B09511","git-visible"
"output/audits/canonical_v1_correctness_patch_20260831/source_before/evaluation/mechanistic_retina/mechanism_diagnosis.py","6390","36F2A44411C9C24FB9AFBEACE67FCDC1A9DC639B1155CB5C9494EB974F8BC2E1","git-visible"
"output/audits/canonical_v1_correctness_patch_20260831/source_before/evaluation/mechanistic_retina/mechanism_false_positive.py","5259","05BF889964AC781E79B9F6C8077261094C55964CC6B92A75CA16CF2380D3CB69","git-visible"
"output/audits/canonical_v1_correctness_patch_20260831/source_before/evaluation/mechanistic_retina/mechanism_heldout_artifacts.py","8849","78BE1064794A3EA7EEEC3D6D0E7D02FFB957CCEF1EC58BF2F179B4C294802087","git-visible"
"output/audits/canonical_v1_correctness_patch_20260831/source_before/evaluation/mechanistic_retina/mechanism_heldout_metrics.py","9444","B05B85A25128D46837DE2A480EA851B9A6D6587010CF4A59ED33EDE836A258A3","git-visible"
"output/audits/canonical_v1_correctness_patch_20260831/source_before/evaluation/mechanistic_retina/mechanism_heldout.py","1905","7F2785F3034E9061B092795526649D53940E63E3763281ABED2882283F007A81","git-visible"
"output/audits/canonical_v1_correctness_patch_20260831/source_before/evaluation/mechanistic_retina/mechanism_identifiability.py","7588","52CE7BF60CA92498CF5566B9BABB79C283F0DE92C8EDF156D678781A19FC186B","git-visible"
"output/audits/canonical_v1_correctness_patch_20260831/source_before/evaluation/mechanistic_retina/mechanism_protocol_runs.py","3317","DFDA2A436F551E6280A7B90188BFC3DC5BBDB9E44DCEDBE8F195B87F816364B3","git-visible"
"output/audits/canonical_v1_correctness_patch_20260831/source_before/evaluation/mechanistic_retina/mechanism_protocol.py","7472","62F317CBF04EDA89E7A855095B5BFA2C0DAD567434298719192ACA1E8A3BFB0C","git-visible"
"output/audits/canonical_v1_correctness_patch_20260831/source_before/evaluation/mechanistic_retina/mechanism_replay_artifacts.py","3224","803DC871B990E780AE1E3330FC197C70E84A94E7B90BC382F22E4BB3B025D412","git-visible"
"output/audits/canonical_v1_correctness_patch_20260831/source_before/evaluation/mechanistic_retina/mechanism_replay_identity.py","9162","59010790A398F0D4A3301A8C44871102B255D97165266040AA5A9A886E23FB85","git-visible"
"output/audits/canonical_v1_correctness_patch_20260831/source_before/evaluation/mechanistic_retina/mechanism_replay_protocol.py","5909","D902C3348AB1AE5EC84E4F3C25FECC29EAECD3136A8A1BE09E97EEF7028B030D","git-visible"
"output/audits/canonical_v1_correctness_patch_20260831/source_before/evaluation/mechanistic_retina/mechanism_replay_runs.py","8616","5FF6D155C500EBBCA14A2320D7A80A7EBE65015E01DD36FDFA8CDA66EF268937","git-visible"
"output/audits/canonical_v1_correctness_patch_20260831/source_before/evaluation/mechanistic_retina/mechanism_replay_types.py","1952","741DA9E756997E39AAA121A973601B8FF3C861191633834345913481ABF249DC","git-visible"
"output/audits/canonical_v1_correctness_patch_20260831/source_before/evaluation/mechanistic_retina/mechanism_run_data.py","3130","A649BF4E9ED1944ACED688A25F5AD9A38B539AF67844343CA47F63DDD4B910CD","git-visible"
"output/audits/canonical_v1_correctness_patch_20260831/source_before/evaluation/mechanistic_retina/mechanism_run_types.py","2027","42BE25D4FA1DE670FC2D6DA7E78256CF5B02A5DDE3C829ABDB8559FC26581923","git-visible"
"output/audits/canonical_v1_correctness_patch_20260831/source_before/evaluation/mechanistic_retina/mechanism_runs.py","5669","A78A001E4C28E17E3F9768D0BD90D8FB1063F7E78744DD6C119DB6528F8D0EB6","git-visible"
"output/audits/canonical_v1_correctness_patch_20260831/source_before/evaluation/mechanistic_retina/mechanism_runtime.py","4450","1098EB2820D7F27CA254706946BBE879618B5524B007645B9AF9224DB447390C","git-visible"
"output/audits/canonical_v1_correctness_patch_20260831/source_before/evaluation/mechanistic_retina/mechanism_scoring.py","5028","EC45F00A1DC49931FBE28C167C38F1E4A75893309C0F5815D3CFD498866638E9","git-visible"
"output/audits/canonical_v1_correctness_patch_20260831/source_before/evaluation/mechanistic_retina/mechanism_teacher_support.py","4117","72727E75097AE7557D0EDD6D1AA1E6A8BCB51618C5BC8454FD86F64DB99E08E3","git-visible"
"output/audits/canonical_v1_correctness_patch_20260831/source_before/evaluation/mechanistic_retina/metrics.py","7859","38006FE9E87B6852E25ABF1147538DA4E7757318D4A97519E2D0A4B44FF84E3B","git-visible"
"output/audits/canonical_v1_correctness_patch_20260831/source_before/evaluation/mechanistic_retina/natural_exploratory.py","7138","8F475062C93752FF0B2CAA7FA4DF874B96C80D920EC3F0D6C8C969D75A6AF713","git-visible"
"output/audits/canonical_v1_correctness_patch_20260831/source_before/evaluation/mechanistic_retina/nested_spike_budget.py","8881","461C2F6B2E9AB3A1FFAC429B5BC4AB0930417AC16DDC9BCA14A6223C60EB55C6","git-visible"
"output/audits/canonical_v1_correctness_patch_20260831/source_before/evaluation/mechanistic_retina/noise_free_recovery_metrics.py","5591","E22060901A9C1A25202B608215827777D053DEA0CD6D85947283512C7E492948","git-visible"
"output/audits/canonical_v1_correctness_patch_20260831/source_before/evaluation/mechanistic_retina/noise_free_recovery.py","7926","3676DB477D66B7B254F24DEE0B9C51D5DA5DDF20F48266E45C6FF36B68819CD5","git-visible"
"output/audits/canonical_v1_correctness_patch_20260831/source_before/evaluation/mechanistic_retina/pathway_decomposition.py","2963","DE2170F6865F9349C5B4615F51E7D9314F1DDA3BCFD7A3F46CAF080BBC8288E3","git-visible"
"output/audits/canonical_v1_correctness_patch_20260831/source_before/evaluation/mechanistic_retina/rf_base.py","664","25EDCB1BF52B302434AAEFD90D4300F0EA1B8098B2D424B608A2C2C974AA6B89","git-visible"
"output/audits/canonical_v1_correctness_patch_20260831/source_before/evaluation/mechanistic_retina/rf_effective.py","946","DC87ED315F9145B8F9DA9886BB93C7B0CBA54CA7F1CC885308AF2CC45C81973A","git-visible"
"output/audits/canonical_v1_correctness_patch_20260831/source_before/evaluation/mechanistic_retina/sampled_robustness_metrics.py","4951","40635B39510DE8EA169F42F78C0920D00B31A8005A0E3CDE1FF4440E2B1981C7","git-visible"
"output/audits/canonical_v1_correctness_patch_20260831/source_before/evaluation/mechanistic_retina/sampled_robustness.py","8158","BC639FBFC6E4DABFD047D1EDFDCABA81E07B10A10FD6FD0AAB0998A385FC35A0","git-visible"
"output/audits/canonical_v1_correctness_patch_20260831/source_before/evaluation/mechanistic_retina/schottdorf_baseline_cell.py","9100","62B135F204A32EE117CE64DC446F8656F8F618A9E0A39AF91E7205931FFCF9BE","git-visible"
"output/audits/canonical_v1_correctness_patch_20260831/source_before/evaluation/mechanistic_retina/schottdorf_baseline_reporting.py","4568","598BDC2E1A65535697BDB03938CBB941CCC42CA635A2DE2D29C2C770B7F3D3FC","git-visible"
"output/audits/canonical_v1_correctness_patch_20260831/source_before/evaluation/mechanistic_retina/schottdorf_baseline_run.py","7143","047107E37A3220A6DE3411095CE6F5A6537A8D5834BCC8D018B4AA60EC54E519","git-visible"
"output/audits/canonical_v1_correctness_patch_20260831/source_before/evaluation/mechanistic_retina/schottdorf_baseline_types.py","2077","84EDE25DBA713937139D09133795220AFD2854A941CC61F0DCE05F3C77E41993","git-visible"
"output/audits/canonical_v1_correctness_patch_20260831/source_before/evaluation/mechanistic_retina/schottdorf_center_surround_ln.py","8114","E9BD363F1A4625DB6AFEE1F433F5DBF6AAC7F12511A8109A5861D55CACFD21B1","git-visible"
"output/audits/canonical_v1_correctness_patch_20260831/source_before/evaluation/mechanistic_retina/schottdorf_final_benchmark_cell.py","10602","87B1E436FFB4370E21E6F48A9B5B91EA8206357EAAD0F3687DC889A5AEB8D669","git-visible"
"output/audits/canonical_v1_correctness_patch_20260831/source_before/evaluation/mechanistic_retina/schottdorf_final_benchmark_reporting.py","3154","FE651FBED5031F36E5930DBC73EAAC92500E2432DC9CDEA8CF078B63A12B512A","git-visible"
"output/audits/canonical_v1_correctness_patch_20260831/source_before/evaluation/mechanistic_retina/schottdorf_final_benchmark_run.py","7440","3FB7A078599E209B5C05D5D7A6511BC63BFB0511E06D0EB93646B82F9961DEFD","git-visible"
"output/audits/canonical_v1_correctness_patch_20260831/source_before/evaluation/mechanistic_retina/schottdorf_final_benchmark_types.py","763","1DE81D8A554BFDDCEE1592E13C225E18AD3906D0A19BDF9333C8C274FBF6528D","git-visible"
"output/audits/canonical_v1_correctness_patch_20260831/source_before/evaluation/mechanistic_retina/schottdorf_fresh_evaluation.py","10946","3EA9F82411CBBA09B9EA84A04B5ACD3F732900213D3B74910B82AD8BF3DD9B13","git-visible"
"output/audits/canonical_v1_correctness_patch_20260831/source_before/evaluation/mechanistic_retina/schottdorf_ln_source.py","4534","5FD195FB6947727B6AD0E39DC238B5CFA55E6E52A9E4750A5171B837D23AAD62","git-visible"
"output/audits/canonical_v1_correctness_patch_20260831/source_before/evaluation/mechanistic_retina/schottdorf_multirecording_fit.py","7563","6764D8A81CEC6BB2223A0A768AD69B4316DC98C7232276086F720A9DF180D397","git-visible"
"output/audits/canonical_v1_correctness_patch_20260831/source_before/evaluation/mechanistic_retina/schottdorf_multirecording_reporting.py","5071","12208F61368E85EEEF3A613B751055224FFDF5A54D7AEFFCAC5301F3224EEACB","git-visible"
"output/audits/canonical_v1_correctness_patch_20260831/source_before/evaluation/mechanistic_retina/schottdorf_multirecording_run.py","6915","E4E34A86CAC54F2C6081D693FF102D31A5E1272F748FAB71DC89354F55B85D8F","git-visible"
"output/audits/canonical_v1_correctness_patch_20260831/source_before/evaluation/mechanistic_retina/schottdorf_multirecording_types.py","3038","59BA309ED2095FA1E9EFBACFD0514243C08FBA97C684238A6B70404DBB5B1A0C","git-visible"
"output/audits/canonical_v1_correctness_patch_20260831/source_before/evaluation/mechanistic_retina/schottdorf_neural_baseline.py","6464","550D2803F080967E16F9681423501DFB7F756AC5AD6D80FB939006124CC848F5","git-visible"
"output/audits/canonical_v1_correctness_patch_20260831/source_before/evaluation/mechanistic_retina/schottdorf_prediction_baselines.py","5864","F7963926AB23109BA95E8A346DB0E929B98799EE7DAB4551CEDC9567806CD584","git-visible"
"output/audits/canonical_v1_correctness_patch_20260831/source_before/evaluation/mechanistic_retina/schottdorf_r4_development.py","9217","08451339011692B97464739B1D3DAA06EA2B2D874969EE904C47B78079929D19","git-visible"
"output/audits/canonical_v1_correctness_patch_20260831/source_before/evaluation/mechanistic_retina/schottdorf_real_run.py","8839","DCA35192128E5EBAEECE2923C38A6E0532DAF5F0A66F63470D3C7D86851E3719","git-visible"
"output/audits/canonical_v1_correctness_patch_20260831/source_before/evaluation/mechanistic_retina/schottdorf_temporal_center_surround.py","8110","F011F930C36161940EE78B0BCD30B42FB489EADD095C6DCA6D87BFD449FE98AC","git-visible"
"output/audits/canonical_v1_correctness_patch_20260831/source_before/evaluation/mechanistic_retina/spike_banks.py","3469","E6B7C439B17115C56B120D444E5969CF615536B55AB3949468D04DD02772CF49","git-visible"
"output/audits/canonical_v1_correctness_patch_20260831/source_before/evaluation/mechanistic_retina/structural_ablation.py","6960","95A600A2C92CDF9DB995533734DDFCF70630D647407AA98395119DF88A2AAFC5","git-visible"
"output/audits/canonical_v1_correctness_patch_20260831/source_before/evaluation/mechanistic_retina/subspace_overlap.py","4358","FBCACEDE0BBDDA7E7DE685185BF7B798637EDB1D3AED025DF764DEE5CE73EF12","git-visible"
"output/audits/canonical_v1_correctness_patch_20260831/source_before/evaluation/mechanistic_retina/temporal_center_surround_plots.py","3981","A8A3894DC83831A497322D77F5BF05594D3A2CFEBEA7ADB355BA4C19EC324149","git-visible"
"output/audits/canonical_v1_correctness_patch_20260831/source_before/evaluation/mechanistic_retina/temporal_center_surround_reporting.py","6003","01E1966A75E03E0D88C829579815F8FCE10CD5F31987A4DC9121531056320CE9","git-visible"
"output/audits/canonical_v1_correctness_patch_20260831/source_before/evaluation/mechanistic_retina/temporal_center_surround.py","6837","8623EB93E8FC224B923DD5255D705AD826DA8D4ADA4C50D57909BC09F640F261","git-visible"
"output/audits/canonical_v1_correctness_patch_20260831/source_before/models/mechanistic_retina/__init__.py","409","4F0B9E668C2DDC3C9BAE13553AEC50A52A133401DB6E9B2F2A2127F085882390","git-visible"
"output/audits/canonical_v1_correctness_patch_20260831/source_before/models/mechanistic_retina/amacrine_pathways.py","3754","DC8C3CE543B4AF2412F53A57FBCC60785433DE7A61D7E169E1094D1D7E247631","git-visible"
"output/audits/canonical_v1_correctness_patch_20260831/source_before/models/mechanistic_retina/bipolar_subunits.py","9040","4725F23EB5BEE18DB7DC3919CBBE7198CEB7D093C06EB0873FAC8DA12CF8F580","git-visible"
"output/audits/canonical_v1_correctness_patch_20260831/source_before/models/mechanistic_retina/causal_contract.py","1254","0AACEE1E4B98F144F082D87EB77ABE03912CB086CCA6DD2D86802DD49BCEB726","git-visible"
"output/audits/canonical_v1_correctness_patch_20260831/source_before/models/mechanistic_retina/cell_specific_gains.py","3757","72FE52688E5C04211A711A720F443E361FC4E59F25D9CA4F25735F39CBBE01DB","git-visible"
"output/audits/canonical_v1_correctness_patch_20260831/source_before/models/mechanistic_retina/contracts.py","9627","3050E2EFA26490A0D6AC36564D184DFE3D7AC99F9B5280ED912E33A7BD4EE843","git-visible"
"output/audits/canonical_v1_correctness_patch_20260831/source_before/models/mechanistic_retina/delay_parameters.py","950","083816A26AA1D94D620B2460D6E1C7EFD0B04E5825AA01775272D2BF5BD37C02","git-visible"
"output/audits/canonical_v1_correctness_patch_20260831/source_before/models/mechanistic_retina/graph.py","2309","D647C5D042383772A675F5A9B59120BD5C783D931C92523578811634270153BD","git-visible"
"output/audits/canonical_v1_correctness_patch_20260831/source_before/models/mechanistic_retina/h1_pathway.py","3046","DAB8E1A687C3EC9CED59E29EE0B1FFB49D93BD2D7732049EB06C265A4321D156","git-visible"
"output/audits/canonical_v1_correctness_patch_20260831/source_before/models/mechanistic_retina/model.py","9274","29271CC1634ED8EADC577E95B0B6C01A8C5B5AD240F303C05B496B80A5586ED1","git-visible"
"output/audits/canonical_v1_correctness_patch_20260831/source_before/models/mechanistic_retina/neural_operators.py","1329","13B63E667CDDB54F17B0B0D1F1906180D71155FA7CDFFD26FDFFC81E0B86EFEF","git-visible"
"output/audits/canonical_v1_correctness_patch_20260831/source_before/models/mechanistic_retina/pathway_gates.py","4203","14C38959E47205546E029A2BA0FA826FD5CDE45D467834AE66597A0EE9476C11","git-visible"
"output/audits/canonical_v1_correctness_patch_20260831/source_before/models/mechanistic_retina/pathway_rf.py","3146","FFB02588E5664A58C02EBAAD8F7EE9E9860849E378E0363C697AA6901EBA8F7F","git-visible"
"output/audits/canonical_v1_correctness_patch_20260831/source_before/models/mechanistic_retina/pathway_spatial_geometry.py","2037","DCF34F50D7CF8889917D1027AA7386D38033988088C311861D72476494810389","git-visible"
"output/audits/canonical_v1_correctness_patch_20260831/source_before/models/mechanistic_retina/pathway_temporal.py","996","BD0096ACC4138E26953CADE22D347C13AD0D4F3807CECA5F0E4A30EBC695A265","git-visible"
"output/audits/canonical_v1_correctness_patch_20260831/source_before/models/mechanistic_retina/phase1_run_contract.py","1498","939474D43BF05DD85D4DD152B48ABD636A686A489DF8ECB1749C75491A972E3A","git-visible"
"output/audits/canonical_v1_correctness_patch_20260831/source_before/models/mechanistic_retina/rgc_state.py","2977","859D29F65D2DF0A8785FA8087F873404ABA0F15585441D1DB251E69FEE8D7540","git-visible"
"output/audits/canonical_v1_correctness_patch_20260831/source_before/models/mechanistic_retina/shared_subunits.py","4443","C50488654F516F38E05C76D0D8808A651A9E5115861CAD16BE178E7050A56D3D","git-visible"
"output/audits/canonical_v1_correctness_patch_20260831/source_before/models/mechanistic_retina/spatial_contract.py","1437","4F272111B5070256E3259AA82CAC72B4AE6D1A4F60E46946A8AA6952D8FEB319","git-visible"
"output/audits/canonical_v1_correctness_patch_20260831/source_before/models/mechanistic_retina/state.py","3507","FB20576FA7C277DEB01261D0AD7F743211A7AAB2643986D8BFFD2BA47B3E486B","git-visible"
"output/audits/canonical_v1_correctness_patch_20260831/source_before/models/mechanistic_retina/support_partition.py","2147","6A90F9A42F4F60287438E6D1F47DBDDA04B85EDA0EF67A1983AF835711F23881","git-visible"
"output/audits/canonical_v1_correctness_patch_20260831/source_before/models/mechanistic_retina/temporal_parameters.py","4488","3230165B0C7A86C340E76467B4BC2EB965ADD94B20F8832B5E99D6D973BF3505","git-visible"
"output/audits/canonical_v1_correctness_patch_20260831/source_before/tests/test_causal_pathway_contract.py","10935","2BC8438855C07AEA5C5F86DAA640D9B72A59A015BADBF622B1FCE3CCF14B692A","git-visible"
"output/audits/canonical_v1_correctness_patch_20260831/source_before/tests/test_clean_sampled_mechanistic_benchmark.py","9146","A21EA809816C6F6B0B53C8D30C0DD5D30AF50B002D10C6E0B03C822C2279D94C","git-visible"
"output/audits/canonical_v1_correctness_patch_20260831/source_before/tests/test_mechanism_identifiable_model.py","7363","E2FF442BBBA951975A2F2ADD0E76C8091C39FF48A64E9A8B0082B2FEB9FB7657","git-visible"
"output/audits/canonical_v1_correctness_patch_20260831/source_before/tests/test_mechanistic_retina_contract.py","5033","8D7C7DA01F7A2086A8CA7643DA33530CD1EE0D51F9D24FFED59CDCE35335ED44","git-visible"
"output/audits/canonical_v1_correctness_patch_20260831/source_before/tests/test_mechanistic_retina_direct.py","4379","5F0283B5219510C68654C5AF1B9A68ECB2245739666D9221067358D0304B131C","git-visible"
"output/audits/canonical_v1_correctness_patch_20260831/source_before/tests/test_mechanistic_retina_evaluation.py","2228","B64C01ED07ECE8D8B71DD94BFD644E9E38BE2A33676EAEE51C5D4A189178A2C2","git-visible"
"output/audits/canonical_v1_correctness_patch_20260831/source_before/tests/test_mechanistic_retina_operator.py","2392","DA8EE2162EA78B18C3D9CA6BC3246AE7D6ADE6131787B691B50BA92BA144FF17","git-visible"
"output/audits/canonical_v1_correctness_patch_20260831/source_before/tests/test_mechanistic_retina_training.py","6925","BC691F23D85E6DB58A79E8348A8304D8222FE4AF6EC69DC00761BAA995BB4B86","git-visible"
"output/audits/canonical_v1_correctness_patch_20260831/source_before/tests/test_mechanistic_temporal_parameters.py","7790","02957370DDDFCE2E6F176942F789447ACBE9C5AFBFA070042B399DBFD57DFF15","git-visible"
"output/audits/canonical_v1_correctness_patch_20260831/source_before/tests/test_rf_math_readout_contract.py","5507","633B598C0FAAF08F5A15F05A462A61FB399B729FE39EA1B7AE6A572FD90A514A","git-visible"
"output/audits/canonical_v1_correctness_patch_20260831/source_before/tests/test_spatial_checkpoint_contract.py","3725","6C29F30A664E32DEEDE4918D693FB6839283A3A29DE88E7094A06AE593B7B72D","git-visible"
"output/audits/canonical_v1_correctness_patch_20260831/source_before/tests/test_spatial_pathway_contract.py","9529","8564983DE13A31009F9ED6C05B78B913C7888DCE1623349E83E29AA47F937F55","git-visible"
"output/audits/canonical_v1_correctness_patch_20260831/source_before/training/mechanistic_retina/__init__.py","365","06DBC0CA9A548BEC4FCAE1692FBB49BD39785BAA08C0F42674CD1206B178FE09","git-visible"
"output/audits/canonical_v1_correctness_patch_20260831/source_before/training/mechanistic_retina/center_surround_ln.py","8124","D87070F6E87E32D7F7FDBB678525B9FE775A117348D9F92848E0498031719007","git-visible"
"output/audits/canonical_v1_correctness_patch_20260831/source_before/training/mechanistic_retina/gain_audit.py","494","E5F9A2F76B1441D05398AD34138EA8120912C61AD05ED9C2CF48890BF508AA50","git-visible"
"output/audits/canonical_v1_correctness_patch_20260831/source_before/training/mechanistic_retina/losses.py","990","6E26F7B0AC7D08B681D2B4A291E457D8159E170AFC41C6B39ABA4166FB9CC91A","git-visible"
"output/audits/canonical_v1_correctness_patch_20260831/source_before/training/mechanistic_retina/optimizer.py","1206","06D169AE1EBB6A258D844C7F3038E28ECE78A8CDCAA78FCDB6F8C9B3F08ABA17","git-visible"
"output/audits/canonical_v1_correctness_patch_20260831/source_before/training/mechanistic_retina/r4_development.py","5731","1BF301B0684A87AD714E51E3CCC886DB9FF4B7FE277B2FFACFAC60BB69B637BA","git-visible"
"output/audits/canonical_v1_correctness_patch_20260831/source_before/training/mechanistic_retina/real_early_stopping.py","9225","736B19F9EAD119F31F53D6A4A32E716CDB70D37A0659D620EFB8E2BA90B46926","git-visible"
"output/audits/canonical_v1_correctness_patch_20260831/source_before/training/mechanistic_retina/real_sampled.py","7141","91EE5ABC3C6AFB204C6142F52CB3675045E7E2B4E19BE8760B7581BD29513D20","git-visible"
"output/audits/canonical_v1_correctness_patch_20260831/source_before/training/mechanistic_retina/sampled.py","5823","235E18D93CBB9C462CE1C77506987BA84B9B58C21449A8B50CF25A2C05423B57","git-visible"
"output/audits/canonical_v1_correctness_patch_20260831/source_before/training/mechanistic_retina/stages.py","8421","380B32F6ACDB12BD5A4C5D76A97321221A5918FB7137696240A84D1BFBCFCD19","git-visible"
"output/audits/canonical_v1_correctness_patch_20260831/source_before/training/mechanistic_retina/trainer.py","7454","954A092177E3C0B8A12A121E7B0685B670C39EC07C648421530760595C29097D","git-visible"
"output/audits/current_checkpoint_applicability_20260831/actual-mask-vs-full-disk.csv","2925","404A99CAD5894B1DE2A07F48FC4749A81BAC6FF0354C991B173B5545A9B2C674","git-visible"
"output/audits/current_checkpoint_applicability_20260831/checkpoint-identity.csv","17724","DF48CA5F89AD84926CF96DBE53D83C5F72D918EB36D5E77635DEA39BF0A4CAA6","git-visible"
"output/audits/current_checkpoint_applicability_20260831/delivery-verification.json","3912","FA94EFFF376F4771C49D20639D8FC9D2CA0636C7D91FC33B0F0066FA7EBD1762","git-visible"
"output/audits/current_checkpoint_applicability_20260831/effective-support-derivatives.csv","2781","EE4F35C456425772A831F7F121B99BB4E4B73F784D32B429E296F0DA98745DB5","git-visible"
"output/audits/current_checkpoint_applicability_20260831/historical-source-integrity.json","79425","336CEEFB1287ECE3EF6B39A857B7573606FC35940ED54234AB16BA3B0EBFC55C","git-visible"
"output/audits/current_checkpoint_applicability_20260831/integrity_snapshot.py","1215","CC2C9CB82E08C3C1088C53CBFAA86F801F98176FB846C2380D54967854FE3323","git-visible"
"output/audits/current_checkpoint_applicability_20260831/integrity-after.json","75527","DC24DCADD5074216EE33958D1CA23CDA49F2BC7C8629F3CA42D14ED1B85D15BE","git-visible"
"output/audits/current_checkpoint_applicability_20260831/integrity-before.json","75558","D5E6DBA0184A00666B61655A114656A46951BBBA4A02E3BBD0E6C93E4C34A34F","git-visible"
"output/audits/current_checkpoint_applicability_20260831/integrity-comparison.json","451","F8ECEE7D521560C7BBAEDC4CC43D536916B68726D99ABC012559A4E637D030C3","git-visible"
"output/audits/current_checkpoint_applicability_20260831/method-review.txt","685","BB90A77808124670D5A6831D5DCDCF483551F6AB110B9FE61C2603A084502D6A","git-visible"
"output/audits/current_checkpoint_applicability_20260831/mixer_audit.py","5129","6BD81694C07A509AC1C3851F6FD2239835791F227D8C06A9F0932AC7DF6030FF","git-visible"
"output/audits/current_checkpoint_applicability_20260831/mixer-audit.json","15198","10158FB6DC44C0925224CB3A98943B750C38AF30D67834393FBC846A4A6AD52E","git-visible"
"output/audits/current_checkpoint_applicability_20260831/REPORT.md","19683","67C68A39B905DE67940D7D0E2B7301EDD0609DA3EEF8355029D6D365C3B3149B","git-visible"
"output/audits/current_checkpoint_applicability_20260831/runtime_audit.py","14109","E69C8425D143BBED2FD75259AE26377BAE310A5814160413F23FDB468AE863B7","git-visible"
"output/audits/current_checkpoint_applicability_20260831/runtime-audit.json","528089","A8769F71010FD568635B33FC78148428BAB930C3F168632D0D0D61B4C3FEC875","git-visible"
"output/audits/illusion_history_semantics_20260831/67_14_checks.json","4441","798E1AB8239B48026601B7F36CBE543BF4575ECAB7D9221A452887035A9E79B7","git-visible"
"output/audits/illusion_history_semantics_20260831/67_14_pairs.csv","81845","74E3F8B9B3F1E1F9BFF774A9D4AB9BCD313726CD74EC6A14355A1603DC64C0E4","git-visible"
"output/audits/illusion_history_semantics_20260831/67_21_checks.json","4441","1F30D4D024C0A81DB47362544057C1648B730DFBBFDFBFF5909B29D02E4FD1B4","git-visible"
"output/audits/illusion_history_semantics_20260831/67_21_pairs.csv","81845","CA3C4D56A8E66C0ED0CF047BC6D38D825B451BC30AE409F6DBD3550B717DFD79","git-visible"
"output/audits/illusion_history_semantics_20260831/67_26_checks.json","4891","E1315EE1F7D4690F578571D1AB4169B06630BAD617588A181579B6E791D5DEE1","git-visible"
"output/audits/illusion_history_semantics_20260831/67_26_pairs.csv","94670","4A9F46E754CF1DDA2915BE7D0F781F5D5F8E4BC6C1D21256BCA04AB0A2D89E61","git-visible"
"output/audits/illusion_history_semantics_20260831/67_33_checks.json","8496","8BD4E91674812A8CE18C1ECCA829EE0F7DEA2AB81B77652C8C3564F68724A704","git-visible"
"output/audits/illusion_history_semantics_20260831/67_33_pairs.csv","165753","4803CE6D1561371EFE225BF63E1B0A1E47790BE08594A685DEE0B74607D5C6ED","git-visible"
"output/audits/illusion_history_semantics_20260831/67_34_checks.json","4443","528BB27DE497A6B61C14A3BD1C0334B6AF6492EC678D1ACCBB2D08E18158FB3D","git-visible"
"output/audits/illusion_history_semantics_20260831/67_34_pairs.csv","81845","FD06262287925D1BDF29C906721363F874576330B4AF6809809CD2BD4AD77780","git-visible"
"output/audits/illusion_history_semantics_20260831/67_4_checks.json","12754","0B4EE240DDBF317CF631338A1486EFE588F273D619F55AADA4CE1C9C7A540CF6","git-visible"
"output/audits/illusion_history_semantics_20260831/67_4_pairs.csv","190842","9C42724848CD13FCBF834BA3E5A5B6A2A3097C26889F6A37AFDCD6ABCEE4785D","git-visible"
"output/audits/illusion_history_semantics_20260831/67_6_checks.json","4449","AF3A0BC9985D87501FA680D14A0038F692CAD8A16F4DBA5A1E3FC02320BFCB24","git-visible"
"output/audits/illusion_history_semantics_20260831/67_6_pairs.csv","82405","53C52E8CD4F2DE3D278D676D1B7580DA6148FD2D42A95C1DBABAFC96583ED95C","git-visible"
"output/audits/illusion_history_semantics_20260831/67_7_checks.json","8459","F1CB4502919207A9D21A339A189C2CBFB766F4FC7A580FB28689A3DF4E1D6F71","git-visible"
"output/audits/illusion_history_semantics_20260831/67_7_pairs.csv","163513","83A83F6CBE9724E27C1E48BC3B00E5DB3AF18B2765A66B2BB1914CFCFD210BE4","git-visible"
"output/audits/illusion_history_semantics_20260831/68_10_checks.json","4457","7F31FB06D24998C3DC48EA703479FDBAB8D45C0AE4532852844860DBBA4AF840","git-visible"
"output/audits/illusion_history_semantics_20260831/68_10_pairs.csv","82405","2BE29D4E280AEAEAE47718D14E258767351966EEA80036F841CED9A048A2AE1B","git-visible"
"output/audits/illusion_history_semantics_20260831/68_11_checks.json","4456","5085DF708BEBDF798856E0E6B2467B0B07E6D7B4791243E501EC8E1CEE6C82C7","git-visible"
"output/audits/illusion_history_semantics_20260831/68_11_pairs.csv","82405","5B6ED01DE7C24249BB5E843C8CC952262AAEF571A28391A22AD18844E81CBF88","git-visible"
"output/audits/illusion_history_semantics_20260831/68_3_checks.json","4455","EB2D318E2EDE03CA23BCB7BEB4DC8399AB1657F12DC1840E8610735379714D08","git-visible"
"output/audits/illusion_history_semantics_20260831/68_3_pairs.csv","82405","D0396EEA86B3598462037DAFC70C3ABC5DB68B77D8EA58C6AE66B4D7E314A4BD","git-visible"
"output/audits/illusion_history_semantics_20260831/68_4_checks.json","6031","839FF2CEFF7B97929C579A21D11CC3EA8A8176DE86671BA012DF117545F9518B","git-visible"
"output/audits/illusion_history_semantics_20260831/68_4_pairs.csv","81285","5B9CBB781BA9DB3310F0972DAB3D6EE2513CE0EB2770B515C95A3260212B996F","git-visible"
"output/audits/illusion_history_semantics_20260831/68_7_checks.json","6037","4D45DCAB65764E43BF976B7658ED93D1717E9B61FE34214320FDB3E4A4E29958","git-visible"
"output/audits/illusion_history_semantics_20260831/68_7_pairs.csv","81285","7BF8C588472987137EEC45B1ED00A80D158548876793D13BA24335686B271AD1","git-visible"
"output/audits/illusion_history_semantics_20260831/69_21_checks.json","6060","48CBF0D6386831D790CEC26B27C71790E6421C78EF598298E7153AC7F8273B23","git-visible"
"output/audits/illusion_history_semantics_20260831/69_21_pairs.csv","82405","5ED7D4793946B57A1BB45513B59CF6AAEF963377CBBE400BC143964231309682","git-visible"
"output/audits/illusion_history_semantics_20260831/69_3_checks.json","6050","E560EC35866359AA0FDF845C13A45142EFF26681AFD5A4DB7F49737656BE8BEC","git-visible"
"output/audits/illusion_history_semantics_20260831/69_3_pairs.csv","81845","77FDE97276ADF5000D0DB65918DE0E850DF1FD0D568D422B900FB46FB9926BC3","git-visible"
"output/audits/illusion_history_semantics_20260831/69_4_checks.json","6047","99F1E9650EB09CFA9D8E95394536AB23B88429DFFC55062E9EBB998CD6C56A51","git-visible"
"output/audits/illusion_history_semantics_20260831/69_4_pairs.csv","81845","30B3AE79A943C121B5B46DD7840FB6CFA6DE57C2F09352045C9B730FB486A81B","git-visible"
"output/audits/illusion_history_semantics_20260831/69_6_checks.json","6053","51BAC06E010053E29DA0A0164C7CA971F8B98AE25EE29582F1F09AAB8B28ED00","git-visible"
"output/audits/illusion_history_semantics_20260831/69_6_pairs.csv","82405","7182472D1574B2FBD8E1596624ABF992640AB7C561930D6E81834B6411E6C7AA","git-visible"
"output/audits/illusion_history_semantics_20260831/69_7_checks.json","6040","100BB283C51B46C99EFA4E8357BCE79190B4346ED2159004E5EE160E62BFB168","git-visible"
"output/audits/illusion_history_semantics_20260831/69_7_pairs.csv","81845","4BBBB68ACB185EE233531FD5F60EF88542269D9BFA833B9D010A91D008955962","git-visible"
"output/audits/illusion_history_semantics_20260831/70_1_checks.json","6031","83E1F24A7786F868CE54CEB94040B8E79FA71373BC0BEB2EAEC967608422811D","git-visible"
"output/audits/illusion_history_semantics_20260831/70_1_pairs.csv","81285","CADB9251C8D3CBF44EB6942D95CADCD0734B4A581935521C4CD3CD72AB190B38","git-visible"
"output/audits/illusion_history_semantics_20260831/70_15_checks.json","6587","691D674BD51DA2D93CFC2D2DFF7D0B700B92BD29B2B7D95DB265FA0BFDEA0B94","git-visible"
"output/audits/illusion_history_semantics_20260831/70_15_pairs.csv","95276","AA77477E31B621849BBAA47A1489ECC8278E11D2757B58DDDC621FC5613A4C6E","git-visible"
"output/audits/illusion_history_semantics_20260831/70_34_checks.json","6062","0B15ECD271EA4F1EA823F980B8DB1B2C9AAA0BBF559977426F49D53320B95E50","git-visible"
"output/audits/illusion_history_semantics_20260831/70_34_pairs.csv","82405","9E76F7F12DC53CF3045291873C374A8D0E5DBCB9436F64AA08618273DEE9C3A3","git-visible"
"output/audits/illusion_history_semantics_20260831/70_7_checks.json","13458","8955DC2703C602E900DAB777FC79ECD770B274F2C28DDA7EC48D9DD4FB8B8A4B","git-visible"
"output/audits/illusion_history_semantics_20260831/70_7_pairs.csv","189691","FF3A2F78C6E408487650DEDC1F6A2FA2E48C075633EAABC245306EB618DE09BB","git-visible"
"output/audits/illusion_history_semantics_20260831/ARTIFACT_MANIFEST.json","7152","E112FCF7DD557F85C2B64FD7822FED1C3CF25A3D11426E49865507FCFF0D0D49","git-visible"
"output/audits/illusion_history_semantics_20260831/audit_runtime.py","10622","64ACCB64D350EEB9DB8557D2D78BBB22A035FB7AE9D23B50FF7431E9D4FDE174","git-visible"
"output/audits/illusion_history_semantics_20260831/checkpoint_identity.json","5930","CFE8003EE79E59C6A81933F780673F85A462FA3A5525177B33F434F43C62E663","git-visible"
"output/audits/illusion_history_semantics_20260831/dod_recomputed.json","33713","B059ED2E14A60963E356792658B43B9F8A2F3A626528620285F95741E9F9FD90","git-visible"
"output/audits/illusion_history_semantics_20260831/history_metrics.py","1635","8A04645B9CA5D7FB8DF96C6EEF509FFE57A30BCED3433A3C4C46D2A5452135DC","git-visible"
"output/audits/illusion_history_semantics_20260831/integrity_after.json","35737","DF23CCEDC5AC829E3BCA3EF52A62AC166E342D2B224BD0F3AB5CA6DF162CD93F","git-visible"
"output/audits/illusion_history_semantics_20260831/integrity_before.json","35281","C43875284B14E7BDAB88654CDD3DEDA3310E3F785E786ACDC4B5041F2EF48344","git-visible"
"output/audits/illusion_history_semantics_20260831/numerical_category_changes.json","15716","701D5A053233548E33773019C8BC8BF979CFB5A34D1D0C06659197D632235358","git-visible"
"output/audits/illusion_history_semantics_20260831/PROBE_REVIEW_NOTE.md","604","858E5B765A1E5FF7CB04C871325F4EA3A19DFAB674DE9EC13C7F1023DAA1220E","git-visible"
"output/audits/illusion_history_semantics_20260831/PROTOCOL.md","2902","381260C4D3116634E450089EC05C2DD14C3CDCA30DB3C5EC78A197BF545273D4","git-visible"
"output/audits/illusion_history_semantics_20260831/REPORT.md","13110","59793F0844BD06EFD6470E4FE8286B4DB098010509AAEB17DC87A73732685550","git-visible"
"output/audits/illusion_history_semantics_20260831/summarize.py","7058","D7BACEA301B9080AEE74BCA014CF27589E9F485F966E42B19D9B39506C59BE8C","git-visible"
"output/audits/illusion_history_semantics_20260831/SUMMARY.json","5082","1C2EC87696B81BA328ABB6EA701A4D7AC7BE43AAD7BE404CAE604D2508B34FB6","git-visible"
"output/bounded_differentiable_delay_learning_ac_temporal_perturbation/results.json","14009","B30FD45FAEEF1F8746307CA101494CF99E12C52E40A278A533992696BA74F5A8","git-visible"
"output/bounded_differentiable_delay_learning/results.json","10496","2535ED5547445973A7D9BFFD5D1AA35C1D5A31D6B38C3EA2BFB165AE771E158A","git-visible"
"output/clean_sampled_mechanistic_identifiability_ac_clamp/results.json","8872","99CF8BCDF9056202F1F9D51A80C1BF8D3077372A17ACA6F90DE662C25D20D5D3","git-visible"
"output/clean_sampled_mechanistic_identifiability/results.json","3800","D213BC8AFA38931844801E8807223C11FB685D600B134E5A7A342D4010EB488B","git-visible"
"output/real_data/karamanlis_2024_population_locality_graph_v1/locality_graph.npz","73144","DAF98676D14F829E079EBD5B8F1666F30892BC3ED12A654EF3F9033768EDF743","git-visible"
"output/real_data/karamanlis_2024_population_locality_graph_v1/results.json","27748","C9B65A7A2DECB9637061227C9EA4927F2CDBBA8EE5C3DF2AF8568C453FA9814C","git-visible"
"output/real_data/karamanlis_2024_population_rf_centers_v1/results.json","93944","754AE8050D1759DDBCFC391C0C983945636E5102F0EB15117626E60FD6FA9CA4","git-visible"
"output/real_data/karamanlis_2024_population_rf_centers_v1/rf_maps.npz","13724877","FC2A88208DF198D1D8F9672DAA42654A10A07BDF163BFF8212518C00F74064B6","git-visible"
"output/real_data/karamanlis_2024_population_rf_geometry_cell_gains_glm_baseline_v1/results.json","19136","533429655059FA1E9388F1CB2CDE2B7EB5E73839725FB52D89B92D23F329AE6D","git-visible"
"output/real_data/karamanlis_2024_population_rf_geometry_cell_gains_seed20260302/results.json","26316","1B3EDA2F7FEC94E24BC371DF237433368B1BA0D3C32C6B2DAD71AE1AB0743EB1","git-visible"
"output/real_data/karamanlis_2024_population_rf_geometry_pathway_mixture_v2_seed20260302/results.json","31441","2A8AC80DCA6507F83BF049C9E30810F126F32A454C5D99F93CD50E60C09A79AF","git-visible"
"output/real_data/karamanlis_2024_population_v1/results.json","34622","80C099D11CE808E28269F0A060C6AEBAE6E3CE29F0554515CAC031B0E31B2294","git-visible"
"output/real_data/karamanlis_2024_v1_ac_perturbation_v3/results.json","63480","D596EFDACCA095177F25EA29B32EAB893A5739086225696687BB54773DA3985D","git-visible"
"output/real_data/karamanlis_2024_v1_independent_rf_validation_v1/results.json","94756","CBB486AC496484E04C16B728FD179D567B1167254CF78051AB49F21F7D7A1EA7","git-visible"
"output/real_data/karamanlis_2024_v1_independent_rf_validation_v1/rf_validation_arrays.npz","6327395","881059559071B9A2F148F229DCECDB9A26AC25D7D11E6B723E20C1C2FC28E5E6","git-visible"
"output/real_data/schottdorf_canonical_v1_h1_ac_temporal_dissociation_20260830/group-summary.csv","66351","2D95AC1545A6A0D0A18367DD14F42314B06D354D034E9D03CDF912D1F3E8AB6E","git-visible"
"output/real_data/schottdorf_canonical_v1_h1_ac_temporal_dissociation_20260830/per-cell.csv","288064","1098F5DCFFEA3BBE6E37141FBF0B2F74CA0E2EF0E2650C9B0187AA339FB04767","git-visible"
"output/real_data/schottdorf_canonical_v1_h1_ac_temporal_dissociation_20260830/per-event-onset-offset.csv","1794215","B132F7931FEBEF24152D4194E8EEDF7E551764130A745A91E4548E4A4C0756A9","git-visible"
"output/real_data/schottdorf_canonical_v1_h1_ac_temporal_dissociation_20260830/probe.py","4265","97447D1770D64835F4C1B48B1EA6C187BD917390FF18E214DBC85EA418497C60","git-visible"
"output/real_data/schottdorf_canonical_v1_h1_ac_temporal_dissociation_20260830/protocol.json","25624","CFD76821C03CDC04E733C7DDC00CC5B5AD17ADFD6AB45D7B4B5649CE8EC3306F","git-visible"
"output/real_data/schottdorf_canonical_v1_h1_ac_temporal_dissociation_20260830/report.py","11098","6195212120ABEF9D01CE7F4326C90C34E801D953E43C28A506A1DF60BBFC81BD","git-visible"
"output/real_data/schottdorf_canonical_v1_h1_ac_temporal_dissociation_20260830/results.json","1129532","D6E3AF1640D1FFA5F9E65FEDEBB9E1B6BC7F65DEC9635E1C91EF02408CDD3146","git-visible"
"output/real_data/schottdorf_canonical_v1_h1_ac_temporal_dissociation_20260830/RESULTS.md","3681","BAFD7AA4AE2AFB4D6E90E08B8A38F61833BE75FF0845CAA8CE5477F0772FF39E","git-visible"
"output/real_data/schottdorf_canonical_v1_h1_ac_temporal_dissociation_20260830/run.py","8173","9380512A41E7065145258B6650A793C82CC85EA8966F6B2B03F0CAB417DF22B3","git-visible"
"output/real_data/schottdorf_canonical_v1_h1_ac_temporal_dissociation_20260830/stimulus-statistics.csv","3016","C715851C81CCCE88FCA3DADBF0D58964C2D38A18E87837F3520954333F1212D3","git-visible"
"output/real_data/schottdorf_canonical_v1_h1_ac_temporal_dissociation_20260830/verification.json","14167","FB2DE499C90F68BB5CF928116A8BB3B934BBFC962F327004A8A05E379DAF718A","git-visible"
"output/real_data/schottdorf_canonical_v1_overlapping_support_development_22cell_20260830/analyze.py","12523","8BE157F4DAE181FEB8297A3560EB0CDE8810070302E802D6A3EA8E62D1D7A977","git-visible"
"output/real_data/schottdorf_canonical_v1_overlapping_support_development_22cell_20260830/cells/67_14/inner-trajectory.csv","43651","FF297FDE2B65C1472999873268B9508DF834ED983BAF8B3C22C27359FD48F2FB","git-visible"
"output/real_data/schottdorf_canonical_v1_overlapping_support_development_22cell_20260830/cells/67_14/refit-trajectory.csv","20658","06F2EC2C1CFE14EF600AB36D06E1C52B4C554A06193A0B57C5D5697BF1FD48EC","git-visible"
"output/real_data/schottdorf_canonical_v1_overlapping_support_development_22cell_20260830/cells/67_14/results.json","5467","F19F0FF23E9278E04F5850A2149ABB65BB6AB3EE5568A131EA72D90BEAD82751","git-visible"
"output/real_data/schottdorf_canonical_v1_overlapping_support_development_22cell_20260830/cells/67_21/inner-trajectory.csv","33436","15121691C47D4CE72E47C950EB78A878EC43F7E1A04EC5D6F9DF07DE7C205241","git-visible"
"output/real_data/schottdorf_canonical_v1_overlapping_support_development_22cell_20260830/cells/67_21/refit-trajectory.csv","14267","DAD93E722E84064FAC81C4ABA8EC8B54B1687D4DFB8620EA268FBC3DB0D2E867","git-visible"
"output/real_data/schottdorf_canonical_v1_overlapping_support_development_22cell_20260830/cells/67_21/results.json","5464","D8ABD95025E37EA78B96A085E01D7643489EAE3F2E85DDD210E849C7A38F12F6","git-visible"
"output/real_data/schottdorf_canonical_v1_overlapping_support_development_22cell_20260830/cells/67_26/inner-trajectory.csv","19764","9744A403A135856926E6E06C5EB5DA581D7D822A349B7E5CC423A4C11B6811CA","git-visible"
"output/real_data/schottdorf_canonical_v1_overlapping_support_development_22cell_20260830/cells/67_26/refit-trajectory.csv","6486","0545401FA0101723E9B13DD9B479DC4A72FE86FE5413BEB5E5F6FBB966BF08A9","git-visible"
"output/real_data/schottdorf_canonical_v1_overlapping_support_development_22cell_20260830/cells/67_26/results.json","5460","DBA125B88DCE8AF284C50EB97023E35DBAF476B992C7F19F3FC0DEAFAC7FFD4C","git-visible"
"output/real_data/schottdorf_canonical_v1_overlapping_support_development_22cell_20260830/cells/67_33/inner-trajectory.csv","34141","01CDB32BBB4170B18CCE78A191415C65419599B0CDBF967F299E8308CAB3A953","git-visible"
"output/real_data/schottdorf_canonical_v1_overlapping_support_development_22cell_20260830/cells/67_33/refit-trajectory.csv","14692","C195CEEF0D6279E3E609CEC1F7011FBC4CBA1574950C8E2C05825B2C338F1DAA","git-visible"
"output/real_data/schottdorf_canonical_v1_overlapping_support_development_22cell_20260830/cells/67_33/results.json","5465","CD2A48D945700C01FEEC87A630DB5E12D267B0E64A80F40C44213E3908008948","git-visible"
"output/real_data/schottdorf_canonical_v1_overlapping_support_development_22cell_20260830/cells/67_34/inner-trajectory.csv","25408","764DCA9DC2E888A3E6AA9E55138249156D582F1E064D6FD48CA12107AB902390","git-visible"
"output/real_data/schottdorf_canonical_v1_overlapping_support_development_22cell_20260830/cells/67_34/refit-trajectory.csv","9637","EF172CF8BF8B96A346CD7D8444A100FBC6E3B05043FA3EB7FE57EE14FE1E7AF8","git-visible"
"output/real_data/schottdorf_canonical_v1_overlapping_support_development_22cell_20260830/cells/67_34/results.json","5462","536408086CB1E47D6F1A95CFE492DE332855E7FDCA6396289604F4DDC6E1ED05","git-visible"
"output/real_data/schottdorf_canonical_v1_overlapping_support_development_22cell_20260830/cells/67_4/inner-trajectory.csv","14519","4DC61BCC3FD720436F68A89AD4B24D6F7377AD2FBA588C4CE7822085FA7AEB05","git-visible"
"output/real_data/schottdorf_canonical_v1_overlapping_support_development_22cell_20260830/cells/67_4/refit-trajectory.csv","3372","EF4465DBDDDD7E68F0CD54549A8053876DF210C3A0EE225C0F8EFA2622C9D8CD","git-visible"
"output/real_data/schottdorf_canonical_v1_overlapping_support_development_22cell_20260830/cells/67_4/results.json","4589","1C20E5A6922CF61FB5394215D1C8955B157F9508C563C06E0B0B1AF71B0DD366","git-visible"
"output/real_data/schottdorf_canonical_v1_overlapping_support_development_22cell_20260830/cells/67_6/inner-trajectory.csv","24570","1527C1EB22BD3839A6027B45B20AC7125F9D8F12068E9279C3CD7C1FDA31F25C","git-visible"
"output/real_data/schottdorf_canonical_v1_overlapping_support_development_22cell_20260830/cells/67_6/refit-trajectory.csv","9263","BC2BD7CE10A9838EDE73CEAAE90BC94BD48E7AE9865FF1BAC36D21698EB749F2","git-visible"
"output/real_data/schottdorf_canonical_v1_overlapping_support_development_22cell_20260830/cells/67_6/results.json","5463","DE74F5C9B53C326E656A418D1B44A6662249876CB3CF7BF6A581EA72B8D970D2","git-visible"
"output/real_data/schottdorf_canonical_v1_overlapping_support_development_22cell_20260830/cells/67_7/inner-trajectory.csv","20697","044D2729DF91F79C41D762A9746770AE17A679FD8BF1A6311DD83D044F0A009B","git-visible"
"output/real_data/schottdorf_canonical_v1_overlapping_support_development_22cell_20260830/cells/67_7/refit-trajectory.csv","6900","5D61803AF571A5E72FC7109C3D5A0D9F21396DE3ABC239B8F48C3BA0089552FA","git-visible"
"output/real_data/schottdorf_canonical_v1_overlapping_support_development_22cell_20260830/cells/67_7/results.json","5461","87D7703F76815F74201F2F37616A7365E0EB136DEE522FC9B7E4036E9865DFFF","git-visible"
"output/real_data/schottdorf_canonical_v1_overlapping_support_development_22cell_20260830/cells/68_10/inner-trajectory.csv","22748","2864C8D17DC7922A38107C65B64B9CA3AB0525DF4E8A4CA01BCE835707A6890C","git-visible"
"output/real_data/schottdorf_canonical_v1_overlapping_support_development_22cell_20260830/cells/68_10/refit-trajectory.csv","8145","FFF140B843E61B1755B97C588FE03819D0CE67AEF7917A62095E463B909EAEF9","git-visible"
"output/real_data/schottdorf_canonical_v1_overlapping_support_development_22cell_20260830/cells/68_10/results.json","4592","0B1B66BFDCC6477A7EA04997BCFF2B1800124D07DEF40392940F68BD1E5D4AD4","git-visible"
"output/real_data/schottdorf_canonical_v1_overlapping_support_development_22cell_20260830/cells/68_11/inner-trajectory.csv","23262","4CE1DB91EBCA444A821A1198E029C728A75730D18D4C0D56C28452258C504E29","git-visible"
"output/real_data/schottdorf_canonical_v1_overlapping_support_development_22cell_20260830/cells/68_11/refit-trajectory.csv","8369","C0F17D2EAA3D4664D9DE57960FC8DB429FA8C85625130DB1C6B07EE0EC37FF80","git-visible"
"output/real_data/schottdorf_canonical_v1_overlapping_support_development_22cell_20260830/cells/68_11/results.json","5467","913C567C385B96270AA48041EF86C468697218959EAF8915725275FAC6848724","git-visible"
"output/real_data/schottdorf_canonical_v1_overlapping_support_development_22cell_20260830/cells/68_3/inner-trajectory.csv","22735","3DD4634FC94261FFC63C84B13026C14C22D8333540497CEA272D73A80F459A94","git-visible"
"output/real_data/schottdorf_canonical_v1_overlapping_support_development_22cell_20260830/cells/68_3/refit-trajectory.csv","8198","B3F6F4D00F3B2864EC917C624B16764F8BE01A1CC51B8290389310243E417A1B","git-visible"
"output/real_data/schottdorf_canonical_v1_overlapping_support_development_22cell_20260830/cells/68_3/results.json","5460","8ABD326BDDEA1FCBDF297ED57F786F49EE2703879875DC97C1237AAFB079B3F5","git-visible"
"output/real_data/schottdorf_canonical_v1_overlapping_support_development_22cell_20260830/cells/68_4/inner-trajectory.csv","43721","29A6E9CAD9C00DA966414A869B09EBC0D58E3E067495DDC0B88B5C9963B1FEBF","git-visible"
"output/real_data/schottdorf_canonical_v1_overlapping_support_development_22cell_20260830/cells/68_4/refit-trajectory.csv","22907","BF975DC575859DCA512E84BF9CAE33DB8A2C9836F845900D2E4683E3CB7C2E93","git-visible"
"output/real_data/schottdorf_canonical_v1_overlapping_support_development_22cell_20260830/cells/68_4/results.json","5301","E90DD7B43639C4BAB18AAA6486B1F7652E1C07DF40B68E9662A97D0A885158A4","git-visible"
"output/real_data/schottdorf_canonical_v1_overlapping_support_development_22cell_20260830/cells/68_7/inner-trajectory.csv","16067","08066A3B129045EF17BC866E6A05983B47D2F3B8AD9E339E1937E8B89E20BEE7","git-visible"
"output/real_data/schottdorf_canonical_v1_overlapping_support_development_22cell_20260830/cells/68_7/refit-trajectory.csv","4220","CDED14CCCD256B70C8CFF32E3F92FFE489C8AB68E7C3E79C1F81C25938AFF7DE","git-visible"
"output/real_data/schottdorf_canonical_v1_overlapping_support_development_22cell_20260830/cells/68_7/results.json","5463","7A3170B4B67CAE6C527548FCB6DEDEA0366BCA0945053A83DC925CB0336B178F","git-visible"
"output/real_data/schottdorf_canonical_v1_overlapping_support_development_22cell_20260830/cells/69_21/inner-trajectory.csv","19381","234ABF0A079AEAA9D56E54814B800FA4B08EE7228B56AC474518371882A35C09","git-visible"
"output/real_data/schottdorf_canonical_v1_overlapping_support_development_22cell_20260830/cells/69_21/refit-trajectory.csv","6229","44231939CD22CC4844037BB4F283EA27E2BB22D09EC210B94841C9723132CDF4","git-visible"
"output/real_data/schottdorf_canonical_v1_overlapping_support_development_22cell_20260830/cells/69_21/results.json","5302","4306C32B1B8586ED23128F45A04B6159D3A5F11F4C031735D327CB0EFBB6A2D6","git-visible"
"output/real_data/schottdorf_canonical_v1_overlapping_support_development_22cell_20260830/cells/69_3/inner-trajectory.csv","31514","510DEE8B9B8687387CC761C8D91CC24662C00F9566D4DE17B1CAFD9D94379A1D","git-visible"
"output/real_data/schottdorf_canonical_v1_overlapping_support_development_22cell_20260830/cells/69_3/refit-trajectory.csv","13306","777F5AB5360F09A90409244E8EF7BE05BBC18C94300BE77455C9075E97628A3E","git-visible"
"output/real_data/schottdorf_canonical_v1_overlapping_support_development_22cell_20260830/cells/69_3/results.json","5460","E364FBBE3A223E176F1ADC209D423D42342071BB8A823D0BBBDF53CFE4C427E0","git-visible"
"output/real_data/schottdorf_canonical_v1_overlapping_support_development_22cell_20260830/cells/69_4/inner-trajectory.csv","17166","720B8A850D6A9B268C3BDCBF6B4F5EB50EEDA0BC230B91B789C12CF3367B0617","git-visible"
"output/real_data/schottdorf_canonical_v1_overlapping_support_development_22cell_20260830/cells/69_4/refit-trajectory.csv","4824","1CF2F0216FDDBE20E9C171DC36D9B229C28C5A83139E84E59D88B1B73AB2984A","git-visible"
"output/real_data/schottdorf_canonical_v1_overlapping_support_development_22cell_20260830/cells/69_4/results.json","5303","4B5B5427163D743B466C449346F211CC2758D0365B844CCA93C629E4AFF0F611","git-visible"
"output/real_data/schottdorf_canonical_v1_overlapping_support_development_22cell_20260830/cells/69_6/inner-trajectory.csv","31384","4A6FFA883B04C6BD7ED23DEC62EFD9646C7AD63A87D6DFEB7D7EF2579E0582AE","git-visible"
"output/real_data/schottdorf_canonical_v1_overlapping_support_development_22cell_20260830/cells/69_6/refit-trajectory.csv","13098","F0BFC3E810D0D8518761734D76E819B265668A8A93FFAC0C4BDD3CE33529CA0D","git-visible"
"output/real_data/schottdorf_canonical_v1_overlapping_support_development_22cell_20260830/cells/69_6/results.json","5461","222D964DCBBC4DB318DC533431E341FB018E31FED6212CBF07C77FEDDAEDD3DD","git-visible"
"output/real_data/schottdorf_canonical_v1_overlapping_support_development_22cell_20260830/cells/69_7/inner-trajectory.csv","20594","EB4F43EB9D7B540DFF8B455874769BEBA0FC8197CA68CF2E124D737DC6F20705","git-visible"
"output/real_data/schottdorf_canonical_v1_overlapping_support_development_22cell_20260830/cells/69_7/refit-trajectory.csv","6957","3F4A34313FAC9F8FDE4EE1E6B57E88CE11E4671CC0489C858CF53DDBA6AD925B","git-visible"
"output/real_data/schottdorf_canonical_v1_overlapping_support_development_22cell_20260830/cells/69_7/results.json","5460","1E2E97C66EFCA631978C7A8493E2A62E90618200DA28D9572201D4B407DCC7D2","git-visible"
"output/real_data/schottdorf_canonical_v1_overlapping_support_development_22cell_20260830/cells/70_1/inner-trajectory.csv","25714","2DA9E482104FAE0C64C17B9CD7893BF9A7EA1DEF34E5EF5AAB4C2CC8EC452B9D","git-visible"
"output/real_data/schottdorf_canonical_v1_overlapping_support_development_22cell_20260830/cells/70_1/refit-trajectory.csv","9956","A88152D1ABBD74CB0A6D1EA2D9AF018BAA6C8D28D75427E5867056E43ACA219A","git-visible"
"output/real_data/schottdorf_canonical_v1_overlapping_support_development_22cell_20260830/cells/70_1/results.json","5300","6C2E27C11D4598425CF7C8493BD1FF4DEEC649035E392B80FA3AB52D3DE5EEA0","git-visible"
"output/real_data/schottdorf_canonical_v1_overlapping_support_development_22cell_20260830/cells/70_15/inner-trajectory.csv","13312","FDB8C3B88833A1D06A7A8354F41D71D0F59C317BC8B80140148C49BA052C2FEF","git-visible"
"output/real_data/schottdorf_canonical_v1_overlapping_support_development_22cell_20260830/cells/70_15/refit-trajectory.csv","2621","C3720E432E7CD7749707F8B6312FEA7F5FA231144345BF1EF0FB6FAC33986036","git-visible"
"output/real_data/schottdorf_canonical_v1_overlapping_support_development_22cell_20260830/cells/70_15/results.json","5304","A90DE0F1E8617E2B54A871B0B64A52EF7E0A79FB1762F3EF253CFD241AE7FD62","git-visible"
"output/real_data/schottdorf_canonical_v1_overlapping_support_development_22cell_20260830/cells/70_34/inner-trajectory.csv","18535","A7BF03680ED6AE17F458E57A0C83F1933FDFC80CFF6BAAB0C898755134D7C7C5","git-visible"
"output/real_data/schottdorf_canonical_v1_overlapping_support_development_22cell_20260830/cells/70_34/refit-trajectory.csv","5633","0950A26EA1F483823EA6AF009B75660B273AA79987D3EB3D181A17A72E924733","git-visible"
"output/real_data/schottdorf_canonical_v1_overlapping_support_development_22cell_20260830/cells/70_34/results.json","5464","73170F044F83D22E4BB2AA01EB19AC607D5A0FBB662DCD02CB420E851F33EFD2","git-visible"
"output/real_data/schottdorf_canonical_v1_overlapping_support_development_22cell_20260830/cells/70_7/inner-trajectory.csv","19441","2E6E1557400B62D2DBB59A6DBF19ADA403230F4DFF28968FDE1FEF6CE4C4DC1C","git-visible"
"output/real_data/schottdorf_canonical_v1_overlapping_support_development_22cell_20260830/cells/70_7/refit-trajectory.csv","6165","425661A41FE6EF615310D32FB2D5DC44976BC7EE0837145F7BB1CCF69FC0D122","git-visible"
"output/real_data/schottdorf_canonical_v1_overlapping_support_development_22cell_20260830/cells/70_7/results.json","5461","7775A5D0C4BA17AE0C464AD8AFF93BE70AA6836A6AB3F030F12D3CE56359BAF6","git-visible"
"output/real_data/schottdorf_canonical_v1_overlapping_support_development_22cell_20260830/comparison.json","125227","BD75F5F033769881E7946B29BD56DE40CC8FCF99B6B57A218007B60934C83A53","git-visible"
"output/real_data/schottdorf_canonical_v1_overlapping_support_development_22cell_20260830/group-comparison.csv","4947","114831AE3773A146ED8E4B70B93539CD8BAEB3CA258BD9DCBD67424E58DA0F49","git-visible"
"output/real_data/schottdorf_canonical_v1_overlapping_support_development_22cell_20260830/per-cell-comparison.csv","17761","B8B118C928A4A44B127EB40E5DC300E06CE6974907CA84D8138BB7CB1C6F067F","git-visible"
"output/real_data/schottdorf_canonical_v1_overlapping_support_development_22cell_20260830/results.json","141372","1CEBEB29C343A90459A95E55B710E2333B5FEF41F7F4B15B22D0BCEE21A01985","git-visible"
"output/real_data/schottdorf_canonical_v1_overlapping_support_development_22cell_20260830/RESULTS.md","8950","C9B50C803B0A393962AB846BC45D2F8A4382A1630F46A9D3BF3F3F7CACC77AD3","git-visible"
"output/real_data/schottdorf_canonical_v1_overlapping_support_development_22cell_20260830/run-manifest.json","53070","E44E342D00A2E5E15CF33EE187DF74D1EFBD5A202C34E0083C110C3E31DE469F","git-visible"
"output/real_data/schottdorf_canonical_v1_overlapping_support_development_22cell_20260830/run.py","10933","40D950A336C1814B0057003827BD418B9F6ECD9B83164A5FB64B5B615D705F33","git-visible"
"output/real_data/schottdorf_canonical_v1_overlapping_support_development_22cell_20260830/spatial-mode-weights.csv","14059","7B672A047F401651F8A73591DAC819985453C04887950A16FA4F2D4CC6AD17CB","git-visible"
"output/real_data/schottdorf_canonical_v1_overlapping_support_visual_illusions_20260830/group-comparisons.csv","249105","503907FC9EC36616EA1B6E4091293CBD996F29EFD2FB7956F9D021FF300201F6","git-visible"
"output/real_data/schottdorf_canonical_v1_overlapping_support_visual_illusions_20260830/group-responses.csv","1215600","BE2145994A2FA72489839CF913E6B80CD5D5F7A31B430F4B19AE1242ADCD52C1","git-visible"
"output/real_data/schottdorf_canonical_v1_overlapping_support_visual_illusions_20260830/mach-boundary-extrema.csv","58128","5EAE725B23CB776DE26CDAC6FCA31D34EF64D87753F160F8EAF13793A37A3C7A","git-visible"
"output/real_data/schottdorf_canonical_v1_overlapping_support_visual_illusions_20260830/per-cell-comparisons.csv","1060466","2ADE162214F6F83CD7809C3743A009AD5A903BB86557500197EB738EAE1C4ABC","git-visible"
"output/real_data/schottdorf_canonical_v1_overlapping_support_visual_illusions_20260830/per-cell-responses.csv","5306381","42311365E1030C4C5C129A96FAA8966DA3694DA73ACA06519AA80258AC2E2AC0","git-visible"
"output/real_data/schottdorf_canonical_v1_overlapping_support_visual_illusions_20260830/replay.py","10154","803A72819E93D9A3C30A4FC14403404CD17679B195D2D8A7C05CE8539EFC42D2","git-visible"
"output/real_data/schottdorf_canonical_v1_overlapping_support_visual_illusions_20260830/results.json","4730538","06E0ED0788127A309BD1157CA3D346A8D26C23283B3150ED26C208F9E473FC21","git-visible"
"output/real_data/schottdorf_canonical_v1_overlapping_support_visual_illusions_20260830/verification.json","16677","32B4B2BB598712CB9385D57961702371944F175EF0D329C635EC6E12C8AE1687","git-visible"
"output/real_data/schottdorf_canonical_v1_shared_bc_development_22cell_20260830/analyze.py","11985","91DFFD8EAF61D5A1D29DF633221DCC64E53D6EF9A0B54A80A157DC741F09D265","git-visible"
"output/real_data/schottdorf_canonical_v1_shared_bc_development_22cell_20260830/causal_replay.py","6669","F68BA0729A99E059B9CADCBCAE8412D6F35800D5F08BDA3800E5699329A9E618","git-visible"
"output/real_data/schottdorf_canonical_v1_shared_bc_development_22cell_20260830/cells/67_14/analysis.json","4963","78F1CC97E3278E66C091F28D7A69D8CC076BB265710AEF37080872145E97535D","git-visible"
"output/real_data/schottdorf_canonical_v1_shared_bc_development_22cell_20260830/cells/67_14/inner-trajectory.csv","19612","6EB8BB64F7AC98ED83D0AE34BE0D41B3999071E489AC092D7ABB47BB999B3B24","git-visible"
"output/real_data/schottdorf_canonical_v1_shared_bc_development_22cell_20260830/cells/67_14/model-inner-best.pt","219262","50D7327FC58332B7970B901FF3E8A3B43C1B44279B27A61D9D78CDBF356799D2","git-visible"
"output/real_data/schottdorf_canonical_v1_shared_bc_development_22cell_20260830/cells/67_14/model-raw.pt","218408","A58B83F3C9DDB0A7AEDE1CE9F73FEBD65A6827374AE23A878849CE463B5B8047","git-visible"
"output/real_data/schottdorf_canonical_v1_shared_bc_development_22cell_20260830/cells/67_14/model-trained.pt","219088","16255822B90AB992E2AFB655FA065546536653986348A31A20B63E0F4514F4E2","git-visible"
"output/real_data/schottdorf_canonical_v1_shared_bc_development_22cell_20260830/cells/67_14/refit-trajectory.csv","6264","BF9D0AB052A3A73C4536FF18165F8ABBEEDD80D146EB14E7783D58174E9E67F5","git-visible"
"output/real_data/schottdorf_canonical_v1_shared_bc_development_22cell_20260830/cells/67_14/results.json","5220","7078FF5F06576E42A5544CE517D1087440FB66FD2FDF24A5B87F95E51A7B7A7E","git-visible"
"output/real_data/schottdorf_canonical_v1_shared_bc_development_22cell_20260830/cells/67_14/validation-predictions.pt","75219","97EAC4776EB7012AC9876AE42FA83D6BF936A490654621D555C74D0CF29DB224","git-visible"
"output/real_data/schottdorf_canonical_v1_shared_bc_development_22cell_20260830/cells/67_21/analysis.json","4959","8A7293F47DFDC0D7EC08F1F24CDCA71040C00410AEDE6591BDCF281DEDFA5FCD","git-visible"
"output/real_data/schottdorf_canonical_v1_shared_bc_development_22cell_20260830/cells/67_21/inner-trajectory.csv","27587","9D4A0C97F2CADBF92FC6FC0D86D61DAD7BFE420216DF85C6A5650C04CAC2F53A","git-visible"
"output/real_data/schottdorf_canonical_v1_shared_bc_development_22cell_20260830/cells/67_21/model-inner-best.pt","219262","066AEA17157D7F17B5BD381A40B8D427ED73AD9A281F76A2ADD075E40A0AF482","git-visible"
"output/real_data/schottdorf_canonical_v1_shared_bc_development_22cell_20260830/cells/67_21/model-raw.pt","218408","4E3C37E6A447BDAF301DB2AE5444244737820D3C728AD571378C9532E02F52E6","git-visible"
"output/real_data/schottdorf_canonical_v1_shared_bc_development_22cell_20260830/cells/67_21/model-trained.pt","219088","B0FE331387572FD14D020CA1EC294F14163F30B9CFCFAD50F01D39497554FD0A","git-visible"
"output/real_data/schottdorf_canonical_v1_shared_bc_development_22cell_20260830/cells/67_21/refit-trajectory.csv","10897","97403651F64556AB1298F952E3DFEE7010491441DB519EBDF6809B578E437121","git-visible"
"output/real_data/schottdorf_canonical_v1_shared_bc_development_22cell_20260830/cells/67_21/results.json","5223","E09F64C59C826805C4E4379B79DF237800EDD5E8C9278B619986681A560E5384","git-visible"
"output/real_data/schottdorf_canonical_v1_shared_bc_development_22cell_20260830/cells/67_21/validation-predictions.pt","75219","EF2A39416793FBD4263380B69BCB3CE024F30C3D9A3F5CF6D058050BA3FE2855","git-visible"
"output/real_data/schottdorf_canonical_v1_shared_bc_development_22cell_20260830/cells/67_26/analysis.json","4961","0939A011C291C14933C9ECF2333A70D38D3DB7693981DD399393A4A449EBA1D9","git-visible"
"output/real_data/schottdorf_canonical_v1_shared_bc_development_22cell_20260830/cells/67_26/inner-trajectory.csv","19811","9A907454DC4167001F47AADEB37FB696A38CA237C1C9D669CFC7391EC12184B8","git-visible"
"output/real_data/schottdorf_canonical_v1_shared_bc_development_22cell_20260830/cells/67_26/model-inner-best.pt","219262","5DFCC1B5DC908AA06D3DF47A3D6C6848AFFE2CE18002C278ABADB4BAD10096E9","git-visible"
"output/real_data/schottdorf_canonical_v1_shared_bc_development_22cell_20260830/cells/67_26/model-raw.pt","218408","C6597BD98ED235E8611904A0473CD1DBF6EB19AF0F023EB36EC27CA527581DD2","git-visible"
"output/real_data/schottdorf_canonical_v1_shared_bc_development_22cell_20260830/cells/67_26/model-trained.pt","219088","FB3E3C5227ACAC5632338F334A25C45FC9E61C1400BFB2E7FE777C0BBE4FD873","git-visible"
"output/real_data/schottdorf_canonical_v1_shared_bc_development_22cell_20260830/cells/67_26/refit-trajectory.csv","6508","AF9D2247C1B430D82044F4F2C8B8F0DA89D81346C2D1C025C2F1863E39345BE7","git-visible"
"output/real_data/schottdorf_canonical_v1_shared_bc_development_22cell_20260830/cells/67_26/results.json","5221","57196298337178DFB1B221BEEBC010C6CE9F667BCC5BB773F3E7787EBCA04AAE","git-visible"
"output/real_data/schottdorf_canonical_v1_shared_bc_development_22cell_20260830/cells/67_26/validation-predictions.pt","75219","4D3D6E08C63F24C5B2F7C4D0697F530A430533B4B98CFB57D27AA40B6EA68CFB","git-visible"
"output/real_data/schottdorf_canonical_v1_shared_bc_development_22cell_20260830/cells/67_33/analysis.json","4955","19638FDC9437ABD33E97252F4BEED53F35AC728F08205E5C06A9521ED8ACBBC1","git-visible"
"output/real_data/schottdorf_canonical_v1_shared_bc_development_22cell_20260830/cells/67_33/inner-trajectory.csv","34123","8470D0201FF16B8E8A8D13C46FB720B43A0389EF0700B07DE6F2E982D47AE5DB","git-visible"
"output/real_data/schottdorf_canonical_v1_shared_bc_development_22cell_20260830/cells/67_33/model-inner-best.pt","219262","2A83E7CBB0604581AF2288F7CA5F3D4B060FEF4ABF4B0AA0C8751F7FFEF59D58","git-visible"
"output/real_data/schottdorf_canonical_v1_shared_bc_development_22cell_20260830/cells/67_33/model-raw.pt","218408","F33DB1ED720F02DB5B25A2AF43CFDCE9D41984EA5E445B268701ABAF35332EAB","git-visible"
"output/real_data/schottdorf_canonical_v1_shared_bc_development_22cell_20260830/cells/67_33/model-trained.pt","219088","A519568BAEF8AACF9E549956D1728260F26262D11971CD3E91B7E6CB23195955","git-visible"
"output/real_data/schottdorf_canonical_v1_shared_bc_development_22cell_20260830/cells/67_33/refit-trajectory.csv","14706","1730321491835B8395AA3FC6051124B7015C408C30304964212F19CA0D9BA35E","git-visible"
"output/real_data/schottdorf_canonical_v1_shared_bc_development_22cell_20260830/cells/67_33/results.json","5223","02C0D5378FD7D39A1511FEE333D7D7924DD6D0F5784083870B17F1955983E394","git-visible"
"output/real_data/schottdorf_canonical_v1_shared_bc_development_22cell_20260830/cells/67_33/validation-predictions.pt","75219","95371542A2E5DE59176466B2A6D2A5E0A0C32C326B6EF7423C6505588E6FCEA1","git-visible"
"output/real_data/schottdorf_canonical_v1_shared_bc_development_22cell_20260830/cells/67_34/analysis.json","4952","3151ADEF674D6169A1B2221F8246B483329239A4F572008C2FEDF86F9D0C552D","git-visible"
"output/real_data/schottdorf_canonical_v1_shared_bc_development_22cell_20260830/cells/67_34/inner-trajectory.csv","25531","44FAA3A6722D9934AE395D7922B4EBD02F3AA9026FF58A3F414B37A835ADA0BB","git-visible"
"output/real_data/schottdorf_canonical_v1_shared_bc_development_22cell_20260830/cells/67_34/model-inner-best.pt","219262","ACE8726AA267E069B400817AC983D563EE4B4306E0775ACB4A454E907739AAC9","git-visible"
"output/real_data/schottdorf_canonical_v1_shared_bc_development_22cell_20260830/cells/67_34/model-raw.pt","218408","4DC09605BC63B0F4B177FBFF518FB79C9213F25CDC10887EE50EB862693FBE3F","git-visible"
"output/real_data/schottdorf_canonical_v1_shared_bc_development_22cell_20260830/cells/67_34/model-trained.pt","219088","4EC9C3F8BBE1557A0873C95039459B738F34D6FC3D6236D8CDA992C922F9F06C","git-visible"
"output/real_data/schottdorf_canonical_v1_shared_bc_development_22cell_20260830/cells/67_34/refit-trajectory.csv","9667","AA3789B8CE74C204BF37DEEA10F89A3589E67EFC85421A47892A8675DD6A1A9D","git-visible"
"output/real_data/schottdorf_canonical_v1_shared_bc_development_22cell_20260830/cells/67_34/results.json","5220","655F2C570D10D7F32456F497CCFE0F668C77299867ABF98CA01B7E6B7EF9F4DF","git-visible"
"output/real_data/schottdorf_canonical_v1_shared_bc_development_22cell_20260830/cells/67_34/validation-predictions.pt","75219","A1FE76B8712799A2072D476EA92FDFEC4C5EA1BEA5E9D3A3D46815A5CAC39C02","git-visible"
"output/real_data/schottdorf_canonical_v1_shared_bc_development_22cell_20260830/cells/67_4/analysis.json","4964","AFC437CB4FB8184D3C70AFAF9EF48B509EF5100890487CC4DCA42DD0CBBFC387","git-visible"
"output/real_data/schottdorf_canonical_v1_shared_bc_development_22cell_20260830/cells/67_4/inner-trajectory.csv","14650","261CDF4D49BABECC6258C84B7D964DFE73E827E3B691C41CA8DE966B23AFF2BB","git-visible"
"output/real_data/schottdorf_canonical_v1_shared_bc_development_22cell_20260830/cells/67_4/model-inner-best.pt","219198","AABD6D4C7A0D97BACE47DC05365E5F3ED94866F58C26E621596DBB22B2004EC6","git-visible"
"output/real_data/schottdorf_canonical_v1_shared_bc_development_22cell_20260830/cells/67_4/model-raw.pt","218344","0739CA05A5A06EBE6C4731143A6BA21E2CCC3BE33253EAFBBA4D02F0E32E3648","git-visible"
"output/real_data/schottdorf_canonical_v1_shared_bc_development_22cell_20260830/cells/67_4/model-trained.pt","219024","F9AB8103F00D42703C31F8A96D57B76B25893D97C94CB9F72F534741021829A7","git-visible"
"output/real_data/schottdorf_canonical_v1_shared_bc_development_22cell_20260830/cells/67_4/refit-trajectory.csv","3471","4BEDBAB671F04C3C79138475706CCC8F0FAF8D166526102A03F472EF43F1122C","git-visible"
"output/real_data/schottdorf_canonical_v1_shared_bc_development_22cell_20260830/cells/67_4/results.json","4348","93EFF5BB36F19F64B0B2F3A24A23FAEAAEA9469820DD2D897C2DBB8A19BD6B20","git-visible"
"output/real_data/schottdorf_canonical_v1_shared_bc_development_22cell_20260830/cells/67_4/validation-predictions.pt","12819","0AA8B3209B54145B66E393714BF1AD5C559347FDA0D17C7A70C9AEB9C9482CE4","git-visible"
"output/real_data/schottdorf_canonical_v1_shared_bc_development_22cell_20260830/cells/67_6/analysis.json","4955","4D709E74E1CEEB395AC67A12588F9F4E04F6D252F05F5EEA93244FA688D924D0","git-visible"
"output/real_data/schottdorf_canonical_v1_shared_bc_development_22cell_20260830/cells/67_6/inner-trajectory.csv","24486","C89D69DCC6C54F121D4B796B931272E1FBE9D84F8AC7B7276FEF1954B2655E82","git-visible"
"output/real_data/schottdorf_canonical_v1_shared_bc_development_22cell_20260830/cells/67_6/model-inner-best.pt","219262","EBFDB04982B298B76A6BCF24BB58AD6193E1C422BE33D881F0DEDB7669A9E1C4","git-visible"
"output/real_data/schottdorf_canonical_v1_shared_bc_development_22cell_20260830/cells/67_6/model-raw.pt","218408","9264384BFB5AFF3D983622D604568075868F3E60B5D16F9AF50A53F58ACF6C58","git-visible"
"output/real_data/schottdorf_canonical_v1_shared_bc_development_22cell_20260830/cells/67_6/model-trained.pt","219088","02F6B00DEBB45D64C91A7B1017068B18C7B9E852BC4DAB6DD049E50E6E96CCEF","git-visible"
"output/real_data/schottdorf_canonical_v1_shared_bc_development_22cell_20260830/cells/67_6/refit-trajectory.csv","9229","DD2B17F0D4B7483F0EF7A57175A10B7760278577B415B80AEDC74340D2CC14E9","git-visible"
"output/real_data/schottdorf_canonical_v1_shared_bc_development_22cell_20260830/cells/67_6/results.json","5221","8F81B7A8B4DAB4450C68AE60C81CC8C919DC23ACBA06017830AD8D87CD1B82F7","git-visible"
"output/real_data/schottdorf_canonical_v1_shared_bc_development_22cell_20260830/cells/67_6/validation-predictions.pt","75219","761C2EB958EB7E80AA31C251BC660FA307779A2B525EA213B0E7304C1D08731E","git-visible"
"output/real_data/schottdorf_canonical_v1_shared_bc_development_22cell_20260830/cells/67_7/analysis.json","4944","C77258ED87583B38A224AFF89C7483BBDA8B47421EEF66AD490CCD321F6B7B69","git-visible"
"output/real_data/schottdorf_canonical_v1_shared_bc_development_22cell_20260830/cells/67_7/inner-trajectory.csv","20673","3394194077D32CABF4238419D6B0D70FFC8348C108936506270148BEF4728A39","git-visible"
"output/real_data/schottdorf_canonical_v1_shared_bc_development_22cell_20260830/cells/67_7/model-inner-best.pt","219262","7D5B6DB82DE7C877CAECC2D81D075AE6D024E80EE4E89403E12A4DF98DD89A9C","git-visible"
"output/real_data/schottdorf_canonical_v1_shared_bc_development_22cell_20260830/cells/67_7/model-raw.pt","218408","36D5FC6E3FB3E32D7A6E27F82D47D252BC44068F0817B2023060BFF7C315DF46","git-visible"
"output/real_data/schottdorf_canonical_v1_shared_bc_development_22cell_20260830/cells/67_7/model-trained.pt","219088","D9E78DBED900229FEA46B440EA93695147B0CB0866D5F90B35B2F0D345147CDB","git-visible"
"output/real_data/schottdorf_canonical_v1_shared_bc_development_22cell_20260830/cells/67_7/refit-trajectory.csv","6906","526301C043A80EE21CBF37BF87CBBF652B6E6C0A651863F290E997A6D38140EE","git-visible"
"output/real_data/schottdorf_canonical_v1_shared_bc_development_22cell_20260830/cells/67_7/results.json","5220","F9141B6260AA10D339DA6B8C2E46D695551AE27FF4C9155A5EB4608851D7ACDF","git-visible"
"output/real_data/schottdorf_canonical_v1_shared_bc_development_22cell_20260830/cells/67_7/validation-predictions.pt","75219","7EAD852359810C27315006607ED1365B46457C5BC4296A815FE8490978F88535","git-visible"
"output/real_data/schottdorf_canonical_v1_shared_bc_development_22cell_20260830/cells/68_10/analysis.json","4962","430D09EAF3A3E3E63F30C9DDC89B115EC687EDC98C0914395222732FB7A35756","git-visible"
"output/real_data/schottdorf_canonical_v1_shared_bc_development_22cell_20260830/cells/68_10/inner-trajectory.csv","17829","4C5CEC88C411C851C89010F8DEC25938F49B381F9F47353094198221C558AAE7","git-visible"
"output/real_data/schottdorf_canonical_v1_shared_bc_development_22cell_20260830/cells/68_10/model-inner-best.pt","219198","1DF76945A644FA1913942FBF892C4FC20C0CD6E09BEB87A53A8958F8959F6B52","git-visible"
"output/real_data/schottdorf_canonical_v1_shared_bc_development_22cell_20260830/cells/68_10/model-raw.pt","218344","ACDECC1DA0C757D0306CD322313346AAAB9F23DEDBFA21979F1EE61C6410D6F4","git-visible"
"output/real_data/schottdorf_canonical_v1_shared_bc_development_22cell_20260830/cells/68_10/model-trained.pt","219024","C394FFBD7C303DF2025E5DC4176007F088AB1E9B488AC5B2564AA56C57352BFD","git-visible"
"output/real_data/schottdorf_canonical_v1_shared_bc_development_22cell_20260830/cells/68_10/refit-trajectory.csv","5246","C133A2013110D39606FD0DB98F8D963A79E30CD23DD365B52982C0228BF88AD6","git-visible"
"output/real_data/schottdorf_canonical_v1_shared_bc_development_22cell_20260830/cells/68_10/results.json","4348","61B3AA9CD7DCC3A47F0A3E1C2B9329284A031F3A2AA99BB1167FBC1037F09D4B","git-visible"
"output/real_data/schottdorf_canonical_v1_shared_bc_development_22cell_20260830/cells/68_10/validation-predictions.pt","12819","89297B61162D6C8FC9ACF226E866B017A4020A40C7981FD296346FC7CB2E699E","git-visible"
"output/real_data/schottdorf_canonical_v1_shared_bc_development_22cell_20260830/cells/68_11/analysis.json","4972","A359200A7A12AFBDCA039784F952AB188902EDABC23E4E117B2EF47B0AD25E95","git-visible"
"output/real_data/schottdorf_canonical_v1_shared_bc_development_22cell_20260830/cells/68_11/inner-trajectory.csv","15353","2499C65C74F5C67A1DFE2F7E37783E77C3302B8FB28765AAE381E1C39D5B6020","git-visible"
"output/real_data/schottdorf_canonical_v1_shared_bc_development_22cell_20260830/cells/68_11/model-inner-best.pt","219262","2094249050B899E7409C00A229320086F818814B7C2613C4017FD0EB77CFAA90","git-visible"
"output/real_data/schottdorf_canonical_v1_shared_bc_development_22cell_20260830/cells/68_11/model-raw.pt","218408","B7E33BD7764C318AEEF9EB77B00A2BED7D0938EDA62BCCC5D93ECE0E3EB6AB16","git-visible"
"output/real_data/schottdorf_canonical_v1_shared_bc_development_22cell_20260830/cells/68_11/model-trained.pt","219088","AE5EA08CE4140E1561D9930E4D1C2BCFF28D2D5C8618E04EADEDEF69E3ECF23F","git-visible"
"output/real_data/schottdorf_canonical_v1_shared_bc_development_22cell_20260830/cells/68_11/refit-trajectory.csv","3765","CBB532A3DF213319A8388549837CA0B13CC8D9EDCD0E42AE59E4E0956A553D4B","git-visible"
"output/real_data/schottdorf_canonical_v1_shared_bc_development_22cell_20260830/cells/68_11/results.json","5222","C2D7F955D8DF3FE92CEC7697BCC8C5E35D89553B6BB3762FC451E3084A461353","git-visible"
"output/real_data/schottdorf_canonical_v1_shared_bc_development_22cell_20260830/cells/68_11/validation-predictions.pt","75219","6BA8628C9B7BFCA8E60D30A6607C47220F8BB545383DFF72C73B77F15191EE5B","git-visible"
"output/real_data/schottdorf_canonical_v1_shared_bc_development_22cell_20260830/cells/68_3/analysis.json","4949","9A15A62FB19A9BEEDBD1A7A676530115452CB5985F1DCA11674E13E2E355AF45","git-visible"
"output/real_data/schottdorf_canonical_v1_shared_bc_development_22cell_20260830/cells/68_3/inner-trajectory.csv","14545","398FCF90AB7580795B5E6A3D17E07B93AC42F86006EA1F8BEEF6F4005E1FEF59","git-visible"
"output/real_data/schottdorf_canonical_v1_shared_bc_development_22cell_20260830/cells/68_3/model-inner-best.pt","219262","8320D0D8C129260604258DC76B8F4E23100FD8AA50AFEE4A0A4EFCAD26F56F0C","git-visible"
"output/real_data/schottdorf_canonical_v1_shared_bc_development_22cell_20260830/cells/68_3/model-raw.pt","218408","C3CB38D983A7245DE3673EDE25A2E92B2CFCBFAB924D8E2E24084D7D5A06FE3D","git-visible"
"output/real_data/schottdorf_canonical_v1_shared_bc_development_22cell_20260830/cells/68_3/model-trained.pt","219088","D7CD8F67EBD8B7997492255457AF8ACBF7B236BCD597E7C14BA8EC0711C1A6DE","git-visible"
"output/real_data/schottdorf_canonical_v1_shared_bc_development_22cell_20260830/cells/68_3/refit-trajectory.csv","3437","4883889739C819D840F32E0528E13B8E60614094AFF729A57038FF0165BF5AF7","git-visible"
"output/real_data/schottdorf_canonical_v1_shared_bc_development_22cell_20260830/cells/68_3/results.json","5220","63C1030B17366CD06FF9B8FD4977CA072DC14B3C414CB44485CAD3B54B36AB1D","git-visible"
"output/real_data/schottdorf_canonical_v1_shared_bc_development_22cell_20260830/cells/68_3/validation-predictions.pt","75219","0701911387D5467F7602304ED3B2A0CDE9A6AB50C9F4F150BB2B74AEFFB6C3D8","git-visible"
"output/real_data/schottdorf_canonical_v1_shared_bc_development_22cell_20260830/cells/68_4/analysis.json","4953","11AC4B2E6C459EE92AD9207969190C253B8544D06A2A2FF3A655C2550946EF4D","git-visible"
"output/real_data/schottdorf_canonical_v1_shared_bc_development_22cell_20260830/cells/68_4/inner-trajectory.csv","17119","33AD004766D1C932031D7B79223DD9C464CAB6A02FFB27F39BAD4E414ADAA6E5","git-visible"
"output/real_data/schottdorf_canonical_v1_shared_bc_development_22cell_20260830/cells/68_4/model-inner-best.pt","219198","D611EEA4CF6CB421A5E7E1A4BDA02E09942D4381CAD233E2E57648D684AF4B6E","git-visible"
"output/real_data/schottdorf_canonical_v1_shared_bc_development_22cell_20260830/cells/68_4/model-raw.pt","218344","564E643289A97A3F7124DE76D0F63B9E6E871C8A62DF3F39AAF50A7161E69909","git-visible"
"output/real_data/schottdorf_canonical_v1_shared_bc_development_22cell_20260830/cells/68_4/model-trained.pt","219024","0FC06F738CEC84B855D2C0C7F7CA48907CD98AB11CD6D10BE027CE8E5A4FF67F","git-visible"
"output/real_data/schottdorf_canonical_v1_shared_bc_development_22cell_20260830/cells/68_4/refit-trajectory.csv","4807","C2C81922BF144F2BBA9685DD3DE7DBCC151E9E68300883048C391BA3B897B435","git-visible"
"output/real_data/schottdorf_canonical_v1_shared_bc_development_22cell_20260830/cells/68_4/results.json","5060","9B7531DA1E3A9D4CC4F3D59D8315C24FB5A9B14C168DBDF2EA7BB754489D9CB9","git-visible"
"output/real_data/schottdorf_canonical_v1_shared_bc_development_22cell_20260830/cells/68_4/validation-predictions.pt","64979","51C75D1DFCC4008844F85168FC4DDC201509F88D565433783CABD56CCAFCE464","git-visible"
"output/real_data/schottdorf_canonical_v1_shared_bc_development_22cell_20260830/cells/68_7/analysis.json","4966","EC0CDB98B83D4F6479EA4F2CC7AB02AB011A3F5851E2A895DD079249B0A346EE","git-visible"
"output/real_data/schottdorf_canonical_v1_shared_bc_development_22cell_20260830/cells/68_7/inner-trajectory.csv","12166","BF5DF44494D891568DF6B439C57ED5C08C4D819D25B9812602D1C999DBAA2FD8","git-visible"
"output/real_data/schottdorf_canonical_v1_shared_bc_development_22cell_20260830/cells/68_7/model-inner-best.pt","219262","07AD48A60C1840BAAAE6B1F3B1839CE48F0B3C179A620C001B46A46C338FD8AB","git-visible"
"output/real_data/schottdorf_canonical_v1_shared_bc_development_22cell_20260830/cells/68_7/model-raw.pt","218408","C379ADE546186EC3BE1055D91B5E93E5B672AB82CFAD883A672AFA0FB5CFFE91","git-visible"
"output/real_data/schottdorf_canonical_v1_shared_bc_development_22cell_20260830/cells/68_7/model-trained.pt","219024","479ABFDF9DC3766B317F96581DB9628FA17CF81913EEE9020DB78CB69F7944D3","git-visible"
"output/real_data/schottdorf_canonical_v1_shared_bc_development_22cell_20260830/cells/68_7/refit-trajectory.csv","1948","1F42390EF436E2AEBAE6F1C966DDA280C8C81E8489DD2CAB20498802B3E8876F","git-visible"
"output/real_data/schottdorf_canonical_v1_shared_bc_development_22cell_20260830/cells/68_7/results.json","5207","1C46CEFFC409AA913E03F1711D84E35D0D6667D5102310FDCDB663A81E6F5516","git-visible"
"output/real_data/schottdorf_canonical_v1_shared_bc_development_22cell_20260830/cells/68_7/validation-predictions.pt","75219","C910218CE37C621C8F84EF191666D19A56D078A92D0388B3018C37AAC3C456DD","git-visible"
"output/real_data/schottdorf_canonical_v1_shared_bc_development_22cell_20260830/cells/69_21/analysis.json","4964","D8791A70FFF8BBFCEBFB4B46F307D64A5480AF873CC8959F542134A298AB6004","git-visible"
"output/real_data/schottdorf_canonical_v1_shared_bc_development_22cell_20260830/cells/69_21/inner-trajectory.csv","19446","3AACB0705B8BCA76C02FF85116A005CBD6A8D731D3CF36BED9A42865DA9A3873","git-visible"
"output/real_data/schottdorf_canonical_v1_shared_bc_development_22cell_20260830/cells/69_21/model-inner-best.pt","219198","4E710B682390811CA642153B51C3E64691CA10CE5662D0A4567457D779571D46","git-visible"
"output/real_data/schottdorf_canonical_v1_shared_bc_development_22cell_20260830/cells/69_21/model-raw.pt","218344","5694B362D582F92A1A37D12EE163A5CE7B896278127EEBF28E70752BFB66BA0D","git-visible"
"output/real_data/schottdorf_canonical_v1_shared_bc_development_22cell_20260830/cells/69_21/model-trained.pt","219024","3A8E2D91DC71B321DE8CA03AA8DA0AE1CBABDB7A1EED9778BA982022DBA2F42D","git-visible"
"output/real_data/schottdorf_canonical_v1_shared_bc_development_22cell_20260830/cells/69_21/refit-trajectory.csv","6247","906E8DB1010AF375C40F52D2CBCE972B2DD427037B94F034CFF71E15F320E7DB","git-visible"
"output/real_data/schottdorf_canonical_v1_shared_bc_development_22cell_20260830/cells/69_21/results.json","5061","8B1D6BBFA4A2872FB87155DD89FC748DAAE13ECA587F58D048E3DC48FE8D0B05","git-visible"
"output/real_data/schottdorf_canonical_v1_shared_bc_development_22cell_20260830/cells/69_21/validation-predictions.pt","64979","ECEF978328D093DB95EE5CE1F04754AD14BDF3C787A2AA60B1174ADBF8D01D7F","git-visible"
"output/real_data/schottdorf_canonical_v1_shared_bc_development_22cell_20260830/cells/69_3/analysis.json","4954","DB0F39B165E8510EB0A4F9385EE2549AED8599AE67AF95CF5DDEB56BF8D9D702","git-visible"
"output/real_data/schottdorf_canonical_v1_shared_bc_development_22cell_20260830/cells/69_3/inner-trajectory.csv","33145","142B2F7AD2A108FE5E0AE02A8C28404EC0A5C1DCC89E0870404C6F3CD89B6161","git-visible"
"output/real_data/schottdorf_canonical_v1_shared_bc_development_22cell_20260830/cells/69_3/model-inner-best.pt","219262","1246DD4E5A213A152F375BFF7553A419CF89F9E36B27DC4EABF4240EA67467F5","git-visible"
"output/real_data/schottdorf_canonical_v1_shared_bc_development_22cell_20260830/cells/69_3/model-raw.pt","218408","8190B961F3BE0C5BFF625BC6CF5F8541390773AC7DE32B7238AB5CE52301E254","git-visible"
"output/real_data/schottdorf_canonical_v1_shared_bc_development_22cell_20260830/cells/69_3/model-trained.pt","219088","50B334692CBFB5BA8E8FEAEDAC885C75A30860F5406B0414D831916754AFAE65","git-visible"
"output/real_data/schottdorf_canonical_v1_shared_bc_development_22cell_20260830/cells/69_3/refit-trajectory.csv","14248","3DBCC40F3C840476F4A11E1403CE20C47EE6B16EEFE923B4464641C49E6E1BDD","git-visible"
"output/real_data/schottdorf_canonical_v1_shared_bc_development_22cell_20260830/cells/69_3/results.json","5218","6EE493C19ADD445A4A23316CFA861C2373C7B96690969C771492773704898025","git-visible"
"output/real_data/schottdorf_canonical_v1_shared_bc_development_22cell_20260830/cells/69_3/validation-predictions.pt","75219","0F430C98BF25FE9B8FBBB83EAB941C173BAE9E5B188B3429FDCBD35719DA01BF","git-visible"
"output/real_data/schottdorf_canonical_v1_shared_bc_development_22cell_20260830/cells/69_4/analysis.json","4954","2571F1714E9F4305A31DACB4F6BE6D27651B3985BB6BD2F1140E2EA51A9FB0BD","git-visible"
"output/real_data/schottdorf_canonical_v1_shared_bc_development_22cell_20260830/cells/69_4/inner-trajectory.csv","14496","93ADE53B8EBA196F0C39EF9E05CAEF86CB9A41826A3C0EC7BFE062594A4006E5","git-visible"
"output/real_data/schottdorf_canonical_v1_shared_bc_development_22cell_20260830/cells/69_4/model-inner-best.pt","219198","365C94A77533EDEB633064510BF56F60547E4F5923C08785A6141632BB9D1D71","git-visible"
"output/real_data/schottdorf_canonical_v1_shared_bc_development_22cell_20260830/cells/69_4/model-raw.pt","218344","5418FFB21B8AF3C5A5BD54A6134F8EBF1F2AF5942FF1B6386CE302E1776AE7B7","git-visible"
"output/real_data/schottdorf_canonical_v1_shared_bc_development_22cell_20260830/cells/69_4/model-trained.pt","219024","B40878F31DCA0434259A6BC6AFFE5C3793DAF3ADF7D541CE205C226A2E91473B","git-visible"
"output/real_data/schottdorf_canonical_v1_shared_bc_development_22cell_20260830/cells/69_4/refit-trajectory.csv","3310","D642BB93625C84CF15097300A11BA57D0AC02970DF00C579A31B50BE5388B655","git-visible"
"output/real_data/schottdorf_canonical_v1_shared_bc_development_22cell_20260830/cells/69_4/results.json","5058","D89D2840FB998810E1877C5D14D17473667343B2F7C5F63B37F9B19E88F13D4B","git-visible"
"output/real_data/schottdorf_canonical_v1_shared_bc_development_22cell_20260830/cells/69_4/validation-predictions.pt","64979","8E956AB3B279686A4EB71A69152E6E6D561321480BB4BDE2001C0DD878FBB2B2","git-visible"
"output/real_data/schottdorf_canonical_v1_shared_bc_development_22cell_20260830/cells/69_6/analysis.json","4962","3BF5A2325B85C06A83C677CE560185220E0A40516C431E78CD1CF2F755E417CB","git-visible"
"output/real_data/schottdorf_canonical_v1_shared_bc_development_22cell_20260830/cells/69_6/inner-trajectory.csv","21253","AE5F02F1EA9300C3985C07C79550028E1BE70AA8E7A015EE6661889E5FE7A4A1","git-visible"
"output/real_data/schottdorf_canonical_v1_shared_bc_development_22cell_20260830/cells/69_6/model-inner-best.pt","219262","2E3F0D9E394FD380A547286FD988765BD7008C73096CE0C68A0F44AA16BEB077","git-visible"
"output/real_data/schottdorf_canonical_v1_shared_bc_development_22cell_20260830/cells/69_6/model-raw.pt","218408","32DA7FBC9128CDD4A2C971904EEBD013C95A6631FD0BF8596DCB0D5C019FD517","git-visible"
"output/real_data/schottdorf_canonical_v1_shared_bc_development_22cell_20260830/cells/69_6/model-trained.pt","219088","336E3D8E2DE8282F9134FE057E1C91C021B6BF4F47C0EB25840F492F322FC21D","git-visible"
"output/real_data/schottdorf_canonical_v1_shared_bc_development_22cell_20260830/cells/69_6/refit-trajectory.csv","7200","8141987C38706542111124F2B3388E0028BC6E8472DE850CAC845C2E0104BF5B","git-visible"
"output/real_data/schottdorf_canonical_v1_shared_bc_development_22cell_20260830/cells/69_6/results.json","5219","43B3A3840FCD6316E74CF563CAB5B42A91434CBA123480FD82C4C14E01276E78","git-visible"
"output/real_data/schottdorf_canonical_v1_shared_bc_development_22cell_20260830/cells/69_6/validation-predictions.pt","75219","C41029FBB86D541CAC2D84175272DF7ECF71FCD5A3F0D1079B3C39BC602B9C1D","git-visible"
"output/real_data/schottdorf_canonical_v1_shared_bc_development_22cell_20260830/cells/69_7/analysis.json","4954","D092C00073E2E4FAA21EB09AA8A6F5D23E923A366685B6A1C361D71CC5F0CAC1","git-visible"
"output/real_data/schottdorf_canonical_v1_shared_bc_development_22cell_20260830/cells/69_7/inner-trajectory.csv","17484","EF50CA1111B5B5904716E044EE9C2CE1B0BEF6C563D93578F610F84DCA5B2919","git-visible"
"output/real_data/schottdorf_canonical_v1_shared_bc_development_22cell_20260830/cells/69_7/model-inner-best.pt","219262","D01937BC8195F0C44EFBC8009B53F815B236E574458B16977C501F9FCE9A4E73","git-visible"
"output/real_data/schottdorf_canonical_v1_shared_bc_development_22cell_20260830/cells/69_7/model-raw.pt","218408","0123D2288C41BEBBF60055D817E1DD45FA53AB75DC2386E727BEFF1B4B521EBB","git-visible"
"output/real_data/schottdorf_canonical_v1_shared_bc_development_22cell_20260830/cells/69_7/model-trained.pt","219088","E2C234C61343D1050B20793F5C09A5927E9EC62061A30949D339271843CED80E","git-visible"
"output/real_data/schottdorf_canonical_v1_shared_bc_development_22cell_20260830/cells/69_7/refit-trajectory.csv","5141","32D2F4C4440E80E957B093D027D09CD550049AB3DFD20ED3E45ACDFDB3AD440E","git-visible"
"output/real_data/schottdorf_canonical_v1_shared_bc_development_22cell_20260830/cells/69_7/results.json","5219","A942362EAA2AF92A94D26B59F8FB38FFF8B1C45C3A7EF0989ADE90A55AA589BD","git-visible"
"output/real_data/schottdorf_canonical_v1_shared_bc_development_22cell_20260830/cells/69_7/validation-predictions.pt","75219","324D33A56AE616F6D14D47EA0F58AA56082F3790F0705287F3354390A9F75921","git-visible"
"output/real_data/schottdorf_canonical_v1_shared_bc_development_22cell_20260830/cells/70_1/analysis.json","4963","02BD7626C69D8599A89AD78372D1F52C520AD20A96A13B28ED8D1DE7E1373C01","git-visible"
"output/real_data/schottdorf_canonical_v1_shared_bc_development_22cell_20260830/cells/70_1/inner-trajectory.csv","26160","4EDAA9C2D94E8E5A346AA73A25DCB4AB6BC230768440BA05AC03B7E59FC47BBA","git-visible"
"output/real_data/schottdorf_canonical_v1_shared_bc_development_22cell_20260830/cells/70_1/model-inner-best.pt","219198","99A41EE0AEE644CFBA1B303B724A4002A8F4F2AAA695065AF74FC26A8C6BB5DC","git-visible"
"output/real_data/schottdorf_canonical_v1_shared_bc_development_22cell_20260830/cells/70_1/model-raw.pt","218344","C7C3BC381EEE25FDDE1554E0979A8537695EDAE91911E927CD3EE0A2449EE01B","git-visible"
"output/real_data/schottdorf_canonical_v1_shared_bc_development_22cell_20260830/cells/70_1/model-trained.pt","219024","E4D15D07D2ACCB218DCE44B5A0F5AB4F3DAB7124DCEB0082DCEC886CE0236309","git-visible"
"output/real_data/schottdorf_canonical_v1_shared_bc_development_22cell_20260830/cells/70_1/refit-trajectory.csv","10210","59ADD61F2F1B074C8D4D8696D42554636B1D08F0BC13138C1F233196845366B8","git-visible"
"output/real_data/schottdorf_canonical_v1_shared_bc_development_22cell_20260830/cells/70_1/results.json","5058","FC148501318ED793BE361F34AEF395160FE3C596E4E845963A5EEFBFE4007190","git-visible"
"output/real_data/schottdorf_canonical_v1_shared_bc_development_22cell_20260830/cells/70_1/validation-predictions.pt","64979","ADE92C8B570E186D780E4ED76268FA6F5F5E44D0A5D32036CCED30698DD7F4B3","git-visible"
"output/real_data/schottdorf_canonical_v1_shared_bc_development_22cell_20260830/cells/70_15/analysis.json","4962","B835DB261DEAE96E763ED2291C63C55D24F98900E01E9E51B9A0D617D73B3833","git-visible"
"output/real_data/schottdorf_canonical_v1_shared_bc_development_22cell_20260830/cells/70_15/inner-trajectory.csv","11168","D6F91FE51BA3CE5E7C25DF99B5D253EC1A77FAF4C7AB82B83890075858D6DD94","git-visible"
"output/real_data/schottdorf_canonical_v1_shared_bc_development_22cell_20260830/cells/70_15/model-inner-best.pt","219198","DD72451A2D278B42737E3C46B6D365710FFB4647C9105665F1E38319D8E87263","git-visible"
"output/real_data/schottdorf_canonical_v1_shared_bc_development_22cell_20260830/cells/70_15/model-raw.pt","218344","C8F7EA330533F5B868A87D525BD60DE039963C84887DAD47D325330E60A8B8A7","git-visible"
"output/real_data/schottdorf_canonical_v1_shared_bc_development_22cell_20260830/cells/70_15/model-trained.pt","219024","2F6178198AE6591CEFACA37DEDAAA707A60116F73AD966A72899DCE0EB4D338A","git-visible"
"output/real_data/schottdorf_canonical_v1_shared_bc_development_22cell_20260830/cells/70_15/refit-trajectory.csv","1408","5E271BA4DF12E409DC659AF1B787E04195F897B4244581B7E94D4CC00EFD8AB8","git-visible"
"output/real_data/schottdorf_canonical_v1_shared_bc_development_22cell_20260830/cells/70_15/results.json","5046","317CC888333653DB69B97B6B8AC3F1DDE1FABD4B1E02C090F846EA6BB50A955B","git-visible"
"output/real_data/schottdorf_canonical_v1_shared_bc_development_22cell_20260830/cells/70_15/validation-predictions.pt","64979","22F8C0AA2AFFFBAF285FD2A2F640B45609A33F15C4334CF276B82BD9DAC79B14","git-visible"
"output/real_data/schottdorf_canonical_v1_shared_bc_development_22cell_20260830/cells/70_34/analysis.json","4949","492B6B17FCF922B77A13CC6BB71DBC949C50B748E018B4E2BB51BEE43FF51A62","git-visible"
"output/real_data/schottdorf_canonical_v1_shared_bc_development_22cell_20260830/cells/70_34/inner-trajectory.csv","16161","618CBDC489E86B3ECFDB5AA548C8A59F55BF6E04E9AF4312D70F79D4B6799AEB","git-visible"
"output/real_data/schottdorf_canonical_v1_shared_bc_development_22cell_20260830/cells/70_34/model-inner-best.pt","219262","A8F4A3C9BBEBEBFBB6593505C0DF5D16740C11725593F42F28E17C5ADF6F350F","git-visible"
"output/real_data/schottdorf_canonical_v1_shared_bc_development_22cell_20260830/cells/70_34/model-raw.pt","218408","1CFA31B793CE484AAD9A40A956DFC4275E6F9156A9058D425565EC3684DE9622","git-visible"
"output/real_data/schottdorf_canonical_v1_shared_bc_development_22cell_20260830/cells/70_34/model-trained.pt","219088","AE01DFE02D83CA87CD19C6E3DA9D3E76A2D3389B4773178B9D488B44B599ECFA","git-visible"
"output/real_data/schottdorf_canonical_v1_shared_bc_development_22cell_20260830/cells/70_34/refit-trajectory.csv","4266","5B9E35CBBD84ECD31F5BA1B9C2727FFC8B7C50BFF684C604F8923D265EEC17A5","git-visible"
"output/real_data/schottdorf_canonical_v1_shared_bc_development_22cell_20260830/cells/70_34/results.json","5221","DA539CD922250991FDDC856306489009DD126E78C0A0CE9C54284061C66844D2","git-visible"
"output/real_data/schottdorf_canonical_v1_shared_bc_development_22cell_20260830/cells/70_34/validation-predictions.pt","75219","DD574E1372D80931430F9151D0D3C4348F09C9C6E31E22414A523789E9B2E6FA","git-visible"
"output/real_data/schottdorf_canonical_v1_shared_bc_development_22cell_20260830/cells/70_7/analysis.json","4952","69D9B2086FE76D42E1E6A55C701D0BE57D28827C1F4390A2D8C6707F04B6B850","git-visible"
"output/real_data/schottdorf_canonical_v1_shared_bc_development_22cell_20260830/cells/70_7/inner-trajectory.csv","18267","6E1114D7336A9F7AB908CCDE4C5B2B189BF6E5E80BB702988D8ACF25BFDBBB40","git-visible"
"output/real_data/schottdorf_canonical_v1_shared_bc_development_22cell_20260830/cells/70_7/model-inner-best.pt","219262","5764CD6AD8FAA86BEBAB818F3046E7C409E8D95FCFE116FDC035F298BDE2543A","git-visible"
"output/real_data/schottdorf_canonical_v1_shared_bc_development_22cell_20260830/cells/70_7/model-raw.pt","218408","6A58626D475E921E50A9159D53C8FB684916284B96CAD100062451B755905BDE","git-visible"
"output/real_data/schottdorf_canonical_v1_shared_bc_development_22cell_20260830/cells/70_7/model-trained.pt","219024","F58A9ED77CA1132CFAB909B661449ECE0FD185C57C2146DDECDF23D2DC1C49CE","git-visible"
"output/real_data/schottdorf_canonical_v1_shared_bc_development_22cell_20260830/cells/70_7/refit-trajectory.csv","5493","AEB0933F4AB8E503A14B84E64662645D27C32C666549958855DA00D4E1A3459A","git-visible"
"output/real_data/schottdorf_canonical_v1_shared_bc_development_22cell_20260830/cells/70_7/results.json","5217","C33B6C8324C8F1F57DF5316F2455C2D77696F36BC5BD13E9C9189C2EB7F43537","git-visible"
"output/real_data/schottdorf_canonical_v1_shared_bc_development_22cell_20260830/cells/70_7/validation-predictions.pt","75219","D247DC4B55E820C0DDB06CCE19189CD385233BD64B1632EC4BDF4EAD1EBE8506","git-visible"
"output/real_data/schottdorf_canonical_v1_shared_bc_development_22cell_20260830/comparison.json","190290","85154E9F1C60CB3090C1C56707551B94A11E4275049F1BA0563B8A8843B2C362","git-visible"
"output/real_data/schottdorf_canonical_v1_shared_bc_development_22cell_20260830/effective-parameters.pt","104454","5E21F8969A54BD562ADB80E1E3AE5DD0D7FBC63FA2DA4FE97FD91042824DDEF5","git-visible"
"output/real_data/schottdorf_canonical_v1_shared_bc_development_22cell_20260830/group-comparison.csv","4546","B3D440491C24D270895FF729F9729998E93B8599EF11C1583D60A4F48C75A1A7","git-visible"
"output/real_data/schottdorf_canonical_v1_shared_bc_development_22cell_20260830/learned-pathway-quantities.csv","10388","5B4653925A8BDDD82D6D272954AF38EA908BF2830185328BC5A112EFB0122720","git-visible"
"output/real_data/schottdorf_canonical_v1_shared_bc_development_22cell_20260830/per-cell-comparison.csv","15733","ED97880C0B9194C6D6A369AC3CBD17178AF0F3B4CE12F0C7B3837A4808DE46C1","git-visible"
"output/real_data/schottdorf_canonical_v1_shared_bc_development_22cell_20260830/perturbation-tensors.pt","2012434","6F331688510F6AF1CE47B055A57F14507DA9394D8831ACDB715BF62721D89267","git-visible"
"output/real_data/schottdorf_canonical_v1_shared_bc_development_22cell_20260830/results.json","134219","8DF815F65905D2B50A4A5B00A387497148EB8DAF00D1959650D1A52070223373","git-visible"
"output/real_data/schottdorf_canonical_v1_shared_bc_development_22cell_20260830/RESULTS.md","31399","FFAA3F35CBE2245FB406CC7A951E85D4DD1B85800D63244C3BC907C781F8D1D0","git-visible"
"output/real_data/schottdorf_canonical_v1_shared_bc_development_22cell_20260830/rf-tensors.pt","1660140","02854671E4690CE33A07AE2CEEC33CDA8208476931520D9F691207BA521CA9F4","git-visible"
"output/real_data/schottdorf_canonical_v1_shared_bc_development_22cell_20260830/run-manifest.json","53852","95D90B6ADDE1ECE46882012985946BC0F59168699509CA09751CAE94261703E3","git-visible"
"output/real_data/schottdorf_canonical_v1_shared_bc_development_22cell_20260830/run.py","11646","BCA9BF75DD5C78D3024AD653A7F6207A506327143D89C9DDBD99FE768DCBA5E2","git-visible"
"output/real_data/schottdorf_canonical_v1_shared_bc_frozen_applications_20260830/common.py","6021","8C7F40F42A6F3710C8367DA23D5E7B44DC8F94104B0F9D67DED1D49039AFD79E","git-visible"
"output/real_data/schottdorf_canonical_v1_shared_bc_frozen_applications_20260830/figures.py","5681","9A1610F9A7E7DB08C1C6A76369FFFE0EA75D8B04AC057AB2F2D2D3E556E368E6","git-visible"
"output/real_data/schottdorf_canonical_v1_shared_bc_frozen_applications_20260830/illusion_replay.py","7476","4617877B84B280C461CD7D213A61A2F3F1173534C61239C2CAE73ACAF2AE4E29","git-visible"
"output/real_data/schottdorf_canonical_v1_shared_bc_frozen_applications_20260830/illusion/group-comparisons.csv","297243","96B8F30EE974211BA0507FB4C2F121C4F9822E06949C6A6007AD8FB590280EF5","git-visible"
"output/real_data/schottdorf_canonical_v1_shared_bc_frozen_applications_20260830/illusion/group-metric-differences.csv","2543622","2730981EE42EFEE481154C05DDBDB31A1208D9A1F611F9EDE8F16408C8CD22B2","git-visible"
"output/real_data/schottdorf_canonical_v1_shared_bc_frozen_applications_20260830/illusion/group-responses.csv","1679679","158AF14C757D7BBEC2EF7352B6F1A8D7E7E51E0541B96129583F17B04F31D993","git-visible"
"output/real_data/schottdorf_canonical_v1_shared_bc_frozen_applications_20260830/illusion/mach-boundary-differences.csv","119546","9E9E926A420C84735638AA2256C7FA01F106F576ACF50DCD10861688ADB97201","git-visible"
"output/real_data/schottdorf_canonical_v1_shared_bc_frozen_applications_20260830/illusion/mach-boundary-extrema.csv","78931","220B6D13CC35B8C155C1E7AAFE2981A0926F198EBD1F6015BD03D3E0DA3F3E75","git-visible"
"output/real_data/schottdorf_canonical_v1_shared_bc_frozen_applications_20260830/illusion/mach-boundary-group-differences.csv","32902","DF87501FDA43CD01AD51B026EDABEEF3497EDAFFF277290117FE410E3A14672E","git-visible"
"output/real_data/schottdorf_canonical_v1_shared_bc_frozen_applications_20260830/illusion/mach-boundary-group.csv","20306","22368A8D467EB5248122985E7ACBA4E055B799121A250CB941EC6558A18D139D","git-visible"
"output/real_data/schottdorf_canonical_v1_shared_bc_frozen_applications_20260830/illusion/per-cell-comparisons.csv","1282668","FBD8CC27C41D4AAFD885F3580FEA27513AAD2CAE876997A41D7178C6605FD61F","git-visible"
"output/real_data/schottdorf_canonical_v1_shared_bc_frozen_applications_20260830/illusion/per-cell-metric-differences.csv","11069408","CC18C7D252A9046A88677F6C8FB328D925CA8EF97FB9572152A30084BCB103A6","git-visible"
"output/real_data/schottdorf_canonical_v1_shared_bc_frozen_applications_20260830/illusion/per-cell-responses.csv","7318968","9B7285352547C1ACE4388CCA404633BBA73A32E1F8E7D0AE3B04510355136798","git-visible"
"output/real_data/schottdorf_canonical_v1_shared_bc_frozen_applications_20260830/illusion/results.json","6295213","C9E52E9C07B2A318C32AE20CE565DF3FF30652F2013F1CE3721495D345C171BB","git-visible"
"output/real_data/schottdorf_canonical_v1_shared_bc_frozen_applications_20260830/input-manifest.json","12969","9254F5F2CCB152C5A14C4594E464E7D6E5F8463930C2B362B1EB0795AFEBB9A3","git-visible"
"output/real_data/schottdorf_canonical_v1_shared_bc_frozen_applications_20260830/report_results.py","10730","EBB19810599C69282E411A539A8CCEE9D348128F89D94C204815BDA05CF348D7","git-visible"
"output/real_data/schottdorf_canonical_v1_shared_bc_frozen_applications_20260830/report-manifest.json","5434","DA49652A219FFC5B87ECBE947926853202ECB74D07B72AD0FE5D0F4F2BA4FFF4","git-visible"
"output/real_data/schottdorf_canonical_v1_shared_bc_frozen_applications_20260830/RESULTS.md","27261","FC1D41518C2D38BBB04612320904861DEB105A13C54E4E0168742314B0027676","git-visible"
"output/real_data/schottdorf_canonical_v1_shared_bc_frozen_applications_20260830/run.py","3888","9C83C1F44EEEB44FBAA6B89AC7B01B4CDB2BE1B0548771B6B2415A666EE56A1D","git-visible"
"output/real_data/schottdorf_canonical_v1_shared_bc_frozen_applications_20260830/temporal_replay.py","3696","E1782AA86BB2D386A5C5446B30E937B18324C5FADE495676C0029DC267D91EC8","git-visible"
"output/real_data/schottdorf_canonical_v1_shared_bc_frozen_applications_20260830/temporal/comparison.json","3439273","2007D82D510EF10C44FAF4E6EEAAB3037DF0EB8E632D7C297A1C3F15590743E9","git-visible"
"output/real_data/schottdorf_canonical_v1_shared_bc_frozen_applications_20260830/temporal/figures/67_14.png","648197","DF7D3650AFA5D26497BC891CE12CF870A13A2464EE3A0C872B74C167F2F18D3C","git-visible"
"output/real_data/schottdorf_canonical_v1_shared_bc_frozen_applications_20260830/temporal/figures/67_21.png","587281","377635DBDD2145B8EA66AFD4FD44083BF04D43334F5CAFAB073E5A5E83B5BFEA","git-visible"
"output/real_data/schottdorf_canonical_v1_shared_bc_frozen_applications_20260830/temporal/figures/67_26.png","626044","F7DDBFDF179C4E2D93081CB5BCEA6E07CA056BFF59F87380069A4B18C21A9E2F","git-visible"
"output/real_data/schottdorf_canonical_v1_shared_bc_frozen_applications_20260830/temporal/figures/67_33.png","660381","5742531B83BAE9A96A37FA0064D5B5AC04FB6D36DCDD9E4284164F2A5F7C9D31","git-visible"
"output/real_data/schottdorf_canonical_v1_shared_bc_frozen_applications_20260830/temporal/figures/67_34.png","617778","BA9645B0CB79A3B24F951400DDEC0C4CE866C3B38B22A3140A5C675B75993778","git-visible"
"output/real_data/schottdorf_canonical_v1_shared_bc_frozen_applications_20260830/temporal/figures/67_4.png","543301","F00CD1B7C66BC0F0FB86C613FB3B6D3C57EA21BC4B0CFC84499B8F739F856490","git-visible"
"output/real_data/schottdorf_canonical_v1_shared_bc_frozen_applications_20260830/temporal/figures/67_6.png","698549","9062C318A8B39BE18608A2C10D9FDEFA8DDD6729DE0D75A7C2867134D386BD7A","git-visible"
"output/real_data/schottdorf_canonical_v1_shared_bc_frozen_applications_20260830/temporal/figures/67_7.png","680796","18683C36EC247688C47FF5174A98C15062BB76624ECA9A0691F5BBAEABAAAC2B","git-visible"
"output/real_data/schottdorf_canonical_v1_shared_bc_frozen_applications_20260830/temporal/figures/68_10.png","596576","4AF2B86F50B025EB2B4F4F6A9D968EAD885708E7A208C6422E2C7D942271B152","git-visible"
"output/real_data/schottdorf_canonical_v1_shared_bc_frozen_applications_20260830/temporal/figures/68_11.png","567057","BFD8433305BA075E467D6D9C295D2C75D46E8832E732A528AD565F3126B122CF","git-visible"
"output/real_data/schottdorf_canonical_v1_shared_bc_frozen_applications_20260830/temporal/figures/68_3.png","621512","6A53EC1B4D3FB8E3F4184F111C50E1650E641409D2EB95FD27A4DB7A92FD45E5","git-visible"
"output/real_data/schottdorf_canonical_v1_shared_bc_frozen_applications_20260830/temporal/figures/68_4.png","671267","15E815083317428461E9D82F5598C6D78F5DD7FDDFCD62BD65D8CBB826E6B3E5","git-visible"
"output/real_data/schottdorf_canonical_v1_shared_bc_frozen_applications_20260830/temporal/figures/68_7.png","613416","0883AC9BA7991693CE9944B5D3D1BBDAC319BABE24D0C77533C7979B1BBF6FAD","git-visible"
"output/real_data/schottdorf_canonical_v1_shared_bc_frozen_applications_20260830/temporal/figures/69_21.png","588149","3246A41CA29175F521FCF80DB0AE76F9D20CD5E7F9977F2357F02C61B1684E1F","git-visible"
"output/real_data/schottdorf_canonical_v1_shared_bc_frozen_applications_20260830/temporal/figures/69_3.png","613900","C38E0B0FE693701E06E4EDBFB72889BA8402276B747FEFAA8D6E000D04EDFAE3","git-visible"
"output/real_data/schottdorf_canonical_v1_shared_bc_frozen_applications_20260830/temporal/figures/69_4.png","628489","2C6CC08330AC68779D780193764E43C71653DE22A7803F83D2AC656F5DA8AC98","git-visible"
"output/real_data/schottdorf_canonical_v1_shared_bc_frozen_applications_20260830/temporal/figures/69_6.png","689926","E42CAA24A0B47BEBB7173C0EFCF8BC9B6EE0B81306124E0B7C9F010DB551498A","git-visible"
"output/real_data/schottdorf_canonical_v1_shared_bc_frozen_applications_20260830/temporal/figures/69_7.png","667969","5B3AD998A3F61D98FD121A7CF37223723F9CC1E741F5A8789D739AC8B08278DC","git-visible"
"output/real_data/schottdorf_canonical_v1_shared_bc_frozen_applications_20260830/temporal/figures/70_1.png","598159","D00969C5B84D9574F4CE8F3088AEEDECA02C7F3F28EEFC45663F5C72C68378E4","git-visible"
"output/real_data/schottdorf_canonical_v1_shared_bc_frozen_applications_20260830/temporal/figures/70_15.png","610190","4BDEC863D6BC4EF420C7CE15D62358F320BCEF26DC778805C11B7DE2D1318588","git-visible"
"output/real_data/schottdorf_canonical_v1_shared_bc_frozen_applications_20260830/temporal/figures/70_34.png","661632","E47EF618152EC3153DE68F4D6AF73D3AFC23566913B491AFB0E58A6A610CB53B","git-visible"
"output/real_data/schottdorf_canonical_v1_shared_bc_frozen_applications_20260830/temporal/figures/70_7.png","637881","D54D731E8C67A2727CC4B97AE985EC38F795B477DE3B0F234168F56E9AA002FF","git-visible"
"output/real_data/schottdorf_canonical_v1_shared_bc_frozen_applications_20260830/temporal/figures/all.png","638437","0850D4CA0DA8F289A101585C523C3C81949238CB8F10033C11E7B6BB36083042","git-visible"
"output/real_data/schottdorf_canonical_v1_shared_bc_frozen_applications_20260830/temporal/figures/effect-magnitude.png","76325","D502409EC702076FDA0206B5CBEBC39D3C93D04DF581E2BD53D0254217028F47","git-visible"
"output/real_data/schottdorf_canonical_v1_shared_bc_frozen_applications_20260830/temporal/figures/MC_OFF.png","671349","BCA334FE68503432240304326B472F3F3CF3A78176AFB830586E2468241124DA","git-visible"
"output/real_data/schottdorf_canonical_v1_shared_bc_frozen_applications_20260830/temporal/figures/MC_ON.png","646661","8FC721DC1852D216FD5B82C25955C844E32A38523CBF2F085D511FA3439C81F0","git-visible"
"output/real_data/schottdorf_canonical_v1_shared_bc_frozen_applications_20260830/temporal/figures/PC_OFF.png","587900","5EE42183F2479697DDAA73B659F083720243FCDDFB20B4355BD7BF12CF5CDA1B","git-visible"
"output/real_data/schottdorf_canonical_v1_shared_bc_frozen_applications_20260830/temporal/figures/PC_ON.png","609331","FC54B6B1A050069DFB359DED25348286EA312161E0AAB3178F5891206FED87E4","git-visible"
"output/real_data/schottdorf_canonical_v1_shared_bc_frozen_applications_20260830/temporal/figures/stimulus-waveforms.png","155339","D82BDC6E7068E4686CA5D377E4B03B2B1A1C0DC04F44E725FF67385ED344D219","git-visible"
"output/real_data/schottdorf_canonical_v1_shared_bc_frozen_applications_20260830/temporal/group-summary.csv","90564","B272A4ED8483CFFB1EA646DCEF79D029FE6B71F95F1A392237F89AA5076DF347","git-visible"
"output/real_data/schottdorf_canonical_v1_shared_bc_frozen_applications_20260830/temporal/group-vs-overlapping.csv","187430","3C368718F1EE19BCAC52DF186185786D839116E57347FD857A87BDFF41975D00","git-visible"
"output/real_data/schottdorf_canonical_v1_shared_bc_frozen_applications_20260830/temporal/per-cell-vs-overlapping.csv","803265","E160FBA9A3B343A3A5034B360AD0A60D8340B9D580DC8E86FF9974E4D86360E4","git-visible"
"output/real_data/schottdorf_canonical_v1_shared_bc_frozen_applications_20260830/temporal/per-cell.csv","396548","8A44832C24182A0059659B4660A63AC1FDF373FB995F8D33B19D2CF3E36DFFCA","git-visible"
"output/real_data/schottdorf_canonical_v1_shared_bc_frozen_applications_20260830/temporal/per-event-onset-offset.csv","2450740","89A2396359EC6E080C8EB438C4D308148BD234391F8D8EECA1170649D2626DDA","git-visible"
"output/real_data/schottdorf_canonical_v1_shared_bc_frozen_applications_20260830/temporal/per-event-vs-overlapping.csv","3305571","D1A38120328B0DBA1052388DFA6D93F2D810B57EA98BFD0F5F52AF114C6B10A4","git-visible"
"output/real_data/schottdorf_canonical_v1_shared_bc_frozen_applications_20260830/temporal/protocol.json","25924","C5224E11563E974D40AAC927182E72C3EEC41AC65FDEE52C6BC640A373305F7A","git-visible"
"output/real_data/schottdorf_canonical_v1_shared_bc_frozen_applications_20260830/temporal/results.json","1516861","DCA5BF98BA5E4D86231AA25E3B9D78807A0678E0C469C611E92E79B5E8404780","git-visible"
"output/real_data/schottdorf_canonical_v1_shared_bc_frozen_applications_20260830/temporal/RESULTS.md","3714","587586F36E8AE06906A405EB05237780F1ED8E771950F9AE23B73A6F822A04CF","git-visible"
"output/real_data/schottdorf_canonical_v1_shared_bc_frozen_applications_20260830/temporal/stimulus-statistics.csv","3016","C715851C81CCCE88FCA3DADBF0D58964C2D38A18E87837F3520954333F1212D3","git-visible"
"output/real_data/schottdorf_canonical_v1_shared_bc_frozen_applications_20260830/verification.json","54456","73F322E1386E333AD2A7E735C0281FC5E3C1DF920A34685589E7BCAF18E0D0B6","git-visible"
"output/real_data/schottdorf_center_surround_ln_22cell_seed61001_20260830/cells/67_14/inner-lambda-0.0001.pt","19990","1FB0E4DEBAD16A4A822F177DF46790FE58EA8E212BF37E4D2EEA7DBA8D578EE8","git-visible"
"output/real_data/schottdorf_center_surround_ln_22cell_seed61001_20260830/cells/67_14/inner-lambda-0.001.pt","19970","F169E318A6E23BF2FD09FC4DEC365A279D89EE8978307DF103F21448F671954B","git-visible"
"output/real_data/schottdorf_center_surround_ln_22cell_seed61001_20260830/cells/67_14/inner-lambda-0.01.pt","19950","2958DADBB4A3226842AA2DEE96D005770E353517582F485B334E08A45C51E547","git-visible"
"output/real_data/schottdorf_center_surround_ln_22cell_seed61001_20260830/cells/67_14/inner-lambda-1e-05.pt","19970","14DE08EB12A5D405BA6B20EC232881D68E741B8258EBCBB6D61850D0D7B5C833","git-visible"
"output/real_data/schottdorf_center_surround_ln_22cell_seed61001_20260830/cells/67_14/ln-raw.pt","7028","1D8CF02A409ACE702B9C0761D1621E08A601DAE29E90559BE82FE3CFC256E596","git-visible"
"output/real_data/schottdorf_center_surround_ln_22cell_seed61001_20260830/cells/67_14/ln-trained.pt","7140","3AD6FB22061DE698C814643CF91C2AF1E54EBB4EEFE9321370AF2930D5988419","git-visible"
"output/real_data/schottdorf_center_surround_ln_22cell_seed61001_20260830/cells/67_14/results.json","126137","3B5767B5C6CE0B73D715F4B5A8E0760D8FF22C8E034EB465CB1DC951AE4EBB8D","git-visible"
"output/real_data/schottdorf_center_surround_ln_22cell_seed61001_20260830/cells/67_14/validation-predictions.pt","92254","F7FDCE6B2239751CDEF9CE039D4397FA7D7FE41C6FF7A48E9A01E446C9E1CE0B","git-visible"
"output/real_data/schottdorf_center_surround_ln_22cell_seed61001_20260830/cells/67_21/inner-lambda-0.0001.pt","19990","E00BB4CAC6B4561D7CD3ECF8A615EFAE2927ED1C2E8A02A9DD9D3F772D7406CD","git-visible"
"output/real_data/schottdorf_center_surround_ln_22cell_seed61001_20260830/cells/67_21/inner-lambda-0.001.pt","19970","CD1EB09843F11DBDC627C1394DD4BBEC6EE8A75966447A43AC6EC11E5F04C13B","git-visible"
"output/real_data/schottdorf_center_surround_ln_22cell_seed61001_20260830/cells/67_21/inner-lambda-0.01.pt","19950","559BF1D1FE8764F2C83D6772E900D7A1596DF576FF622205841DD2F72B8383D1","git-visible"
"output/real_data/schottdorf_center_surround_ln_22cell_seed61001_20260830/cells/67_21/inner-lambda-1e-05.pt","19970","245191291383BEAF8B8E87F334334DF74A31F9F00BDF9F46A395F4A6E6C81F85","git-visible"
"output/real_data/schottdorf_center_surround_ln_22cell_seed61001_20260830/cells/67_21/ln-raw.pt","7028","DAE9BD8085DF4C918E5852FF5CD01B0C6698B1D8A552B8720F1964D8A0C1390F","git-visible"
"output/real_data/schottdorf_center_surround_ln_22cell_seed61001_20260830/cells/67_21/ln-trained.pt","7140","D06D5DAAABE0A6DE3FE44AD21D0902AB9103D461A0F8DC10E43103498FC54876","git-visible"
"output/real_data/schottdorf_center_surround_ln_22cell_seed61001_20260830/cells/67_21/results.json","126280","858948D7C7CAD5A6B51810A63B69D3AA954264389BB56D10EE83CDB063ACBE2A","git-visible"
"output/real_data/schottdorf_center_surround_ln_22cell_seed61001_20260830/cells/67_21/validation-predictions.pt","92254","35747DA77B115CCD9353DA5C08D1FAED6FE9F902C5AAE021DCC0A736922CBF26","git-visible"
"output/real_data/schottdorf_center_surround_ln_22cell_seed61001_20260830/cells/67_26/inner-lambda-0.0001.pt","19990","C7CB985AF88F28F70CDD3AF810591CF2D26FCEECBF8BA39C6D1C33F6B3F98C9A","git-visible"
"output/real_data/schottdorf_center_surround_ln_22cell_seed61001_20260830/cells/67_26/inner-lambda-0.001.pt","19970","583299575D806830F7775F03CCBFFFC8078556E3C648B24FAE56DDA4A10176FF","git-visible"
"output/real_data/schottdorf_center_surround_ln_22cell_seed61001_20260830/cells/67_26/inner-lambda-0.01.pt","19950","99B23EA88CB90F9C96AEB71987014DAFF4A48C01C6F336C553AF397036C2CAED","git-visible"
"output/real_data/schottdorf_center_surround_ln_22cell_seed61001_20260830/cells/67_26/inner-lambda-1e-05.pt","19970","C1D456947CA8B1FA0FCA3BBDA79E32E88574A37CE87FA44F98512CE177DBC998","git-visible"
"output/real_data/schottdorf_center_surround_ln_22cell_seed61001_20260830/cells/67_26/ln-raw.pt","7028","79A4657CFE4D49D0305AEE6AFC34EA86B54D0846C150A506EC923EC3B1F67E44","git-visible"
"output/real_data/schottdorf_center_surround_ln_22cell_seed61001_20260830/cells/67_26/ln-trained.pt","7140","3925FE635EE84D0B2DC72A20A1484BA296881B937F7143B557187D9F53B09869","git-visible"
"output/real_data/schottdorf_center_surround_ln_22cell_seed61001_20260830/cells/67_26/results.json","124367","CDB7C83B79851FC203A799AEE041963BBF9A1E851093E6D8F22C34133E253932","git-visible"
"output/real_data/schottdorf_center_surround_ln_22cell_seed61001_20260830/cells/67_26/validation-predictions.pt","92254","ED3EC3DB37E07552955E11238B2B459CF80D650A80355F13FD398E38E2CFC48B","git-visible"
"output/real_data/schottdorf_center_surround_ln_22cell_seed61001_20260830/cells/67_33/inner-lambda-0.0001.pt","19990","F864285E60080BFC77DB8A267E33A703A6AF00324733171581A5F09E032F9EE0","git-visible"
"output/real_data/schottdorf_center_surround_ln_22cell_seed61001_20260830/cells/67_33/inner-lambda-0.001.pt","19970","4205AE563D31900A89435BF0850DAE769D324D7D645BD2B47805A42A35BC79B3","git-visible"
"output/real_data/schottdorf_center_surround_ln_22cell_seed61001_20260830/cells/67_33/inner-lambda-0.01.pt","19950","C2C788AE4CED199160E8E86D0EA7B4C5793C0BD29375759BEB42C9EF6126C9DC","git-visible"
"output/real_data/schottdorf_center_surround_ln_22cell_seed61001_20260830/cells/67_33/inner-lambda-1e-05.pt","19970","3617EA20FFB7EC3743AB85B604578BB5230546AB1462776C34C921DCAE7713E5","git-visible"
"output/real_data/schottdorf_center_surround_ln_22cell_seed61001_20260830/cells/67_33/ln-raw.pt","7028","4098A07936C6DAEA6071768F0C22ACD7198CFA1E9606CA1A1A45383EE257C140","git-visible"
"output/real_data/schottdorf_center_surround_ln_22cell_seed61001_20260830/cells/67_33/ln-trained.pt","7140","2214095516353E591E483D020A0C7726A1C3FDBA30199738479487FA1D2C06F4","git-visible"
"output/real_data/schottdorf_center_surround_ln_22cell_seed61001_20260830/cells/67_33/results.json","126285","22BDEED065880B0F144D80E49E72672B2529B8B71FE9A3736A73E30476A9D160","git-visible"
"output/real_data/schottdorf_center_surround_ln_22cell_seed61001_20260830/cells/67_33/validation-predictions.pt","92254","494A7ACCBFB44C932D1A5826F4AC26C10C0AA6D39C4B33670B85F8D49D144A34","git-visible"
"output/real_data/schottdorf_center_surround_ln_22cell_seed61001_20260830/cells/67_34/inner-lambda-0.0001.pt","19990","F9AAC4237C903296C1FF092663B6B9ACBFF5FD98DDF27277877AEDFBBEC9B7B2","git-visible"
"output/real_data/schottdorf_center_surround_ln_22cell_seed61001_20260830/cells/67_34/inner-lambda-0.001.pt","19970","6E6D14471AEC460657FD495188FE810B1BD68D9582366EA29001827CBFAC6AA3","git-visible"
"output/real_data/schottdorf_center_surround_ln_22cell_seed61001_20260830/cells/67_34/inner-lambda-0.01.pt","19950","A6E3E93039397EC5D839DDE470FA1925484A952CD21BD6C3B0AD3353A6D12DC7","git-visible"
"output/real_data/schottdorf_center_surround_ln_22cell_seed61001_20260830/cells/67_34/inner-lambda-1e-05.pt","19970","56AF35C630F11FE741B1D3E0562537B6D53EA67636BF1BFD3FD55BF821C4652B","git-visible"
"output/real_data/schottdorf_center_surround_ln_22cell_seed61001_20260830/cells/67_34/ln-raw.pt","7028","2C858E620E928700FB73E974998B6B3B6A464ABBB345F983F49D0DA4B9354CB1","git-visible"
"output/real_data/schottdorf_center_surround_ln_22cell_seed61001_20260830/cells/67_34/ln-trained.pt","7140","5D01DB4758014227145034352A3AA21DF71120E7AB26CEF2B191147565447E8E","git-visible"
"output/real_data/schottdorf_center_surround_ln_22cell_seed61001_20260830/cells/67_34/results.json","126148","9DA4C1FB036D1677DF4EC7D608BC562E3CC527C7BFA35A2495470A1F07B8AB4E","git-visible"
"output/real_data/schottdorf_center_surround_ln_22cell_seed61001_20260830/cells/67_34/validation-predictions.pt","92254","2C84F6208658BAC4093F48115E5A8D5CC3710EF63F865A9E8BCE34CF5F5A44CF","git-visible"
"output/real_data/schottdorf_center_surround_ln_22cell_seed61001_20260830/cells/67_4/inner-lambda-0.0001.pt","16662","DAA33B2174826AD6A7015B507B22124508762971E94237FE220344991B3F5CF2","git-visible"
"output/real_data/schottdorf_center_surround_ln_22cell_seed61001_20260830/cells/67_4/inner-lambda-0.001.pt","16642","9DA27EE51B0CE3F50B0955C5099D75DEEA72067BB39E863BB87CC09A89A9A23C","git-visible"
"output/real_data/schottdorf_center_surround_ln_22cell_seed61001_20260830/cells/67_4/inner-lambda-0.01.pt","16622","F46DC19E0C4AFF8F5756B1C840A44128F359B283000B0B20F43C76BB72E42D4B","git-visible"
"output/real_data/schottdorf_center_surround_ln_22cell_seed61001_20260830/cells/67_4/inner-lambda-1e-05.pt","16642","35D1FFE6F4BC552BB98415A47A065BFAFB1C450BFC395E9EA1E5FE3206E4B3ED","git-visible"
"output/real_data/schottdorf_center_surround_ln_22cell_seed61001_20260830/cells/67_4/ln-raw.pt","6836","50861BDC5B43B73266CF21FBC63A8EFBEFC85347531D655B5E6C1D59CE87BEDB","git-visible"
"output/real_data/schottdorf_center_surround_ln_22cell_seed61001_20260830/cells/67_4/ln-trained.pt","6948","340A5214B33A3135EABF234A076FDA7744EE50F832F066713956E4EEA0E4BB63","git-visible"
"output/real_data/schottdorf_center_surround_ln_22cell_seed61001_20260830/cells/67_4/results.json","81040","6B10FA28CC012C1F1F722C5B92131465F9FBB16AFA912DECD0F3BFBBE924591F","git-visible"
"output/real_data/schottdorf_center_surround_ln_22cell_seed61001_20260830/cells/67_4/validation-predictions.pt","15454","CBD444C26E98F05813B10093BD2811A01F0E667D5426CD5370179406E98B36A6","git-visible"
"output/real_data/schottdorf_center_surround_ln_22cell_seed61001_20260830/cells/67_6/inner-lambda-0.0001.pt","19990","4E739AE92E0C9DAF61F758BFADCDAEB6AC1BCAA36A8FE689D0C2BC76BCDB0A45","git-visible"
"output/real_data/schottdorf_center_surround_ln_22cell_seed61001_20260830/cells/67_6/inner-lambda-0.001.pt","19970","226C820BD2D48170F640C91C8F9C8631555468E51659BA85DBD1C96783CCC8B6","git-visible"
"output/real_data/schottdorf_center_surround_ln_22cell_seed61001_20260830/cells/67_6/inner-lambda-0.01.pt","19950","3E84CDDD1E11A5169C3AC501F6DB800F087412AA60D3F6B5475BA23B48F0BA20","git-visible"
"output/real_data/schottdorf_center_surround_ln_22cell_seed61001_20260830/cells/67_6/inner-lambda-1e-05.pt","19970","297C8E18B2B3859C1208C4AA12A8BE967B51B99F1B5D3AA6608D2BD3D412B32D","git-visible"
"output/real_data/schottdorf_center_surround_ln_22cell_seed61001_20260830/cells/67_6/ln-raw.pt","7028","33C120B897FD59F325515C8D270676218D580CB8CD306025B3474427F53D1CE6","git-visible"
"output/real_data/schottdorf_center_surround_ln_22cell_seed61001_20260830/cells/67_6/ln-trained.pt","7140","8C001A97989696651F314C1970B024EEE8F188526B79B7CB85B8D6728722A014","git-visible"
"output/real_data/schottdorf_center_surround_ln_22cell_seed61001_20260830/cells/67_6/results.json","125894","B3F8FDD07C3678DACCB19EE3F4C0C79507B7259097BFA2215FA5FA1E7D3401B3","git-visible"
"output/real_data/schottdorf_center_surround_ln_22cell_seed61001_20260830/cells/67_6/validation-predictions.pt","92254","7F81DB480AB458A64F6DF50EE268F897E26F87CC96E6E44D72A98C069D59AAC0","git-visible"
"output/real_data/schottdorf_center_surround_ln_22cell_seed61001_20260830/cells/67_7/inner-lambda-0.0001.pt","19990","94865BECC33369D52AEEBDD164E9E78D279F95906E93042DB05D5881B0C8D658","git-visible"
"output/real_data/schottdorf_center_surround_ln_22cell_seed61001_20260830/cells/67_7/inner-lambda-0.001.pt","19970","8D90FBEE40FAF2FCA71EA7DC68467842B967513D7FF6C855A63CE8EE6E06F441","git-visible"
"output/real_data/schottdorf_center_surround_ln_22cell_seed61001_20260830/cells/67_7/inner-lambda-0.01.pt","19950","EEE097FB61C42B620A2816013FD0B454AE6BAE9A0676463EB0802032074F40F8","git-visible"
"output/real_data/schottdorf_center_surround_ln_22cell_seed61001_20260830/cells/67_7/inner-lambda-1e-05.pt","19970","6BD393D614A3F97190D94C8494BBD9B274EA8A3A3E92E5789F89D19828447D3F","git-visible"
"output/real_data/schottdorf_center_surround_ln_22cell_seed61001_20260830/cells/67_7/ln-raw.pt","7028","DFB8B634CFA525FFE22D958643BE28D0416DB62595BC89A87871FD4C324EE60D","git-visible"
"output/real_data/schottdorf_center_surround_ln_22cell_seed61001_20260830/cells/67_7/ln-trained.pt","7140","9574ED9C694567A308FA70AC2848EC34AD81732F921677F72C80234CF64BA02A","git-visible"
"output/real_data/schottdorf_center_surround_ln_22cell_seed61001_20260830/cells/67_7/results.json","125810","B70E0877E3103810AE5F43C5E4FA4812196D58637D2B48890868D4FB13D9B473","git-visible"
"output/real_data/schottdorf_center_surround_ln_22cell_seed61001_20260830/cells/67_7/validation-predictions.pt","92254","9B70B28FE218F7B3AD09E6ECB014E4E7A44AE38F40571AE2504F4BB23F3580A5","git-visible"
"output/real_data/schottdorf_center_surround_ln_22cell_seed61001_20260830/cells/68_10/inner-lambda-0.0001.pt","19990","C60696B186F13548F7BA31EFD4AEFDD26D21E3514F7FF237CF5323D3211B3F1A","git-visible"
"output/real_data/schottdorf_center_surround_ln_22cell_seed61001_20260830/cells/68_10/inner-lambda-0.001.pt","19970","3CE34C74877DBE797E28F44F894D789F4CE417F4B56BEA577BE81A64B4AC0DF5","git-visible"
"output/real_data/schottdorf_center_surround_ln_22cell_seed61001_20260830/cells/68_10/inner-lambda-0.01.pt","19950","7872D01130959D8FCECEFC515DC338F416FC00D1288089D868C4A662B962DD62","git-visible"
"output/real_data/schottdorf_center_surround_ln_22cell_seed61001_20260830/cells/68_10/inner-lambda-1e-05.pt","19970","B83D1F73043D3B8826004701EC2861DCBFB848093C9EF397C8B75A96D2B64F5A","git-visible"
"output/real_data/schottdorf_center_surround_ln_22cell_seed61001_20260830/cells/68_10/ln-raw.pt","6836","DA050ED098D38CBB94DEE58233E8A5736E59C933D44D58790566392FDC3313C3","git-visible"
"output/real_data/schottdorf_center_surround_ln_22cell_seed61001_20260830/cells/68_10/ln-trained.pt","6948","521E5EA0AF1296F890F0FB367DC6A054BF6F823ACE15841CB8F8B46CDEE7B83C","git-visible"
"output/real_data/schottdorf_center_surround_ln_22cell_seed61001_20260830/cells/68_10/results.json","124891","2E9E271869E9EDEB519C46A49986695268666FA35D8B92A59CD82314C2EB63EB","git-visible"
"output/real_data/schottdorf_center_surround_ln_22cell_seed61001_20260830/cells/68_10/validation-predictions.pt","15454","AF532BB3E2943F1C75BDC9988F902B740856105F72E659718E1B1C253B2701D7","git-visible"
"output/real_data/schottdorf_center_surround_ln_22cell_seed61001_20260830/cells/68_11/inner-lambda-0.0001.pt","19990","CD56B3AF1F486F7B59C207FA00BC454939E17FE8E8A038ABF3B29950B7254E0F","git-visible"
"output/real_data/schottdorf_center_surround_ln_22cell_seed61001_20260830/cells/68_11/inner-lambda-0.001.pt","19970","0AF25185EB552E2C7220623CBE9035122FBFE64D1160A7A4DE1C71BD27D3B8BF","git-visible"
"output/real_data/schottdorf_center_surround_ln_22cell_seed61001_20260830/cells/68_11/inner-lambda-0.01.pt","19950","882A0979B68874544D7899F8EA0915CDA9D7BF4ACCE89EB8700D092D920F0489","git-visible"
"output/real_data/schottdorf_center_surround_ln_22cell_seed61001_20260830/cells/68_11/inner-lambda-1e-05.pt","19970","AB40BB1C8A519673D03D731633CB0DB1B2923AD62506A92DB495CC88A259E406","git-visible"
"output/real_data/schottdorf_center_surround_ln_22cell_seed61001_20260830/cells/68_11/ln-raw.pt","7028","0BEB1A77C261DC308A7EDA00084F7D27E47BDFC3581B9036CA2A68AEB7E0A9F5","git-visible"
"output/real_data/schottdorf_center_surround_ln_22cell_seed61001_20260830/cells/68_11/ln-trained.pt","7140","F2C09690356C273980032537FAD0E40D787B22C2DF8956540FDD969274D9267E","git-visible"
"output/real_data/schottdorf_center_surround_ln_22cell_seed61001_20260830/cells/68_11/results.json","126225","A143134E831368BA22DB6499D724FFF3BAB8D853AD97DA6A663DAF6F6A5CEC18","git-visible"
"output/real_data/schottdorf_center_surround_ln_22cell_seed61001_20260830/cells/68_11/validation-predictions.pt","92254","0F7E81AEECFB427636DBB8DFB6BBBDB94E108212DB7F551CD9E5ED1FCEBCAD96","git-visible"
"output/real_data/schottdorf_center_surround_ln_22cell_seed61001_20260830/cells/68_3/inner-lambda-0.0001.pt","19990","E900046A7A77128F0207C13EA505984A46BF78889E94960CB0C546287B38BC2E","git-visible"
"output/real_data/schottdorf_center_surround_ln_22cell_seed61001_20260830/cells/68_3/inner-lambda-0.001.pt","19970","4C2D10C141C4290F3943ADA0F1E910A57E45CA1BA32AB91708A0D737D39E810D","git-visible"
"output/real_data/schottdorf_center_surround_ln_22cell_seed61001_20260830/cells/68_3/inner-lambda-0.01.pt","19950","DA9583898601DFA1538870DF45070C0DE93FE4C2680D9A0B107E5E5F7622C2CF","git-visible"
"output/real_data/schottdorf_center_surround_ln_22cell_seed61001_20260830/cells/68_3/inner-lambda-1e-05.pt","19970","7E66D12C5CE8BCB4193E72CA9061D4C09E13311BCEA324CC224B163619274C84","git-visible"
"output/real_data/schottdorf_center_surround_ln_22cell_seed61001_20260830/cells/68_3/ln-raw.pt","7028","E65FCF1401621AFD241DEA1CAF760D3CF90026BF76E527CAF3483F51AB770897","git-visible"
"output/real_data/schottdorf_center_surround_ln_22cell_seed61001_20260830/cells/68_3/ln-trained.pt","7140","547F727D8F54359E16AC42E49B721A17709D7393C10E484D3BB5AF4DD5C21BDB","git-visible"
"output/real_data/schottdorf_center_surround_ln_22cell_seed61001_20260830/cells/68_3/results.json","125824","E132F13783D75D83DFABCA9303EC9D6A7255DE013CA9004AA8AB61BABC8E911F","git-visible"
"output/real_data/schottdorf_center_surround_ln_22cell_seed61001_20260830/cells/68_3/validation-predictions.pt","92254","5BD318D8846E7080595E7FF305175643AA74162EEA56941393BE829F5CA45611","git-visible"
"output/real_data/schottdorf_center_surround_ln_22cell_seed61001_20260830/cells/68_4/inner-lambda-0.0001.pt","19990","90A93000C233884AEE95EAF8436E9FEF9C5529D41C4345F908E2BCC4FBFF0E8E","git-visible"
"output/real_data/schottdorf_center_surround_ln_22cell_seed61001_20260830/cells/68_4/inner-lambda-0.001.pt","19970","4319411BF0EADE95818F05EF9EC626C03BE0BA8B5E90C38DA9D7926FEDEBEA9C","git-visible"
"output/real_data/schottdorf_center_surround_ln_22cell_seed61001_20260830/cells/68_4/inner-lambda-0.01.pt","19950","C0846C87AAEFA405168D2912E902CC2175847D19CE32E44276DAEFA2EE13CCAD","git-visible"
"output/real_data/schottdorf_center_surround_ln_22cell_seed61001_20260830/cells/68_4/inner-lambda-1e-05.pt","19970","73864825A9426B0CF9ABEFEBEC84D6F570176802F5AA87EA199649CF7F7CA1DC","git-visible"
"output/real_data/schottdorf_center_surround_ln_22cell_seed61001_20260830/cells/68_4/ln-raw.pt","6836","87E6E19214CC1F1BF39C97DFCE0A74D0936C94A2EB338E468B96493651F0EDDD","git-visible"
"output/real_data/schottdorf_center_surround_ln_22cell_seed61001_20260830/cells/68_4/ln-trained.pt","6948","BAE348332843FA56C4A05A3C769790E73C45E04E7E06ED8BB37F0115BB4E4281","git-visible"
"output/real_data/schottdorf_center_surround_ln_22cell_seed61001_20260830/cells/68_4/results.json","125963","B13161D099FB264DFD350DC79BF5C2EB567ECE6801228B2977B6A90D148D34FB","git-visible"
"output/real_data/schottdorf_center_surround_ln_22cell_seed61001_20260830/cells/68_4/validation-predictions.pt","79646","AA744F4B29AC47930D54D7E40A86FC5F9127F8F05548610E728A3CE2DAD11E99","git-visible"
"output/real_data/schottdorf_center_surround_ln_22cell_seed61001_20260830/cells/68_7/inner-lambda-0.0001.pt","19990","04856B901EE856E87FCD3F51F43F4D3536C539BC4E004520E0EAFFF108A8DEE0","git-visible"
"output/real_data/schottdorf_center_surround_ln_22cell_seed61001_20260830/cells/68_7/inner-lambda-0.001.pt","19970","A8F917FCB201173AE2441FA5046F59244D2C58B39E7E76DC04F06CDA47035124","git-visible"
"output/real_data/schottdorf_center_surround_ln_22cell_seed61001_20260830/cells/68_7/inner-lambda-0.01.pt","19950","469A805C2104F85878974BF7C23652D552C56F9E04957A546AC4083812B85CBD","git-visible"
"output/real_data/schottdorf_center_surround_ln_22cell_seed61001_20260830/cells/68_7/inner-lambda-1e-05.pt","19970","9FADE83E67DE1E36DF80F1D8CD2D0AD5D69013B2B3415A22F9C430FF1EEEC7B1","git-visible"
"output/real_data/schottdorf_center_surround_ln_22cell_seed61001_20260830/cells/68_7/ln-raw.pt","7028","42F0BA21047BDA8AAA908CD91D37FA72FA83C7B7709C793A029E30E06A06392C","git-visible"
"output/real_data/schottdorf_center_surround_ln_22cell_seed61001_20260830/cells/68_7/ln-trained.pt","7140","97D77BC59873A07AF799EB5EA7473316AEAE7BA97541DE3B2585AE09A8E8B44D","git-visible"
"output/real_data/schottdorf_center_surround_ln_22cell_seed61001_20260830/cells/68_7/results.json","126131","7B9D4C769F696569EA50C28469124B1EC39B8037002E561FB62B18D91E4338F0","git-visible"
"output/real_data/schottdorf_center_surround_ln_22cell_seed61001_20260830/cells/68_7/validation-predictions.pt","92254","ACA39226AA116B00227BF81E38D1488EAE16777C6286575497BC864F222751B4","git-visible"
"output/real_data/schottdorf_center_surround_ln_22cell_seed61001_20260830/cells/69_21/inner-lambda-0.0001.pt","19990","AD772F7CAF347FE98D50295F23E26FF99270E5280A327031E981FD04672F14F4","git-visible"
"output/real_data/schottdorf_center_surround_ln_22cell_seed61001_20260830/cells/69_21/inner-lambda-0.001.pt","19970","EA02D0374E7F2A6384D2040CD5CA3DC10351E2F43C74AB856038DE8E4D65DE48","git-visible"
"output/real_data/schottdorf_center_surround_ln_22cell_seed61001_20260830/cells/69_21/inner-lambda-0.01.pt","19950","4F55A308CC1FFA73A7E5FBE215335E8F55766B75F4F5AF13FBC29C0257F0EF3A","git-visible"
"output/real_data/schottdorf_center_surround_ln_22cell_seed61001_20260830/cells/69_21/inner-lambda-1e-05.pt","19970","1602D023A9F889970B2961603336DE4DC826A548ED73CF84E0B7F79E2385A43B","git-visible"
"output/real_data/schottdorf_center_surround_ln_22cell_seed61001_20260830/cells/69_21/ln-raw.pt","6836","4EA7A00FA3672316F1AE280E55323D2F3522BF54DB6209AF2EF8BA55049B9666","git-visible"
"output/real_data/schottdorf_center_surround_ln_22cell_seed61001_20260830/cells/69_21/ln-trained.pt","6948","09132054D57C37B5BD59A1BE882FAD02ABF4D94C9D3C280561FF44EE2AAAA8BE","git-visible"
"output/real_data/schottdorf_center_surround_ln_22cell_seed61001_20260830/cells/69_21/results.json","124219","43BAC9B71431C5466971654E7C141BE788F57D16A3D6241D38A4B1B9A7BBFFA0","git-visible"
"output/real_data/schottdorf_center_surround_ln_22cell_seed61001_20260830/cells/69_21/validation-predictions.pt","79646","2F7764785EDE7796DF05B6EB5CD7AC887C20D2C93BCECC0C4BF4552090187B81","git-visible"
"output/real_data/schottdorf_center_surround_ln_22cell_seed61001_20260830/cells/69_3/inner-lambda-0.0001.pt","19990","08237B84984F6FFF0ED2E9F767365F6BAACB8DD24697040E405BF41989E4C8BA","git-visible"
"output/real_data/schottdorf_center_surround_ln_22cell_seed61001_20260830/cells/69_3/inner-lambda-0.001.pt","19970","2B6DE8EA19FF28805284C62EB180E2A66340C846D5857AC4CFB6C29C2DA4824E","git-visible"
"output/real_data/schottdorf_center_surround_ln_22cell_seed61001_20260830/cells/69_3/inner-lambda-0.01.pt","19950","64FE8BA0A41CB5FB7A400D7E58537B398868E3700AA0910F115AF478D573F717","git-visible"
"output/real_data/schottdorf_center_surround_ln_22cell_seed61001_20260830/cells/69_3/inner-lambda-1e-05.pt","19970","BBBE07EE84EE5C0FBF61A38F2C8231DEC1FA06B23256BCA777392485099CB308","git-visible"
"output/real_data/schottdorf_center_surround_ln_22cell_seed61001_20260830/cells/69_3/ln-raw.pt","7028","67AE5EE230D633C2B280DB39EC4CBBC5F7882E1B6C9B79190CB8D36BE6BE60F0","git-visible"
"output/real_data/schottdorf_center_surround_ln_22cell_seed61001_20260830/cells/69_3/ln-trained.pt","7140","A18F14A6F06F044023FC6F049F5237C3E48173F9434706EDCE70A054BA1A5857","git-visible"
"output/real_data/schottdorf_center_surround_ln_22cell_seed61001_20260830/cells/69_3/results.json","124270","9D1980260D442C3C4131C52ADDC1B99D1B0A4E40F69B2EC952FEDB468258F267","git-visible"
"output/real_data/schottdorf_center_surround_ln_22cell_seed61001_20260830/cells/69_3/validation-predictions.pt","92254","8625653421171638D8723A08AB6F984BACB1944FE0FA0B7992484E64AEE8C69E","git-visible"
"output/real_data/schottdorf_center_surround_ln_22cell_seed61001_20260830/cells/69_4/inner-lambda-0.0001.pt","19990","5BBDD77FCAF9E8AC486CC98FBCADCE28244045ABC8639211EBD35041D36BFE91","git-visible"
"output/real_data/schottdorf_center_surround_ln_22cell_seed61001_20260830/cells/69_4/inner-lambda-0.001.pt","19970","F0587B837D723F5CB56F23B0E5B450A65AD2B51151E5897A726F7C17EF063840","git-visible"
"output/real_data/schottdorf_center_surround_ln_22cell_seed61001_20260830/cells/69_4/inner-lambda-0.01.pt","19950","4FD2DAC818F1723D7CA68B79DD641E41A60754F9A9912254D443FB2D80BCBC83","git-visible"
"output/real_data/schottdorf_center_surround_ln_22cell_seed61001_20260830/cells/69_4/inner-lambda-1e-05.pt","19970","979D4A409017332F4C1FD38D398A57DD07111D59D8DEDCF7704BF1FEDD142BB4","git-visible"
"output/real_data/schottdorf_center_surround_ln_22cell_seed61001_20260830/cells/69_4/ln-raw.pt","6836","DD4F6D6764DADBA28624ABFD946F13D315C9FD43748F7EFB1C4F9BBA1CBDD4C7","git-visible"
"output/real_data/schottdorf_center_surround_ln_22cell_seed61001_20260830/cells/69_4/ln-trained.pt","6948","A57BA32AA6C5E2BB948479947A979B08888872F3E37EA67F64C276B9D6836BB8","git-visible"
"output/real_data/schottdorf_center_surround_ln_22cell_seed61001_20260830/cells/69_4/results.json","125624","A8DD7F10EBB2A9C4D241FF7AD847C67B34568C48C28789208B6209649F31FB3E","git-visible"
"output/real_data/schottdorf_center_surround_ln_22cell_seed61001_20260830/cells/69_4/validation-predictions.pt","79646","43FF9BFBFC733AD2CDC41EE688719B9F82B779652B7267DDD09F70E88392752A","git-visible"
"output/real_data/schottdorf_center_surround_ln_22cell_seed61001_20260830/cells/69_6/inner-lambda-0.0001.pt","19990","CC8EA334DBB69514385C56B82A95D9D30417ED84738BE20BE47AF0E317C635C9","git-visible"
"output/real_data/schottdorf_center_surround_ln_22cell_seed61001_20260830/cells/69_6/inner-lambda-0.001.pt","19970","7FD205668E6D5D134C5A95ACAD9BFBEA6BF2A1A61FDFD6CCD207C3BC8EEF236A","git-visible"
"output/real_data/schottdorf_center_surround_ln_22cell_seed61001_20260830/cells/69_6/inner-lambda-0.01.pt","19950","D257FD23F0F03D32C08652AD0C48B4FDCC7EFD62B99BBF56E388926C84C75CC5","git-visible"
"output/real_data/schottdorf_center_surround_ln_22cell_seed61001_20260830/cells/69_6/inner-lambda-1e-05.pt","19970","ECBAB0BA07E4D439DF8FCC50D7FD5E7F90C080C3EE3EB13C75010D6E65033AD1","git-visible"
"output/real_data/schottdorf_center_surround_ln_22cell_seed61001_20260830/cells/69_6/ln-raw.pt","7028","80A668B39CCC164A11F1E0F33D7818419332A0300EEB597D9D64B5EA93FAAF68","git-visible"
"output/real_data/schottdorf_center_surround_ln_22cell_seed61001_20260830/cells/69_6/ln-trained.pt","7140","55C5D91F0647261D7BA6EDE81EA482FE8B97AA14F0C941E1C99F94CF906AF61A","git-visible"
"output/real_data/schottdorf_center_surround_ln_22cell_seed61001_20260830/cells/69_6/results.json","126144","71C8783E8A8E71E845C37A4432E15ABEB8E1BFC42EE60269D7B41F509B065940","git-visible"
"output/real_data/schottdorf_center_surround_ln_22cell_seed61001_20260830/cells/69_6/validation-predictions.pt","92254","F8D34188785BADCF33C42CCD129BAAAD8E59B9FF74AA116128561ED29CFF449E","git-visible"
"output/real_data/schottdorf_center_surround_ln_22cell_seed61001_20260830/cells/69_7/inner-lambda-0.0001.pt","19990","4E7BCE949C22F1749E001C76542F8D96BAC899968B78AE4F61613A6BABA45B32","git-visible"
"output/real_data/schottdorf_center_surround_ln_22cell_seed61001_20260830/cells/69_7/inner-lambda-0.001.pt","19970","A52E36F82A4E98A7DF61E17501A803104B19E2FF1F8EFCE4C275A2303741A34A","git-visible"
"output/real_data/schottdorf_center_surround_ln_22cell_seed61001_20260830/cells/69_7/inner-lambda-0.01.pt","19950","AAE541B0AE0F35BE78625B38002EBFC09C1EC837864275B90726233B26481E63","git-visible"
"output/real_data/schottdorf_center_surround_ln_22cell_seed61001_20260830/cells/69_7/inner-lambda-1e-05.pt","19970","2311CCADD2089DAC8105288413E28FA6CBEBE67D19A2BDFA1F28E6F6FE1FDBE0","git-visible"
"output/real_data/schottdorf_center_surround_ln_22cell_seed61001_20260830/cells/69_7/ln-raw.pt","7028","9FF9E24E7560BE419926C89496C797EF571578003FF3C451DFC4CF599E30B40F","git-visible"
"output/real_data/schottdorf_center_surround_ln_22cell_seed61001_20260830/cells/69_7/ln-trained.pt","7140","5198FB2A42694DE36B4DF06547DFAEC2EE2C5BFF5D244C9D9ED6DA62E26F1270","git-visible"
"output/real_data/schottdorf_center_surround_ln_22cell_seed61001_20260830/cells/69_7/results.json","125516","AB396EEAE4C8D9BB70D96E46EB3994896D872C567D1117FAC5BE27F3BC4E96EA","git-visible"
"output/real_data/schottdorf_center_surround_ln_22cell_seed61001_20260830/cells/69_7/validation-predictions.pt","92254","DC78DAAEDFC98FC25ADAC564214229FB41DB80824DF2E53E6873F08F181C91AA","git-visible"
"output/real_data/schottdorf_center_surround_ln_22cell_seed61001_20260830/cells/70_1/inner-lambda-0.0001.pt","19990","FEFCD9541192422B552BC223105656DE3D4D9CDBFC62517DD4EB11CBD32251B8","git-visible"
"output/real_data/schottdorf_center_surround_ln_22cell_seed61001_20260830/cells/70_1/inner-lambda-0.001.pt","19970","DBFCE0E798451D468199DAE28AF2A6C610EB2D90B9F1B3682C8EC2CD1AA8B12D","git-visible"
"output/real_data/schottdorf_center_surround_ln_22cell_seed61001_20260830/cells/70_1/inner-lambda-0.01.pt","19950","D70EB054B4FCC91FEA17D5D764FB83DE593B136A3310DB5FB59BBC26CA230E49","git-visible"
"output/real_data/schottdorf_center_surround_ln_22cell_seed61001_20260830/cells/70_1/inner-lambda-1e-05.pt","19970","3DCBF01E13A8AB491FED0282A73F7CFE511305C02F4790349A8AE4E2631D9021","git-visible"
"output/real_data/schottdorf_center_surround_ln_22cell_seed61001_20260830/cells/70_1/ln-raw.pt","6836","31434DFF89CC8529B6F790C0E75D693D63F0F64E683D7C31E5B3C6A8C8EC8685","git-visible"
"output/real_data/schottdorf_center_surround_ln_22cell_seed61001_20260830/cells/70_1/ln-trained.pt","6948","977615EAE5F2CCCDD5755E0326DBF5E6A2350FD491BF7703F21C66F71756EBFA","git-visible"
"output/real_data/schottdorf_center_surround_ln_22cell_seed61001_20260830/cells/70_1/results.json","123956","D31580415016762F224D6FD6AF9B032C9A7E24528E2D76BE6254CF3DFEB92E87","git-visible"
"output/real_data/schottdorf_center_surround_ln_22cell_seed61001_20260830/cells/70_1/validation-predictions.pt","79646","A664D52985D6349D6FF9BFC280815246957755803FFC365ED09653E61E1E10EA","git-visible"
"output/real_data/schottdorf_center_surround_ln_22cell_seed61001_20260830/cells/70_15/inner-lambda-0.0001.pt","17878","03E553FA2999D1E972F8E43A7920BBA8C04D4FE3991D7C00E376029D9302C8A7","git-visible"
"output/real_data/schottdorf_center_surround_ln_22cell_seed61001_20260830/cells/70_15/inner-lambda-0.001.pt","17858","5DA2310B364E9D929ECA2C2CF9F8C4320E19FF329EDFC0AD2AD19F27EE11CAE6","git-visible"
"output/real_data/schottdorf_center_surround_ln_22cell_seed61001_20260830/cells/70_15/inner-lambda-0.01.pt","17838","2F0C4CA183DC55FF33E7A41BC6D8E274DF0242B9C9A2159BC4A3AC2C33247390","git-visible"
"output/real_data/schottdorf_center_surround_ln_22cell_seed61001_20260830/cells/70_15/inner-lambda-1e-05.pt","17858","1C9B8B66A65D840EE97365C9029DD3ED345BD601C9B8A3DF85C6EA48A0276928","git-visible"
"output/real_data/schottdorf_center_surround_ln_22cell_seed61001_20260830/cells/70_15/ln-raw.pt","6836","5BE7D27EA6FE08CDD044709689B789A1873434C6A21BD85422271CA6A9E3635F","git-visible"
"output/real_data/schottdorf_center_surround_ln_22cell_seed61001_20260830/cells/70_15/ln-trained.pt","6948","385B580A8F97E5B1C039C7BC3B670BB8B6E20B4885675CB0334D46A5EA867308","git-visible"
"output/real_data/schottdorf_center_surround_ln_22cell_seed61001_20260830/cells/70_15/results.json","98176","B10AF29D0A310B3FDE103B186179F00AFBF865493B184E59336E0935E252505B","git-visible"
"output/real_data/schottdorf_center_surround_ln_22cell_seed61001_20260830/cells/70_15/validation-predictions.pt","79646","499EEBB8F115A20FBA86D37DD7331F78726DB15367772D954CAA61B57EAE89F2","git-visible"
"output/real_data/schottdorf_center_surround_ln_22cell_seed61001_20260830/cells/70_34/inner-lambda-0.0001.pt","19990","E12A7526FE8E60646F9C95361C374A9AD24EB86170804BBB7C62E6862A818A09","git-visible"
"output/real_data/schottdorf_center_surround_ln_22cell_seed61001_20260830/cells/70_34/inner-lambda-0.001.pt","19970","86AE70593A5005450D4AEFE99C21D84D8A2F172AB2E80D0D7C4B6FFEB145192D","git-visible"
"output/real_data/schottdorf_center_surround_ln_22cell_seed61001_20260830/cells/70_34/inner-lambda-0.01.pt","19950","0698D7C6BF058BB40EF1B55EE6602BD79B2629E9891B5C6A5585775C4D6F3937","git-visible"
"output/real_data/schottdorf_center_surround_ln_22cell_seed61001_20260830/cells/70_34/inner-lambda-1e-05.pt","19970","3860A3DF836D5F7ECA7D7742EF0A7F87B41A39B3E851F0A5B443A9F4BAFEF455","git-visible"
"output/real_data/schottdorf_center_surround_ln_22cell_seed61001_20260830/cells/70_34/ln-raw.pt","7028","55AA3BF19F417E6041A12BDE08139F23991D826902C84CF4411DE18DF605D883","git-visible"
"output/real_data/schottdorf_center_surround_ln_22cell_seed61001_20260830/cells/70_34/ln-trained.pt","7140","45F85E951CA4AF71236B8526FFBE83C1BC1DBABE4BB47AE7F81F06E41C978447","git-visible"
"output/real_data/schottdorf_center_surround_ln_22cell_seed61001_20260830/cells/70_34/results.json","126118","DEE4C5448FE00828DC3ABEE6A1895C0F8BAE5DFB85502A5A160430D3B4B3D65B","git-visible"
"output/real_data/schottdorf_center_surround_ln_22cell_seed61001_20260830/cells/70_34/validation-predictions.pt","92254","DFC2EEF2859FD4C1A8ACDA43F9C801BC55B326DE09CCAD2E44CADACE07AEAA5F","git-visible"
"output/real_data/schottdorf_center_surround_ln_22cell_seed61001_20260830/cells/70_7/inner-lambda-0.0001.pt","19990","42B83BFE63D3AD343FEE2DDE59237E721E07D391F221956A2560474F27F9C685","git-visible"
"output/real_data/schottdorf_center_surround_ln_22cell_seed61001_20260830/cells/70_7/inner-lambda-0.001.pt","19970","8737925E12F641B6217182209478D675A7982903340BD3B4CF42662C27371DF4","git-visible"
"output/real_data/schottdorf_center_surround_ln_22cell_seed61001_20260830/cells/70_7/inner-lambda-0.01.pt","19950","7301B4C780A33F31881323743AD1E77A753FF3131299A85ACB108DDBD957758D","git-visible"
"output/real_data/schottdorf_center_surround_ln_22cell_seed61001_20260830/cells/70_7/inner-lambda-1e-05.pt","19970","71F3DA72CE89FBCCD2D5D0B249CD9720BD63A715EA2A00DCE6ECCBB72391591D","git-visible"
"output/real_data/schottdorf_center_surround_ln_22cell_seed61001_20260830/cells/70_7/ln-raw.pt","7028","F8E881CBF81E738397C7DA79A690B4AD03D0B1CA1F7A7A95D0451C6735DA1060","git-visible"
"output/real_data/schottdorf_center_surround_ln_22cell_seed61001_20260830/cells/70_7/ln-trained.pt","7140","C8DB43261C52822FF864D3A8F1F9D2184538DF2C17F193BB4E37FAC6D2B76FAF","git-visible"
"output/real_data/schottdorf_center_surround_ln_22cell_seed61001_20260830/cells/70_7/results.json","125963","153B8F472202141CE66AB74762F0678735F32AC7EFDD2C2ED82A9B039C2E129D","git-visible"
"output/real_data/schottdorf_center_surround_ln_22cell_seed61001_20260830/cells/70_7/validation-predictions.pt","92254","30C230C4D321D205B0D9AC38B8A580083A6921CB23AB279C7EC8740898151D54","git-visible"
"output/real_data/schottdorf_center_surround_ln_22cell_seed61001_20260830/per-cell.csv","6093","D64AD54B63B5DE0B554FA5A0528FB6624C9ADB78596B6AA5F3AD727E6488137D","git-visible"
"output/real_data/schottdorf_center_surround_ln_22cell_seed61001_20260830/reference-comparison.json","13606","8FA08F82AF10F47270322DCA17868954D62AD4F4E91ADEC0ADE78281DDB8396F","git-visible"
"output/real_data/schottdorf_center_surround_ln_22cell_seed61001_20260830/results.json","30648","E4836CE5BA8D452D4D0F2153445763D0CBF97734726A666063D1BA215AD2DDA9","git-visible"
"output/real_data/schottdorf_center_surround_ln_22cell_seed61001_20260830/run-complete.json","167","A0248F95F23D0D22130B216435AD9F79D0767D434788F69B2D49610B17EB160F","git-visible"
"output/real_data/schottdorf_center_surround_ln_22cell_seed61001_20260830/run-manifest.json","9688","99876E914FF06323E719323E1A0B872792933EBA8B4D5FCDFCB6FB8C57423D10","git-visible"
"output/real_data/schottdorf_center_surround_ln_67_4_smoke_seed61001/results.json","81040","6B10FA28CC012C1F1F722C5B92131465F9FBB16AFA912DECD0F3BFBBE924591F","git-visible"
"output/real_data/schottdorf_lee_2021_22cell_canonical_v1_revision4_fresh_20260829/cells/67_14/results.json","2888","F0B3A6D2B14C2842A0AEFDAC0303533C5A2B453903EB6AE0472E2B0B4C51BF5A","git-visible"
"output/real_data/schottdorf_lee_2021_22cell_canonical_v1_revision4_fresh_20260829/cells/67_21/results.json","2891","21207945C852122636E199D00E346A9C93D42A8D958452145293C4F046264F76","git-visible"
"output/real_data/schottdorf_lee_2021_22cell_canonical_v1_revision4_fresh_20260829/cells/67_26/results.json","2886","C7F894BF7F25E8047E60DAD6B28B58083431A8609912E7E00B18B77881358F67","git-visible"
"output/real_data/schottdorf_lee_2021_22cell_canonical_v1_revision4_fresh_20260829/cells/67_33/results.json","2895","CAE5462C35B69F40FA5A0D2DEB86FD281B8470BF53D43C34EF2144937F87A492","git-visible"
"output/real_data/schottdorf_lee_2021_22cell_canonical_v1_revision4_fresh_20260829/cells/67_34/results.json","2888","597DEEC683CDE67AF34C6682FA15B165460B43F8AB2BEF4903741B72E4BADFFB","git-visible"
"output/real_data/schottdorf_lee_2021_22cell_canonical_v1_revision4_fresh_20260829/cells/67_4/results.json","2382","AD1B197607513FD62CCEC83F13AD7C80D93BD904DB81317529FF6BE33C2136D0","git-visible"
"output/real_data/schottdorf_lee_2021_22cell_canonical_v1_revision4_fresh_20260829/cells/67_6/results.json","2894","2F85B759115CE0B32EDADF995BBA80CAE950C3745F83D2CF73E54DBF267869FF","git-visible"
"output/real_data/schottdorf_lee_2021_22cell_canonical_v1_revision4_fresh_20260829/cells/67_7/results.json","2887","F2E21476E69AF942887E3F884F8BFCCB8BCB03A257CA439FB9E1D045754C2861","git-visible"
"output/real_data/schottdorf_lee_2021_22cell_canonical_v1_revision4_fresh_20260829/cells/68_10/results.json","2378","A32635FC4D3BDEA8E9ECA5DEEA45B5FCFBF1121D14F205F2B2F1C07312A4B311","git-visible"
"output/real_data/schottdorf_lee_2021_22cell_canonical_v1_revision4_fresh_20260829/cells/68_11/results.json","2895","46EFD764B4ABCEDA44E103E8B9B6E741CABE848BC4F2EF13D0207CEB32DFCA49","git-visible"
"output/real_data/schottdorf_lee_2021_22cell_canonical_v1_revision4_fresh_20260829/cells/68_3/results.json","2889","4AF2E93B6CB179AC8C005A3991AE86437804659E3B1039BB730718E1C764E06C","git-visible"
"output/real_data/schottdorf_lee_2021_22cell_canonical_v1_revision4_fresh_20260829/cells/68_4/results.json","2379","179F9768113F512B30CF28286C9358EF30453484FEDBF7B0DC509FB47C915A43","git-visible"
"output/real_data/schottdorf_lee_2021_22cell_canonical_v1_revision4_fresh_20260829/cells/68_7/results.json","2888","DCB3AB632AFD37B97BCCC8F3113616BABCCE4F77DE04CAF2DEDEFC0F5CAB0F1C","git-visible"
"output/real_data/schottdorf_lee_2021_22cell_canonical_v1_revision4_fresh_20260829/cells/69_21/results.json","2382","017FB5CA6ACFC62331A069C76AB31D66C75F6279E6FB725B98072CF7013BFF11","git-visible"
"output/real_data/schottdorf_lee_2021_22cell_canonical_v1_revision4_fresh_20260829/cells/69_3/results.json","2890","BABA5C81B61E10C08D94AF9E5A0E19BF284AAE051274F70FAB68463AB46D3480","git-visible"
"output/real_data/schottdorf_lee_2021_22cell_canonical_v1_revision4_fresh_20260829/cells/69_4/results.json","2373","F5B5CEE2484267852F138454C82EBA39B0E9CCEC51CF20C10C73B24A1BC6C773","git-visible"
"output/real_data/schottdorf_lee_2021_22cell_canonical_v1_revision4_fresh_20260829/cells/69_6/results.json","2889","863562AC2761EF5B1DBC38082367B5F2AFCABAD4657B208A6C897DD7BCEE2FC9","git-visible"
"output/real_data/schottdorf_lee_2021_22cell_canonical_v1_revision4_fresh_20260829/cells/69_7/results.json","2881","F77FBD3843DA3CDA347036B17674F7615F3BDAC39B022AB4FBCF7E9F781D9E17","git-visible"
"output/real_data/schottdorf_lee_2021_22cell_canonical_v1_revision4_fresh_20260829/cells/70_1/results.json","2382","6CE31ED7678D4A27BB0E7B139912DC9140D8CE41765043409D34CA0027147DB5","git-visible"
"output/real_data/schottdorf_lee_2021_22cell_canonical_v1_revision4_fresh_20260829/cells/70_15/results.json","2388","377BC7E86AE6372E4B102CC4526AD367E134E84C1479F4FE8024848E48D648C1","git-visible"
"output/real_data/schottdorf_lee_2021_22cell_canonical_v1_revision4_fresh_20260829/cells/70_34/results.json","2889","3D8D586959A52A3E324757B72F842C9EA090D29053B9E584F841F1E9FA5FE80B","git-visible"
"output/real_data/schottdorf_lee_2021_22cell_canonical_v1_revision4_fresh_20260829/cells/70_7/results.json","2890","22E47FC98CEAB5B3090679F142F6A41A55E1D3D157DA873DC8BD24F883546362","git-visible"
"output/real_data/schottdorf_lee_2021_22cell_canonical_v1_revision4_fresh_20260829/evaluation/h1-strength.json","11137","ACD2CECF7B3214FF0FF013C0895B01FD6D83692582AE55481EC3C489DE810AF3","git-visible"
"output/real_data/schottdorf_lee_2021_22cell_canonical_v1_revision4_fresh_20260829/evaluation/report-summary.json","17790","48D35067832CE99195A6A26F20D4A69F0812C983C285C95BFC3486BF6C113C68","git-visible"
"output/real_data/schottdorf_lee_2021_22cell_canonical_v1_revision4_fresh_20260829/evaluation/results.json","10370353","40C2F2FF9B5F0F362D912BA61A170B859D8A3E490BDA060100AB62FDE50D3853","git-visible"
"output/real_data/schottdorf_lee_2021_22cell_canonical_v1_revision4_fresh_20260829/per_cell_results.csv","4260","D44059F516FB6D357857D17F9BEB1FC2755D3A9D40881EF403D8AB153060CAD0","git-visible"
"output/real_data/schottdorf_lee_2021_22cell_canonical_v1_revision4_fresh_20260829/results.json","71479","57612EEF913970C67BC5E86468D676375784AB11B79F5186AF036863382CD1BE","git-visible"
"output/real_data/schottdorf_lee_2021_22cell_canonical_v1_revision4_fresh_20260829/spatial_rf_ac_h1_analysis/per_cell_metrics.csv","6536","E88433971C68AC6E5F782825339DB1B997708CDA8504C5B5A9BDD69756331E56","git-visible"
"output/real_data/schottdorf_lee_2021_22cell_canonical_v1_revision4_fresh_20260829/spatial_rf_ac_h1_analysis/results.json","128908","555CE5A380F6D27A37D97F4C322B59424FA5CECE725AC394613D0E34FA32CCA4","git-visible"
"output/real_data/schottdorf_lee_2021_22cell_canonical_v1_revision4_fresh_20260829/temporal_center_surround_perturbation/group_summary.csv","25353","C6D3746EBFAC9152A97B9729FA6D76D3644AFBCDE1C9302F50A4D68AD3BB04C4","git-visible"
"output/real_data/schottdorf_lee_2021_22cell_canonical_v1_revision4_fresh_20260829/temporal_center_surround_perturbation/per_cell_metrics.csv","139015","24B01B1245C7A796BAAB4B32D5EB74AF1917ACB7513817E0525F4DA7CB293A08","git-visible"
"output/real_data/schottdorf_lee_2021_22cell_canonical_v1_revision4_fresh_20260829/temporal_center_surround_perturbation/results.json","520270","30A554FAAC8D5AD963AABE42A0C5A6C19AC9207EE474CBAE2105B17A86AA461C","git-visible"
"output/real_data/schottdorf_lee_2021_22cell_final_fair_prediction_benchmark_revision4/per_cell_results.csv","3172","C99120C5458426F72E6BF88793E55163BE2A2E1F0453A5408F5487C48FAADC11","git-visible"
"output/real_data/schottdorf_lee_2021_22cell_final_fair_prediction_benchmark_revision4/results.json","62521","EE59CD9FE2B947C9C64E7E40BAB551CAC7133D0F6D7130BCE054E8577834510B","git-visible"
"output/real_data/schottdorf_lee_2021_22cell_matched_prediction_baselines_v1/per_cell_results.csv","4762","6FF103FCD5F92F6780C9A79C2AAF72F2856736076F344972E4A76A3E28310112","git-visible"
"output/real_data/schottdorf_lee_2021_22cell_matched_prediction_baselines_v1/results.json","47873","B93D746E6328876E43C183E58064904B3A0D4615C935C0245C08B19268612BC8","git-visible"
"output/real_data/schottdorf_lee_2021_cellwise_multirecording_v1_local_seed20260828_revision2/cells/67_14/results.json","2875","93EF845DEECA63E99184EE46ADE7E7F8F8923C17A84470DB686BA778238BE6C2","git-visible"
"output/real_data/schottdorf_lee_2021_cellwise_multirecording_v1_local_seed20260828_revision2/cells/67_21/results.json","2876","8D401DCBA452627C0ED04E6B097BB86E9DF2E2C127C0BB705A64365F685326E9","git-visible"
"output/real_data/schottdorf_lee_2021_cellwise_multirecording_v1_local_seed20260828_revision2/cells/67_26/results.json","2872","7145A8D791B824D910CCC938B18A93F172560D2A8A7725A3F1CBE9AE52ED1F20","git-visible"
"output/real_data/schottdorf_lee_2021_cellwise_multirecording_v1_local_seed20260828_revision2/cells/67_33/results.json","2880","CC524059423974FFAD62559767B694D87073D3856301E46FFA16907DB11DDEC1","git-visible"
"output/real_data/schottdorf_lee_2021_cellwise_multirecording_v1_local_seed20260828_revision2/cells/67_34/results.json","2873","900C452C52A26A339D1A6826C9A0A5ABF230FB04FAAD600DD4AA90F9598FCEA5","git-visible"
"output/real_data/schottdorf_lee_2021_cellwise_multirecording_v1_local_seed20260828_revision2/cells/67_4/results.json","2369","00C4F88C7ED8AA3C030E49E2443F66F449BD56705F7FFCB2FACF0F431FAE8D43","git-visible"
"output/real_data/schottdorf_lee_2021_cellwise_multirecording_v1_local_seed20260828_revision2/cells/67_6/results.json","2878","DFAEB725DB6B5CD37D07B3E00481B8B1F36DFC9DB6A07ED1DD2D81D75A7C3A34","git-visible"
"output/real_data/schottdorf_lee_2021_cellwise_multirecording_v1_local_seed20260828_revision2/cells/67_7/results.json","2873","BAB961342ABD0F677CE95E65087BED09B15EF6DA61D19A9B725DA21B744BC1E7","git-visible"
"output/real_data/schottdorf_lee_2021_cellwise_multirecording_v1_local_seed20260828_revision2/cells/68_10/results.json","2363","E226F98C6C3231E092FD186332A2DD31B2455DAB45C94A6FED44130A5A03350B","git-visible"
"output/real_data/schottdorf_lee_2021_cellwise_multirecording_v1_local_seed20260828_revision2/cells/68_11/results.json","2880","9313421D2BC006E8066EA6364F25221551B7794339479FEB87D10C77D858B338","git-visible"
"output/real_data/schottdorf_lee_2021_cellwise_multirecording_v1_local_seed20260828_revision2/cells/68_3/results.json","2875","AF18A7E82EC62477CC50C23D4B1466C6716ABDD0D478FF6A33E63432FEBAEBDB","git-visible"
"output/real_data/schottdorf_lee_2021_cellwise_multirecording_v1_local_seed20260828_revision2/cells/68_4/results.json","2364","53973E582C499A1A26DD39EF84B7748783847CF6B2FD1F3A1355FFE470B969EC","git-visible"
"output/real_data/schottdorf_lee_2021_cellwise_multirecording_v1_local_seed20260828_revision2/cells/68_7/results.json","2874","BAF377D123885A695B219192E2A851808DC90FBF446222C2AFCDAF4744497749","git-visible"
"output/real_data/schottdorf_lee_2021_cellwise_multirecording_v1_local_seed20260828_revision2/cells/69_21/results.json","2370","C32E61FFE9A97AFD1E5ED62E35C4DCB24156F17D8DC8AD094091AD859C07E447","git-visible"
"output/real_data/schottdorf_lee_2021_cellwise_multirecording_v1_local_seed20260828_revision2/cells/69_3/results.json","2876","8E68EEED5D40AE272043A0E46AAEB7854F84DAC063CFC4B4152B1020C6BFA5BE","git-visible"
"output/real_data/schottdorf_lee_2021_cellwise_multirecording_v1_local_seed20260828_revision2/cells/69_4/results.json","2359","624847F699530FACF36F252A35588E18D2C2F17B98823F41DFDB91448E205C57","git-visible"
"output/real_data/schottdorf_lee_2021_cellwise_multirecording_v1_local_seed20260828_revision2/cells/69_6/results.json","2876","AEB89F433459A0AAB5F645F8CE660883A6DFC08BC987002396CF5FD56F8B3F38","git-visible"
"output/real_data/schottdorf_lee_2021_cellwise_multirecording_v1_local_seed20260828_revision2/cells/69_7/results.json","2867","8C859681A31CCBC31F002841B9E334270517D53E7A2898A14B8819D785EF8832","git-visible"
"output/real_data/schottdorf_lee_2021_cellwise_multirecording_v1_local_seed20260828_revision2/cells/70_1/results.json","2369","63199BCAD26BA1EF82C54210C210F69FE6E7A953AA79E2C97552E323E6679584","git-visible"
"output/real_data/schottdorf_lee_2021_cellwise_multirecording_v1_local_seed20260828_revision2/cells/70_15/results.json","2374","C05D7A98339ADBB146EEC9FDE5167C8F1D9C80467BF4C459D83E2EFF523F9FA2","git-visible"
"output/real_data/schottdorf_lee_2021_cellwise_multirecording_v1_local_seed20260828_revision2/cells/70_34/results.json","2875","D63D3260FE0A9027F19A409C6DBB28035DFA4586F54BB010C35915FFA5C5847E","git-visible"
"output/real_data/schottdorf_lee_2021_cellwise_multirecording_v1_local_seed20260828_revision2/cells/70_7/results.json","2876","F3A49F5E252B37DE5D66536671EDAC855BB2A3A4CD5E6D584F619CC874C1C358","git-visible"
"output/real_data/schottdorf_lee_2021_cellwise_multirecording_v1_local_seed20260828_revision2/per_cell_results.csv","4258","130EC8366B1886B35B6FCDE5DE741338DE161F4C142F774786FC2F6D35AB644C","git-visible"
"output/real_data/schottdorf_lee_2021_cellwise_multirecording_v1_local_seed20260828_revision2/results.json","71167","CD9306C93CE31ACA5A788A5232567B368F6041093B7009AD23EB426F50A1D489","git-visible"
"output/real_data/schottdorf_ln_r4_illusion_diagnostics_20260830/annular-luminance.csv","7329","2AB7201EA4771CF6BB1ACF026B078FBF7317729F3EA9009B107146FFD51DCAAE","git-visible"
"output/real_data/schottdorf_ln_r4_illusion_diagnostics_20260830/diagnostic_stimuli.py","8081","BA43E2345B8F4C4503340922C5F6EE7866EF6FC3E48FA66631B53621455D7722","git-visible"
"output/real_data/schottdorf_ln_r4_illusion_diagnostics_20260830/group-comparisons.csv","282819","C619C968D983213DD8A0347B021585650563D97DA771F075A0B50123B77E68C4","git-visible"
"output/real_data/schottdorf_ln_r4_illusion_diagnostics_20260830/group-responses.csv","1569292","852D25C9102196F3AF8F269762D36A857481ED3E3E0E2D1E62BCCD58238CF21E","git-visible"
"output/real_data/schottdorf_ln_r4_illusion_diagnostics_20260830/MACH_RESULTS.md","7544","5BE745EACF60031A26E81F1F1EA08FB6F8176E81ADDB52BABCDD07570BBF4A5D","git-visible"
"output/real_data/schottdorf_ln_r4_illusion_diagnostics_20260830/mach_time_report.py","4238","ACF7E8BD72ADEED961B691DC5FF61EAB71DA7549C62EE9C21108DABDF620C525","git-visible"
"output/real_data/schottdorf_ln_r4_illusion_diagnostics_20260830/mach-boundary-extrema.csv","77505","08C92185D44A23C30AC63D316822A5B62354DC28559EBDA42229D8B7BEDA979E","git-visible"
"output/real_data/schottdorf_ln_r4_illusion_diagnostics_20260830/mach-supplement-provenance.json","271","8BFEC2F7C79E5E6AF8EC14E220316237B73275DA8CAE003C464A9AE8CC6B90CD","git-visible"
"output/real_data/schottdorf_ln_r4_illusion_diagnostics_20260830/per-cell-comparisons.csv","1195126","799554AA20CABF4B8D15FE8D85C3BC09011FEC2DEE9F9DCA7A6E0E2C402F085D","git-visible"
"output/real_data/schottdorf_ln_r4_illusion_diagnostics_20260830/per-cell-responses.csv","6950193","F7CC7D438C0C8A6364A0204B1BA13B64D704E54BF2A56C9F78A35A83DCA955D4","git-visible"
"output/real_data/schottdorf_ln_r4_illusion_diagnostics_20260830/per-cell-spatial-support-statistics.csv","14842","6258A55B059EEE460C7282C08886932576A86C5FF8CF0289607AD7C24EFCC4D0","git-visible"
"output/real_data/schottdorf_ln_r4_illusion_diagnostics_20260830/protocol.json","9044","7F56229BFBBA874AEF224892D90C2C0A02F63D7533EEC394F99C56286386707E","git-visible"
"output/real_data/schottdorf_ln_r4_illusion_diagnostics_20260830/QA.md","2372","6E7B07449B27B31D010CC350A46EAF1BEB715CA06B78CD9B498CE590CA2F9AA6","git-visible"
"output/real_data/schottdorf_ln_r4_illusion_diagnostics_20260830/replay.py","9322","96A53993BD39D9F6438489E2338ECD4BDE6739E92FAFCE75103103902CE6449E","git-visible"
"output/real_data/schottdorf_ln_r4_illusion_diagnostics_20260830/report.py","9605","3599F22DC0900C29A0B02C97DAE152F46194E0DC0B12D22BB61526E0F358B791","git-visible"
"output/real_data/schottdorf_ln_r4_illusion_diagnostics_20260830/RESULTS.md","9901","E0F0A650BBB3E9B39FE5ADA1EB689E52CAC3C371894A46B7A278E26C1BEB1E53","git-visible"
"output/real_data/schottdorf_ln_r4_illusion_diagnostics_20260830/test_contract.py","1626","7B4F9D4F97C5D2898C51D1EC4C2E7163B405280AFE8DA2A7B9349DDCF7BED4D2","git-visible"
"output/real_data/schottdorf_ln_r4_illusion_diagnostics_20260830/verification.json","19595","EDD561D928825E5B4FB562AACB13E7ACF74B0309F6060EBDFFC110F64D0F5386","git-visible"
"output/real_data/schottdorf_r4_dev_circuit_replay_20260830/compare.py","7252","5C0DAC573E07011077E88817D53D9EFBB03D56BB2F8839233DC8F733D44EB46B","git-visible"
"output/real_data/schottdorf_r4_dev_circuit_replay_20260830/comparison.json","338056","BFE9D3F66279EA677E13FC271BE116D9C2D46D10C403A44A8D603BB90C19FBFC","git-visible"
"output/real_data/schottdorf_r4_dev_circuit_replay_20260830/group_summary.csv","25578","D1A202BEC06522130018B48E40CED599F4C8D1F4369139CFFFD30096383CE614","git-visible"
"output/real_data/schottdorf_r4_dev_circuit_replay_20260830/per_cell_metrics.csv","142577","CF9137B23D39920179705A37C156FB87824DAE02574A4D4097EB86124FA8DC74","git-visible"
"output/real_data/schottdorf_r4_dev_circuit_replay_20260830/perturbation-comparison.csv","18742","7A66A20BF666E6B23527DBBAC427B9979BD4F9D7BAC2A21AB8988E49B9217220","git-visible"
"output/real_data/schottdorf_r4_dev_circuit_replay_20260830/perturbation-group-comparison.csv","4430","5C872B47D1CA510CDC3AEA6BDEF6675D5D964BB0518BFE1133965F30219BE763","git-visible"
"output/real_data/schottdorf_r4_dev_circuit_replay_20260830/replay-results.json","568284","9149E142F7FDE1DB62520543DA85AF5928C51AAF6C201F5B25738D37A36CF70D","git-visible"
"output/real_data/schottdorf_r4_dev_circuit_replay_20260830/replay.py","12616","807DAE29A18247E9B2E921F3934FE67A4F1137F3C704AEE0BC4D9F9F7EBAAC42","git-visible"
"output/real_data/schottdorf_r4_dev_circuit_replay_20260830/RESULTS.md","5605","3CA08F2562093DB5A09F85D931BF8DE072F6598A5AF61185D5FB5DA4C62E2D22","git-visible"
"output/real_data/schottdorf_r4_dev_circuit_replay_20260830/rf-comparison.csv","12814","667D30E30BF686ECECDD1C78C08F2293AF4605C14C08B3E854D38374982EAC64","git-visible"
"output/real_data/schottdorf_r4_dev_circuit_replay_20260830/rf-group-comparison.csv","2884","5F2D403F9E6D5FF3ED148CBC47374DF4B4ABB2AB27A591D6E2EDD87563CC233C","git-visible"
"output/real_data/schottdorf_r4_dev_circuit_replay_20260830/temporal-comparison.csv","377132","D43B97B4E9352855A5A891033FE64D8392CCCBF212A262B6AD83E3B61A62B54B","git-visible"
"output/real_data/schottdorf_r4_dev_circuit_replay_20260830/temporal-group-comparison.csv","88246","27A54072FC1E079E5138DD62330EC8E25D5019353C590E36FC1837059C4BF8D8","git-visible"
"output/real_data/schottdorf_r4_dev_circuit_replay_20260830/verification.json","2027","BE0356B35C6ECB199153985345FEECD530441FD80A12085FBEEF28E69F04253E","git-visible"
"output/real_data/schottdorf_r4_dev_visual_illusions_20260830/figures.py","10642","A111FA92E31E96593CCD5EB2E76D136CFD1F9C0676D53974FC60FA349ED7F9F3","git-visible"
"output/real_data/schottdorf_r4_dev_visual_illusions_20260830/group-responses.csv","1066897","29FC2B1C0384FB31E9462DD852FE4B139BF4C22C3DEA0972D9C51482317E9A70","git-visible"
"output/real_data/schottdorf_r4_dev_visual_illusions_20260830/mach-boundary-extrema.csv","58174","F8493AC287031D848DA35C28F71D10F6F7A44AA35EDFEF6E10E5F94F166647EE","git-visible"
"output/real_data/schottdorf_r4_dev_visual_illusions_20260830/metrics.py","5485","F00476F8B20700D8DDEAA0D54988CE80A0955078010429B5876218B6D44670CD","git-visible"
"output/real_data/schottdorf_r4_dev_visual_illusions_20260830/per-cell-responses.csv","4652523","42FE55BCEE551E68C173620A58A4700B75CF16FD9CF0B3B2A4909AD50AD260F3","git-visible"
"output/real_data/schottdorf_r4_dev_visual_illusions_20260830/QA.md","2026","50F947E5C52B0DA5766AD6790996C4896634005C28D16F350E3E4A35106583D9","git-visible"
"output/real_data/schottdorf_r4_dev_visual_illusions_20260830/results.json","3725204","785BBEE1C8D47E8478FD0681238E0C4F282BFB95A8FFD29D5E0B84E3852D18E6","git-visible"
"output/real_data/schottdorf_r4_dev_visual_illusions_20260830/RESULTS.md","6877","5F0F2BCDE3DA2CFBD3A2D180FCC57B1E110123C5CB42B57D34BA95150E8B0FAA","git-visible"
"output/real_data/schottdorf_r4_dev_visual_illusions_20260830/run.py","6441","F964D32584968086578B56197540F8F995CBF3016BCBDED4225CD9DBC9900B4C","git-visible"
"output/real_data/schottdorf_r4_dev_visual_illusions_20260830/stimuli.py","6675","CF425A906F6F1174A7E65A38782EA8723229EBC030086EDAA3668B6B7DEE3F61","git-visible"
"output/real_data/schottdorf_r4_dev_visual_illusions_20260830/stimulus-contract.json","10146","431BD88CEA321159F9F28EE6F71D958AF335AB2BDEA3CEB46EFB9B086F7630A0","git-visible"
"output/real_data/schottdorf_r4_dev_visual_illusions_20260830/test_contract.py","1397","C97F531749C944443B6268C36BC88D228D4C409A1359D8650C036FA39B8EE45A","git-visible"
"output/real_data/schottdorf_r4_dev_visual_illusions_20260830/verification.json","15252","2AA0DBCA0206159DB85C27FB2CF63FFF68A395DA9131B459D2FBC996EDD79FE2","git-visible"
"output/real_data/schottdorf_r4_development_22cell_20260830_verified/cells/67_14/inner-trajectory.csv","29322","6A99EB9C1845776A3E9A8FABD84B61B8FFCD3E296CFD5196B7AB127D9A5944F0","git-visible"
"output/real_data/schottdorf_r4_development_22cell_20260830_verified/cells/67_14/refit-trajectory.csv","11884","89ACC723436F01DADD0785DEBB390B953BEFFFF08A43122C26AFD7F5C1EDAC36","git-visible"
"output/real_data/schottdorf_r4_development_22cell_20260830_verified/cells/67_14/results.json","96104","866EE7D344F67374790EF5B62D67E293784D3274C3AD40620F488B85ABD1AA04","git-visible"
"output/real_data/schottdorf_r4_development_22cell_20260830_verified/cells/67_21/inner-trajectory.csv","27196","671DC57DD2EA19EE10F327ABCF584CB35CAF3547645FBCEC742E5E55CF4ADE6C","git-visible"
"output/real_data/schottdorf_r4_development_22cell_20260830_verified/cells/67_21/refit-trajectory.csv","10670","2AC2CA1CEEC2881B458AA74664F61B1A92691A6D412AD56A2ABC7F63A0B49EDB","git-visible"
"output/real_data/schottdorf_r4_development_22cell_20260830_verified/cells/67_21/results.json","89708","8D915DE797FE2241E7271AD6EE2C99AC9482C980CE8D72E5EC564AFCA5B8340E","git-visible"
"output/real_data/schottdorf_r4_development_22cell_20260830_verified/cells/67_26/inner-trajectory.csv","19783","BC2F93DE95C5944EFE477D2AD31C26CD2CF652E7C4877578ABA8F73CD70AADE8","git-visible"
"output/real_data/schottdorf_r4_development_22cell_20260830_verified/cells/67_26/refit-trajectory.csv","6483","290EBCEA413A14A3B2F02B3982CB392C37DD5CEBABB0FB9A8DF66DD3D035F94B","git-visible"
"output/real_data/schottdorf_r4_development_22cell_20260830_verified/cells/67_26/results.json","68050","6878CB0B69ED3D7DBE5F3A9D742BDCE6534AB12E5EDF9E844275050692310AEC","git-visible"
"output/real_data/schottdorf_r4_development_22cell_20260830_verified/cells/67_33/inner-trajectory.csv","43700","5DC7CF241241A1003252C588412B93CFC547D7F388FB0D4A87AA9030D2854EE1","git-visible"
"output/real_data/schottdorf_r4_development_22cell_20260830_verified/cells/67_33/refit-trajectory.csv","22948","99AB54F99B52D6EF5EC0F34327AA700498B409B1EE9A4D9C5EFDD39FA6CD4D01","git-visible"
"output/real_data/schottdorf_r4_development_22cell_20260830_verified/cells/67_33/results.json","139763","0C0B030592FFDC113E3D3D8E41C531B4FE5D5FD599AA4155B00B3ED6C801E0F0","git-visible"
"output/real_data/schottdorf_r4_development_22cell_20260830_verified/cells/67_34/inner-trajectory.csv","25495","6023A00ACB8BB734606F61D07C0A5A9538E81F13A12E0E0E536D31C835FC7EE8","git-visible"
"output/real_data/schottdorf_r4_development_22cell_20260830_verified/cells/67_34/refit-trajectory.csv","9684","D61024A865EB960A63E2A22989E8AD82FC700ADD46628C9E998133C7804C6009","git-visible"
"output/real_data/schottdorf_r4_development_22cell_20260830_verified/cells/67_34/results.json","84534","8EC17E9C0CAE967904C26A0BC7A2327EC606B1B960885EC7D0C6C93B9D295684","git-visible"
"output/real_data/schottdorf_r4_development_22cell_20260830_verified/cells/67_4/inner-trajectory.csv","31603","04808E35897AC34D8A167B88A9BB52D50D93A5ACBDEB1727C1118A0E2BBD13C5","git-visible"
"output/real_data/schottdorf_r4_development_22cell_20260830_verified/cells/67_4/refit-trajectory.csv","13355","95EB5E1823DDF67F99D6B832F31703C036E559C7E2046E1F54D2F683038642EE","git-visible"
"output/real_data/schottdorf_r4_development_22cell_20260830_verified/cells/67_4/results.json","102764","DB46A9643D27117793F83A11ECBC79084470661DBCE40CA579EFA8D0CBF10E97","git-visible"
"output/real_data/schottdorf_r4_development_22cell_20260830_verified/cells/67_6/inner-trajectory.csv","22795","5C3C89E5B922C8ED46CB23D187B41E805E7E6B5DBD391391EF9503C0406486EE","git-visible"
"output/real_data/schottdorf_r4_development_22cell_20260830_verified/cells/67_6/refit-trajectory.csv","8139","D0E6F2A666EDFC4FD3C4C1B6CACCC9CDF23EF15EF8AC3F82A9EF0F68B9C04298","git-visible"
"output/real_data/schottdorf_r4_development_22cell_20260830_verified/cells/67_6/results.json","76757","39CE0E3096E9BB1931830B8C55628BA2EE3BB71A0E496D8FAEB1F01175EA7AB7","git-visible"
"output/real_data/schottdorf_r4_development_22cell_20260830_verified/cells/67_7/inner-trajectory.csv","24761","C5D97CB70B1CDF24FFCB7A69B6D1A734E808875A272E2BBA5DFC74BF1B0866B0","git-visible"
"output/real_data/schottdorf_r4_development_22cell_20260830_verified/cells/67_7/refit-trajectory.csv","9250","E62D0EFA5879AF4F063FD58880FCF8737212CE41F8BD40BDC7C336E4F7A54F45","git-visible"
"output/real_data/schottdorf_r4_development_22cell_20260830_verified/cells/67_7/results.json","82462","AC3FFB2D24008BBD36C0AE3A4152718BC93798E5BB33253F029D34C61A52BB54","git-visible"
"output/real_data/schottdorf_r4_development_22cell_20260830_verified/cells/68_10/inner-trajectory.csv","27034","6E72094AC75722643CC7CCBE8F79F8C09F44945930DAD01C0BC47464E32AA43C","git-visible"
"output/real_data/schottdorf_r4_development_22cell_20260830_verified/cells/68_10/refit-trajectory.csv","10655","0E9C3368851B20541E1D931A779E63C8CDE973B962917FE9CE9917A8B0F9DA7C","git-visible"
"output/real_data/schottdorf_r4_development_22cell_20260830_verified/cells/68_10/results.json","88675","4B04C4E812A3884A2D6409DA226C6253D23FC96162F6E8E7BB378512D8E327A2","git-visible"
"output/real_data/schottdorf_r4_development_22cell_20260830_verified/cells/68_11/inner-trajectory.csv","23268","1FBB1568111B012CEF8B44AA18E0B1D78B9AE6B4B4E34004DC566C7D8B8FB689","git-visible"
"output/real_data/schottdorf_r4_development_22cell_20260830_verified/cells/68_11/refit-trajectory.csv","8371","E5E958F84425055FE0E23CFE0C692BB594238A74B981BE481A8B9FEAA78B8D38","git-visible"
"output/real_data/schottdorf_r4_development_22cell_20260830_verified/cells/68_11/results.json","77679","5026EEBE1CE9E660299B891F978FA3BF2C53D1037CAB28B410F5BFB28D028187","git-visible"
"output/real_data/schottdorf_r4_development_22cell_20260830_verified/cells/68_3/inner-trajectory.csv","14502","30A50C9710FD7E9E46397856519801FFFAD90D5A0D17478791F2BDAE48F67A15","git-visible"
"output/real_data/schottdorf_r4_development_22cell_20260830_verified/cells/68_3/refit-trajectory.csv","3429","B0AB271EEF6A646A4D47EA2704F0B05B065FB03F65BA155356A72A0666818723","git-visible"
"output/real_data/schottdorf_r4_development_22cell_20260830_verified/cells/68_3/results.json","51821","AD4A4CC094A10587AE7C9B6858704265E38459B854D5C7E795E804F87E9FC977","git-visible"
"output/real_data/schottdorf_r4_development_22cell_20260830_verified/cells/68_4/inner-trajectory.csv","43782","BA011FDB084C04C6B4FD061EE306C851CF13C559B5D13D9AF0160EBF22674168","git-visible"
"output/real_data/schottdorf_r4_development_22cell_20260830_verified/cells/68_4/refit-trajectory.csv","23276","AAE65A03775988249F7FD78980D0BA24F198B03926EE885E198B04A621C879EB","git-visible"
"output/real_data/schottdorf_r4_development_22cell_20260830_verified/cells/68_4/results.json","139508","38B3CAD51541F0EEFA0B266FEBA8FC6AAEE2831CDCC7295901402797613E3423","git-visible"
"output/real_data/schottdorf_r4_development_22cell_20260830_verified/cells/68_7/inner-trajectory.csv","16082","F81B6C09A641FEF11BE260F8947866E6FFB2CE940E068E2289E5DDFF6E799AD4","git-visible"
"output/real_data/schottdorf_r4_development_22cell_20260830_verified/cells/68_7/refit-trajectory.csv","4224","9E8DC76845DBA873BDA4A7B58414BD18A97CCE9C3CD4CF014DE834FE4BDDE8E1","git-visible"
"output/real_data/schottdorf_r4_development_22cell_20260830_verified/cells/68_7/results.json","56073","A26BC411FE0C03EC23B805ABE5ACA6A099827582BAD5B3DD8E881AC39520D205","git-visible"
"output/real_data/schottdorf_r4_development_22cell_20260830_verified/cells/69_21/inner-trajectory.csv","34518","80157404BDF0464A0B98EF937F3D1F3E5878738F2C6A931F705EFF97FFD992E0","git-visible"
"output/real_data/schottdorf_r4_development_22cell_20260830_verified/cells/69_21/refit-trajectory.csv","15052","A07357DB383EBE80EC6CE56AFB137E1F988EFA5B5A09BE7A654ADD678D4076C4","git-visible"
"output/real_data/schottdorf_r4_development_22cell_20260830_verified/cells/69_21/results.json","112713","A400BCDDFB9FEDAA1F0F744DF2B3ED7650A0E442762284D004658CD22C5C9C43","git-visible"
"output/real_data/schottdorf_r4_development_22cell_20260830_verified/cells/69_3/inner-trajectory.csv","31525","5492300B0567B1BD65557AF5027A26FD8E5D9B0770B7E244AB69C86A00D86BD9","git-visible"
"output/real_data/schottdorf_r4_development_22cell_20260830_verified/cells/69_3/refit-trajectory.csv","13302","60C6B2D266F32F8BF8B99F0F5FBC7F873B077C1DEC35A1DB79C2405FBF5B6DF1","git-visible"
"output/real_data/schottdorf_r4_development_22cell_20260830_verified/cells/69_3/results.json","103997","6833360F3E193C622852130587C1B0D57FA1E848715B80DB9536327B06B742D7","git-visible"
"output/real_data/schottdorf_r4_development_22cell_20260830_verified/cells/69_4/inner-trajectory.csv","36862","7273FFA20D7FC918DA88DED01CD2D478A581AFD716CEA72BE9935D6D5DD1918A","git-visible"
"output/real_data/schottdorf_r4_development_22cell_20260830_verified/cells/69_4/refit-trajectory.csv","16320","AE1972FD22A6F9266394634AD8DF335190136C485A8D004D7139A46814480DC2","git-visible"
"output/real_data/schottdorf_r4_development_22cell_20260830_verified/cells/69_4/results.json","118793","B357759B78F2F004C337A0279A7CB889449702E56B248628DD4975CCE1872719","git-visible"
"output/real_data/schottdorf_r4_development_22cell_20260830_verified/cells/69_6/inner-trajectory.csv","33224","92FB051D9638A805DE676C3DB034BFD37759792FBE1784555635BFF2910B9A1D","git-visible"
"output/real_data/schottdorf_r4_development_22cell_20260830_verified/cells/69_6/refit-trajectory.csv","14169","8DB723169B25CDE2063E0A7621B5E47144C83CC83F30EFFECC1A9A852FE9EB7D","git-visible"
"output/real_data/schottdorf_r4_development_22cell_20260830_verified/cells/69_6/results.json","108190","192777194E2B83D13C8F31E7E94E1437895C68CE7DB8B106702DA60B2006C6DF","git-visible"
"output/real_data/schottdorf_r4_development_22cell_20260830_verified/cells/69_7/inner-trajectory.csv","27647","98B206496486A304F61F08A1BD8D13843144FFB3BCA4351E4B5823F4E434354E","git-visible"
"output/real_data/schottdorf_r4_development_22cell_20260830_verified/cells/69_7/refit-trajectory.csv","11080","D11612FE47AD73E563795C58E260A867EA8A7D054A09EDD53B9DD71D55264DD1","git-visible"
"output/real_data/schottdorf_r4_development_22cell_20260830_verified/cells/69_7/results.json","91844","30FFC7A28E82B914E5928E61DEF5D7AAC727EFDB08819A04A31BF0EBAD3043E6","git-visible"
"output/real_data/schottdorf_r4_development_22cell_20260830_verified/cells/70_1/inner-trajectory.csv","26034","6B8B9ECB29BC7736FD90D087EAB3EB6C0A88233697B8A1810B5F67F3F9A141B8","git-visible"
"output/real_data/schottdorf_r4_development_22cell_20260830_verified/cells/70_1/refit-trajectory.csv","10132","2319768B1EDC57EB748AC3C96041F6FD6853C7C0A30597DF72005749D2ECB645","git-visible"
"output/real_data/schottdorf_r4_development_22cell_20260830_verified/cells/70_1/results.json","87047","85D22F572D57E9B8C4BE5F99410BAEC4675DA60043FCC1DA4CF84F9455615C84","git-visible"
"output/real_data/schottdorf_r4_development_22cell_20260830_verified/cells/70_15/inner-trajectory.csv","43613","ED4A514C6B7285F9F0CA7D7775712A2D5B9CD43B206C78991A22293A41A4022A","git-visible"
"output/real_data/schottdorf_r4_development_22cell_20260830_verified/cells/70_15/refit-trajectory.csv","24469","864310CE0019A440D665B444F567F7B8018BE9AA68405139AC79CF6B08D8562A","git-visible"
"output/real_data/schottdorf_r4_development_22cell_20260830_verified/cells/70_15/results.json","139343","B12EE59DDC3B5571590D5853F257278150DFF1CFF551B3D634439442FC4F2464","git-visible"
"output/real_data/schottdorf_r4_development_22cell_20260830_verified/cells/70_34/inner-trajectory.csv","18379","24577DDC532B92BF74489FEF7F0C77E16B93765D5122E19F57348D354B65C4CC","git-visible"
"output/real_data/schottdorf_r4_development_22cell_20260830_verified/cells/70_34/refit-trajectory.csv","5555","4749844D3D463E37885F39D8C98FB575F352DDB27FFEA293D3368429E411583B","git-visible"
"output/real_data/schottdorf_r4_development_22cell_20260830_verified/cells/70_34/results.json","62998","C123A82A63D93854E4D35F3A660D2767FD707A9ECF694D5DFEF60784ED6AF53C","git-visible"
"output/real_data/schottdorf_r4_development_22cell_20260830_verified/cells/70_7/inner-trajectory.csv","20057","3150461743E024E85022F1260D35B1D50120B29A945C94267164782E456D08CE","git-visible"
"output/real_data/schottdorf_r4_development_22cell_20260830_verified/cells/70_7/refit-trajectory.csv","6529","AC77519264202A1D08F2FCA44C0120487BF8EF7B140241D97E684AB02F07A3F2","git-visible"
"output/real_data/schottdorf_r4_development_22cell_20260830_verified/cells/70_7/results.json","68323","FFFBA47A3B79B4AFAA84BB59A7B962C157FE0C2AB6CD0A962B39021476581719","git-visible"
"output/real_data/schottdorf_r4_development_22cell_20260830_verified/per-cell.csv","6329","EA3D76ECF8084C643791751236E3D2ECE637A4904E85C0211E38C51C9AFEDB41","git-visible"
"output/real_data/schottdorf_r4_development_22cell_20260830_verified/results.json","26660","BFDD9B98C1929D3FC85CA3E4147213C85D3F8623769ABF65345A40449E7FB011","git-visible"
"output/real_data/schottdorf_r4_development_22cell_20260830_verified/run-manifest.json","9826","A1B75A6C9104327A7332DB2E8F9CD4561EF2FF83D13D6BF17BB37C6A87AE663D","git-visible"
"output/real_data/schottdorf_r4_development_22cell_20260830_verified/summarize.py","9575","01289D81FC645CD8568D6053577100758EE5AA30BDD74EE60EA3CC0C9148F473","git-visible"
"output/real_data/schottdorf_r4_development_22cell_20260830/run-manifest.json","9722","8FB63D62B80F5D78C9F85AC3D72F862FA51A47D5A5139BDEEE3D5E85AF229DC8","git-visible"
"output/real_data/schottdorf_r4_development_22cell_20260830/status.json","702","7B85BE405F8634FB110057CCCE038A46EE9C3808CB2A79B96D7D6BF46C69EAEC","git-visible"
"output/synthetic_canonical_v1_shared_bc_noise_free_3seeds_20260830/causal_replay.py","6686","4C61493B9209B5FB49B8151436151CB593A03B984FDFEBA3E22136191583D637","git-visible"
"output/synthetic_canonical_v1_shared_bc_noise_free_3seeds_20260830/causal-replay-tensors.pt","5538350","4E466491B52F0EF048A2C67CBAFC84FCFE9C5FB1A50A06DCC835258A0788B589","git-visible"
"output/synthetic_canonical_v1_shared_bc_noise_free_3seeds_20260830/counterfactual-tensors.pt","797506","E076954241772E3C5CF131AE5A7DDFC56547EC38BD09F9681C087E8AAE67E339","git-visible"
"output/synthetic_canonical_v1_shared_bc_noise_free_3seeds_20260830/results.json","19445","C140568AFDCED1E4663785422D0960D90BC551D3BEEAAD82FADC19956D450C3D","git-visible"
"output/synthetic_canonical_v1_shared_bc_noise_free_3seeds_20260830/rf-tensors.pt","467170","E3C19C41159D2F33AA6222C97433DF2ACAE76A04B107C3CA4F6E2F9952C483F2","git-visible"
"output/synthetic_canonical_v1_shared_bc_noise_free_3seeds_20260830/run_sanity.py","9725","B33D434DDED9B1D6063EAAFF5399A0B65EA00B6E1C39F06CFD43FEF889DE0728","git-visible"
"output/synthetic_canonical_v1_shared_bc_noise_free_3seeds_20260830/seed-53001-results.json","2275","40A7BE8E285780307DAA209D20B6CA4EC6C86AE9A1B26C9DCDA46B674F7BBE7A","git-visible"
"output/synthetic_canonical_v1_shared_bc_noise_free_3seeds_20260830/seed-53002-results.json","2272","27180DFD8C0D2C83458F6BFD213CEA714A774707B3A2FC879D961F68A9B811AF","git-visible"
"output/synthetic_canonical_v1_shared_bc_noise_free_3seeds_20260830/seed-53003-results.json","2273","12916490E7425ECBC807C9C1EE5F945E2838C29C74059B57305D5E5FE2516B4B","git-visible"
"output/synthetic_canonical_v1_shared_bc_noise_free_3seeds_20260830/stimulus-and-probabilities.pt","272409","126DA014DCA53843F2550C8D08934BB26E100AEC6CC8EA4F46B5117F5D80A637","git-visible"
"output/synthetic_canonical_v1_shared_bc_noise_free_3seeds_20260830/student-seed-53001-raw.pt","32154","F7D90B889EE28C451FBE3164178726A39D5FF91D21A072546887942609E3C583","git-visible"
"output/synthetic_canonical_v1_shared_bc_noise_free_3seeds_20260830/student-seed-53001-trained.pt","32514","1FDDD281AFC06C7404709F16078A30622CDB07E9D4D9F85F9524EDECF0866D65","git-visible"
"output/synthetic_canonical_v1_shared_bc_noise_free_3seeds_20260830/student-seed-53002-raw.pt","32154","FDFE30A92C2603F1DCA2DD52A248695DB44C4E9EDF4092273490806332F189D0","git-visible"
"output/synthetic_canonical_v1_shared_bc_noise_free_3seeds_20260830/student-seed-53002-trained.pt","32514","0128F13199CFC34E0BB48063694370D93890409CDB7C7F3F81908ED69BBF2DFA","git-visible"
"output/synthetic_canonical_v1_shared_bc_noise_free_3seeds_20260830/student-seed-53003-raw.pt","32154","11912F6D3FF158725F348948E5863221499D822F5F175249332C306C467B1F9F","git-visible"
"output/synthetic_canonical_v1_shared_bc_noise_free_3seeds_20260830/student-seed-53003-trained.pt","32514","86716AA7D63F498D57750CE9335BC4961A52B78BFEF0A8568408051CE8441271","git-visible"
"output/synthetic_canonical_v1_shared_bc_noise_free_3seeds_20260830/teacher.pt","30900","7589AA5F695689502902029D16DCA86D9C38D5DDE4FAA7D67CD53A47BE57C25B","git-visible"
"pytest.ini","89","6953671EB02E4B184BA7BF47EA03A59A57A5F61EC79F3935124F21DAA0903682","git-visible"
"README.md","3837","DE80E657E4E238ED6504B5980049BB39ED5C973720ECEE1629CD6BDF9F7CAB1D","git-visible"
"requirements.txt","83","F9E391121ED29836D0B4D9A497EBC723F1ACBE1962E407E29E5A2E6FB286FF69","git-visible"
"scripts/audit_response_gradients.py","4021","20D9E8985E47B9161D2E9E88B2FB6D3D6E23D47F34AA80A4D5DC69303E6B81AE","git-visible"
"scripts/build_natural_motion_sequences.py","7617","066B12D925BA373E30AFF87C296E5731D1D69A53DDFE0ECCABF042CD5C0D0884","git-visible"
"scripts/build_pro_audit_manifest.ps1","5043","884A8A301528E8E64B68EBDAC830AD4CBE50852A76BC9D2EB45D67E5E69F1FDB","git-visible"
"scripts/check_isetbio_env.sh","475","41A313139335E931259C8CC183C2B24352CF821E1CF99824EB0B393AA3136D91","git-visible"
"scripts/compare_type_prior_variants.py","1042","0833B871CD24E1432D80965CC36E254EA34654251798F7F9CE0A37CAB189C6CF","git-visible"
"scripts/draw_retina_snn_signal_flow.py","12579","86135C70E8683DBD450522A1FE144B641BC924F374D5B315DFE7B031A54CC638","git-visible"
"scripts/evaluation/estimand_report_status.py","2760","2A463767774D8E99895E7C83214704B4AF8769D0D34B7941D5AB9E8B192FC1FC","git-visible"
"scripts/generate_synthetic_response_benchmark.py","5289","B4B0E4E7712F73653E8ABAF6119E2634A63FC35D3684FF1DDDC6072C968FD782","git-visible"
"scripts/isetbio_h5_gate.py","4400","01E3263E607AA73B2F0B0413885C35318C056913F0BE0F819C473C8ED08E9EFF","git-visible"
"scripts/matlab/check_isetbio_env.m","1334","CD22EC0F75A49CBABF3E43E5AA388AE6596365B20F921CC72E28BE08B809EA8B","git-visible"
"scripts/matlab/ensure_stage_minus1_fallbacks.m","887","8B69133694AD9D54A51CEB058A4923971BA6FB00970E7663451BF2644A65585E","git-visible"
"scripts/matlab/fallbacks/fspecial.m","724","00FF4E8BC30DE649B5032FE1DE33DC9B19F56E48B0EF0407B15284B8A3E46823","git-visible"
"scripts/matlab/fallbacks/normrnd.m","368","AF21B3BCBB400514B41C852978455B94DB2E662703B787E2BC5788FA2552486F","git-visible"
"scripts/matlab/fallbacks/padarray.m","1284","7A7DE0C7F916C4BA5DF62CF835E714E2C21B6293E48D3AAFDD1A403AC1ABC0CB","git-visible"
"scripts/matlab/fallbacks/pdist2.m","1136","9F8505F67233E67A2ECC664CE399A8A6B958DEF5F4BF30B9D5E64E2676EA3974","git-visible"
"scripts/matlab/fallbacks/random.m","1621","21F1705EEB8E4C7B6C3D57DE90993F781F584BEFABB876F9F4046A46CAAD2244","git-visible"
"scripts/matlab/fallbacks/sgolayfilt.m","1048","6C729BA41343514CD357CCC127E2D55139CBC0FB077C52CDD9787DC2958DC092","git-visible"
"scripts/matlab/generate_cone_h5_from_images.m","17637","DFBBB42E800FD105CE34E113862B5DAB8F75B0D00B34E82BBEFB33F438F9762E","git-visible"
"scripts/prepare_pro_audit_cleanup.ps1","9833","D4490F3302531B34274F361937A132D2FA7FE2C80ECD78119FBB710CA5A06481","git-visible"
"scripts/run_ac_circuit_perturbation.py","1307","899C48C16ED7B8DFCC562E890B45AB6983FF8C2DF59FAA1C816BD87CEF18E7CF","git-visible"
"scripts/run_ac_temporal_circuit_perturbation.py","1313","E58FB638AEC8BD52AAE2E739B4FDA89CB1BCDCBB61F8E25F8FC4A06076614C11","git-visible"
"scripts/run_calibration_audit.py","8653","ECAB1327AC3388FB85BC556E76991F6DD9A76E60DEA42BF3EBFEDFF4C9B66FDE","git-visible"
"scripts/run_clean_sampled_mechanistic_benchmark.py","1100","D1740E238EE1C45D273F2DB8A2DE527044ACF88D170A7F8DFD770968C5779CDF","git-visible"
"scripts/run_decisive_experiments.py","9032","773A0EF2AC4CE437DCAD957E076AB392ADE8DBE140CA22D244709FF3AE5EBAC4","git-visible"
"scripts/run_estimand_alignment_experiments.py","9035","564048C6C65903B8F96CB0ABA92702E1091BD98D8D15DA9819F02EF73F249780","git-visible"
"scripts/run_experiment.py","13119","DF93878A0B4A63051FFF6E4B6FED5462E2E98F6B2AD5B9FBD4C3E77F605CEC1E","git-visible"
"scripts/run_karamanlis_locality_graph.py","1198","8A7D5F949D3ABA2AB76F802CD953D5EBB470ADA670CD1FD1474A66D2FC9C862F","git-visible"
"scripts/run_karamanlis_pathway_mixture_v2.py","918","7B8F9EFF9F6F71919038695FD440825758DE08ECC503671F76B8B1C580B756F2","git-visible"
"scripts/run_karamanlis_rf_centers.py","10627","991A17BA8CF1B4935870CBC88FBE6CA03AF053007F26F1057B6E32D24E4F77B9","git-visible"
"scripts/run_karamanlis_rf_population_training.py","795","148CE24CFCEFA290AD37BAEF152991A54E25FE8D86D92C8E59CF0A95658576EE","git-visible"
"scripts/run_karamanlis_v1_ac_perturbation.py","1562","1D6A3CEB6A99EA6AF47E81E564EDCE26C64E3999A485FBC5966581969EEA9DCB","git-visible"
"scripts/run_karamanlis_v1_rf_validation.py","1544","DAAE8F8393C159ACDEFE5D87244BE442BE3D020F2C34CC39B3BCC35180DB49A5","git-visible"
"scripts/run_mechanism_checkpoint_replay.py","4944","6584E84BE6BA49049B4A0B6E340D5D6C3E2AE4A1AD0E42E7D2F8C6345BAACD73","git-visible"
"scripts/run_mechanism_identifiability.py","3979","C0BCBA1240E9F48B616F95E99F4C129B3CB19F78BD0E2DCE26C3351DBEC9AD27","git-visible"
"scripts/run_model_comparison.py","3581","E45B1CB6C0E6F369A77A0A416BCB20650944EA5C41269C0EE8722D0D32842A25","git-visible"
"scripts/run_sample_efficiency.py","2263","DA5D9AC9B7FB0695F37367514D2ECE329D74927BFB81054AF4FC50905A169D4C","git-visible"
"scripts/run_schottdorf_final_prediction_benchmark.py","2149","074EAD4903C90ED63940F1ECCB8E951BCCA45099450CF49012B6F2BA7ABBACF3","git-visible"
"scripts/run_schottdorf_multirecording_training.py","1210","4368FF54DA2981A741410DFDA724CA741BE09E55C9621FA8B22CA3D11B98C995","git-visible"
"tests/calibration_fixture.py","3448","8F9A0CA8FB4060277475B84E19EFA2AC9586BB18E67B8A78701F5F69507B1875","git-visible"
"tests/decisive_variant_fixtures.py","3033","1AE76362CE8363F6B7909F9D35F4FCE9645234531D6BBFC4232BBE6403DC42B0","git-visible"
"tests/response_pipeline_history_fixtures.py","7418","B9785C6811DE5BDFFA56E28F127A892677B7D4838F043E81C9DD464294CF5ABC","git-visible"
"tests/sample_efficiency_cli_helpers.py","3754","D9D1FF7F4D6BA75CC654A8FCC8C5A214E9C68296E18FC39B97954E0FE993F27B","git-visible"
"tests/test_ac_circuit_perturbation.py","7356","87A3D0B38DA451CCC621CE3C431FFD38111272CDC47F04128B3B1C605745AE29","git-visible"
"tests/test_ac_temporal_circuit_perturbation.py","8864","69E008CA452F4C8419B1C851A8BD30484F93A3D25D8FA45ABCF9D200C6C2B5EE","git-visible"
"tests/test_calibration_audit_cli.py","1086","CFABE35EE43667A60DF4112857B5EE4812F55232948F08EF9F2178525835182B","git-visible"
"tests/test_candidate_teacher_contract.py","4966","679648F932A6031646D20D16A34E7B8A6E8955A3829809FD7DE417A34F2FCF39","git-visible"
"tests/test_candidate0_likelihood_math.py","1883","4F9CC60140912128FB474A3339E9EA1A038E3F792C493E6975EB225228C69376","git-visible"
"tests/test_candidate0_projection_math.py","2925","1B4869406216AF5535800747866B0AFF23C689AFC31A1EC0A199BEE723B323EE","git-visible"
"tests/test_canonical_geometry_entry_correctness.py","9302","E5A377C772B7DB4754EC81FAE066C9357EDB2401E2176B73513DE15C53424920","git-visible"
"tests/test_canonical_mixing_correctness.py","8848","3F503FAF68A10B19FE490A7394C0CFDE3A351F9D1946890CE5C643B66D1DF503","git-visible"
"tests/test_causal_pathway_contract.py","10935","2BC8438855C07AEA5C5F86DAA640D9B72A59A015BADBF622B1FCE3CCF14B692A","git-visible"
"tests/test_cell_specific_pathway_mixture_v2.py","5738","540EBE68FCFB959F415D74C0E90909938F5949ACAE5064162A0602B406C031D3","git-visible"
"tests/test_cell_specific_physiological_gains.py","7596","CE27F716DB39F3EB2FFA815953FDF100F6AA297F713F59CCFDF039FA94A2B809","git-visible"
"tests/test_center_surround_ln_training.py","4113","24EA0AE90EF77459B53461C3063297D9C3ECC56AB04789829260FEA92AC0C1CB","git-visible"
"tests/test_center_surround_ln.py","5153","6EDEFBEBD711D8533F46DBC14E354A58990F2CC4CB59F80BC4F8748B63319D28","git-visible"
"tests/test_clean_sampled_mechanistic_benchmark.py","9146","A21EA809816C6F6B0B53C8D30C0DD5D30AF50B002D10C6E0B03C822C2279D94C","git-visible"
"tests/test_compact_causal_cnn.py","5102","D169BB5F8A38B01497044F65410B53378A9E6A94141AB8791C25D78FA1E643C3","git-visible"
"tests/test_decisive_experiments.py","10449","63CF1A4A384B098DE0F815158D64B07336D7EEFA8AFD14270FF5A9209A90CDE6","git-visible"
"tests/test_draw_retina_snn_evidence_flow.py","1793","A3CA567329E71E586565B014E4C3AABBA4CDB33EA592EA4528D48D99EAAEA0E3","git-visible"
"tests/test_draw_retina_snn_signal_flow.py","2951","48B18B7F3DACFCFE4211E73C1C7E58FC831488D0CBDC7F4460A694E72DA9A04A","git-visible"
"tests/test_draw_retina_snn_training_flow.py","1859","D2EC79BCFDF56F86EDA8B403B902BC6346F121451777B2E89C466422ADE72D47","git-visible"
"tests/test_estimand_alignment.py","8762","182B6B26285D21DB773060258CFC8F14A88CE8326BACAF4BCC89E173F262E6C1","git-visible"
"tests/test_estimand_status_gate.py","2616","073DE52E8A1C9645C7E6BBF5AAE04211CD74F3E7E8B7E7CABF174E2D6F03B221","git-visible"
"tests/test_factorized_ln_protocol.py","4342","B63B4DF10183C5AED44556BAF4FE576A500C190774DE91F18FAE3856872C3F44","git-visible"
"tests/test_glm_calibration_modes.py","2271","6DC738153F32A4C3686F49DA4CF6A5C215E78BAA05C906DD3F13407C32C1A1E2","git-visible"
"tests/test_glm_evaluation_split.py","2344","F18A652D33EAD0B1DE882364B3FA9ADED1E44919EDDD7D181141E7FBE25934B7","git-visible"
"tests/test_gradient_decomposition.py","467","5808A6228893D87D124FC1DD8C33771C191B131E4CCD17AE653A5A1DC6CB1134","git-visible"
"tests/test_karamanlis_locality_graph.py","7651","1D4A213241F90FBAAA998B5B67DD5B629284DABDB51D42FC5D76408599D3F508","git-visible"
"tests/test_karamanlis_marmoset_adapter.py","6000","24F639F15D62068A9D0DA7131C39ED63B473C012FA9B5749C79E17C300884292","git-visible"
"tests/test_karamanlis_population_training.py","3536","D0567A57E1B34CB36E1DA1C4A33C2F40E829D5BD374A1DAE44268C6FB779ACD9","git-visible"
"tests/test_karamanlis_prediction_baselines.py","5675","A0401CD08F1E3CE451C67C34DE8D83EB141729483F4EA1CC4FEC95BFDA269DEE","git-visible"
"tests/test_karamanlis_rf_centers.py","4032","E88F1C95C2F82712C1F674F092D0B8C4A40530808265373DC894E013D976E808","git-visible"
"tests/test_karamanlis_rf_geometry_training.py","9926","48CD6E3B5F4EAFE48E860225284CE78D4B544807E288AA84CB51AB70ACC8CF39","git-visible"
"tests/test_karamanlis_rf_glm_baseline_run.py","3387","13873F2850FBD2D820128A62D515E5968B8B03885F8AB5C88658196893730E6E","git-visible"
"tests/test_karamanlis_v1_ac_perturbation.py","9114","343C02E29633F26D224748D52D4439F1D830ABE359597822751A043F7F0DA763","git-visible"
"tests/test_karamanlis_v1_rf_validation.py","6035","0F6C694EF59B480740B198BF60119EF38B599A813FFCC07E5FF58CD1BE1B1820","git-visible"
"tests/test_mechanism_checkpoint_replay.py","8743","B4DCE9BFD29D2DDBA3232F78F5B3E9D3458972D985CA422B58349E4A710A1C13","git-visible"
"tests/test_mechanism_identifiability_protocol.py","5900","BFF99367DEF5B3D4BC128EA44FE4507B7F2CB16FE90B3161053FEB17A8495908","git-visible"
"tests/test_mechanism_identifiable_model.py","7363","E2FF442BBBA951975A2F2ADD0E76C8091C39FF48A64E9A8B0082B2FEB9FB7657","git-visible"
"tests/test_mechanistic_retina_contract.py","5033","8D7C7DA01F7A2086A8CA7643DA33530CD1EE0D51F9D24FFED59CDCE35335ED44","git-visible"
"tests/test_mechanistic_retina_direct.py","4379","5F0283B5219510C68654C5AF1B9A68ECB2245739666D9221067358D0304B131C","git-visible"
"tests/test_mechanistic_retina_evaluation.py","2228","B64C01ED07ECE8D8B71DD94BFD644E9E38BE2A33676EAEE51C5D4A189178A2C2","git-visible"
"tests/test_mechanistic_retina_operator.py","2392","DA8EE2162EA78B18C3D9CA6BC3246AE7D6ADE6131787B691B50BA92BA144FF17","git-visible"
"tests/test_mechanistic_retina_training.py","6925","BC691F23D85E6DB58A79E8348A8304D8222FE4AF6EC69DC00761BAA995BB4B86","git-visible"
"tests/test_mechanistic_temporal_parameters.py","7790","02957370DDDFCE2E6F176942F789447ACBE9C5AFBFA070042B399DBFD57DFF15","git-visible"
"tests/test_model_comparison.py","8125","38CBF161B87E105A62BF000B293981D9666B050930CF35796B8A3900CE14A178","git-visible"
"tests/test_parameter_contract_cleanup.py","3829","5193C3EE8BA3DEF64519EC15F59C3835502EF7617028C646654146C29760EFEF","git-visible"
"tests/test_parameter_delta_audit.py","4993","00A59B873D767062AEC6AF50341EF9F512D740DE20CE04D1AF4DB6DF41A94920","git-visible"
"tests/test_pathway_strength_parameterization.py","9870","98A624BC14DE3FB30E0875FC9206C5799D6BDBC16C7D20EA144FF4930308240F","git-visible"
"tests/test_r4_development_run.py","1620","DB09ECC90B1450395608D3B23DB0621B9490F67AE7DC5EE5FE957F20EFACC312","git-visible"
"tests/test_r4_development.py","6423","C9ACA25D9028446DCBBD84775C10D15A7A5495E1F670008B763247201542DFDB","git-visible"
"tests/test_response_calibration.py","11155","E0B92FCBD9BE1FB37423831A9389FB1832CC13FD8810199834ED9928360B1328","git-visible"
"tests/test_response_checkpoint_lineage.py","5082","008B9DC3153B707196FF736774DE539D9B91F656D06054B3117E42BF7128C4B1","git-visible"
"tests/test_response_final_test_contract.py","989","8B548FC558C7E90C8E275A7ABFDB67BB069C73FDE44B0608D6787C7E7A74774B","git-visible"
"tests/test_response_history_diagnostics.py","1811","044C5B2C762E2B0BA82CF6299CBC08F9CBD73E8E2FE383614C025DF210F690F7","git-visible"
"tests/test_response_input_identity.py","4429","062499981C5B3D950DC761F622EB876F7D518E53E3024489DB19EE892F58CBB9","git-visible"
"tests/test_response_metrics_contract.py","8402","DFCB5DC808E3DFBA2E0EAF966F4883915CC306AA6C46630979B686F6AF811086","git-visible"
"tests/test_response_pipeline_contract.py","1085","406406B3DA232153DA478F8459A0E9B0315306448FA2EEE8731608A94C7CB1C2","git-visible"
"tests/test_response_pipeline_history_contract.py","2913","4954C124BB0B411BC5EC299AFC126818ED7F06A5BF2C6DC710ABBEF38C7B189B","git-visible"
"tests/test_response_pipeline_history_fd_toggle.py","2778","EF540DE059725FCE76266FF25FC0366E898F4E8E840BFCF6AC6F1FBFFBB9CF01","git-visible"
"tests/test_response_prediction_collection.py","1777","E11A75069D1C256B9B0CCC5F4523FEF719A9FA2CFF8F3C71D8E17547955EB7E6","git-visible"
"tests/test_response_probe_supervision.py","955","7B8D1157C66952C67B02BBB15DB73E45228D8181742A901CD9518158F679091C","git-visible"
"tests/test_response_readout_calibration.py","9263","E47DF2A5E340FA55E1C3403B5A1B5614D51519A720AA891C4D1A9FB2B30F2466","git-visible"
"tests/test_response_readout_checkpoint_audit.py","3390","BAE74DC1768D0AF9FF3C4D66A4F8174B7E4146070DF7959233468E3791D66C36","git-visible"
"tests/test_response_recovery_modes.py","5109","44476C5C69EA1150FBEF5DDB9D0941E8F9007D2C1B04E4E7259EE45B031D7CFD","git-visible"
"tests/test_response_reporting_contract.py","11861","33BBF0D9AAECD03918F60AD8B0113FF5E7FD882F86308387E23124C27009CB27","git-visible"
"tests/test_response_rf_history_contract.py","8499","BA949BA8DF15739B3F1F98C5184C3A1F322AA4FDC59729D33951959C727DFF8A","git-visible"
"tests/test_response_rf_standard_history_recovery.py","1404","379D4070AE323DA89F0EF53CBDEA0325118E5F9E0A72D2169220A5213F1DD599","git-visible"
"tests/test_response_rf.py","9429","258812A4FD5BCCD364F5D825E787F177B68F17CE38F515CE166BAE18B8FB4D25","git-visible"
"tests/test_response_scientific_contracts.py","7821","6E317475E8FABDFDAA6DEA2683E13990AB947D8B0F8977A6D150DF090D63F77F","git-visible"
"tests/test_response_training_contract.py","11897","5057EC29B882CAD798876396F1314DC78EC45CD6AA39E7D42B6104CED6C97DE5","git-visible"
"tests/test_retina_audit_corrections.py","7585","20A43CED65B359FA568E8142CFD9DD67FB0EE4A399D664AAD692E65606653C11","git-visible"
"tests/test_rf_audit_diagnostics.py","4502","EA31083611099F9023726E37C8DE793D5A4300E233F78AB2731B3315BDC382EC","git-visible"
"tests/test_rf_dynamic_teacher.py","5131","9B116255016E3CCC4E295D918B03A81C4F70A780B292F8265A3B5557C75C2C8A","git-visible"
"tests/test_rf_history_map_contract.py","4424","E6F987E3513413204EBE64D1B3A99F30EDDAD731BABE9AC7624EDDFB6B01A033","git-visible"
"tests/test_rf_identifiability_artifacts.py","4277","4C250B7CE4E7BA5C76CC4ACFC4BA11EBEDCAF69FD59698576412464C3A0F3412","git-visible"
"tests/test_rf_identifiability_audit.py","6627","7A9518E1E144099C40C8EB00C0AAA438CF474BEE6563BF820FE335048D552064","git-visible"
"tests/test_rf_math_readout_contract.py","5507","633B598C0FAAF08F5A15F05A462A61FB399B729FE39EA1B7AE6A572FD90A514A","git-visible"
"tests/test_rgc_response_data.py","9296","846933B47A3AFE4790E1E6F821AF5FBD9475C5924ED8EAAA81983900F1897652","git-visible"
"tests/test_rgc_response_loss.py","944","868F49A023E889978835E29E31F00BD0AA3158B47138E22F7CFDAB861AB7EE34","git-visible"
"tests/test_rgc_type_priors.py","1954","E37B18F60D750EB1654B4E077BE043E87772DD0BFB64D1A4E6314FC9CCBB358F","git-visible"
"tests/test_sample_efficiency_cli_execution.py","4810","097F64DF31D2F20EBB41E37B6A92AD5092DC98597210ADF3042F2726158E3222","git-visible"
"tests/test_sample_efficiency_cli.py","8343","35EAA5FE598E40F4CE66B07933BB9306E6ABC8EF4C211EE38040C1A128AEB422","git-visible"
"tests/test_sample_efficiency_profiles.py","7734","A4216C1DDFE4664F12F6239821A8B1A01BC8913550615A759A820B39A307BE6A","git-visible"
"tests/test_sample_efficiency_protocol.py","9351","B1FBE699CF2568527C51C1475DFFA16F055A0E5F0F87A9A23D5F394C80032353","git-visible"
"tests/test_sample_efficiency_reporting.py","11476","5081670B1AEB207A6D122EDC244590F09370E645DE8CD53C96813AE69368BFA7","git-visible"
"tests/test_sample_efficiency_reuse.py","8620","52F34EBBF65C76FB5BFD1739A0EA5073E1472C1D3A2787DC578E2C80B2C78195","git-visible"
"tests/test_sampled_spike_robustness.py","2921","B3D1C454540435EA4A3CB0DB78FAE4C588E71C1C4CF9B89F8ED444FF4F882683","git-visible"
"tests/test_schottdorf_factorized_ln.py","2033","B9741105C986C256C03AFB7DC1B3A9F78ABFE9D261B4EAD1AAE5DDF39E42D4AC","git-visible"
"tests/test_schottdorf_final_benchmark.py","4336","B4A0D054B9E26E7CB3969AE3A5514244C0BCF9B34E96F43830CDAA22E6B1F5F2","git-visible"
"tests/test_schottdorf_macaque_adapter.py","6058","DF25905AB1AE7931B42A8E9425DDF408F336C02E47D77FFBDD3D728420D6A888","git-visible"
"tests/test_schottdorf_multirecording.py","8900","E0A52746EEBFE13A86D7DE76932CD18EDAC343562F0FD3E42F161D65796644B1","git-visible"
"tests/test_schottdorf_prediction_baselines.py","5263","EB05F298F33F53AA6A1A74956D8981D09DE60E4E1BDD7F9F2DFBE6225ABD12B8","git-visible"
"tests/test_schottdorf_spike_parser.py","3900","2C5ABFDF60F615156E9D67E36FFB74864BFE4A61C50E340394C3E531C2344CE5","git-visible"
"tests/test_spatial_checkpoint_contract.py","3725","6C29F30A664E32DEEDE4918D693FB6839283A3A29DE88E7094A06AE593B7B72D","git-visible"
"tests/test_spatial_contrast_adapted.py","5235","FD2A778BB94356DD551797326D8BEA259B730F9A789E71E42F57C7EFFF30DF8F","git-visible"
"tests/test_spatial_pathway_contract.py","9529","8564983DE13A31009F9ED6C05B78B913C7888DCE1623349E83E29AA47F937F55","git-visible"
"tests/test_static_teacher_preflight.py","1207","75EB6DC35FC3BF67014D2C54E7AF05BE63DDE4E25282C9BEE19451AB06A86F1F","git-visible"
"tests/test_synthetic_response_benchmark.py","7243","2456F798A103CCC7CD6B7F0CAEF445FEF3C2E9FC3265205C2110C0B7FF9D9BD9","git-visible"
"tests/test_synthetic_teacher_history.py","7800","F7AF944F5AE208A17AF19061EE1D666B2460B986C32C416E8F330C90D16FCC21","git-visible"
"tests/test_synthetic_teacher_identity.py","5653","3EE617FE227E2809E60F794912497CD029854A4D04888F56D1D44746A43CA033","git-visible"
"tests/test_temporal_center_surround.py","2713","002FC1FA1108B83262BFD3625DD4CB879A776DC743DAFDCC11C622F83C463CBB","git-visible"
"tests/test_type_prior_comparison.py","8685","A16BD62723AF1D0CF177CA13D15A29D62E7AB7C80E242A53A76ADC6F82DEBDC3","git-visible"
"tests/test_type_prior_rf_artifact_validation.py","3743","8F253183562603F29137BC239BD287172606D574938CD3210D746925F39FFEB3","git-visible"
"tests/test_typed_rgc_population.py","20611","6594A84943494B2FD2EE7BEC4B365CA63564678A2DB252668D0AC6C967CDFE4D","git-visible"
"tests/test_v3_watchdog.py","3729","AA4C3993DF24A46BA343DBBCDAF7271E8471BB21EE66A6648B61D0BAE77AC2B3","git-visible"
"tests/test_v4_group_endpoint.py","2757","C6F2912902BA1EE106FCF0A7C0C4B2CFC102B063D037EBCB60FE0B87C19D6E6F","git-visible"
"tests/test_v4_identity_endpoint.py","2289","5BB18F1AFD385736C1DEAAEC7BF98DB410B2C913D06E949A91EFB54DC0F06529","git-visible"
"tests/type_prior_fixture.py","8908","A62667C2BB9CF726A75D6A9759808060475ED8FED01B8FF1781639FB8FE8B035","git-visible"
"training/__init__.py","0","E3B0C44298FC1C149AFBF4C8996FB92427AE41E4649B934CA495991B7852B855","git-visible"
"training/mechanistic_retina/__init__.py","365","06DBC0CA9A548BEC4FCAE1692FBB49BD39785BAA08C0F42674CD1206B178FE09","git-visible"
"training/mechanistic_retina/center_surround_ln.py","8124","D87070F6E87E32D7F7FDBB678525B9FE775A117348D9F92848E0498031719007","git-visible"
"training/mechanistic_retina/compact_causal_cnn.py","7355","29A89279889BED4CDF3AE9B932802D0EBFA3EB5FB0DBF953152CF591F17C0D77","git-visible"
"training/mechanistic_retina/gain_audit.py","494","E5F9A2F76B1441D05398AD34138EA8120912C61AD05ED9C2CF48890BF508AA50","git-visible"
"training/mechanistic_retina/losses.py","990","6E26F7B0AC7D08B681D2B4A291E457D8159E170AFC41C6B39ABA4166FB9CC91A","git-visible"
"training/mechanistic_retina/optimizer.py","1206","06D169AE1EBB6A258D844C7F3038E28ECE78A8CDCAA78FCDB6F8C9B3F08ABA17","git-visible"
"training/mechanistic_retina/r4_development.py","5731","1BF301B0684A87AD714E51E3CCC886DB9FF4B7FE277B2FFACFAC60BB69B637BA","git-visible"
"training/mechanistic_retina/real_early_stopping.py","9225","736B19F9EAD119F31F53D6A4A32E716CDB70D37A0659D620EFB8E2BA90B46926","git-visible"
"training/mechanistic_retina/real_sampled.py","7141","91EE5ABC3C6AFB204C6142F52CB3675045E7E2B4E19BE8760B7581BD29513D20","git-visible"
"training/mechanistic_retina/sampled.py","5823","235E18D93CBB9C462CE1C77506987BA84B9B58C21449A8B50CF25A2C05423B57","git-visible"
"training/mechanistic_retina/stages.py","8421","380B32F6ACDB12BD5A4C5D76A97321221A5918FB7137696240A84D1BFBCFCD19","git-visible"
"training/mechanistic_retina/trainer.py","7454","954A092177E3C0B8A12A121E7B0685B670C39EC07C648421530760595C29097D","git-visible"
"training/response_checkpointing.py","8171","5755B4617C4A02DDD9B1864619F1C8EB6729284DA5C6DBEEE1C901B2CB6D9C32","git-visible"
"training/response_config_types.py","2724","5A0BED73679D6FDB2199A3176D8DBAD8FBC52FD0CC9BD757B3616A10D5E5CDD7","git-visible"
"training/response_config.py","7756","81E1D8B81799ACAE62E10A82521E080DA899AB5504BB9B9E3169EF46491C77A0","git-visible"
"training/response_data.py","8910","A2AD6823D3D61A96B8B64E1940A97DCED8B788F862369B296CA94CC79BDFC769","git-visible"
"training/response_optimizer.py","1750","801C64778C5379926F674FC312DDDD74FB3F7260553166310BE616E02B93D5EA","git-visible"
"training/response_readout_calibration.py","7548","960CBF005C0508E0C3D1121B2C9339447022974C3C986FED1E391919992329E6","git-visible"
"training/response_trainer.py","8166","ABBC6483308798F06117090E947B13C03B2C326AD29A380A7A2908BBDC7017F9","git-visible"
"training/response_unroll.py","3933","5478AC4CADA5BBA8B95CE0FA88F36011DF15FAC946A36A5D554B69CD6BF5D2A3","git-visible"
"utils/__init__.py","0","E3B0C44298FC1C149AFBF4C8996FB92427AE41E4649B934CA495991B7852B855","git-visible"
