cell_id,group,probe,mode,channel,peak_response,peak_absolute_response,peak_latency_ms_from_trial_start,peak_latency_ms_from_onset,response_integral_seconds,peak_change_vs_center_only,integral_change_vs_center_only,center_onset_50ms,center_offset_50ms,surround_first_onset_50ms,surround_first_offset_50ms,off_minus_normal_mean_abs_active,off_minus_normal_peak_signed,off_minus_normal_peak_absolute,off_minus_normal_integral_seconds
67#4,PC_OFF,slow_step,normal,logit,0.632400631904602,0.632400631904602,1520.0,1220.0,0.8633154630661011,0.17903292179107666,-0.0007055401802062988,0.11550827324390411,0.46929407119750977,0.11550827324390411,0.279296875,0.0,0.0,0.0,0.0
67#4,PC_OFF,slow_1Hz,normal,logit,0.6324008703231812,0.6324008703231812,1020.0,720.0,0.8634005188941956,0.17903316020965576,-0.0006204843521118164,0.11550827324390411,0.4693073630332947,0.11550827324390411,0.2792997658252716,0.0,0.0,0.0,0.0
67#4,PC_OFF,slow_2Hz,normal,logit,0.6324055194854736,0.6324055194854736,766.6666666666667,466.66666666666674,0.8635691404342651,0.17903780937194824,-0.00045186281204223633,0.11550827324390411,0.4695778787136078,0.11550827324390411,0.27585849165916443,0.0,0.0,0.0,0.0
67#4,PC_OFF,rapid_10Hz,normal,logit,0.49909675121307373,0.49909675121307373,420.0,120.0,0.8640249967575073,0.04572904109954834,3.993511199951172e-06,0.11550827324390411,0.3538569509983063,0.11550827324390411,0.30438032746315,0.0,0.0,0.0,0.0
67#4,PC_OFF,rapid_20Hz,normal,logit,0.45325803756713867,0.45325803756713867,420.0,120.0,0.8640275001525879,-0.00010967254638671875,6.496906280517578e-06,0.11933731287717819,0.3127273917198181,0.11933731287717819,0.2763162851333618,0.0,0.0,0.0,0.0
67#4,PC_OFF,transient_50ms,normal,logit,0.5572232007980347,0.5572232007980347,1373.3333333333335,1073.3333333333335,0.8639914393424988,0.10385549068450928,-2.956390380859375e-05,0.11550827324390411,0.29293274879455566,0.11550827324390411,0.2820865511894226,0.0,0.0,0.0,0.0
67#4,PC_OFF,large_field_50ms,normal,logit,0.24896693229675293,0.24896693229675293,353.33333333333337,53.33333333333337,-7.947286162490741e-10,-0.0970621109008789,-7.947286162490741e-10,0.11532112956047058,0.1443958580493927,0.11532112956047058,0.1443958580493927,0.0,0.0,0.0,0.0
67#4,PC_OFF,slow_step,normal,probability,0.13992154598236084,0.13992154598236084,1520.0,1220.0,0.18711033463478088,0.04242047667503357,0.0021239370107650757,0.023607000708580017,0.10180587321519852,0.023607000708580017,0.05826231464743614,0.0,0.0,0.0,0.0
67#4,PC_OFF,slow_1Hz,normal,probability,0.139921635389328,0.139921635389328,1020.0,720.0,0.18696463108062744,0.04242056608200073,0.0019782334566116333,0.023607000708580017,0.10180899500846863,0.023607000708580017,0.05826293304562569,0.0,0.0,0.0,0.0
67#4,PC_OFF,slow_2Hz,normal,probability,0.13992273807525635,0.13992273807525635,766.6666666666667,466.66666666666674,0.18666771054267883,0.04242166876792908,0.001681312918663025,0.023607000708580017,0.10187214612960815,0.023607000708580017,0.057483576238155365,0.0,0.0,0.0,0.0
67#4,PC_OFF,rapid_10Hz,normal,probability,0.10816773772239685,0.10816773772239685,420.0,120.0,0.18503615260124207,0.01066666841506958,4.9754977226257324e-05,0.023607000708580017,0.07505300641059875,0.023607000708580017,0.06379089504480362,0.0,0.0,0.0,0.0
67#4,PC_OFF,rapid_20Hz,normal,probability,0.09747564792633057,0.09747564792633057,420.0,120.0,0.1849520057439804,-2.54213809967041e-05,-3.439188003540039e-05,0.02443734183907509,0.0659060925245285,0.02443734183907509,0.05774889141321182,0.0,0.0,0.0,0.0
67#4,PC_OFF,transient_50ms,normal,probability,0.1219005286693573,0.1219005286693573,1373.3333333333335,1073.3333333333335,0.18506301939487457,0.02439945936203003,7.662177085876465e-05,0.023607000708580017,0.061668869107961655,0.023607000708580017,0.05880505591630936,0.0,0.0,0.0,0.0
67#4,PC_OFF,large_field_50ms,normal,probability,0.051533639430999756,0.051533639430999756,353.33333333333337,53.33333333333337,0.0002225342468591407,-0.021457523107528687,-0.00026386351964902133,0.023566994816064835,0.029505060985684395,0.023566994816064835,0.029505060985684395,0.0,0.0,0.0,0.0
67#4,PC_OFF,slow_step,H1_off,logit,0.6319094300270081,0.6319094300270081,1520.0,1220.0,0.8640890717506409,0.17815881967544556,-0.0006989240646362305,0.1157231554389,0.4688989818096161,0.1157231554389,0.2802494764328003,0.0008463698904961348,0.0013254284858703613,0.0013254284858703613,0.0007735303952358663
67#4,PC_OFF,slow_1Hz,H1_off,logit,0.6319096684455872,0.6319096684455872,1020.0,720.0,0.8641732931137085,0.17815905809402466,-0.0006147027015686035,0.1157231554389,0.46891218423843384,0.1157231554389,0.2802523970603943,0.0008282496710307896,0.0013568997383117676,0.0013568997383117676,0.000772872765082866
67#4,PC_OFF,slow_2Hz,H1_off,logit,0.6319131851196289,0.6319131851196289,766.6666666666667,466.66666666666674,0.8643406629562378,0.1781625747680664,-0.00044733285903930664,0.1157231554389,0.46917998790740967,0.1157231554389,0.27683231234550476,0.000790863239672035,0.0013566017150878906,0.0013566017150878906,0.0007715674582868814
67#4,PC_OFF,rapid_10Hz,H1_off,logit,0.4991365671157837,0.4991365671157837,420.0,120.0,0.864791989326477,0.04538595676422119,3.993511199951172e-06,0.1157231554389,0.3538370728492737,0.1157231554389,0.3051159083843231,0.0003873386012855917,0.0008922219276428223,0.0008922219276428223,0.0007671423954889178
67#4,PC_OFF,rapid_20Hz,H1_off,logit,0.45356619358062744,0.45356619358062744,420.0,120.0,0.8647945523262024,-0.0001844167709350586,6.556510925292969e-06,0.11952626705169678,0.31292667984962463,0.11952626705169678,0.27667251229286194,0.00037930309190414846,0.0005209445953369141,0.0005209445953369141,0.0007670704508200288
67#4,PC_OFF,transient_50ms,H1_off,logit,0.5569769144058228,0.5569769144058228,1373.3333333333335,1073.3333333333335,0.8647585511207581,0.10322630405426025,-2.944469451904297e-05,0.1157231554389,0.293252557516098,0.1157231554389,0.2829627990722656,0.0003829155466519296,0.0009475350379943848,0.0009475350379943848,0.0007672461215406656
67#4,PC_OFF,large_field_50ms,H1_off,logit,0.2503558397293091,0.2503558397293091,353.33333333333337,53.33333333333337,-1.19209286886246e-09,-0.09593164920806885,0.0,0.1157231554389,0.14585590362548828,0.1157231554389,0.14585590362548828,0.00012247303675394505,0.001656651496887207,0.001656651496887207,-3.9736430812453705e-10
67#4,PC_OFF,slow_step,H1_off,probability,0.1398029327392578,0.1398029327392578,1520.0,1220.0,0.1872660368680954,0.0422130823135376,0.0021031200885772705,0.02365295961499214,0.10171347856521606,0.02365295961499214,0.05847034230828285,0.00018867304606828839,0.000288158655166626,0.000288158655166626,0.00015569807146675885
67#4,PC_OFF,slow_1Hz,H1_off,probability,0.1398029923439026,0.1398029923439026,1020.0,720.0,0.18712139129638672,0.04221314191818237,0.0019584745168685913,0.02365295961499214,0.10171657055616379,0.02365295961499214,0.05847100540995598,0.00018484433530829847,0.00029456615447998047,0.00029456615447998047,0.00015676776820328087
67#4,PC_OFF,slow_2Hz,H1_off,probability,0.13980385661125183,0.13980385661125183,766.6666666666667,466.66666666666674,0.1868266463279724,0.042214006185531616,0.0016637295484542847,0.02365295961499214,0.10177907347679138,0.02365295961499214,0.05769630894064903,0.00017692416440695524,0.0002945363521575928,0.0002945363521575928,0.00015894611715339124
67#4,PC_OFF,rapid_10Hz,H1_off,probability,0.1081770658493042,0.1081770658493042,420.0,120.0,0.1852114498615265,0.010587215423583984,4.8533082008361816e-05,0.02365295961499214,0.07504928857088089,0.02365295961499214,0.06395337730646133,8.840739610604942e-05,0.00019529461860656738,0.00019529461860656738,0.00017529209435451776
67#4,PC_OFF,rapid_20Hz,H1_off,probability,0.09754711389541626,0.09754711389541626,420.0,120.0,0.1851285845041275,-4.273653030395508e-05,-3.4332275390625e-05,0.02447783201932907,0.06595149636268616,0.02447783201932907,0.05782715976238251,8.728513785172254e-05,0.0001195073127746582,0.0001195073127746582,0.0001765652559697628
67#4,PC_OFF,transient_50ms,H1_off,probability,0.12184196710586548,0.12184196710586548,1373.3333333333335,1073.3333333333335,0.18523892760276794,0.024252116680145264,7.60108232498169e-05,0.02365295961499214,0.061739884316921234,0.02365295961499214,0.058997783809900284,8.795023313723505e-05,0.0002078413963317871,0.0002078413963317871,0.00017590582137927413
67#4,PC_OFF,large_field_50ms,H1_off,probability,0.05183565616607666,0.05183565616607666,353.33333333333337,53.33333333333337,0.0002252127742394805,-0.021213561296463013,-0.0002619536826387048,0.02365295961499214,0.029810462146997452,0.02365295961499214,0.029810462146997452,2.3965885702637024e-05,0.0003528892993927002,0.0003528892993927002,2.6785335194290383e-06
67#4,PC_OFF,slow_step,AC_off,logit,0.6851817965507507,0.6851817965507507,1573.3333333333335,1273.3333333333335,1.366078495979309,-0.0012464523315429688,5.960464477539062e-07,0.1700104922056198,0.5159576535224915,0.1700104922056198,0.6810733675956726,0.2497263103723526,0.45000314712524414,0.45000314712524414,0.5027630925178528
67#4,PC_OFF,slow_1Hz,AC_off,logit,0.685182511806488,0.685182511806488,1066.6666666666667,766.6666666666667,1.366078495979309,-0.001245737075805664,5.960464477539062e-07,0.1700104922056198,0.5159578323364258,0.1700104922056198,0.6810911893844604,0.24968460202217102,0.45000314712524414,0.45000314712524414,0.5026780962944031
67#4,PC_OFF,slow_2Hz,AC_off,logit,0.6852113604545593,0.6852113604545593,760.0,460.0,1.366078495979309,-0.001216888427734375,5.960464477539062e-07,0.1700104922056198,0.5159599781036377,0.1700104922056198,0.681463897228241,0.24961510300636292,0.45000314712524414,0.45000314712524414,0.5025094747543335
67#4,PC_OFF,rapid_10Hz,AC_off,logit,0.6866722702980042,0.6866722702980042,420.0,120.0,1.3660783767700195,0.00024402141571044922,4.76837158203125e-07,0.1700104922056198,0.5143537521362305,0.1700104922056198,0.5681498050689697,0.24597574770450592,0.31330132484436035,0.31330132484436035,0.5020532011985779
67#4,PC_OFF,rapid_20Hz,AC_off,logit,0.6864203214645386,0.6864203214645386,420.0,120.0,1.3660778999328613,-7.927417755126953e-06,0.0,0.17004086077213287,0.5140680074691772,0.17004086077213287,0.4115292727947235,0.24425074458122253,0.2642607092857361,0.2642607092857361,0.5020503997802734
67#4,PC_OFF,transient_50ms,AC_off,logit,0.6855893731117249,0.6855893731117249,420.0,120.0,1.3660776615142822,-0.0008388757705688477,-2.384185791015625e-07,0.1700104922056198,0.5139002203941345,0.1700104922056198,0.5679638981819153,0.24302810430526733,0.3252711892127991,0.3252711892127991,0.5020861625671387
67#4,PC_OFF,large_field_50ms,AC_off,logit,0.48200225830078125,0.48200225830078125,360.0,60.0,-2.781550101360608e-09,-0.0022400617599487305,2.781550101360608e-09,0.1697443425655365,0.40161579847335815,0.1697443425655365,0.40161579847335815,0.0225533414632082,-0.28378725051879883,0.28378725051879883,-1.9868215961338365e-09
67#4,PC_OFF,slow_step,AC_off,probability,0.15272697806358337,0.15272697806358337,1566.6666666666667,1266.6666666666667,0.3039688766002655,-0.000303804874420166,-2.3245811462402344e-06,0.03551493585109711,0.11275236308574677,0.03551493585109711,0.15172618627548218,0.0580524317920208,0.1040845513343811,0.1040845513343811,0.1168585866689682
67#4,PC_OFF,slow_1Hz,AC_off,probability,0.1527271568775177,0.1527271568775177,1060.0,760.0,0.3039689064025879,-0.00030362606048583984,-2.294778823852539e-06,0.03551493585109711,0.11275242269039154,0.03551493585109711,0.151730477809906,0.05812543258070946,0.1040845513343811,0.1040845513343811,0.11700426042079926
67#4,PC_OFF,slow_2Hz,AC_off,probability,0.15273422002792358,0.15273422002792358,760.0,460.0,0.3039688766002655,-0.00029656291007995605,-2.3245811462402344e-06,0.03551493585109711,0.11275293678045273,0.03551493585109711,0.15182127058506012,0.05827707797288895,0.1040845513343811,0.1040845513343811,0.11730114370584488
67#4,PC_OFF,rapid_10Hz,AC_off,probability,0.15309026837348938,0.15309026837348938,420.0,120.0,0.30396994948387146,5.9485435485839844e-05,-1.2516975402832031e-06,0.03551493585109711,0.11237230896949768,0.03551493585109711,0.12461765855550766,0.05831223353743553,0.07388576865196228,0.07388576865196228,0.1189337819814682
67#4,PC_OFF,rapid_20Hz,AC_off,probability,0.15302884578704834,0.15302884578704834,420.0,120.0,0.303970605134964,-1.9371509552001953e-06,-5.960464477539062e-07,0.035521842539310455,0.11230607330799103,0.035521842539310455,0.08839359879493713,0.0579833984375,0.06269118189811707,0.06269118189811707,0.11901862174272537
67#4,PC_OFF,transient_50ms,AC_off,probability,0.15282633900642395,0.15282633900642395,420.0,120.0,0.30397161841392517,-0.00020444393157958984,4.172325134277344e-07,0.03551493585109711,0.11226808279752731,0.03551493585109711,0.12457279115915298,0.057672977447509766,0.0760938823223114,0.0760938823223114,0.11890862137079239
67#4,PC_OFF,large_field_50ms,AC_off,probability,0.10416555404663086,0.10416555404663086,360.0,60.0,0.0010305223986506462,-0.0005234777927398682,-1.2111733667552471e-05,0.0354556068778038,0.0857553705573082,0.0354556068778038,0.0857553705573082,0.004399770870804787,0.062347739934921265,0.062347739934921265,0.0008079881663434207
67#6,MC_OFF,slow_step,normal,logit,0.4409595727920532,0.4409595727920532,1460.0,1160.0,0.505304753780365,0.16530847549438477,-0.0006322860717773438,0.11305272579193115,0.28683722019195557,0.11305272579193115,0.10593003034591675,0.0,0.0,0.0,0.0
67#6,MC_OFF,slow_1Hz,normal,logit,0.44095945358276367,0.44095945358276367,960.0,660.0,0.5053696036338806,0.16530835628509521,-0.0005674362182617188,0.11305272579193115,0.28684818744659424,0.11305272579193115,0.1059291809797287,0.0,0.0,0.0,0.0
67#6,MC_OFF,slow_2Hz,normal,logit,0.4409542679786682,0.4409542679786682,713.3333333333334,413.33333333333337,0.5054986476898193,0.16530317068099976,-0.00043839216232299805,0.11305272579193115,0.28708043694496155,0.11305272579193115,0.10046695172786713,0.0,0.0,0.0,0.0
67#6,MC_OFF,rapid_10Hz,normal,logit,0.37635350227355957,0.37635350227355957,426.6666666666667,126.66666666666669,0.5059159994125366,0.10070240497589111,-2.104043960571289e-05,0.11305272579193115,0.21103601157665253,0.11305272579193115,0.13686706125736237,0.0,0.0,0.0,0.0
67#6,MC_OFF,rapid_20Hz,normal,logit,0.2895873785018921,0.2895873785018921,426.6666666666667,126.66666666666669,0.5059410929679871,0.013936281204223633,4.0531158447265625e-06,0.11354798078536987,0.13887138664722443,0.11354798078536987,0.20914147794246674,0.0,0.0,0.0,0.0
67#6,MC_OFF,transient_50ms,normal,logit,0.40607237815856934,0.40607237815856934,1373.3333333333335,1073.3333333333335,0.5059177875518799,0.13042128086090088,-1.9252300262451172e-05,0.11305272579193115,0.11970484256744385,0.11305272579193115,0.11916647851467133,0.0,0.0,0.0,0.0
67#6,MC_OFF,large_field_50ms,normal,logit,0.22196972370147705,0.22196972370147705,333.33333333333337,33.33333333333337,0.0,-0.053681373596191406,7.947286162490741e-10,0.11149044334888458,-0.02629794366657734,0.11149044334888458,-0.02629794366657734,0.0,0.0,0.0,0.0
67#6,MC_OFF,slow_step,normal,probability,0.08730271458625793,0.08730271458625793,1460.0,1160.0,0.09866157919168472,0.034755051136016846,0.0027452483773231506,0.021129483357071877,0.055698052048683167,0.021129483357071877,0.01950252056121826,0.0,0.0,0.0,0.0
67#6,MC_OFF,slow_1Hz,normal,probability,0.08730268478393555,0.08730268478393555,960.0,660.0,0.0985390692949295,0.03475502133369446,0.002622738480567932,0.021129483357071877,0.05570030212402344,0.021129483357071877,0.019502349197864532,0.0,0.0,0.0,0.0
67#6,MC_OFF,slow_2Hz,normal,probability,0.0873015820980072,0.0873015820980072,713.3333333333334,413.33333333333337,0.09828651696443558,0.03475391864776611,0.002370186150074005,0.021129483357071877,0.05574817210435867,0.021129483357071877,0.018434656783938408,0.0,0.0,0.0,0.0
67#6,MC_OFF,rapid_10Hz,normal,probability,0.07344841957092285,0.07344841957092285,426.6666666666667,126.66666666666669,0.09645859897136688,0.020900756120681763,0.0005422681570053101,0.021129483357071877,0.04002096503973007,0.021129483357071877,0.025269249454140663,0.0,0.0,0.0,0.0
67#6,MC_OFF,rapid_20Hz,normal,probability,0.05538809299468994,0.05538809299468994,426.6666666666667,126.66666666666669,0.0959211215376854,0.0028404295444488525,4.7907233238220215e-06,0.021226709708571434,0.0258942823857069,0.021226709708571434,0.03925232216715813,0.0,0.0,0.0,0.0
67#6,MC_OFF,transient_50ms,normal,probability,0.0797794759273529,0.0797794759273529,1373.3333333333335,1073.3333333333335,0.0960012897849083,0.027231812477111816,8.495897054672241e-05,0.021129483357071877,0.02259788103401661,0.021129483357071877,0.021877724677324295,0.0,0.0,0.0,0.0
67#6,MC_OFF,large_field_50ms,normal,probability,0.0417671799659729,0.0417671799659729,333.33333333333337,33.33333333333337,0.00018343707779422402,-0.010780483484268188,-9.998411405831575e-05,0.020822545513510704,-0.003972196020185947,0.020822545513510704,-0.003972196020185947,0.0,0.0,0.0,0.0
67#6,MC_OFF,slow_step,H1_off,logit,0.4415707588195801,0.4415707588195801,1480.0,1180.0,0.5167762041091919,0.16133379936218262,-0.0005956292152404785,0.11462847143411636,0.2876232862472534,0.11462847143411636,0.11503568291664124,0.005997304804623127,0.018639683723449707,0.018639683723449707,0.011471419595181942
67#6,MC_OFF,slow_1Hz,H1_off,logit,0.4415706396102905,0.4415706396102905,980.0,680.0,0.5168390274047852,0.16133368015289307,-0.0005328059196472168,0.11462847143411636,0.2876341640949249,0.11462847143411636,0.11503490060567856,0.006288148928433657,0.018996596336364746,0.018996596336364746,0.011469406075775623
67#6,MC_OFF,slow_2Hz,H1_off,logit,0.44156408309936523,0.44156408309936523,733.3333333333334,433.33333333333337,0.5169639587402344,0.16132712364196777,-0.00040787458419799805,0.11462847143411636,0.2878643572330475,0.11462847143411636,0.1099914163351059,0.006846624892205,0.018996238708496094,0.018996238708496094,0.011465322226285934
67#6,MC_OFF,rapid_10Hz,H1_off,logit,0.37094414234161377,0.37094414234161377,426.6666666666667,126.66666666666669,0.517357349395752,0.09070718288421631,-1.4483928680419922e-05,0.11462847143411636,0.20745213329792023,0.11462847143411636,0.15232764184474945,0.008982522413134575,0.018639683723449707,0.018639683723449707,0.011441316455602646
67#6,MC_OFF,rapid_20Hz,H1_off,logit,0.29364335536956787,0.29364335536956787,426.6666666666667,126.66666666666669,0.5173762440681458,0.01340639591217041,4.410743713378906e-06,0.11512371152639389,0.14288917183876038,0.11512371152639389,0.2172929048538208,0.005828376393765211,0.016474127769470215,0.016474127769470215,0.011435194872319698
67#6,MC_OFF,transient_50ms,H1_off,logit,0.40285611152648926,0.40285611152648926,1373.3333333333335,1073.3333333333335,0.5173537731170654,0.1226191520690918,-1.806020736694336e-05,0.11462847143411636,0.12463334202766418,0.11462847143411636,0.1351989358663559,0.0057682679034769535,0.018639683723449707,0.018639683723449707,0.011435996741056442
67#6,MC_OFF,large_field_50ms,H1_off,logit,0.22615981101989746,0.22615981101989746,340.0,40.0,3.9736430812453705e-10,-0.0540771484375,3.9736430812453705e-10,0.11462847143411636,0.0018111637327820063,0.11462847143411636,0.0018111637327820063,0.002265688730403781,0.03535604476928711,0.03535604476928711,3.9736430812453705e-10
67#6,MC_OFF,slow_step,H1_off,probability,0.08743539452552795,0.08743539452552795,1480.0,1180.0,0.10079705715179443,0.03395494818687439,0.002575501799583435,0.02144012041389942,0.0558585599064827,0.02144012041389942,0.02120141126215458,0.001123458961956203,0.0035133957862854004,0.0035133957862854004,0.0021354849450290203
67#6,MC_OFF,slow_1Hz,H1_off,probability,0.08743539452552795,0.08743539452552795,980.0,680.0,0.10067199915647507,0.03395494818687439,0.0024504438042640686,0.02144012041389942,0.05586080998182297,0.02144012041389942,0.021201254799962044,0.0011838615173473954,0.0036645829677581787,0.0036645829677581787,0.0021329240407794714
67#6,MC_OFF,slow_2Hz,H1_off,probability,0.08743396401405334,0.08743396401405334,733.3333333333334,433.33333333333337,0.10041490197181702,0.03395351767539978,0.002193346619606018,0.02144012041389942,0.05590825527906418,0.02144012041389942,0.02021339163184166,0.001300143194384873,0.003664761781692505,0.003664761781692505,0.002128383843228221
67#6,MC_OFF,rapid_10Hz,H1_off,probability,0.0723038911819458,0.0723038911819458,426.6666666666667,126.66666666666669,0.09863655269145966,0.018823444843292236,0.0004149973392486572,0.02144012041389942,0.0393112488090992,0.02144012041389942,0.028217051178216934,0.001771116629242897,0.0035133957862854004,0.0035133957862854004,0.0021779490634799004
67#6,MC_OFF,rapid_20Hz,H1_off,probability,0.05621793866157532,0.05621793866157532,426.6666666666667,126.66666666666669,0.09821523725986481,0.002737492322921753,-6.318092346191406e-06,0.021537749096751213,0.02670644223690033,0.021537749096751213,0.04086371883749962,0.0011681016767397523,0.0032388269901275635,0.0032388269901275635,0.002294121077284217
67#6,MC_OFF,transient_50ms,H1_off,probability,0.07909083366394043,0.07909083366394043,1373.3333333333335,1073.3333333333335,0.09829705953598022,0.025610387325286865,7.550418376922607e-05,0.02144012041389942,0.023540332913398743,0.02144012041389942,0.024915870279073715,0.0011584016028791666,0.0035133957862854004,0.0035133957862854004,0.0022957702167332172
67#6,MC_OFF,large_field_50ms,H1_off,probability,0.042599380016326904,0.042599380016326904,340.0,40.0,0.00019452076230663806,-0.01088106632232666,-0.0001004633231787011,0.02144012041389942,0.0010341171873733401,0.02144012041389942,0.0010341171873733401,0.00040247797733172774,0.006492406129837036,0.006492406129837036,1.1083682693424635e-05
67#6,MC_OFF,slow_step,AC_off,logit,0.4979283809661865,0.4979283809661865,1473.3333333333335,1173.3333333333335,0.9509291052818298,0.019022881984710693,-2.8014183044433594e-06,0.1586451530456543,0.33824723958969116,0.1586451530456543,0.4546435475349426,0.2211408168077469,0.38874077796936035,0.38874077796936035,0.44562429189682007
67#6,MC_OFF,slow_1Hz,AC_off,logit,0.4979299306869507,0.4979299306869507,973.3333333333334,673.3333333333334,0.9509299993515015,0.019024431705474854,-1.9073486328125e-06,0.1586451530456543,0.3382488489151001,0.1586451530456543,0.4546538293361664,0.22110939025878906,0.38874077796936035,0.38874077796936035,0.44556042551994324
67#6,MC_OFF,slow_2Hz,AC_off,logit,0.49796390533447266,0.49796390533447266,720.0,420.0,0.9509319067001343,0.019058406352996826,0.0,0.1586451530456543,0.3382822275161743,0.1586451530456543,0.4544324576854706,0.22105662524700165,0.38874077796936035,0.38874077796936035,0.44543325901031494
67#6,MC_OFF,rapid_10Hz,AC_off,logit,0.4904569387435913,0.4904569387435913,433.33333333333337,133.33333333333337,0.9509342908859253,0.011551439762115479,2.384185791015625e-06,0.1586451530456543,0.3242110013961792,0.1586451530456543,0.41921907663345337,0.21917101740837097,0.33371615409851074,0.33371615409851074,0.4450181722640991
67#6,MC_OFF,rapid_20Hz,AC_off,logit,0.48269563913345337,0.48269563913345337,440.0,140.0,0.950933039188385,0.003790140151977539,1.1324882507324219e-06,0.1586451530456543,0.31765663623809814,0.1586451530456543,0.35182899236679077,0.21717816591262817,0.25687384605407715,0.25687384605407715,0.4449921250343323
67#6,MC_OFF,transient_50ms,AC_off,logit,0.49274396896362305,0.49274396896362305,1386.6666666666667,1086.6666666666667,0.9509298801422119,0.013838469982147217,-2.0265579223632812e-06,0.1586451530456543,0.316622257232666,0.1586451530456543,0.4186258316040039,0.21625065803527832,0.3329397439956665,0.3329397439956665,0.4450121223926544
67#6,MC_OFF,large_field_50ms,AC_off,logit,0.3767259120941162,0.3767259120941162,360.0,60.0,-7.947286162490741e-10,-0.03428637981414795,3.973642526133858e-10,0.15697842836380005,0.23460742831230164,0.15697842836380005,0.23460742831230164,0.017513079568743706,0.30551254749298096,0.30551254749298096,-7.947286162490741e-10
67#6,MC_OFF,slow_step,AC_off,probability,0.09979262948036194,0.09979262948036194,1473.3333333333335,1173.3333333333335,0.18948225677013397,0.004198253154754639,8.478760719299316e-06,0.030377084389328957,0.0663793608546257,0.030377084389328957,0.09028035402297974,0.045070499181747437,0.07834462821483612,0.07834462821483612,0.09082068502902985
67#6,MC_OFF,slow_1Hz,AC_off,probability,0.09979298710823059,0.09979298710823059,973.3333333333334,673.3333333333334,0.18948052823543549,0.004198610782623291,6.750226020812988e-06,0.030377084389328957,0.06637969613075256,0.030377084389328957,0.09028260409832001,0.045130979269742966,0.07834462821483612,0.07834462821483612,0.09094145894050598
67#6,MC_OFF,slow_2Hz,AC_off,probability,0.09980049729347229,0.09980049729347229,720.0,420.0,0.18947693705558777,0.00420612096786499,3.159046173095703e-06,0.030377084389328957,0.06638672202825546,0.030377084389328957,0.09023411571979523,0.04525753855705261,0.07834462821483612,0.07834462821483612,0.0911904126405716
67#6,MC_OFF,rapid_10Hz,AC_off,probability,0.09814047813415527,0.09814047813415527,433.33333333333337,133.33333333333337,0.1894618719816208,0.0025461018085479736,-1.1906027793884277e-05,0.030377084389328957,0.06339141726493835,0.030377084389328957,0.08262075483798981,0.04581977799534798,0.06842830777168274,0.06842830777168274,0.0930032730102539
67#6,MC_OFF,rapid_20Hz,AC_off,probability,0.09642866253852844,0.09642866253852844,440.0,140.0,0.18946585059165955,0.0008342862129211426,-7.927417755126953e-06,0.030377084389328957,0.062043774873018265,0.030377084389328957,0.06851235032081604,0.04570814594626427,0.05373489856719971,0.05373489856719971,0.09354474395513535
67#6,MC_OFF,transient_50ms,AC_off,probability,0.09864574670791626,0.09864574670791626,1386.6666666666667,1086.6666666666667,0.18947668373584747,0.00305137038230896,2.905726432800293e-06,0.030377084389328957,0.061885759234428406,0.030377084389328957,0.08249162882566452,0.045508917421102524,0.06715914607048035,0.06715914607048035,0.09347537159919739
67#6,MC_OFF,large_field_50ms,AC_off,probability,0.07352730631828308,0.07352730631828308,360.0,60.0,0.0005446457071229815,-0.007311522960662842,-0.00010759703582152724,0.030026854947209358,0.04495862126350403,0.030026854947209358,0.04495862126350403,0.003108805976808071,0.05737578868865967,0.05737578868865967,0.0003612086293287575
67#7,MC_ON,slow_step,normal,logit,0.4134535789489746,0.4134535789489746,1480.0,1180.0,0.35695940256118774,0.13746702671051025,-0.0009402036666870117,0.11189819872379303,0.23923715949058533,0.11189819872379303,0.00636880099773407,0.0,0.0,0.0,0.0
67#7,MC_ON,slow_1Hz,normal,logit,0.4134528636932373,0.4134528636932373,980.0,680.0,0.3570484519004822,0.13746631145477295,-0.0008511543273925781,0.11189819872379303,0.23925085365772247,0.11189819872379303,0.006363704800605774,0.0,0.0,0.0,0.0
67#7,MC_ON,slow_2Hz,normal,logit,0.4134378433227539,0.4134378433227539,733.3333333333334,433.33333333333337,0.3572261333465576,0.13745129108428955,-0.0006734728813171387,0.11189819872379303,0.2395332008600235,0.11189819872379303,0.00016805103223305196,0.0,0.0,0.0,0.0
67#7,MC_ON,rapid_10Hz,normal,logit,0.311359167098999,0.311359167098999,420.0,120.0,0.357875794172287,0.03537261486053467,-2.3812055587768555e-05,0.11189819872379303,0.14302006363868713,0.11189819872379303,0.08386947214603424,0.0,0.0,0.0,0.0
67#7,MC_ON,rapid_20Hz,normal,logit,0.21712851524353027,0.21712851524353027,333.33333333333337,33.33333333333337,0.3579041659832001,-0.05885803699493408,4.559755325317383e-06,0.11454391479492188,0.0635024756193161,0.11454391479492188,0.19413818418979645,0.0,0.0,0.0,0.0
67#7,MC_ON,transient_50ms,normal,logit,0.358623743057251,0.358623743057251,1373.3333333333335,1073.3333333333335,0.35788050293922424,0.08263719081878662,-1.9103288650512695e-05,0.11189819872379303,0.03605484962463379,0.11189819872379303,0.05579180270433426,0.0,0.0,0.0,0.0
67#7,MC_ON,large_field_50ms,normal,logit,-0.2322472333908081,0.2322472333908081,386.6666666666667,86.66666666666669,7.947286162490741e-10,-0.5082337856292725,7.947286162490741e-10,0.10993242263793945,-0.09727460891008377,0.10993242263793945,-0.09727460891008377,0.0,0.0,0.0,0.0
67#7,MC_ON,slow_step,normal,probability,0.07250961661338806,0.07250961661338806,1480.0,1180.0,0.06350862979888916,0.025913745164871216,0.004665106534957886,0.018385764211416245,0.04103498160839081,0.018385764211416245,0.0012593884021043777,0.0,0.0,0.0,0.0
67#7,MC_ON,slow_1Hz,normal,probability,0.07250946760177612,0.07250946760177612,980.0,680.0,0.0632670521736145,0.025913596153259277,0.0044235289096832275,0.018385764211416245,0.04103745520114899,0.018385764211416245,0.001258600503206253,0.0,0.0,0.0,0.0
67#7,MC_ON,slow_2Hz,normal,probability,0.07250654697418213,0.07250654697418213,733.3333333333334,433.33333333333337,0.06277217715978622,0.025910675525665283,0.00392865389585495,0.018385764211416245,0.04108858108520508,0.018385764211416245,0.00022289583284873515,0.0,0.0,0.0,0.0
67#7,MC_ON,rapid_10Hz,normal,probability,0.05309472978115082,0.05309472978115082,420.0,120.0,0.05949890986084938,0.006498858332633972,0.0006553865969181061,0.018385764211416245,0.023662801831960678,0.018385764211416245,0.013454215601086617,0.0,0.0,0.0,0.0
67#7,MC_ON,rapid_20Hz,normal,probability,0.03604567050933838,0.03604567050933838,333.33333333333337,33.33333333333337,0.05881890282034874,-0.010550200939178467,-2.462044358253479e-05,0.01884234882891178,0.010386679321527481,0.01884234882891178,0.03202590346336365,0.0,0.0,0.0,0.0
67#7,MC_ON,transient_50ms,normal,probability,0.061962276697158813,0.061962276697158813,1373.3333333333335,1073.3333333333335,0.058942534029483795,0.015366405248641968,9.901076555252075e-05,0.018385764211416245,0.0063312482088804245,0.018385764211416245,0.008874284103512764,0.0,0.0,0.0,0.0
67#7,MC_ON,large_field_50ms,normal,probability,0.03872412443161011,0.03872412443161011,1386.6666666666667,1086.6666666666667,0.00024917293922044337,-0.007871747016906738,-2.943587605841458e-05,0.01804700493812561,-0.013911268673837185,0.01804700493812561,-0.013911268673837185,0.0,0.0,0.0,0.0
67#7,MC_ON,slow_step,H1_off,logit,0.41419529914855957,0.41419529914855957,1500.0,1200.0,0.35751527547836304,0.13567829132080078,-0.0009386241436004639,0.11393015086650848,0.24005261063575745,0.11393015086650848,0.0040733665227890015,0.0014027528231963515,0.017150044441223145,0.017150044441223145,0.0005558474804274738
67#7,MC_ON,slow_1Hz,H1_off,logit,0.4141947031021118,0.4141947031021118,1000.0,700.0,0.35760775208473206,0.13567769527435303,-0.0008461475372314453,0.11393015086650848,0.24006681144237518,0.11393015086650848,0.004067733883857727,0.002265786286443472,0.01750016212463379,0.01750016212463379,0.0005593268433585763
67#7,MC_ON,slow_2Hz,H1_off,logit,0.4141780138015747,0.4141780138015747,753.3333333333334,453.33333333333337,0.35779234766960144,0.13566100597381592,-0.0006615519523620605,0.11393015086650848,0.24035631120204926,0.11393015086650848,-0.0016845294740051031,0.003989804070442915,0.017506122589111328,0.017506122589111328,0.0005661964532919228
67#7,MC_ON,rapid_10Hz,H1_off,logit,0.29862046241760254,0.29862046241760254,420.0,120.0,0.358438104391098,0.02010345458984375,-1.5795230865478516e-05,0.11393015086650848,0.13297900557518005,0.11393015086650848,0.09646998345851898,0.009182712063193321,0.01714932918548584,0.01714932918548584,0.0005623404285870492
67#7,MC_ON,rapid_20Hz,H1_off,logit,0.2178950309753418,0.2178950309753418,333.33333333333337,33.33333333333337,0.3584589660167694,-0.06062197685241699,5.066394805908203e-06,0.11657482385635376,0.061725303530693054,0.11657482385635376,0.20181187987327576,0.004051955882459879,0.015186786651611328,0.015186786651611328,0.0005547825712710619
67#7,MC_ON,transient_50ms,H1_off,logit,0.35128140449523926,0.35128140449523926,1373.3333333333335,1073.3333333333335,0.3584361970424652,0.07276439666748047,-1.7702579498291016e-05,0.11393015086650848,0.03530125319957733,0.11393015086650848,0.06917079538106918,0.0010595973581075668,0.017149686813354492,0.017149686813354492,0.0005556877586059272
67#7,MC_ON,large_field_50ms,H1_off,logit,-0.22083234786987305,0.22083234786987305,386.6666666666667,86.66666666666669,0.0,-0.49934935569763184,0.0,0.11393015086650848,-0.07583669573068619,0.11393015086650848,-0.07583669573068619,0.0029763844795525074,-0.032152414321899414,0.032152414321899414,-7.947286162490741e-10
67#7,MC_ON,slow_step,H1_off,probability,0.07265418767929077,0.07265418767929077,1500.0,1200.0,0.06360321491956711,0.02559731900691986,0.004651989787817001,0.01873747445642948,0.0411810427904129,0.01873747445642948,0.0008781421929597855,0.0002459902607370168,-0.003109157085418701,0.003109157085418701,9.459654393140227e-05
67#7,MC_ON,slow_1Hz,H1_off,probability,0.07265406847000122,0.07265406847000122,1000.0,700.0,0.0633375346660614,0.02559719979763031,0.0043863095343112946,0.01873747445642948,0.04118361324071884,0.01873747445642948,0.0008772760629653931,0.00039371673483401537,-0.003109171986579895,0.003109171986579895,7.048080442473292e-05
67#7,MC_ON,slow_2Hz,H1_off,probability,0.07265082001686096,0.07265082001686096,753.3333333333334,453.33333333333337,0.06279473006725311,0.02559395134449005,0.003843504935503006,0.01873747445642948,0.0412360318005085,0.01873747445642948,-8.014057675609365e-05,0.0006885723560117185,-0.0030737072229385376,0.0030737072229385376,2.2553107555722818e-05
67#7,MC_ON,rapid_10Hz,H1_off,probability,0.05074067413806915,0.05074067413806915,420.0,120.0,0.05944093316793442,0.003683805465698242,0.0004897080361843109,0.01873747445642948,0.021957209333777428,0.01873747445642948,0.01551009714603424,0.0015820905100554228,0.002781793475151062,0.002781793475151062,-5.7977835240308195e-05
67#7,MC_ON,rapid_20Hz,H1_off,probability,0.03618094325065613,0.03618094325065613,333.33333333333337,33.33333333333337,0.05891664698719978,-0.010875925421714783,-3.4578144550323486e-05,0.019196361303329468,0.01014859601855278,0.019196361303329468,0.03336135298013687,0.0007002217462286353,0.0026353150606155396,0.0026353150606155396,9.77536037680693e-05
67#7,MC_ON,transient_50ms,H1_off,probability,0.06057104468345642,0.06057104468345642,1373.3333333333335,1073.3333333333335,0.05903926491737366,0.01351417601108551,8.803978562355042e-05,0.01873747445642948,0.006224106997251511,0.01873747445642948,0.011037536896765232,0.0001822479534894228,0.002781793475151062,0.002781793475151062,9.672781015979126e-05
67#7,MC_ON,large_field_50ms,H1_off,probability,0.0366998165845871,0.0366998165845871,1386.6666666666667,1086.6666666666667,0.0002703576465137303,-0.010357052087783813,-1.9243743736296892e-05,0.01873747445642948,-0.010643218643963337,0.01873747445642948,-0.010643218643963337,0.000463267759187147,0.005218595266342163,0.005218595266342163,2.1184683646424673e-05
67#7,MC_ON,slow_step,AC_off,logit,0.47929859161376953,0.47929859161376953,1466.6666666666667,1166.6666666666667,0.9164268374443054,0.01838737726211548,-2.6226043701171875e-06,0.18067213892936707,0.29693180322647095,0.18067213892936707,0.43946459889411926,0.2778186798095703,0.4937158226966858,0.4937158226966858,0.5594673752784729
67#7,MC_ON,slow_1Hz,AC_off,logit,0.4793001413345337,0.4793001413345337,966.6666666666667,666.6666666666667,0.9164276123046875,0.01838892698287964,-1.8477439880371094e-06,0.18067213892936707,0.2969331741333008,0.18067213892936707,0.43947386741638184,0.27777528762817383,0.4937158226966858,0.4937158226966858,0.5593791604042053
67#7,MC_ON,slow_2Hz,AC_off,logit,0.479333758354187,0.479333758354187,713.3333333333334,413.33333333333337,0.9164292812347412,0.01842254400253296,-1.7881393432617188e-07,0.18067213892936707,0.2969619035720825,0.18067213892936707,0.43912944197654724,0.277701199054718,0.4937158226966858,0.4937158226966858,0.559203028678894
67#7,MC_ON,rapid_10Hz,AC_off,logit,0.47417163848876953,0.47417163848876953,433.33333333333337,133.33333333333337,0.9164314270019531,0.013260424137115479,1.9669532775878906e-06,0.18067213892936707,0.2862883508205414,0.18067213892936707,0.42117998003959656,0.2749832272529602,0.396465539932251,0.396465539932251,0.5585556626319885
67#7,MC_ON,rapid_20Hz,AC_off,logit,0.46582919359207153,0.46582919359207153,433.33333333333337,133.33333333333337,0.9164304733276367,0.0049179792404174805,1.0132789611816406e-06,0.1806730479001999,0.27831363677978516,0.1806730479001999,0.37244200706481934,0.27268728613853455,0.30995476245880127,0.30995476245880127,0.558526337146759
67#7,MC_ON,transient_50ms,AC_off,logit,0.47560369968414307,0.47560369968414307,1380.0,1080.0,0.9164276123046875,0.014692485332489014,-1.8477439880371094e-06,0.18067213892936707,0.2770259380340576,0.18067213892936707,0.42029276490211487,0.27140384912490845,0.39858222007751465,0.39858222007751465,0.5585471987724304
67#7,MC_ON,large_field_50ms,AC_off,logit,0.3829801082611084,0.3829801082611084,353.33333333333337,53.33333333333337,-3.1789144649962964e-09,-0.03262138366699219,-2.3841858487472223e-09,0.17830756306648254,0.21136176586151123,0.17830756306648254,0.21136176586151123,0.022164151072502136,-0.3551527261734009,0.3551527261734009,-3.973643192267673e-09
67#7,MC_ON,slow_step,AC_off,probability,0.08553874492645264,0.08553874492645264,1466.6666666666667,1166.6666666666667,0.16249282658100128,0.00367775559425354,1.1071562767028809e-05,0.030852004885673523,0.051622841507196426,0.030852004885673523,0.07761050760746002,0.049150217324495316,0.0858326256275177,0.0858326256275177,0.09898420423269272
67#7,MC_ON,slow_1Hz,AC_off,probability,0.0855390727519989,0.0855390727519989,966.6666666666667,666.6666666666667,0.16249124705791473,0.0036780834197998047,9.492039680480957e-06,0.030852004885673523,0.05162309110164642,0.030852004885673523,0.07761233299970627,0.04927031695842743,0.0858326256275177,0.0858326256275177,0.09922417998313904
67#7,MC_ON,slow_2Hz,AC_off,probability,0.08554583787918091,0.08554583787918091,713.3333333333334,413.33333333333337,0.16248789429664612,0.0036848485469818115,6.139278411865234e-06,0.030852004885673523,0.051628462970256805,0.030852004885673523,0.07754404097795486,0.04951842501759529,0.0858326256275177,0.0858326256275177,0.0997157171368599
67#7,MC_ON,rapid_10Hz,AC_off,probability,0.08451023697853088,0.08451023697853088,433.33333333333337,133.33333333333337,0.16247139871120453,0.002649247646331787,-1.0356307029724121e-05,0.030852004885673523,0.049585916101932526,0.030852004885673523,0.07402575016021729,0.05072008818387985,0.07109381258487701,0.07109381258487701,0.10297247767448425
67#7,MC_ON,rapid_20Hz,AC_off,probability,0.08284169435501099,0.08284169435501099,433.33333333333337,133.33333333333337,0.16247349977493286,0.0009807050228118896,-8.255243301391602e-06,0.03085218369960785,0.04812140762805939,0.03085218369960785,0.06477333605289459,0.050688259303569794,0.05719245970249176,0.05719245970249176,0.10365459322929382
67#7,MC_ON,transient_50ms,AC_off,probability,0.08479729294776917,0.08479729294776917,1380.0,1080.0,0.16248424351215363,0.0029363036155700684,2.4884939193725586e-06,0.030852004885673523,0.04796091467142105,0.030852004885673523,0.07385081797838211,0.05043711140751839,0.07061058282852173,0.07061058282852173,0.10354172438383102
67#7,MC_ON,large_field_50ms,AC_off,probability,0.06661331653594971,0.06661331653594971,353.33333333333337,53.33333333333337,0.0005647693178616464,-0.006315112113952637,-0.00010242999996989965,0.030399631708860397,0.03595868870615959,0.030399631708860397,0.03595868870615959,0.003451770171523094,0.05955316126346588,0.05955316126346588,0.00031559637864120305
67#14,PC_ON,slow_step,normal,logit,0.35934948921203613,0.35934948921203613,2300.0,2000.0,0.38407477736473083,0.05209648609161377,-0.00044104456901550293,0.12739749252796173,0.20727533102035522,0.12739749252796173,0.04974636435508728,0.0,0.0,0.0,0.0
67#14,PC_ON,slow_1Hz,normal,logit,0.3591269254684448,0.3591269254684448,1320.0,1020.0,0.3841562867164612,0.05187392234802246,-0.00035953521728515625,0.12739749252796173,0.20705710351467133,0.12739749252796173,0.05006544291973114,0.0,0.0,0.0,0.0
67#14,PC_ON,slow_2Hz,normal,logit,0.3530365228652954,0.3530365228652954,820.0,520.0,0.38429778814315796,0.04578351974487305,-0.0002180337905883789,0.12739749252796173,0.20098599791526794,0.12739749252796173,0.05548315495252609,0.0,0.0,0.0,0.0
67#14,PC_ON,rapid_10Hz,normal,logit,0.3039606809616089,0.3039606809616089,426.6666666666667,126.66666666666669,0.3845159709453583,-0.0032923221588134766,1.4901161193847656e-07,0.12739749252796173,0.1079159826040268,0.12739749252796173,0.19653965532779694,0.0,0.0,0.0,0.0
67#14,PC_ON,rapid_20Hz,normal,logit,0.27832984924316406,0.27832984924316406,380.0,80.0,0.3845200836658478,-0.0289231538772583,4.26173210144043e-06,0.12763342261314392,0.06419438123703003,0.12763342261314392,0.24733388423919678,0.0,0.0,0.0,0.0
67#14,PC_ON,transient_50ms,normal,logit,0.2963886260986328,0.2963886260986328,1380.0,1080.0,0.3845135271549225,-0.01086437702178955,-2.294778823852539e-06,0.12739749252796173,0.05244395136833191,0.12739749252796173,0.18580372631549835,0.0,0.0,0.0,0.0
67#14,PC_ON,large_field_50ms,normal,logit,-0.2587907314300537,0.2587907314300537,1340.0,1040.0,-2.38418573772492e-09,0.048462510108947754,-1.5894571214758457e-09,0.12412010133266449,0.031283240765333176,0.12412010133266449,0.031283240765333176,0.0,0.0,0.0,0.0
67#14,PC_ON,slow_step,normal,probability,0.05471976101398468,0.05471976101398468,2300.0,2000.0,0.05778172239661217,0.008696705102920532,0.0020289160311222076,0.01862245425581932,0.03105473890900612,0.01862245425581932,0.006907375529408455,0.0,0.0,0.0,0.0
67#14,PC_ON,slow_1Hz,normal,probability,0.05468204617500305,0.05468204617500305,1320.0,1020.0,0.05750156566500664,0.008658990263938904,0.0017487592995166779,0.01862245425581932,0.031020352616906166,0.01862245425581932,0.006951870396733284,0.0,0.0,0.0,0.0
67#14,PC_ON,slow_2Hz,normal,probability,0.05365200340747833,0.05365200340747833,820.0,520.0,0.057007353752851486,0.007628947496414185,0.0012545473873615265,0.01862245425581932,0.030065646395087242,0.01862245425581932,0.007689576130360365,0.0,0.0,0.0,0.0
67#14,PC_ON,rapid_10Hz,normal,probability,0.04548221826553345,0.04548221826553345,426.6666666666667,126.66666666666669,0.05587788298726082,-0.0005408376455307007,0.00012507662177085876,0.01862245425581932,0.01574256829917431,0.01862245425581932,0.028429780155420303,0.0,0.0,0.0,0.0
67#14,PC_ON,rapid_20Hz,normal,probability,0.041307494044303894,0.041307494044303894,380.0,80.0,0.05571749433875084,-0.004715561866760254,-3.5312026739120483e-05,0.018660126253962517,0.009386159479618073,0.018660126253962517,0.03637967258691788,0.0,0.0,0.0,0.0
67#14,PC_ON,transient_50ms,normal,probability,0.04424232244491577,0.04424232244491577,1380.0,1080.0,0.05575037747621536,-0.0017807334661483765,-2.428889274597168e-06,0.01862245425581932,0.008001862093806267,0.01862245425581932,0.026790069416165352,0.0,0.0,0.0,0.0
67#14,PC_ON,large_field_50ms,normal,probability,0.038167357444763184,0.038167357444763184,340.0,40.0,0.00025349159841425717,-0.007855698466300964,-9.442915325053036e-05,0.018100446090102196,0.00515141012147069,0.018100446090102196,0.00515141012147069,0.0,0.0,0.0,0.0
67#14,PC_ON,slow_step,H1_off,logit,0.35762810707092285,0.35762810707092285,2300.0,2000.0,0.3874579071998596,0.045543551445007324,-0.00041115283966064453,0.13095998764038086,0.20698578655719757,0.13095998764038086,0.04984034597873688,0.005700257141143084,-0.028954744338989258,0.028954744338989258,0.0033831382170319557
67#14,PC_ON,slow_1Hz,H1_off,logit,0.35734331607818604,0.35734331607818604,1320.0,1020.0,0.38754215836524963,0.04525876045227051,-0.0003269016742706299,0.13095998764038086,0.206706702709198,0.13095998764038086,0.05020281672477722,0.008404549211263657,0.032222747802734375,0.032222747802734375,0.003385829972103238
67#14,PC_ON,slow_2Hz,H1_off,logit,0.3495239019393921,0.3495239019393921,820.0,520.0,0.3876858949661255,0.03743934631347656,-0.0001831650733947754,0.13095998764038086,0.19895847141742706,0.13095998764038086,0.05775746330618858,0.012993460521101952,0.0313105583190918,0.0313105583190918,0.0033881347626447678
67#14,PC_ON,rapid_10Hz,H1_off,logit,0.2862592935562134,0.2862592935562134,426.6666666666667,126.66666666666669,0.3878747224807739,-0.02582526206970215,5.662441253662109e-06,0.13095998764038086,0.0936000794172287,0.13095998764038086,0.214707612991333,0.014018537476658821,0.0242922306060791,0.0242922306060791,0.0033587662037461996
67#14,PC_ON,rapid_20Hz,H1_off,logit,0.276833176612854,0.276833176612854,340.0,40.0,0.38787415623664856,-0.03525137901306152,5.0961971282958984e-06,0.13119590282440186,0.06253071129322052,0.13119590282440186,0.2565668225288391,0.0068937684409320354,0.02008223533630371,0.02008223533630371,0.0033540837466716766
67#14,PC_ON,transient_50ms,H1_off,logit,0.2834148406982422,0.2834148406982422,1380.0,1080.0,0.3878680169582367,-0.02866971492767334,-1.043081283569336e-06,0.13095998764038086,0.05306045711040497,0.13095998764038086,0.20601768791675568,0.0026483063120394945,0.0242922306060791,0.0242922306060791,0.003354458836838603
67#14,PC_ON,large_field_50ms,H1_off,logit,-0.27683353424072266,0.27683353424072266,1340.0,1040.0,-2.38418573772492e-09,0.03525114059448242,4.7683719195390495e-09,0.13095998764038086,0.0672651156783104,0.13095998764038086,0.0672651156783104,0.003818042343482375,0.04580831527709961,0.04580831527709961,0.0
67#14,PC_ON,slow_step,H1_off,probability,0.054428234696388245,0.054428234696388245,2300.0,2000.0,0.058162689208984375,0.00760960578918457,0.0018772929906845093,0.019193999469280243,0.030984677374362946,0.019193999469280243,0.006897324696183205,0.0008555619860999286,-0.004466205835342407,0.004466205835342407,0.0003809644840657711
67#14,PC_ON,slow_1Hz,H1_off,probability,0.05438002943992615,0.05438002943992615,1320.0,1020.0,0.05785823240876198,0.007561400532722473,0.0015728361904621124,0.019193999469280243,0.030940722674131393,0.019193999469280243,0.0069479141384363174,0.0012734701158478856,0.004920735955238342,0.004920735955238342,0.000356669828761369
67#14,PC_ON,slow_2Hz,H1_off,probability,0.05305953323841095,0.05305953323841095,820.0,520.0,0.057326216250658035,0.006240904331207275,0.0010408200323581696,0.019193999469280243,0.02972346358001232,0.019193999469280243,0.007994411513209343,0.001982367131859064,0.004770219326019287,0.004770219326019287,0.0003188608097843826
67#14,PC_ON,rapid_10Hz,H1_off,probability,0.04259230196475983,0.04259230196475983,426.6666666666667,126.66666666666669,0.05629485100507736,-0.004226326942443848,9.454786777496338e-06,0.019193999469280243,0.013651791960000992,0.019193999469280243,0.031238263472914696,0.0021507954224944115,0.003741130232810974,0.003741130232810974,0.0004169646999798715
67#14,PC_ON,rapid_20Hz,H1_off,probability,0.041065678000450134,0.041065678000450134,340.0,40.0,0.05623165890574455,-0.00575295090675354,-5.373731255531311e-05,0.01923203282058239,0.009244691580533981,0.01923203282058239,0.037856701761484146,0.0010596750071272254,0.0032048672437667847,0.0032048672437667847,0.0005141645669937134
67#14,PC_ON,transient_50ms,H1_off,probability,0.0421307235956192,0.0421307235956192,1380.0,1080.0,0.05627695098519325,-0.004687905311584473,-8.44523310661316e-06,0.019193999469280243,0.008104206994175911,0.019193999469280243,0.02990213967859745,0.0004107399727217853,0.003741130232810974,0.003741130232810974,0.0005265754298307002
67#14,PC_ON,large_field_50ms,H1_off,probability,0.041065678000450134,0.041065678000450134,340.0,40.0,0.00031148773268796504,-0.00575295090675354,-4.921833169646561e-05,0.019193999469280243,0.010310797020792961,0.019193999469280243,0.010310797020792961,0.0005177792627364397,0.006967335939407349,0.006967335939407349,5.799611608381383e-05
67#14,PC_ON,slow_step,AC_off,logit,0.4586293697357178,0.4586293697357178,1453.3333333333335,1153.3333333333335,0.858498752117157,0.027422070503234863,-1.0788440704345703e-05,0.15249283611774445,0.30126434564590454,0.15249283611774445,0.4052659273147583,0.2324606031179428,0.3753349781036377,0.3753349781036377,0.4744240343570709
67#14,PC_ON,slow_1Hz,AC_off,logit,0.4586310386657715,0.4586310386657715,953.3333333333334,653.3333333333334,0.8585003614425659,0.027423739433288574,-9.179115295410156e-06,0.15249283611774445,0.30126601457595825,0.15249283611774445,0.4052746295928955,0.23240920901298523,0.37510812282562256,0.37510812282562256,0.47434404492378235
67#14,PC_ON,slow_2Hz,AC_off,logit,0.458665132522583,0.458665132522583,700.0,400.0,0.8585034608840942,0.027457833290100098,-6.079673767089844e-06,0.15249283611774445,0.3013031482696533,0.15249283611774445,0.4044594168663025,0.23202216625213623,0.3685121536254883,0.3685121536254883,0.47420570254325867
67#14,PC_ON,rapid_10Hz,AC_off,logit,0.4521716833114624,0.4521716833114624,426.6666666666667,126.66666666666669,0.8585108518600464,0.020964384078979492,1.3113021850585938e-06,0.15249283611774445,0.28995341062545776,0.15249283611774445,0.3843159079551697,0.2282235473394394,0.2892594337463379,0.2892594337463379,0.4739949703216553
67#14,PC_ON,rapid_20Hz,AC_off,logit,0.4412015676498413,0.4412015676498413,433.33333333333337,133.33333333333337,0.8585105538368225,0.009994268417358398,1.0132789611816406e-06,0.15249283611774445,0.27716439962387085,0.15249283611774445,0.33651286363601685,0.22691506147384644,0.25322139263153076,0.25322139263153076,0.4739904999732971
67#14,PC_ON,transient_50ms,AC_off,logit,0.45399320125579834,0.45399320125579834,1380.0,1080.0,0.8585069179534912,0.02278590202331543,-2.6226043701171875e-06,0.15249283611774445,0.27461951971054077,0.15249283611774445,0.38216081261634827,0.22610355913639069,0.23713719844818115,0.23713719844818115,0.4739932417869568
67#14,PC_ON,large_field_50ms,AC_off,logit,0.3429884910583496,0.3429884910583496,360.0,60.0,0.0,-0.04813826084136963,0.0,0.14897024631500244,0.20287977159023285,0.14897024631500244,0.20287977159023285,0.016889752820134163,0.19614386558532715,0.19614386558532715,2.38418573772492e-09
67#14,PC_ON,slow_step,AC_off,probability,0.07201497256755829,0.07201497256755829,1453.3333333333335,1153.3333333333335,0.13350380957126617,0.004871547222137451,5.14984130859375e-05,0.02270946092903614,0.04612763226032257,0.02270946092903614,0.06260474771261215,0.0371549129486084,0.05831809341907501,0.05831809341907501,0.07572206109762192
67#14,PC_ON,slow_1Hz,AC_off,probability,0.07201527059078217,0.07201527059078217,953.3333333333334,653.3333333333334,0.13350066542625427,0.004871845245361328,4.8354268074035645e-05,0.02270946092903614,0.04612792283296585,0.02270946092903614,0.06260626018047333,0.037291765213012695,0.058286771178245544,0.058286771178245544,0.07599910348653793
67#14,PC_ON,slow_2Hz,AC_off,probability,0.07202136516571045,0.07202136516571045,700.0,400.0,0.13349416851997375,0.004877939820289612,4.1857361793518066e-05,0.02270946092903614,0.046134110540151596,0.02270946092903614,0.06246321648359299,0.03748926892876625,0.05737534165382385,0.05737534165382385,0.07648681849241257
67#14,PC_ON,rapid_10Hz,AC_off,probability,0.07086126506328583,0.07086126506328583,426.6666666666667,126.66666666666669,0.1334543377161026,0.0037178397178649902,2.0265579223632812e-06,0.02270946092903614,0.0441950187087059,0.02270946092903614,0.05899282917380333,0.03750305622816086,0.046366289258003235,0.046366289258003235,0.07757645845413208
67#14,PC_ON,rapid_20Hz,AC_off,probability,0.06891059875488281,0.06891059875488281,433.33333333333337,133.33333333333337,0.13344550132751465,0.001767173409461975,-6.809830665588379e-06,0.02270946092903614,0.04204211384057999,0.02270946092903614,0.05109188333153725,0.03740408644080162,0.04130372405052185,0.04130372405052185,0.07772800326347351
67#14,PC_ON,transient_50ms,AC_off,probability,0.07118628919124603,0.07118628919124603,1380.0,1080.0,0.13345776498317719,0.004042863845825195,5.453824996948242e-06,0.02270946092903614,0.04174553230404854,0.02270946092903614,0.05861828848719597,0.03729185834527016,0.039041489362716675,0.039041489362716675,0.07770738005638123
67#14,PC_ON,large_field_50ms,AC_off,probability,0.05196040868759155,0.05196040868759155,360.0,60.0,0.00044560464448295534,-0.008192256093025208,-0.0001200140395667404,0.022121651098132133,0.030123967677354813,0.022121651098132133,0.030123967677354813,0.0022910097613930702,0.028608396649360657,0.028608396649360657,0.00019211303151678294
67#21,PC_ON,slow_step,normal,logit,0.35857129096984863,0.35857129096984863,1486.6666666666667,1186.6666666666667,0.4160063564777374,0.12940716743469238,-0.000398099422454834,0.06594744324684143,0.26139160990715027,0.06594744324684143,0.08892843127250671,0.0,0.0,0.0,0.0
67#21,PC_ON,slow_1Hz,normal,logit,0.35857105255126953,0.35857105255126953,986.6666666666667,686.6666666666667,0.41605162620544434,0.12940692901611328,-0.0003528296947479248,0.06594744324684143,0.26140135526657104,0.06594744324684143,0.08892709016799927,0.0,0.0,0.0,0.0
67#21,PC_ON,slow_2Hz,normal,logit,0.358562707901001,0.358562707901001,733.3333333333334,433.33333333333337,0.4161416292190552,0.12939858436584473,-0.00026282668113708496,0.06594744324684143,0.2616068720817566,0.06594744324684143,0.08605248481035233,0.0,0.0,0.0,0.0
67#21,PC_ON,rapid_10Hz,normal,logit,0.2690744400024414,0.2690744400024414,426.6666666666667,126.66666666666669,0.41640445590019226,0.039910316467285156,0.0,0.06594744324684143,0.1749955117702484,0.06594744324684143,0.15140332281589508,0.0,0.0,0.0,0.0
67#21,PC_ON,rapid_20Hz,normal,logit,0.223097562789917,0.223097562789917,426.6666666666667,126.66666666666669,0.4164080023765564,-0.006066560745239258,3.546476364135742e-06,0.06776958703994751,0.1403992772102356,0.06776958703994751,0.1649511158466339,0.0,0.0,0.0,0.0
67#21,PC_ON,transient_50ms,normal,logit,0.30884647369384766,0.30884647369384766,1380.0,1080.0,0.4163936674594879,0.0796823501586914,-1.0788440704345703e-05,0.06594744324684143,0.12686771154403687,0.06594744324684143,0.13732501864433289,0.0,0.0,0.0,0.0
67#21,PC_ON,large_field_50ms,normal,logit,0.15554356575012207,0.15554356575012207,346.6666666666667,46.666666666666686,0.0,-0.07264924049377441,0.0,0.06560924649238586,0.052593741565942764,0.06560924649238586,0.052593741565942764,0.0,0.0,0.0,0.0
67#21,PC_ON,slow_step,normal,probability,0.03412816673517227,0.03412816673517227,1486.6666666666667,1186.6666666666667,0.03879871964454651,0.013435155153274536,0.001509595662355423,0.005715128965675831,0.024290386587381363,0.005715128965675831,0.0076283542439341545,0.0,0.0,0.0,0.0
67#21,PC_ON,slow_1Hz,normal,probability,0.034128136932849884,0.034128136932849884,986.6666666666667,686.6666666666667,0.03870483487844467,0.013435125350952148,0.0014157108962535858,0.005715128965675831,0.024291396141052246,0.005715128965675831,0.007628237828612328,0.0,0.0,0.0,0.0
67#21,PC_ON,slow_2Hz,normal,probability,0.03412722051143646,0.03412722051143646,733.3333333333334,433.33333333333337,0.03851350396871567,0.013434208929538727,0.001224379986524582,0.005715128965675831,0.02431252785027027,0.005715128965675831,0.00736223254352808,0.0,0.0,0.0,0.0
67#21,PC_ON,rapid_10Hz,normal,probability,0.02469535917043686,0.02469535917043686,426.6666666666667,126.66666666666669,0.03736645728349686,0.0040023475885391235,7.733330130577087e-05,0.005715128965675831,0.015594030730426311,0.005715128965675831,0.01325161848217249,0.0,0.0,0.0,0.0
67#21,PC_ON,rapid_20Hz,normal,probability,0.02009539306163788,0.02009539306163788,426.6666666666667,126.66666666666669,0.03726948797702789,-0.0005976185202598572,-1.963600516319275e-05,0.005885519087314606,0.012384076602756977,0.005885519087314606,0.014581752009689808,0.0,0.0,0.0,0.0
67#21,PC_ON,transient_50ms,normal,probability,0.028808072209358215,0.028808072209358215,1380.0,1080.0,0.037322886288166046,0.00811506062746048,3.376230597496033e-05,0.005715128965675831,0.01122480258345604,0.005715128965675831,0.01194676198065281,0.0,0.0,0.0,0.0
67#21,PC_ON,large_field_50ms,normal,probability,0.013629123568534851,0.013629123568534851,346.6666666666667,46.666666666666686,6.999254401307553e-05,-0.006968006491661072,-6.551688420586288e-05,0.00568364467471838,0.004646340850740671,0.00568364467471838,0.004646340850740671,0.0,0.0,0.0,0.0
67#21,PC_ON,slow_step,H1_off,logit,0.35624170303344727,0.35624170303344727,1520.0,1220.0,0.419689416885376,0.12465786933898926,-0.00037422776222229004,0.06633150577545166,0.2594260275363922,0.06633150577545166,0.09418782591819763,0.004249439109116793,0.010012149810791016,0.010012149810791016,0.0036830648314207792
67#21,PC_ON,slow_1Hz,H1_off,logit,0.3562415838241577,0.3562415838241577,1020.0,720.0,0.4197339117527008,0.12465775012969971,-0.00032973289489746094,0.06633150577545166,0.25943583250045776,0.06633150577545166,0.09418636560440063,0.004643252119421959,0.011816024780273438,0.011816024780273438,0.0036822662223130465
67#21,PC_ON,slow_2Hz,H1_off,logit,0.35639488697052,0.35639488697052,2313.3333333333335,2013.3333333333335,0.4198222756385803,0.12481105327606201,-0.00024136900901794434,0.06633150577545166,0.25963133573532104,0.06633150577545166,0.09147460013628006,0.005426318850368261,0.011816740036010742,0.011816740036010742,0.0036806243006139994
67#21,PC_ON,rapid_10Hz,H1_off,logit,0.26416611671447754,0.26416611671447754,426.6666666666667,126.66666666666669,0.42006516456604004,0.03258228302001953,1.519918441772461e-06,0.06633150577545166,0.17285916209220886,0.06633150577545166,0.159272700548172,0.004619986284524202,0.009776592254638672,0.009776592254638672,0.003660741029307246
67#21,PC_ON,rapid_20Hz,H1_off,logit,0.22586965560913086,0.22586965560913086,426.6666666666667,126.66666666666669,0.42006710171699524,-0.0057141780853271484,3.4570693969726562e-06,0.06815370917320251,0.14169198274612427,0.06815370917320251,0.16810700297355652,0.0020170544739812613,0.0064694881439208984,0.0064694881439208984,0.0036590720992535353
67#21,PC_ON,transient_50ms,H1_off,logit,0.3038640022277832,0.3038640022277832,1380.0,1080.0,0.42005348205566406,0.0722801685333252,-1.0162591934204102e-05,0.06633150577545166,0.128584086894989,0.06633150577545166,0.14538635313510895,0.0020219245925545692,0.009784936904907227,0.009784936904907227,0.003659844398498535
67#21,PC_ON,large_field_50ms,H1_off,logit,0.15992283821105957,0.15992283821105957,346.6666666666667,46.666666666666686,0.0,-0.07019543647766113,0.0,0.06633150577545166,0.06715314835309982,0.06633150577545166,0.06715314835309982,0.0012678130296990275,0.017813920974731445,0.017813920974731445,0.0
67#21,PC_ON,slow_step,H1_off,probability,0.03387443721294403,0.03387443721294403,1520.0,1220.0,0.03906508907675743,0.012942284345626831,0.001419156789779663,0.0057509345933794975,0.024089418351650238,0.0057509345933794975,0.008091827854514122,0.0003947888617403805,0.0008973032236099243,0.0008973032236099243,0.00026637210976332426
67#21,PC_ON,slow_1Hz,H1_off,probability,0.03387443721294403,0.03387443721294403,1020.0,720.0,0.03896789252758026,0.012942284345626831,0.0013219602406024933,0.0057509345933794975,0.024090424180030823,0.0057509345933794975,0.008091701194643974,0.00043403467861935496,0.0010647624731063843,0.0010647624731063843,0.00026306172367185354
67#21,PC_ON,slow_2Hz,H1_off,probability,0.03389110416173935,0.03389110416173935,2313.3333333333335,2013.3333333333335,0.0387701652944088,0.01295895129442215,0.0011242330074310303,0.0057509345933794975,0.024110473692417145,0.0057509345933794975,0.007840000092983246,0.0005120870191603899,0.0010649189352989197,0.0010649189352989197,0.00025666874716989696
67#21,PC_ON,rapid_10Hz,H1_off,probability,0.024196453392505646,0.024196453392505646,426.6666666666667,126.66666666666669,0.0376972071826458,0.003264300525188446,5.1274895668029785e-05,0.0057509345933794975,0.015402725897729397,0.0057509345933794975,0.013984693214297295,0.0004444063233677298,0.000905849039554596,0.000905849039554596,0.00033074329257942736
67#21,PC_ON,rapid_20Hz,H1_off,probability,0.020368121564388275,0.020368121564388275,426.6666666666667,126.66666666666669,0.03762752562761307,-0.0005640313029289246,-1.8406659364700317e-05,0.005921598523855209,0.012512702494859695,0.005921598523855209,0.014886287041008472,0.0001963794493349269,0.000629916787147522,0.000629916787147522,0.00035803194623440504
67#21,PC_ON,transient_50ms,H1_off,probability,0.02828596532344818,0.02828596532344818,1380.0,1080.0,0.03767590969800949,0.0073538124561309814,2.9977411031723022e-05,0.0057509345933794975,0.011382480151951313,0.0057509345933794975,0.012688525021076202,0.00019612359756138176,0.0008947998285293579,0.0008947998285293579,0.00035302151809446514
67#21,PC_ON,large_field_50ms,H1_off,probability,0.014037959277629852,0.014037959277629852,346.6666666666667,46.666666666666686,7.528618152718991e-05,-0.006749287247657776,-6.258353823795915e-05,0.0057509345933794975,0.005892881192266941,0.0057509345933794975,0.005892881192266941,0.00010438673052703962,0.0014799833297729492,0.0014799833297729492,5.29363751411438e-06
67#21,PC_ON,slow_step,AC_off,logit,0.4384915828704834,0.4384915828704834,1500.0,1200.0,0.836483359336853,0.017571091651916504,-2.086162567138672e-06,0.10357433557510376,0.3345577120780945,0.10357433557510376,0.3987126350402832,0.20744867622852325,0.3405189514160156,0.3405189514160156,0.42047709226608276
67#21,PC_ON,slow_1Hz,AC_off,logit,0.4384925365447998,0.4384925365447998,1000.0,700.0,0.8364841938018799,0.01757204532623291,-1.2516975402832031e-06,0.10357433557510376,0.33455929160118103,0.10357433557510376,0.39872223138809204,0.20742687582969666,0.3405189514160156,0.3405189514160156,0.42043256759643555
67#21,PC_ON,slow_2Hz,AC_off,logit,0.43851518630981445,0.43851518630981445,746.6666666666667,446.66666666666674,0.8364858031272888,0.01759469509124756,3.5762786865234375e-07,0.10357433557510376,0.33459314703941345,0.10357433557510376,0.39872869849205017,0.20739200711250305,0.3405189514160156,0.3405189514160156,0.42034411430358887
67#21,PC_ON,rapid_10Hz,AC_off,logit,0.428403377532959,0.428403377532959,440.0,140.0,0.836487352848053,0.00748288631439209,1.9073486328125e-06,0.10357433557510376,0.31762397289276123,0.10357433557510376,0.3608863055706024,0.2052873820066452,0.2613348960876465,0.2613348960876465,0.4200828969478607
67#21,PC_ON,rapid_20Hz,AC_off,logit,0.4221649169921875,0.4221649169921875,440.0,140.0,0.836486279964447,0.0012444257736206055,8.344650268554688e-07,0.10357433557510376,0.31522268056869507,0.10357433557510376,0.270720511674881,0.20406650006771088,0.22113537788391113,0.22113537788391113,0.4200783371925354
67#21,PC_ON,transient_50ms,AC_off,logit,0.43233156204223633,0.43233156204223633,1393.3333333333335,1093.3333333333335,0.8364838361740112,0.011411070823669434,-1.6093254089355469e-06,0.10357433557510376,0.3146824538707733,0.10357433557510376,0.360623836517334,0.20327608287334442,0.2576366662979126,0.2576366662979126,0.4200901985168457
67#21,PC_ON,large_field_50ms,AC_off,logit,0.3265773057937622,0.3265773057937622,360.0,60.0,1.5894572324981482e-09,-0.01670205593109131,2.3841858487472223e-09,0.10308945178985596,0.24864768981933594,0.10308945178985596,0.24864768981933594,0.01589823327958584,0.2192068099975586,0.2192068099975586,1.5894572324981482e-09
67#21,PC_ON,slow_step,AC_off,probability,0.04310490936040878,0.04310490936040878,1500.0,1200.0,0.08142949640750885,0.0020194053649902344,1.0438263416290283e-05,0.009290040470659733,0.03198997303843498,0.009290040470659733,0.03857043385505676,0.021038517355918884,0.03366663306951523,0.03366663306951523,0.04263077676296234
67#21,PC_ON,slow_1Hz,AC_off,probability,0.043105028569698334,0.043105028569698334,1000.0,700.0,0.08142764866352081,0.002019524574279785,8.590519428253174e-06,0.009290040470659733,0.03199014440178871,0.009290040470659733,0.038571517914533615,0.021084580570459366,0.03366663306951523,0.03366663306951523,0.04272282123565674
67#21,PC_ON,slow_2Hz,AC_off,probability,0.04310765117406845,0.04310765117406845,746.6666666666667,446.66666666666674,0.08142385631799698,0.0020221471786499023,4.798173904418945e-06,0.009290040470659733,0.03199383616447449,0.009290040470659733,0.038572199642658234,0.021179208531975746,0.03366663306951523,0.03366663306951523,0.042910363525152206
67#21,PC_ON,rapid_10Hz,AC_off,probability,0.041942305862903595,0.041942305862903595,440.0,140.0,0.08140896260738373,0.0008568018674850464,-1.0095536708831787e-05,0.009290040470659733,0.03013506345450878,0.009290040470659733,0.034412164241075516,0.02155257947742939,0.026947148144245148,0.026947148144245148,0.044042494148015976
67#21,PC_ON,rapid_20Hz,AC_off,probability,0.041227661073207855,0.041227661073207855,440.0,140.0,0.0814134031534195,0.00014215707778930664,-5.6549906730651855e-06,0.009290040470659733,0.02991081401705742,0.009290040470659733,0.025161877274513245,0.02149394527077675,0.02325376123189926,0.02325376123189926,0.0441439114511013
67#21,PC_ON,transient_50ms,AC_off,probability,0.042393989861011505,0.042393989861011505,1393.3333333333335,1093.3333333333335,0.08142136037349701,0.0013084858655929565,2.302229404449463e-06,0.009290040470659733,0.02986930124461651,0.009290040470659733,0.03438277915120125,0.021405061706900597,0.026262633502483368,0.026262633502483368,0.044098466634750366
67#21,PC_ON,large_field_50ms,AC_off,probability,0.030682183802127838,0.030682183802127838,360.0,60.0,0.0002976263058371842,-0.0017885565757751465,-4.523232928477228e-05,0.009240779094398022,0.02285490557551384,0.009240779094398022,0.02285490557551384,0.0013145605335012078,0.0207088440656662,0.0207088440656662,0.0002276337763760239
67#26,PC_ON,slow_step,normal,logit,0.4189068078994751,0.4189068078994751,1473.3333333333335,1173.3333333333335,0.4906293451786041,0.16483277082443237,-0.0005456805229187012,0.06481997668743134,0.294317364692688,0.06481997668743134,0.13188734650611877,0.0,0.0,0.0,0.0
67#26,PC_ON,slow_1Hz,normal,logit,0.4189068078994751,0.4189068078994751,973.3333333333334,673.3333333333334,0.4906875789165497,0.16483277082443237,-0.00048744678497314453,0.06481997668743134,0.29432713985443115,0.06481997668743134,0.13188764452934265,0.0,0.0,0.0,0.0
67#26,PC_ON,slow_2Hz,normal,logit,0.4189053177833557,0.4189053177833557,726.6666666666667,426.66666666666674,0.4908035397529602,0.164831280708313,-0.00037148594856262207,0.06481997668743134,0.2945347726345062,0.06481997668743134,0.1279231756925583,0.0,0.0,0.0,0.0
67#26,PC_ON,rapid_10Hz,normal,logit,0.33595991134643555,0.33595991134643555,420.0,120.0,0.49116238951683044,0.08188587427139282,-1.2636184692382812e-05,0.06481997668743134,0.22916457056999207,0.06481997668743134,0.1485861986875534,0.0,0.0,0.0,0.0
67#26,PC_ON,rapid_20Hz,normal,logit,0.2705875635147095,0.2705875635147095,420.0,120.0,0.49117687344551086,0.016513526439666748,1.8477439880371094e-06,0.06958663463592529,0.17545680701732635,0.06958663463592529,0.16924147307872772,0.0,0.0,0.0,0.0
67#26,PC_ON,transient_50ms,normal,logit,0.3732987642288208,0.3732987642288208,1366.6666666666667,1066.6666666666667,0.4911557734012604,0.11922472715377808,-1.9252300262451172e-05,0.06481997668743134,0.1511206030845642,0.06481997668743134,0.12076298147439957,0.0,0.0,0.0,0.0
67#26,PC_ON,large_field_50ms,normal,logit,0.13035798072814941,0.13035798072814941,340.0,40.0,0.0,0.3554670810699463,7.947286162490741e-10,0.06443974375724792,0.02503044344484806,0.06443974375724792,0.02503044344484806,0.0,0.0,0.0,0.0
67#26,PC_ON,slow_step,normal,probability,0.08407655358314514,0.08407655358314514,1473.3333333333335,1173.3333333333335,0.09711580723524094,0.034923046827316284,0.002320490777492523,0.012122660875320435,0.05804599076509476,0.012122660875320435,0.024955730885267258,0.0,0.0,0.0,0.0
67#26,PC_ON,slow_1Hz,normal,probability,0.08407655358314514,0.08407655358314514,973.3333333333334,673.3333333333334,0.09699219465255737,0.034923046827316284,0.00219687819480896,0.012122660875320435,0.05804804712533951,0.012122660875320435,0.024955783039331436,0.0,0.0,0.0,0.0
67#26,PC_ON,slow_2Hz,normal,probability,0.08407622575759888,0.08407622575759888,726.6666666666667,426.66666666666674,0.09673922508955002,0.03492271900177002,0.0019439086318016052,0.012122660875320435,0.058091629296541214,0.012122660875320435,0.024147557094693184,0.0,0.0,0.0,0.0
67#26,PC_ON,rapid_10Hz,normal,probability,0.06622201204299927,0.06622201204299927,420.0,120.0,0.09508542716503143,0.01706850528717041,0.00029011070728302,0.012122660875320435,0.04436776041984558,0.012122660875320435,0.028128663077950478,0.0,0.0,0.0,0.0
67#26,PC_ON,rapid_20Hz,normal,probability,0.052549540996551514,0.052549540996551514,420.0,120.0,0.09479276835918427,0.0033960342407226562,-2.5480985641479492e-06,0.013050653040409088,0.03352842852473259,0.013050653040409088,0.03218534588813782,0.0,0.0,0.0,0.0
67#26,PC_ON,transient_50ms,normal,probability,0.07419091463088989,0.07419091463088989,1366.6666666666667,1066.6666666666667,0.09487336128950119,0.025037407875061035,7.80448317527771e-05,0.012122660875320435,0.02886013872921467,0.012122660875320435,0.022642450407147408,0.0,0.0,0.0,0.0
67#26,PC_ON,large_field_50ms,normal,probability,0.024479180574417114,0.024479180574417114,340.0,40.0,5.957236135145649e-05,-0.01877504587173462,-0.00013508767733583227,0.012049060314893723,0.004769959487020969,0.012049060314893723,0.004769959487020969,0.0,0.0,0.0,0.0
67#26,PC_ON,slow_step,H1_off,logit,0.4173184633255005,0.4173184633255005,1486.6666666666667,1186.6666666666667,0.493211567401886,0.16183143854141235,-0.0005274713039398193,0.06527368724346161,0.2930145561695099,0.06527368724346161,0.13531412184238434,0.002786043332889676,0.004821658134460449,0.004821658134460449,0.0025823181495070457
67#26,PC_ON,slow_1Hz,H1_off,logit,0.41731852293014526,0.41731852293014526,986.6666666666667,686.6666666666667,0.49326854944229126,0.16183149814605713,-0.0004704892635345459,0.06527368724346161,0.2930242419242859,0.06527368724346161,0.1353144347667694,0.0028339058626443148,0.005185723304748535,0.005185723304748535,0.0025809514336287975
67#26,PC_ON,slow_2Hz,H1_off,logit,0.4173159599304199,0.4173159599304199,740.0,440.0,0.4933817684650421,0.1618289351463318,-0.0003572702407836914,0.06527368724346161,0.2932282090187073,0.06527368724346161,0.13148640096187592,0.0029211414512246847,0.005184769630432129,0.005184769630432129,0.0025782298762351274
67#26,PC_ON,rapid_10Hz,H1_off,logit,0.33399271965026855,0.33399271965026855,420.0,120.0,0.49372774362564087,0.07850569486618042,-1.1295080184936523e-05,0.06527368724346161,0.2278984785079956,0.06527368724346161,0.15251585841178894,0.0023734010756015778,0.004798173904418945,0.004798173904418945,0.0025653562042862177
67#26,PC_ON,rapid_20Hz,H1_off,logit,0.27253854274749756,0.27253854274749756,420.0,120.0,0.49374091625213623,0.017051517963409424,1.8775463104248047e-06,0.07004047930240631,0.17626042664051056,0.07004047930240631,0.17101633548736572,0.0013140456285327673,0.0034343600273132324,0.0034343600273132324,0.0025639976374804974
67#26,PC_ON,transient_50ms,H1_off,logit,0.3713970184326172,0.3713970184326172,1366.6666666666667,1066.6666666666667,0.49372026324272156,0.11590999364852905,-1.8775463104248047e-05,0.06527368724346161,0.1522674560546875,0.06527368724346161,0.12494359165430069,0.0013310847571119666,0.004797458648681641,0.004797458648681641,0.002564531983807683
67#26,PC_ON,large_field_50ms,H1_off,logit,0.1324162483215332,0.1324162483215332,340.0,40.0,0.0,0.35876965522766113,1.19209286886246e-09,0.06527368724346161,0.03199809044599533,0.06527368724346161,0.03199809044599533,0.0004821960174012929,0.008316516876220703,0.008316516876220703,0.0
67#26,PC_ON,slow_step,H1_off,probability,0.08372953534126282,0.08372953534126282,1486.6666666666667,1186.6666666666667,0.097559355199337,0.03428637981414795,0.002240575850009918,0.01221054419875145,0.05777255445718765,0.01221054419875145,0.025615300983190536,0.0005479639512486756,0.0009146928787231445,0.0009146928787231445,0.0004435430164448917
67#26,PC_ON,slow_1Hz,H1_off,probability,0.0837295651435852,0.0837295651435852,986.6666666666667,686.6666666666667,0.09743684530258179,0.03428640961647034,0.0021180659532546997,0.01221054419875145,0.057774584740400314,0.01221054419875145,0.02561536431312561,0.000558533938601613,0.0010020732879638672,0.0010020732879638672,0.000444642617367208
67#26,PC_ON,slow_2Hz,H1_off,probability,0.08372896909713745,0.08372896909713745,740.0,440.0,0.09718627482652664,0.03428581357002258,0.0018674954771995544,0.01221054419875145,0.05781738460063934,0.01221054419875145,0.024834152311086655,0.0005779634811915457,0.0010019242763519287,0.0010019242763519287,0.00044704615720547736
67#26,PC_ON,rapid_10Hz,H1_off,probability,0.06580531597137451,0.06580531597137451,420.0,120.0,0.09558437019586563,0.016362160444259644,0.0002655908465385437,0.01221054419875145,0.04411260038614273,0.01221054419875145,0.02889515645802021,0.00047823358909226954,0.0009281933307647705,0.0009281933307647705,0.0004989493172615767
67#26,PC_ON,rapid_20Hz,H1_off,probability,0.052952319383621216,0.052952319383621216,420.0,120.0,0.09531744569540024,0.0035091638565063477,-1.3336539268493652e-06,0.01313941553235054,0.033696744590997696,0.01313941553235054,0.032539285719394684,0.0002685924409888685,0.0006891787052154541,0.0006891787052154541,0.000524675939232111
67#26,PC_ON,transient_50ms,H1_off,probability,0.0737822949886322,0.0737822949886322,1366.6666666666667,1066.6666666666667,0.0953938215970993,0.024339139461517334,7.50422477722168e-05,0.01221054419875145,0.029085932299494743,0.01221054419875145,0.023449424654245377,0.0002710003755055368,0.0009199380874633789,0.0009199380874633789,0.0005204650806263089
67#26,PC_ON,large_field_50ms,H1_off,probability,0.024878382682800293,0.024878382682800293,340.0,40.0,6.262491660891101e-05,-0.01862776279449463,-0.00013391752872848883,0.01221054419875145,0.006056157406419516,0.01221054419875145,0.006056157406419516,8.757303294260055e-05,0.001526951789855957,0.001526951789855957,3.052552528970409e-06
67#26,PC_ON,slow_step,AC_off,logit,0.4981895685195923,0.4981895685195923,1493.3333333333335,1193.3333333333335,0.9692943692207336,0.010975122451782227,7.152557373046875e-07,0.13632677495479584,0.3614140748977661,0.13632677495479584,0.47209277749061584,0.23709017038345337,0.3994547128677368,0.3994547128677368,0.4786650240421295
67#26,PC_ON,slow_1Hz,AC_off,logit,0.49819087982177734,0.49819087982177734,993.3333333333334,693.3333333333334,0.9692947864532471,0.010976433753967285,1.1324882507324219e-06,0.13632677495479584,0.3614150285720825,0.13632677495479584,0.4721042513847351,0.23706169426441193,0.3994547128677368,0.3994547128677368,0.4786071479320526
67#26,PC_ON,slow_2Hz,AC_off,logit,0.4982205629348755,0.4982205629348755,740.0,440.0,0.9692955017089844,0.01100611686706543,1.8477439880371094e-06,0.13632677495479584,0.3614366352558136,0.13632677495479584,0.4721359610557556,0.23701423406600952,0.3994547128677368,0.3994547128677368,0.4784919321537018
67#26,PC_ON,rapid_10Hz,AC_off,logit,0.49205851554870605,0.49205851554870605,433.33333333333337,133.33333333333337,0.9692951440811157,0.004844069480895996,1.4901161193847656e-06,0.13632677495479584,0.3515491485595703,0.13632677495479584,0.41994592547416687,0.23530153930187225,0.32440710067749023,0.32440710067749023,0.47813284397125244
67#26,PC_ON,rapid_20Hz,AC_off,logit,0.4880419969558716,0.4880419969558716,440.0,140.0,0.9692944288253784,0.0008275508880615234,7.748603820800781e-07,0.13632774353027344,0.34895750880241394,0.13632774353027344,0.32647430896759033,0.23369015753269196,0.2608700394630432,0.2608700394630432,0.47811758518218994
67#26,PC_ON,transient_50ms,AC_off,logit,0.49394285678863525,0.49394285678863525,1386.6666666666667,1086.6666666666667,0.9692925214767456,0.006728410720825195,-1.1324882507324219e-06,0.13632677495479584,0.348369836807251,0.13632677495479584,0.4195323884487152,0.23268091678619385,0.3183056116104126,0.3183056116104126,0.4781368672847748
67#26,PC_ON,large_field_50ms,AC_off,logit,0.3796178102493286,0.3796178102493286,360.0,60.0,-1.5894572324981482e-09,-0.013268113136291504,3.973643636356883e-10,0.13563290238380432,0.2776373326778412,0.13563290238380432,0.2776373326778412,0.019262775778770447,0.2926837205886841,0.2926837205886841,-1.5894572324981482e-09
67#26,PC_ON,slow_step,AC_off,probability,0.10164102911949158,0.10164102911949158,1493.3333333333335,1193.3333333333335,0.1969788372516632,0.0024591684341430664,-3.844499588012695e-06,0.026389271020889282,0.07232584059238434,0.026389271020889282,0.0958079993724823,0.0494656078517437,0.08236271142959595,0.08236271142959595,0.09986303001642227
67#26,PC_ON,slow_1Hz,AC_off,probability,0.10164135694503784,0.10164135694503784,993.3333333333334,693.3333333333334,0.1969781368970871,0.002459496259689331,-4.544854164123535e-06,0.026389271020889282,0.07232606410980225,0.026389271020889282,0.09581056237220764,0.049527160823345184,0.08236271142959595,0.08236271142959595,0.09998594224452972
67#26,PC_ON,slow_2Hz,AC_off,probability,0.1016480028629303,0.1016480028629303,740.0,440.0,0.1969766914844513,0.002466142177581787,-5.990266799926758e-06,0.026389271020889282,0.07233069837093353,0.026389271020889282,0.09581755846738815,0.04965490847826004,0.08236271142959595,0.08236271142959595,0.10023746639490128
67#26,PC_ON,rapid_10Hz,AC_off,probability,0.10026615858078003,0.10026615858078003,433.33333333333337,133.33333333333337,0.19697381556034088,0.0010842978954315186,-8.866190910339355e-06,0.026389271020889282,0.07018576562404633,0.026389271020889282,0.08434481173753738,0.05016152560710907,0.06825760006904602,0.06825760006904602,0.10188840329647064
67#26,PC_ON,rapid_20Hz,AC_off,probability,0.09936696290969849,0.09936696290969849,440.0,140.0,0.19697803258895874,0.00018510222434997559,-4.649162292480469e-06,0.026389479637145996,0.06964588910341263,0.026389479637145996,0.06454270333051682,0.04999064654111862,0.05567002296447754,0.05567002296447754,0.10218526422977448
67#26,PC_ON,transient_50ms,AC_off,probability,0.10068842768669128,0.10068842768669128,1386.6666666666667,1086.6666666666667,0.19698438048362732,0.0015065670013427734,1.6987323760986328e-06,0.026389271020889282,0.06954033672809601,0.026389271020889282,0.08425319194793701,0.04976113140583038,0.06582638621330261,0.06582638621330261,0.10211104154586792
67#26,PC_ON,large_field_50ms,AC_off,probability,0.07555073499679565,0.07555073499679565,360.0,60.0,0.000567058043088764,-0.0028655827045440674,-5.291961133480072e-05,0.0262436605989933,0.054356206208467484,0.0262436605989933,0.054356206208467484,0.003494118107482791,0.058922380208969116,0.058922380208969116,0.0005074857035651803
67#33,MC_OFF,slow_step,normal,logit,0.5309268236160278,0.5309268236160278,1466.6666666666667,1166.6666666666667,0.7134454250335693,0.07977473735809326,-0.000517725944519043,0.19192491471767426,0.30855241417884827,0.19192491471767426,0.21376407146453857,0.0,0.0,0.0,0.0
67#33,MC_OFF,slow_1Hz,normal,logit,0.5309268236160278,0.5309268236160278,966.6666666666667,666.6666666666667,0.7135005593299866,0.07977473735809326,-0.00046259164810180664,0.19192491471767426,0.3085627257823944,0.19192491471767426,0.21376436948776245,0.0,0.0,0.0,0.0
67#33,MC_OFF,slow_2Hz,normal,logit,0.530925989151001,0.530925989151001,713.3333333333334,413.33333333333337,0.7136102914810181,0.0797739028930664,-0.0003528594970703125,0.19192491471767426,0.30878233909606934,0.19192491471767426,0.20908620953559875,0.0,0.0,0.0,0.0
67#33,MC_OFF,rapid_10Hz,normal,logit,0.4724752902984619,0.4724752902984619,426.6666666666667,126.66666666666669,0.7139551043510437,0.021323204040527344,-8.046627044677734e-06,0.19192491471767426,0.2305862009525299,0.19192491471767426,0.2883691191673279,0.0,0.0,0.0,0.0
67#33,MC_OFF,rapid_20Hz,normal,logit,0.4031047821044922,0.4031047821044922,340.0,40.0,0.7139705419540405,-0.04804730415344238,7.3909759521484375e-06,0.1922035813331604,0.16514788568019867,0.1922035813331604,0.36269789934158325,0.0,0.0,0.0,0.0
67#33,MC_OFF,transient_50ms,normal,logit,0.4986135959625244,0.4986135959625244,1380.0,1080.0,0.7139478921890259,0.047461509704589844,-1.52587890625e-05,0.19192491471767426,0.15016010403633118,0.19192491471767426,0.27540266513824463,0.0,0.0,0.0,0.0
67#33,MC_OFF,large_field_50ms,normal,logit,-0.3985406160354614,0.3985406160354614,1340.0,1040.0,-7.947286162490741e-10,-0.849692702293396,-2.3841858487472223e-09,0.1896761655807495,0.04469980672001839,0.1896761655807495,0.04469980672001839,0.0,0.0,0.0,0.0
67#33,MC_OFF,slow_step,normal,probability,0.08729536831378937,0.08729536831378937,1466.6666666666667,1166.6666666666667,0.11400872468948364,0.014834880828857422,0.002447657287120819,0.029868802055716515,0.049520671367645264,0.029868802055716515,0.03199966251850128,0.0,0.0,0.0,0.0
67#33,MC_OFF,slow_1Hz,normal,probability,0.08729536831378937,0.08729536831378937,966.6666666666667,666.6666666666667,0.11389591544866562,0.014834880828857422,0.0023348480463027954,0.029868802055716515,0.049522459506988525,0.029868802055716515,0.03199971467256546,0.0,0.0,0.0,0.0
67#33,MC_OFF,slow_2Hz,normal,probability,0.08729518949985504,0.08729518949985504,713.3333333333334,413.33333333333337,0.11366312950849533,0.014834702014923096,0.0021020621061325073,0.029868802055716515,0.0495603121817112,0.029868802055716515,0.031223421916365623,0.0,0.0,0.0,0.0
67#33,MC_OFF,rapid_10Hz,normal,probability,0.07636703550815582,0.07636703550815582,426.6666666666667,126.66666666666669,0.11196999996900558,0.003906548023223877,0.00040893256664276123,0.029868802055716515,0.03582289069890976,0.029868802055716515,0.044123325496912,0.0,0.0,0.0,0.0
67#33,MC_OFF,rapid_20Hz,normal,probability,0.06381630897521973,0.06381630897521973,340.0,40.0,0.11151469498872757,-0.00864417850971222,-4.6372413635253906e-05,0.029917920008301735,0.025412453338503838,0.029917920008301735,0.05679059028625488,0.0,0.0,0.0,0.0
67#33,MC_OFF,transient_50ms,normal,probability,0.0812142938375473,0.0812142938375473,1380.0,1080.0,0.11161409318447113,0.008753806352615356,5.3025782108306885e-05,0.029868802055716515,0.023671340197324753,0.029868802055716515,0.041988175362348557,0.0,0.0,0.0,0.0
67#33,MC_OFF,large_field_50ms,normal,probability,0.06300659477710724,0.06300659477710724,340.0,40.0,0.0005561932921409607,-0.009453892707824707,-0.00017678161384537816,0.02947305701673031,0.008373618125915527,0.02947305701673031,0.008373618125915527,0.0,0.0,0.0,0.0
67#33,MC_OFF,slow_step,H1_off,logit,0.531578779220581,0.531578779220581,1486.6666666666667,1186.6666666666667,0.7355101108551025,0.07366716861724854,-0.0004500150680541992,0.1941758245229721,0.30936503410339355,0.1941758245229721,0.23276084661483765,0.011502542532980442,0.03327155113220215,0.03327155113220215,0.022064728662371635
67#33,MC_OFF,slow_1Hz,H1_off,logit,0.5315788984298706,0.5315788984298706,986.6666666666667,686.6666666666667,0.7355610132217407,0.07366728782653809,-0.0003991127014160156,0.1941758245229721,0.30937516689300537,0.1941758245229721,0.23276135325431824,0.011999250389635563,0.03345048427581787,0.03345048427581787,0.022060452029109
67#33,MC_OFF,slow_2Hz,H1_off,logit,0.5315778255462646,0.5315778255462646,733.3333333333334,433.33333333333337,0.735662043094635,0.07366621494293213,-0.0002980828285217285,0.1941758245229721,0.309589684009552,0.1941758245229721,0.22871403396129608,0.012980290688574314,0.03344869613647461,0.03344869613647461,0.022051790729165077
67#33,MC_OFF,rapid_10Hz,H1_off,logit,0.4635009765625,0.4635009765625,426.6666666666667,126.66666666666669,0.7359614372253418,0.0055893659591674805,1.3113021850585938e-06,0.1941758245229721,0.2262478619813919,0.1941758245229721,0.31676435470581055,0.015496768988668919,0.03327059745788574,0.03327059745788574,0.022006314247846603
67#33,MC_OFF,rapid_20Hz,H1_off,logit,0.4076530933380127,0.4076530933380127,340.0,40.0,0.7359681129455566,-0.050258517265319824,7.987022399902344e-06,0.19445447623729706,0.1736278533935547,0.19445447623729706,0.37663406133651733,0.01090566162019968,0.027659893035888672,0.027659893035888672,0.021997639909386635
67#33,MC_OFF,transient_50ms,H1_off,logit,0.49369144439697266,0.49369144439697266,1380.0,1080.0,0.7359468936920166,0.03577983379364014,-1.3232231140136719e-05,0.1941758245229721,0.16004514694213867,0.1941758245229721,0.30459991097450256,0.011020736768841743,0.033271074295043945,0.033271074295043945,0.02199901081621647
67#33,MC_OFF,large_field_50ms,H1_off,logit,0.4076530933380127,0.4076530933380127,340.0,40.0,7.947286162490741e-10,-0.050258517265319824,1.5894572324981482e-09,0.1941758245229721,0.09939835965633392,0.1941758245229721,0.09939835965633392,0.003983088303357363,0.06455087661743164,0.06455087661743164,1.5894572324981482e-09
67#33,MC_OFF,slow_step,H1_off,probability,0.0874190479516983,0.0874190479516983,1486.6666666666667,1186.6666666666667,0.11750933527946472,0.013724848628044128,0.0021215826272964478,0.030267298221588135,0.04965838044881821,0.030267298221588135,0.035028960555791855,0.0018377844244241714,0.005470708012580872,0.005470708012580872,0.0035006110556423664
67#33,MC_OFF,slow_1Hz,H1_off,probability,0.08741907775402069,0.08741907775402069,986.6666666666667,686.6666666666667,0.11739455163478851,0.013724878430366516,0.0020067989826202393,0.030267298221588135,0.04966013878583908,0.030267298221588135,0.03502903878688812,0.0019289199262857437,0.00548882782459259,0.00548882782459259,0.0034986345563083887
67#33,MC_OFF,slow_2Hz,H1_off,probability,0.08741886913776398,0.08741886913776398,733.3333333333334,433.33333333333337,0.11715888231992722,0.013724669814109802,0.0017711296677589417,0.030267298221588135,0.049697112292051315,0.030267298221588135,0.03435283154249191,0.00210934947244823,0.005488947033882141,0.005488947033882141,0.003495752112939954
67#33,MC_OFF,rapid_10Hz,H1_off,probability,0.07471764087677002,0.07471764087677002,426.6666666666667,126.66666666666669,0.11559996753931046,0.0010234415531158447,0.0002122148871421814,0.030267298221588135,0.03516693413257599,0.030267298221588135,0.048881646245718,0.0026274884585291147,0.0054848045110702515,0.0054848045110702515,0.003629963379353285
67#33,MC_OFF,rapid_20Hz,H1_off,probability,0.06462514400482178,0.06462514400482178,340.0,40.0,0.11532684415578842,-0.009069055318832397,-6.0908496379852295e-05,0.03031676635146141,0.026864076033234596,0.03031676635146141,0.05923718214035034,0.0018856199458241463,0.00482429563999176,0.00482429563999176,0.003812162671238184
67#33,MC_OFF,transient_50ms,H1_off,probability,0.0802965760231018,0.0802965760231018,1380.0,1080.0,0.11542708426713943,0.006602376699447632,3.933161497116089e-05,0.030267298221588135,0.025219585746526718,0.030267298221588135,0.04684830456972122,0.0019111098954454064,0.0054777562618255615,0.0054777562618255615,0.003812988754361868
67#33,MC_OFF,large_field_50ms,H1_off,probability,0.06462514400482178,0.06462514400482178,340.0,40.0,0.0006146652158349752,-0.009069055318832397,-0.00014868279686197639,0.030267298221588135,0.01640792191028595,0.030267298221588135,0.01640792191028595,0.0005562622682191432,0.01015232503414154,0.01015232503414154,5.847190914209932e-05
67#33,MC_OFF,slow_step,AC_off,logit,0.5859267711639404,0.5859267711639404,1453.3333333333335,1153.3333333333335,1.1208034753799438,0.022686004638671875,-4.0531158447265625e-06,0.2252325415611267,0.35934221744537354,0.2252325415611267,0.5371682047843933,0.20197194814682007,0.35243451595306396,0.35243451595306396,0.40735796093940735
67#33,MC_OFF,slow_1Hz,AC_off,logit,0.5859287977218628,0.5859287977218628,953.3333333333334,653.3333333333334,1.1208044290542603,0.02268803119659424,-3.0994415283203125e-06,0.2252325415611267,0.3593437671661377,0.2252325415611267,0.5371789336204529,0.20194540917873383,0.35243451595306396,0.35243451595306396,0.40730389952659607
67#33,MC_OFF,slow_2Hz,AC_off,logit,0.5859763622283936,0.5859763622283936,700.0,400.0,1.1208068132400513,0.022735595703125,-7.152557373046875e-07,0.2252325415611267,0.3593769967556,0.2252325415611267,0.5367766618728638,0.20190179347991943,0.35243451595306396,0.35243451595306396,0.40719643235206604
67#33,MC_OFF,rapid_10Hz,AC_off,logit,0.5833801031112671,0.5833801031112671,433.33333333333337,133.33333333333337,1.1208103895187378,0.020139336585998535,2.86102294921875e-06,0.2252325415611267,0.34780600666999817,0.2252325415611267,0.5365227460861206,0.1999046802520752,0.29457998275756836,0.29457998275756836,0.4068552553653717
67#33,MC_OFF,rapid_20Hz,AC_off,logit,0.5713508129119873,0.5713508129119873,440.0,140.0,1.1208090782165527,0.00811004638671875,1.5497207641601562e-06,0.2252325415611267,0.336450457572937,0.2252325415611267,0.48198455572128296,0.19818244874477386,0.22929978370666504,0.22929978370666504,0.4068385064601898
67#33,MC_OFF,transient_50ms,AC_off,logit,0.5832774639129639,0.5832774639129639,1380.0,1080.0,1.120805025100708,0.020036697387695312,-2.5033950805664062e-06,0.2252325415611267,0.33497607707977295,0.2252325415611267,0.535710334777832,0.19735495746135712,0.29524481296539307,0.29524481296539307,0.4068571627140045
67#33,MC_OFF,large_field_50ms,AC_off,logit,0.5085169076919556,0.5085169076919556,353.33333333333337,53.33333333333337,0.0,-0.042935848236083984,0.0,0.22292087972164154,0.27612921595573425,0.22292087972164154,0.27612921595573425,0.015916090458631516,0.267850399017334,0.267850399017334,7.947286162490741e-10
67#33,MC_OFF,slow_step,AC_off,probability,0.09786905348300934,0.09786905348300934,1453.3333333333335,1153.3333333333335,0.1857120841741562,0.004395216703414917,1.780688762664795e-05,0.03588421270251274,0.058319829404354095,0.03588421270251274,0.08848211914300919,0.035567689687013626,0.06111966073513031,0.06111966073513031,0.07170333713293076
67#33,MC_OFF,slow_1Hz,AC_off,probability,0.09786947071552277,0.09786947071552277,953.3333333333334,653.3333333333334,0.18571026623249054,0.004395633935928345,1.5988945960998535e-05,0.03588421270251274,0.05832009017467499,0.03588421270251274,0.08848416805267334,0.035623274743556976,0.06111966073513031,0.06111966073513031,0.07181435078382492
67#33,MC_OFF,slow_2Hz,AC_off,probability,0.09787870943546295,0.09787870943546295,700.0,400.0,0.1857064664363861,0.00440487265586853,1.2189149856567383e-05,0.03588421270251274,0.058325979858636856,0.03588421270251274,0.08840712159872055,0.035739339888095856,0.06111966073513031,0.06111966073513031,0.07204332947731018
67#33,MC_OFF,rapid_10Hz,AC_off,probability,0.09737329185009003,0.09737329185009003,433.33333333333337,133.33333333333337,0.18568095564842224,0.0038994550704956055,-1.3321638107299805e-05,0.03588421270251274,0.05616379529237747,0.03588421270251274,0.08835911750793457,0.036257579922676086,0.052117034792900085,0.052117034792900085,0.07371097803115845
67#33,MC_OFF,rapid_20Hz,AC_off,probability,0.09503968060016632,0.09503968060016632,440.0,140.0,0.18568067252635956,0.0015658438205718994,-1.360476016998291e-05,0.03588421270251274,0.05420853942632675,0.03588421270251274,0.0784936398267746,0.036222316324710846,0.04161718487739563,0.04161718487739563,0.07416599988937378
67#33,MC_OFF,transient_50ms,AC_off,probability,0.09735335409641266,0.09735335409641266,1380.0,1080.0,0.18569634854793549,0.0038795173168182373,2.0712614059448242e-06,0.03588421270251274,0.05409519374370575,0.03588421270251274,0.08820414543151855,0.03607278689742088,0.05197794735431671,0.05197794735431671,0.07408227771520615
67#33,MC_OFF,large_field_50ms,AC_off,probability,0.08306761085987091,0.08306761085987091,353.33333333333337,53.33333333333337,0.000955392315518111,-0.008141130208969116,-0.00015472964150831103,0.03545110672712326,0.0439845509827137,0.03545110672712326,0.0439845509827137,0.002227133372798562,0.04231974482536316,0.04231974482536316,0.0003991990815848112
67#34,PC_ON,slow_step,normal,logit,0.3899005651473999,0.3899005651473999,1513.3333333333335,1213.3333333333335,0.4191966652870178,0.1260889768600464,-0.0005706250667572021,0.08831942081451416,0.26394638419151306,0.08831942081451416,0.06729836761951447,0.0,0.0,0.0,0.0
67#34,PC_ON,slow_1Hz,normal,logit,0.38990020751953125,0.38990020751953125,1013.3333333333334,713.3333333333334,0.4192621111869812,0.12608861923217773,-0.0005051791667938232,0.08831942081451416,0.26395803689956665,0.08831942081451416,0.06729525327682495,0.0,0.0,0.0,0.0
67#34,PC_ON,slow_2Hz,normal,logit,0.3898930549621582,0.3898930549621582,766.6666666666667,466.66666666666674,0.41939210891723633,0.1260814666748047,-0.0003751814365386963,0.08831942081451416,0.26418790221214294,0.08831942081451416,0.06349970400333405,0.0,0.0,0.0,0.0
67#34,PC_ON,rapid_10Hz,normal,logit,0.2912907600402832,0.2912907600402832,426.6666666666667,126.66666666666669,0.41976499557495117,0.027479171752929688,-2.294778823852539e-06,0.08831942081451416,0.16642151772975922,0.08831942081451416,0.153379887342453,0.0,0.0,0.0,0.0
67#34,PC_ON,rapid_20Hz,normal,logit,0.23447489738464355,0.23447489738464355,373.33333333333337,73.33333333333337,0.4197722375392914,-0.02933669090270996,4.947185516357422e-06,0.09001801908016205,0.1197027713060379,0.09001801908016205,0.1971748024225235,0.0,0.0,0.0,0.0
67#34,PC_ON,transient_50ms,normal,logit,0.3336137533187866,0.3336137533187866,1373.3333333333335,1073.3333333333335,0.41975483298301697,0.0698021650314331,-1.245737075805664e-05,0.08831942081451416,0.10286590456962585,0.08831942081451416,0.13642258942127228,0.0,0.0,0.0,0.0
67#34,PC_ON,large_field_50ms,normal,logit,0.1949012279510498,0.1949012279510498,340.0,40.0,7.947286162490741e-10,-0.06891036033630371,2.3841858487472223e-09,0.08789868652820587,0.026704976335167885,0.08789868652820587,0.026704976335167885,0.0,0.0,0.0,0.0
67#34,PC_ON,slow_step,normal,probability,0.05222001671791077,0.05222001671791077,1513.3333333333335,1213.3333333333335,0.05541867017745972,0.01841101050376892,0.002591639757156372,0.010938722640275955,0.03456028178334236,0.010938722640275955,0.008127434179186821,0.0,0.0,0.0,0.0
67#34,PC_ON,slow_1Hz,normal,probability,0.0522199422121048,0.0522199422121048,1013.3333333333334,713.3333333333334,0.055256929248571396,0.01841093599796295,0.002429898828268051,0.010938722640275955,0.034561946988105774,0.010938722640275955,0.008127054199576378,0.0,0.0,0.0,0.0
67#34,PC_ON,slow_2Hz,normal,probability,0.052218854427337646,0.052218854427337646,766.6666666666667,466.66666666666674,0.05492714047431946,0.0184098482131958,0.0021001100540161133,0.010938722640275955,0.03459462523460388,0.010938722640275955,0.00763901649042964,0.0,0.0,0.0,0.0
67#34,PC_ON,rapid_10Hz,normal,probability,0.03769415616989136,0.03769415616989136,426.6666666666667,126.66666666666669,0.05300628021359444,0.0038851499557495117,0.00017924979329109192,0.010938722640275955,0.020907092839479446,0.010938722640275955,0.018915323540568352,0.0,0.0,0.0,0.0
67#34,PC_ON,rapid_20Hz,normal,probability,0.029738634824752808,0.029738634824752808,373.33333333333337,73.33333333333337,0.05279114842414856,-0.004070371389389038,-3.5881996154785156e-05,0.011166885495185852,0.014881975948810577,0.011166885495185852,0.024743614718317986,0.0,0.0,0.0,0.0
67#34,PC_ON,transient_50ms,normal,probability,0.043816208839416504,0.043816208839416504,1373.3333333333335,1073.3333333333335,0.05287519469857216,0.010007202625274658,4.816427826881409e-05,0.010938722640275955,0.012928297743201256,0.010938722640275955,0.01672837696969509,0.0,0.0,0.0,0.0
67#34,PC_ON,large_field_50ms,normal,probability,0.024373531341552734,0.024373531341552734,340.0,40.0,0.0001489309943281114,-0.009435474872589111,-8.378332131542265e-05,0.010882461443543434,0.003700162749737501,0.010882461443543434,0.003700162749737501,0.0,0.0,0.0,0.0
67#34,PC_ON,slow_step,H1_off,logit,0.38893258571624756,0.38893258571624756,1526.6666666666667,1226.6666666666667,0.42101791501045227,0.12356531620025635,-0.0005559921264648438,0.08879002928733826,0.26321083307266235,0.08879002928733826,0.06938010454177856,0.002245316980406642,-0.009262800216674805,0.009262800216674805,0.0018212549621239305
67#34,PC_ON,slow_1Hz,H1_off,logit,0.38893234729766846,0.38893234729766846,1026.6666666666667,726.6666666666667,0.42108362913131714,0.12356507778167725,-0.0004902780055999756,0.08879002928733826,0.2632226347923279,0.08879002928733826,0.06937676668167114,0.002750554122030735,0.011064887046813965,0.011064887046813965,0.0018215307500213385
67#34,PC_ON,slow_2Hz,H1_off,logit,0.38892483711242676,0.38892483711242676,780.0,480.0,0.42121410369873047,0.12355756759643555,-0.0003598034381866455,0.08879002928733826,0.26345008611679077,0.08879002928733826,0.06577540934085846,0.003745655994862318,0.011066794395446777,0.011066794395446777,0.0018220123602077365
67#34,PC_ON,rapid_10Hz,H1_off,logit,0.28404760360717773,0.28404760360717773,426.6666666666667,126.66666666666669,0.42157432436943054,0.018680334091186523,4.172325134277344e-07,0.08879002928733826,0.1619803011417389,0.08879002928733826,0.16044111549854279,0.005256269127130508,0.008666157722473145,0.008666157722473145,0.0018092982936650515
67#34,PC_ON,rapid_20Hz,H1_off,logit,0.2382436990737915,0.2382436990737915,373.33333333333337,73.33333333333337,0.4215787947177887,-0.027123570442199707,4.887580871582031e-06,0.09048859775066376,0.11996622383594513,0.09048859775066376,0.20039299130439758,0.002250112360343337,0.006738543510437012,0.006738543510437012,0.001806541346013546
67#34,PC_ON,transient_50ms,H1_off,logit,0.32852625846862793,0.32852625846862793,1373.3333333333335,1073.3333333333335,0.42156198620796204,0.06315898895263672,-1.1920928955078125e-05,0.08879002928733826,0.10362958908081055,0.08879002928733826,0.1437183916568756,0.0011961213313043118,0.008599281311035156,0.008599281311035156,0.001807197812013328
67#34,PC_ON,large_field_50ms,H1_off,logit,0.19874191284179688,0.19874191284179688,346.6666666666667,46.666666666666686,1.5894572324981482e-09,-0.06662535667419434,-7.947285052267716e-10,0.08879002928733826,0.039760198444128036,0.08879002928733826,0.039760198444128036,0.0012161735212430358,0.01575648784637451,0.01575648784637451,7.947286162490741e-10
67#34,PC_ON,slow_step,H1_off,probability,0.052072957158088684,0.052072957158088684,1526.6666666666667,1226.6666666666667,0.05559679865837097,0.018045887351036072,0.002523183822631836,0.011001752689480782,0.03445390611886978,0.011001752689480782,0.008377790451049805,0.00029029115103185177,-0.0013196617364883423,0.0013196617364883423,0.00017813008162193
67#34,PC_ON,slow_1Hz,H1_off,probability,0.05207289755344391,0.05207289755344391,1026.6666666666667,726.6666666666667,0.05542781949043274,0.018045827746391296,0.0023542046546936035,0.011001752689480782,0.034455589950084686,0.011001752689480782,0.008377380669116974,0.0003593515430111438,0.0014167577028274536,0.0014167577028274536,0.00017089069297071546
67#34,PC_ON,slow_2Hz,H1_off,probability,0.052071765065193176,0.052071765065193176,780.0,480.0,0.05508378520607948,0.018044695258140564,0.0020101703703403473,0.011001752689480782,0.03448789566755295,0.011001752689480782,0.007914276793599129,0.0004954583710059524,0.0014171302318572998,0.0014171302318572998,0.00015664150123484433
67#34,PC_ON,rapid_10Hz,H1_off,probability,0.036663249135017395,0.036663249135017395,426.6666666666667,126.66666666666669,0.053199250251054764,0.0026361793279647827,0.00012563541531562805,0.011001752689480782,0.02033107355237007,0.011001752689480782,0.01983308605849743,0.0007064430974423885,0.0011171698570251465,0.0011171698570251465,0.00019297322432976216
67#34,PC_ON,rapid_20Hz,H1_off,probability,0.030257076025009155,0.030257076025009155,373.33333333333337,73.33333333333337,0.05303877219557762,-0.003769993782043457,-3.484264016151428e-05,0.011230310425162315,0.014936013147234917,0.011230310425162315,0.025182269513607025,0.00030442053684964776,0.000918269157409668,0.000918269157409668,0.0002476294757798314
67#34,PC_ON,transient_50ms,H1_off,probability,0.04307138919830322,0.04307138919830322,1373.3333333333335,1073.3333333333335,0.053117524832487106,0.00904431939125061,4.390999674797058e-05,0.011001752689480782,0.01302609033882618,0.011001752689480782,0.017666473984718323,0.00016171067545656115,0.0010962337255477905,0.0010962337255477905,0.00024232477881014347
67#34,PC_ON,large_field_50ms,H1_off,probability,0.02488793432712555,0.02488793432712555,346.6666666666667,46.666666666666686,0.00015756294305901974,-0.009139135479927063,-7.814393029548228e-05,0.011001752689480782,0.005263808649033308,0.011001752689480782,0.005263808649033308,0.00014193927927408367,0.0019285380840301514,0.0019285380840301514,8.631945092929527e-06
67#34,PC_ON,slow_step,AC_off,logit,0.4814838171005249,0.4814838171005249,1466.6666666666667,1166.6666666666667,0.9323523044586182,0.013002514839172363,-2.980232238769531e-07,0.1339896023273468,0.3471835255622864,0.1339896023273468,0.4516785740852356,0.2535015940666199,0.421667218208313,0.421667218208313,0.5131557583808899
67#34,PC_ON,slow_1Hz,AC_off,logit,0.48148560523986816,0.48148560523986816,966.6666666666667,666.6666666666667,0.9323528409004211,0.013004302978515625,2.384185791015625e-07,0.1339896023273468,0.34718456864356995,0.1339896023273468,0.4516891837120056,0.25346967577934265,0.421667218208313,0.421667218208313,0.5130906105041504
67#34,PC_ON,slow_2Hz,AC_off,logit,0.4815235137939453,0.4815235137939453,713.3333333333334,413.33333333333337,0.9323535561561584,0.013042211532592773,9.5367431640625e-07,0.1339896023273468,0.34720736742019653,0.1339896023273468,0.45168331265449524,0.2534167766571045,0.421667218208313,0.421667218208313,0.5129616260528564
67#34,PC_ON,rapid_10Hz,AC_off,logit,0.47689616680145264,0.47689616680145264,433.33333333333337,133.33333333333337,0.9323542714118958,0.008414864540100098,1.6689300537109375e-06,0.1339896023273468,0.3369917869567871,0.1339896023273468,0.41574135422706604,0.25066348910331726,0.32567429542541504,0.32567429542541504,0.5125892162322998
67#34,PC_ON,rapid_20Hz,AC_off,logit,0.4714900255203247,0.4714900255203247,440.0,140.0,0.9323534369468689,0.003008723258972168,8.344650268554688e-07,0.1339896023273468,0.33292025327682495,0.1339896023273468,0.32925376296043396,0.24907562136650085,0.27233970165252686,0.27233970165252686,0.5125811696052551
67#34,PC_ON,transient_50ms,AC_off,logit,0.47830986976623535,0.47830986976623535,1386.6666666666667,1086.6666666666667,0.9323514103889465,0.009828567504882812,-1.1920928955078125e-06,0.1339896023273468,0.3323001265525818,0.1339896023273468,0.4154495894908905,0.24807889759540558,0.31824278831481934,0.31824278831481934,0.512596607208252
67#34,PC_ON,large_field_50ms,AC_off,logit,0.3857920169830322,0.3857920169830322,360.0,60.0,-1.5894572324981482e-09,0.7881255149841309,1.5894572324981482e-09,0.133443221449852,0.27459320425987244,0.133443221449852,0.27459320425987244,0.020156389102339745,0.2788146734237671,0.2788146734237671,-2.38418573772492e-09
67#34,PC_ON,slow_step,AC_off,probability,0.06653882563114166,0.06653882563114166,1466.6666666666667,1166.6666666666667,0.12798643112182617,0.002081841230392456,2.7120113372802734e-06,0.017216190695762634,0.04668333753943443,0.017216190695762634,0.06179084628820419,0.035858236253261566,0.0582415908575058,0.0582415908575058,0.07256777584552765
67#34,PC_ON,slow_1Hz,AC_off,probability,0.06653910875320435,0.06653910875320435,966.6666666666667,666.6666666666667,0.12798546254634857,0.002082124352455139,1.7434358596801758e-06,0.017216190695762634,0.04668349400162697,0.017216190695762634,0.061792515218257904,0.03593869507312775,0.0582415908575058,0.0582415908575058,0.07272853702306747
67#34,PC_ON,slow_2Hz,AC_off,probability,0.06654518842697144,0.06654518842697144,713.3333333333334,413.33333333333337,0.12798342108726501,0.002088204026222229,-2.980232238769531e-07,0.017216190695762634,0.04668693244457245,0.017216190695762634,0.061791520565748215,0.03610406816005707,0.0582415908575058,0.0582415908575058,0.07305628061294556
67#34,PC_ON,rapid_10Hz,AC_off,probability,0.0658024400472641,0.0658024400472641,433.33333333333337,133.33333333333337,0.12797467410564423,0.0013454556465148926,-9.045004844665527e-06,0.017216190695762634,0.0451185405254364,0.017216190695762634,0.05620335787534714,0.03670962527394295,0.046671971678733826,0.046671971678733826,0.07496839016675949
67#34,PC_ON,rapid_20Hz,AC_off,probability,0.06493726372718811,0.06493726372718811,440.0,140.0,0.12797801196575165,0.0004802793264389038,-5.707144737243652e-06,0.017216190695762634,0.04454009234905243,0.017216190695762634,0.043575067073106766,0.03662192448973656,0.039916232228279114,0.039916232228279114,0.07518687844276428
67#34,PC_ON,transient_50ms,AC_off,probability,0.0660291463136673,0.0660291463136673,1386.6666666666667,1086.6666666666667,0.1279858499765396,0.0015721619129180908,2.130866050720215e-06,0.017216190695762634,0.04448220506310463,0.017216190695762634,0.05615750327706337,0.0364682637155056,0.04528817534446716,0.04528817534446716,0.07511064410209656
67#34,PC_ON,large_field_50ms,AC_off,probability,0.051596418023109436,0.051596418023109436,360.0,60.0,0.0005133642116561532,-0.0025204122066497803,-5.5163458455353975e-05,0.01713596098124981,0.03584994003176689,0.01713596098124981,0.03584994003176689,0.0023594493977725506,0.036738693714141846,0.036738693714141846,0.00036443324643187225
68#3,MC_OFF,slow_step,normal,logit,0.40294337272644043,0.40294337272644043,1466.6666666666667,1166.6666666666667,0.4385271370410919,0.12526941299438477,-0.0005964040756225586,0.1099771112203598,0.25830721855163574,0.1099771112203598,0.07067777961492538,0.0,0.0,0.0,0.0
68#3,MC_OFF,slow_1Hz,normal,logit,0.4029430150985718,0.4029430150985718,966.6666666666667,666.6666666666667,0.43858960270881653,0.1252690553665161,-0.0005339384078979492,0.1099771112203598,0.2583182454109192,0.1099771112203598,0.07067552208900452,0.0,0.0,0.0,0.0
68#3,MC_OFF,slow_2Hz,normal,logit,0.4029330015182495,0.4029330015182495,720.0,420.0,0.43871378898620605,0.12525904178619385,-0.00040975213050842285,0.1099771112203598,0.258550763130188,0.1099771112203598,0.06583219766616821,0.0,0.0,0.0,0.0
68#3,MC_OFF,rapid_10Hz,normal,logit,0.33222758769989014,0.33222758769989014,426.6666666666667,126.66666666666669,0.43910929560661316,0.05455362796783447,-1.424551010131836e-05,0.1099771112203598,0.1728796362876892,0.1099771112203598,0.1351270079612732,0.0,0.0,0.0,0.0
68#3,MC_OFF,rapid_20Hz,normal,logit,0.2500234842300415,0.2500234842300415,433.33333333333337,133.33333333333337,0.4391281306743622,-0.02765047550201416,4.589557647705078e-06,0.11036504060029984,0.10898151993751526,0.11036504060029984,0.2077506184577942,0.0,0.0,0.0,0.0
68#3,MC_OFF,transient_50ms,normal,logit,0.36367952823638916,0.36367952823638916,1380.0,1080.0,0.43910884857177734,0.0860055685043335,-1.4692544937133789e-05,0.1099771112203598,0.09252934157848358,0.1099771112203598,0.1203082799911499,0.0,0.0,0.0,0.0
68#3,MC_OFF,large_field_50ms,normal,logit,0.22326058149337769,0.22326058149337769,340.0,40.0,-3.9736430812453705e-10,-0.05441337823867798,0.0,0.10873360186815262,-0.01765451207756996,0.10873360186815262,-0.01765451207756996,0.0,0.0,0.0,0.0
68#3,MC_OFF,slow_step,normal,probability,0.0879921019077301,0.0879921019077301,1466.6666666666667,1166.6666666666667,0.0950305312871933,0.02866065502166748,0.0021769478917121887,0.02313043177127838,0.05567917227745056,0.02313043177127838,0.01459474116563797,0.0,0.0,0.0,0.0
68#3,MC_OFF,slow_1Hz,normal,probability,0.08799201250076294,0.08799201250076294,966.6666666666667,666.6666666666667,0.09492911398410797,0.028660565614700317,0.0020755305886268616,0.02313043177127838,0.05568164959549904,0.02313043177127838,0.014594271779060364,0.0,0.0,0.0,0.0
68#3,MC_OFF,slow_2Hz,normal,probability,0.08798971772193909,0.08798971772193909,720.0,420.0,0.09472022950649261,0.028658270835876465,0.0018666461110115051,0.02313043177127838,0.0557338111102581,0.02313043177127838,0.013557191006839275,0.0,0.0,0.0,0.0
68#3,MC_OFF,rapid_10Hz,normal,probability,0.07168412208557129,0.07168412208557129,426.6666666666667,126.66666666666669,0.09320269525051117,0.012352675199508667,0.0003491118550300598,0.02313043177127838,0.03651820495724678,0.02313043177127838,0.028124630451202393,0.0,0.0,0.0,0.0
68#3,MC_OFF,rapid_20Hz,normal,probability,0.05315116047859192,0.05315116047859192,433.33333333333337,133.33333333333337,0.09283686429262161,-0.006180286407470703,-1.671910285949707e-05,0.02321561798453331,0.022820912301540375,0.02321561798453331,0.04383038356900215,0.0,0.0,0.0,0.0
68#3,MC_OFF,transient_50ms,normal,probability,0.07889765501022339,0.07889765501022339,1380.0,1080.0,0.09290573745965958,0.019566208124160767,5.21540641784668e-05,0.02313043177127838,0.01962936297059059,0.02313043177127838,0.024972017854452133,0.0,0.0,0.0,0.0
68#3,MC_OFF,large_field_50ms,normal,probability,0.04722294211387634,0.04722294211387634,340.0,40.0,0.000193770436453633,-0.01210850477218628,-6.965220381971449e-05,0.022857390344142914,-0.002800751943141222,0.022857390344142914,-0.002800751943141222,0.0,0.0,0.0,0.0
68#3,MC_OFF,slow_step,H1_off,logit,0.40348392724990845,0.40348392724990845,1486.6666666666667,1186.6666666666667,0.44647035002708435,0.12210971117019653,-0.0005707740783691406,0.11122943460941315,0.259006530046463,0.11122943460941315,0.07666577398777008,0.004434605594724417,0.01768249273300171,0.01768249273300171,0.007943193428218365
68#3,MC_OFF,slow_1Hz,H1_off,logit,0.40348362922668457,0.40348362922668457,986.6666666666667,686.6666666666667,0.44653233885765076,0.12210941314697266,-0.0005087852478027344,0.11122943460941315,0.2590177655220032,0.11122943460941315,0.07666334509849548,0.0049245017580688,0.017946362495422363,0.017946362495422363,0.007942799478769302
68#3,MC_OFF,slow_2Hz,H1_off,logit,0.4034768342971802,0.4034768342971802,740.0,440.0,0.4466556906700134,0.12210261821746826,-0.0003854334354400635,0.11122943460941315,0.25925159454345703,0.11122943460941315,0.0721578449010849,0.005903901066631079,0.0179482102394104,0.0179482102394104,0.007941904477775097
68#3,MC_OFF,rapid_10Hz,H1_off,logit,0.32476866245269775,0.32476866245269775,426.6666666666667,126.66666666666669,0.44703274965286255,0.04339444637298584,-8.374452590942383e-06,0.11122943460941315,0.16807493567466736,0.11122943460941315,0.1499011218547821,0.008371843956410885,0.01768171787261963,0.01768171787261963,0.007923420518636703
68#3,MC_OFF,rapid_20Hz,H1_off,logit,0.2522110939025879,0.2522110939025879,426.6666666666667,126.66666666666669,0.4470460116863251,-0.029163122177124023,4.887580871582031e-06,0.11161734908819199,0.11151844263076782,0.11161734908819199,0.21521680057048798,0.004400421865284443,0.014823853969573975,0.014823853969573975,0.00791788101196289
68#3,MC_OFF,transient_50ms,H1_off,logit,0.3594105839729309,0.3594105839729309,1380.0,1080.0,0.4470275044441223,0.078036367893219,-1.3619661331176758e-05,0.11122943460941315,0.0958598405122757,0.11122943460941315,0.13553310930728912,0.004156661685556173,0.017682135105133057,0.017682135105133057,0.00791869219392538
68#3,MC_OFF,large_field_50ms,H1_off,logit,0.2285858392715454,0.2285858392715454,340.0,40.0,3.9736430812453705e-10,-0.052788376808166504,1.9868215406226852e-09,0.11122943460941315,0.009598945267498493,0.11122943460941315,0.009598945267498493,0.002460278570652008,0.0331876277923584,0.0331876277923584,7.947286162490741e-10
68#3,MC_OFF,slow_step,H1_off,probability,0.08811798691749573,0.08811798691749573,1486.6666666666667,1186.6666666666667,0.09667492657899857,0.02795526385307312,0.0020714476704597473,0.023405976593494415,0.055834975093603134,0.023405976593494415,0.015833783894777298,0.0009282616665586829,0.00372961163520813,0.00372961163520813,0.0016443883068859577
68#3,MC_OFF,slow_1Hz,H1_off,probability,0.08811789751052856,0.08811789751052856,986.6666666666667,686.6666666666667,0.09656723588705063,0.027955174446105957,0.0019637569785118103,0.023405976593494415,0.0558374859392643,0.023405976593494415,0.015833284705877304,0.0010370647069066763,0.003806889057159424,0.003806889057159424,0.0016381109599024057
68#3,MC_OFF,slow_2Hz,H1_off,probability,0.08811631798744202,0.08811631798744202,740.0,440.0,0.0963461771607399,0.02795359492301941,0.0017426982522010803,0.023405976593494415,0.05588993802666664,0.023405976593494415,0.014867774210870266,0.0012545997742563486,0.0038074851036071777,0.0038074851036071777,0.001625939505174756
68#3,MC_OFF,rapid_10Hz,H1_off,probability,0.06998306512832642,0.06998306512832642,426.6666666666667,126.66666666666669,0.09485697001218796,0.009820342063903809,0.0002534911036491394,0.023405976593494415,0.03548556566238403,0.023405976593494415,0.03128292039036751,0.0018232163274660707,0.003738611936569214,0.003738611936569214,0.0016542779048904777
68#3,MC_OFF,rapid_20Hz,H1_off,probability,0.05363810062408447,0.05363810062408447,426.6666666666667,126.66666666666669,0.09458045661449432,-0.006524622440338135,-2.302229404449463e-05,0.023491375148296356,0.023391086608171463,0.023491375148296356,0.04547342658042908,0.0009671015432104468,0.0032502710819244385,0.0032502710819244385,0.0017435963964089751
68#3,MC_OFF,transient_50ms,H1_off,probability,0.0779147744178772,0.0779147744178772,1380.0,1080.0,0.09464854747056961,0.01775205135345459,4.5068562030792236e-05,0.023405976593494415,0.020336125046014786,0.023405976593494415,0.02821124903857708,0.0009142123744823039,0.0037341415882110596,0.0037341415882110596,0.0017427998827770352
68#3,MC_OFF,large_field_50ms,H1_off,probability,0.04839825630187988,0.04839825630187988,340.0,40.0,0.00020696331921499223,-0.011764466762542725,-6.652357114944607e-05,0.023405976593494415,0.002713727066293359,0.023405976593494415,0.002713727066293359,0.000496489112265408,0.0069425106048583984,0.0069425106048583984,1.3192892765800934e-05
68#3,MC_OFF,slow_step,AC_off,logit,0.4561373293399811,0.4561373293399811,1473.3333333333335,1173.3333333333335,0.87339186668396,0.016626864671707153,-1.7881393432617188e-06,0.1482478827238083,0.30709874629974365,0.1482478827238083,0.41855835914611816,0.21579433977603912,0.38172948360443115,0.38172948360443115,0.43486472964286804
68#3,MC_OFF,slow_1Hz,AC_off,logit,0.4561387002468109,0.4561387002468109,973.3333333333334,673.3333333333334,0.873392641544342,0.016628235578536987,-1.0132789611816406e-06,0.1482478827238083,0.3071001172065735,0.1482478827238083,0.4185674786567688,0.21576406061649323,0.38172948360443115,0.38172948360443115,0.4348030686378479
68#3,MC_OFF,slow_2Hz,AC_off,logit,0.45616987347602844,0.45616987347602844,720.0,420.0,0.8733940124511719,0.016659408807754517,3.5762786865234375e-07,0.1482478827238083,0.3071281909942627,0.1482478827238083,0.41840749979019165,0.21571379899978638,0.38172948360443115,0.38172948360443115,0.43468013405799866
68#3,MC_OFF,rapid_10Hz,AC_off,logit,0.45078209042549133,0.45078209042549133,433.33333333333337,133.33333333333337,0.8733957409858704,0.011271625757217407,2.086162567138672e-06,0.1482478827238083,0.29504281282424927,0.1482478827238083,0.4013355076313019,0.21349669992923737,0.3154597878456116,0.3154597878456116,0.43428635597229004
68#3,MC_OFF,rapid_20Hz,AC_off,logit,0.44288837909698486,0.44288837909698486,440.0,140.0,0.873394787311554,0.0033779144287109375,1.1324882507324219e-06,0.1482478827238083,0.2891921103000641,0.1482478827238083,0.3369591236114502,0.21163076162338257,0.2450655698776245,0.2450655698776245,0.43426668643951416
68#3,MC_OFF,transient_50ms,AC_off,logit,0.45241162180900574,0.45241162180900574,1386.6666666666667,1086.6666666666667,0.8733922243118286,0.012901157140731812,-1.430511474609375e-06,0.1482478827238083,0.2883249521255493,0.1482478827238083,0.40086957812309265,0.21070381999015808,0.3166807293891907,0.3166807293891907,0.43428346514701843
68#3,MC_OFF,large_field_50ms,AC_off,logit,-0.37018048763275146,0.37018048763275146,1360.0,1060.0,-1.5894572324981482e-09,-0.7698583006858826,7.947285052267716e-10,0.146929070353508,0.23114757239818573,0.146929070353508,0.23114757239818573,0.01728794164955616,0.288282573223114,0.288282573223114,-1.19209286886246e-09
68#3,MC_OFF,slow_step,AC_off,probability,0.10046198964118958,0.10046198964118958,1473.3333333333335,1173.3333333333335,0.19165295362472534,0.0039153993129730225,1.7881393432617188e-06,0.031692735850811005,0.06667838990688324,0.031692735850811005,0.09163554012775421,0.047948915511369705,0.08412042260169983,0.08412042260169983,0.09662239998579025
68#3,MC_OFF,slow_1Hz,AC_off,probability,0.10046234726905823,0.10046234726905823,973.3333333333334,673.3333333333334,0.19165213406085968,0.003915756940841675,9.685754776000977e-07,0.031692735850811005,0.06667869538068771,0.031692735850811005,0.09163767099380493,0.04799933359026909,0.08412042260169983,0.08412042260169983,0.09672300517559052
68#3,MC_OFF,slow_2Hz,AC_off,probability,0.10046964883804321,0.10046964883804321,720.0,420.0,0.191650390625,0.00392305850982666,-7.748603820800781e-07,0.031692735850811005,0.06668509542942047,0.031692735850811005,0.0916001945734024,0.04810529202222824,0.08412042260169983,0.08412042260169983,0.09693015366792679
68#3,MC_OFF,rapid_10Hz,AC_off,probability,0.09919920563697815,0.09919920563697815,433.33333333333337,133.33333333333337,0.19164201617240906,0.0026526153087615967,-9.149312973022461e-06,0.031692735850811005,0.06389955431222916,0.031692735850811005,0.08762325346469879,0.04840993136167526,0.07056117057800293,0.07056117057800293,0.0984393060207367
68#3,MC_OFF,rapid_20Hz,AC_off,probability,0.09734076261520386,0.09734076261520386,440.0,140.0,0.19164513051509857,0.0007941722869873047,-6.034970283508301e-06,0.031692735850811005,0.06260055303573608,0.031692735850811005,0.07296975702047348,0.048201486468315125,0.055605798959732056,0.055605798959732056,0.09880828112363815
68#3,MC_OFF,transient_50ms,AC_off,probability,0.09958329796791077,0.09958329796791077,1386.6666666666667,1086.6666666666667,0.19165226817131042,0.003036707639694214,1.1026859283447266e-06,0.031692735850811005,0.062442291527986526,0.031692735850811005,0.08751431852579117,0.04798589274287224,0.07033571600914001,0.07033571600914001,0.09874651581048965
68#3,MC_OFF,large_field_50ms,AC_off,probability,0.08039671182632446,0.08039671182632446,360.0,60.0,0.0004724384343717247,-0.006835341453552246,-8.110710768960416e-05,0.03139054775238037,0.04954727366566658,0.03139054775238037,0.04954727366566658,0.003481995314359665,0.0608542263507843,0.0608542263507843,0.00027866801247000694
68#4,PC_ON,slow_step,normal,logit,-0.25194597244262695,0.25194597244262695,353.33333333333337,53.33333333333337,0.037655603140592575,-0.4011197090148926,-0.0001101866364479065,-0.10731565952301025,0.19621415436267853,-0.10731565952301025,-0.05133943259716034,0.0,0.0,0.0,0.0
68#4,PC_ON,slow_1Hz,normal,logit,-0.25194597244262695,0.25194597244262695,353.33333333333337,53.33333333333337,0.03766271844506264,-0.4011197090148926,-0.00010307133197784424,-0.10731565952301025,0.19622232019901276,-0.10731565952301025,-0.05134040117263794,0.0,0.0,0.0,0.0
68#4,PC_ON,slow_2Hz,normal,logit,-0.25194597244262695,0.25194597244262695,353.33333333333337,53.33333333333337,0.03767735883593559,-0.4011197090148926,-8.843094110488892e-05,-0.10731565952301025,0.196393221616745,-0.10731565952301025,-0.05422619357705116,0.0,0.0,0.0,0.0
68#4,PC_ON,rapid_10Hz,normal,logit,-0.25194597244262695,0.25194597244262695,353.33333333333337,53.33333333333337,0.037741031497716904,-0.4011197090148926,-2.475827932357788e-05,-0.10731565952301025,0.15789400041103363,-0.10731565952301025,-0.12614275515079498,0.0,0.0,0.0,0.0
68#4,PC_ON,rapid_20Hz,normal,logit,-0.19831883907318115,0.19831883907318115,340.0,40.0,0.037758585065603256,-0.3474925756454468,-7.204711437225342e-06,-0.0955195277929306,0.11364810168743134,-0.0955195277929306,-0.13094434142112732,0.0,0.0,0.0,0.0
68#4,PC_ON,transient_50ms,normal,logit,-0.25194597244262695,0.25194597244262695,353.33333333333337,53.33333333333337,0.037770435214042664,-0.4011197090148926,4.645437002182007e-06,-0.10731565952301025,0.0791882872581482,-0.10731565952301025,-0.1716851443052292,0.0,0.0,0.0,0.0
68#4,PC_ON,large_field_50ms,normal,logit,-0.2271575927734375,0.2271575927734375,353.33333333333337,53.33333333333337,0.0,-0.3702811002731323,0.0,-0.09895351529121399,-0.09538699686527252,-0.09895351529121399,-0.09538699686527252,0.0,0.0,0.0,0.0
68#4,PC_ON,slow_step,normal,probability,-0.03167077898979187,0.03167077898979187,353.33333333333337,53.33333333333337,0.007776998914778233,-0.05314677953720093,0.0024971365928649902,-0.01378120481967926,0.028690055012702942,-0.01378120481967926,-0.006584813818335533,0.0,0.0,0.0,0.0
68#4,PC_ON,slow_1Hz,normal,probability,-0.03167077898979187,0.03167077898979187,353.33333333333337,53.33333333333337,0.007658123970031738,-0.05314677953720093,0.002378261648118496,-0.01378120481967926,0.028691325336694717,-0.01378120481967926,-0.006584944203495979,0.0,0.0,0.0,0.0
68#4,PC_ON,slow_2Hz,normal,probability,-0.03167077898979187,0.03167077898979187,353.33333333333337,53.33333333333337,0.0074148960411548615,-0.05314677953720093,0.002135033719241619,-0.01378120481967926,0.028717871755361557,-0.01378120481967926,-0.007022821344435215,0.0,0.0,0.0,0.0
68#4,PC_ON,rapid_10Hz,normal,probability,-0.03167077898979187,0.03167077898979187,353.33333333333337,53.33333333333337,0.005848681088536978,-0.05314677953720093,0.0005688187666237354,-0.01378120481967926,0.022847319021821022,-0.01378120481967926,-0.016043582931160927,0.0,0.0,0.0,0.0
68#4,PC_ON,rapid_20Hz,normal,probability,0.025453045964241028,0.025453045964241028,2340.0,2040.0,0.0053997947834432125,0.00397704541683197,0.00011993246152997017,-0.012385489419102669,0.016336919739842415,-0.012385489419102669,-0.017059670761227608,0.0,0.0,0.0,0.0
68#4,PC_ON,transient_50ms,normal,probability,-0.03167077898979187,0.03167077898979187,353.33333333333337,53.33333333333337,0.00541994022205472,-0.05314677953720093,0.00014007790014147758,-0.01378120481967926,0.01126854494214058,-0.01378120481967926,-0.02198016829788685,0.0,0.0,0.0,0.0
68#4,PC_ON,large_field_50ms,normal,probability,0.03354080021381378,0.03354080021381378,1353.3333333333335,1053.3333333333335,0.0002000324020627886,0.012976586818695068,8.474410424241796e-05,-0.012778030708432198,-0.01212326344102621,-0.012778030708432198,-0.01212326344102621,0.0,0.0,0.0,0.0
68#4,PC_ON,slow_step,H1_off,logit,-0.2749476432800293,0.2749476432800293,353.33333333333337,53.33333333333337,0.03010624274611473,-0.4264479875564575,-9.409710764884949e-05,-0.11518479883670807,0.19868552684783936,-0.11518479883670807,-0.05349999666213989,0.009999264031648636,-0.023986458778381348,0.023986458778381348,-0.007549359928816557
68#4,PC_ON,slow_1Hz,H1_off,logit,-0.2749476432800293,0.2749476432800293,353.33333333333337,53.33333333333337,0.03011186420917511,-0.4264479875564575,-8.847564458847046e-05,-0.11518479883670807,0.19869379699230194,-0.11518479883670807,-0.053500980138778687,0.01063610054552555,-0.028262972831726074,0.028262972831726074,-0.0075508542358875275
68#4,PC_ON,slow_2Hz,H1_off,logit,-0.2749476432800293,0.2749476432800293,353.33333333333337,53.33333333333337,0.030123615637421608,-0.4264479875564575,-7.672421634197235e-05,-0.11518479883670807,0.1988653987646103,-0.11518479883670807,-0.056902118027210236,0.011879213154315948,-0.02826225757598877,0.02826225757598877,-0.007553744595497847
68#4,PC_ON,rapid_10Hz,H1_off,logit,-0.2749476432800293,0.2749476432800293,353.33333333333337,53.33333333333337,0.03017379157245159,-0.4264479875564575,-2.654828131198883e-05,-0.11518479883670807,0.1710832566022873,-0.11518479883670807,-0.1375569850206375,0.014314291998744011,-0.0263824462890625,0.0263824462890625,-0.007567242253571749
68#4,PC_ON,rapid_20Hz,H1_off,logit,-0.21371114253997803,0.21371114253997803,340.0,40.0,0.030192000791430473,-0.36521148681640625,-8.339062333106995e-06,-0.10231699049472809,0.11655862629413605,-0.10231699049472809,-0.13935521245002747,0.004445272497832775,-0.015392303466796875,0.015392303466796875,-0.007566581014543772
68#4,PC_ON,transient_50ms,H1_off,logit,-0.2749476432800293,0.2749476432800293,353.33333333333337,53.33333333333337,0.03020685911178589,-0.4264479875564575,6.51925802230835e-06,-0.11518479883670807,0.07771655917167664,-0.11518479883670807,-0.18839667737483978,0.004407308530062437,-0.023729801177978516,0.023729801177978516,-0.007563569582998753
68#4,PC_ON,large_field_50ms,H1_off,logit,-0.2749476432800293,0.2749476432800293,353.33333333333337,53.33333333333337,0.0,-0.41990673542022705,7.947286162490741e-10,-0.11518479883670807,-0.1266467422246933,-0.11518479883670807,-0.1266467422246933,0.003124549286440015,-0.049340009689331055,0.049340009689331055,0.0
68#4,PC_ON,slow_step,H1_off,probability,-0.034287288784980774,0.034287288784980774,353.33333333333337,53.33333333333337,0.007043579593300819,-0.056114837527275085,0.002807017881423235,-0.014714621007442474,0.029072396457195282,-0.014714621007442474,-0.006781121715903282,0.0013237325474619865,0.0031236261129379272,0.0031236261129379272,-0.0007334193796850741
68#4,PC_ON,slow_1Hz,H1_off,probability,-0.034287288784980774,0.034287288784980774,353.33333333333337,53.33333333333337,0.006930079776793718,-0.056114837527275085,0.002693518064916134,-0.014714621007442474,0.029073679819703102,-0.014714621007442474,-0.006781255826354027,0.0014140335842967033,-0.0036126673221588135,0.0036126673221588135,-0.0007280450081452727
68#4,PC_ON,slow_2Hz,H1_off,probability,-0.034287288784980774,0.034287288784980774,353.33333333333337,53.33333333333337,0.006696562748402357,-0.056114837527275085,0.0024600010365247726,-0.014714621007442474,0.029100382700562477,-0.014714621007442474,-0.007302599493414164,0.0015904634492471814,-0.0036128610372543335,0.0036128610372543335,-0.0007183334673754871
68#4,PC_ON,rapid_10Hz,H1_off,probability,-0.034287288784980774,0.034287288784980774,353.33333333333337,53.33333333333337,0.0050462279468774796,-0.056114837527275085,0.0008096662349998951,-0.014714621007442474,0.02484806627035141,-0.014714621007442474,-0.017355086281895638,0.0019524330273270607,-0.003384307026863098,0.003384307026863098,-0.0008024522685445845
68#4,PC_ON,rapid_20Hz,H1_off,probability,-0.02722245454788208,0.02722245454788208,340.0,40.0,0.004383798688650131,-0.04905000329017639,0.00014723697677254677,-0.01321098580956459,0.01679028384387493,-0.01321098580956459,-0.01808614656329155,0.0006036939448677003,-0.0018260478973388672,0.0018260478973388672,-0.0010159960947930813
68#4,PC_ON,transient_50ms,H1_off,probability,-0.034287288784980774,0.034287288784980774,353.33333333333337,53.33333333333337,0.004401649348437786,-0.056114837527275085,0.00016508763656020164,-0.014714621007442474,0.011067254468798637,-0.014714621007442474,-0.02395840920507908,0.0006020051660016179,-0.0027116388082504272,0.0027116388082504272,-0.0010182909900322556
68#4,PC_ON,large_field_50ms,H1_off,probability,0.04122215509414673,0.04122215509414673,1353.3333333333335,1053.3333333333335,0.0002895263023674488,0.02038167417049408,0.00016687832248862833,-0.014714621007442474,-0.015913991257548332,-0.014714621007442474,-0.015913991257548332,0.00042927489266730845,0.007878318428993225,0.007878318428993225,8.949389302870259e-05
68#4,PC_ON,slow_step,AC_off,logit,0.2918679714202881,0.2918679714202881,1460.0,1160.0,0.5440884828567505,0.018230438232421875,-6.4373016357421875e-06,0.017170995473861694,0.2728913128376007,0.017170995473861694,0.2540509104728699,0.2509794235229492,0.39829421043395996,0.39829421043395996,0.5064328908920288
68#4,PC_ON,slow_1Hz,AC_off,logit,0.29186952114105225,0.29186952114105225,960.0,660.0,0.5440891981124878,0.018231987953186035,-5.7220458984375e-06,0.017170995473861694,0.2728928029537201,0.017170995473861694,0.2540592551231384,0.2509765923023224,0.39829421043395996,0.39829421043395996,0.5064266324043274
68#4,PC_ON,slow_2Hz,AC_off,logit,0.2919025421142578,0.2919025421142578,706.6666666666667,406.66666666666674,0.5440908074378967,0.0182650089263916,-4.112720489501953e-06,0.017170995473861694,0.2729242146015167,0.017170995473861694,0.2540556490421295,0.25097769498825073,0.39829421043395996,0.39829421043395996,0.5064134001731873
68#4,PC_ON,rapid_10Hz,AC_off,logit,0.2798811197280884,0.2798811197280884,453.33333333333337,153.33333333333337,0.5440951585769653,0.006243586540222168,2.384185791015625e-07,0.017170995473861694,0.254464328289032,0.017170995473861694,0.15515735745429993,0.25041091442108154,0.36144769191741943,0.36144769191741943,0.5063541531562805
68#4,PC_ON,rapid_20Hz,AC_off,logit,0.2749786376953125,0.2749786376953125,433.33333333333337,133.33333333333337,0.5440950989723206,0.001341104507446289,1.7881393432617188e-07,0.01729905605316162,0.2547273635864258,0.01729905605316162,0.07625973224639893,0.24914860725402832,0.296541690826416,0.296541690826416,0.506336510181427
68#4,PC_ON,transient_50ms,AC_off,logit,0.2854604721069336,0.2854604721069336,1400.0,1100.0,0.5440933108329773,0.011822938919067383,-1.6093254089355469e-06,0.017170995473861694,0.25404787063598633,0.017170995473861694,0.15438318252563477,0.24809570610523224,0.3507879972457886,0.3507879972457886,0.5063228607177734
68#4,PC_ON,large_field_50ms,AC_off,logit,0.16265559196472168,0.16265559196472168,400.0,100.0,-7.947286162490741e-10,-0.031156539916992188,1.5894571214758457e-09,0.016027048230171204,0.1261906772851944,0.016027048230171204,0.1261906772851944,0.017791222780942917,0.3100857734680176,0.3100857734680176,-7.947286162490741e-10
68#4,PC_ON,slow_step,AC_off,probability,0.04399441182613373,0.04399441182613373,1460.0,1160.0,0.08144511282444,0.002985745668411255,3.086775541305542e-05,0.002383740618824959,0.04090913385152817,0.002383740618824959,0.03783661127090454,0.03647905960679054,0.05662442743778229,0.05662442743778229,0.07366810739040375
68#4,PC_ON,slow_1Hz,AC_off,probability,0.04399466514587402,0.04399466514587402,960.0,660.0,0.08144324272871017,0.0029859989881515503,2.899765968322754e-05,0.002383740618824959,0.04090938717126846,0.002383740618824959,0.037837959825992584,0.03653761371970177,0.05662442743778229,0.05662442743778229,0.07378511875867844
68#4,PC_ON,slow_2Hz,AC_off,probability,0.04400010406970978,0.04400010406970978,706.6666666666667,406.66666666666674,0.08143942803144455,0.0029914379119873047,2.518296241760254e-05,0.002383740618824959,0.04091451317071915,0.002383740618824959,0.03783730790019035,0.036658454686403275,0.05662442743778229,0.05662442743778229,0.07402452826499939
68#4,PC_ON,rapid_10Hz,AC_off,probability,0.042027637362480164,0.042027637362480164,453.33333333333337,153.33333333333337,0.0814141258597374,0.0010189712047576904,-1.1920928955078125e-07,0.002383740618824959,0.03791368752717972,0.002383740618824959,0.02250303328037262,0.037351809442043304,0.05285163223743439,0.05285163223743439,0.07556545734405518
68#4,PC_ON,rapid_20Hz,AC_off,probability,0.04122720658779144,0.04122720658779144,433.33333333333337,133.33333333333337,0.08141332119703293,0.00021854043006896973,-9.238719940185547e-07,0.002401888370513916,0.03796287998557091,0.002401888370513916,0.010836523026227951,0.03739115968346596,0.04414007067680359,0.04414007067680359,0.07601352781057358
68#4,PC_ON,transient_50ms,AC_off,probability,0.0429413765668869,0.0429413765668869,1400.0,1100.0,0.08141963183879852,0.0019327104091644287,5.386769771575928e-06,0.002383740618824959,0.037855859845876694,0.002383740618824959,0.02238197810947895,0.03723052889108658,0.04662647843360901,0.04662647843360901,0.0759996846318245
68#4,PC_ON,large_field_50ms,AC_off,probability,0.023520290851593018,0.023520290851593018,400.0,100.0,0.00012557418085634708,-0.004790574312210083,-5.2304661949165165e-05,0.002222888171672821,0.018075603991746902,0.002222888171672821,0.018075603991746902,0.0024397496599704027,-0.04424767196178436,0.04424767196178436,-7.445822120644152e-05
68#7,PC_ON,slow_step,normal,logit,0.5077817440032959,0.5077817440032959,1520.0,1220.0,0.5627012848854065,0.1992264986038208,-0.0009097456932067871,0.07615360617637634,0.37291115522384644,0.07615360617637634,0.1141633540391922,0.0,0.0,0.0,0.0
68#7,PC_ON,slow_1Hz,normal,logit,0.5077815055847168,0.5077815055847168,1020.0,720.0,0.5628087520599365,0.1992262601852417,-0.0008022785186767578,0.07615360617637634,0.3729258179664612,0.07615360617637634,0.11416091024875641,0.0,0.0,0.0,0.0
68#7,PC_ON,slow_2Hz,normal,logit,0.5077745914459229,0.5077745914459229,766.6666666666667,466.66666666666674,0.5630221962928772,0.19921934604644775,-0.000588834285736084,0.07615360617637634,0.37321436405181885,0.07615360617637634,0.11013449728488922,0.0,0.0,0.0,0.0
68#7,PC_ON,rapid_10Hz,normal,logit,0.3606104850769043,0.3606104850769043,420.0,120.0,0.5636109709739685,0.0520552396774292,-5.960464477539063e-08,0.07615360617637634,0.2489045411348343,0.07615360617637634,0.19545374810695648,0.0,0.0,0.0,0.0
68#7,PC_ON,rapid_20Hz,normal,logit,0.3059723377227783,0.3059723377227783,420.0,120.0,0.5636172294616699,-0.0025829076766967773,6.198883056640625e-06,0.08126844465732574,0.20027916133403778,0.08126844465732574,0.20911307632923126,0.0,0.0,0.0,0.0
68#7,PC_ON,transient_50ms,normal,logit,0.4248431921005249,0.4248431921005249,1373.3333333333335,1073.3333333333335,0.5635863542556763,0.1162879467010498,-2.467632293701172e-05,0.07615360617637634,0.17642664909362793,0.07615360617637634,0.16802380979061127,0.0,0.0,0.0,0.0
68#7,PC_ON,large_field_50ms,normal,logit,0.17425060272216797,0.17425060272216797,346.6666666666667,46.666666666666686,7.947286162490741e-10,-0.1179955005645752,1.5894572324981482e-09,0.07605774700641632,0.06524304300546646,0.07605774700641632,0.06524304300546646,0.0,0.0,0.0,0.0
68#7,PC_ON,slow_step,normal,probability,0.07663542032241821,0.07663542032241821,1520.0,1220.0,0.08330686390399933,0.03298176825046539,0.004274584352970123,0.01018872857093811,0.05471344664692879,0.01018872857093811,0.01529768668115139,0.0,0.0,0.0,0.0
68#7,PC_ON,slow_1Hz,normal,probability,0.07663537561893463,0.07663537561893463,1020.0,720.0,0.08301392942667007,0.03298172354698181,0.003981649875640869,0.01018872857093811,0.054715849459171295,0.01018872857093811,0.015297351405024529,0.0,0.0,0.0,0.0
68#7,PC_ON,slow_2Hz,normal,probability,0.07663416862487793,0.07663416862487793,766.6666666666667,466.66666666666674,0.08241824060678482,0.03298051655292511,0.0033859610557556152,0.01018872857093811,0.05476324260234833,0.01018872857093811,0.01470237784087658,0.0,0.0,0.0,0.0
68#7,PC_ON,rapid_10Hz,normal,probability,0.051903218030929565,0.051903218030929565,420.0,120.0,0.0791960060596466,0.008249565958976746,0.00016372650861740112,0.01018872857093811,0.034824155271053314,0.01018872857093811,0.02667311020195484,0.0,0.0,0.0,0.0
68#7,PC_ON,rapid_20Hz,normal,probability,0.04325108230113983,0.04325108230113983,420.0,120.0,0.07899592071771622,-0.0004025697708129883,-3.635883331298828e-05,0.010925617069005966,0.02764778397977352,0.010925617069005966,0.028810173273086548,0.0,0.0,0.0,0.0
68#7,PC_ON,transient_50ms,normal,probability,0.0624413788318634,0.0624413788318634,1373.3333333333335,1073.3333333333335,0.07913282513618469,0.018787726759910583,0.00010054558515548706,0.01018872857093811,0.02435130439698696,0.01018872857093811,0.02267542853951454,0.0,0.0,0.0,0.0
68#7,PC_ON,large_field_50ms,normal,probability,0.023561924695968628,0.023561924695968628,346.6666666666667,46.666666666666686,0.00012350738688837737,-0.017560482025146484,-0.00017155265959445387,0.01017504557967186,0.008853324688971043,0.01017504557967186,0.008853324688971043,0.0,0.0,0.0,0.0
68#7,PC_ON,slow_step,H1_off,logit,0.5074847936630249,0.5074847936630249,1520.0,1220.0,0.5632264018058777,0.1985095739364624,-0.0009049177169799805,0.07626910507678986,0.3726804256439209,0.07626910507678986,0.11480249464511871,0.0005868319422006607,0.0013997554779052734,0.0013997554779052734,0.0005251201218925416
68#7,PC_ON,slow_1Hz,H1_off,logit,0.5074846744537354,0.5074846744537354,1020.0,720.0,0.5633338093757629,0.19850945472717285,-0.0007975101470947266,0.07626910507678986,0.37269508838653564,0.07626910507678986,0.11480005085468292,0.0006495285197161138,0.0016608238220214844,0.0016608238220214844,0.0005250509711913764
68#7,PC_ON,slow_2Hz,H1_off,logit,0.5074794292449951,0.5074794292449951,773.3333333333334,473.33333333333337,0.5635470151901245,0.19850420951843262,-0.0005843043327331543,0.07626910507678986,0.37298089265823364,0.07626910507678986,0.1108073815703392,0.000774455489590764,0.0016607046127319336,0.0016607046127319336,0.0005247601075097919
68#7,PC_ON,rapid_10Hz,H1_off,logit,0.3600914478302002,0.3600914478302002,420.0,120.0,0.5641313791275024,0.051116228103637695,5.960464477539063e-08,0.07626910507678986,0.2485472708940506,0.07626910507678986,0.19654513895511627,0.0005820210790261626,0.001323103904724121,0.001323103904724121,0.0005204200861044228
68#7,PC_ON,rapid_20Hz,H1_off,logit,0.30638158321380615,0.30638158321380615,420.0,120.0,0.5641373991966248,-0.0025936365127563477,6.079673767089844e-06,0.08138410747051239,0.2004183977842331,0.08138410747051239,0.20957858860492706,0.00026658494607545435,0.0008432865142822266,0.0008432865142822266,0.0005202062893658876
68#7,PC_ON,transient_50ms,H1_off,logit,0.42418599128723145,0.42418599128723145,1373.3333333333335,1073.3333333333335,0.5641067028045654,0.11521077156066895,-2.4616718292236328e-05,0.07626910507678986,0.17665228247642517,0.07626910507678986,0.16918019950389862,0.00028732139617204666,0.0013507604598999023,0.0013507604598999023,0.0005204113549552858
68#7,PC_ON,large_field_50ms,H1_off,logit,0.17525768280029297,0.17525768280029297,346.6666666666667,46.666666666666686,0.0,-0.1173022985458374,0.0,0.07626910507678986,0.06720813363790512,0.07626910507678986,0.06720813363790512,0.00017885486886370927,0.002331256866455078,0.002331256866455078,-7.947286162490741e-10
68#7,PC_ON,slow_step,H1_off,probability,0.07658341526985168,0.07658341526985168,1520.0,1220.0,0.0833631306886673,0.03286425769329071,0.004250720143318176,0.010205212980508804,0.05467521399259567,0.010205212980508804,0.015384320169687271,8.475829963572323e-05,0.00019322335720062256,0.00019322335720062256,5.6267879699589685e-05
68#7,PC_ON,slow_1Hz,H1_off,probability,0.0765833854675293,0.0765833854675293,1020.0,720.0,0.08306922763586044,0.03286422789096832,0.003956817090511322,0.010205212980508804,0.05467763543128967,0.010205212980508804,0.015383988618850708,9.466463961871341e-05,0.00023205578327178955,0.00023205578327178955,5.5288874136749655e-05
68#7,PC_ON,slow_2Hz,H1_off,probability,0.07658249139785767,0.07658249139785767,773.3333333333334,473.33333333333337,0.08247162401676178,0.03286333382129669,0.0033592134714126587,0.010205212980508804,0.0547245517373085,0.010205212980508804,0.014793849550187588,0.00011440470552770421,0.0002320706844329834,0.0002320706844329834,5.3372383263194934e-05
68#7,PC_ON,rapid_10Hz,H1_off,probability,0.05181966722011566,0.05181966722011566,420.0,120.0,0.07927032560110092,0.008100509643554688,0.00015791505575180054,0.010205212980508804,0.03477226570248604,0.010205212980508804,0.02683146484196186,8.808096026768908e-05,0.00019213557243347168,0.00019213557243347168,7.431954145431519e-05
68#7,PC_ON,rapid_20Hz,H1_off,probability,0.04331481456756592,0.04331481456756592,420.0,120.0,0.07907617092132568,-0.00040434300899505615,-3.62396240234375e-05,0.010942352935671806,0.027670584619045258,0.010942352935671806,0.028879938647150993,4.0912331314757466e-05,0.00012767314910888672,0.00012767314910888672,8.02449430921115e-05
68#7,PC_ON,transient_50ms,H1_off,probability,0.06233154237270355,0.06233154237270355,1373.3333333333335,1073.3333333333335,0.07921193540096283,0.018612384796142578,9.95248556137085e-05,0.010205212980508804,0.024384142830967903,0.010205212980508804,0.022840412333607674,4.391466427478008e-05,0.00019209086894989014,0.00019209086894989014,7.91121565271169e-05
68#7,PC_ON,large_field_50ms,H1_off,probability,0.023706257343292236,0.023706257343292236,346.6666666666667,46.666666666666686,0.00012512336252257228,-0.017464622855186462,-0.00017059460515156388,0.010205212980508804,0.009115142747759819,0.010205212980508804,0.009115142747759819,2.2792368326918222e-05,0.0003120899200439453,0.0003120899200439453,1.6159813185367966e-06
68#7,PC_ON,slow_step,AC_off,logit,0.5825486183166504,0.5825486183166504,1520.0,1220.0,1.1582224369049072,0.0006154775619506836,1.430511474609375e-06,0.14397147297859192,0.439131498336792,0.14397147297859192,0.575789213180542,0.2953663766384125,0.5208045244216919,0.5208045244216919,0.595521092414856
68#7,PC_ON,slow_1Hz,AC_off,logit,0.5825498104095459,0.5825498104095459,1020.0,720.0,1.1582224369049072,0.0006166696548461914,1.430511474609375e-06,0.14397147297859192,0.4391317069530487,0.14397147297859192,0.5758036971092224,0.29531344771385193,0.5208045244216919,0.5208045244216919,0.5954136252403259
68#7,PC_ON,slow_2Hz,AC_off,logit,0.5825815200805664,0.5825815200805664,746.6666666666667,446.66666666666674,1.1582224369049072,0.0006483793258666992,1.430511474609375e-06,0.14397147297859192,0.43913733959198,0.14397147297859192,0.5760791897773743,0.2952226400375366,0.5208045244216919,0.5208045244216919,0.5952001810073853
68#7,PC_ON,rapid_10Hz,AC_off,logit,0.5824916362762451,0.5824916362762451,433.33333333333337,133.33333333333337,1.15822172164917,0.0005584955215454102,7.152557373046875e-07,0.14397147297859192,0.436393141746521,0.14397147297859192,0.5039759278297424,0.2913151979446411,0.3692753314971924,0.3692753314971924,0.5946106910705566
68#7,PC_ON,rapid_20Hz,AC_off,logit,0.581627607345581,0.581627607345581,426.6666666666667,126.66666666666669,1.15822172164917,-0.00030553340911865234,7.152557373046875e-07,0.14397189021110535,0.43589067459106445,0.14397189021110535,0.3710560202598572,0.2893642783164978,0.31292152404785156,0.31292152404785156,0.5946043133735657
68#7,PC_ON,transient_50ms,AC_off,logit,0.581296443939209,0.581296443939209,1386.6666666666667,1086.6666666666667,1.158220887184143,-0.0006366968154907227,-1.1920928955078125e-07,0.14397147297859192,0.43574991822242737,0.14397147297859192,0.5038692355155945,0.2879783511161804,0.3776378631591797,0.3776378631591797,0.5946345329284668
68#7,PC_ON,large_field_50ms,AC_off,logit,0.45590996742248535,0.45590996742248535,360.0,60.0,-2.38418573772492e-09,-0.003069639205932617,-7.947285052267716e-10,0.14379693567752838,0.3641481399536133,0.14379693567752838,0.3641481399536133,0.02594258263707161,0.32949602603912354,0.32949602603912354,-3.1789144649962964e-09
68#7,PC_ON,slow_step,AC_off,probability,0.08999581634998322,0.08999581634998322,1520.0,1220.0,0.17837101221084595,0.00011213123798370361,-4.798173904418945e-06,0.02019312232732773,0.0657878965139389,0.02019312232732773,0.08876605331897736,0.04715264216065407,0.08165283501148224,0.08165283501148224,0.09506415575742722
68#7,PC_ON,slow_1Hz,AC_off,probability,0.08999603986740112,0.08999603986740112,1020.0,720.0,0.17837093770503998,0.00011235475540161133,-4.872679710388184e-06,0.02019312232732773,0.06578794121742249,0.02019312232732773,0.08876869827508926,0.04729918763041496,0.08165283501148224,0.08165283501148224,0.0953570231795311
68#7,PC_ON,slow_2Hz,AC_off,probability,0.09000182151794434,0.09000182151794434,746.6666666666667,446.66666666666674,0.17837080359458923,0.00011813640594482422,-5.0067901611328125e-06,0.02019312232732773,0.06578890234231949,0.02019312232732773,0.08881872147321701,0.04759927839040756,0.08165283501148224,0.08165283501148224,0.09595254808664322
68#7,PC_ON,rapid_10Hz,AC_off,probability,0.08998546004295349,0.08998546004295349,433.33333333333337,133.33333333333337,0.17837245762348175,0.00010177493095397949,-3.3527612686157227e-06,0.02019312232732773,0.06531447917222977,0.02019312232732773,0.07607366144657135,0.04864287003874779,0.06066372990608215,0.06066372990608215,0.09917641431093216
68#7,PC_ON,rapid_20Hz,AC_off,probability,0.0898280143737793,0.0898280143737793,426.6666666666667,126.66666666666669,0.1783742606639862,-5.5670738220214844e-05,-1.5497207641601562e-06,0.0201931893825531,0.0652347207069397,0.0201931893825531,0.054267801344394684,0.048468250781297684,0.05225454270839691,0.05225454270839691,0.0993783175945282
68#7,PC_ON,transient_50ms,AC_off,probability,0.0897676944732666,0.0897676944732666,1386.6666666666667,1086.6666666666667,0.17837639153003693,-0.00011599063873291016,5.811452865600586e-07,0.02019312232732773,0.06521615386009216,0.02019312232732773,0.07605449110269547,0.048215847462415695,0.06138703227043152,0.06138703227043152,0.09924357384443283
68#7,PC_ON,large_field_50ms,AC_off,probability,0.06768067181110382,0.06768067181110382,360.0,60.0,0.0008127623586915433,-0.0005227327346801758,-1.58725306391716e-05,0.020165348425507545,0.052834365516901016,0.020165348425507545,0.052834365516901016,0.0033182629849761724,0.049321070313453674,0.049321070313453674,0.0006892549572512507
68#10,MC_ON,slow_step,normal,logit,0.5091631412506104,0.5091631412506104,1493.3333333333335,1193.3333333333335,0.5074635148048401,0.23599779605865479,-0.0011809468269348145,0.04461608827114105,0.38878118991851807,0.04461608827114105,0.07455825805664062,0.0,0.0,0.0,0.0
68#10,MC_ON,slow_1Hz,normal,logit,0.5091627836227417,0.5091627836227417,993.3333333333334,693.3333333333334,0.5075963139533997,0.23599743843078613,-0.0010481476783752441,0.04461608827114105,0.3887968361377716,0.04461608827114105,0.07455536723136902,0.0,0.0,0.0,0.0
68#10,MC_ON,slow_2Hz,normal,logit,0.5093329548835754,0.5093329548835754,2313.3333333333335,2013.3333333333335,0.5078604817390442,0.23616760969161987,-0.0007839798927307129,0.04461608827114105,0.38912105560302734,0.04461608827114105,0.06993259489536285,0.0,0.0,0.0,0.0
68#10,MC_ON,rapid_10Hz,normal,logit,0.34684574604034424,0.34684574604034424,420.0,120.0,0.5086337327957153,0.07368040084838867,-1.0728836059570312e-05,0.04461608827114105,0.26192742586135864,0.04461608827114105,0.14485026895999908,0.0,0.0,0.0,0.0
68#10,MC_ON,rapid_20Hz,normal,logit,0.277907133102417,0.277907133102417,2313.3333333333335,2013.3333333333335,0.5086485743522644,0.004741787910461426,4.112720489501953e-06,0.05203397572040558,0.202051043510437,0.05203397572040558,0.16468048095703125,0.0,0.0,0.0,0.0
68#10,MC_ON,transient_50ms,normal,logit,0.4208035469055176,0.4208035469055176,1373.3333333333335,1073.3333333333335,0.5086120963096619,0.147638201713562,-3.236532211303711e-05,0.04461608827114105,0.17203466594219208,0.04461608827114105,0.10932077467441559,0.0,0.0,0.0,0.0
68#10,MC_ON,large_field_50ms,normal,logit,0.11275303363800049,0.11275303363800049,346.6666666666667,46.666666666666686,0.0,-0.14407670497894287,1.5894572324981482e-09,0.044470638036727905,0.02642168290913105,0.044470638036727905,0.02642168290913105,0.0,0.0,0.0,0.0
68#10,MC_ON,slow_step,normal,probability,0.09171265363693237,0.09171265363693237,1493.3333333333335,1193.3333333333335,0.09096679091453552,0.045555323362350464,0.005493044853210449,0.00716022402048111,0.06853536516427994,0.00716022402048111,0.012167312204837799,0.0,0.0,0.0,0.0
68#10,MC_ON,slow_1Hz,normal,probability,0.09171256422996521,0.09171256422996521,993.3333333333334,693.3333333333334,0.09062287956476212,0.0455552339553833,0.005149133503437042,0.00716022402048111,0.06853841245174408,0.00716022402048111,0.012166844680905342,0.0,0.0,0.0,0.0
68#10,MC_ON,slow_2Hz,normal,probability,0.09174725413322449,0.09174725413322449,2313.3333333333335,2013.3333333333335,0.08992259204387665,0.04558992385864258,0.004448845982551575,0.00716022402048111,0.06860153377056122,0.00716022402048111,0.011350949294865131,0.0,0.0,0.0,0.0
68#10,MC_ON,rapid_10Hz,normal,probability,0.059827446937561035,0.059827446937561035,420.0,120.0,0.08579092472791672,0.013670116662979126,0.0003171786665916443,0.00716022402048111,0.04434524476528168,0.00716022402048111,0.02368067018687725,0.0,0.0,0.0,0.0
68#10,MC_ON,rapid_20Hz,normal,probability,0.04702165722846985,0.04702165722846985,2313.3333333333335,2013.3333333333335,0.08545280247926712,0.0008643269538879395,-2.094358205795288e-05,0.008407551795244217,0.033671487122774124,0.008407551795244217,0.02719619683921337,0.0,0.0,0.0,0.0
68#10,MC_ON,transient_50ms,normal,probability,0.0740584135055542,0.0740584135055542,1373.3333333333335,1073.3333333333335,0.08561909198760986,0.02790108323097229,0.00014534592628479004,0.00716022402048111,0.02858523651957512,0.00716022402048111,0.017620161175727844,0.0,0.0,0.0,0.0
68#10,MC_ON,large_field_50ms,normal,probability,0.018183410167694092,0.018183410167694092,346.6666666666667,46.666666666666686,6.370207120198756e-05,-0.02501264214515686,-0.00018120506138075143,0.007135864347219467,0.004372905474156141,0.007135864347219467,0.004372905474156141,0.0,0.0,0.0,0.0
68#10,MC_ON,slow_step,H1_off,logit,0.5098598599433899,0.5098598599433899,1506.6666666666667,1206.6666666666667,0.5127118229866028,0.23196393251419067,-0.0011603236198425293,0.04488834738731384,0.3895770311355591,0.04488834738731384,0.0787343978881836,0.002851237542927265,0.009417176246643066,0.009417176246643066,0.005248301662504673
68#10,MC_ON,slow_1Hz,H1_off,logit,0.509859561920166,0.509859561920166,1006.6666666666667,706.6666666666667,0.5128450989723206,0.2319636344909668,-0.0010270476341247559,0.04488834738731384,0.38959288597106934,0.04488834738731384,0.07873137295246124,0.0031102311331778765,0.009673476219177246,0.009673476219177246,0.005248865112662315
68#10,MC_ON,slow_2Hz,H1_off,logit,0.5101388096809387,0.5101388096809387,2313.3333333333335,2013.3333333333335,0.5131100416183472,0.2322428822517395,-0.0007621049880981445,0.04488834738731384,0.389914333820343,0.04488834738731384,0.07421256601810455,0.0036217228043824434,0.009674549102783203,0.009674549102783203,0.005249633453786373
68#10,MC_ON,rapid_10Hz,H1_off,logit,0.34653234481811523,0.34653234481811523,420.0,120.0,0.513863205909729,0.06863641738891602,-8.940696716308594e-06,0.04488834738731384,0.2616821229457855,0.04488834738731384,0.15251362323760986,0.003731460077688098,0.009435892105102539,0.009435892105102539,0.005229498725384474
68#10,MC_ON,rapid_20Hz,H1_off,logit,0.2822432518005371,0.2822432518005371,2313.3333333333335,2013.3333333333335,0.5138763189315796,0.004347324371337891,4.172325134277344e-06,0.05230693519115448,0.20426546037197113,0.05230693519115448,0.16792014241218567,0.0026358168106526136,0.0069925785064697266,0.0069925785064697266,0.005227684509009123
68#10,MC_ON,transient_50ms,H1_off,logit,0.4192204475402832,0.4192204475402832,1373.3333333333335,1073.3333333333335,0.5138406753540039,0.14132452011108398,-3.147125244140625e-05,0.04488834738731384,0.17450794577598572,0.04488834738731384,0.11706529557704926,0.002680480945855379,0.009381413459777832,0.009381413459777832,0.005228552967309952
68#10,MC_ON,large_field_50ms,H1_off,logit,0.11611080169677734,0.11611080169677734,346.6666666666667,46.666666666666686,0.0,-0.14390873908996582,1.5894572324981482e-09,0.04488834738731384,0.038608670234680176,0.04488834738731384,0.038608670234680176,0.0012772249756380916,0.014965295791625977,0.014965295791625977,0.0
68#10,MC_ON,slow_step,H1_off,probability,0.09185463190078735,0.09185463190078735,1506.6666666666667,1206.6666666666667,0.09181265532970428,0.04483500123023987,0.005392417311668396,0.007205722853541374,0.06868897378444672,0.007205722853541374,0.01284540630877018,0.0004683070001192391,0.0015163570642471313,0.0015163570642471313,0.0008458798401989043
68#10,MC_ON,slow_1Hz,H1_off,probability,0.09185454249382019,0.09185454249382019,1006.6666666666667,706.6666666666667,0.09145983308553696,0.044834911823272705,0.005039595067501068,0.007205722853541374,0.06869205832481384,0.007205722853541374,0.012844916433095932,0.0005149864591658115,0.001596108078956604,0.001596108078956604,0.0008369525312446058
68#10,MC_ON,slow_2Hz,H1_off,probability,0.09191146492958069,0.09191146492958069,2313.3333333333335,2013.3333333333335,0.09074186533689499,0.0448918342590332,0.0043216273188591,0.007205722853541374,0.068754643201828,0.007205722853541374,0.012045689858496189,0.0006071793031878769,0.0015964359045028687,0.0015964359045028687,0.0008192741079255939
68#10,MC_ON,rapid_10Hz,H1_off,probability,0.0597681999206543,0.0597681999206543,420.0,120.0,0.08670485019683838,0.012748569250106812,0.00028461217880249023,0.007205722853541374,0.04431098699569702,0.007205722853541374,0.02498842217028141,0.0006619267514906824,0.0016262531280517578,0.0016262531280517578,0.0009139365283772349
68#10,MC_ON,rapid_20Hz,H1_off,probability,0.04781389236450195,0.04781389236450195,2313.3333333333335,2013.3333333333335,0.08640226721763611,0.0007942616939544678,-1.7970800399780273e-05,0.00845424085855484,0.03407089784741402,0.00845424085855484,0.027771413326263428,0.00047681693104095757,0.0012543350458145142,0.0012543350458145142,0.0009494655532762408
68#10,MC_ON,transient_50ms,H1_off,probability,0.07374852895736694,0.07374852895736694,1373.3333333333335,1073.3333333333335,0.0865594819188118,0.026728898286819458,0.00013924390077590942,0.007205722853541374,0.029013771563768387,0.007205722853541374,0.01891195774078369,0.0004813029954675585,0.0015716254711151123,0.0015716254711151123,0.0009403926087543368
68#10,MC_ON,large_field_50ms,H1_off,probability,0.018743664026260376,0.018743664026260376,346.6666666666667,46.666666666666686,6.963839405216277e-05,-0.025028645992279053,-0.00018221954815089703,0.007205722853541374,0.006302047986537218,0.007205722853541374,0.006302047986537218,0.00019908879767172039,-0.0023411959409713745,0.0023411959409713745,5.9363246691646054e-06
68#10,MC_ON,slow_step,AC_off,logit,0.5353139638900757,0.5353139638900757,1480.0,1180.0,1.0323354005813599,0.015095770359039307,-5.960464477539062e-07,0.12354597449302673,0.41154173016548157,0.12354597449302673,0.4977760910987854,0.26163798570632935,0.4987533688545227,0.4987533688545227,0.5248719453811646
68#10,MC_ON,slow_1Hz,AC_off,logit,0.5353156924247742,0.5353156924247742,980.0,680.0,1.0323362350463867,0.015097498893737793,2.384185791015625e-07,0.12354597449302673,0.41154319047927856,0.12354597449302673,0.49778836965560913,0.2615727484226227,0.4987533688545227,0.4987533688545227,0.5247399210929871
68#10,MC_ON,slow_2Hz,AC_off,logit,0.5353530645370483,0.5353530645370483,726.6666666666667,426.66666666666674,1.0323376655578613,0.015134871006011963,1.6689300537109375e-06,0.12354597449302673,0.41157451272010803,0.12354597449302673,0.4978439509868622,0.26145750284194946,0.4987533688545227,0.4987533688545227,0.5244771242141724
68#10,MC_ON,rapid_10Hz,AC_off,logit,0.5269460082054138,0.5269460082054138,440.0,140.0,1.0323383808135986,0.006727814674377441,2.384185791015625e-06,0.12354597449302673,0.3959101140499115,0.12354597449302673,0.44707104563713074,0.25787460803985596,0.3479376435279846,0.3479376435279846,0.5237047076225281
68#10,MC_ON,rapid_20Hz,AC_off,logit,0.5206400156021118,0.5206400156021118,440.0,140.0,1.0323373079299927,0.00042182207107543945,1.3113021850585938e-06,0.12354597449302673,0.3933548331260681,0.12354597449302673,0.329240620136261,0.2557559907436371,0.28161555528640747,0.28161555528640747,0.5236886739730835
68#10,MC_ON,transient_50ms,AC_off,logit,0.5298296213150024,0.5298296213150024,1393.3333333333335,1093.3333333333335,1.0323344469070435,0.009611427783966064,-1.5497207641601562e-06,0.12354597449302673,0.39279478788375854,0.12354597449302673,0.4467869699001312,0.2542683482170105,0.36405766010284424,0.36405766010284424,0.523722231388092
68#10,MC_ON,large_field_50ms,AC_off,logit,0.3983025550842285,0.3983025550842285,360.0,60.0,-7.947286162490741e-10,-0.02417290210723877,1.5894571214758457e-09,0.12274609506130219,0.3090478479862213,0.12274609506130219,0.3090478479862213,0.022903040051460266,0.31540095806121826,0.31540095806121826,-7.947286162490741e-10
68#10,MC_ON,slow_step,AC_off,probability,0.0970701277256012,0.0970701277256012,1480.0,1180.0,0.18601927161216736,0.0030999183654785156,2.16066837310791e-06,0.020755592733621597,0.07299032807350159,0.020755592733621597,0.089398592710495,0.047376275062561035,0.08955065906047821,0.08955065906047821,0.09505249559879303
68#10,MC_ON,slow_1Hz,AC_off,probability,0.09707048535346985,0.09707048535346985,980.0,680.0,0.1860177367925644,0.003100275993347168,6.258487701416016e-07,0.020755592733621597,0.07299059629440308,0.020755592733621597,0.08940108120441437,0.047547597438097,0.08955065906047821,0.08955065906047821,0.09539487212896347
68#10,MC_ON,slow_2Hz,AC_off,probability,0.09707817435264587,0.09707817435264587,726.6666666666667,426.66666666666674,0.1860145777463913,0.0031079649925231934,-2.5331974029541016e-06,0.020755592733621597,0.07299678027629852,0.020755592733621597,0.08941229432821274,0.04789898917078972,0.08955065906047821,0.08955065906047821,0.09609196335077286
68#10,MC_ON,rapid_10Hz,AC_off,probability,0.09534931182861328,0.09534931182861328,440.0,140.0,0.18600225448608398,0.0013791024684906006,-1.4856457710266113e-05,0.020755592733621597,0.06988846510648727,0.020755592733621597,0.07929832488298416,0.04935825616121292,0.06556783616542816,0.06556783616542816,0.10021132975816727
68#10,MC_ON,rapid_20Hz,AC_off,probability,0.09405657649040222,0.09405657649040222,440.0,140.0,0.18600913882255554,8.636713027954102e-05,-7.972121238708496e-06,0.020755592733621597,0.06943398714065552,0.020755592733621597,0.057097017765045166,0.04916513338685036,0.05403001606464386,0.05403001606464386,0.10055633634328842
68#10,MC_ON,transient_50ms,AC_off,probability,0.09594160318374634,0.09594160318374634,1393.3333333333335,1093.3333333333335,0.18601974844932556,0.0019713938236236572,2.637505531311035e-06,0.020755592733621597,0.06934887915849686,0.020755592733621597,0.07924088090658188,0.04884170740842819,0.0670376718044281,0.0670376718044281,0.1004006415605545
68#10,MC_ON,large_field_50ms,AC_off,probability,0.06967541575431824,0.06967541575431824,360.0,60.0,0.0006297752261161804,-0.004710525274276733,-0.00010313722304999828,0.020606612786650658,0.0531139001250267,0.020606612786650658,0.0531139001250267,0.003572996472939849,0.056336984038352966,0.056336984038352966,0.0005660731694661081
68#11,PC_OFF,slow_step,normal,logit,0.6757584810256958,0.6757584810256958,1520.0,1220.0,1.1040059328079224,0.0958108901977539,-0.0002319812774658203,0.198372945189476,0.4590541124343872,0.198372945189476,0.4476528763771057,0.0,0.0,0.0,0.0
68#11,PC_OFF,slow_1Hz,normal,logit,0.675758957862854,0.675758957862854,1020.0,720.0,1.104037880897522,0.09581136703491211,-0.00020003318786621094,0.198372945189476,0.4590628743171692,0.198372945189476,0.4476591944694519,0.0,0.0,0.0,0.0
68#11,PC_OFF,slow_2Hz,normal,logit,0.675769567489624,0.675769567489624,766.6666666666667,466.66666666666674,1.1041009426116943,0.09582197666168213,-0.00013697147369384766,0.198372945189476,0.45924144983291626,0.198372945189476,0.4457645118236542,0.0,0.0,0.0,0.0
68#11,PC_OFF,rapid_10Hz,normal,logit,0.5953375101089478,0.5953375101089478,433.33333333333337,133.33333333333337,1.1042537689208984,0.01538991928100586,1.5854835510253906e-05,0.198372945189476,0.3752843141555786,0.198372945189476,0.5121868252754211,0.0,0.0,0.0,0.0
68#11,PC_OFF,rapid_20Hz,normal,logit,0.5696907043457031,0.5696907043457031,380.0,80.0,1.104246973991394,-0.01025688648223877,9.059906005859375e-06,0.19922710955142975,0.3536551892757416,0.19922710955142975,0.4580004811286926,0.0,0.0,0.0,0.0
68#11,PC_OFF,transient_50ms,normal,logit,0.6304060220718384,0.6304060220718384,1380.0,1080.0,1.1042248010635376,0.050458431243896484,-1.3113021850585938e-05,0.198372945189476,0.3449656367301941,0.198372945189476,0.5035629868507385,0.0,0.0,0.0,0.0
68#11,PC_OFF,large_field_50ms,normal,logit,0.5062292814254761,0.5062292814254761,360.0,60.0,0.0,-0.058028459548950195,3.1789144649962964e-09,0.1982821226119995,0.30210453271865845,0.1982821226119995,0.30210453271865845,0.0,0.0,0.0,0.0
68#11,PC_OFF,slow_step,normal,probability,0.10659107565879822,0.10659107565879822,1520.0,1220.0,0.16868853569030762,0.017757579684257507,0.0010908246040344238,0.02844471111893654,0.06973206996917725,0.02844471111893654,0.06577663123607635,0.0,0.0,0.0,0.0
68#11,PC_OFF,slow_1Hz,normal,probability,0.10659116506576538,0.10659116506576538,1020.0,720.0,0.16860343515872955,0.01775766909122467,0.0010057240724563599,0.02844471111893654,0.06973357498645782,0.02844471111893654,0.06577768176794052,0.0,0.0,0.0,0.0
68#11,PC_OFF,slow_2Hz,normal,probability,0.10659319162368774,0.10659319162368774,766.6666666666667,466.66666666666674,0.1684298813343048,0.017759695649147034,0.0008321702480316162,0.02844471111893654,0.06976441293954849,0.02844471111893654,0.0654517188668251,0.0,0.0,0.0,0.0
68#11,PC_OFF,rapid_10Hz,normal,probability,0.09162741899490356,0.09162741899490356,433.33333333333337,133.33333333333337,0.16752669215202332,0.002793923020362854,-7.101893424987793e-05,0.02844471111893654,0.05527923256158829,0.02844471111893654,0.07680457085371017,0.0,0.0,0.0,0.0
68#11,PC_OFF,rapid_20Hz,normal,probability,0.08698394894599915,0.08698394894599915,380.0,80.0,0.16753143072128296,-0.001849547028541565,-6.628036499023438e-05,0.028590241447091103,0.052002206444740295,0.028590241447091103,0.06806835532188416,0.0,0.0,0.0,0.0
68#11,PC_OFF,transient_50ms,normal,probability,0.0980776697397232,0.0980776697397232,1380.0,1080.0,0.16762451827526093,0.009244173765182495,2.6807188987731934e-05,0.02844471111893654,0.05083426833152771,0.02844471111893654,0.07530127465724945,0.0,0.0,0.0,0.0
68#11,PC_OFF,large_field_50ms,normal,probability,0.0757637619972229,0.0757637619972229,360.0,60.0,0.000871653959620744,-0.010244563221931458,-0.0002058164100162685,0.028429612517356873,0.0438818596303463,0.028429612517356873,0.0438818596303463,0.0,0.0,0.0,0.0
68#11,PC_OFF,slow_step,H1_off,logit,0.675368070602417,0.675368070602417,1520.0,1220.0,1.1045929193496704,0.09515595436096191,-0.0002288818359375,0.19847238063812256,0.4587090015411377,0.19847238063812256,0.4484848976135254,0.0006616258760914207,0.0010099411010742188,0.0010099411010742188,0.0005870707682333887
68#11,PC_OFF,slow_1Hz,H1_off,logit,0.6753685474395752,0.6753685474395752,1020.0,720.0,1.104624629020691,0.09515643119812012,-0.0001971721649169922,0.19847238063812256,0.4587176740169525,0.19847238063812256,0.44849127531051636,0.0006493651890195906,0.0010262727737426758,0.0010262727737426758,0.000586793408729136
68#11,PC_OFF,slow_2Hz,H1_off,logit,0.675378680229187,0.675378680229187,766.6666666666667,466.66666666666674,1.1046870946884155,0.09516656398773193,-0.0001347064971923828,0.19847238063812256,0.4588944911956787,0.19847238063812256,0.44661638140678406,0.0006235468317754567,0.001026153564453125,0.001026153564453125,0.0005861790850758553
68#11,PC_OFF,rapid_10Hz,H1_off,logit,0.5952484607696533,0.5952484607696533,433.33333333333337,133.33333333333337,1.1048378944396973,0.015036344528198242,1.609325408935547e-05,0.19847238063812256,0.3752402067184448,0.19847238063812256,0.5128515362739563,0.0003342016425449401,0.0007944107055664062,0.0007944107055664062,0.0005841366364620626
68#11,PC_OFF,rapid_20Hz,H1_off,logit,0.5699194669723511,0.5699194669723511,380.0,80.0,1.1048310995101929,-0.010292649269104004,9.298324584960938e-06,0.19932468235492706,0.3538523316383362,0.19932468235492706,0.45828139781951904,0.00028794369427487254,0.00043523311614990234,0.00043523311614990234,0.000584069115575403
68#11,PC_OFF,transient_50ms,H1_off,logit,0.6301370859146118,0.6301370859146118,1380.0,1080.0,1.104809045791626,0.04992496967315674,-1.2755393981933594e-05,0.19847238063812256,0.3452288806438446,0.19847238063812256,0.5042881369590759,0.0002938604447990656,0.0008270740509033203,0.0008270740509033203,0.0005842852988280356
68#11,PC_OFF,large_field_50ms,H1_off,logit,0.5074471235275269,0.5074471235275269,360.0,60.0,-2.38418573772492e-09,-0.05700182914733887,-1.5894571214758457e-09,0.19847238063812256,0.30343011021614075,0.19847238063812256,0.30343011021614075,9.801665873965248e-05,-0.0015227794647216797,0.0015227794647216797,-2.38418573772492e-09
68#11,PC_OFF,slow_step,H1_off,probability,0.10651698708534241,0.10651698708534241,1520.0,1220.0,0.1687782257795334,0.01763567328453064,0.0010766983032226562,0.028461234644055367,0.06967270374298096,0.028461234644055367,0.06591612100601196,0.00011440897651482373,0.00016964972019195557,0.00016964972019195557,8.969287591753528e-05
68#11,PC_OFF,slow_1Hz,H1_off,probability,0.10651707649230957,0.10651707649230957,1020.0,720.0,0.16869387030601501,0.017635762691497803,0.0009923428297042847,0.028461234644055367,0.06967420876026154,0.028461234644055367,0.06591717898845673,0.00011239931336604059,0.00017179548740386963,0.00017179548740386963,9.043604222824797e-05
68#11,PC_OFF,slow_2Hz,H1_off,probability,0.10651898384094238,0.10651898384094238,766.6666666666667,466.66666666666674,0.16852182149887085,0.017637670040130615,0.0008202940225601196,0.028461234644055367,0.06970474123954773,0.028461234644055367,0.06559451669454575,0.00010815302812261507,0.00017179548740386963,0.00017179548740386963,9.195407619699836e-05
68#11,PC_OFF,rapid_10Hz,H1_off,probability,0.09161119163036346,0.09161119163036346,433.33333333333337,133.33333333333337,0.16762961447238922,0.0027298778295516968,-7.191300392150879e-05,0.028461234644055367,0.055274687707424164,0.028461234644055367,0.07692045718431473,5.888819578103721e-05,0.00013825297355651855,0.00013825297355651855,0.00010291288344888017
68#11,PC_OFF,rapid_20Hz,H1_off,probability,0.08702507615089417,0.08702507615089417,380.0,80.0,0.1676354557275772,-0.0018562376499176025,-6.607174873352051e-05,0.028606479987502098,0.052036333829164505,0.028606479987502098,0.06811707466840744,5.124350354890339e-05,7.60108232498169e-05,7.60108232498169e-05,0.00010401278996141627
68#11,PC_OFF,transient_50ms,H1_off,probability,0.09802773594856262,0.09802773594856262,1380.0,1080.0,0.16772794723510742,0.009146422147750854,2.6419758796691895e-05,0.028461234644055367,0.050876643508672714,0.028461234644055367,0.0754271149635315,5.225479617365636e-05,0.0001433640718460083,0.0001433640718460083,0.00010342022142140195
68#11,PC_OFF,large_field_50ms,H1_off,probability,0.0759754627943039,0.0759754627943039,360.0,60.0,0.0008754405425861478,-0.010067135095596313,-0.00020278326701372862,0.028461234644055367,0.044085543602705,0.028461234644055367,0.044085543602705,1.2501850505941547e-05,0.00023925304412841797,0.00023925304412841797,3.786534080063575e-06
68#11,PC_OFF,slow_step,AC_off,logit,0.7304555177688599,0.7304555177688599,413.33333333333337,113.33333333333337,1.4560940265655518,-0.0009970664978027344,5.960464477539062e-07,0.22157149016857147,0.5087943077087402,0.22157149016857147,0.7269753813743591,0.17416153848171234,0.2988317012786865,0.2988317012786865,0.35208800435066223
68#11,PC_OFF,slow_1Hz,AC_off,logit,0.7304555177688599,0.7304555177688599,413.33333333333337,113.33333333333337,1.4560940265655518,-0.0009970664978027344,5.960464477539062e-07,0.22157149016857147,0.508794367313385,0.22157149016857147,0.7269921898841858,0.17414608597755432,0.2988317012786865,0.2988317012786865,0.3520561158657074
68#11,PC_OFF,slow_2Hz,AC_off,logit,0.7304555177688599,0.7304555177688599,413.33333333333337,113.33333333333337,1.4560939073562622,-0.0009970664978027344,4.76837158203125e-07,0.22157149016857147,0.5087953209877014,0.22157149016857147,0.7273536920547485,0.17412425577640533,0.2988317012786865,0.2988317012786865,0.3519929051399231
68#11,PC_OFF,rapid_10Hz,AC_off,logit,0.7315746545791626,0.7315746545791626,413.33333333333337,113.33333333333337,1.4560935497283936,0.0001220703125,1.1920928955078125e-07,0.22157149016857147,0.5080618858337402,0.22157149016857147,0.6805925369262695,0.17155088484287262,0.21515107154846191,0.21515107154846191,0.3518397808074951
68#11,PC_OFF,rapid_20Hz,AC_off,logit,0.7313481569290161,0.7313481569290161,413.33333333333337,113.33333333333337,1.456093430519104,-0.00010442733764648438,0.0,0.22157341241836548,0.5078336000442505,0.22157341241836548,0.535549521446228,0.1705116480588913,0.18298876285552979,0.18298876285552979,0.35184648633003235
68#11,PC_OFF,transient_50ms,AC_off,logit,0.7310150861740112,0.7310150861740112,413.33333333333337,113.33333333333337,1.4560933113098145,-0.0004374980926513672,-1.1920928955078125e-07,0.22157149016857147,0.5077623128890991,0.22157149016857147,0.6805280447006226,0.16977308690547943,0.22283053398132324,0.22283053398132324,0.35186854004859924
68#11,PC_OFF,large_field_50ms,AC_off,logit,0.6447893381118774,0.6447893381118774,360.0,60.0,-1.5894572324981482e-09,-0.0011870861053466797,1.5894572324981482e-09,0.2214728146791458,0.46714550256729126,0.2214728146791458,0.46714550256729126,0.015043131075799465,0.19030487537384033,0.19030487537384033,-1.5894572324981482e-09
68#11,PC_OFF,slow_step,AC_off,probability,0.11711317300796509,0.11711317300796509,413.33333333333337,113.33333333333337,0.2328214794397354,-0.00019437074661254883,-2.3692846298217773e-06,0.03232857584953308,0.07835515588521957,0.03232857584953308,0.11643551290035248,0.031764086335897446,0.053967252373695374,0.053967252373695374,0.06413295120000839
68#11,PC_OFF,slow_1Hz,AC_off,probability,0.11711317300796509,0.11711317300796509,413.33333333333337,113.33333333333337,0.2328214794397354,-0.00019437074661254883,-2.3692846298217773e-06,0.03232857584953308,0.07835517823696136,0.03232857584953308,0.11643877625465393,0.03180670738220215,0.053967252373695374,0.053967252373695374,0.06421804428100586
68#11,PC_OFF,slow_2Hz,AC_off,probability,0.11711317300796509,0.11711317300796509,413.33333333333337,113.33333333333337,0.23282146453857422,-0.00019437074661254883,-2.384185791015625e-06,0.03232857584953308,0.0783553496003151,0.03232857584953308,0.11650913208723068,0.031894929707050323,0.053967252373695374,0.053967252373695374,0.06439156830310822
68#11,PC_OFF,rapid_10Hz,AC_off,probability,0.11733132600784302,0.11733132600784302,413.33333333333337,113.33333333333337,0.23282240331172943,2.378225326538086e-05,-1.4454126358032227e-06,0.03232857584953308,0.07822240889072418,0.03232857584953308,0.10757603496313095,0.031928323209285736,0.0397367924451828,0.0397367924451828,0.06529568880796432
68#11,PC_OFF,rapid_20Hz,AC_off,probability,0.11728718876838684,0.11728718876838684,413.33333333333337,113.33333333333337,0.23282313346862793,-2.03549861907959e-05,-7.152557373046875e-07,0.03232891857624054,0.07818373292684555,0.03232891857624054,0.08193185925483704,0.031779855489730835,0.034065961837768555,0.034065961837768555,0.06529171019792557
68#11,PC_OFF,transient_50ms,AC_off,probability,0.11722224950790405,0.11722224950790405,413.33333333333337,113.33333333333337,0.23282399773597717,-8.529424667358398e-05,1.4901161193847656e-07,0.03232857584953308,0.07817395031452179,0.03232857584953308,0.1075635477900505,0.03163767233490944,0.041085585951805115,0.041085585951805115,0.06519945710897446
68#11,PC_OFF,large_field_50ms,AC_off,probability,0.10075677931308746,0.10075677931308746,360.0,60.0,0.0014655084814876318,-0.0002219676971435547,-6.501795724034309e-06,0.0323115736246109,0.07029803097248077,0.0323115736246109,0.07029803097248077,0.0019197677029296756,0.030065685510635376,0.030065685510635376,0.0005938544636592269
69#3,PC_OFF,slow_step,normal,logit,0.5224651098251343,0.5224651098251343,1513.3333333333335,1213.3333333333335,0.6161823272705078,0.15383285284042358,-0.0008094906806945801,0.09502647817134857,0.36341655254364014,0.09502647817134857,0.15833747386932373,0.0,0.0,0.0,0.0
69#3,PC_OFF,slow_1Hz,normal,logit,0.5224649310112,0.5224649310112,1013.3333333333334,713.3333333333334,0.6162763833999634,0.15383267402648926,-0.0007154345512390137,0.09502647817134857,0.3634297251701355,0.09502647817134857,0.1583356410264969,0.0,0.0,0.0,0.0
69#3,PC_OFF,slow_2Hz,normal,logit,0.5224603414535522,0.5224603414535522,760.0,460.0,0.6164630651473999,0.15382808446884155,-0.0005287528038024902,0.09502647817134857,0.3636934459209442,0.09502647817134857,0.15393255650997162,0.0,0.0,0.0,0.0
69#3,PC_OFF,rapid_10Hz,normal,logit,0.40144994854927063,0.40144994854927063,420.0,120.0,0.6169897317886353,0.032817691564559937,-2.086162567138672e-06,0.09502647817134857,0.2622511386871338,0.09502647817134857,0.2574525475502014,0.0,0.0,0.0,0.0
69#3,PC_OFF,rapid_20Hz,normal,logit,0.35963454842567444,0.35963454842567444,373.33333333333337,73.33333333333337,0.6169978976249695,-0.008997708559036255,6.079673767089844e-06,0.10011589527130127,0.2077520489692688,0.10011589527130127,0.2694772183895111,0.0,0.0,0.0,0.0
69#3,PC_OFF,transient_50ms,normal,logit,0.45270243287086487,0.45270243287086487,1373.3333333333335,1073.3333333333335,0.6169702410697937,0.08407017588615417,-2.1576881408691406e-05,0.09502647817134857,0.18159666657447815,0.09502647817134857,0.2275332659482956,0.0,0.0,0.0,0.0
69#3,PC_OFF,large_field_50ms,normal,logit,0.2273770272731781,0.2273770272731781,346.6666666666667,46.666666666666686,1.9868215406226852e-10,-0.14247071743011475,7.947285884934985e-10,0.08942694962024689,0.09406546503305435,0.08942694962024689,0.09406546503305435,0.0,0.0,0.0,0.0
69#3,PC_OFF,slow_step,normal,probability,0.12348631024360657,0.12348631024360657,1513.3333333333335,1213.3333333333335,0.14427554607391357,0.037744730710983276,0.0017648637294769287,0.02161601558327675,0.0850951075553894,0.02161601558327675,0.035953912883996964,0.0,0.0,0.0,0.0
69#3,PC_OFF,slow_1Hz,normal,probability,0.12348631024360657,0.12348631024360657,1013.3333333333334,713.3333333333334,0.1441669464111328,0.037744730710983276,0.001656264066696167,0.02161601558327675,0.08509829640388489,0.02161601558327675,0.03595348075032234,0.0,0.0,0.0,0.0
69#3,PC_OFF,slow_2Hz,normal,probability,0.12348511815071106,0.12348511815071106,760.0,460.0,0.14394479990005493,0.03774353861808777,0.0014341175556182861,0.02161601558327675,0.08516216278076172,0.02161601558327675,0.0349036380648613,0.0,0.0,0.0,0.0
69#3,PC_OFF,rapid_10Hz,normal,probability,0.09372493624687195,0.09372493624687195,420.0,120.0,0.14260409772396088,0.007983356714248657,9.341537952423096e-05,0.02161601558327675,0.06060178950428963,0.02161601558327675,0.05907348915934563,0.0,0.0,0.0,0.0
69#3,PC_OFF,rapid_20Hz,normal,probability,0.08356046676635742,0.08356046676635742,373.33333333333337,73.33333333333337,0.14248430728912354,-0.002181112766265869,-2.637505531311035e-05,0.022821690887212753,0.04773032292723656,0.022821690887212753,0.06211944669485092,0.0,0.0,0.0,0.0
69#3,PC_OFF,transient_50ms,normal,probability,0.10627329349517822,0.10627329349517822,1373.3333333333335,1073.3333333333335,0.14254401624202728,0.02053171396255493,3.333389759063721e-05,0.02161601558327675,0.04176175221800804,0.02161601558327675,0.0519796721637249,0.0,0.0,0.0,0.0
69#3,PC_OFF,large_field_50ms,normal,probability,0.05194023251533508,0.05194023251533508,346.6666666666667,46.666666666666686,0.0001738224527798593,-0.03409624099731445,-0.00022104103118181229,0.020305085927248,0.02154379151761532,0.020305085927248,0.02154379151761532,0.0,0.0,0.0,0.0
69#3,PC_OFF,slow_step,H1_off,logit,0.5175190567970276,0.5175190567970276,1520.0,1220.0,0.6246683597564697,0.1413722038269043,-0.000732123851776123,0.10170962661504745,0.36115506291389465,0.10170962661504745,0.16238053143024445,0.009870149195194244,0.024933457374572754,0.024933457374572754,0.008485966362059116
69#3,PC_OFF,slow_1Hz,H1_off,logit,0.517518937587738,0.517518937587738,1020.0,720.0,0.6247568726539612,0.14137208461761475,-0.000643610954284668,0.10170962661504745,0.3611683249473572,0.10170962661504745,0.16237862408161163,0.010791032575070858,0.029737263917922974,0.029737263917922974,0.008480478078126907
69#3,PC_OFF,slow_2Hz,H1_off,logit,0.5175132751464844,0.5175132751464844,773.3333333333334,473.33333333333337,0.624932587146759,0.14136642217636108,-0.0004678964614868164,0.10170962661504745,0.36142903566360474,0.10170962661504745,0.15872372686862946,0.012612822465598583,0.029738306999206543,0.029738306999206543,0.008469494059681892
69#3,PC_OFF,rapid_10Hz,H1_off,logit,0.3844229280948639,0.3844229280948639,420.0,120.0,0.6254060864448547,0.0082760751247406,5.602836608886719e-06,0.10170962661504745,0.24993453919887543,0.10170962661504745,0.2721223533153534,0.01392198447138071,0.02541416883468628,0.02541416883468628,0.008416369557380676
69#3,PC_OFF,rapid_20Hz,H1_off,logit,0.36018607020378113,0.36018607020378113,366.6666666666667,66.66666666666669,0.6254076361656189,-0.015960782766342163,7.152557373046875e-06,0.10647155344486237,0.20600229501724243,0.10647155344486237,0.278456449508667,0.005773618817329407,0.018260478973388672,0.018260478973388672,0.008409751579165459
69#3,PC_OFF,transient_50ms,H1_off,logit,0.44208934903144836,0.44208934903144836,1373.3333333333335,1073.3333333333335,0.6253815293312073,0.06594249606132507,-1.895427703857422e-05,0.10170962661504745,0.1837950348854065,0.10170962661504745,0.24649691581726074,0.004778682254254818,0.024921655654907227,0.024921655654907227,0.00841132365167141
69#3,PC_OFF,large_field_50ms,H1_off,logit,0.26919955015182495,0.26919955015182495,353.33333333333337,53.33333333333337,3.9736430812453705e-10,-0.10818901658058167,3.9736430812453705e-10,0.10170962661504745,0.12370079010725021,0.10170962661504745,0.12370079010725021,0.0031092329882085323,0.045069217681884766,0.045069217681884766,1.9868215406226852e-10
69#3,PC_OFF,slow_step,H1_off,probability,0.122261643409729,0.122261643409729,1520.0,1220.0,0.1461075097322464,0.03469586372375488,0.0015738606452941895,0.023185867816209793,0.08452686667442322,0.023185867816209793,0.0368485301733017,0.0023074038326740265,0.005884110927581787,0.005884110927581787,0.0018319765804335475
69#3,PC_OFF,slow_1Hz,H1_off,probability,0.12226161360740662,0.12226161360740662,1020.0,720.0,0.14600101113319397,0.034695833921432495,0.0014673620462417603,0.023185867816209793,0.08453008532524109,0.023185867816209793,0.03684810549020767,0.0025315729435533285,0.007055461406707764,0.007055461406707764,0.0018340524984523654
69#3,PC_OFF,slow_2Hz,H1_off,probability,0.1222602128982544,0.1222602128982544,773.3333333333334,473.33333333333337,0.14578352868556976,0.03469443321228027,0.0012498795986175537,0.023185867816209793,0.08459319174289703,0.023185867816209793,0.03597906231880188,0.0029753081034868956,0.007055997848510742,0.007055997848510742,0.0018387307645753026
69#3,PC_OFF,rapid_10Hz,H1_off,probability,0.08957752585411072,0.08957752585411072,420.0,120.0,0.14455360174179077,0.0020117461681365967,1.9952654838562012e-05,0.023185867816209793,0.057662997394800186,0.023185867816209793,0.06254715472459793,0.003329219063743949,0.006001651287078857,0.006001651287078857,0.0019494877196848392
69#3,PC_OFF,rapid_20Hz,H1_off,probability,0.08369404077529907,0.08369404077529907,366.6666666666667,66.66666666666669,0.14449836313724518,-0.003871738910675049,-3.528594970703125e-05,0.024318445473909378,0.047352470457553864,0.024318445473909378,0.06424927711486816,0.001382747432217002,0.004358649253845215,0.004358649253845215,0.0020140681881457567
69#3,PC_OFF,transient_50ms,H1_off,probability,0.10366740822792053,0.10366740822792053,1373.3333333333335,1073.3333333333335,0.14456062018871307,0.01610162854194641,2.6971101760864258e-05,0.023185867816209793,0.04229184612631798,0.023185867816209793,0.05646013095974922,0.0011460380628705025,0.00590088963508606,0.00590088963508606,0.002016618615016341
69#3,PC_OFF,large_field_50ms,H1_off,probability,0.06184348464012146,0.06184348464012146,353.33333333333337,53.33333333333337,0.00024206221860367805,-0.0260239839553833,-0.00016873439017217606,0.023185867816209793,0.028429418802261353,0.023185867816209793,0.028429418802261353,0.0006823573494330049,0.01064920425415039,0.01064920425415039,6.823977309977636e-05
69#3,PC_OFF,slow_step,AC_off,logit,0.5810953974723816,0.5810953974723816,1433.3333333333335,1133.3333333333335,1.0881439447402954,0.03443390130996704,-2.2411346435546875e-05,0.14962920546531677,0.4181348979473114,0.14962920546531677,0.5210565328598022,0.23388323187828064,0.4135197401046753,0.4135197401046753,0.4719616770744324
69#3,PC_OFF,slow_1Hz,AC_off,logit,0.5810982584953308,0.5810982584953308,933.3333333333334,633.3333333333334,1.088146448135376,0.03443676233291626,-1.990795135498047e-05,0.14962920546531677,0.4181367754936218,0.14962920546531677,0.5210681557655334,0.2338380366563797,0.4135197401046753,0.4135197401046753,0.4718700647354126
69#3,PC_OFF,slow_2Hz,AC_off,logit,0.5811577439308167,0.5811577439308167,686.6666666666667,386.66666666666674,1.088151216506958,0.0344962477684021,-1.5139579772949219e-05,0.14962920546531677,0.41817808151245117,0.14962920546531677,0.5201641321182251,0.2337595820426941,0.4135197401046753,0.4135197401046753,0.47168824076652527
69#3,PC_OFF,rapid_10Hz,AC_off,logit,0.5727319121360779,0.5727319121360779,420.0,120.0,1.0881662368774414,0.02607041597366333,-1.1920928955078125e-07,0.14962920546531677,0.4089008569717407,0.14962920546531677,0.49957555532455444,0.2307833582162857,0.29444271326065063,0.29444271326065063,0.47117650508880615
69#3,PC_OFF,rapid_20Hz,AC_off,logit,0.5551184415817261,0.5551184415817261,420.0,120.0,1.0881669521331787,0.008456945419311523,5.960464477539062e-07,0.1502484232187271,0.39411598443984985,0.1502484232187271,0.39594215154647827,0.22922001779079437,0.25005701184272766,0.25005701184272766,0.47116899490356445
69#3,PC_OFF,transient_50ms,AC_off,logit,0.5754453539848328,0.5754453539848328,1366.6666666666667,1066.6666666666667,1.088160753250122,0.028783857822418213,-5.602836608886719e-06,0.14962920546531677,0.3881845474243164,0.14962920546531677,0.49319931864738464,0.228107750415802,0.2960786819458008,0.2960786819458008,0.47119054198265076
69#3,PC_OFF,large_field_50ms,AC_off,logit,0.4308430552482605,0.4308430552482605,360.0,60.0,-1.7881394143159923e-09,-0.06892704963684082,5.960463234089275e-10,0.14044682681560516,0.3105785846710205,0.14044682681560516,0.3105785846710205,0.018629929050803185,-0.2388438582420349,0.2388438582420349,-1.9868215961338365e-09
69#3,PC_OFF,slow_step,AC_off,probability,0.13804420828819275,0.13804420828819275,1433.3333333333335,1133.3333333333335,0.25758811831474304,0.008558481931686401,1.4543533325195312e-05,0.03454088419675827,0.09837111830711365,0.03454088419675827,0.12314054369926453,0.05616044998168945,0.09874013066291809,0.09874013066291809,0.11331260949373245
69#3,PC_OFF,slow_1Hz,AC_off,probability,0.13804495334625244,0.13804495334625244,933.3333333333334,633.3333333333334,0.25758758187294006,0.008559226989746094,1.4007091522216797e-05,0.03454088419675827,0.09837158024311066,0.03454088419675827,0.12314340472221375,0.056214626878499985,0.09874013066291809,0.09874013066291809,0.11342068016529083
69#3,PC_OFF,slow_2Hz,AC_off,probability,0.13805976510047913,0.13805976510047913,686.6666666666667,386.66666666666674,0.2575864791870117,0.008574038743972778,1.290440559387207e-05,0.03454088419675827,0.0983816459774971,0.03454088419675827,0.12291886657476425,0.05632798373699188,0.09874013066291809,0.09874013066291809,0.1136416494846344
69#3,PC_OFF,rapid_10Hz,AC_off,probability,0.13596349954605103,0.13596349954605103,420.0,120.0,0.25757354497909546,0.006477773189544678,-2.9802322387695312e-08,0.03454088419675827,0.09608893096446991,0.03454088419675827,0.11783821135759354,0.056339964270591736,0.07136666774749756,0.07136666774749756,0.11496943235397339
69#3,PC_OFF,rapid_20Hz,AC_off,probability,0.13158553838729858,0.13158553838729858,420.0,120.0,0.2575704753398895,0.0020998120307922363,-3.0994415283203125e-06,0.03469187766313553,0.0924605131149292,0.03469187766313553,0.09272868931293488,0.05604209378361702,0.06100162863731384,0.06100162863731384,0.1150861606001854
69#3,PC_OFF,transient_50ms,AC_off,probability,0.13663843274116516,0.13663843274116516,1366.6666666666667,1066.6666666666667,0.257576584815979,0.0071527063846588135,3.0100345611572266e-06,0.03454088419675827,0.0910540223121643,0.03454088419675827,0.11625862121582031,0.055766861885786057,0.07183215022087097,0.07183215022087097,0.11503256857395172
69#3,PC_OFF,large_field_50ms,AC_off,probability,0.10091012716293335,0.10091012716293335,360.0,60.0,0.0005497938254848123,-0.016961753368377686,-0.00019449269166216254,0.032337937504053116,0.07208875566720963,0.032337937504053116,0.07208875566720963,0.004080240149050951,0.05640247464179993,0.05640247464179993,0.0003759714018087834
69#4,MC_ON,slow_step,normal,logit,0.468963623046875,0.468963623046875,1473.3333333333335,1173.3333333333335,0.3691626191139221,0.17550909519195557,-0.0012850165367126465,0.12139323353767395,0.2715197801589966,0.12139323353767395,-0.02305123209953308,0.0,0.0,0.0,0.0
69#4,MC_ON,slow_1Hz,normal,logit,0.46896255016326904,0.46896255016326904,973.3333333333334,673.3333333333334,0.3692800998687744,0.1755080223083496,-0.0011675357818603516,0.12139323353767395,0.27153655886650085,0.12139323353767395,-0.02305831015110016,0.0,0.0,0.0,0.0
69#4,MC_ON,slow_2Hz,normal,logit,0.46893179416656494,0.46893179416656494,720.0,420.0,0.3695162236690521,0.1754772663116455,-0.0009314119815826416,0.12139323353767395,0.27189284563064575,0.12139323353767395,-0.029939839616417885,0.0,0.0,0.0,0.0
69#4,MC_ON,rapid_10Hz,normal,logit,0.3271545171737671,0.3271545171737671,420.0,120.0,0.37042269110679626,0.033699989318847656,-2.4944543838500977e-05,0.12139323353767395,0.14484013617038727,0.12139323353767395,0.08497916162014008,0.0,0.0,0.0,0.0
69#4,MC_ON,rapid_20Hz,normal,logit,0.2284080982208252,0.2284080982208252,373.33333333333337,73.33333333333337,0.37045398354530334,-0.06504642963409424,6.3478946685791016e-06,0.12518681585788727,0.059034332633018494,0.12518681585788727,0.20842279493808746,0.0,0.0,0.0,0.0
69#4,MC_ON,transient_50ms,normal,logit,0.39322853088378906,0.39322853088378906,1373.3333333333335,1073.3333333333335,0.3704223036766052,0.09977400302886963,-2.5331974029541016e-05,0.12139323353767395,0.026105433702468872,0.12139323353767395,0.050473570823669434,0.0,0.0,0.0,0.0
69#4,MC_ON,large_field_50ms,normal,logit,-0.25888192653656006,0.25888192653656006,386.6666666666667,86.66666666666669,2.38418573772492e-09,-0.5523364543914795,2.38418573772492e-09,0.11974908411502838,-0.11785655468702316,0.11974908411502838,-0.11785655468702316,0.0,0.0,0.0,0.0
69#4,MC_ON,slow_step,normal,probability,0.08407379686832428,0.08407379686832428,1473.3333333333335,1173.3333333333335,0.06833034008741379,0.033898770809173584,0.0067973509430885315,0.020115572959184647,0.04734064266085625,0.020115572959184647,-0.0032226555049419403,0.0,0.0,0.0,0.0
69#4,MC_ON,slow_1Hz,normal,probability,0.08407358825206757,0.08407358825206757,973.3333333333334,673.3333333333334,0.06795714795589447,0.03389856219291687,0.006424158811569214,0.020115572959184647,0.04734376072883606,0.020115572959184647,-0.0032237395644187927,0.0,0.0,0.0,0.0
69#4,MC_ON,slow_2Hz,normal,probability,0.08406741917133331,0.08406741917133331,720.0,420.0,0.06719457358121872,0.03389239311218262,0.005661584436893463,0.020115572959184647,0.04740990325808525,0.020115572959184647,-0.004377773962914944,0.0,0.0,0.0,0.0
69#4,MC_ON,rapid_10Hz,normal,probability,0.05646289885044098,0.05646289885044098,420.0,120.0,0.06225312873721123,0.006287872791290283,0.0007201395928859711,0.020115572959184647,0.02411748841404915,0.020115572959184647,0.013754235580563545,0.0,0.0,0.0,0.0
69#4,MC_ON,rapid_20Hz,normal,probability,0.038341984152793884,0.038341984152793884,373.33333333333337,73.33333333333337,0.0614890418946743,-0.011833041906356812,-4.39472496509552e-05,0.020777923986315727,0.009760865941643715,0.020777923986315727,0.03479534387588501,0.0,0.0,0.0,0.0
69#4,MC_ON,transient_50ms,normal,probability,0.06909875571727753,0.06909875571727753,1373.3333333333335,1073.3333333333335,0.06166483834385872,0.01892372965812683,0.00013184919953346252,0.020115572959184647,0.004830218851566315,0.020115572959184647,0.00809838529676199,0.0,0.0,0.0,0.0
69#4,MC_ON,large_field_50ms,normal,probability,0.04383566975593567,0.04383566975593567,1386.6666666666667,1086.6666666666667,0.00032248726347461343,-0.006339356303215027,-1.8727732822299004e-06,0.019828760996460915,-0.016922559589147568,0.019828760996460915,-0.016922559589147568,0.0,0.0,0.0,0.0
69#4,MC_ON,slow_step,H1_off,logit,0.4693969488143921,0.4693969488143921,1500.0,1200.0,0.3671417832374573,0.1737598180770874,-0.0012870728969573975,0.12310115993022919,0.27236855030059814,0.12310115993022919,-0.027634888887405396,0.002544846385717392,-0.01602041721343994,0.01602041721343994,-0.002020857762545347
69#4,MC_ON,slow_1Hz,H1_off,logit,0.46939611434936523,0.46939611434936523,1000.0,700.0,0.36726394295692444,0.17375898361206055,-0.0011649131774902344,0.12310115993022919,0.2723861038684845,0.12310115993022919,-0.02764269709587097,0.00323641300201416,-0.016020774841308594,0.016020774841308594,-0.002016158541664481
69#4,MC_ON,slow_2Hz,H1_off,logit,0.46937859058380127,0.46937859058380127,753.3333333333334,453.33333333333337,0.36750897765159607,0.17374145984649658,-0.0009198784828186035,0.12310115993022919,0.2727431058883667,0.12310115993022919,-0.034218497574329376,0.004616598132997751,-0.01585078239440918,0.01585078239440918,-0.0020072103943675756
69#4,MC_ON,rapid_10Hz,H1_off,logit,0.31717681884765625,0.31717681884765625,420.0,120.0,0.3684106171131134,0.021539688110351562,-1.823902130126953e-05,0.12310115993022919,0.13604824244976044,0.12310115993022919,0.09537376463413239,0.00648394925519824,0.01352834701538086,0.01352834701538086,-0.0020121296402066946
69#4,MC_ON,rapid_20Hz,H1_off,logit,0.23334205150604248,0.23334205150604248,373.33333333333337,73.33333333333337,0.3684355616569519,-0.06229507923126221,6.705522537231445e-06,0.12689003348350525,0.05629788339138031,0.12689003348350525,0.21441689133644104,0.0022550304420292377,0.010634779930114746,0.010634779930114746,-0.0020184072200208902
69#4,MC_ON,transient_50ms,H1_off,logit,0.3858848810195923,0.3858848810195923,1373.3333333333335,1073.3333333333335,0.3684052526950836,0.0902477502822876,-2.3603439331054688e-05,0.12310115993022919,0.024227723479270935,0.12310115993022919,0.061558742076158524,0.0015762662515044212,0.013528704643249512,0.013528704643249512,-0.0020170656498521566
69#4,MC_ON,large_field_50ms,H1_off,logit,-0.24806320667266846,0.24806320667266846,386.6666666666667,86.66666666666669,7.947286162490741e-10,-0.5437003374099731,7.947286162490741e-10,0.12310115993022919,-0.10034085810184479,0.12310115993022919,-0.10034085810184479,0.002790909493342042,-0.026738762855529785,0.026738762855529785,-1.5894572324981482e-09
69#4,MC_ON,slow_step,H1_off,probability,0.08416099846363068,0.08416099846363068,1500.0,1200.0,0.06803756952285767,0.03358195722103119,0.0068421512842178345,0.020414408296346664,0.04749622195959091,0.020414408296346664,-0.0039518289268016815,0.00042067005415447056,-0.002984464168548584,0.002984464168548584,-0.0002927759487647563
69#4,MC_ON,slow_1Hz,H1_off,probability,0.08416078984737396,0.08416078984737396,1000.0,700.0,0.06762516498565674,0.033581748604774475,0.006429746747016907,0.020414408296346664,0.04749949276447296,0.020414408296346664,-0.0039530228823423386,0.0005467288428917527,-0.002984553575515747,0.002984553575515747,-0.0003319896350149065
69#4,MC_ON,slow_2Hz,H1_off,probability,0.08415727317333221,0.08415727317333221,753.3333333333334,453.33333333333337,0.06678420305252075,0.03357823193073273,0.00558878481388092,0.020414408296346664,0.047565706074237823,0.020414408296346664,-0.005050531588494778,0.0007981153321452439,-0.0029816776514053345,0.0029816776514053345,-0.0004103568207938224
69#4,MC_ON,rapid_10Hz,H1_off,probability,0.054590120911598206,0.054590120911598206,420.0,120.0,0.06178243085741997,0.004011079668998718,0.0005870126187801361,0.020414408296346664,0.022626535966992378,0.020414408296346664,0.015464295633137226,0.0011372390436008573,0.0021888762712478638,0.0021888762712478638,-0.00047069668653421104
69#4,MC_ON,rapid_20Hz,H1_off,probability,0.03922545909881592,0.03922545909881592,373.33333333333337,73.33333333333337,0.061145734041929245,-0.01135358214378357,-4.968419671058655e-05,0.021078582853078842,0.009347647428512573,0.021078582853078842,0.03585683926939964,0.00039482489228248596,0.0018824338912963867,0.0018824338912963867,-0.0003433137317188084
69#4,MC_ON,transient_50ms,H1_off,probability,0.0676744133234024,0.0676744133234024,1373.3333333333335,1073.3333333333335,0.06131507456302643,0.017095372080802917,0.00011965632438659668,0.020414408296346664,0.004541868343949318,0.020414408296346664,0.009896935895085335,0.0002748995611909777,0.0021835267543792725,0.0021835267543792725,-0.0003497502184472978
69#4,MC_ON,large_field_50ms,H1_off,probability,0.0418751984834671,0.0418751984834671,1386.6666666666667,1086.6666666666667,0.00034059039899148047,-0.008703842759132385,6.9765374064445496e-06,0.020414408296346664,-0.014286582358181477,0.020414408296346664,-0.014286582358181477,0.00043805400491692126,0.004400193691253662,0.004400193691253662,1.8103122783941217e-05
69#4,MC_ON,slow_step,AC_off,logit,0.527151346206665,0.527151346206665,1513.3333333333335,1213.3333333333335,1.0137357711791992,0.016430020332336426,-1.1920928955078125e-07,0.20301027595996857,0.3230395019054413,0.20301027595996857,0.4884915351867676,0.3205398917198181,0.5864787101745605,0.5864787101745605,0.6445731520652771
69#4,MC_ON,slow_1Hz,AC_off,logit,0.5271522998809814,0.5271522998809814,1013.3333333333334,713.3333333333334,1.013736605644226,0.016430974006652832,7.152557373046875e-07,0.20301027595996857,0.3230409622192383,0.20301027595996857,0.488501638174057,0.32048237323760986,0.5864787101745605,0.5864787101745605,0.6444566249847412
69#4,MC_ON,slow_2Hz,AC_off,logit,0.5271731615066528,0.5271731615066528,753.3333333333334,453.33333333333337,1.0137382745742798,0.01645183563232422,2.384185791015625e-06,0.20301027595996857,0.32307112216949463,0.20301027595996857,0.48833736777305603,0.32038283348083496,0.5864787101745605,0.5864787101745605,0.6442220211029053
69#4,MC_ON,rapid_10Hz,AC_off,logit,0.5188270807266235,0.5188270807266235,433.33333333333337,133.33333333333337,1.0137385129928589,0.008105754852294922,2.6226043701171875e-06,0.20301027595996857,0.3098348379135132,0.20301027595996857,0.47315946221351624,0.31677791476249695,0.45221853256225586,0.45221853256225586,0.643315851688385
69#4,MC_ON,rapid_20Hz,AC_off,logit,0.5117624402046204,0.5117624402046204,433.33333333333337,133.33333333333337,1.0137372016906738,0.001041114330291748,1.3113021850585938e-06,0.20301485061645508,0.30474406480789185,0.20301485061645508,0.41205742955207825,0.31408196687698364,0.3540859818458557,0.3540859818458557,0.6432833075523376
69#4,MC_ON,transient_50ms,AC_off,logit,0.5213823318481445,0.5213823318481445,1380.0,1080.0,1.0137343406677246,0.010661005973815918,-1.5497207641601562e-06,0.20301027595996857,0.3036879897117615,0.20301027595996857,0.4723683297634125,0.31247466802597046,0.4614602327346802,0.4614602327346802,0.6433118581771851
69#4,MC_ON,large_field_50ms,AC_off,logit,-0.4337345361709595,0.4337345361709595,1353.3333333333335,1053.3333333333335,-1.19209286886246e-09,-0.8894761800765991,3.973643636356883e-10,0.20100314915180206,0.24608221650123596,0.20100314915180206,0.24608221650123596,0.027007130905985832,0.4148362874984741,0.4148362874984741,-3.5762788286319847e-09
69#4,MC_ON,slow_step,AC_off,probability,0.09592647850513458,0.09592647850513458,1513.3333333333335,1213.3333333333335,0.18331211805343628,0.0033767521381378174,-1.2814998626708984e-06,0.035144608467817307,0.057003121823072433,0.035144608467817307,0.08801890909671783,0.05717369168996811,0.10288970172405243,0.10288970172405243,0.1149817556142807
69#4,MC_ON,slow_1Hz,AC_off,probability,0.09592665731906891,0.09592665731906891,1013.3333333333334,713.3333333333334,0.18331024050712585,0.0033769309520721436,-3.159046173095703e-06,0.035144608467817307,0.057003386318683624,0.035144608467817307,0.08802095055580139,0.0573594905436039,0.10288970172405243,0.10288970172405243,0.11535309255123138
69#4,MC_ON,slow_2Hz,AC_off,probability,0.09593097865581512,0.09593097865581512,753.3333333333334,453.33333333333337,0.18330635130405426,0.0033812522888183594,-7.048249244689941e-06,0.035144608467817307,0.05700913071632385,0.035144608467817307,0.08798743784427643,0.05774187669157982,0.10288970172405243,0.10288970172405243,0.11611179262399673
69#4,MC_ON,rapid_10Hz,AC_off,probability,0.09421272575855255,0.09421272575855255,433.33333333333337,133.33333333333337,0.18329575657844543,0.0016629993915557861,-1.7642974853515625e-05,0.035144608467817307,0.05444522947072983,0.035144608467817307,0.08492797613143921,0.05963604524731636,0.08272908627986908,0.08272908627986908,0.12104262411594391
69#4,MC_ON,rapid_20Hz,AC_off,probability,0.09276299178600311,0.09276299178600311,433.33333333333337,133.33333333333337,0.18330354988574982,0.00021326541900634766,-9.8496675491333e-06,0.03514551371335983,0.053523994982242584,0.03514551371335983,0.07301266491413116,0.059581488370895386,0.06674244999885559,0.06674244999885559,0.12181450426578522
69#4,MC_ON,transient_50ms,AC_off,probability,0.09473814070224762,0.09473814070224762,1380.0,1080.0,0.1833152323961258,0.0021884143352508545,1.8328428268432617e-06,0.035144608467817307,0.05337429791688919,0.035144608467817307,0.08476737886667252,0.059254132211208344,0.0833415687084198,0.0833415687084198,0.12165040522813797
69#4,MC_ON,large_field_50ms,AC_off,probability,0.07704348862171173,0.07704348862171173,353.33333333333337,53.33333333333337,0.0007019877666607499,-0.004378706216812134,-9.425560710951686e-05,0.03475239872932434,0.042524490505456924,0.03475239872932434,0.042524490505456924,0.004241399932652712,0.06991979479789734,0.06991979479789734,0.0003795005031861365
69#6,MC_OFF,slow_step,normal,logit,0.32412755489349365,0.32412755489349365,1460.0,1160.0,0.3181701600551605,0.09494125843048096,-0.0004870891571044922,0.08135780692100525,0.19712886214256287,0.08135780692100525,0.03999391198158264,0.0,0.0,0.0,0.0
69#6,MC_OFF,slow_1Hz,normal,logit,0.32412707805633545,0.32412707805633545,960.0,660.0,0.3182194232940674,0.09494078159332275,-0.00043782591819763184,0.08135780692100525,0.19713813066482544,0.08135780692100525,0.03999137878417969,0.0,0.0,0.0,0.0
69#6,MC_OFF,slow_2Hz,normal,logit,0.3241136074066162,0.3241136074066162,713.3333333333334,413.33333333333337,0.31831759214401245,0.09492731094360352,-0.0003396570682525635,0.08135780692100525,0.19733311235904694,0.08135780692100525,0.03540527820587158,0.0,0.0,0.0,0.0
69#6,MC_OFF,rapid_10Hz,normal,logit,0.26247262954711914,0.26247262954711914,420.0,120.0,0.3186420202255249,0.033286333084106445,-1.5228986740112305e-05,0.08135780692100525,0.13713505864143372,0.08135780692100525,0.09081157296895981,0.0,0.0,0.0,0.0
69#6,MC_OFF,rapid_20Hz,normal,logit,0.1855790615081787,0.1855790615081787,426.6666666666667,126.66666666666669,0.31865987181663513,-0.043607234954833984,2.6226043701171875e-06,0.08316324651241302,0.07557868957519531,0.08316324651241302,0.16327080130577087,0.0,0.0,0.0,0.0
69#6,MC_OFF,transient_50ms,normal,logit,0.29114067554473877,0.29114067554473877,1373.3333333333335,1073.3333333333335,0.3186464011669159,0.061954379081726074,-1.0848045349121094e-05,0.08135780692100525,0.05540373921394348,0.08135780692100525,0.07042287290096283,0.0,0.0,0.0,0.0
69#6,MC_OFF,large_field_50ms,normal,logit,0.17303109169006348,0.17303109169006348,340.0,40.0,0.0,-0.05615520477294922,0.0,0.08036710321903229,-0.04159385710954666,0.08036710321903229,-0.04159385710954666,0.0,0.0,0.0,0.0
69#6,MC_OFF,slow_step,normal,probability,0.0571475476026535,0.0571475476026535,1460.0,1160.0,0.05601957440376282,0.017775118350982666,0.0022978782653808594,0.013666640967130661,0.0342918299138546,0.013666640967130661,0.0066512953490018845,0.0,0.0,0.0,0.0
69#6,MC_OFF,slow_1Hz,normal,probability,0.05714745819568634,0.05714745819568634,960.0,660.0,0.0559137687087059,0.017775028944015503,0.002192072570323944,0.013666640967130661,0.034293510019779205,0.013666640967130661,0.006650881841778755,0.0,0.0,0.0,0.0
69#6,MC_OFF,slow_2Hz,normal,probability,0.05714486539363861,0.05714486539363861,713.3333333333334,413.33333333333337,0.05569613724946976,0.017772436141967773,0.001974441111087799,0.013666640967130661,0.034328967332839966,0.013666640967130661,0.005858827847987413,0.0,0.0,0.0,0.0
69#6,MC_OFF,rapid_10Hz,normal,probability,0.04550801217556,0.04550801217556,420.0,120.0,0.054125912487506866,0.00613558292388916,0.00040421634912490845,0.013666640967130661,0.02332453243434429,0.013666640967130661,0.015036210417747498,0.0,0.0,0.0,0.0
69#6,MC_OFF,rapid_20Hz,normal,probability,0.031493380665779114,0.031493380665779114,426.6666666666667,126.66666666666669,0.05370746925473213,-0.007879048585891724,-1.422688364982605e-05,0.013984797522425652,0.012677708640694618,0.013984797522425652,0.027549846097826958,0.0,0.0,0.0,0.0
69#6,MC_OFF,transient_50ms,normal,probability,0.0508759468793869,0.0508759468793869,1373.3333333333335,1073.3333333333335,0.053773052990436554,0.011503517627716064,5.135685205459595e-05,0.013666640967130661,0.009522410109639168,0.013666640967130661,0.011587977409362793,0.0,0.0,0.0,0.0
69#6,MC_OFF,large_field_50ms,normal,probability,0.02925977110862732,0.02925977110862732,340.0,40.0,0.000135620532091707,-0.010112658143043518,-5.807916750200093e-05,0.013492640107870102,-0.006086330395191908,0.013492640107870102,-0.006086330395191908,0.0,0.0,0.0,0.0
69#6,MC_OFF,slow_step,H1_off,logit,0.32465553283691406,0.32465553283691406,1480.0,1180.0,0.3221757709980011,0.09216535091400146,-0.00047588348388671875,0.08239684998989105,0.19778798520565033,0.08239684998989105,0.04229961335659027,0.0025290644261986017,0.015674948692321777,0.015674948692321777,0.004005606286227703
69#6,MC_OFF,slow_1Hz,H1_off,logit,0.3246551752090454,0.3246551752090454,980.0,680.0,0.3222264349460602,0.09216499328613281,-0.0004252195358276367,0.08239684998989105,0.197797492146492,0.08239684998989105,0.042296797037124634,0.0030798669904470444,0.015932321548461914,0.015932321548461914,0.004007020033895969
69#6,MC_OFF,slow_2Hz,H1_off,logit,0.3246450424194336,0.3246450424194336,733.3333333333334,433.33333333333337,0.32232731580734253,0.092154860496521,-0.0003243386745452881,0.08239684998989105,0.19799692928791046,0.08239684998989105,0.03801727294921875,0.004160311538726091,0.015935540199279785,0.015935540199279785,0.004009687341749668
69#6,MC_OFF,rapid_10Hz,H1_off,logit,0.2530398368835449,0.2530398368835449,420.0,120.0,0.32264190912246704,0.020549654960632324,-9.745359420776367e-06,0.08239684998989105,0.13052307069301605,0.08239684998989105,0.10332179069519043,0.008059552870690823,0.015674591064453125,0.015674591064453125,0.003999846056103706
69#6,MC_OFF,rapid_20Hz,H1_off,logit,0.19271934032440186,0.19271934032440186,373.33333333333337,73.33333333333337,0.3226544260978699,-0.03977084159851074,2.771615982055664e-06,0.08420222997665405,0.07634009420871735,0.08420222997665405,0.17003759741783142,0.004142135847359896,0.014117717742919922,0.014117717742919922,0.0039945244789123535
69#6,MC_OFF,transient_50ms,H1_off,logit,0.28580760955810547,0.28580760955810547,1373.3333333333335,1073.3333333333335,0.32264161109924316,0.05331742763519287,-1.004338264465332e-05,0.08239684998989105,0.05687512457370758,0.08239684998989105,0.08329089730978012,0.0023541629780083895,0.015674710273742676,0.015674710273742676,0.003995196893811226
69#6,MC_OFF,large_field_50ms,H1_off,logit,0.17653262615203857,0.17653262615203857,340.0,40.0,0.0,-0.05595755577087402,0.0,0.08239684998989105,-0.019546151161193848,0.08239684998989105,-0.019546151161193848,0.0022954170126467943,0.02911221981048584,0.02911221981048584,0.0
69#6,MC_OFF,slow_step,H1_off,probability,0.05724875628948212,0.05724875628948212,1480.0,1180.0,0.05667145550251007,0.01727202534675598,0.002240169793367386,0.013849664479494095,0.034410510212183,0.013849664479494095,0.007021669298410416,0.0004240904236212373,0.002620995044708252,0.002620995044708252,0.0006518781301565468
69#6,MC_OFF,slow_1Hz,H1_off,probability,0.05724869668483734,0.05724869668483734,980.0,680.0,0.0565546415746212,0.017271965742111206,0.0021233558654785156,0.013849664479494095,0.03441224247217178,0.013849664479494095,0.007021211087703705,0.0005209178780205548,0.002669781446456909,0.002669781446456909,0.0006408820627257228
69#6,MC_OFF,slow_2Hz,H1_off,probability,0.05724672973155975,0.05724672973155975,733.3333333333334,433.33333333333337,0.05631531402468681,0.017269998788833618,0.0018840283155441284,0.013849664479494095,0.03444850444793701,0.013849664479494095,0.006282512564212084,0.0007108116406016052,0.002670466899871826,0.002670466899871826,0.0006191759603098035
69#6,MC_OFF,rapid_10Hz,H1_off,probability,0.04375867545604706,0.04375867545604706,420.0,120.0,0.05472356453537941,0.003781944513320923,0.00029227882623672485,0.013849664479494095,0.022172806784510612,0.013849664479494095,0.01715698465704918,0.0014070910401642323,0.002626270055770874,0.002626270055770874,0.0005976472166366875
69#6,MC_OFF,rapid_20Hz,H1_off,probability,0.032771095633506775,0.032771095633506775,373.33333333333337,73.33333333333337,0.054416220635175705,-0.00720563530921936,-1.506507396697998e-05,0.01416882686316967,0.01284322701394558,0.01416882686316967,0.028750451281666756,0.0007298561977222562,0.0024981945753097534,0.0024981945753097534,0.0007087512058205903
69#6,MC_OFF,transient_50ms,H1_off,probability,0.04987151920795441,0.04987151920795441,1373.3333333333335,1073.3333333333335,0.05447550117969513,0.009894788265228271,4.421547055244446e-05,0.013849664479494095,0.009773299098014832,0.013849664479494095,0.013750380836427212,0.00041371985571458936,0.002623617649078369,0.002623617649078369,0.0007024377700872719
69#6,MC_OFF,large_field_50ms,H1_off,probability,0.029881566762924194,0.029881566762924194,340.0,40.0,0.00014583578740712255,-0.010095164179801941,-5.5728742154315114e-05,0.013849664479494095,-0.002559076528996229,0.013849664479494095,-0.002559076528996229,0.000369109126040712,0.004797190427780151,0.004797190427780151,1.0215242582489736e-05
69#6,MC_OFF,slow_step,AC_off,logit,0.37885767221450806,0.37885767221450806,1460.0,1160.0,0.7214071750640869,0.016205966472625732,-2.2649765014648438e-06,0.13303054869174957,0.24487853050231934,0.13303054869174957,0.34386396408081055,0.2000671923160553,0.34857165813446045,0.34857165813446045,0.403236985206604
69#6,MC_OFF,slow_1Hz,AC_off,logit,0.37885892391204834,0.37885892391204834,960.0,660.0,0.7214077115058899,0.016207218170166016,-1.7285346984863281e-06,0.13303054869174957,0.24487964808940887,0.13303054869174957,0.3438711166381836,0.20004329085350037,0.34857165813446045,0.34857165813446045,0.4031883478164673
69#6,MC_OFF,slow_2Hz,AC_off,logit,0.3788878917694092,0.3788878917694092,706.6666666666667,406.66666666666674,0.7214087843894958,0.016236186027526855,-6.556510925292969e-07,0.13303054869174957,0.24490387737751007,0.13303054869174957,0.34363943338394165,0.20000410079956055,0.34857165813446045,0.34857165813446045,0.4030912518501282
69#6,MC_OFF,rapid_10Hz,AC_off,logit,0.37606561183929443,0.37606561183929443,433.33333333333337,133.33333333333337,0.721410870552063,0.01341390609741211,1.430511474609375e-06,0.13303054869174957,0.2357425093650818,0.13303054869174957,0.338243305683136,0.19845585525035858,0.29058992862701416,0.29058992862701416,0.40276873111724854
69#6,MC_OFF,rapid_20Hz,AC_off,logit,0.3686368465423584,0.3686368465423584,440.0,140.0,0.7214102149009705,0.005985140800476074,7.748603820800781e-07,0.13303054869174957,0.2283390909433365,0.13303054869174957,0.296725869178772,0.19680427014827728,0.2262275218963623,0.2262275218963623,0.4027504026889801
69#6,MC_OFF,transient_50ms,AC_off,logit,0.3766402006149292,0.3766402006149292,1386.6666666666667,1086.6666666666667,0.7214084267616272,0.013988494873046875,-1.0132789611816406e-06,0.13303054869174957,0.2274056375026703,0.13303054869174957,0.3378036618232727,0.19593003392219543,0.29054391384124756,0.29054391384124756,0.40276196599006653
69#6,MC_OFF,large_field_50ms,AC_off,logit,0.3172872066497803,0.3172872066497803,353.33333333333337,53.33333333333337,-1.5894572324981482e-09,-0.028790831565856934,-7.947286162490741e-10,0.1317378282546997,0.18180081248283386,0.1317378282546997,0.18180081248283386,0.015529689379036427,-0.25970399379730225,0.25970399379730225,-1.5894572324981482e-09
69#6,MC_OFF,slow_step,AC_off,probability,0.06777475774288177,0.06777475774288177,1460.0,1160.0,0.12837234139442444,0.00317537784576416,1.0699033737182617e-05,0.02305981144309044,0.043079525232315063,0.02305981144309044,0.06094846874475479,0.035897038877010345,0.06168396770954132,0.06168396770954132,0.07235277444124222
69#6,MC_OFF,slow_1Hz,AC_off,probability,0.06777499616146088,0.06777499616146088,960.0,660.0,0.12837135791778564,0.0031756162643432617,9.715557098388672e-06,0.02305981144309044,0.04307973384857178,0.02305981144309044,0.060949862003326416,0.03594953194260597,0.06168396770954132,0.06168396770954132,0.07245759665966034
69#6,MC_OFF,slow_2Hz,AC_off,probability,0.06778068840503693,0.06778068840503693,706.6666666666667,406.66666666666674,0.1283693015575409,0.0031813085079193115,7.659196853637695e-06,0.02305981144309044,0.04308424890041351,0.02305981144309044,0.060904841870069504,0.03605889528989792,0.06168396770954132,0.06168396770954132,0.07267314940690994
69#6,MC_OFF,rapid_10Hz,AC_off,probability,0.06722597777843475,0.06722597777843475,433.33333333333337,133.33333333333337,0.1283564567565918,0.0026265978813171387,-5.185604095458984e-06,0.02305981144309044,0.04133104160428047,0.02305981144309044,0.059863023459911346,0.03658671677112579,0.052405476570129395,0.052405476570129395,0.07423053681850433
69#6,MC_OFF,rapid_20Hz,AC_off,probability,0.06576929986476898,0.06576929986476898,440.0,140.0,0.1283559650182724,0.0011699199676513672,-5.677342414855957e-06,0.02305981144309044,0.039979636669158936,0.02305981144309044,0.052114613354206085,0.03651611506938934,0.04177430272102356,0.04177430272102356,0.07464849948883057
69#6,MC_OFF,transient_50ms,AC_off,probability,0.06733886897563934,0.06733886897563934,1386.6666666666667,1086.6666666666667,0.1283629685640335,0.0027394890785217285,1.3262033462524414e-06,0.02305981144309044,0.039866410195827484,0.02305981144309044,0.059777915477752686,0.03634778410196304,0.052082136273384094,0.052082136273384094,0.07458990067243576
69#6,MC_OFF,large_field_50ms,AC_off,probability,0.05583871901035309,0.05583871901035309,353.33333333333337,53.33333333333337,0.0003878809220623225,-0.0055380165576934814,-7.209766772575676e-05,0.02281319350004196,0.0315418466925621,0.02281319350004196,0.0315418466925621,0.0024978851433843374,0.04566490650177002,0.04566490650177002,0.00025226036086678505
69#7,MC_ON,slow_step,normal,logit,0.4313533306121826,0.4313533306121826,1466.6666666666667,1166.6666666666667,0.4032254219055176,0.1786145567893982,-0.0009441375732421875,0.09378272294998169,0.26633262634277344,0.09378272294998169,0.04367928206920624,0.0,0.0,0.0,0.0
69#7,MC_ON,slow_1Hz,normal,logit,0.43135279417037964,0.43135279417037964,966.6666666666667,666.6666666666667,0.40331709384918213,0.17861402034759521,-0.0008524656295776367,0.09378272294998169,0.26634544134140015,0.09378272294998169,0.0436759814620018,0.0,0.0,0.0,0.0
69#7,MC_ON,slow_2Hz,normal,logit,0.431338369846344,0.431338369846344,720.0,420.0,0.403500497341156,0.17859959602355957,-0.0006690621376037598,0.09378272294998169,0.2666136622428894,0.09378272294998169,0.037234511226415634,0.0,0.0,0.0,0.0
69#7,MC_ON,rapid_10Hz,normal,logit,0.34523677825927734,0.34523677825927734,420.0,120.0,0.40413758158683777,0.09249800443649292,-3.197789192199707e-05,0.09378272294998169,0.18754519522190094,0.09378272294998169,0.08671613782644272,0.0,0.0,0.0,0.0
69#7,MC_ON,rapid_20Hz,normal,logit,0.24055612087249756,0.24055612087249756,426.6666666666667,126.66666666666669,0.40417322516441345,-0.012182652950286865,3.6656856536865234e-06,0.09713280200958252,0.1037280410528183,0.09713280200958252,0.17905491590499878,0.0,0.0,0.0,0.0
69#7,MC_ON,transient_50ms,normal,logit,0.3828674554824829,0.3828674554824829,1373.3333333333335,1073.3333333333335,0.4041460156440735,0.1301286816596985,-2.3543834686279297e-05,0.09378272294998169,0.07293062657117844,0.09378272294998169,0.05437920615077019,0.0,0.0,0.0,0.0
69#7,MC_ON,large_field_50ms,normal,logit,-0.18925857543945312,0.18925857543945312,386.6666666666667,86.66666666666669,3.9736430812453705e-10,-0.44199734926223755,3.9736430812453705e-10,0.09206162393093109,-0.08266006410121918,0.09206162393093109,-0.08266006410121918,0.0,0.0,0.0,0.0
69#7,MC_ON,slow_step,normal,probability,0.08589376509189606,0.08589376509189606,1466.6666666666667,1166.6666666666667,0.08056048303842545,0.03756919503211975,0.004195190966129303,0.017506878823041916,0.05200912058353424,0.017506878823041916,0.008249431848526001,0.0,0.0,0.0,0.0
69#7,MC_ON,slow_1Hz,normal,probability,0.0858936756849289,0.0858936756849289,966.6666666666667,666.6666666666667,0.08036258816719055,0.03756910562515259,0.003997296094894409,0.017506878823041916,0.05201174318790436,0.017506878823041916,0.00824882835149765,0.0,0.0,0.0,0.0
69#7,MC_ON,slow_2Hz,normal,probability,0.0858905166387558,0.0858905166387558,720.0,420.0,0.07995597273111343,0.03756594657897949,0.0035906806588172913,0.017506878823041916,0.05206696689128876,0.017506878823041916,0.006989268120378256,0.0,0.0,0.0,0.0
69#7,MC_ON,rapid_10Hz,normal,probability,0.06744737923145294,0.06744737923145294,420.0,120.0,0.07712036371231079,0.019122809171676636,0.0007550716400146484,0.017506878823041916,0.035729359835386276,0.017506878823041916,0.01602879725396633,0.0,0.0,0.0,0.0
69#7,MC_ON,rapid_20Hz,normal,probability,0.0458613783121109,0.0458613783121109,426.6666666666667,126.66666666666669,0.0763702318072319,-0.0024631917476654053,4.939734935760498e-06,0.018154047429561615,0.019361646845936775,0.018154047429561615,0.033651094883680344,0.0,0.0,0.0,0.0
69#7,MC_ON,transient_50ms,normal,probability,0.07543395459651947,0.07543395459651947,1373.3333333333335,1073.3333333333335,0.07647833973169327,0.027109384536743164,0.00011304765939712524,0.017506878823041916,0.013884499669075012,0.017506878823041916,0.009923577308654785,0.0,0.0,0.0,0.0
69#7,MC_ON,large_field_50ms,normal,probability,0.03563480079174042,0.03563480079174042,1386.6666666666667,1086.6666666666667,0.00016108453564811498,-0.012689769268035889,-6.941586616449058e-05,0.017175182700157166,-0.014001039788126945,0.017175182700157166,-0.014001039788126945,0.0,0.0,0.0,0.0
69#7,MC_ON,slow_step,H1_off,logit,0.43208152055740356,0.43208152055740356,1486.6666666666667,1186.6666666666667,0.40657514333724976,0.17708754539489746,-0.0009345412254333496,0.09559541940689087,0.26719236373901367,0.09559541940689087,0.04435490816831589,0.002214361447840929,0.015177607536315918,0.015177607536315918,0.003349713981151581
69#7,MC_ON,slow_1Hz,H1_off,logit,0.43208110332489014,0.43208110332489014,986.6666666666667,686.6666666666667,0.4066693186759949,0.17708712816238403,-0.0008403658866882324,0.09559541940689087,0.2672054171562195,0.09559541940689087,0.04435131698846817,0.0027873562648892403,0.01564168930053711,0.01564168930053711,0.0033521971199661493
69#7,MC_ON,slow_2Hz,H1_off,logit,0.43206703662872314,0.43206703662872314,733.3333333333334,433.33333333333337,0.4068574011325836,0.17707306146621704,-0.0006522834300994873,0.09559541940689087,0.267477810382843,0.09559541940689087,0.03831466659903526,0.003907516598701477,0.015645503997802734,0.015645503997802734,0.003356932895258069
69#7,MC_ON,rapid_10Hz,H1_off,logit,0.3358055353164673,0.3358055353164673,420.0,120.0,0.407485693693161,0.08081156015396118,-2.3990869522094727e-05,0.09559541940689087,0.18042604625225067,0.09559541940689087,0.09790754318237305,0.007989085279405117,0.015177607536315918,0.015177607536315918,0.003348079277202487
69#7,MC_ON,rapid_20Hz,H1_off,logit,0.24061799049377441,0.24061799049377441,420.0,120.0,0.40751394629478455,-0.01437598466873169,4.26173210144043e-06,0.09894466400146484,0.10357591509819031,0.09894466400146484,0.18587318062782288,0.003935421351343393,0.01364046335220337,0.01364046335220337,0.003340696217492223
69#7,MC_ON,transient_50ms,H1_off,logit,0.37789589166641235,0.37789589166641235,1373.3333333333335,1073.3333333333335,0.4074874222278595,0.12290191650390625,-2.22623348236084e-05,0.09559541940689087,0.0736817866563797,0.09559541940689087,0.06626027077436447,0.0020667279604822397,0.015177607536315918,0.015177607536315918,0.003341434057801962
69#7,MC_ON,large_field_50ms,H1_off,logit,0.18669402599334717,0.18669402599334717,333.33333333333337,33.33333333333337,1.5894572324981482e-09,-0.06829994916915894,1.5894572324981482e-09,0.09559541940689087,-0.06452267616987228,0.09559541940689087,-0.06452267616987228,0.0023566256277263165,0.028113961219787598,0.028113961219787598,1.19209286886246e-09
69#7,MC_ON,slow_step,H1_off,probability,0.08605228364467621,0.08605228364467621,1486.6666666666667,1186.6666666666667,0.08117122203111649,0.03727027773857117,0.004137091338634491,0.01785741001367569,0.05218455195426941,0.01785741001367569,0.008351314812898636,0.00041877568583004177,0.0028127431869506836,0.0028127431869506836,0.0006107316585257649
69#7,MC_ON,slow_1Hz,H1_off,probability,0.08605219423770905,0.08605219423770905,986.6666666666667,686.6666666666667,0.08095857501029968,0.037270188331604004,0.003924444317817688,0.01785741001367569,0.052187249064445496,0.01785741001367569,0.008350664749741554,0.0005311899003572762,0.0029627978801727295,0.0029627978801727295,0.0005959878326393664
69#7,MC_ON,slow_2Hz,H1_off,probability,0.0860491544008255,0.0860491544008255,733.3333333333334,433.33333333333337,0.0805228054523468,0.03726714849472046,0.003488674759864807,0.01785741001367569,0.052243322134017944,0.01785741001367569,0.007172335404902697,0.0007509373244829476,0.0029637515544891357,0.0029637515544891357,0.0005668277735821903
69#7,MC_ON,rapid_10Hz,H1_off,probability,0.06546415388584137,0.06546415388584137,420.0,120.0,0.07764146476984024,0.016682147979736328,0.0006073340773582458,0.01785741001367569,0.03431694954633713,0.01785741001367569,0.018113750964403152,0.0015673681627959013,0.0028127431869506836,0.0028127431869506836,0.0005210948293097317
69#7,MC_ON,rapid_20Hz,H1_off,probability,0.04587383568286896,0.04587383568286896,420.0,120.0,0.07703233510255814,-0.002908170223236084,-1.7955899238586426e-06,0.018507126718759537,0.01937240920960903,0.018507126718759537,0.03498892858624458,0.0007789597730152309,0.0026789307594299316,0.0026789307594299316,0.000662107951939106
69#7,MC_ON,transient_50ms,H1_off,probability,0.07437212765216827,0.07437212765216827,1373.3333333333335,1073.3333333333335,0.0771375223994255,0.025590121746063232,0.00010339170694351196,0.01785741001367569,0.014034787192940712,0.01785741001367569,0.01211892906576395,0.00040769990300759673,0.0028127431869506836,0.0028127431869506836,0.0006591954734176397
69#7,MC_ON,large_field_50ms,H1_off,probability,0.03512977063655853,0.03512977063655853,333.33333333333337,33.33333333333337,0.0001714016980258748,-0.013652235269546509,-6.787995516788214e-05,0.01785741001367569,-0.010799179784953594,0.01785741001367569,-0.010799179784953594,0.0004226001037750393,0.005184471607208252,0.005184471607208252,1.0317166925233323e-05
69#7,MC_ON,slow_step,AC_off,logit,0.49382126331329346,0.49382126331329346,1466.6666666666667,1166.6666666666667,0.9424211978912354,0.019487738609313965,-3.159046173095703e-06,0.17243850231170654,0.31979846954345703,0.17243850231170654,0.450828492641449,0.2678850293159485,0.47680002450942993,0.47680002450942993,0.539195716381073
69#7,MC_ON,slow_1Hz,AC_off,logit,0.4938228726387024,0.4938228726387024,966.6666666666667,666.6666666666667,0.942422091960907,0.0194893479347229,-2.2649765014648438e-06,0.17243850231170654,0.3198000192642212,0.17243850231170654,0.4508382976055145,0.26784029603004456,0.47680002450942993,0.47680002450942993,0.5391049981117249
69#7,MC_ON,slow_2Hz,AC_off,logit,0.4938560724258423,0.4938560724258423,720.0,420.0,0.9424240589141846,0.019522547721862793,-2.980232238769531e-07,0.17243850231170654,0.31983208656311035,0.17243850231170654,0.45051807165145874,0.2677624821662903,0.47680002450942993,0.47680002450942993,0.5389235019683838
69#7,MC_ON,rapid_10Hz,AC_off,logit,0.4871060848236084,0.4871060848236084,433.33333333333337,133.33333333333337,0.9424266815185547,0.012772560119628906,2.3245811462402344e-06,0.17243850231170654,0.3071736693382263,0.17243850231170654,0.423809289932251,0.2656302750110626,0.39677751064300537,0.39677751064300537,0.538288950920105
69#7,MC_ON,rapid_20Hz,AC_off,logit,0.47873586416244507,0.47873586416244507,433.33333333333337,133.33333333333337,0.9424256682395935,0.004402339458465576,1.3113021850585938e-06,0.17243918776512146,0.2995721101760864,0.17243918776512146,0.3661092519760132,0.26332345604896545,0.3058497905731201,0.3058497905731201,0.5382522940635681
69#7,MC_ON,transient_50ms,AC_off,logit,0.489088773727417,0.489088773727417,1380.0,1080.0,0.9424223899841309,0.0147552490234375,-1.9669532775878906e-06,0.17243850231170654,0.29831579327583313,0.17243850231170654,0.42296934127807617,0.2620684504508972,0.39818787574768066,0.39818787574768066,0.5382763743400574
69#7,MC_ON,large_field_50ms,AC_off,logit,0.37869417667388916,0.37869417667388916,360.0,60.0,-1.9868215961338365e-09,-0.03826707601547241,-3.973643636356883e-10,0.17018096148967743,0.2222205102443695,0.17018096148967743,0.2222205102443695,0.021349705755710602,-0.36125099658966064,0.36125099658966064,-2.38418573772492e-09
69#7,MC_ON,slow_step,AC_off,probability,0.09964005649089813,0.09964005649089813,1466.6666666666667,1166.6666666666667,0.18908756971359253,0.004320114850997925,9.328126907348633e-06,0.03340098261833191,0.06314370781183243,0.03340098261833191,0.09014798700809479,0.05391392484307289,0.09471887350082397,0.09471887350082397,0.10852709412574768
69#7,MC_ON,slow_1Hz,AC_off,probability,0.09964041411876678,0.09964041411876678,966.6666666666667,666.6666666666667,0.1890859454870224,0.004320472478866577,7.703900337219238e-06,0.03340098261833191,0.0631440207362175,0.03340098261833191,0.0901501476764679,0.054012179374694824,0.09471887350082397,0.09471887350082397,0.10872336477041245
69#7,MC_ON,slow_2Hz,AC_off,probability,0.09964780509471893,0.09964780509471893,720.0,420.0,0.1890825480222702,0.004327863454818726,4.306435585021973e-06,0.03340098261833191,0.0631507858633995,0.03340098261833191,0.0900796577334404,0.05421626567840576,0.09471887350082397,0.09471887350082397,0.10912656784057617
69#7,MC_ON,rapid_10Hz,AC_off,probability,0.09814821183681488,0.09814821183681488,433.33333333333337,133.33333333333337,0.1890670508146286,0.002828270196914673,-1.119077205657959e-05,0.03340098261833191,0.06044638901948929,0.03340098261833191,0.08426636457443237,0.05525471270084381,0.08073596656322479,0.08073596656322479,0.11194667965173721
69#7,MC_ON,rapid_20Hz,AC_off,probability,0.09629340469837189,0.09629340469837189,433.33333333333337,133.33333333333337,0.1890701800584793,0.0009734630584716797,-8.061528205871582e-06,0.03340113162994385,0.05887163430452347,0.03340113162994385,0.0720512643456459,0.055190492421388626,0.06376028060913086,0.06376028060913086,0.112699955701828
69#7,MC_ON,transient_50ms,AC_off,probability,0.09858833253383636,0.09858833253383636,1380.0,1080.0,0.18908092379570007,0.0032683908939361572,2.682209014892578e-06,0.03340098261833191,0.058677468448877335,0.03340098261833191,0.08408248424530029,0.05491534620523453,0.07958249747753143,0.07958249747753143,0.11260257661342621
69#7,MC_ON,large_field_50ms,AC_off,probability,0.07454250752925873,0.07454250752925873,360.0,60.0,0.0005559817072935402,-0.008226960897445679,-0.0001097868662327528,0.032921385020017624,0.04295656457543373,0.032921385020017624,0.04295656457543373,0.0038250256329774857,0.06970144808292389,0.06970144808292389,0.0003948971861973405
69#21,PC_OFF,slow_step,normal,logit,0.4597666263580322,0.4597666263580322,1500.0,1200.0,0.5509845018386841,0.16923439502716064,-0.0006095170974731445,0.06820576637983322,0.32973191142082214,0.06820576637983322,0.15350496768951416,0.0,0.0,0.0,0.0
69#21,PC_OFF,slow_1Hz,normal,logit,0.459766685962677,0.459766685962677,1000.0,700.0,0.5510539412498474,0.16923445463180542,-0.0005400776863098145,0.06820576637983322,0.3297429382801056,0.06820576637983322,0.15350516140460968,0.0,0.0,0.0,0.0
69#21,PC_OFF,slow_2Hz,normal,logit,0.45976394414901733,0.45976394414901733,746.6666666666667,446.66666666666674,0.5511918067932129,0.16923171281814575,-0.00040221214294433594,0.06820576637983322,0.32997551560401917,0.06820576637983322,0.15008781850337982,0.0,0.0,0.0,0.0
69#21,PC_OFF,rapid_10Hz,normal,logit,0.3505762815475464,0.3505762815475464,420.0,120.0,0.5515881776809692,0.060044050216674805,-5.841255187988281e-06,0.06820576637983322,0.24734090268611908,0.06820576637983322,0.18328602612018585,0.0,0.0,0.0,0.0
69#21,PC_OFF,rapid_20Hz,normal,logit,0.2978209853172302,0.2978209853172302,420.0,120.0,0.5515968203544617,0.007288753986358643,2.8014183044433594e-06,0.0745314508676529,0.2010384500026703,0.0745314508676529,0.18308405578136444,0.0,0.0,0.0,0.0
69#21,PC_OFF,transient_50ms,normal,logit,0.3986997604370117,0.3986997604370117,1366.6666666666667,1066.6666666666667,0.5515726208686829,0.10816752910614014,-2.1398067474365234e-05,0.06820576637983322,0.17685478925704956,0.06820576637983322,0.15406234562397003,0.0,0.0,0.0,0.0
69#21,PC_OFF,large_field_50ms,normal,logit,0.132523775100708,0.132523775100708,346.6666666666667,46.666666666666686,-3.9736430812453705e-10,-0.10479390621185303,3.9736430812453705e-10,0.06786395609378815,0.05557287484407425,0.06786395609378815,0.05557287484407425,0.0,0.0,0.0,0.0
69#21,PC_OFF,slow_step,normal,probability,0.09861531853675842,0.09861531853675842,1500.0,1200.0,0.11652413010597229,0.03823035955429077,0.002263769507408142,0.013645555824041367,0.06952256709337234,0.013645555824041367,0.03117045760154724,0.0,0.0,0.0,0.0
69#21,PC_OFF,slow_1Hz,normal,probability,0.09861534833908081,0.09861534833908081,1000.0,700.0,0.11638303101062775,0.03823038935661316,0.0021226704120635986,0.013645555824041367,0.06952503323554993,0.013645555824041367,0.031170491129159927,0.0,0.0,0.0,0.0
69#21,PC_OFF,slow_2Hz,normal,probability,0.09861472249031067,0.09861472249031067,746.6666666666667,446.66666666666674,0.11609534174203873,0.03822976350784302,0.0018349811434745789,0.013645555824041367,0.06957709789276123,0.013645555824041367,0.030423935502767563,0.0,0.0,0.0,0.0
69#21,PC_OFF,rapid_10Hz,normal,probability,0.07371753454208374,0.07371753454208374,420.0,120.0,0.11441738158464432,0.013332575559616089,0.00015702098608016968,0.013645555824041367,0.05117573216557503,0.013645555824041367,0.03736621141433716,0.0,0.0,0.0,0.0
69#21,PC_OFF,rapid_20Hz,normal,probability,0.061989009380340576,0.061989009380340576,420.0,120.0,0.11424984037876129,0.0016040503978729248,-1.0520219802856445e-05,0.014961615204811096,0.041218169033527374,0.014961615204811096,0.037370577454566956,0.0,0.0,0.0,0.0
69#21,PC_OFF,transient_50ms,normal,probability,0.08459126949310303,0.08459126949310303,1366.6666666666667,1066.6666666666667,0.11433329433202744,0.024206310510635376,7.293373346328735e-05,0.013645555824041367,0.03619066998362541,0.013645555824041367,0.031149527058005333,0.0,0.0,0.0,0.0
69#21,PC_OFF,large_field_50ms,normal,probability,0.02665168046951294,0.02665168046951294,346.6666666666667,46.666666666666686,6.43399398541078e-05,-0.022146761417388916,-0.00015494824037887156,0.01357528567314148,0.011116981506347656,0.01357528567314148,0.011116981506347656,0.0,0.0,0.0,0.0
69#21,PC_OFF,slow_step,H1_off,logit,0.45906972885131836,0.45906972885131836,1506.6666666666667,1206.6666666666667,0.5521100163459778,0.16792583465576172,-0.0006009340286254883,0.06862551718950272,0.32924318313598633,0.06862551718950272,0.15469729900360107,0.001209415029734373,0.0020076632499694824,0.0020076632499694824,0.0011255057761445642
69#21,PC_OFF,slow_1Hz,H1_off,logit,0.45906972885131836,0.45906972885131836,1006.6666666666667,706.6666666666667,0.552178680896759,0.16792583465576172,-0.0005322694778442383,0.06862551718950272,0.329254150390625,0.06862551718950272,0.15469753742218018,0.0012092500692233443,0.0021103620529174805,0.0021103620529174805,0.0011247567599639297
69#21,PC_OFF,slow_2Hz,H1_off,logit,0.45907002687454224,0.45907002687454224,753.3333333333334,453.33333333333337,0.5523150563240051,0.1679261326789856,-0.00039589405059814453,0.06862551718950272,0.32948142290115356,0.06862551718950272,0.15131592750549316,0.0012062669266015291,0.0021099448204040527,0.0021099448204040527,0.0011232852702960372
69#21,PC_OFF,rapid_10Hz,H1_off,logit,0.3504445552825928,0.3504445552825928,420.0,120.0,0.5527053475379944,0.05930066108703613,-5.602836608886719e-06,0.06862551718950272,0.24712735414505005,0.06862551718950272,0.18444769084453583,0.0006063046166673303,0.0015066266059875488,0.0015066266059875488,0.0011172676458954811
69#21,PC_OFF,rapid_20Hz,H1_off,logit,0.29821038246154785,0.29821038246154785,420.0,120.0,0.5527138710021973,0.007066488265991211,2.9206275939941406e-06,0.0748945102095604,0.2012423276901245,0.0748945102095604,0.18369552493095398,0.0005560276913456619,0.0008431673049926758,0.0008431673049926758,0.0011170180514454842
69#21,PC_OFF,transient_50ms,H1_off,logit,0.3981844186782837,0.3981844186782837,1366.6666666666667,1066.6666666666667,0.5526898503303528,0.10704052448272705,-2.110004425048828e-05,0.06862551718950272,0.1772872507572174,0.06862551718950272,0.15550093352794647,0.0005669415113516152,0.0015854239463806152,0.0015854239463806152,0.0011172016384080052
69#21,PC_OFF,large_field_50ms,H1_off,logit,0.13481295108795166,0.13481295108795166,353.33333333333337,53.33333333333337,-7.947286162490741e-10,-0.10296505689620972,-3.9736430812453705e-10,0.06862551718950272,0.05777400732040405,0.06862551718950272,0.05777400732040405,0.000187849800568074,0.0026660561561584473,0.0026660561561584473,-3.9736430812453705e-10
69#21,PC_OFF,slow_step,H1_off,probability,0.09845396876335144,0.09845396876335144,1506.6666666666667,1206.6666666666667,0.1167352944612503,0.03793454170227051,0.0022307932376861572,0.013731896877288818,0.06941259652376175,0.013731896877288818,0.031416282057762146,0.00025522391661070287,0.00041171908378601074,0.00041171908378601074,0.00021117548749316484
69#21,PC_OFF,slow_1Hz,H1_off,probability,0.09845396876335144,0.09845396876335144,1006.6666666666667,706.6666666666667,0.11659528315067291,0.03793454170227051,0.0020907819271087646,0.013731896877288818,0.06941505521535873,0.013731896877288818,0.03141631931066513,0.00025563238887116313,0.0004323124885559082,0.0004323124885559082,0.00021223128715064377
69#21,PC_OFF,slow_2Hz,H1_off,probability,0.09845402836799622,0.09845402836799622,753.3333333333334,453.33333333333337,0.1163097694516182,0.03793460130691528,0.0018052682280540466,0.013731896877288818,0.06946589052677155,0.013731896877288818,0.030677510425448418,0.00025587607524357736,0.0004322528839111328,0.0004322528839111328,0.00021442573051899672
69#21,PC_OFF,rapid_10Hz,H1_off,probability,0.07368803024291992,0.07368803024291992,420.0,120.0,0.11465758085250854,0.01316860318183899,0.00015307962894439697,0.013731896877288818,0.051130205392837524,0.013731896877288818,0.03761015087366104,0.0001306118501815945,0.000313490629196167,0.000313490629196167,0.0002401914243819192
69#21,PC_OFF,rapid_20Hz,H1_off,probability,0.06207481026649475,0.06207481026649475,420.0,120.0,0.11449374258518219,0.0015553832054138184,-1.0758638381958008e-05,0.015036657452583313,0.04126295447349548,0.015036657452583313,0.03749952092766762,0.00012133349810028449,0.00018328428268432617,0.00018328428268432617,0.00024389407190028578
69#21,PC_OFF,transient_50ms,H1_off,probability,0.08447396755218506,0.08447396755218506,1366.6666666666667,1066.6666666666667,0.11457637697458267,0.023954540491104126,7.187575101852417e-05,0.013731896877288818,0.03628255054354668,0.013731896877288818,0.03144976124167442,0.0001235445379279554,0.0003286898136138916,0.0003286898136138916,0.0002430625754641369
69#21,PC_OFF,large_field_50ms,H1_off,probability,0.027125626802444458,0.027125626802444458,353.33333333333337,53.33333333333337,6.645163375651464e-05,-0.02177208662033081,-0.00015369673928944394,0.013731896877288818,0.011559592559933662,0.013731896877288818,0.011559592559933662,3.663892493932508e-05,0.0005438327789306641,0.0005438327789306641,2.111693220285815e-06
69#21,PC_OFF,slow_step,AC_off,logit,0.5331258177757263,0.5331258177757263,1593.3333333333335,1293.3333333333335,1.055607557296753,0.0026795268058776855,1.0728836059570312e-06,0.14183244109153748,0.39097917079925537,0.14183244109153748,0.5234148502349854,0.25023916363716125,0.43135011196136475,0.43135011196136475,0.5046229958534241
69#21,PC_OFF,slow_1Hz,AC_off,logit,0.5331262350082397,0.5331262350082397,1086.6666666666667,786.6666666666667,1.0556076765060425,0.0026799440383911133,1.1920928955078125e-06,0.14183244109153748,0.3909795880317688,0.14183244109153748,0.5234278440475464,0.25020503997802734,0.43135011196136475,0.43135011196136475,0.5045536160469055
69#21,PC_OFF,slow_2Hz,AC_off,logit,0.5331388711929321,0.5331388711929321,806.6666666666667,506.66666666666674,1.0556076765060425,0.002692580223083496,1.1920928955078125e-06,0.14183244109153748,0.390982061624527,0.14183244109153748,0.5236462950706482,0.25014856457710266,0.43135011196136475,0.43135011196136475,0.5044159293174744
69#21,PC_OFF,rapid_10Hz,AC_off,logit,0.5311902761459351,0.5311902761459351,420.0,120.0,1.0556069612503052,0.0007439851760864258,4.76837158203125e-07,0.14183244109153748,0.3873696029186249,0.14183244109153748,0.4561224579811096,0.24766944348812103,0.32285982370376587,0.32285982370376587,0.5040187835693359
69#21,PC_OFF,rapid_20Hz,AC_off,logit,0.530412495136261,0.530412495136261,420.0,120.0,1.055606722831726,-3.3795833587646484e-05,2.384185791015625e-07,0.1419183313846588,0.38655519485473633,0.1419183313846588,0.33972251415252686,0.24604827165603638,0.26861274242401123,0.26861274242401123,0.5040098428726196
69#21,PC_OFF,transient_50ms,AC_off,logit,0.530692458152771,0.530692458152771,1380.0,1080.0,1.0556057691574097,0.0002461671829223633,-7.152557373046875e-07,0.14183244109153748,0.38611698150634766,0.14183244109153748,0.4556296169757843,0.2449120581150055,0.3231867551803589,0.3231867551803589,0.5040332078933716
69#21,PC_OFF,large_field_50ms,AC_off,logit,-0.39440250396728516,0.39440250396728516,1360.0,1060.0,-3.5762788286319847e-09,-0.7944861650466919,-3.973643136756522e-09,0.1411300152540207,0.31407657265663147,0.1411300152540207,0.31407657265663147,0.021369127556681633,0.289389967918396,0.289389967918396,-3.1789144649962964e-09
69#21,PC_OFF,slow_step,AC_off,probability,0.11576995253562927,0.11576995253562927,1593.3333333333335,1293.3333333333335,0.22876040637493134,0.0006321072578430176,-4.1425228118896484e-06,0.02923078089952469,0.0833728089928627,0.02923078089952469,0.11348102986812592,0.05566011369228363,0.0951264500617981,0.0951264500617981,0.11223626881837845
69#21,PC_OFF,slow_1Hz,AC_off,probability,0.11577007174491882,0.11577007174491882,1086.6666666666667,786.6666666666667,0.22876028716564178,0.0006322264671325684,-4.26173210144043e-06,0.02923078089952469,0.08337289094924927,0.02923078089952469,0.11348409950733185,0.05573071911931038,0.0951264500617981,0.0951264500617981,0.11237723380327225
69#21,PC_OFF,slow_2Hz,AC_off,probability,0.11577305197715759,0.11577305197715759,806.6666666666667,506.66666666666674,0.2287600189447403,0.0006352066993713379,-4.5299530029296875e-06,0.02923078089952469,0.08337344229221344,0.02923078089952469,0.11353550851345062,0.05587706342339516,0.0951264500617981,0.0951264500617981,0.11266469955444336
69#21,PC_OFF,rapid_10Hz,AC_off,probability,0.115313321352005,0.115313321352005,420.0,120.0,0.22876174747943878,0.00017547607421875,-2.8014183044433594e-06,0.02923078089952469,0.08254607021808624,0.02923078089952469,0.09783579409122467,0.056213218718767166,0.07265716791152954,0.07265716791152954,0.11434433609247208
69#21,PC_OFF,rapid_20Hz,AC_off,probability,0.11512982845306396,0.11512982845306396,420.0,120.0,0.22876320779323578,-8.016824722290039e-06,-1.341104507446289e-06,0.02924986183643341,0.08236347138881683,0.02924986183643341,0.0716610699892044,0.055956579744815826,0.060991376638412476,0.060991376638412476,0.11451338976621628
69#21,PC_OFF,transient_50ms,AC_off,probability,0.1151958703994751,0.1151958703994751,1380.0,1080.0,0.22876544296741486,5.8025121688842773e-05,8.940696716308594e-07,0.02923078089952469,0.0822676569223404,0.02923078089952469,0.09772055596113205,0.05568300187587738,0.07186022400856018,0.07186022400856018,0.11443213373422623
69#21,PC_OFF,large_field_50ms,AC_off,probability,0.08361372351646423,0.08361372351646423,360.0,60.0,0.0006433115340769291,-0.0012926459312438965,-2.28972639888525e-05,0.029077604413032532,0.06577180325984955,0.029077604413032532,0.06577180325984955,0.004158339463174343,0.06221368908882141,0.06221368908882141,0.000578971637878567
70#1,PC_ON,slow_step,normal,logit,0.3224745988845825,0.3224745988845825,1473.3333333333335,1173.3333333333335,0.30448997020721436,0.16115820407867432,-0.0005234777927398682,0.020831063389778137,0.22524112462997437,0.020831063389778137,0.05867674946784973,0.0,0.0,0.0,0.0
70#1,PC_ON,slow_1Hz,normal,logit,0.32247310876846313,0.32247310876846313,973.3333333333334,673.3333333333334,0.3045436441898346,0.16115671396255493,-0.0004698038101196289,0.020831063389778137,0.22526238858699799,0.020831063389778137,0.058667197823524475,0.0,0.0,0.0,0.0
70#1,PC_ON,slow_2Hz,normal,logit,0.32243406772613525,0.32243406772613525,726.6666666666667,426.66666666666674,0.3046514093875885,0.16111767292022705,-0.00036203861236572266,0.020831063389778137,0.22570598125457764,0.020831063389778137,0.055652208626270294,0.0,0.0,0.0,0.0
70#1,PC_ON,rapid_10Hz,normal,logit,0.2326422929763794,0.2326422929763794,413.33333333333337,113.33333333333337,0.3050015866756439,0.07132589817047119,-1.1861324310302734e-05,0.020831063389778137,0.16719599068164825,0.020831063389778137,0.08173907548189163,0.0,0.0,0.0,0.0
70#1,PC_ON,rapid_20Hz,normal,logit,0.17593622207641602,0.17593622207641602,413.33333333333337,113.33333333333337,0.3050139248371124,0.014619827270507812,4.76837158203125e-07,0.031006529927253723,0.12141003459692001,0.031006529927253723,0.09703060239553452,0.0,0.0,0.0,0.0
70#1,PC_ON,transient_50ms,normal,logit,0.2713741064071655,0.2713741064071655,1366.6666666666667,1066.6666666666667,0.3049981892108917,0.11005771160125732,-1.52587890625e-05,0.020831063389778137,0.09401906281709671,0.020831063389778137,0.04543013125658035,0.0,0.0,0.0,0.0
70#1,PC_ON,large_field_50ms,normal,logit,-0.04277396202087402,0.04277396202087402,386.6666666666667,86.66666666666669,1.5894572324981482e-09,-0.18266403675079346,1.5894572324981482e-09,0.02068084478378296,-0.012395041063427925,0.02068084478378296,-0.012395041063427925,0.0,0.0,0.0,0.0
70#1,PC_ON,slow_step,normal,probability,0.06504356861114502,0.06504356861114502,1473.3333333333335,1173.3333333333335,0.06150039657950401,0.03365352749824524,0.0022835582494735718,0.003934552893042564,0.04478355497121811,0.003934552893042564,0.011353805661201477,0.0,0.0,0.0,0.0
70#1,PC_ON,slow_1Hz,normal,probability,0.06504324078559875,0.06504324078559875,973.3333333333334,673.3333333333334,0.06137336790561676,0.033653199672698975,0.002156529575586319,0.003934552893042564,0.044787995517253876,0.003934552893042564,0.011351972818374634,0.0,0.0,0.0,0.0
70#1,PC_ON,slow_2Hz,normal,probability,0.06503483653068542,0.06503483653068542,726.6666666666667,426.66666666666674,0.061110664159059525,0.033644795417785645,0.0018938258290290833,0.003934552893042564,0.04488053172826767,0.003934552893042564,0.010729734785854816,0.0,0.0,0.0,0.0
70#1,PC_ON,rapid_10Hz,normal,probability,0.046012818813323975,0.046012818813323975,413.33333333333337,113.33333333333337,0.05946005508303642,0.014622777700424194,0.00024321675300598145,0.003934552893042564,0.03271034359931946,0.003934552893042564,0.015728503465652466,0.0,0.0,0.0,0.0
70#1,PC_ON,rapid_20Hz,normal,probability,0.03435111045837402,0.03435111045837402,413.33333333333337,113.33333333333337,0.0592259056866169,0.002961069345474243,9.067356586456299e-06,0.005894260480999947,0.0234881229698658,0.005894260480999947,0.018675904721021652,0.0,0.0,0.0,0.0
70#1,PC_ON,transient_50ms,normal,probability,0.054136067628860474,0.054136067628860474,1366.6666666666667,1066.6666666666667,0.059286486357450485,0.022746026515960693,6.964802742004395e-05,0.003934552893042564,0.01812557876110077,0.003934552893042564,0.008619295433163643,0.0,0.0,0.0,0.0
70#1,PC_ON,large_field_50ms,normal,probability,0.008090168237686157,0.008090168237686157,1386.6666666666667,1086.6666666666667,1.0184447091887705e-05,-0.018994420766830444,-6.475667214544956e-05,0.0039058811962604523,-0.0022763076703995466,0.0039058811962604523,-0.0022763076703995466,0.0,0.0,0.0,0.0
70#1,PC_ON,slow_step,H1_off,logit,0.32162797451019287,0.32162797451019287,2306.666666666667,2006.666666666667,0.3053106367588043,0.1596912145614624,-0.000519871711730957,0.021106362342834473,0.22531376779079437,0.021106362342834473,0.059148162603378296,0.0006389234331436455,0.0018790960311889648,0.0018790960311889648,0.0008206888451240957
70#1,PC_ON,slow_1Hz,H1_off,logit,0.3216392397880554,0.3216392397880554,2306.666666666667,2006.666666666667,0.3053653836250305,0.15970247983932495,-0.00046512484550476074,0.021106362342834473,0.22532306611537933,0.021106362342834473,0.059146538376808167,0.000881565036252141,0.002451777458190918,0.002451777458190918,0.0008217434515245259
70#1,PC_ON,slow_2Hz,H1_off,logit,0.3218700885772705,0.3218700885772705,2306.666666666667,2006.666666666667,0.30547454953193665,0.15993332862854004,-0.0003559589385986328,0.021106362342834473,0.22551459074020386,0.021106362342834473,0.05635039135813713,0.0012370188487693667,0.002364039421081543,0.002364039421081543,0.0008231882238760591
70#1,PC_ON,rapid_10Hz,H1_off,logit,0.2323666214942932,0.2323666214942932,413.33333333333337,113.33333333333337,0.3058188855648041,0.07042986154556274,-1.1622905731201172e-05,0.021106362342834473,0.16682037711143494,0.021106362342834473,0.08305829763412476,0.0006372173666022718,0.0016504526138305664,0.0016504526138305664,0.000817321939393878
70#1,PC_ON,rapid_20Hz,H1_off,logit,0.17661786079406738,0.17661786079406738,413.33333333333337,113.33333333333337,0.3058308959007263,0.014681100845336914,3.8743019104003906e-07,0.03128032386302948,0.12155570834875107,0.03128032386302948,0.09764799475669861,0.00041850446723401546,0.001009225845336914,0.001009225845336914,0.0008169834036380053
70#1,PC_ON,transient_50ms,H1_off,logit,0.270663321018219,0.270663321018219,1366.6666666666667,1066.6666666666667,0.30581530928611755,0.10872656106948853,-1.519918441772461e-05,0.021106362342834473,0.09434202313423157,0.021106362342834473,0.04691658541560173,0.00044463237281888723,0.0016884803771972656,0.0016884803771972656,0.0008171554654836655
70#1,PC_ON,large_field_50ms,H1_off,logit,0.04266226291656494,0.04266226291656494,340.0,40.0,0.0,-0.09769904613494873,0.0,0.021106362342834473,-0.010678342543542385,0.021106362342834473,-0.010678342543542385,0.00033637008164077997,0.002283453941345215,0.002283453941345215,-1.5894572324981482e-09
70#1,PC_ON,slow_step,H1_off,probability,0.06486111879348755,0.06486111879348755,2306.666666666667,2006.666666666667,0.06164555996656418,0.033345818519592285,0.0022639967501163483,0.003987081348896027,0.044797684997320175,0.003987081348896027,0.011441610753536224,0.00012269392027519643,0.0003509521484375,0.0003509521484375,0.0001451619464205578
70#1,PC_ON,slow_1Hz,H1_off,probability,0.06486353278160095,0.06486353278160095,2306.666666666667,2006.666666666667,0.06151288375258446,0.03334823250770569,0.002131320536136627,0.003987081348896027,0.04479961469769478,0.003987081348896027,0.011441290378570557,0.0001716427505016327,0.00045724213123321533,0.00045724213123321533,0.00013951172877568752
70#1,PC_ON,slow_2Hz,H1_off,probability,0.0649133026599884,0.0649133026599884,2306.666666666667,2006.666666666667,0.06124228984117508,0.03339800238609314,0.0018607266247272491,0.003987081348896027,0.04483957588672638,0.003987081348896027,0.010861552320420742,0.0002433147601550445,0.00044089555740356445,0.00044089555740356445,0.0001316307025263086
70#1,PC_ON,rapid_10Hz,H1_off,probability,0.04595544934272766,0.04595544934272766,413.33333333333337,113.33333333333337,0.059618957340717316,0.014440149068832397,0.00023739412426948547,0.003987081348896027,0.03263486549258232,0.003987081348896027,0.015984173864126205,0.00012637262989301234,0.00031831860542297363,0.00031831860542297363,0.0001589013118064031
70#1,PC_ON,rapid_20Hz,H1_off,probability,0.03448963165283203,0.03448963165283203,413.33333333333337,113.33333333333337,0.059390559792518616,0.0029743313789367676,8.996576070785522e-06,0.005947314202785492,0.023518484085798264,0.005947314202785492,0.01879739761352539,8.412723400397226e-05,0.0001996755599975586,0.0001996755599975586,0.00016465505177620798
70#1,PC_ON,transient_50ms,H1_off,probability,0.05398586392402649,0.05398586392402649,1366.6666666666667,1066.6666666666667,0.05945011228322983,0.022470563650131226,6.854906678199768e-05,0.003987081348896027,0.018189284950494766,0.003987081348896027,0.008903712034225464,8.911604527384043e-05,0.000321805477142334,0.000321805477142334,0.00016362905444111675
70#1,PC_ON,large_field_50ms,H1_off,probability,0.00806879997253418,0.00806879997253418,340.0,40.0,1.0515551366552245e-05,-0.019110053777694702,-6.492167904070811e-05,0.003987081348896027,-0.001955854007974267,0.003987081348896027,-0.001955854007974267,6.294503691606224e-05,0.00042822957038879395,0.00042822957038879395,3.3110381991718896e-07
70#1,PC_ON,slow_step,AC_off,logit,0.4081000089645386,0.4081000089645386,2300.0,2000.0,0.7695378065109253,0.017348766326904297,5.602836608886719e-06,0.11182396858930588,0.2952023148536682,0.11182396858930588,0.362876832485199,0.22979693114757538,0.3884551525115967,0.3884551525115967,0.46504783630371094
70#1,PC_ON,slow_1Hz,AC_off,logit,0.40795958042144775,0.40795958042144775,1313.3333333333335,1013.3333333333335,0.7695398926734924,0.017208337783813477,7.68899917602539e-06,0.11182396858930588,0.29508042335510254,0.11182396858930588,0.36297354102134705,0.22977901995182037,0.3939048647880554,0.3939048647880554,0.4649963080883026
70#1,PC_ON,slow_2Hz,AC_off,logit,0.4051530361175537,0.4051530361175537,1820.0,1520.0,0.7695416808128357,0.014401793479919434,9.47713851928711e-06,0.11182396858930588,0.2925127148628235,0.11182396858930588,0.3649146556854248,0.22989153861999512,0.39309418201446533,0.39309418201446533,0.4648903012275696
70#1,PC_ON,rapid_10Hz,AC_off,logit,0.3897331953048706,0.3897331953048706,426.6666666666667,126.66666666666669,0.7695351243019104,-0.0010180473327636719,2.9206275939941406e-06,0.11182396858930588,0.2745586633682251,0.11182396858930588,0.33923688530921936,0.22912436723709106,0.30857396125793457,0.30857396125793457,0.4645335078239441
70#1,PC_ON,rapid_20Hz,AC_off,logit,0.38923490047454834,0.38923490047454834,420.0,120.0,0.769533634185791,-0.0015163421630859375,1.430511474609375e-06,0.11187625676393509,0.2732574939727783,0.11187625676393509,0.2622049152851105,0.2277832329273224,0.2533612847328186,0.2533612847328186,0.4645196497440338
70#1,PC_ON,transient_50ms,AC_off,logit,0.3927789330482483,0.3927789330482483,1393.3333333333335,1093.3333333333335,0.7695311903953552,0.0020276904106140137,-1.0132789611816406e-06,0.11182396858930588,0.2725619077682495,0.11182396858930588,0.3385631740093231,0.22681452333927155,0.30699408054351807,0.30699408054351807,0.4645330011844635
70#1,PC_ON,large_field_50ms,AC_off,logit,-0.297194242477417,0.297194242477417,1360.0,1060.0,-1.9868215961338365e-09,-0.6057683229446411,3.9736414159108335e-10,0.11081802845001221,0.2207653671503067,0.11081802845001221,0.2207653671503067,0.019522545859217644,-0.2767525911331177,0.2767525911331177,-3.5762788286319847e-09
70#1,PC_ON,slow_step,AC_off,probability,0.08378437161445618,0.08378437161445618,2300.0,2000.0,0.15708376467227936,0.0038425028324127197,-2.8774142265319824e-05,0.021945931017398834,0.05960715934634209,0.021945931017398834,0.07381594926118851,0.047232501208782196,0.07895205914974213,0.07895205914974213,0.09558337181806564
70#1,PC_ON,slow_1Hz,AC_off,probability,0.08375316858291626,0.08375316858291626,1313.3333333333335,1013.3333333333335,0.15707750618457794,0.0038112998008728027,-3.503262996673584e-05,0.021945931017398834,0.059581007808446884,0.021945931017398834,0.07383710145950317,0.047294456511735916,0.0801609456539154,0.0801609456539154,0.09570413827896118
70#1,PC_ON,slow_2Hz,AC_off,probability,0.08313006162643433,0.08313006162643433,1320.0,1020.0,0.1570715457201004,0.003188192844390869,-4.09930944442749e-05,0.021945931017398834,0.05903049185872078,0.021945931017398834,0.07426171749830246,0.04745614528656006,0.0799715667963028,0.0799715667963028,0.09596088528633118
70#1,PC_ON,rapid_10Hz,AC_off,probability,0.07971709966659546,0.07971709966659546,426.6666666666667,126.66666666666669,0.1570967584848404,-0.00022476911544799805,-1.5780329704284668e-05,0.021945931017398834,0.05520514398813248,0.021945931017398834,0.06869698315858841,0.048164524137973785,0.06412699818611145,0.06412699818611145,0.09763669222593307
70#1,PC_ON,rapid_20Hz,AC_off,probability,0.07960709929466248,0.07960709929466248,420.0,120.0,0.15710483491420746,-0.00033476948738098145,-7.703900337219238e-06,0.021956931799650192,0.05493667721748352,0.021956931799650192,0.05242028459906578,0.048018574714660645,0.05330130457878113,0.05330130457878113,0.09787891805171967
70#1,PC_ON,transient_50ms,AC_off,probability,0.0803898274898529,0.0803898274898529,1393.3333333333335,1093.3333333333335,0.15711386501789093,0.00044795870780944824,1.3262033462524414e-06,0.021945931017398834,0.054797835648059845,0.021945931017398834,0.06854947656393051,0.04780387878417969,0.0626889169216156,0.0626889169216156,0.09782738238573074
70#1,PC_ON,large_field_50ms,AC_off,probability,0.05962076783180237,0.05962076783180237,360.0,60.0,0.00035101265530101955,-0.002434670925140381,-3.780078259296715e-05,0.02173716574907303,0.043742723762989044,0.02173716574907303,0.043742723762989044,0.0036499372217804193,0.05577579140663147,0.05577579140663147,0.00034082820639014244
70#7,PC_ON,slow_step,normal,logit,0.4536515474319458,0.4536515474319458,2313.3333333333335,2013.3333333333335,0.4765927195549011,0.17611920833587646,-0.0008322596549987793,0.06572370231151581,0.31461769342422485,0.06572370231151581,0.09673693776130676,0.0,0.0,0.0,0.0
70#7,PC_ON,slow_1Hz,normal,logit,0.45366501808166504,0.45366501808166504,2313.3333333333335,2013.3333333333335,0.4766813814640045,0.1761326789855957,-0.0007435977458953857,0.06572370231151581,0.31462976336479187,0.06572370231151581,0.09673486649990082,0.0,0.0,0.0,0.0
70#7,PC_ON,slow_2Hz,normal,logit,0.4539504051208496,0.4539504051208496,2313.3333333333335,2013.3333333333335,0.4768578112125397,0.17641806602478027,-0.0005671679973602295,0.06572370231151581,0.31488436460494995,0.06572370231151581,0.09218638390302658,0.0,0.0,0.0,0.0
70#7,PC_ON,rapid_10Hz,normal,logit,0.3447539806365967,0.3447539806365967,420.0,120.0,0.4774104952812195,0.06722164154052734,-1.4483928680419922e-05,0.06572370231151581,0.2313982993364334,0.06572370231151581,0.1624492108821869,0.0,0.0,0.0,0.0
70#7,PC_ON,rapid_20Hz,normal,logit,0.260852575302124,0.260852575302124,373.33333333333337,73.33333333333337,0.4774291515350342,-0.016679763793945312,4.172325134277344e-06,0.0725073367357254,0.16606110334396362,0.0725073367357254,0.1963692605495453,0.0,0.0,0.0,0.0
70#7,PC_ON,transient_50ms,normal,logit,0.39433753490448,0.39433753490448,1366.6666666666667,1066.6666666666667,0.47740259766578674,0.11680519580841064,-2.238154411315918e-05,0.06572370231151581,0.13678725063800812,0.06572370231151581,0.128355473279953,0.0,0.0,0.0,0.0
70#7,PC_ON,large_field_50ms,normal,logit,0.1586512327194214,0.1586512327194214,346.6666666666667,46.666666666666686,7.947286162490741e-10,-0.12135124206542969,7.947286162490741e-10,0.06539614498615265,0.02234356664121151,0.06539614498615265,0.02234356664121151,0.0,0.0,0.0,0.0
70#7,PC_ON,slow_step,normal,probability,0.0851178765296936,0.0851178765296936,2313.3333333333335,2013.3333333333335,0.08863171935081482,0.0353112518787384,0.0038000643253326416,0.011361612007021904,0.05793081969022751,0.011361612007021904,0.016789911314845085,0.0,0.0,0.0,0.0
70#7,PC_ON,slow_1Hz,normal,probability,0.08512067794799805,0.08512067794799805,2313.3333333333335,2013.3333333333335,0.08843005448579788,0.03531405329704285,0.0035983994603157043,0.011361612007021904,0.05793321132659912,0.011361612007021904,0.016789546236395836,0.0,0.0,0.0,0.0
70#7,PC_ON,slow_2Hz,normal,probability,0.0851801335811615,0.0851801335811615,2313.3333333333335,2013.3333333333335,0.08801747858524323,0.0353735089302063,0.0031858235597610474,0.011361612007021904,0.0579836368560791,0.011361612007021904,0.015933271497488022,0.0,0.0,0.0,0.0
70#7,PC_ON,rapid_10Hz,normal,probability,0.06295713782310486,0.06295713782310486,420.0,120.0,0.0852304995059967,0.013150513172149658,0.00039884448051452637,0.011361612007021904,0.041469477117061615,0.011361612007021904,0.02832835353910923,0.0,0.0,0.0,0.0
70#7,PC_ON,rapid_20Hz,normal,probability,0.046607792377471924,0.046607792377471924,373.33333333333337,73.33333333333337,0.08480290323495865,-0.0031988322734832764,-2.8751790523529053e-05,0.01260264404118061,0.029278378933668137,0.01260264404118061,0.03467276692390442,0.0,0.0,0.0,0.0
70#7,PC_ON,transient_50ms,normal,probability,0.07291832566261292,0.07291832566261292,1366.6666666666667,1066.6666666666667,0.0849238783121109,0.023111701011657715,9.222328662872314e-05,0.011361612007021904,0.02416323684155941,0.011361612007021904,0.022131459787487984,0.0,0.0,0.0,0.0
70#7,PC_ON,large_field_50ms,normal,probability,0.02757561206817627,0.02757561206817627,346.6666666666667,46.666666666666686,0.00011398315837141126,-0.022706925868988037,-0.00017729321552906185,0.011302029713988304,0.004190174397081137,0.011302029713988304,0.004190174397081137,0.0,0.0,0.0,0.0
70#7,PC_ON,slow_step,H1_off,logit,0.4518851041793823,0.4518851041793823,2313.3333333333335,2013.3333333333335,0.48025381565093994,0.17120182514190674,-0.0007992088794708252,0.06618236005306244,0.3130255937576294,0.06618236005306244,0.10152116417884827,0.004131263121962547,0.013786911964416504,0.013786911964416504,0.0036610497627407312
70#7,PC_ON,slow_1Hz,H1_off,logit,0.4518987536430359,0.4518987536430359,2313.3333333333335,2013.3333333333335,0.4803429841995239,0.1712154746055603,-0.0007100403308868408,0.06618236005306244,0.3130378723144531,0.06618236005306244,0.10151894390583038,0.004805267788469791,0.017321348190307617,0.017321348190307617,0.003661546390503645
70#7,PC_ON,slow_2Hz,H1_off,logit,0.45218420028686523,0.45218420028686523,2313.3333333333335,2013.3333333333335,0.4805201292037964,0.17150092124938965,-0.0005328953266143799,0.06618236005306244,0.31329280138015747,0.06618236005306244,0.09721682965755463,0.006145942024886608,0.017323613166809082,0.017323613166809082,0.0036623061168938875
70#7,PC_ON,rapid_10Hz,H1_off,logit,0.3383643627166748,0.3383643627166748,2313.3333333333335,2013.3333333333335,0.48104339838027954,0.05768108367919922,-9.626150131225586e-06,0.06618236005306244,0.22516970336437225,0.06618236005306244,0.17392981052398682,0.008522546850144863,0.014701008796691895,0.014701008796691895,0.00363294524140656
70#7,PC_ON,rapid_20Hz,H1_off,logit,0.271213173866272,0.271213173866272,366.6666666666667,66.66666666666669,0.4810570478439331,-0.009470105171203613,4.023313522338867e-06,0.07296666502952576,0.16708910465240479,0.07296666502952576,0.20135408639907837,0.003736762562766671,0.010864973068237305,0.010864973068237305,0.003627859754487872
70#7,PC_ON,transient_50ms,H1_off,logit,0.3873823881149292,0.3873823881149292,1366.6666666666667,1066.6666666666667,0.4810320734977722,0.10669910907745361,-2.0951032638549805e-05,0.06618236005306244,0.13846348226070404,0.06618236005306244,0.14003494381904602,0.002216954715549946,0.013881325721740723,0.013881325721740723,0.0036294381134212017
70#7,PC_ON,large_field_50ms,H1_off,logit,0.16466760635375977,0.16466760635375977,346.6666666666667,46.666666666666686,7.947286162490741e-10,-0.11848568916320801,7.947286162490741e-10,0.06618236005306244,0.042278952896595,0.06618236005306244,0.042278952896595,0.001816054224036634,0.023869633674621582,0.023869633674621582,0.0
70#7,PC_ON,slow_step,H1_off,probability,0.0847502052783966,0.0847502052783966,2313.3333333333335,2013.3333333333335,0.08916334807872772,0.03433641791343689,0.0036426857113838196,0.01144508644938469,0.057615675032138824,0.01144508644938469,0.017622284591197968,0.0007446681265719235,-0.0027785897254943848,0.0027785897254943848,0.0005316254682838917
70#7,PC_ON,slow_1Hz,H1_off,probability,0.08475303649902344,0.08475303649902344,2313.3333333333335,2013.3333333333335,0.08894657343626022,0.03433924913406372,0.003425911068916321,0.01144508644938469,0.05761810019612312,0.01144508644938469,0.01762188971042633,0.0008733226568438113,0.0030351579189300537,0.0030351579189300537,0.0005165378097444773
70#7,PC_ON,slow_2Hz,H1_off,probability,0.08481243252754211,0.08481243252754211,2313.3333333333335,2013.3333333333335,0.08850425481796265,0.0343986451625824,0.002983592450618744,0.01144508644938469,0.057668536901474,0.01144508644938469,0.01681053452193737,0.0011291953269392252,0.0030357539653778076,0.0030357539653778076,0.0004867779207415879
70#7,PC_ON,rapid_10Hz,H1_off,probability,0.06168946623802185,0.06168946623802185,2313.3333333333335,2013.3333333333335,0.08582551777362823,0.011275678873062134,0.0003048554062843323,0.01144508644938469,0.0403202585875988,0.01144508644938469,0.03042009472846985,0.0016004880890250206,0.0026818662881851196,0.0026818662881851196,0.0005950095364823937
70#7,PC_ON,rapid_20Hz,H1_off,probability,0.04859170317649841,0.04859170317649841,366.6666666666667,66.66666666666669,0.08550208061933517,-0.0018220841884613037,-1.8581748008728027e-05,0.012687897309660912,0.029500136151909828,0.012687897309660912,0.0356198325753212,0.0007082761730998755,0.0020802319049835205,0.0020802319049835205,0.000699178664945066
70#7,PC_ON,transient_50ms,H1_off,probability,0.07150790095329285,0.07150790095329285,1366.6666666666667,1066.6666666666667,0.08560355752706528,0.02109411358833313,8.289515972137451e-05,0.01144508644938469,0.0244660135358572,0.01144508644938469,0.02422073669731617,0.0004181817057542503,0.0024721473455429077,0.0024721473455429077,0.0006796725792810321
70#7,PC_ON,large_field_50ms,H1_off,probability,0.028668686747550964,0.028668686747550964,346.6666666666667,46.666666666666686,0.00012379458348732442,-0.022221729159355164,-0.000173232561792247,0.01144508644938469,0.00755561888217926,0.01144508644938469,0.00755561888217926,0.0003018188872374594,0.004074767231941223,0.004074767231941223,9.811421477934346e-06
70#7,PC_ON,slow_step,AC_off,logit,0.5403981804847717,0.5403981804847717,1466.6666666666667,1166.6666666666667,1.0174850225448608,0.028830885887145996,-9.298324584960938e-06,0.14892730116844177,0.3904370069503784,0.14892730116844177,0.4787467420101166,0.26777029037475586,0.4538447856903076,0.4538447856903076,0.5408922433853149
70#7,PC_ON,slow_1Hz,AC_off,logit,0.5403999090194702,0.5403999090194702,966.6666666666667,666.6666666666667,1.017486810684204,0.028832614421844482,-7.510185241699219e-06,0.14892730116844177,0.3904391825199127,0.14892730116844177,0.478757381439209,0.26772740483283997,0.4538447856903076,0.4538447856903076,0.5408053994178772
70#7,PC_ON,slow_2Hz,AC_off,logit,0.5404396057128906,0.5404396057128906,713.3333333333334,413.33333333333337,1.0174903869628906,0.028872311115264893,-3.933906555175781e-06,0.14892730116844177,0.39048540592193604,0.14892730116844177,0.47852474451065063,0.26765236258506775,0.4538447856903076,0.4538447856903076,0.5406325459480286
70#7,PC_ON,rapid_10Hz,AC_off,logit,0.531014621257782,0.531014621257782,440.0,140.0,1.0174975395202637,0.01944732666015625,3.2186508178710938e-06,0.14892730116844177,0.36928242444992065,0.14892730116844177,0.4625168442726135,0.2656770646572113,0.36405229568481445,0.36405229568481445,0.5400869846343994
70#7,PC_ON,rapid_20Hz,AC_off,logit,0.5175647139549255,0.5175647139549255,440.0,140.0,1.017496109008789,0.005997419357299805,1.7881393432617188e-06,0.14892730116844177,0.36088502407073975,0.14892730116844177,0.3707124590873718,0.26387515664100647,0.29317706823349,0.29317706823349,0.5400668978691101
70#7,PC_ON,transient_50ms,AC_off,logit,0.5347649455070496,0.5347649455070496,1386.6666666666667,1086.6666666666667,1.017491340637207,0.023197650909423828,-2.9802322387695312e-06,0.14892730116844177,0.3596518635749817,0.14892730116844177,0.46195173263549805,0.2627083659172058,0.35451412200927734,0.35451412200927734,0.5400887131690979
70#7,PC_ON,large_field_50ms,AC_off,logit,-0.42960453033447266,0.42960453033447266,1360.0,1060.0,-3.9736430812453705e-10,0.033564090728759766,2.384185793236071e-09,0.14786823093891144,0.29318767786026,0.14786823093891144,0.29318767786026,0.020697064697742462,0.31517910957336426,0.31517910957336426,-1.19209286886246e-09
70#7,PC_ON,slow_step,AC_off,probability,0.1034955084323883,0.1034955084323883,1466.6666666666667,1166.6666666666667,0.1932758092880249,0.006176769733428955,3.4481287002563477e-05,0.026912817731499672,0.07318071275949478,0.026912817731499672,0.09037058055400848,0.051804669201374054,0.08617106080055237,0.08617106080055237,0.10464410483837128
70#7,PC_ON,slow_1Hz,AC_off,probability,0.10349589586257935,0.10349589586257935,966.6666666666667,666.6666666666667,0.19327275454998016,0.006177157163619995,3.142654895782471e-05,0.026912817731499672,0.0731811374425888,0.026912817731499672,0.09037283062934875,0.05190405994653702,0.08617106080055237,0.08617106080055237,0.10484269261360168
70#7,PC_ON,slow_2Hz,AC_off,probability,0.10350444912910461,0.10350444912910461,713.3333333333334,413.33333333333337,0.19326630234718323,0.006185710430145264,2.4974346160888672e-05,0.026912817731499672,0.07319062203168869,0.026912817731499672,0.09032364934682846,0.05210919305682182,0.08617106080055237,0.08617106080055237,0.1052488386631012
70#7,PC_ON,rapid_10Hz,AC_off,probability,0.10147780179977417,0.10147780179977417,440.0,140.0,0.19322647154331207,0.004159063100814819,-1.4856457710266113e-05,0.026912817731499672,0.06877097487449646,0.026912817731499672,0.08698000758886337,0.053153280168771744,0.07145503163337708,0.07145503163337708,0.10799596458673477
70#7,PC_ON,rapid_20Hz,AC_off,probability,0.09859809279441833,0.09859809279441833,440.0,140.0,0.19322796165943146,0.0012793540954589844,-1.3366341590881348e-05,0.026912817731499672,0.0671570748090744,0.026912817731499672,0.06866773962974548,0.05304047837853432,0.05885733664035797,0.05885733664035797,0.1084250807762146
70#7,PC_ON,transient_50ms,AC_off,probability,0.10228335857391357,0.10228335857391357,1386.6666666666667,1086.6666666666667,0.19324497878551483,0.004964619874954224,3.6507844924926758e-06,0.026912817731499672,0.06697886437177658,0.026912817731499672,0.08686099946498871,0.05278691276907921,0.06874829530715942,0.06874829530715942,0.10832110047340393
70#7,PC_ON,large_field_50ms,AC_off,probability,0.08013525605201721,0.08013525605201721,360.0,60.0,0.0006864686729386449,-0.006968200206756592,-0.0001339211594313383,0.02669919840991497,0.05363432690501213,0.02669919840991497,0.05363432690501213,0.003439577529206872,0.059956327080726624,0.059956327080726624,0.0005724855582229793
70#15,PC_ON,slow_step,normal,logit,0.502579927444458,0.502579927444458,1506.6666666666667,1206.6666666666667,0.533437192440033,0.21456587314605713,-0.0010039210319519043,0.051402658224105835,0.3789065182209015,0.051402658224105835,0.10362625122070312,0.0,0.0,0.0,0.0
70#15,PC_ON,slow_1Hz,normal,logit,0.5025798082351685,0.5025798082351685,1006.6666666666667,706.6666666666667,0.5335535407066345,0.21456575393676758,-0.0008875727653503418,0.051402658224105835,0.3789212107658386,0.051402658224105835,0.1036243587732315,0.0,0.0,0.0,0.0
70#15,PC_ON,slow_2Hz,normal,logit,0.5025742053985596,0.5025742053985596,760.0,460.0,0.5337844491004944,0.2145601511001587,-0.0006566643714904785,0.051402658224105835,0.3792226314544678,0.051402658224105835,0.09955094754695892,0.0,0.0,0.0,0.0
70#15,PC_ON,rapid_10Hz,normal,logit,0.34876763820648193,0.34876763820648193,420.0,120.0,0.5344340205192566,0.060753583908081055,-7.092952728271484e-06,0.051402658224105835,0.2597951889038086,0.051402658224105835,0.15470130741596222,0.0,0.0,0.0,0.0
70#15,PC_ON,rapid_20Hz,normal,logit,0.29207026958465576,0.29207026958465576,420.0,120.0,0.5344446897506714,0.004056215286254883,3.5762786865234375e-06,0.058844298124313354,0.20807316899299622,0.058844298124313354,0.16379417479038239,0.0,0.0,0.0,0.0
70#15,PC_ON,transient_50ms,normal,logit,0.41598236560821533,0.41598236560821533,1373.3333333333335,1073.3333333333335,0.5344110727310181,0.12796831130981445,-3.0040740966796875e-05,0.051402658224105835,0.1798408478498459,0.051402658224105835,0.12057705968618393,0.0,0.0,0.0,0.0
70#15,PC_ON,large_field_50ms,normal,logit,0.10615670680999756,0.10615670680999756,346.6666666666667,46.666666666666686,0.0,-0.1281287670135498,7.947286162490741e-10,0.0511627197265625,0.03449172526597977,0.0511627197265625,0.03449172526597977,0.0,0.0,0.0,0.0
70#15,PC_ON,slow_step,normal,probability,0.07048030197620392,0.07048030197620392,1506.6666666666667,1206.6666666666667,0.07370021194219589,0.03295738995075226,0.004618778824806213,0.006237238645553589,0.05155850946903229,0.006237238645553589,0.012873759493231773,0.0,0.0,0.0,0.0
70#15,PC_ON,slow_1Hz,normal,probability,0.07048028707504272,0.07048028707504272,1006.6666666666667,706.6666666666667,0.07339035719633102,0.032957375049591064,0.004308924078941345,0.006237238645553589,0.05156078189611435,0.006237238645553589,0.012873521074652672,0.0,0.0,0.0,0.0
70#15,PC_ON,slow_2Hz,normal,probability,0.0704793781042099,0.0704793781042099,760.0,460.0,0.07276034355163574,0.03295646607875824,0.0036789104342460632,0.006237238645553589,0.05160720646381378,0.006237238645553589,0.012308022938668728,0.0,0.0,0.0,0.0
70#15,PC_ON,rapid_10Hz,normal,probability,0.04641035199165344,0.04641035199165344,420.0,120.0,0.06931225955486298,0.008887439966201782,0.00023082643747329712,0.006237238645553589,0.03369780629873276,0.006237238645553589,0.01935303397476673,0.0,0.0,0.0,0.0
70#15,PC_ON,rapid_20Hz,normal,probability,0.03810545802116394,0.03810545802116394,420.0,120.0,0.06907011568546295,0.0005825459957122803,-1.1317431926727295e-05,0.007191373035311699,0.02653135359287262,0.007191373035311699,0.020601529628038406,0.0,0.0,0.0,0.0
70#15,PC_ON,transient_50ms,normal,probability,0.05665038526058197,0.05665038526058197,1373.3333333333335,1073.3333333333335,0.06921271234750748,0.01912747323513031,0.00013127923011779785,0.006237238645553589,0.022829242050647736,0.006237238645553589,0.01482332218438387,0.0,0.0,0.0,0.0
70#15,PC_ON,large_field_50ms,normal,probability,0.01296466588973999,0.01296466588973999,346.6666666666667,46.666666666666686,4.33511049777735e-05,-0.016986578702926636,-0.00015520846864092164,0.006206970661878586,0.004219538532197475,0.006206970661878586,0.004219538532197475,0.0,0.0,0.0,0.0
70#15,PC_ON,slow_step,H1_off,logit,0.502071738243103,0.502071738243103,1513.3333333333335,1213.3333333333335,0.534367561340332,0.2134155035018921,-0.0009950995445251465,0.051720380783081055,0.37858492136001587,0.051720380783081055,0.10455814003944397,0.0009691353770904243,0.002052903175354004,0.002052903175354004,0.0009303061524406075
70#15,PC_ON,slow_1Hz,H1_off,logit,0.5020714998245239,0.5020714998245239,1013.3333333333334,713.3333333333334,0.5344834327697754,0.213415265083313,-0.0008792281150817871,0.051720380783081055,0.3785996437072754,0.051720380783081055,0.10455618798732758,0.001046645687893033,0.0023528337478637695,0.0023528337478637695,0.0009299429366365075
70#15,PC_ON,slow_2Hz,H1_off,logit,0.5020668506622314,0.5020668506622314,766.6666666666667,466.66666666666674,0.5347136855125427,0.2134106159210205,-0.0006489753723144531,0.051720380783081055,0.3788924813270569,0.051720380783081055,0.10053478181362152,0.001198739162646234,0.002352595329284668,0.002352595329284668,0.000929200672544539
70#15,PC_ON,rapid_10Hz,H1_off,logit,0.34825217723846436,0.34825217723846436,420.0,120.0,0.5353559255599976,0.05959594249725342,-6.735324859619141e-06,0.051720380783081055,0.25941741466522217,0.051720380783081055,0.15611542761325836,0.0006560766487382352,0.0017598867416381836,0.0017598867416381836,0.0009219145867973566
70#15,PC_ON,rapid_20Hz,H1_off,logit,0.29243624210357666,0.29243624210357666,420.0,120.0,0.5353662371635437,0.0037800073623657227,3.5762786865234375e-06,0.0591484010219574,0.20823979377746582,0.0591484010219574,0.1644618809223175,0.00046378851402550936,0.0010368824005126953,0.0010368824005126953,0.0009215768659487367
70#15,PC_ON,transient_50ms,H1_off,logit,0.4152151346206665,0.4152151346206665,1373.3333333333335,1073.3333333333335,0.5353330373764038,0.12655889987945557,-2.962350845336914e-05,0.051720380783081055,0.18020564317703247,0.051720380783081055,0.12218941748142242,0.0004894272424280643,0.001819610595703125,0.001819610595703125,0.0009218812338076532
70#15,PC_ON,large_field_50ms,H1_off,logit,0.10807037353515625,0.10807037353515625,346.6666666666667,46.666666666666686,0.0,0.34285151958465576,1.5894572324981482e-09,0.051720380783081055,0.03688032180070877,0.051720380783081055,0.03688032180070877,0.00023789961414877325,0.002906322479248047,0.002906322479248047,0.0
70#15,PC_ON,slow_step,H1_off,probability,0.07039704918861389,0.07039704918861389,1513.3333333333335,1213.3333333333335,0.07379083335399628,0.032782018184661865,0.004578731954097748,0.006277343258261681,0.051508042961359024,0.006277343258261681,0.012988358736038208,0.00012770741886924952,0.0002526789903640747,0.0002526789903640747,9.062350000021979e-05
70#15,PC_ON,slow_1Hz,H1_off,probability,0.07039700448513031,0.07039700448513031,1013.3333333333334,713.3333333333334,0.07347999513149261,0.032781973481178284,0.004267893731594086,0.006277343258261681,0.05151031166315079,0.006277343258261681,0.01298811286687851,0.00013920619676355273,0.0002920180559158325,0.0002920180559158325,8.962790161604062e-05
70#15,PC_ON,slow_2Hz,H1_off,probability,0.07039624452590942,0.07039624452590942,766.6666666666667,466.66666666666674,0.07284809648990631,0.0327812135219574,0.003635995090007782,0.006277343258261681,0.05155537277460098,0.006277343258261681,0.012429659254848957,0.0001617975503904745,0.0002919882535934448,0.0002919882535934448,8.774996240390465e-05
70#15,PC_ON,rapid_10Hz,H1_off,probability,0.04633347690105438,0.04633347690105438,420.0,120.0,0.06943610310554504,0.008718445897102356,0.0002240017056465149,0.006277343258261681,0.03364568203687668,0.006277343258261681,0.019537221640348434,9.054283145815134e-05,0.00022576749324798584,0.00022576749324798584,0.00012384116416797042
70#15,PC_ON,rapid_20Hz,H1_off,probability,0.038158103823661804,0.038158103823661804,420.0,120.0,0.06920046359300613,0.0005430728197097778,-1.163780689239502e-05,0.007230360060930252,0.026556294411420822,0.007230360060930252,0.02069021388888359,6.540005415445194e-05,0.00013870000839233398,0.00013870000839233398,0.00013035019219387323
70#15,PC_ON,transient_50ms,H1_off,probability,0.05653107166290283,0.05653107166290283,1373.3333333333335,1073.3333333333335,0.06934172660112381,0.018916040658950806,0.00012962520122528076,0.006277343258261681,0.022878749296069145,0.006277343258261681,0.015029817819595337,6.877750274725258e-05,0.00023145973682403564,0.00023145973682403564,0.00012899776629637927
70#15,PC_ON,large_field_50ms,H1_off,probability,0.013207480311393738,0.013207480311393738,346.6666666666667,46.666666666666686,4.492183506954461e-05,-0.01681235432624817,-0.0001545110862934962,0.006277343258261681,0.004509229678660631,0.006277343258261681,0.004509229678660631,2.7973379474133253e-05,0.0003592967987060547,0.0003592967987060547,1.5707314560131636e-06
70#15,PC_ON,slow_step,AC_off,logit,0.5618151426315308,0.5618151426315308,1566.6666666666667,1266.6666666666667,1.1088554859161377,0.004415154457092285,1.6689300537109375e-06,0.13167259097099304,0.4299613833427429,0.13167259097099304,0.5478262305259705,0.2859070599079132,0.5162398815155029,0.5162398815155029,0.5754183530807495
70#15,PC_ON,slow_1Hz,AC_off,logit,0.5618158578872681,0.5618158578872681,1066.6666666666667,766.6666666666667,1.1088556051254272,0.00441586971282959,1.7881393432617188e-06,0.13167259097099304,0.4299619793891907,0.13167259097099304,0.5478403568267822,0.28584975004196167,0.5162398815155029,0.5162398815155029,0.5753021836280823
70#15,PC_ON,slow_2Hz,AC_off,logit,0.5618323087692261,0.5618323087692261,793.3333333333334,493.33333333333337,1.108855962753296,0.004432320594787598,2.1457672119140625e-06,0.13167259097099304,0.4299698770046234,0.13167259097099304,0.5480541586875916,0.28575044870376587,0.5162398815155029,0.5162398815155029,0.5750713348388672
70#15,PC_ON,rapid_10Hz,AC_off,logit,0.558303952217102,0.558303952217102,426.6666666666667,126.66666666666669,1.10885488986969,0.0009039640426635742,1.0728836059570312e-06,0.13167259097099304,0.42429888248443604,0.13167259097099304,0.4630785584449768,0.28209659457206726,0.36305010318756104,0.36305010318756104,0.5744208097457886
70#15,PC_ON,rapid_20Hz,AC_off,logit,0.5572293996810913,0.5572293996810913,426.6666666666667,126.66666666666669,1.1088544130325317,-0.00017058849334716797,5.960464477539062e-07,0.13170090317726135,0.42338675260543823,0.13170090317726135,0.33395105600357056,0.2801187038421631,0.3054271936416626,0.3054271936416626,0.5744097828865051
70#15,PC_ON,transient_50ms,AC_off,logit,0.5585225820541382,0.5585225820541382,1386.6666666666667,1086.6666666666667,1.1088531017303467,0.001122593879699707,-7.152557373046875e-07,0.13167259097099304,0.4229600131511688,0.13167259097099304,0.46266886591911316,0.2786741256713867,0.3719977140426636,0.3719977140426636,0.5744419693946838
70#15,PC_ON,large_field_50ms,AC_off,logit,-0.39943087100982666,0.39943087100982666,1360.0,1060.0,-1.5894572324981482e-09,-0.8056176900863647,2.3841859597695247e-09,0.13106030225753784,0.33109065890312195,0.13106030225753784,0.33109065890312195,0.025438131764531136,0.32527220249176025,0.32527220249176025,-1.5894572324981482e-09
70#15,PC_ON,slow_step,AC_off,probability,0.08035548031330109,0.08035548031330109,1566.6666666666667,1266.6666666666667,0.15784238278865814,0.0007476955652236938,-6.496906280517578e-06,0.0168962050229311,0.05954644829034805,0.0168962050229311,0.0779929980635643,0.04180263727903366,0.07423639297485352,0.07423639297485352,0.08414216339588165
70#15,PC_ON,slow_1Hz,AC_off,probability,0.08035561442375183,0.08035561442375183,1066.6666666666667,766.6666666666667,0.1578420102596283,0.0007478296756744385,-6.8694353103637695e-06,0.0168962050229311,0.05954655259847641,0.0168962050229311,0.07799537479877472,0.04195747897028923,0.07423639297485352,0.07423639297485352,0.08445163816213608
70#15,PC_ON,slow_2Hz,AC_off,probability,0.08035841584205627,0.08035841584205627,793.3333333333334,493.33333333333337,0.15784122049808502,0.0007506310939788818,-7.659196853637695e-06,0.0168962050229311,0.0595477856695652,0.0168962050229311,0.07803131639957428,0.042274296283721924,0.07423639297485352,0.07423639297485352,0.08508086204528809
70#15,PC_ON,rapid_10Hz,AC_off,probability,0.07976073026657104,0.07976073026657104,426.6666666666667,126.66666666666669,0.15784336626529694,0.00015294551849365234,-5.513429641723633e-06,0.0168962050229311,0.05864056572318077,0.0168962050229311,0.06421492993831635,0.043508898466825485,0.055018723011016846,0.055018723011016846,0.08853109925985336
70#15,PC_ON,rapid_20Hz,AC_off,probability,0.0795789361000061,0.0795789361000061,426.6666666666667,126.66666666666669,0.15784628689289093,-2.8848648071289062e-05,-2.592802047729492e-06,0.01690036430954933,0.0585026778280735,0.01690036430954933,0.04476461559534073,0.043368373066186905,0.04713080823421478,0.04713080823421478,0.08877618610858917
70#15,PC_ON,transient_50ms,AC_off,probability,0.07979772984981537,0.07979772984981537,1386.6666666666667,1086.6666666666667,0.1578507423400879,0.00018994510173797607,1.862645149230957e-06,0.0168962050229311,0.058443453162908554,0.0168962050229311,0.0641472190618515,0.04311635345220566,0.055166661739349365,0.055166661739349365,0.08863803744316101
70#15,PC_ON,large_field_50ms,AC_off,probability,0.05408883094787598,0.05408883094787598,360.0,60.0,0.0006474371766671538,-0.0010424256324768066,-3.0435912776738405e-05,0.01680893637239933,0.04397555813193321,0.01680893637239933,0.04397555813193321,0.0030031204223632812,0.04492558538913727,0.04492558538913727,0.0006040860898792744
70#34,MC_ON,slow_step,normal,logit,0.4486759901046753,0.4486759901046753,1486.6666666666667,1186.6666666666667,0.42508089542388916,0.14535701274871826,-0.00098419189453125,0.108347088098526,0.28587594628334045,0.108347088098526,0.0314142107963562,0.0,0.0,0.0,0.0
70#34,MC_ON,slow_1Hz,normal,logit,0.448675274848938,0.448675274848938,986.6666666666667,686.6666666666667,0.4251842796802521,0.14535629749298096,-0.000880807638168335,0.108347088098526,0.2858904004096985,0.108347088098526,0.03140929341316223,0.0,0.0,0.0,0.0
70#34,MC_ON,slow_2Hz,normal,logit,0.44865870475769043,0.44865870475769043,740.0,440.0,0.4253906011581421,0.1453397274017334,-0.0006744861602783203,0.108347088098526,0.2861901521682739,0.108347088098526,0.026017069816589355,0.0,0.0,0.0,0.0
70#34,MC_ON,rapid_10Hz,normal,logit,0.32459044456481934,0.32459044456481934,426.6666666666667,126.66666666666669,0.4260532855987549,0.021271467208862305,-1.1801719665527344e-05,0.108347088098526,0.16959846019744873,0.108347088098526,0.13615135848522186,0.0,0.0,0.0,0.0
70#34,MC_ON,rapid_20Hz,normal,logit,0.24906766414642334,0.24906766414642334,373.33333333333337,73.33333333333337,0.4260715842247009,-0.05425131320953369,6.496906280517578e-06,0.1108575314283371,0.1017911434173584,0.1108575314283371,0.2217041254043579,0.0,0.0,0.0,0.0
70#34,MC_ON,transient_50ms,normal,logit,0.38272857666015625,0.38272857666015625,1373.3333333333335,1073.3333333333335,0.4260457158088684,0.07940959930419922,-1.9371509552001953e-05,0.108347088098526,0.07765673100948334,0.108347088098526,0.11161459982395172,0.0,0.0,0.0,0.0
70#34,MC_ON,large_field_50ms,normal,logit,0.22469544410705566,0.22469544410705566,340.0,40.0,0.0,0.5280145406723022,2.38418573772492e-09,0.10711652040481567,-0.03361019119620323,0.10711652040481567,-0.03361019119620323,0.0,0.0,0.0,0.0
70#34,MC_ON,slow_step,normal,probability,0.06766153872013092,0.06766153872013092,1486.6666666666667,1186.6666666666667,0.06422843039035797,0.024014145135879517,0.004632674157619476,0.015037273988127708,0.0420503243803978,0.015037273988127708,0.004315529018640518,0.0,0.0,0.0,0.0
70#34,MC_ON,slow_1Hz,normal,probability,0.06766138970851898,0.06766138970851898,986.6666666666667,686.6666666666667,0.06396769732236862,0.024013996124267578,0.004371941089630127,0.015037273988127708,0.042052626609802246,0.015037273988127708,0.004314877092838287,0.0,0.0,0.0,0.0
70#34,MC_ON,slow_2Hz,normal,probability,0.06765854358673096,0.06765854358673096,740.0,440.0,0.06343500316143036,0.024011150002479553,0.003839246928691864,0.015037273988127708,0.04210039973258972,0.015037273988127708,0.0035495373886078596,0.0,0.0,0.0,0.0
70#34,MC_ON,rapid_10Hz,normal,probability,0.04703474044799805,0.04703474044799805,426.6666666666667,126.66666666666669,0.06002143397927284,0.003387346863746643,0.00042567774653434753,0.015037273988127708,0.023782486096024513,0.015037273988127708,0.01856767013669014,0.0,0.0,0.0,0.0
70#34,MC_ON,rapid_20Hz,normal,probability,0.03520438075065613,0.03520438075065613,373.33333333333337,73.33333333333337,0.059543780982494354,-0.008443012833595276,-5.1975250244140625e-05,0.015414929017424583,0.014111308380961418,0.015414929017424583,0.031090155243873596,0.0,0.0,0.0,0.0
70#34,MC_ON,transient_50ms,normal,probability,0.056514665484428406,0.056514665484428406,1373.3333333333335,1073.3333333333335,0.059683267027139664,0.012867271900177002,8.751079440116882e-05,0.015037273988127708,0.011080671101808548,0.015037273988127708,0.015117049217224121,0.0,0.0,0.0,0.0
70#34,MC_ON,large_field_50ms,normal,probability,0.03150281310081482,0.03150281310081482,340.0,40.0,0.00024102459428831935,-0.012144580483436584,-8.385509136132896e-05,0.014853173866868019,-0.003404057351872325,0.014853173866868019,-0.003404057351872325,0.0,0.0,0.0,0.0
70#34,MC_ON,slow_step,H1_off,logit,0.4494210481643677,0.4494210481643677,1506.6666666666667,1206.6666666666667,0.42878231406211853,0.14226317405700684,-0.0009710192680358887,0.10963521897792816,0.28671663999557495,0.10963521897792816,0.03298310935497284,0.0026541133411228657,0.01853013038635254,0.01853013038635254,0.0037013832479715347
70#34,MC_ON,slow_1Hz,H1_off,logit,0.4494205713272095,0.4494205713272095,1006.6666666666667,706.6666666666667,0.42888906598091125,0.14226269721984863,-0.0008642673492431641,0.10963521897792816,0.2867316007614136,0.10963521897792816,0.032977744936943054,0.0034916456788778305,0.018837809562683105,0.018837809562683105,0.0037047513760626316
70#34,MC_ON,slow_2Hz,H1_off,logit,0.44940805435180664,0.44940805435180664,753.3333333333334,453.33333333333337,0.42910176515579224,0.1422501802444458,-0.0006515681743621826,0.10963521897792816,0.28703686594963074,0.10963521897792816,0.027930447831749916,0.005164165981113911,0.018842697143554688,0.018842697143554688,0.0037111840210855007
70#34,MC_ON,rapid_10Hz,H1_off,logit,0.31359803676605225,0.31359803676605225,426.6666666666667,126.66666666666669,0.4297482371330261,0.006440162658691406,-5.0961971282958984e-06,0.10963521897792816,0.16173270344734192,0.10963521897792816,0.1514294147491455,0.008939223363995552,0.01852703094482422,0.01852703094482422,0.003694909391924739
70#34,MC_ON,rapid_20Hz,H1_off,logit,0.25890886783599854,0.25890886783599854,373.33333333333337,73.33333333333337,0.42975983023643494,-0.048249006271362305,6.496906280517578e-06,0.11214558780193329,0.10214528441429138,0.11214558780193329,0.22956380248069763,0.003851095912978053,0.0156630277633667,0.0156630277633667,0.0036882616113871336
70#34,MC_ON,transient_50ms,H1_off,logit,0.3755974769592285,0.3755974769592285,1373.3333333333335,1073.3333333333335,0.4297352135181427,0.06843960285186768,-1.811981201171875e-05,0.10963521897792816,0.0788494348526001,0.10963521897792816,0.1273547112941742,0.002386976033449173,0.01852858066558838,0.01852858066558838,0.0036895324010401964
70#34,MC_ON,large_field_50ms,H1_off,logit,0.22993648052215576,0.22993648052215576,340.0,40.0,2.38418573772492e-09,-0.07722139358520508,7.947285052267716e-10,0.10963521897792816,-0.006287642754614353,0.10963521897792816,-0.006287642754614353,0.0029962463304400444,0.034238219261169434,0.034238219261169434,2.38418573772492e-09
70#34,MC_ON,slow_step,H1_off,probability,0.06778985261917114,0.06778985261917114,1506.6666666666667,1206.6666666666667,0.0647164061665535,0.023534342646598816,0.0045561231672763824,0.015230726450681686,0.04218249395489693,0.015230726450681686,0.0045110248029232025,0.0003746570728253573,0.0025702714920043945,0.0025702714920043945,0.0004879712068941444
70#34,MC_ON,slow_1Hz,H1_off,probability,0.06778977811336517,0.06778977811336517,1006.6666666666667,706.6666666666667,0.06443413347005844,0.023534268140792847,0.004273850470781326,0.015230726450681686,0.042184874415397644,0.015230726450681686,0.004510316997766495,0.0004993960610590875,0.002646714448928833,0.002646714448928833,0.00046643338282592595
70#34,MC_ON,slow_2Hz,H1_off,probability,0.06778760254383087,0.06778760254383087,753.3333333333334,453.33333333333337,0.06385869532823563,0.023532092571258545,0.0036984123289585114,0.015230726450681686,0.04223354160785675,0.015230726450681686,0.0037949830293655396,0.0007482935325242579,0.00264778733253479,0.00264778733253479,0.00042368652066215873
70#34,MC_ON,rapid_10Hz,H1_off,probability,0.04527886211872101,0.04527886211872101,426.6666666666667,126.66666666666669,0.06044832244515419,0.0010233521461486816,0.0002880394458770752,0.015230726450681686,0.022650081664323807,0.015230726450681686,0.020746471360325813,0.0013254433870315552,0.0025923550128936768,0.0025923550128936768,0.0004268893681000918
70#34,MC_ON,rapid_20Hz,H1_off,probability,0.0367150753736496,0.0367150753736496,373.33333333333337,73.33333333333337,0.060107141733169556,-0.0075404345989227295,-5.3141266107559204e-05,0.015610015019774437,0.014207301661372185,0.015610015019774437,0.03228764235973358,0.000577111670281738,0.002383485436439514,0.002383485436439514,0.0005633611581288278
70#34,MC_ON,transient_50ms,H1_off,probability,0.055334389209747314,0.055334389209747314,1373.3333333333335,1073.3333333333335,0.060236476361751556,0.011078879237174988,7.619336247444153e-05,0.015230726450681686,0.01125412993133068,0.015230726450681686,0.017330875620245934,0.0003563766076695174,0.0025747865438461304,0.0025747865438461304,0.0005532100913114846
70#34,MC_ON,large_field_50ms,H1_off,probability,0.032294049859046936,0.032294049859046936,340.0,40.0,0.000263324094703421,-0.01196146011352539,-7.435426232405007e-05,0.015230726450681686,0.00014694035053253174,0.015230726450681686,0.00014694035053253174,0.0003896874259226024,0.004684463143348694,0.004684463143348694,2.2299489501165226e-05
70#34,MC_ON,slow_step,AC_off,logit,0.5085986852645874,0.5085986852645874,1460.0,1160.0,0.9735776782035828,0.018880844116210938,-2.7418136596679688e-06,0.16828778386116028,0.33939725160598755,0.16828778386116028,0.46653616428375244,0.27239251136779785,0.48866546154022217,0.48866546154022217,0.5484967231750488
70#34,MC_ON,slow_1Hz,AC_off,logit,0.5086005926132202,0.5086005926132202,960.0,660.0,0.9735785126686096,0.01888275146484375,-1.9073486328125e-06,0.16828778386116028,0.3393986225128174,0.16828778386116028,0.46654629707336426,0.2723419666290283,0.48866546154022217,0.48866546154022217,0.5483942031860352
70#34,MC_ON,slow_2Hz,AC_off,logit,0.5086380243301392,0.5086380243301392,713.3333333333334,413.33333333333337,0.9735802412033081,0.018920183181762695,-1.7881393432617188e-07,0.16828778386116028,0.33942922949790955,0.16828778386116028,0.4663359820842743,0.27225443720817566,0.48866546154022217,0.48866546154022217,0.5481895804405212
70#34,MC_ON,rapid_10Hz,AC_off,logit,0.5037002563476562,0.5037002563476562,433.33333333333337,133.33333333333337,0.9735825061798096,0.013982415199279785,2.086162567138672e-06,0.16828778386116028,0.326784610748291,0.16828778386116028,0.45177608728408813,0.2689894139766693,0.37220191955566406,0.37220191955566406,0.5475292801856995
70#34,MC_ON,rapid_20Hz,AC_off,logit,0.494350790977478,0.494350790977478,440.0,140.0,0.9735815525054932,0.0046329498291015625,1.1324882507324219e-06,0.16828778386116028,0.3194284439086914,0.16828778386116028,0.3824158012866974,0.26686009764671326,0.2974398136138916,0.2974398136138916,0.5475099086761475
70#34,MC_ON,transient_50ms,AC_off,logit,0.5049768686294556,0.5049768686294556,1386.6666666666667,1086.6666666666667,0.9735785126686096,0.015259027481079102,-1.9073486328125e-06,0.16828778386116028,0.31838446855545044,0.16828778386116028,0.45122092962265015,0.265565425157547,0.37748873233795166,0.37748873233795166,0.5475327372550964
70#34,MC_ON,large_field_50ms,AC_off,logit,0.4181736707687378,0.4181736707687378,360.0,60.0,-7.947286162490741e-10,0.8715968132019043,7.947286162490741e-10,0.16671516001224518,0.2578374445438385,0.16671516001224518,0.2578374445438385,0.02200983092188835,0.3309367895126343,0.3309367895126343,-7.947286162490741e-10
70#34,MC_ON,slow_step,AC_off,probability,0.07815223932266235,0.07815223932266235,1460.0,1160.0,0.14842844009399414,0.0033425986766815186,1.33514404296875e-05,0.024379035457968712,0.05069097876548767,0.024379035457968712,0.07075275480747223,0.04181297495961189,0.07356487214565277,0.07356487214565277,0.08420001715421677
70#34,MC_ON,slow_1Hz,AC_off,probability,0.07815256714820862,0.07815256714820862,960.0,660.0,0.14842668175697327,0.003342926502227783,1.1593103408813477e-05,0.024379035457968712,0.050691209733486176,0.024379035457968712,0.0707545131444931,0.04194256663322449,0.07356487214565277,0.07356487214565277,0.08445899188518524
70#34,MC_ON,slow_2Hz,AC_off,probability,0.07815924286842346,0.07815924286842346,713.3333333333334,413.33333333333337,0.14842304587364197,0.003349602222442627,7.957220077514648e-06,0.024379035457968712,0.05069625377655029,0.024379035457968712,0.0707177147269249,0.04220921918749809,0.07356487214565277,0.07356487214565277,0.08498804271221161
70#34,MC_ON,rapid_10Hz,AC_off,probability,0.07728177309036255,0.07728177309036255,433.33333333333337,133.33333333333337,0.14840306341648102,0.002472132444381714,-1.2025237083435059e-05,0.024379035457968712,0.04854913428425789,0.024379035457968712,0.06820300966501236,0.04345349222421646,0.05843009054660797,0.05843009054660797,0.08838164061307907
70#34,MC_ON,rapid_20Hz,AC_off,probability,0.0756266862154007,0.0756266862154007,440.0,140.0,0.14840559661388397,0.0008170455694198608,-9.492039680480957e-06,0.024379035457968712,0.04739531874656677,0.024379035457968712,0.056827567517757416,0.04340118542313576,0.04811888933181763,0.04811888933181763,0.08886180818080902
70#34,MC_ON,transient_50ms,AC_off,probability,0.07750838994979858,0.07750838994979858,1386.6666666666667,1086.6666666666667,0.14841750264167786,0.002698749303817749,2.4139881134033203e-06,0.024379035457968712,0.0472964346408844,0.024379035457968712,0.06810640543699265,0.04317241534590721,0.058637022972106934,0.058637022972106934,0.0887342318892479
70#34,MC_ON,large_field_50ms,AC_off,probability,0.062453821301460266,0.062453821301460266,360.0,60.0,0.000619210593868047,-0.006026223301887512,-0.00010832311818376184,0.02411651238799095,0.037547461688518524,0.02411651238799095,0.037547461688518524,0.0028698169626295567,0.04834747314453125,0.04834747314453125,0.0003781859704758972
