split,cell_id,group,comparator,stratum,U_stratum,C_stratum,low_bins,high_bins,overlap_mass,weight,excess_NLL,Q1_U,Q5_U,Q1_M,Q5_M,Q1_C,Q5_C
consumed,67#4,PC_OFF,LN,1,1,1,46,9,9,0.027190332326283987,0.06302701577502928,0.14893355446870177,0.20926830621384498,-0.05464127900283885,-0.1833619247837406,0.04098091329037941,0.05136765801257247
consumed,67#4,PC_OFF,LN,2,1,2,82,9,9,0.027190332326283987,0.014721705799695261,0.1207588540280817,0.17404022396335173,-0.051188028691529594,-0.15450221856331658,0.1554604715304932,0.16879820039806268
consumed,67#4,PC_OFF,LN,3,1,3,92,26,26,0.07854984894259819,-0.1492793361152941,0.1404133336703956,0.13111653925163688,-0.01801072889983239,-0.08181200267203027,0.4021130492407753,0.42784200646957077
consumed,67#4,PC_OFF,LN,4,1,4,52,25,25,0.0755287009063444,-0.007476109521128071,0.13854948367413902,0.15102003055624663,0.03449750848778002,-0.06439203200861812,0.8898829131813517,0.9764928973745555
consumed,67#4,PC_OFF,LN,5,1,5,1,29,1,0.0030211480362537764,-0.07126849060163652,0.21594441961497068,0.16329478689646026,0.21594441961497068,-0.03293683715887239,1.9290072219446301,5.522641718407676
consumed,67#4,PC_OFF,LN,6,2,1,40,11,11,0.03323262839879154,0.08998907061194023,0.37046016884269195,0.3867390877143903,-0.29716505055548625,-0.2471455792811784,0.04067209168570116,0.02933604507283731
consumed,67#4,PC_OFF,LN,7,2,2,54,14,14,0.04229607250755287,-0.2477963777967807,0.3833553744609364,0.3469562605023384,-0.35803489350386103,-0.3469562605023384,0.15472633034881222,0.1629534108131858
consumed,67#4,PC_OFF,LN,8,2,3,63,24,24,0.07250755287009064,-0.06747992815905603,0.3682395724361644,0.3803740933459873,-0.14804892713714035,-0.23655564854076752,0.3671277685863306,0.3864572128368309
consumed,67#4,PC_OFF,LN,9,2,4,32,19,19,0.05740181268882175,0.06943857898634816,0.3872678820625879,0.3632006947147219,0.01640503719681874,-0.03344056745500941,0.9327264510066016,1.063092186360767
consumed,67#4,PC_OFF,LN,10,2,5,2,21,2,0.006042296072507553,-0.04194258256381913,0.41897547245025635,0.3810946712979958,-0.41897547245025635,-0.27424368497339036,2.406745620071888,5.085349232889712
consumed,67#4,PC_OFF,LN,11,3,1,29,9,9,0.027190332326283987,-0.4733906158350227,0.5544622944475248,0.533939835925897,-0.40062463842332363,-0.533939835925897,0.04736593307863022,0.04744997123877207
consumed,67#4,PC_OFF,LN,12,3,2,31,10,10,0.030211480362537766,0.021123413930326213,0.5540695190992987,0.5706458866596222,-0.417016665004344,-0.33060767948627473,0.1534641958330007,0.15103574339300394
consumed,67#4,PC_OFF,LN,13,3,3,32,7,7,0.021148036253776436,-0.151300798192058,0.5507331897970289,0.580330598035029,-0.22311779879964888,-0.40130350685545374,0.43985869332027505,0.36747367839728085
consumed,67#4,PC_OFF,LN,14,3,4,28,21,21,0.0634441087613293,-0.1237682593572132,0.5457484255810934,0.5686873440586385,-0.03678388926865799,0.14247854071713628,0.8996381525517531,1.0372071341234481
consumed,67#4,PC_OFF,LN,15,3,5,0,10,0,0.0,,,0.5325856246054173,,-0.5325856246054173,,6.448590102884919
consumed,67#4,PC_OFF,LN,16,4,1,118,21,21,0.0634441087613293,-0.1721977264554173,0.7564488509196347,0.7788846489219439,-0.7564488509196347,-0.6884797020327478,0.031447299077349194,0.02339864451260794
consumed,67#4,PC_OFF,LN,17,4,2,48,13,13,0.03927492447129909,0.03372825481671789,0.7231987053528428,0.7307721903690925,-0.6391339168573419,-0.5977505605954391,0.13816061086254194,0.15066548838065222
consumed,67#4,PC_OFF,LN,18,4,3,66,22,22,0.06646525679758308,-0.0057667404125675,0.7525807850232179,0.7530414787205783,-0.3805332268785798,-0.4438613151962107,0.3925950843699728,0.42183235444297845
consumed,67#4,PC_OFF,LN,19,4,4,51,39,39,0.11782477341389729,-0.07592520327826163,0.783316336389558,0.8274319909799558,-0.06252895416144062,0.20887925958213133,1.0782729633490318,1.1637334148515202
consumed,67#4,PC_OFF,LN,20,4,5,3,33,3,0.00906344410876133,-0.06695236211279326,0.9004230946302414,0.7574099916964769,-0.14343373477458954,-0.3453225131626382,1.9736960952480633,5.842191720607154
consumed,67#4,PC_OFF,LN,21,5,1,0,10,0,0.0,,,4.5859484564512965,,4.5859484564512965,,0.048049861937761305
consumed,67#4,PC_OFF,LN,22,5,2,0,7,0,0.0,,,4.597635962069035,,4.597635962069035,,0.12797377471412932
consumed,67#4,PC_OFF,LN,23,5,3,2,10,2,0.006042296072507553,-0.023438297391364438,1.5241866186261177,5.307897950708866,1.5241866186261177,5.307897950708866,0.494408143684268,0.3882920389994979
consumed,67#4,PC_OFF,LN,24,5,4,17,64,17,0.0513595166163142,0.010852871144374474,1.6490164359154946,4.230415465586702,1.6490164359154946,4.230415465586702,1.4042669013416504,1.134091025021462
consumed,67#4,PC_OFF,LN,25,5,5,27,150,27,0.08157099697885196,-0.002929400214815396,2.88980193629309,5.080622775995483,2.88980193629309,5.080622775995483,3.1547702032365597,4.703000264208919
consumed,67#4,PC_OFF,CNN,1,1,1,46,9,9,0.027190332326283987,-0.1132253871446728,0.14893355446870177,0.20926830621384498,-0.05464127900283885,-0.1833619247837406,0.04098091329037941,0.05136765801257247
consumed,67#4,PC_OFF,CNN,2,1,2,82,9,9,0.027190332326283987,-0.1106424117769384,0.1207588540280817,0.17404022396335173,-0.051188028691529594,-0.15450221856331658,0.1554604715304932,0.16879820039806268
consumed,67#4,PC_OFF,CNN,3,1,3,92,26,26,0.07854984894259819,0.08709055205255944,0.1404133336703956,0.13111653925163688,-0.01801072889983239,-0.08181200267203027,0.4021130492407753,0.42784200646957077
consumed,67#4,PC_OFF,CNN,4,1,4,52,25,25,0.0755287009063444,-0.16510021924070156,0.13854948367413902,0.15102003055624663,0.03449750848778002,-0.06439203200861812,0.8898829131813517,0.9764928973745555
consumed,67#4,PC_OFF,CNN,5,1,5,1,29,1,0.0030211480362537764,-0.07049417405750029,0.21594441961497068,0.16329478689646026,0.21594441961497068,-0.03293683715887239,1.9290072219446301,5.522641718407676
consumed,67#4,PC_OFF,CNN,6,2,1,40,11,11,0.03323262839879154,-0.053258429491630815,0.37046016884269195,0.3867390877143903,-0.29716505055548625,-0.2471455792811784,0.04067209168570116,0.02933604507283731
consumed,67#4,PC_OFF,CNN,7,2,2,54,14,14,0.04229607250755287,-0.11435779810230778,0.3833553744609364,0.3469562605023384,-0.35803489350386103,-0.3469562605023384,0.15472633034881222,0.1629534108131858
consumed,67#4,PC_OFF,CNN,8,2,3,63,24,24,0.07250755287009064,-0.07909284268123551,0.3682395724361644,0.3803740933459873,-0.14804892713714035,-0.23655564854076752,0.3671277685863306,0.3864572128368309
consumed,67#4,PC_OFF,CNN,9,2,4,32,19,19,0.05740181268882175,0.10368471847732985,0.3872678820625879,0.3632006947147219,0.01640503719681874,-0.03344056745500941,0.9327264510066016,1.063092186360767
consumed,67#4,PC_OFF,CNN,10,2,5,2,21,2,0.006042296072507553,-0.13941092159948915,0.41897547245025635,0.3810946712979958,-0.41897547245025635,-0.27424368497339036,2.406745620071888,5.085349232889712
consumed,67#4,PC_OFF,CNN,11,3,1,29,9,9,0.027190332326283987,0.07579857225637546,0.5544622944475248,0.533939835925897,-0.40062463842332363,-0.533939835925897,0.04736593307863022,0.04744997123877207
consumed,67#4,PC_OFF,CNN,12,3,2,31,10,10,0.030211480362537766,-0.2041640802413201,0.5540695190992987,0.5706458866596222,-0.417016665004344,-0.33060767948627473,0.1534641958330007,0.15103574339300394
consumed,67#4,PC_OFF,CNN,13,3,3,32,7,7,0.021148036253776436,-0.19767666942682166,0.5507331897970289,0.580330598035029,-0.22311779879964888,-0.40130350685545374,0.43985869332027505,0.36747367839728085
consumed,67#4,PC_OFF,CNN,14,3,4,28,21,21,0.0634441087613293,-0.3201354703060534,0.5457484255810934,0.5686873440586385,-0.03678388926865799,0.14247854071713628,0.8996381525517531,1.0372071341234481
consumed,67#4,PC_OFF,CNN,15,3,5,0,10,0,0.0,,,0.5325856246054173,,-0.5325856246054173,,6.448590102884919
consumed,67#4,PC_OFF,CNN,16,4,1,118,21,21,0.0634441087613293,-0.17944993942458656,0.7564488509196347,0.7788846489219439,-0.7564488509196347,-0.6884797020327478,0.031447299077349194,0.02339864451260794
consumed,67#4,PC_OFF,CNN,17,4,2,48,13,13,0.03927492447129909,0.05468017647861797,0.7231987053528428,0.7307721903690925,-0.6391339168573419,-0.5977505605954391,0.13816061086254194,0.15066548838065222
consumed,67#4,PC_OFF,CNN,18,4,3,66,22,22,0.06646525679758308,-0.1343104952387762,0.7525807850232179,0.7530414787205783,-0.3805332268785798,-0.4438613151962107,0.3925950843699728,0.42183235444297845
consumed,67#4,PC_OFF,CNN,19,4,4,51,39,39,0.11782477341389729,-0.180064179436666,0.783316336389558,0.8274319909799558,-0.06252895416144062,0.20887925958213133,1.0782729633490318,1.1637334148515202
consumed,67#4,PC_OFF,CNN,20,4,5,3,33,3,0.00906344410876133,-0.27016519086078433,0.9004230946302414,0.7574099916964769,-0.14343373477458954,-0.3453225131626382,1.9736960952480633,5.842191720607154
consumed,67#4,PC_OFF,CNN,21,5,1,0,10,0,0.0,,,4.5859484564512965,,4.5859484564512965,,0.048049861937761305
consumed,67#4,PC_OFF,CNN,22,5,2,0,7,0,0.0,,,4.597635962069035,,4.597635962069035,,0.12797377471412932
consumed,67#4,PC_OFF,CNN,23,5,3,2,10,2,0.006042296072507553,0.24967091177601902,1.5241866186261177,5.307897950708866,1.5241866186261177,5.307897950708866,0.494408143684268,0.3882920389994979
consumed,67#4,PC_OFF,CNN,24,5,4,17,64,17,0.0513595166163142,0.06692899915566934,1.6490164359154946,4.230415465586702,1.6490164359154946,4.230415465586702,1.4042669013416504,1.134091025021462
consumed,67#4,PC_OFF,CNN,25,5,5,27,150,27,0.08157099697885196,0.10355381607337147,2.88980193629309,5.080622775995483,2.88980193629309,5.080622775995483,3.1547702032365597,4.703000264208919
consumed,67#6,MC_OFF,LN,1,1,1,168,63,63,0.017208413001912046,-0.0710244870684964,0.1177613662679505,0.09830423804620901,0.03813631193018713,0.015477262168294856,0.04713161911373997,0.046504751623918636
consumed,67#6,MC_OFF,LN,2,1,2,329,147,147,0.040152963671128104,-0.010207492895392967,0.09801206915946478,0.08409182514574023,-0.012401181471811492,0.01970213898790203,0.15782062691646292,0.1655087256216489
consumed,67#6,MC_OFF,LN,3,1,3,497,266,266,0.07265774378585087,-0.020686637364312886,0.08884025311927987,0.08815546226871543,-0.02732618225588378,-0.025643424085022785,0.40771211644656735,0.36953600807725084
consumed,67#6,MC_OFF,LN,4,1,4,168,217,168,0.045889101338432124,-0.08647449925549311,0.09732043979723436,0.08841476714400004,-0.013357814447226694,-0.02134186551256496,0.7967333568621446,0.9257345665574841
consumed,67#6,MC_OFF,LN,5,1,5,21,175,21,0.0057361376673040155,-0.06161171830989785,0.14210672289094267,0.10149600654776442,-0.14210672289094267,-0.016652184021950234,2.083244974513461,5.071089400244237
consumed,67#6,MC_OFF,LN,6,2,1,469,168,168,0.045889101338432124,0.028744391115893792,0.2805807009679891,0.2751477926426257,-0.20968449806947428,-0.24198373345813404,0.036374781027422365,0.035149483231361946
consumed,67#6,MC_OFF,LN,7,2,2,567,350,350,0.09560229445506692,0.007361010339823977,0.300946423847837,0.3105961458673701,-0.20933609610399376,-0.12681346992682666,0.15914545568857089,0.17029083626143984
consumed,67#6,MC_OFF,LN,8,2,3,574,315,315,0.08604206500956023,-0.020973281293162,0.3052232659842093,0.2933026614479928,-0.1271349891849862,-0.07919519773115301,0.39182774993890396,0.40878371450066986
consumed,67#6,MC_OFF,LN,9,2,4,210,224,210,0.05736137667304015,-0.04076790122568083,0.3052522136752183,0.3277393832786402,0.04913990459870549,-0.018670843857580628,0.9275467671748873,1.0446596891561057
consumed,67#6,MC_OFF,LN,10,2,5,0,336,0,0.0,,,0.28714308998130494,,-0.164673315743471,,4.99373436588719
consumed,67#6,MC_OFF,LN,11,3,1,266,133,133,0.036328871892925434,-0.014266614822407535,0.5195126432582344,0.5434273809586702,-0.4387936012280223,-0.5434273809586702,0.03302049721647851,0.03841439464962797
consumed,67#6,MC_OFF,LN,12,3,2,371,154,154,0.04206500956022945,-0.0006550631622761587,0.5198332078526464,0.5354984968900681,-0.3857263276617061,-0.49488653621890333,0.17407256624011216,0.1547002200079574
consumed,67#6,MC_OFF,LN,13,3,3,329,189,189,0.05162523900573614,-0.08883060373660394,0.5183546704378231,0.527673371227596,-0.3016058225461475,-0.2693947546649724,0.38572362704070023,0.4032998799564127
consumed,67#6,MC_OFF,LN,14,3,4,189,217,189,0.05162523900573614,-0.030068525533877295,0.5476677514336727,0.5240112678748706,-0.2135747914512952,0.07118230933443673,0.9122968598473732,0.9794656284206037
consumed,67#6,MC_OFF,LN,15,3,5,7,112,7,0.0019120458891013384,0.09368637932745855,0.5092034816741943,0.5315462238737382,-0.5092034816741943,-0.3901695610606111,1.8266555900918322,4.020515429333318
consumed,67#6,MC_OFF,LN,16,4,1,574,322,322,0.08795411089866156,-0.03186669742050304,0.7540454469257738,0.7509738309086179,-0.6986830863102181,-0.7167595167664569,0.027685379291453018,0.027814804128897575
consumed,67#6,MC_OFF,LN,17,4,2,308,147,147,0.040152963671128104,-0.08339756138098368,0.7242993752048775,0.7216535302145142,-0.6189712107520212,-0.7216535302145142,0.1468285071790557,0.15009142671312606
consumed,67#6,MC_OFF,LN,18,4,3,294,189,189,0.05162523900573614,-0.1199294670250596,0.7301365185085508,0.7231688753322318,-0.46344460130979626,-0.5484035200542874,0.4118797662701192,0.434145047115507
consumed,67#6,MC_OFF,LN,19,4,4,322,399,322,0.08795411089866156,0.0026625117590463147,0.7763260611656891,0.7767558563278024,-0.1482197141558256,-0.03727350505824577,0.9955203052935047,1.1221005864853955
consumed,67#6,MC_OFF,LN,20,4,5,7,287,7,0.0019120458891013384,-0.14704853514703944,0.7929673612117768,0.7382100902316047,-0.7929673612117768,-0.4103420966645567,1.9893865883350372,5.394807570118729
consumed,67#6,MC_OFF,LN,21,5,1,0,49,0,0.0,,,4.4429562186024025,,4.4429562186024025,,0.030298601676310394
consumed,67#6,MC_OFF,LN,22,5,2,0,147,0,0.0,,,3.7811608819379696,,3.7811608819379696,,0.14443298824841055
consumed,67#6,MC_OFF,LN,23,5,3,42,224,42,0.011472275334608031,-0.026198523822457426,1.1890562484040856,4.347631869604811,1.1890562484040856,4.347631869604811,0.4343123494957885,0.4245723304018611
consumed,67#6,MC_OFF,LN,24,5,4,70,574,70,0.019120458891013385,-0.042465083601631336,1.3014654815755784,3.7628689961823087,1.3014654815755784,3.7628689961823087,1.0519294011220335,1.191155292143856
consumed,67#6,MC_OFF,LN,25,5,5,182,1491,182,0.0497131931166348,0.002062603849289057,2.82976693383221,4.936035137050135,2.82976693383221,4.936035137050135,3.0868968631670355,4.275905176786134
consumed,67#6,MC_OFF,CNN,1,1,1,168,63,63,0.017208413001912046,0.17208651081784604,0.1177613662679505,0.09830423804620901,0.03813631193018713,0.015477262168294856,0.04713161911373997,0.046504751623918636
consumed,67#6,MC_OFF,CNN,2,1,2,329,147,147,0.040152963671128104,-0.12591405264846028,0.09801206915946478,0.08409182514574023,-0.012401181471811492,0.01970213898790203,0.15782062691646292,0.1655087256216489
consumed,67#6,MC_OFF,CNN,3,1,3,497,266,266,0.07265774378585087,-0.018793955234331246,0.08884025311927987,0.08815546226871543,-0.02732618225588378,-0.025643424085022785,0.40771211644656735,0.36953600807725084
consumed,67#6,MC_OFF,CNN,4,1,4,168,217,168,0.045889101338432124,-0.07639174994970982,0.09732043979723436,0.08841476714400004,-0.013357814447226694,-0.02134186551256496,0.7967333568621446,0.9257345665574841
consumed,67#6,MC_OFF,CNN,5,1,5,21,175,21,0.0057361376673040155,-0.08032275664246266,0.14210672289094267,0.10149600654776442,-0.14210672289094267,-0.016652184021950234,2.083244974513461,5.071089400244237
consumed,67#6,MC_OFF,CNN,6,2,1,469,168,168,0.045889101338432124,0.010831635219774427,0.2805807009679891,0.2751477926426257,-0.20968449806947428,-0.24198373345813404,0.036374781027422365,0.035149483231361946
consumed,67#6,MC_OFF,CNN,7,2,2,567,350,350,0.09560229445506692,0.00041478731380060335,0.300946423847837,0.3105961458673701,-0.20933609610399376,-0.12681346992682666,0.15914545568857089,0.17029083626143984
consumed,67#6,MC_OFF,CNN,8,2,3,574,315,315,0.08604206500956023,-0.14921243739784443,0.3052232659842093,0.2933026614479928,-0.1271349891849862,-0.07919519773115301,0.39182774993890396,0.40878371450066986
consumed,67#6,MC_OFF,CNN,9,2,4,210,224,210,0.05736137667304015,-0.07307417025349958,0.3052522136752183,0.3277393832786402,0.04913990459870549,-0.018670843857580628,0.9275467671748873,1.0446596891561057
consumed,67#6,MC_OFF,CNN,10,2,5,0,336,0,0.0,,,0.28714308998130494,,-0.164673315743471,,4.99373436588719
consumed,67#6,MC_OFF,CNN,11,3,1,266,133,133,0.036328871892925434,0.014890410825504172,0.5195126432582344,0.5434273809586702,-0.4387936012280223,-0.5434273809586702,0.03302049721647851,0.03841439464962797
consumed,67#6,MC_OFF,CNN,12,3,2,371,154,154,0.04206500956022945,-0.1950818674375192,0.5198332078526464,0.5354984968900681,-0.3857263276617061,-0.49488653621890333,0.17407256624011216,0.1547002200079574
consumed,67#6,MC_OFF,CNN,13,3,3,329,189,189,0.05162523900573614,-0.06998524503956144,0.5183546704378231,0.527673371227596,-0.3016058225461475,-0.2693947546649724,0.38572362704070023,0.4032998799564127
consumed,67#6,MC_OFF,CNN,14,3,4,189,217,189,0.05162523900573614,-0.13337332292377616,0.5476677514336727,0.5240112678748706,-0.2135747914512952,0.07118230933443673,0.9122968598473732,0.9794656284206037
consumed,67#6,MC_OFF,CNN,15,3,5,7,112,7,0.0019120458891013384,-0.26427110179379415,0.5092034816741943,0.5315462238737382,-0.5092034816741943,-0.3901695610606111,1.8266555900918322,4.020515429333318
consumed,67#6,MC_OFF,CNN,16,4,1,574,322,322,0.08795411089866156,-0.12991392123443077,0.7540454469257738,0.7509738309086179,-0.6986830863102181,-0.7167595167664569,0.027685379291453018,0.027814804128897575
consumed,67#6,MC_OFF,CNN,17,4,2,308,147,147,0.040152963671128104,-0.4418428432005016,0.7242993752048775,0.7216535302145142,-0.6189712107520212,-0.7216535302145142,0.1468285071790557,0.15009142671312606
consumed,67#6,MC_OFF,CNN,18,4,3,294,189,189,0.05162523900573614,0.09163729736406892,0.7301365185085508,0.7231688753322318,-0.46344460130979626,-0.5484035200542874,0.4118797662701192,0.434145047115507
consumed,67#6,MC_OFF,CNN,19,4,4,322,399,322,0.08795411089866156,-0.08811122808746594,0.7763260611656891,0.7767558563278024,-0.1482197141558256,-0.03727350505824577,0.9955203052935047,1.1221005864853955
consumed,67#6,MC_OFF,CNN,20,4,5,7,287,7,0.0019120458891013384,-0.39749159062654493,0.7929673612117768,0.7382100902316047,-0.7929673612117768,-0.4103420966645567,1.9893865883350372,5.394807570118729
consumed,67#6,MC_OFF,CNN,21,5,1,0,49,0,0.0,,,4.4429562186024025,,4.4429562186024025,,0.030298601676310394
consumed,67#6,MC_OFF,CNN,22,5,2,0,147,0,0.0,,,3.7811608819379696,,3.7811608819379696,,0.14443298824841055
consumed,67#6,MC_OFF,CNN,23,5,3,42,224,42,0.011472275334608031,-0.24977027983288935,1.1890562484040856,4.347631869604811,1.1890562484040856,4.347631869604811,0.4343123494957885,0.4245723304018611
consumed,67#6,MC_OFF,CNN,24,5,4,70,574,70,0.019120458891013385,-0.03510916317870238,1.3014654815755784,3.7628689961823087,1.3014654815755784,3.7628689961823087,1.0519294011220335,1.191155292143856
consumed,67#6,MC_OFF,CNN,25,5,5,182,1491,182,0.0497131931166348,-0.10115513495540404,2.82976693383221,4.936035137050135,2.82976693383221,4.936035137050135,3.0868968631670355,4.275905176786134
consumed,67#7,MC_ON,LN,1,1,1,399,77,77,0.023454157782515993,-0.0009603444513040169,0.13305461127310989,0.13613023360878948,-0.0886316333573355,-0.10633002706692257,0.04370074631164275,0.033261295400514035
consumed,67#7,MC_ON,LN,2,1,2,378,119,119,0.03624733475479744,-0.07053547545417474,0.11935106830105162,0.10011045234939814,-0.061915696333421186,-0.07550485182996364,0.1681534445910703,0.1682821110167139
consumed,67#7,MC_ON,LN,3,1,3,539,245,245,0.07462686567164178,-0.04092880377881622,0.10816295299509204,0.13631627425396195,-0.02475370497841416,-0.03347028915360126,0.4256640711086913,0.4158177952010495
consumed,67#7,MC_ON,LN,4,1,4,238,245,238,0.07249466950959488,-0.09744514961739228,0.09902927501888388,0.10199361809583411,0.010476265048126541,-0.03472947781937407,0.8400902160470187,1.0414522168971458
consumed,67#7,MC_ON,LN,5,1,5,14,154,14,0.0042643923240938165,0.2007624415180233,0.07481868023751302,0.12179777583360465,0.012769732643694917,0.06227609867765391,2.216795599689552,4.998943675974619
consumed,67#7,MC_ON,LN,6,2,1,581,140,140,0.042643923240938165,-0.09763272481049975,0.34052362668549596,0.38509891898526494,-0.25138307597752785,-0.2112536266058062,0.04338154485287896,0.03965788054047152
consumed,67#7,MC_ON,LN,7,2,2,630,224,224,0.06823027718550106,0.012460015109643858,0.3503668219484906,0.34254131076158956,-0.24437105133353423,-0.2582852788812791,0.1629579707724689,0.1707052644524083
consumed,67#7,MC_ON,LN,8,2,3,623,238,238,0.07249466950959488,-0.05436198741287671,0.3696750924828347,0.3131180679908949,-0.15319608886201241,-0.14940117587256654,0.4134528061122353,0.41423020732797927
consumed,67#7,MC_ON,LN,9,2,4,406,217,217,0.06609808102345416,-0.06410979626595295,0.3665300531801399,0.34447388288499886,-0.016194640556012472,-0.041565088756752994,0.9539455229814742,1.1221779351215309
consumed,67#7,MC_ON,LN,10,2,5,14,245,14,0.0042643923240938165,-0.1775822289049509,0.3659287604192892,0.34286815390777986,-0.3659287604192892,-0.15588397459692452,2.1894933680693303,5.041687090177686
consumed,67#7,MC_ON,LN,11,3,1,266,147,147,0.04477611940298507,0.010810890960418235,0.5790442154914337,0.5746749463298964,-0.4903305353833722,-0.5746749463298964,0.04445672318188212,0.045206015900013954
consumed,67#7,MC_ON,LN,12,3,2,280,140,140,0.042643923240938165,-0.06627837864781161,0.5793712449686912,0.5805567216205721,-0.37382149789094304,-0.5805567216205721,0.16863822236725048,0.16096964611448733
consumed,67#7,MC_ON,LN,13,3,3,252,84,84,0.0255863539445629,0.03201102414077732,0.5647226129281248,0.5727967464675506,-0.3485404533146518,-0.486532860952947,0.38868368561304156,0.4364587383283328
consumed,67#7,MC_ON,LN,14,3,4,203,217,203,0.06183368869936034,-0.040241144625068996,0.5747008845477696,0.5847426090497143,-0.05360648187476838,-0.17965779903279716,0.9078640778605551,1.1163547955741617
consumed,67#7,MC_ON,LN,15,3,5,0,210,0,0.0,,,0.5791517471488785,,-0.19159352806212457,,4.672796589166359
consumed,67#7,MC_ON,LN,16,4,1,623,245,245,0.07462686567164178,-0.07189745958416506,0.7531301311778832,0.7757634723470324,-0.7378154567125417,-0.7757634723470324,0.029696941637339876,0.024486552391733418
consumed,67#7,MC_ON,LN,17,4,2,315,84,84,0.0255863539445629,-0.08626958868002188,0.7540510765949471,0.7295252405520942,-0.5291334379585114,-0.7295252405520942,0.15729826539409933,0.1490324324824743
consumed,67#7,MC_ON,LN,18,4,3,252,266,252,0.0767590618336887,0.017316960469030928,0.7592486166653947,0.7656941470739087,-0.6635959249041561,-0.45553484317242043,0.41294067376993887,0.4322318541892679
consumed,67#7,MC_ON,LN,19,4,4,301,378,301,0.09168443496801706,-0.020315332665500285,0.8486544606221709,0.8621841750770987,0.15793737950879183,0.35300091468336714,1.1139404203714767,1.224841717103477
consumed,67#7,MC_ON,LN,20,4,5,7,266,7,0.0021321961620469083,-0.06774661111838962,0.7793326179186504,0.81397772338466,-0.7793326179186504,-0.1103062281362598,3.0629851209620638,5.67919095117995
consumed,67#7,MC_ON,LN,21,5,1,0,105,0,0.0,,,3.577346034430795,,3.577346034430795,,0.05299237395326301
consumed,67#7,MC_ON,LN,22,5,2,7,126,7,0.0021321961620469083,0.03586116320788626,1.338677001496156,5.265058053114141,1.338677001496156,5.265058053114141,0.10052972616783018,0.18076456009617264
consumed,67#7,MC_ON,LN,23,5,3,14,203,14,0.0042643923240938165,-0.07667601930208653,1.284527393678824,4.446450180127874,1.284527393678824,4.446450180127874,0.6190056726336478,0.45063226945676843
consumed,67#7,MC_ON,LN,24,5,4,112,595,112,0.03411513859275053,0.031116154863085846,1.6717513183587773,4.164665906935674,1.6717513183587773,4.164665906935674,1.301676074956352,1.2768435298985636
consumed,67#7,MC_ON,LN,25,5,5,161,1281,161,0.04904051172707889,0.038598722567635683,2.630956092213307,4.795317888080387,2.630956092213307,4.795317888080387,2.963129087416008,4.395308134184548
consumed,67#7,MC_ON,CNN,1,1,1,399,77,77,0.023454157782515993,0.02157438716537256,0.13305461127310989,0.13613023360878948,-0.0886316333573355,-0.10633002706692257,0.04370074631164275,0.033261295400514035
consumed,67#7,MC_ON,CNN,2,1,2,378,119,119,0.03624733475479744,-0.3034663961064265,0.11935106830105162,0.10011045234939814,-0.061915696333421186,-0.07550485182996364,0.1681534445910703,0.1682821110167139
consumed,67#7,MC_ON,CNN,3,1,3,539,245,245,0.07462686567164178,0.00756600622989044,0.10816295299509204,0.13631627425396195,-0.02475370497841416,-0.03347028915360126,0.4256640711086913,0.4158177952010495
consumed,67#7,MC_ON,CNN,4,1,4,238,245,238,0.07249466950959488,-0.24710612510843616,0.09902927501888388,0.10199361809583411,0.010476265048126541,-0.03472947781937407,0.8400902160470187,1.0414522168971458
consumed,67#7,MC_ON,CNN,5,1,5,14,154,14,0.0042643923240938165,0.6330911030288422,0.07481868023751302,0.12179777583360465,0.012769732643694917,0.06227609867765391,2.216795599689552,4.998943675974619
consumed,67#7,MC_ON,CNN,6,2,1,581,140,140,0.042643923240938165,-0.1412809771190043,0.34052362668549596,0.38509891898526494,-0.25138307597752785,-0.2112536266058062,0.04338154485287896,0.03965788054047152
consumed,67#7,MC_ON,CNN,7,2,2,630,224,224,0.06823027718550106,-0.0553030754767935,0.3503668219484906,0.34254131076158956,-0.24437105133353423,-0.2582852788812791,0.1629579707724689,0.1707052644524083
consumed,67#7,MC_ON,CNN,8,2,3,623,238,238,0.07249466950959488,-0.1062213864475912,0.3696750924828347,0.3131180679908949,-0.15319608886201241,-0.14940117587256654,0.4134528061122353,0.41423020732797927
consumed,67#7,MC_ON,CNN,9,2,4,406,217,217,0.06609808102345416,-0.05524843534770229,0.3665300531801399,0.34447388288499886,-0.016194640556012472,-0.041565088756752994,0.9539455229814742,1.1221779351215309
consumed,67#7,MC_ON,CNN,10,2,5,14,245,14,0.0042643923240938165,-0.24182111524924485,0.3659287604192892,0.34286815390777986,-0.3659287604192892,-0.15588397459692452,2.1894933680693303,5.041687090177686
consumed,67#7,MC_ON,CNN,11,3,1,266,147,147,0.04477611940298507,0.021595636793406932,0.5790442154914337,0.5746749463298964,-0.4903305353833722,-0.5746749463298964,0.04445672318188212,0.045206015900013954
consumed,67#7,MC_ON,CNN,12,3,2,280,140,140,0.042643923240938165,-0.12928039763142363,0.5793712449686912,0.5805567216205721,-0.37382149789094304,-0.5805567216205721,0.16863822236725048,0.16096964611448733
consumed,67#7,MC_ON,CNN,13,3,3,252,84,84,0.0255863539445629,0.058479508896945344,0.5647226129281248,0.5727967464675506,-0.3485404533146518,-0.486532860952947,0.38868368561304156,0.4364587383283328
consumed,67#7,MC_ON,CNN,14,3,4,203,217,203,0.06183368869936034,-0.13720877449736962,0.5747008845477696,0.5847426090497143,-0.05360648187476838,-0.17965779903279716,0.9078640778605551,1.1163547955741617
consumed,67#7,MC_ON,CNN,15,3,5,0,210,0,0.0,,,0.5791517471488785,,-0.19159352806212457,,4.672796589166359
consumed,67#7,MC_ON,CNN,16,4,1,623,245,245,0.07462686567164178,-0.10473490677825303,0.7531301311778832,0.7757634723470324,-0.7378154567125417,-0.7757634723470324,0.029696941637339876,0.024486552391733418
consumed,67#7,MC_ON,CNN,17,4,2,315,84,84,0.0255863539445629,-0.038482716213195246,0.7540510765949471,0.7295252405520942,-0.5291334379585114,-0.7295252405520942,0.15729826539409933,0.1490324324824743
consumed,67#7,MC_ON,CNN,18,4,3,252,266,252,0.0767590618336887,-0.06734274345751294,0.7592486166653947,0.7656941470739087,-0.6635959249041561,-0.45553484317242043,0.41294067376993887,0.4322318541892679
consumed,67#7,MC_ON,CNN,19,4,4,301,378,301,0.09168443496801706,-0.2985581679647017,0.8486544606221709,0.8621841750770987,0.15793737950879183,0.35300091468336714,1.1139404203714767,1.224841717103477
consumed,67#7,MC_ON,CNN,20,4,5,7,266,7,0.0021321961620469083,-0.373758842265662,0.7793326179186504,0.81397772338466,-0.7793326179186504,-0.1103062281362598,3.0629851209620638,5.67919095117995
consumed,67#7,MC_ON,CNN,21,5,1,0,105,0,0.0,,,3.577346034430795,,3.577346034430795,,0.05299237395326301
consumed,67#7,MC_ON,CNN,22,5,2,7,126,7,0.0021321961620469083,0.08525177278979898,1.338677001496156,5.265058053114141,1.338677001496156,5.265058053114141,0.10052972616783018,0.18076456009617264
consumed,67#7,MC_ON,CNN,23,5,3,14,203,14,0.0042643923240938165,-0.24533972422494793,1.284527393678824,4.446450180127874,1.284527393678824,4.446450180127874,0.6190056726336478,0.45063226945676843
consumed,67#7,MC_ON,CNN,24,5,4,112,595,112,0.03411513859275053,0.06426423022494619,1.6717513183587773,4.164665906935674,1.6717513183587773,4.164665906935674,1.301676074956352,1.2768435298985636
consumed,67#7,MC_ON,CNN,25,5,5,161,1281,161,0.04904051172707889,-0.1108940482373198,2.630956092213307,4.795317888080387,2.630956092213307,4.795317888080387,2.963129087416008,4.395308134184548
consumed,67#14,PC_ON,LN,1,1,1,357,91,91,0.024714828897338403,-0.006972015478805131,0.15555243880554176,0.09953478940476018,-0.13207732196543456,-0.06277213233093229,0.046968933853991875,0.053862680233298585
consumed,67#14,PC_ON,LN,2,1,2,497,161,161,0.043726235741444866,-0.05223397183495848,0.1175827051932648,0.11936351970728973,-0.035149304789792696,-0.10594622533687431,0.19398429303128326,0.19342884433496257
consumed,67#14,PC_ON,LN,3,1,3,483,252,252,0.06844106463878327,-0.007209027971241851,0.11208620172017592,0.13035030635688194,-0.03918919694842771,-0.05804324653743404,0.45853816913154005,0.4778637537714935
consumed,67#14,PC_ON,LN,4,1,4,259,294,259,0.07034220532319392,-0.10072031396911532,0.10488519493889259,0.10019720692816052,-0.004816952360301543,-0.022719776269479467,0.954588389336218,1.080291943120669
consumed,67#14,PC_ON,LN,5,1,5,7,168,7,0.0019011406844106464,0.10975294387415377,0.11954099498689175,0.13932975174005455,-0.11954099498689175,0.009621893463190645,2.858097529038787,5.083473242722296
consumed,67#14,PC_ON,LN,6,2,1,455,119,119,0.03231939163498099,-0.045452782605442416,0.3625696150586009,0.3871333997367936,-0.253718286451812,-0.31404889818719206,0.047453737013543454,0.04118344458915731
consumed,67#14,PC_ON,LN,7,2,2,700,273,273,0.0741444866920152,0.01442052680383904,0.3572565992147429,0.3342022934618096,-0.24093627051159275,-0.278826757799834,0.18217301249445883,0.18403648050764623
consumed,67#14,PC_ON,LN,8,2,3,497,245,245,0.06653992395437262,-0.02109136943160222,0.3526722057525751,0.337941383424082,-0.15053648248800194,-0.06363636035738247,0.4480827715301978,0.4315444925799966
consumed,67#14,PC_ON,LN,9,2,4,399,203,203,0.055133079847908745,-0.05800942067390565,0.35706284073469424,0.33257005644705273,0.024768389629204187,-0.1273342433770926,0.9524072306215347,1.0457307547953076
consumed,67#14,PC_ON,LN,10,2,5,21,280,21,0.005703422053231939,0.08744433558699079,0.3891168311238289,0.3669771974091418,-0.3891168311238289,-0.12168476461665705,2.4519051586588225,5.089194591913838
consumed,67#14,PC_ON,LN,11,3,1,273,189,189,0.051330798479087454,-0.030565143499531676,0.5654513769998,0.5697833158903651,-0.40616024314210963,-0.5697833158903651,0.0456225329842896,0.0492876790187977
consumed,67#14,PC_ON,LN,12,3,2,378,133,133,0.03612167300380228,0.007906643915182782,0.5679029147011332,0.5709795206785202,-0.48440538779228787,-0.35003247308103663,0.1901700635207817,0.18234664343885684
consumed,67#14,PC_ON,LN,13,3,3,238,84,84,0.022813688212927757,0.019772468097705404,0.5651656708077473,0.5694268042764937,-0.31627102338654156,-0.27370782867850113,0.4524472897345036,0.4496941457570453
consumed,67#14,PC_ON,LN,14,3,4,294,189,189,0.051330798479087454,0.05684442275148414,0.5733059510932348,0.5699699401286327,0.0036895330274654995,-0.10334910573955211,0.9833836588021811,1.0855731127861266
consumed,67#14,PC_ON,LN,15,3,5,0,189,0,0.0,,,0.576145775253988,,-0.26574116070858306,,4.854289015910278
consumed,67#14,PC_ON,LN,16,4,1,875,308,308,0.08365019011406843,0.002940619537628624,0.7635325371026993,0.7705752351744608,-0.7250329147577286,-0.7705752351744608,0.03172422432899475,0.027049176733602177
consumed,67#14,PC_ON,LN,17,4,2,434,133,133,0.03612167300380228,0.0015724574875761715,0.7444709134438345,0.7738464357037294,-0.6431384784800391,-0.6538703323979127,0.16615420531842015,0.20543985240357487
consumed,67#14,PC_ON,LN,18,4,3,287,238,238,0.06463878326996197,-0.0005111309823665443,0.7653593795782909,0.768530684251934,-0.44218607751152866,-0.37430873786883345,0.4689554464832948,0.47722545146483325
consumed,67#14,PC_ON,LN,19,4,4,392,427,392,0.10646387832699619,-0.06686404662547746,0.8256028634662341,0.8181762691486062,0.07614160616815623,0.23135126869052985,1.1311309018170246,1.2399401265962506
consumed,67#14,PC_ON,LN,20,4,5,14,308,14,0.0038022813688212928,-0.12179634194317093,0.7701657563447952,0.8078472852728076,-0.7701657563447952,-0.08631891608026555,2.868245108053088,5.670450514701026
consumed,67#14,PC_ON,LN,21,5,1,0,63,0,0.0,,,2.923850801255968,,2.923850801255968,,0.041144228643841214
consumed,67#14,PC_ON,LN,22,5,2,14,147,14,0.0038022813688212928,-0.20816994939322064,2.0542775839567184,4.548643074220135,2.0542775839567184,4.548643074220135,0.1353958360850811,0.2110108651575588
consumed,67#14,PC_ON,LN,23,5,3,7,168,7,0.0019011406844106464,-0.7459816493839099,1.278307318687439,5.76327651552856,1.278307318687439,5.76327651552856,0.42558856308460236,0.48815930510560673
consumed,67#14,PC_ON,LN,24,5,4,175,602,175,0.04752851711026616,-0.012540899064433664,1.4811311309039592,3.7438700131335576,1.4811311309039592,3.7438700131335576,1.3332884991075844,1.289974443374207
consumed,67#14,PC_ON,LN,25,5,5,175,1470,175,0.04752851711026616,-0.08032015264619422,2.8166596637666226,4.95009526384501,2.8166596637666226,4.95009526384501,3.101516730657313,4.553393652574492
consumed,67#14,PC_ON,CNN,1,1,1,357,91,91,0.024714828897338403,-0.025764337966693487,0.15555243880554176,0.09953478940476018,-0.13207732196543456,-0.06277213233093229,0.046968933853991875,0.053862680233298585
consumed,67#14,PC_ON,CNN,2,1,2,497,161,161,0.043726235741444866,-0.004866585410003821,0.1175827051932648,0.11936351970728973,-0.035149304789792696,-0.10594622533687431,0.19398429303128326,0.19342884433496257
consumed,67#14,PC_ON,CNN,3,1,3,483,252,252,0.06844106463878327,-0.0027021888293494584,0.11208620172017592,0.13035030635688194,-0.03918919694842771,-0.05804324653743404,0.45853816913154005,0.4778637537714935
consumed,67#14,PC_ON,CNN,4,1,4,259,294,259,0.07034220532319392,-0.2654248000959807,0.10488519493889259,0.10019720692816052,-0.004816952360301543,-0.022719776269479467,0.954588389336218,1.080291943120669
consumed,67#14,PC_ON,CNN,5,1,5,7,168,7,0.0019011406844106464,0.3247143445642888,0.11954099498689175,0.13932975174005455,-0.11954099498689175,0.009621893463190645,2.858097529038787,5.083473242722296
consumed,67#14,PC_ON,CNN,6,2,1,455,119,119,0.03231939163498099,-0.012231248269866164,0.3625696150586009,0.3871333997367936,-0.253718286451812,-0.31404889818719206,0.047453737013543454,0.04118344458915731
consumed,67#14,PC_ON,CNN,7,2,2,700,273,273,0.0741444866920152,0.012091050563570311,0.3572565992147429,0.3342022934618096,-0.24093627051159275,-0.278826757799834,0.18217301249445883,0.18403648050764623
consumed,67#14,PC_ON,CNN,8,2,3,497,245,245,0.06653992395437262,-0.10298469310615915,0.3526722057525751,0.337941383424082,-0.15053648248800194,-0.06363636035738247,0.4480827715301978,0.4315444925799966
consumed,67#14,PC_ON,CNN,9,2,4,399,203,203,0.055133079847908745,-0.2017720432314789,0.35706284073469424,0.33257005644705273,0.024768389629204187,-0.1273342433770926,0.9524072306215347,1.0457307547953076
consumed,67#14,PC_ON,CNN,10,2,5,21,280,21,0.005703422053231939,0.1136948896922024,0.3891168311238289,0.3669771974091418,-0.3891168311238289,-0.12168476461665705,2.4519051586588225,5.089194591913838
consumed,67#14,PC_ON,CNN,11,3,1,273,189,189,0.051330798479087454,-0.08206299944080978,0.5654513769998,0.5697833158903651,-0.40616024314210963,-0.5697833158903651,0.0456225329842896,0.0492876790187977
consumed,67#14,PC_ON,CNN,12,3,2,378,133,133,0.03612167300380228,0.00011973032835672914,0.5679029147011332,0.5709795206785202,-0.48440538779228787,-0.35003247308103663,0.1901700635207817,0.18234664343885684
consumed,67#14,PC_ON,CNN,13,3,3,238,84,84,0.022813688212927757,-0.058184633158611124,0.5651656708077473,0.5694268042764937,-0.31627102338654156,-0.27370782867850113,0.4524472897345036,0.4496941457570453
consumed,67#14,PC_ON,CNN,14,3,4,294,189,189,0.051330798479087454,-0.001860139559917874,0.5733059510932348,0.5699699401286327,0.0036895330274654995,-0.10334910573955211,0.9833836588021811,1.0855731127861266
consumed,67#14,PC_ON,CNN,15,3,5,0,189,0,0.0,,,0.576145775253988,,-0.26574116070858306,,4.854289015910278
consumed,67#14,PC_ON,CNN,16,4,1,875,308,308,0.08365019011406843,-0.05110489122337573,0.7635325371026993,0.7705752351744608,-0.7250329147577286,-0.7705752351744608,0.03172422432899475,0.027049176733602177
consumed,67#14,PC_ON,CNN,17,4,2,434,133,133,0.03612167300380228,-0.048954946622446566,0.7444709134438345,0.7738464357037294,-0.6431384784800391,-0.6538703323979127,0.16615420531842015,0.20543985240357487
consumed,67#14,PC_ON,CNN,18,4,3,287,238,238,0.06463878326996197,-0.03468610655782744,0.7653593795782909,0.768530684251934,-0.44218607751152866,-0.37430873786883345,0.4689554464832948,0.47722545146483325
consumed,67#14,PC_ON,CNN,19,4,4,392,427,392,0.10646387832699619,-0.10576701548215302,0.8256028634662341,0.8181762691486062,0.07614160616815623,0.23135126869052985,1.1311309018170246,1.2399401265962506
consumed,67#14,PC_ON,CNN,20,4,5,14,308,14,0.0038022813688212928,-0.13148535407457884,0.7701657563447952,0.8078472852728076,-0.7701657563447952,-0.08631891608026555,2.868245108053088,5.670450514701026
consumed,67#14,PC_ON,CNN,21,5,1,0,63,0,0.0,,,2.923850801255968,,2.923850801255968,,0.041144228643841214
consumed,67#14,PC_ON,CNN,22,5,2,14,147,14,0.0038022813688212928,-0.05293901462123918,2.0542775839567184,4.548643074220135,2.0542775839567184,4.548643074220135,0.1353958360850811,0.2110108651575588
consumed,67#14,PC_ON,CNN,23,5,3,7,168,7,0.0019011406844106464,-1.038385321142961,1.278307318687439,5.76327651552856,1.278307318687439,5.76327651552856,0.42558856308460236,0.48815930510560673
consumed,67#14,PC_ON,CNN,24,5,4,175,602,175,0.04752851711026616,-0.0878513047354929,1.4811311309039592,3.7438700131335576,1.4811311309039592,3.7438700131335576,1.3332884991075844,1.289974443374207
consumed,67#14,PC_ON,CNN,25,5,5,175,1470,175,0.04752851711026616,-0.15919136271535014,2.8166596637666226,4.95009526384501,2.8166596637666226,4.95009526384501,3.101516730657313,4.553393652574492
consumed,67#21,PC_ON,LN,1,1,1,308,112,112,0.028419182948490232,-0.021311523166216595,0.11005016757619822,0.13208256677899044,-0.08844229983779686,-0.05176795551960822,0.05550877128288531,0.03616618939850014
consumed,67#21,PC_ON,LN,2,1,2,448,161,161,0.04085257548845471,0.009318694538920126,0.12569492901820922,0.11249384946321421,-0.04887491072440753,-0.08024882053723559,0.17778977097532334,0.19293101344753624
consumed,67#21,PC_ON,LN,3,1,3,581,294,294,0.07460035523978685,-0.017235626629953805,0.09701885433947521,0.1372858461164426,-0.043470926044567725,-0.06365063400395836,0.4142280613266476,0.44315166245602694
consumed,67#21,PC_ON,LN,4,1,4,245,259,245,0.06216696269982238,-0.02821200690017959,0.1072227236465551,0.09425458547146362,0.035381759325641075,0.006406365111124123,0.8565215224948978,0.9682817557406599
consumed,67#21,PC_ON,LN,5,1,5,21,224,21,0.0053285968028419185,0.20880439778143367,0.043307478656060994,0.14755521682900508,0.038581651519052684,-0.0035156256030859367,2.120985685964115,4.753802503806128
consumed,67#21,PC_ON,LN,6,2,1,469,119,119,0.03019538188277087,-0.03269438997270212,0.3351311747266202,0.34562147370375257,-0.22722098703405805,-0.13664038342368953,0.05483325741274644,0.03968442831298008
consumed,67#21,PC_ON,LN,7,2,2,553,259,259,0.06571936056838366,-0.010781874792562382,0.3600722209467918,0.341070230509079,-0.25950748475174173,-0.26804848555223765,0.17072401858447708,0.17874803736875136
consumed,67#21,PC_ON,LN,8,2,3,546,280,280,0.07104795737122557,-0.016624287810328646,0.3480413401654611,0.3072002338951279,-0.1671996822115034,-0.09338372703714412,0.3962101576408037,0.4634294276482251
consumed,67#21,PC_ON,LN,9,2,4,336,245,245,0.06216696269982238,-0.009302824195200635,0.35184081846819026,0.3403472488546478,0.04586176998418523,-0.10707547977965857,0.9201072405000256,1.0571677363411125
consumed,67#21,PC_ON,LN,10,2,5,21,287,21,0.0053285968028419185,-0.0007872107913172253,0.35101556529601413,0.35264231190198986,-0.35101556529601413,-0.1575094028092103,2.2908736939231553,5.007869979326909
consumed,67#21,PC_ON,LN,11,3,1,301,196,196,0.0497335701598579,-0.01572465656503466,0.5481188598597899,0.5657395941338369,-0.4967836283829583,-0.5242817713213819,0.05526599558178595,0.039867739991417954
consumed,67#21,PC_ON,LN,12,3,2,301,140,140,0.035523978685612786,-0.010637467345901293,0.5496718233213002,0.5604191750986501,-0.47244406182882054,-0.5604191750986501,0.16206745951718024,0.17765179055277258
consumed,67#21,PC_ON,LN,13,3,3,308,119,119,0.03019538188277087,0.0066866167231277255,0.5372743526664139,0.5550910507274025,-0.22988433986690573,-0.22016159740879254,0.4112165510768219,0.45333328892422076
consumed,67#21,PC_ON,LN,14,3,4,287,196,196,0.0497335701598579,0.005452728764613576,0.5431013279026602,0.5621778722852468,-0.06475079495732378,0.005335522815585136,0.9577640923983758,1.1351398855274186
consumed,67#21,PC_ON,LN,15,3,5,0,196,0,0.0,,,0.5606688750309071,,-0.16784479126467236,,5.287560490658507
consumed,67#21,PC_ON,LN,16,4,1,917,357,357,0.0905861456483126,-0.03052580560523884,0.7528327366209212,0.7611938814322153,-0.7407699809160851,-0.7358246544996897,0.034349681198141954,0.031447966601334365
consumed,67#21,PC_ON,LN,17,4,2,322,112,112,0.028419182948490232,-0.0029423720400844466,0.7488314323937115,0.7486226516775787,-0.6366288769666267,-0.6303845974616706,0.1595659059998782,0.16377644799649715
consumed,67#21,PC_ON,LN,18,4,3,315,294,294,0.07460035523978685,0.005778975675657896,0.7426731481734249,0.7657215475282144,-0.6135646991017792,-0.3697619231728216,0.41976954989497445,0.44071576221834957
consumed,67#21,PC_ON,LN,19,4,4,357,322,322,0.08170515097690942,-0.028632572789975545,0.7594384470516268,0.7740965561381966,-0.13796787214118475,-0.007037111792116142,1.0656788484695567,1.1047500659814156
consumed,67#21,PC_ON,LN,20,4,5,21,308,21,0.0053285968028419185,-0.004872642225526936,0.7739289700984955,0.7531660906441341,-0.7739289700984955,-0.3597529409135776,2.151548950622479,4.9397527698787265
consumed,67#21,PC_ON,LN,21,5,1,0,147,0,0.0,,,3.6669653065147854,,3.6669653065147854,,0.04869953365552993
consumed,67#21,PC_ON,LN,22,5,2,7,84,7,0.0017761989342806395,0.04081160921380529,1.0446228981018066,4.587231901784738,1.0446228981018066,4.587231901784738,0.1798284500837326,0.18371075143416724
consumed,67#21,PC_ON,LN,23,5,3,14,154,14,0.003552397868561279,-0.007581404500219213,1.1785697937011719,5.454119578427211,1.1785697937011719,5.454119578427211,0.48689308925531805,0.4635478634048592
consumed,67#21,PC_ON,LN,24,5,4,203,616,203,0.05150976909413854,0.024804578383674915,1.3964605654252629,4.092071365655019,1.3964605654252629,4.092071365655019,1.1955851923337142,1.236981347418226
consumed,67#21,PC_ON,LN,25,5,5,203,1659,203,0.05150976909413854,-0.029492814163288028,2.457513250089411,4.703127508838357,2.457513250089411,4.703127508838357,2.8736014838093604,4.380743126732195
consumed,67#21,PC_ON,CNN,1,1,1,308,112,112,0.028419182948490232,-0.05287489806471617,0.11005016757619822,0.13208256677899044,-0.08844229983779686,-0.05176795551960822,0.05550877128288531,0.03616618939850014
consumed,67#21,PC_ON,CNN,2,1,2,448,161,161,0.04085257548845471,0.008016442235494886,0.12569492901820922,0.11249384946321421,-0.04887491072440753,-0.08024882053723559,0.17778977097532334,0.19293101344753624
consumed,67#21,PC_ON,CNN,3,1,3,581,294,294,0.07460035523978685,-0.033374713608312866,0.09701885433947521,0.1372858461164426,-0.043470926044567725,-0.06365063400395836,0.4142280613266476,0.44315166245602694
consumed,67#21,PC_ON,CNN,4,1,4,245,259,245,0.06216696269982238,-0.016364547083284633,0.1072227236465551,0.09425458547146362,0.035381759325641075,0.006406365111124123,0.8565215224948978,0.9682817557406599
consumed,67#21,PC_ON,CNN,5,1,5,21,224,21,0.0053285968028419185,-0.0412571216164354,0.043307478656060994,0.14755521682900508,0.038581651519052684,-0.0035156256030859367,2.120985685964115,4.753802503806128
consumed,67#21,PC_ON,CNN,6,2,1,469,119,119,0.03019538188277087,-0.10560685057361748,0.3351311747266202,0.34562147370375257,-0.22722098703405805,-0.13664038342368953,0.05483325741274644,0.03968442831298008
consumed,67#21,PC_ON,CNN,7,2,2,553,259,259,0.06571936056838366,0.00709764429537646,0.3600722209467918,0.341070230509079,-0.25950748475174173,-0.26804848555223765,0.17072401858447708,0.17874803736875136
consumed,67#21,PC_ON,CNN,8,2,3,546,280,280,0.07104795737122557,-0.047164539993175575,0.3480413401654611,0.3072002338951279,-0.1671996822115034,-0.09338372703714412,0.3962101576408037,0.4634294276482251
consumed,67#21,PC_ON,CNN,9,2,4,336,245,245,0.06216696269982238,-0.0662727573799218,0.35184081846819026,0.3403472488546478,0.04586176998418523,-0.10707547977965857,0.9201072405000256,1.0571677363411125
consumed,67#21,PC_ON,CNN,10,2,5,21,287,21,0.0053285968028419185,-0.002117514658134336,0.35101556529601413,0.35264231190198986,-0.35101556529601413,-0.1575094028092103,2.2908736939231553,5.007869979326909
consumed,67#21,PC_ON,CNN,11,3,1,301,196,196,0.0497335701598579,-0.01472982683547644,0.5481188598597899,0.5657395941338369,-0.4967836283829583,-0.5242817713213819,0.05526599558178595,0.039867739991417954
consumed,67#21,PC_ON,CNN,12,3,2,301,140,140,0.035523978685612786,-0.02835466114298074,0.5496718233213002,0.5604191750986501,-0.47244406182882054,-0.5604191750986501,0.16206745951718024,0.17765179055277258
consumed,67#21,PC_ON,CNN,13,3,3,308,119,119,0.03019538188277087,-0.007015301024648545,0.5372743526664139,0.5550910507274025,-0.22988433986690573,-0.22016159740879254,0.4112165510768219,0.45333328892422076
consumed,67#21,PC_ON,CNN,14,3,4,287,196,196,0.0497335701598579,-0.0710255482407047,0.5431013279026602,0.5621778722852468,-0.06475079495732378,0.005335522815585136,0.9577640923983758,1.1351398855274186
consumed,67#21,PC_ON,CNN,15,3,5,0,196,0,0.0,,,0.5606688750309071,,-0.16784479126467236,,5.287560490658507
consumed,67#21,PC_ON,CNN,16,4,1,917,357,357,0.0905861456483126,-0.01800653862963299,0.7528327366209212,0.7611938814322153,-0.7407699809160851,-0.7358246544996897,0.034349681198141954,0.031447966601334365
consumed,67#21,PC_ON,CNN,17,4,2,322,112,112,0.028419182948490232,-0.0602785035745917,0.7488314323937115,0.7486226516775787,-0.6366288769666267,-0.6303845974616706,0.1595659059998782,0.16377644799649715
consumed,67#21,PC_ON,CNN,18,4,3,315,294,294,0.07460035523978685,0.005649139672435476,0.7426731481734249,0.7657215475282144,-0.6135646991017792,-0.3697619231728216,0.41976954989497445,0.44071576221834957
consumed,67#21,PC_ON,CNN,19,4,4,357,322,322,0.08170515097690942,-0.05851121664017268,0.7594384470516268,0.7740965561381966,-0.13796787214118475,-0.007037111792116142,1.0656788484695567,1.1047500659814156
consumed,67#21,PC_ON,CNN,20,4,5,21,308,21,0.0053285968028419185,-0.12044975744438598,0.7739289700984955,0.7531660906441341,-0.7739289700984955,-0.3597529409135776,2.151548950622479,4.9397527698787265
consumed,67#21,PC_ON,CNN,21,5,1,0,147,0,0.0,,,3.6669653065147854,,3.6669653065147854,,0.04869953365552993
consumed,67#21,PC_ON,CNN,22,5,2,7,84,7,0.0017761989342806395,0.12840289760405332,1.0446228981018066,4.587231901784738,1.0446228981018066,4.587231901784738,0.1798284500837326,0.18371075143416724
consumed,67#21,PC_ON,CNN,23,5,3,14,154,14,0.003552397868561279,-0.10003457096259728,1.1785697937011719,5.454119578427211,1.1785697937011719,5.454119578427211,0.48689308925531805,0.4635478634048592
consumed,67#21,PC_ON,CNN,24,5,4,203,616,203,0.05150976909413854,-0.02242572912449902,1.3964605654252629,4.092071365655019,1.3964605654252629,4.092071365655019,1.1955851923337142,1.236981347418226
consumed,67#21,PC_ON,CNN,25,5,5,203,1659,203,0.05150976909413854,-0.0846301422349155,2.457513250089411,4.703127508838357,2.457513250089411,4.703127508838357,2.8736014838093604,4.380743126732195
consumed,67#26,PC_ON,LN,1,1,1,392,77,77,0.02208835341365462,-0.0020477726650211356,0.14115085061556393,0.16996965465897862,-0.09269191306001241,-0.05934285843236882,0.05363501814717893,0.04081970204768534
consumed,67#26,PC_ON,LN,2,1,2,364,133,133,0.03815261044176707,-0.02908448723116531,0.09940258477984643,0.1366253496441794,-0.028298670201687717,-0.08753998099679225,0.18310660628619818,0.1917583443763617
consumed,67#26,PC_ON,LN,3,1,3,490,154,154,0.04417670682730924,-0.02490568611304942,0.09180192810882416,0.12147005811143158,-0.019964101945848342,-0.03810752770249647,0.40887661173340994,0.41135407609716906
consumed,67#26,PC_ON,LN,4,1,4,329,217,217,0.06224899598393574,-0.03202404711023265,0.11639599299375362,0.08417315370790028,0.027234323695302005,-0.02109260152060268,0.8374518866809283,1.0332715510756845
consumed,67#26,PC_ON,LN,5,1,5,28,133,28,0.008032128514056224,-0.03653189584879965,0.09056847582105547,0.1344239650147134,-0.022234061150811623,0.043987687485978796,2.2985581842949614,5.360628606452558
consumed,67#26,PC_ON,LN,6,2,1,567,105,105,0.030120481927710843,-0.010964072950337647,0.33840731511260447,0.36990298628807067,-0.20107549330633548,-0.28038472652435303,0.05333108391244839,0.05328884093711774
consumed,67#26,PC_ON,LN,7,2,2,581,238,238,0.06827309236947791,-0.0063517521855293805,0.341943605055651,0.35878903657088385,-0.23118873141167395,-0.29839400177383246,0.16953549958395225,0.17666362336946323
consumed,67#26,PC_ON,LN,8,2,3,665,273,273,0.0783132530120482,-0.05834418420087524,0.34450785830616953,0.3219379538144821,-0.18553740103778088,-0.1482326727647048,0.4010166428404812,0.43696347029927446
consumed,67#26,PC_ON,LN,9,2,4,385,280,280,0.08032128514056225,-0.03649422845103448,0.35122595487204805,0.3387776267767185,0.06765246850057421,-0.08225788333045785,0.9952063682721928,1.0275535878777737
consumed,67#26,PC_ON,LN,10,2,5,21,315,21,0.006024096385542169,-0.0653911361046736,0.3603789893289407,0.3489553875476122,-0.3603789893289407,-0.1040966804408365,2.2490122375388943,5.119634174398251
consumed,67#26,PC_ON,LN,11,3,1,322,182,182,0.05220883534136546,-0.0018166696636805195,0.570083208244456,0.5811767119627732,-0.4509568301312949,-0.5811767119627732,0.05327922368989045,0.04285643513386066
consumed,67#26,PC_ON,LN,12,3,2,308,147,147,0.04216867469879518,-0.019562857170847558,0.5622389824235473,0.5894319667880025,-0.513616078924811,-0.3761018651049761,0.18438386574429885,0.18933149475072114
consumed,67#26,PC_ON,LN,13,3,3,224,56,56,0.01606425702811245,0.041846834272808366,0.5636530463700183,0.564000516012311,-0.2893906657933258,-0.4239807028323413,0.40363230334187394,0.45080681445542725
consumed,67#26,PC_ON,LN,14,3,4,336,203,203,0.05823293172690763,-0.0549905750845634,0.5648659323031704,0.5674695947528656,-0.04487988843272132,-0.022077459793794788,0.909624391590478,1.0533360655547988
consumed,67#26,PC_ON,LN,15,3,5,0,196,0,0.0,,,0.5694484664393323,,-0.21489316416638238,,4.306704052431243
consumed,67#26,PC_ON,LN,16,4,1,938,294,294,0.08433734939759036,-0.00491173783012736,0.7619606873771149,0.7712181739863896,-0.7352852538339237,-0.724988411863645,0.0354849038965333,0.03789395723669302
consumed,67#26,PC_ON,LN,17,4,2,294,70,70,0.020080321285140562,0.008401103023526698,0.7353003208126341,0.7884073352813722,-0.6920807856888999,-0.5658184123039247,0.15588307683799596,0.18721243411302568
consumed,67#26,PC_ON,LN,18,4,3,357,217,217,0.06224899598393574,-0.030121943131475933,0.7671382499091766,0.767611470337837,-0.47005027935785415,-0.5375436007976532,0.42857864744796914,0.4055588633235123
consumed,67#26,PC_ON,LN,19,4,4,420,392,392,0.11244979919678715,-0.028136313625117725,0.8404189221188425,0.8419466731072005,0.07937100530912479,0.2460253163440419,1.1374043153513533,1.211212218598043
consumed,67#26,PC_ON,LN,20,4,5,7,273,7,0.002008032128514056,-0.05852210298759161,0.7797415256500244,0.7781095719872378,-0.7797415256500244,-0.2526983614533376,2.0577513456344607,5.719348423851606
consumed,67#26,PC_ON,LN,21,5,1,0,91,0,0.0,,,4.703981584769029,,4.703981584769029,,0.05658337061221784
consumed,67#26,PC_ON,LN,22,5,2,0,91,0,0.0,,,4.525755774057829,,4.525755774057829,,0.1885529343898479
consumed,67#26,PC_ON,LN,23,5,3,28,161,28,0.008032128514056224,-0.08000548238563843,1.6535706683993343,4.204993930070297,1.6535706683993343,4.204993930070297,0.3962441541254519,0.44230659604072575
consumed,67#26,PC_ON,LN,24,5,4,182,581,182,0.05220883534136546,-0.014151235793747394,1.576632945354168,3.9856514995625933,1.576632945354168,3.9856514995625933,1.327211311008208,1.2874444311473476
consumed,67#26,PC_ON,LN,25,5,5,182,1344,182,0.05220883534136546,0.015789199927133273,2.756526151213509,4.98518432120327,2.756526151213509,4.98518432120327,3.1197990053028875,4.515714293879744
consumed,67#26,PC_ON,CNN,1,1,1,392,77,77,0.02208835341365462,-0.005381631406089002,0.14115085061556393,0.16996965465897862,-0.09269191306001241,-0.05934285843236882,0.05363501814717893,0.04081970204768534
consumed,67#26,PC_ON,CNN,2,1,2,364,133,133,0.03815261044176707,-0.04811008415273785,0.09940258477984643,0.1366253496441794,-0.028298670201687717,-0.08753998099679225,0.18310660628619818,0.1917583443763617
consumed,67#26,PC_ON,CNN,3,1,3,490,154,154,0.04417670682730924,-0.08091138405398199,0.09180192810882416,0.12147005811143158,-0.019964101945848342,-0.03810752770249647,0.40887661173340994,0.41135407609716906
consumed,67#26,PC_ON,CNN,4,1,4,329,217,217,0.06224899598393574,-0.22115559042753805,0.11639599299375362,0.08417315370790028,0.027234323695302005,-0.02109260152060268,0.8374518866809283,1.0332715510756845
consumed,67#26,PC_ON,CNN,5,1,5,28,133,28,0.008032128514056224,0.016363799608798902,0.09056847582105547,0.1344239650147134,-0.022234061150811623,0.043987687485978796,2.2985581842949614,5.360628606452558
consumed,67#26,PC_ON,CNN,6,2,1,567,105,105,0.030120481927710843,0.03770753422470073,0.33840731511260447,0.36990298628807067,-0.20107549330633548,-0.28038472652435303,0.05333108391244839,0.05328884093711774
consumed,67#26,PC_ON,CNN,7,2,2,581,238,238,0.06827309236947791,-0.023698746084006694,0.341943605055651,0.35878903657088385,-0.23118873141167395,-0.29839400177383246,0.16953549958395225,0.17666362336946323
consumed,67#26,PC_ON,CNN,8,2,3,665,273,273,0.0783132530120482,-0.07034503084608369,0.34450785830616953,0.3219379538144821,-0.18553740103778088,-0.1482326727647048,0.4010166428404812,0.43696347029927446
consumed,67#26,PC_ON,CNN,9,2,4,385,280,280,0.08032128514056225,-0.03190874864011037,0.35122595487204805,0.3387776267767185,0.06765246850057421,-0.08225788333045785,0.9952063682721928,1.0275535878777737
consumed,67#26,PC_ON,CNN,10,2,5,21,315,21,0.006024096385542169,-0.09011536721894008,0.3603789893289407,0.3489553875476122,-0.3603789893289407,-0.1040966804408365,2.2490122375388943,5.119634174398251
consumed,67#26,PC_ON,CNN,11,3,1,322,182,182,0.05220883534136546,-0.00713242107908349,0.570083208244456,0.5811767119627732,-0.4509568301312949,-0.5811767119627732,0.05327922368989045,0.04285643513386066
consumed,67#26,PC_ON,CNN,12,3,2,308,147,147,0.04216867469879518,-0.0036361568503657654,0.5622389824235473,0.5894319667880025,-0.513616078924811,-0.3761018651049761,0.18438386574429885,0.18933149475072114
consumed,67#26,PC_ON,CNN,13,3,3,224,56,56,0.01606425702811245,0.05367644075259537,0.5636530463700183,0.564000516012311,-0.2893906657933258,-0.4239807028323413,0.40363230334187394,0.45080681445542725
consumed,67#26,PC_ON,CNN,14,3,4,336,203,203,0.05823293172690763,0.0016134211983044712,0.5648659323031704,0.5674695947528656,-0.04487988843272132,-0.022077459793794788,0.909624391590478,1.0533360655547988
consumed,67#26,PC_ON,CNN,15,3,5,0,196,0,0.0,,,0.5694484664393323,,-0.21489316416638238,,4.306704052431243
consumed,67#26,PC_ON,CNN,16,4,1,938,294,294,0.08433734939759036,0.002422703913965339,0.7619606873771149,0.7712181739863896,-0.7352852538339237,-0.724988411863645,0.0354849038965333,0.03789395723669302
consumed,67#26,PC_ON,CNN,17,4,2,294,70,70,0.020080321285140562,-0.01681367120457274,0.7353003208126341,0.7884073352813722,-0.6920807856888999,-0.5658184123039247,0.15588307683799596,0.18721243411302568
consumed,67#26,PC_ON,CNN,18,4,3,357,217,217,0.06224899598393574,0.014516334556510921,0.7671382499091766,0.767611470337837,-0.47005027935785415,-0.5375436007976532,0.42857864744796914,0.4055588633235123
consumed,67#26,PC_ON,CNN,19,4,4,420,392,392,0.11244979919678715,-0.09231278465084561,0.8404189221188425,0.8419466731072005,0.07937100530912479,0.2460253163440419,1.1374043153513533,1.211212218598043
consumed,67#26,PC_ON,CNN,20,4,5,7,273,7,0.002008032128514056,-0.10080699705208032,0.7797415256500244,0.7781095719872378,-0.7797415256500244,-0.2526983614533376,2.0577513456344607,5.719348423851606
consumed,67#26,PC_ON,CNN,21,5,1,0,91,0,0.0,,,4.703981584769029,,4.703981584769029,,0.05658337061221784
consumed,67#26,PC_ON,CNN,22,5,2,0,91,0,0.0,,,4.525755774057829,,4.525755774057829,,0.1885529343898479
consumed,67#26,PC_ON,CNN,23,5,3,28,161,28,0.008032128514056224,-0.11076820508876249,1.6535706683993343,4.204993930070297,1.6535706683993343,4.204993930070297,0.3962441541254519,0.44230659604072575
consumed,67#26,PC_ON,CNN,24,5,4,182,581,182,0.05220883534136546,-0.059025481935812266,1.576632945354168,3.9856514995625933,1.576632945354168,3.9856514995625933,1.327211311008208,1.2874444311473476
consumed,67#26,PC_ON,CNN,25,5,5,182,1344,182,0.05220883534136546,-0.024118097278041636,2.756526151213509,4.98518432120327,2.756526151213509,4.98518432120327,3.1197990053028875,4.515714293879744
consumed,67#33,MC_OFF,LN,1,1,1,336,105,105,0.03171247357293869,-0.04358565759575675,0.1298389346703516,0.12985858201204492,-0.08587029358808045,-0.07480587206004809,0.047959961995366035,0.047989355376921596
consumed,67#33,MC_OFF,LN,2,1,2,364,147,147,0.04439746300211417,-0.08793552099245458,0.11792883654628754,0.10774862329874721,-0.06370679679373727,-0.010835616592140425,0.18357029638730007,0.19542214037140923
consumed,67#33,MC_OFF,LN,3,1,3,581,308,308,0.09302325581395349,-0.027349524310965864,0.11315013301567207,0.11018132056355666,-0.025916522536468863,-0.010641143859274133,0.3781878966165578,0.39135824754802423
consumed,67#33,MC_OFF,LN,4,1,4,343,196,196,0.05919661733615222,0.011065122044349111,0.10814272152088888,0.11031128957131713,0.017370433606473466,-0.06006057036304681,0.8020891816421811,0.9643667038004163
consumed,67#33,MC_OFF,LN,5,1,5,0,217,0,0.0,,,0.11141597834581672,,-0.036443708440926835,,4.5490887955767025
consumed,67#33,MC_OFF,LN,6,2,1,574,84,84,0.02536997885835095,-0.13915057843860132,0.33382174808705206,0.342013522652754,-0.22246103589323624,-0.2140327884388777,0.053248172807478816,0.0410758480235624
consumed,67#33,MC_OFF,LN,7,2,2,518,217,217,0.06553911205073996,-0.060319832783792625,0.33940359793062247,0.3415308900838418,-0.2673160202706837,-0.18639044092908022,0.16349990759626962,0.16632483676977217
consumed,67#33,MC_OFF,LN,8,2,3,546,315,315,0.09513742071881606,-0.09719971532911685,0.3447378734144597,0.32883801436995985,-0.13041402702757085,-0.1316106578861622,0.38393764357733284,0.4036298753530718
consumed,67#33,MC_OFF,LN,9,2,4,350,189,189,0.05708245243128964,-0.11559294123290731,0.33834187303530056,0.3416946603278457,-0.12793011601874607,0.03523039378536245,0.8613247355339116,0.893195386501719
consumed,67#33,MC_OFF,LN,10,2,5,28,287,28,0.008456659619450317,0.0022874994404752684,0.3727862370782532,0.3493165364254709,-0.2514353821403347,-0.06237758470673636,1.9576496223337014,4.542557565576438
consumed,67#33,MC_OFF,LN,11,3,1,245,70,70,0.021141649048625793,-0.05745310345278191,0.5431076397640365,0.5131962615251541,-0.5431076397640365,-0.5131962615251541,0.04869060807994434,0.03476966932881625
consumed,67#33,MC_OFF,LN,12,3,2,301,77,77,0.023255813953488372,0.03173986756361345,0.5575048467444885,0.5315763694318859,-0.4749051988793559,-0.3383282405408946,0.1563135292751953,0.17848350271921268
consumed,67#33,MC_OFF,LN,13,3,3,196,112,112,0.03382663847780127,0.010361242111012844,0.5331942013132254,0.528490223933477,-0.2733609241899103,-0.3932218218338676,0.3797018289640879,0.4098618861655269
consumed,67#33,MC_OFF,LN,14,3,4,238,147,147,0.04439746300211417,0.05079043728099416,0.5451366043266127,0.5491094178919281,-0.0622414374614463,-0.028656231949017168,0.9385449577966938,0.9815246563693064
consumed,67#33,MC_OFF,LN,15,3,5,0,175,0,0.0,,,0.5575097481328994,,-0.42266378125734627,,4.606104486780241
consumed,67#33,MC_OFF,LN,16,4,1,791,350,350,0.10570824524312897,-0.08788426321873932,0.7456954521811114,0.7625214442163708,-0.7186366899482972,-0.7625214442163708,0.037578357208882834,0.03275621496140957
consumed,67#33,MC_OFF,LN,17,4,2,315,98,98,0.02959830866807611,-0.18327884354667548,0.7097021708885829,0.7320222903575215,-0.6819482809305192,-0.7320222903575215,0.15033523978458513,0.15943255658660618
consumed,67#33,MC_OFF,LN,18,4,3,259,175,175,0.052854122621564484,-0.12282678552709589,0.737227687984705,0.7306083845496179,-0.45695321992845145,-0.5679520130753518,0.4090504908745455,0.39996253509819507
consumed,67#33,MC_OFF,LN,19,4,4,406,308,308,0.09302325581395349,-0.0327669385650081,0.7458852855809803,0.7784793879191223,-0.0020024482032348617,0.03365962177155201,0.9760682058442838,1.1022583143909948
consumed,67#33,MC_OFF,LN,20,4,5,21,301,21,0.006342494714587738,-0.07590418650285803,0.7669842580954235,0.7524710129253395,-0.7669842580954235,-0.2906759149026732,1.980822688341141,4.250592580403007
consumed,67#33,MC_OFF,LN,21,5,1,7,119,7,0.0021141649048625794,-0.004774728807812264,1.2204570293426513,4.0578216819202195,1.2204570293426513,4.0578216819202195,0.04255178570747398,0.034343032977160244
consumed,67#33,MC_OFF,LN,22,5,2,0,91,0,0.0,,,4.6398545454327875,,4.6398545454327875,,0.17354643587649873
consumed,67#33,MC_OFF,LN,23,5,3,21,182,21,0.006342494714587738,-0.025969653955877223,1.2581189811229703,3.7425530781642578,1.2581189811229703,3.7425530781642578,0.3357035058240096,0.3618258463178509
consumed,67#33,MC_OFF,LN,24,5,4,182,483,182,0.05496828752642706,0.009646375531867602,1.306557091877151,4.381802338604694,1.306557091877151,4.381802338604694,1.094802868206842,1.1281271362044525
consumed,67#33,MC_OFF,LN,25,5,5,154,1673,154,0.046511627906976744,-0.04146841700162258,2.3792837251993744,4.907472571436605,2.3792837251993744,4.907472571436605,2.8255642404232115,4.115727016999568
consumed,67#33,MC_OFF,CNN,1,1,1,336,105,105,0.03171247357293869,-0.12971292023757597,0.1298389346703516,0.12985858201204492,-0.08587029358808045,-0.07480587206004809,0.047959961995366035,0.047989355376921596
consumed,67#33,MC_OFF,CNN,2,1,2,364,147,147,0.04439746300211417,-0.08984387883609833,0.11792883654628754,0.10774862329874721,-0.06370679679373727,-0.010835616592140425,0.18357029638730007,0.19542214037140923
consumed,67#33,MC_OFF,CNN,3,1,3,581,308,308,0.09302325581395349,-0.149522963831058,0.11315013301567207,0.11018132056355666,-0.025916522536468863,-0.010641143859274133,0.3781878966165578,0.39135824754802423
consumed,67#33,MC_OFF,CNN,4,1,4,343,196,196,0.05919661733615222,-0.18047153641036814,0.10814272152088888,0.11031128957131713,0.017370433606473466,-0.06006057036304681,0.8020891816421811,0.9643667038004163
consumed,67#33,MC_OFF,CNN,5,1,5,0,217,0,0.0,,,0.11141597834581672,,-0.036443708440926835,,4.5490887955767025
consumed,67#33,MC_OFF,CNN,6,2,1,574,84,84,0.02536997885835095,0.09468060026968333,0.33382174808705206,0.342013522652754,-0.22246103589323624,-0.2140327884388777,0.053248172807478816,0.0410758480235624
consumed,67#33,MC_OFF,CNN,7,2,2,518,217,217,0.06553911205073996,-0.09204836785412404,0.33940359793062247,0.3415308900838418,-0.2673160202706837,-0.18639044092908022,0.16349990759626962,0.16632483676977217
consumed,67#33,MC_OFF,CNN,8,2,3,546,315,315,0.09513742071881606,-0.20777130488978382,0.3447378734144597,0.32883801436995985,-0.13041402702757085,-0.1316106578861622,0.38393764357733284,0.4036298753530718
consumed,67#33,MC_OFF,CNN,9,2,4,350,189,189,0.05708245243128964,-0.14806177277552185,0.33834187303530056,0.3416946603278457,-0.12793011601874607,0.03523039378536245,0.8613247355339116,0.893195386501719
consumed,67#33,MC_OFF,CNN,10,2,5,28,287,28,0.008456659619450317,-0.07234114603433969,0.3727862370782532,0.3493165364254709,-0.2514353821403347,-0.06237758470673636,1.9576496223337014,4.542557565576438
consumed,67#33,MC_OFF,CNN,11,3,1,245,70,70,0.021141649048625793,-0.33572796567948554,0.5431076397640365,0.5131962615251541,-0.5431076397640365,-0.5131962615251541,0.04869060807994434,0.03476966932881625
consumed,67#33,MC_OFF,CNN,12,3,2,301,77,77,0.023255813953488372,-0.0701393634875468,0.5575048467444885,0.5315763694318859,-0.4749051988793559,-0.3383282405408946,0.1563135292751953,0.17848350271921268
consumed,67#33,MC_OFF,CNN,13,3,3,196,112,112,0.03382663847780127,-0.12584771801960482,0.5331942013132254,0.528490223933477,-0.2733609241899103,-0.3932218218338676,0.3797018289640879,0.4098618861655269
consumed,67#33,MC_OFF,CNN,14,3,4,238,147,147,0.04439746300211417,-0.13730689244942962,0.5451366043266127,0.5491094178919281,-0.0622414374614463,-0.028656231949017168,0.9385449577966938,0.9815246563693064
consumed,67#33,MC_OFF,CNN,15,3,5,0,175,0,0.0,,,0.5575097481328994,,-0.42266378125734627,,4.606104486780241
consumed,67#33,MC_OFF,CNN,16,4,1,791,350,350,0.10570824524312897,-0.15867784282887057,0.7456954521811114,0.7625214442163708,-0.7186366899482972,-0.7625214442163708,0.037578357208882834,0.03275621496140957
consumed,67#33,MC_OFF,CNN,17,4,2,315,98,98,0.02959830866807611,0.06354730034914524,0.7097021708885829,0.7320222903575215,-0.6819482809305192,-0.7320222903575215,0.15033523978458513,0.15943255658660618
consumed,67#33,MC_OFF,CNN,18,4,3,259,175,175,0.052854122621564484,-0.02802700421633316,0.737227687984705,0.7306083845496179,-0.45695321992845145,-0.5679520130753518,0.4090504908745455,0.39996253509819507
consumed,67#33,MC_OFF,CNN,19,4,4,406,308,308,0.09302325581395349,-0.2723319814305298,0.7458852855809803,0.7784793879191223,-0.0020024482032348617,0.03365962177155201,0.9760682058442838,1.1022583143909948
consumed,67#33,MC_OFF,CNN,20,4,5,21,301,21,0.006342494714587738,-0.22296593562007516,0.7669842580954235,0.7524710129253395,-0.7669842580954235,-0.2906759149026732,1.980822688341141,4.250592580403007
consumed,67#33,MC_OFF,CNN,21,5,1,7,119,7,0.0021141649048625794,-0.04042970474800347,1.2204570293426513,4.0578216819202195,1.2204570293426513,4.0578216819202195,0.04255178570747398,0.034343032977160244
consumed,67#33,MC_OFF,CNN,22,5,2,0,91,0,0.0,,,4.6398545454327875,,4.6398545454327875,,0.17354643587649873
consumed,67#33,MC_OFF,CNN,23,5,3,21,182,21,0.006342494714587738,-0.2144367340348921,1.2581189811229703,3.7425530781642578,1.2581189811229703,3.7425530781642578,0.3357035058240096,0.3618258463178509
consumed,67#33,MC_OFF,CNN,24,5,4,182,483,182,0.05496828752642706,-0.06699233200326926,1.306557091877151,4.381802338604694,1.306557091877151,4.381802338604694,1.094802868206842,1.1281271362044525
consumed,67#33,MC_OFF,CNN,25,5,5,154,1673,154,0.046511627906976744,-0.21969382349451394,2.3792837251993744,4.907472571436605,2.3792837251993744,4.907472571436605,2.8255642404232115,4.115727016999568
consumed,67#34,PC_ON,LN,1,1,1,273,21,21,0.0071090047393364926,-0.02833484540231998,0.1185469880956822,0.07364188817640145,-0.03714217009464613,-0.07093549085160096,0.05430777931962019,0.058154649760884546
consumed,67#34,PC_ON,LN,2,1,2,259,112,112,0.037914691943127965,0.003092086059462207,0.10908369337738731,0.11138393470901065,-0.03739842559435921,-0.030645356950117275,0.18298491615073667,0.16373882364132442
consumed,67#34,PC_ON,LN,3,1,3,462,266,266,0.09004739336492891,-0.021815679457143397,0.09767671491102771,0.09517675138378859,-0.02001791852859297,-0.038335529191260174,0.3976404122646879,0.3956202552209633
consumed,67#34,PC_ON,LN,4,1,4,140,175,140,0.04739336492890995,-0.029974219791094787,0.09195097328047268,0.09892925682011992,0.013229173648869618,-0.01552542311605066,0.7514735604461749,1.0231589297158643
consumed,67#34,PC_ON,LN,5,1,5,7,189,7,0.002369668246445498,0.055739409289510364,0.05836382093548309,0.11496051353107625,-0.05836382093548309,-0.006576602222830169,2.7817549962055637,5.136792259200943
consumed,67#34,PC_ON,LN,6,2,1,462,133,133,0.045023696682464455,0.00296164740538501,0.3258652172600815,0.34837797379096674,-0.2543909015415314,-0.2898498937965518,0.050400676231771344,0.05345546888604172
consumed,67#34,PC_ON,LN,7,2,2,413,175,175,0.05924170616113744,-0.02416844332833479,0.34259883731295815,0.32242011051625014,-0.19185291249423397,-0.27941734524443745,0.1705698184461838,0.17135571425780655
consumed,67#34,PC_ON,LN,8,2,3,448,294,294,0.0995260663507109,-0.010476423655741059,0.3286145848992419,0.3229661152831146,-0.14717636335672069,-0.07182753361051991,0.40649543442805225,0.41035194261487395
consumed,67#34,PC_ON,LN,9,2,4,266,168,168,0.05687203791469194,-0.004345906884632263,0.339566828624811,0.3258180540093842,0.018389414882556975,-0.011858823650982231,0.9224871060731331,1.0620234703140643
consumed,67#34,PC_ON,LN,10,2,5,7,238,7,0.002369668246445498,-0.10057164945129249,0.22041306272149086,0.31924741373821985,-0.22041306272149086,-0.11286576975972447,1.9916206933557987,5.515227475878098
consumed,67#34,PC_ON,LN,11,3,1,196,182,182,0.061611374407582936,0.0034947195009477957,0.5301794789598456,0.5595381209053673,-0.45541373793301837,-0.514016262972011,0.06622323422925547,0.04139734210016636
consumed,67#34,PC_ON,LN,12,3,2,154,154,154,0.052132701421800945,0.011605591431967942,0.5419257784431631,0.5441302799577401,-0.44358262622898276,-0.34750489007935603,0.17648749070014508,0.15989053374241022
consumed,67#34,PC_ON,LN,13,3,3,182,168,168,0.05687203791469194,0.0002507663342440113,0.5352727292248836,0.5245761867554393,-0.36690956783982426,-0.3542425903239443,0.40944432699269295,0.41742437998785437
consumed,67#34,PC_ON,LN,14,3,4,140,175,140,0.04739336492890995,-0.005542871609402268,0.5419248910155148,0.5537421194836497,-0.05701636881567538,-0.05148139495402575,0.9366218986921012,1.1164319035597146
consumed,67#34,PC_ON,LN,15,3,5,0,189,0,0.0,,,0.5399305728712568,,-0.29425756943722564,,4.620524489734736
consumed,67#34,PC_ON,LN,16,4,1,588,224,224,0.07582938388625593,0.006774180413396851,0.7584034584994827,0.7553587988950312,-0.7410106869148356,-0.7553587988950312,0.034701885212035405,0.03701359569095075
consumed,67#34,PC_ON,LN,17,4,2,203,133,133,0.045023696682464455,-0.005668477663326076,0.7344427414495369,0.7077292070577019,-0.7344427414495369,-0.7077292070577019,0.17018700121291752,0.16582247850142026
consumed,67#34,PC_ON,LN,18,4,3,259,175,175,0.05924170616113744,0.06263043247957326,0.7533570716308581,0.7384946739673615,-0.4155059884730223,-0.4872059231996536,0.43594732635648215,0.44394142005592585
consumed,67#34,PC_ON,LN,19,4,4,266,441,266,0.09004739336492891,-0.026896159102165244,0.7745014108398831,0.8190467156112261,0.07431343833817855,0.24559563795697786,0.9739416281632944,1.2150287365948316
consumed,67#34,PC_ON,LN,20,4,5,0,238,0,0.0,,,0.7656481421607382,,-0.36847227526938214,,6.258635185001528
consumed,67#34,PC_ON,LN,21,5,1,0,84,0,0.0,,,4.469835774352153,,4.469835774352153,,0.04197489842772484
consumed,67#34,PC_ON,LN,22,5,2,0,49,0,0.0,,,5.7185724547931125,,5.7185724547931125,,0.20867177418300084
consumed,67#34,PC_ON,LN,23,5,3,7,161,7,0.002369668246445498,-0.03367190768171544,1.1483500748872757,4.5317050464775255,1.1483500748872757,4.5317050464775255,0.29719410836696625,0.4452957523905713
consumed,67#34,PC_ON,LN,24,5,4,49,525,49,0.016587677725118485,0.024848071417446816,2.0263466450518797,3.757152557435135,2.0263466450518797,3.757152557435135,1.4051293261083109,1.2594585366810982
consumed,67#34,PC_ON,LN,25,5,5,133,1323,133,0.045023696682464455,-0.011621891173201365,3.704885719638122,5.131387805571119,3.704885719638122,5.131387805571119,3.9317234698319226,4.505816277215089
consumed,67#34,PC_ON,CNN,1,1,1,273,21,21,0.0071090047393364926,-0.13320659057586448,0.1185469880956822,0.07364188817640145,-0.03714217009464613,-0.07093549085160096,0.05430777931962019,0.058154649760884546
consumed,67#34,PC_ON,CNN,2,1,2,259,112,112,0.037914691943127965,0.015834660942295176,0.10908369337738731,0.11138393470901065,-0.03739842559435921,-0.030645356950117275,0.18298491615073667,0.16373882364132442
consumed,67#34,PC_ON,CNN,3,1,3,462,266,266,0.09004739336492891,-0.048194464091453004,0.09767671491102771,0.09517675138378859,-0.02001791852859297,-0.038335529191260174,0.3976404122646879,0.3956202552209633
consumed,67#34,PC_ON,CNN,4,1,4,140,175,140,0.04739336492890995,-0.13953683471056935,0.09195097328047268,0.09892925682011992,0.013229173648869618,-0.01552542311605066,0.7514735604461749,1.0231589297158643
consumed,67#34,PC_ON,CNN,5,1,5,7,189,7,0.002369668246445498,0.024811417784514664,0.05836382093548309,0.11496051353107625,-0.05836382093548309,-0.006576602222830169,2.7817549962055637,5.136792259200943
consumed,67#34,PC_ON,CNN,6,2,1,462,133,133,0.045023696682464455,-0.008629719801086984,0.3258652172600815,0.34837797379096674,-0.2543909015415314,-0.2898498937965518,0.050400676231771344,0.05345546888604172
consumed,67#34,PC_ON,CNN,7,2,2,413,175,175,0.05924170616113744,0.04527814165689603,0.34259883731295815,0.32242011051625014,-0.19185291249423397,-0.27941734524443745,0.1705698184461838,0.17135571425780655
consumed,67#34,PC_ON,CNN,8,2,3,448,294,294,0.0995260663507109,-0.012841546457206914,0.3286145848992419,0.3229661152831146,-0.14717636335672069,-0.07182753361051991,0.40649543442805225,0.41035194261487395
consumed,67#34,PC_ON,CNN,9,2,4,266,168,168,0.05687203791469194,-0.027850435745995293,0.339566828624811,0.3258180540093842,0.018389414882556975,-0.011858823650982231,0.9224871060731331,1.0620234703140643
consumed,67#34,PC_ON,CNN,10,2,5,7,238,7,0.002369668246445498,0.08317381369596333,0.22041306272149086,0.31924741373821985,-0.22041306272149086,-0.11286576975972447,1.9916206933557987,5.515227475878098
consumed,67#34,PC_ON,CNN,11,3,1,196,182,182,0.061611374407582936,-0.037422267217414706,0.5301794789598456,0.5595381209053673,-0.45541373793301837,-0.514016262972011,0.06622323422925547,0.04139734210016636
consumed,67#34,PC_ON,CNN,12,3,2,154,154,154,0.052132701421800945,0.003433432091726127,0.5419257784431631,0.5441302799577401,-0.44358262622898276,-0.34750489007935603,0.17648749070014508,0.15989053374241022
consumed,67#34,PC_ON,CNN,13,3,3,182,168,168,0.05687203791469194,0.05745610448102122,0.5352727292248836,0.5245761867554393,-0.36690956783982426,-0.3542425903239443,0.40944432699269295,0.41742437998785437
consumed,67#34,PC_ON,CNN,14,3,4,140,175,140,0.04739336492890995,-0.01694249080486651,0.5419248910155148,0.5537421194836497,-0.05701636881567538,-0.05148139495402575,0.9366218986921012,1.1164319035597146
consumed,67#34,PC_ON,CNN,15,3,5,0,189,0,0.0,,,0.5399305728712568,,-0.29425756943722564,,4.620524489734736
consumed,67#34,PC_ON,CNN,16,4,1,588,224,224,0.07582938388625593,-0.035593364834613075,0.7584034584994827,0.7553587988950312,-0.7410106869148356,-0.7553587988950312,0.034701885212035405,0.03701359569095075
consumed,67#34,PC_ON,CNN,17,4,2,203,133,133,0.045023696682464455,0.01707132061981039,0.7344427414495369,0.7077292070577019,-0.7344427414495369,-0.7077292070577019,0.17018700121291752,0.16582247850142026
consumed,67#34,PC_ON,CNN,18,4,3,259,175,175,0.05924170616113744,-0.018867180152079856,0.7533570716308581,0.7384946739673615,-0.4155059884730223,-0.4872059231996536,0.43594732635648215,0.44394142005592585
consumed,67#34,PC_ON,CNN,19,4,4,266,441,266,0.09004739336492891,-0.021149086232556256,0.7745014108398831,0.8190467156112261,0.07431343833817855,0.24559563795697786,0.9739416281632944,1.2150287365948316
consumed,67#34,PC_ON,CNN,20,4,5,0,238,0,0.0,,,0.7656481421607382,,-0.36847227526938214,,6.258635185001528
consumed,67#34,PC_ON,CNN,21,5,1,0,84,0,0.0,,,4.469835774352153,,4.469835774352153,,0.04197489842772484
consumed,67#34,PC_ON,CNN,22,5,2,0,49,0,0.0,,,5.7185724547931125,,5.7185724547931125,,0.20867177418300084
consumed,67#34,PC_ON,CNN,23,5,3,7,161,7,0.002369668246445498,-0.026390698570276216,1.1483500748872757,4.5317050464775255,1.1483500748872757,4.5317050464775255,0.29719410836696625,0.4452957523905713
consumed,67#34,PC_ON,CNN,24,5,4,49,525,49,0.016587677725118485,0.08525154334024374,2.0263466450518797,3.757152557435135,2.0263466450518797,3.757152557435135,1.4051293261083109,1.2594585366810982
consumed,67#34,PC_ON,CNN,25,5,5,133,1323,133,0.045023696682464455,-0.0873809790224155,3.704885719638122,5.131387805571119,3.704885719638122,5.131387805571119,3.9317234698319226,4.505816277215089
consumed,68#3,MC_OFF,LN,1,1,1,301,133,133,0.03792415169660679,-0.012763298240694396,0.10752242175824855,0.09769888646980306,-0.009398006195694975,0.007185969435867214,0.04921042146567862,0.0421996366035034
consumed,68#3,MC_OFF,LN,2,1,2,336,133,133,0.03792415169660679,-0.01978879257472759,0.08155808340638436,0.06995096461022306,-0.03191858504578704,0.003168224522500839,0.1817913724853497,0.17528736684854315
consumed,68#3,MC_OFF,LN,3,1,3,329,182,182,0.05189620758483034,-0.0408138810355759,0.09134532789749941,0.07801663171770858,-0.011053785674848512,0.012395424096142115,0.3790726376582889,0.372999884260375
consumed,68#3,MC_OFF,LN,4,1,4,280,245,245,0.06986027944111776,-0.05783660797782394,0.08288569811217408,0.0824223897954826,-0.008907326350163202,-0.001024020755098063,0.7317194188629703,0.8118892081328555
consumed,68#3,MC_OFF,LN,5,1,5,14,189,14,0.003992015968063872,-0.06973844395965348,0.08783650475864609,0.09241574683076097,-0.08783650475864609,-0.026184288719198284,2.3313850755803283,5.040008083949268
consumed,68#3,MC_OFF,LN,6,2,1,490,196,196,0.05588822355289421,-0.06930333390474411,0.2918703945313869,0.298658474636752,-0.17550224656092073,-0.11083724616938048,0.04922955203398617,0.05917989355761423
consumed,68#3,MC_OFF,LN,7,2,2,686,294,294,0.08383233532934131,-0.0092703107109822,0.30828970067040595,0.31790471791348873,-0.18118787096489317,-0.20207070126863463,0.1708787480681173,0.17435789003086807
consumed,68#3,MC_OFF,LN,8,2,3,399,217,217,0.06187624750499002,-0.02818683371735046,0.2937281222194324,0.3188039821322872,-0.1245908700896438,-0.05021410185489452,0.37511202660528803,0.37281270741118283
consumed,68#3,MC_OFF,LN,9,2,4,252,308,252,0.0718562874251497,0.04000931697063706,0.2999271010081025,0.2892160199238181,-0.0347236790122999,-0.04219212145460804,0.802662686297144,0.8425663843209995
consumed,68#3,MC_OFF,LN,10,2,5,14,385,14,0.003992015968063872,-0.036728636207828604,0.3416617922484875,0.29399078379889637,-0.3416617922484875,-0.16865913361543788,1.6314665745012462,3.9271194664976607
consumed,68#3,MC_OFF,LN,11,3,1,378,154,154,0.043912175648702596,0.05910054697662271,0.5297452823947367,0.548226781655103,-0.4740685192375145,-0.4528630801307207,0.04102370503321175,0.04216761848973957
consumed,68#3,MC_OFF,LN,12,3,2,301,154,154,0.043912175648702596,-0.0808414726858419,0.517054371844414,0.526677403140418,-0.38826728868659205,-0.4301869895972424,0.18827250765537235,0.17915708678210096
consumed,68#3,MC_OFF,LN,13,3,3,161,91,91,0.02594810379241517,-0.14016874588294986,0.5317563930074212,0.5291456850484395,-0.2539662244641964,-0.5291456850484395,0.3828642735969734,0.3650279258055468
consumed,68#3,MC_OFF,LN,14,3,4,315,147,147,0.041916167664670656,-0.031831216749952894,0.5260746838835378,0.5267806051055058,-0.07090193846228497,0.020791804650798457,0.8327625459715446,0.9324996238652921
consumed,68#3,MC_OFF,LN,15,3,5,7,273,7,0.001996007984031936,0.07482308559500406,0.514890193939209,0.5301451752963277,-0.514890193939209,-0.17246715458304995,2.1959159076213837,3.6688938674558758
consumed,68#3,MC_OFF,LN,16,4,1,420,455,420,0.11976047904191617,-0.09637602396480256,0.7472285852250125,0.7330130772617383,-0.7242421647740734,-0.6941391809724079,0.028968981011874124,0.03827150039231546
consumed,68#3,MC_OFF,LN,17,4,2,217,133,133,0.03792415169660679,-0.020741730283258035,0.7214277211116045,0.7235173610766139,-0.48062084207651745,-0.5737631238318913,0.1970456217926356,0.1555007442693111
consumed,68#3,MC_OFF,LN,18,4,3,168,147,147,0.041916167664670656,-0.020208133551138666,0.7183731340854946,0.7267915285377216,-0.4230905570762439,-0.5057105207409235,0.3791895906725687,0.38585597644781783
consumed,68#3,MC_OFF,LN,19,4,4,329,448,329,0.09381237524950099,-0.04654362102641295,0.7425601748709983,0.742179160924176,-0.26021864777761144,0.0022351837116427187,0.8083938040395388,0.9093685091076319
consumed,68#3,MC_OFF,LN,20,4,5,21,441,21,0.005988023952095809,-0.038961719612930344,0.752313569188118,0.7556482387913598,-0.752313569188118,-0.3754946458887643,1.6805149093270302,3.9781197264356907
consumed,68#3,MC_OFF,LN,21,5,1,7,168,7,0.001996007984031936,-0.007013206886575844,0.9958668549855548,3.6988484124756513,0.9958668549855548,3.6988484124756513,0.08346571524937951,0.05869719924198251
consumed,68#3,MC_OFF,LN,22,5,2,7,154,7,0.001996007984031936,0.03588334814696167,1.4702758975327013,4.156820388510823,1.4702758975327013,4.156820388510823,0.2386181366940341,0.18849534493391248
consumed,68#3,MC_OFF,LN,23,5,3,7,217,7,0.001996007984031936,-0.0815724784248756,1.2617735229432583,4.033797678347396,1.2617735229432583,4.033797678347396,0.339569702744484,0.37362203345995804
consumed,68#3,MC_OFF,LN,24,5,4,77,609,77,0.021956087824351298,-0.03640494106956349,1.5114376751818892,3.7860020553850178,1.5114376751818892,3.7860020553850178,1.0861937066078868,0.9496636975376411
consumed,68#3,MC_OFF,LN,25,5,5,126,1988,126,0.03592814371257485,-0.010424122025736983,2.7749228256720087,4.430847257903548,2.7749228256720087,4.430847257903548,3.0877813995250993,3.809647949325093
consumed,68#3,MC_OFF,CNN,1,1,1,301,133,133,0.03792415169660679,0.043703780391832245,0.10752242175824855,0.09769888646980306,-0.009398006195694975,0.007185969435867214,0.04921042146567862,0.0421996366035034
consumed,68#3,MC_OFF,CNN,2,1,2,336,133,133,0.03792415169660679,0.02826701842593666,0.08155808340638436,0.06995096461022306,-0.03191858504578704,0.003168224522500839,0.1817913724853497,0.17528736684854315
consumed,68#3,MC_OFF,CNN,3,1,3,329,182,182,0.05189620758483034,-0.13586692067747888,0.09134532789749941,0.07801663171770858,-0.011053785674848512,0.012395424096142115,0.3790726376582889,0.372999884260375
consumed,68#3,MC_OFF,CNN,4,1,4,280,245,245,0.06986027944111776,-0.1369681063152732,0.08288569811217408,0.0824223897954826,-0.008907326350163202,-0.001024020755098063,0.7317194188629703,0.8118892081328555
consumed,68#3,MC_OFF,CNN,5,1,5,14,189,14,0.003992015968063872,-0.2957544844473158,0.08783650475864609,0.09241574683076097,-0.08783650475864609,-0.026184288719198284,2.3313850755803283,5.040008083949268
consumed,68#3,MC_OFF,CNN,6,2,1,490,196,196,0.05588822355289421,-0.028959999006231724,0.2918703945313869,0.298658474636752,-0.17550224656092073,-0.11083724616938048,0.04922955203398617,0.05917989355761423
consumed,68#3,MC_OFF,CNN,7,2,2,686,294,294,0.08383233532934131,-0.06816154698917931,0.30828970067040595,0.31790471791348873,-0.18118787096489317,-0.20207070126863463,0.1708787480681173,0.17435789003086807
consumed,68#3,MC_OFF,CNN,8,2,3,399,217,217,0.06187624750499002,-0.08366819903314518,0.2937281222194324,0.3188039821322872,-0.1245908700896438,-0.05021410185489452,0.37511202660528803,0.37281270741118283
consumed,68#3,MC_OFF,CNN,9,2,4,252,308,252,0.0718562874251497,0.040390752629514456,0.2999271010081025,0.2892160199238181,-0.0347236790122999,-0.04219212145460804,0.802662686297144,0.8425663843209995
consumed,68#3,MC_OFF,CNN,10,2,5,14,385,14,0.003992015968063872,-0.288518687556345,0.3416617922484875,0.29399078379889637,-0.3416617922484875,-0.16865913361543788,1.6314665745012462,3.9271194664976607
consumed,68#3,MC_OFF,CNN,11,3,1,378,154,154,0.043912175648702596,0.06175931425923572,0.5297452823947367,0.548226781655103,-0.4740685192375145,-0.4528630801307207,0.04102370503321175,0.04216761848973957
consumed,68#3,MC_OFF,CNN,12,3,2,301,154,154,0.043912175648702596,0.09550381133035837,0.517054371844414,0.526677403140418,-0.38826728868659205,-0.4301869895972424,0.18827250765537235,0.17915708678210096
consumed,68#3,MC_OFF,CNN,13,3,3,161,91,91,0.02594810379241517,0.1298872127358844,0.5317563930074212,0.5291456850484395,-0.2539662244641964,-0.5291456850484395,0.3828642735969734,0.3650279258055468
consumed,68#3,MC_OFF,CNN,14,3,4,315,147,147,0.041916167664670656,-0.19921651184011197,0.5260746838835378,0.5267806051055058,-0.07090193846228497,0.020791804650798457,0.8327625459715446,0.9324996238652921
consumed,68#3,MC_OFF,CNN,15,3,5,7,273,7,0.001996007984031936,-0.06763226671511109,0.514890193939209,0.5301451752963277,-0.514890193939209,-0.17246715458304995,2.1959159076213837,3.6688938674558758
consumed,68#3,MC_OFF,CNN,16,4,1,420,455,420,0.11976047904191617,-0.29426381192169987,0.7472285852250125,0.7330130772617383,-0.7242421647740734,-0.6941391809724079,0.028968981011874124,0.03827150039231546
consumed,68#3,MC_OFF,CNN,17,4,2,217,133,133,0.03792415169660679,-0.06085071523013799,0.7214277211116045,0.7235173610766139,-0.48062084207651745,-0.5737631238318913,0.1970456217926356,0.1555007442693111
consumed,68#3,MC_OFF,CNN,18,4,3,168,147,147,0.041916167664670656,-0.10865884058867555,0.7183731340854946,0.7267915285377216,-0.4230905570762439,-0.5057105207409235,0.3791895906725687,0.38585597644781783
consumed,68#3,MC_OFF,CNN,19,4,4,329,448,329,0.09381237524950099,-0.09114198201253418,0.7425601748709983,0.742179160924176,-0.26021864777761144,0.0022351837116427187,0.8083938040395388,0.9093685091076319
consumed,68#3,MC_OFF,CNN,20,4,5,21,441,21,0.005988023952095809,-0.11831685076639399,0.752313569188118,0.7556482387913598,-0.752313569188118,-0.3754946458887643,1.6805149093270302,3.9781197264356907
consumed,68#3,MC_OFF,CNN,21,5,1,7,168,7,0.001996007984031936,-0.19536283430053422,0.9958668549855548,3.6988484124756513,0.9958668549855548,3.6988484124756513,0.08346571524937951,0.05869719924198251
consumed,68#3,MC_OFF,CNN,22,5,2,7,154,7,0.001996007984031936,0.022247503307917638,1.4702758975327013,4.156820388510823,1.4702758975327013,4.156820388510823,0.2386181366940341,0.18849534493391248
consumed,68#3,MC_OFF,CNN,23,5,3,7,217,7,0.001996007984031936,-0.21601231071712568,1.2617735229432583,4.033797678347396,1.2617735229432583,4.033797678347396,0.339569702744484,0.37362203345995804
consumed,68#3,MC_OFF,CNN,24,5,4,77,609,77,0.021956087824351298,-0.09029914270178882,1.5114376751818892,3.7860020553850178,1.5114376751818892,3.7860020553850178,1.0861937066078868,0.9496636975376411
consumed,68#3,MC_OFF,CNN,25,5,5,126,1988,126,0.03592814371257485,0.06877057125892269,2.7749228256720087,4.430847257903548,2.7749228256720087,4.430847257903548,3.0877813995250993,3.809647949325093
consumed,68#4,PC_ON,LN,1,1,1,234,78,78,0.025096525096525095,0.033873088925229576,0.11737291341345026,0.12772947181768432,-0.07721756624742451,-0.022447594707139213,0.05232264351051969,0.04642938997130841
consumed,68#4,PC_ON,LN,2,1,2,306,126,126,0.04054054054054054,0.0007605727221629876,0.09508540797096014,0.10672405088460812,-0.04901916374075014,0.002598698869983236,0.1728450397312568,0.17122392760153618
consumed,68#4,PC_ON,LN,3,1,3,516,210,210,0.06756756756756757,-0.019291855515547886,0.1085773096483042,0.10591843358318632,-0.03247478572460426,-0.059528219384429516,0.41381049872639536,0.41284923674483287
consumed,68#4,PC_ON,LN,4,1,4,186,150,150,0.04826254826254826,-0.04947264400476485,0.09801712963649983,0.0816872088673214,0.016669640928426734,0.018179743991543856,0.8799395512449004,0.9934220810420813
consumed,68#4,PC_ON,LN,5,1,5,18,186,18,0.005791505791505791,-0.004997997105197658,0.10507093825274044,0.10886139565420347,-0.03285633482866818,-0.017358107466666245,2.8503936690588794,4.715024716625746
consumed,68#4,PC_ON,LN,6,2,1,366,90,90,0.02895752895752896,0.019279328780704114,0.3375267744206828,0.372179430971543,-0.2961658625430911,-0.31203831359744066,0.04967526907274306,0.04817591549621687
consumed,68#4,PC_ON,LN,7,2,2,462,138,138,0.0444015444015444,-0.026787603617226485,0.34430841821421226,0.36176671136332594,-0.2387908461722404,-0.21904578346057216,0.16887954551700374,0.1697796696992726
consumed,68#4,PC_ON,LN,8,2,3,660,342,342,0.11003861003861004,-0.01056861290544181,0.32361484758386555,0.3243410658603262,-0.14612951628920257,-0.1517577221050684,0.42522778594090294,0.4037853475739737
consumed,68#4,PC_ON,LN,9,2,4,282,216,216,0.0694980694980695,-0.00016730599402586463,0.33229581076083764,0.3549928387316565,-0.05555108630474895,-0.009875489657537796,0.9551123651570198,0.9582856479488934
consumed,68#4,PC_ON,LN,10,2,5,18,276,18,0.005791505791505791,-0.006149752041774166,0.40792511900266004,0.34383842677959986,-0.40792511900266004,-0.05364401913425683,1.83441851205296,4.956282878425265
consumed,68#4,PC_ON,LN,11,3,1,240,108,108,0.03474903474903475,0.04118006673716237,0.5478744385220732,0.5733314316581797,-0.43180588060834757,-0.5733314316581797,0.04551693288764607,0.039611377373889624
consumed,68#4,PC_ON,LN,12,3,2,264,96,96,0.03088803088803089,-0.00879819826787782,0.5558749379195047,0.5601486048350731,-0.48483350133579783,-0.4959400538355112,0.17683546995800553,0.1503028655424714
consumed,68#4,PC_ON,LN,13,3,3,174,114,114,0.03667953667953668,-0.059457329982455294,0.5477689353042636,0.5395363041183404,-0.2828578004378011,-0.48252825831112106,0.3896831355710653,0.4000064822387669
consumed,68#4,PC_ON,LN,14,3,4,234,156,156,0.05019305019305019,-0.03852739913864711,0.5576272486334936,0.547111105460387,-0.07846986720513584,-0.12894121347329554,0.9784247491222161,1.1338222427569769
consumed,68#4,PC_ON,LN,15,3,5,6,144,6,0.0019305019305019305,0.00832925128222518,0.4950322210788727,0.5569022977724671,-0.4950322210788727,-0.3195646362793114,2.1962009966373444,4.4986169105395675
consumed,68#4,PC_ON,LN,16,4,1,984,330,330,0.10617760617760617,-0.017314507082559712,0.7557581724917016,0.7581452799565864,-0.7097125225435428,-0.7581452799565864,0.033478298141219755,0.03261018846974228
consumed,68#4,PC_ON,LN,17,4,2,366,90,90,0.02895752895752896,-0.009663023424320108,0.7237261245485211,0.7204028854767481,-0.6261742823436612,-0.6322102139393487,0.15693826232451555,0.18054850929313235
consumed,68#4,PC_ON,LN,18,4,3,294,180,180,0.05791505791505792,-0.05664878941585417,0.7575286076385147,0.7406258751948674,-0.4284882005177388,-0.5368939985831578,0.441785273061381,0.4249159458610747
consumed,68#4,PC_ON,LN,19,4,4,342,240,240,0.07722007722007722,-0.04845655155529713,0.7545451338549978,0.7624755223436901,-0.16744638311714805,-0.10005923809173206,1.0288477691682874,1.087643165916476
consumed,68#4,PC_ON,LN,20,4,5,18,282,18,0.005791505791505791,-0.004717106067315629,0.7850262787606981,0.751917088945918,-0.7850262787606981,-0.45795625339902885,2.6784015496571856,5.1786170349000615
consumed,68#4,PC_ON,LN,21,5,1,6,66,6,0.0019305019305019305,-0.026765436989220005,0.9497718214988708,3.517795541069724,0.9497718214988708,3.517795541069724,0.09783309698104858,0.04632396770246103
consumed,68#4,PC_ON,LN,22,5,2,6,66,6,0.0019305019305019305,-0.0038446149488718185,1.7264922857284546,5.027807074062751,1.7264922857284546,5.027807074062751,0.23114073276519775,0.15851707259813946
consumed,68#4,PC_ON,LN,23,5,3,42,168,42,0.013513513513513514,-0.007625325343171306,1.23896385658355,4.357952517412958,1.23896385658355,4.357952517412958,0.3869048385393052,0.4344689530276116
consumed,68#4,PC_ON,LN,24,5,4,144,450,144,0.04633204633204633,-0.003069459765634305,1.3412087793306755,3.8737801349680456,1.3412087793306755,3.8737801349680456,1.1570371203059848,1.1661599993188347
consumed,68#4,PC_ON,LN,25,5,5,186,1488,186,0.059845559845559844,-0.0005303934976613077,2.6188214966045913,4.848335790638161,2.6188214966045913,4.848335790638161,2.955765339010145,4.44310620388685
consumed,68#4,PC_ON,CNN,1,1,1,234,78,78,0.025096525096525095,-0.05415893708657632,0.11737291341345026,0.12772947181768432,-0.07721756624742451,-0.022447594707139213,0.05232264351051969,0.04642938997130841
consumed,68#4,PC_ON,CNN,2,1,2,306,126,126,0.04054054054054054,-0.036634436294409496,0.09508540797096014,0.10672405088460812,-0.04901916374075014,0.002598698869983236,0.1728450397312568,0.17122392760153618
consumed,68#4,PC_ON,CNN,3,1,3,516,210,210,0.06756756756756757,-0.04230864330639025,0.1085773096483042,0.10591843358318632,-0.03247478572460426,-0.059528219384429516,0.41381049872639536,0.41284923674483287
consumed,68#4,PC_ON,CNN,4,1,4,186,150,150,0.04826254826254826,-0.07930584418608795,0.09801712963649983,0.0816872088673214,0.016669640928426734,0.018179743991543856,0.8799395512449004,0.9934220810420813
consumed,68#4,PC_ON,CNN,5,1,5,18,186,18,0.005791505791505791,-0.010890365492041826,0.10507093825274044,0.10886139565420347,-0.03285633482866818,-0.017358107466666245,2.8503936690588794,4.715024716625746
consumed,68#4,PC_ON,CNN,6,2,1,366,90,90,0.02895752895752896,-0.05747357672324206,0.3375267744206828,0.372179430971543,-0.2961658625430911,-0.31203831359744066,0.04967526907274306,0.04817591549621687
consumed,68#4,PC_ON,CNN,7,2,2,462,138,138,0.0444015444015444,-0.04958243158829742,0.34430841821421226,0.36176671136332594,-0.2387908461722404,-0.21904578346057216,0.16887954551700374,0.1697796696992726
consumed,68#4,PC_ON,CNN,8,2,3,660,342,342,0.11003861003861004,0.017033134368343326,0.32361484758386555,0.3243410658603262,-0.14612951628920257,-0.1517577221050684,0.42522778594090294,0.4037853475739737
consumed,68#4,PC_ON,CNN,9,2,4,282,216,216,0.0694980694980695,-0.029591366758753623,0.33229581076083764,0.3549928387316565,-0.05555108630474895,-0.009875489657537796,0.9551123651570198,0.9582856479488934
consumed,68#4,PC_ON,CNN,10,2,5,18,276,18,0.005791505791505791,-0.11106123415128862,0.40792511900266004,0.34383842677959986,-0.40792511900266004,-0.05364401913425683,1.83441851205296,4.956282878425265
consumed,68#4,PC_ON,CNN,11,3,1,240,108,108,0.03474903474903475,-0.02653925353235822,0.5478744385220732,0.5733314316581797,-0.43180588060834757,-0.5733314316581797,0.04551693288764607,0.039611377373889624
consumed,68#4,PC_ON,CNN,12,3,2,264,96,96,0.03088803088803089,0.012162450825077546,0.5558749379195047,0.5601486048350731,-0.48483350133579783,-0.4959400538355112,0.17683546995800553,0.1503028655424714
consumed,68#4,PC_ON,CNN,13,3,3,174,114,114,0.03667953667953668,-0.10400275697030965,0.5477689353042636,0.5395363041183404,-0.2828578004378011,-0.48252825831112106,0.3896831355710653,0.4000064822387669
consumed,68#4,PC_ON,CNN,14,3,4,234,156,156,0.05019305019305019,-0.05463698995511074,0.5576272486334936,0.547111105460387,-0.07846986720513584,-0.12894121347329554,0.9784247491222161,1.1338222427569769
consumed,68#4,PC_ON,CNN,15,3,5,6,144,6,0.0019305019305019305,-0.07193439555608026,0.4950322210788727,0.5569022977724671,-0.4950322210788727,-0.3195646362793114,2.1962009966373444,4.4986169105395675
consumed,68#4,PC_ON,CNN,16,4,1,984,330,330,0.10617760617760617,0.007648992567764147,0.7557581724917016,0.7581452799565864,-0.7097125225435428,-0.7581452799565864,0.033478298141219755,0.03261018846974228
consumed,68#4,PC_ON,CNN,17,4,2,366,90,90,0.02895752895752896,-0.029411103978919308,0.7237261245485211,0.7204028854767481,-0.6261742823436612,-0.6322102139393487,0.15693826232451555,0.18054850929313235
consumed,68#4,PC_ON,CNN,18,4,3,294,180,180,0.05791505791505792,-0.055906418474909826,0.7575286076385147,0.7406258751948674,-0.4284882005177388,-0.5368939985831578,0.441785273061381,0.4249159458610747
consumed,68#4,PC_ON,CNN,19,4,4,342,240,240,0.07722007722007722,-0.08259692185503074,0.7545451338549978,0.7624755223436901,-0.16744638311714805,-0.10005923809173206,1.0288477691682874,1.087643165916476
consumed,68#4,PC_ON,CNN,20,4,5,18,282,18,0.005791505791505791,-0.03398200515852429,0.7850262787606981,0.751917088945918,-0.7850262787606981,-0.45795625339902885,2.6784015496571856,5.1786170349000615
consumed,68#4,PC_ON,CNN,21,5,1,6,66,6,0.0019305019305019305,0.011963655974949349,0.9497718214988708,3.517795541069724,0.9497718214988708,3.517795541069724,0.09783309698104858,0.04632396770246103
consumed,68#4,PC_ON,CNN,22,5,2,6,66,6,0.0019305019305019305,-0.1281271871614088,1.7264922857284546,5.027807074062751,1.7264922857284546,5.027807074062751,0.23114073276519775,0.15851707259813946
consumed,68#4,PC_ON,CNN,23,5,3,42,168,42,0.013513513513513514,-0.0018357375184877463,1.23896385658355,4.357952517412958,1.23896385658355,4.357952517412958,0.3869048385393052,0.4344689530276116
consumed,68#4,PC_ON,CNN,24,5,4,144,450,144,0.04633204633204633,-0.01467738954265746,1.3412087793306755,3.8737801349680456,1.3412087793306755,3.8737801349680456,1.1570371203059848,1.1661599993188347
consumed,68#4,PC_ON,CNN,25,5,5,186,1488,186,0.059845559845559844,-0.03605403141854077,2.6188214966045913,4.848335790638161,2.6188214966045913,4.848335790638161,2.955765339010145,4.44310620388685
consumed,68#7,PC_ON,LN,1,1,1,308,133,133,0.03792415169660679,-0.01607274615596063,0.14069100999503545,0.13260025062328695,-0.07849379937992622,-0.10076836872184158,0.03909129589175626,0.047861406198200326
consumed,68#7,PC_ON,LN,2,1,2,273,210,210,0.059880239520958084,-0.01901574469655776,0.12902429457664347,0.10577400320908055,-0.07298441767208995,-0.03700455085296805,0.1850777041683427,0.1690348050823862
consumed,68#7,PC_ON,LN,3,1,3,602,266,266,0.07584830339321358,-0.039423290760979085,0.10590901493171344,0.11243334747077345,-0.011495234469949473,0.0043440113724117465,0.42834797947309494,0.42002504804871643
consumed,68#7,PC_ON,LN,4,1,4,203,252,203,0.05788423153692615,-0.0545110049684685,0.11553105313314832,0.10495700642059091,0.019252279560595494,-0.021541861573091917,0.869438308913357,0.830184857074831
consumed,68#7,PC_ON,LN,5,1,5,7,245,7,0.001996007984031936,-0.14548127516336437,0.1932978443801403,0.10506607219452105,0.1932978443801403,-0.03472624240717518,1.535669881850481,4.053309708127303
consumed,68#7,PC_ON,LN,6,2,1,497,126,126,0.03592814371257485,-0.00888104715836875,0.36461864861894994,0.3714874537868632,-0.2910772384536653,-0.28847439276675385,0.05261626229215656,0.04559425496134079
consumed,68#7,PC_ON,LN,7,2,2,504,252,252,0.0718562874251497,-0.014451778863493067,0.3632704784104135,0.346784939058125,-0.27865556213267456,-0.1532575653658973,0.1683044879553361,0.17580897068223245
consumed,68#7,PC_ON,LN,8,2,3,385,203,203,0.05788423153692615,0.000781467694131456,0.3413417310623283,0.35028937765686163,-0.08983751813965765,0.03714696717737564,0.3866022885697682,0.40697482378013305
consumed,68#7,PC_ON,LN,9,2,4,182,259,182,0.05189620758483034,-0.04934836014258663,0.34483450719003134,0.3244376855373785,0.08177495618404534,-0.07719485640425135,0.8400047442566854,0.9024871262545521
consumed,68#7,PC_ON,LN,10,2,5,7,385,7,0.001996007984031936,0.04073981867093459,0.27217323519289494,0.357173548178451,-0.27217323519289494,-0.189547885697208,2.5988855715841055,4.390335748290686
consumed,68#7,PC_ON,LN,11,3,1,196,140,140,0.03992015968063872,0.03010734800629705,0.5380002449133566,0.5424374341964722,-0.4258118173373597,-0.5424374341964722,0.04097562822114144,0.04478197246789932
consumed,68#7,PC_ON,LN,12,3,2,168,147,147,0.041916167664670656,-0.014107697655790124,0.5449912126059644,0.5420902695152021,-0.4523837137773323,-0.43911615626088213,0.1803542542620562,0.1824662233924582
consumed,68#7,PC_ON,LN,13,3,3,196,91,91,0.02594810379241517,0.03183156523233614,0.5362239080215139,0.5223339606936162,-0.2293376256711781,-0.2782807951936355,0.4141908626936908,0.32321065954434186
consumed,68#7,PC_ON,LN,14,3,4,161,147,147,0.041916167664670656,-0.030106692260868366,0.5532601074234623,0.5280272081671726,-0.2136417679367182,0.062255773604625746,0.8908997264478112,0.9191619180852458
consumed,68#7,PC_ON,LN,15,3,5,7,140,7,0.001996007984031936,-0.0535833497614535,0.47801946848630905,0.5300702242180705,-0.47801946848630905,-0.2789646053686738,2.5348688289523125,4.252185815642588
consumed,68#7,PC_ON,LN,16,4,1,420,378,378,0.10778443113772455,-0.006631234700935017,0.7421787870426972,0.7347828366414264,-0.7421787870426972,-0.7347828366414264,0.02809122366209825,0.03690628914369477
consumed,68#7,PC_ON,LN,17,4,2,203,168,168,0.04790419161676647,-0.010028572412679383,0.7058420150444426,0.6929406343648831,-0.7058420150444426,-0.634299557035168,0.17145298268738332,0.15919422098280242
consumed,68#7,PC_ON,LN,18,4,3,133,154,133,0.03792415169660679,0.010173882627456485,0.7148011101311759,0.7099941579455679,-0.42209642713791445,-0.6473934823139147,0.41407965550101117,0.4308123821154533
consumed,68#7,PC_ON,LN,19,4,4,231,259,231,0.0658682634730539,0.0038578786242384716,0.7077867689570694,0.7013423680107588,-0.37249832504400704,-0.07377519119669355,0.9076406868760276,0.9008164119220817
consumed,68#7,PC_ON,LN,20,4,5,21,378,21,0.005988023952095809,-0.10410411861279616,0.7148355841636658,0.7154595936773587,-0.24530516068140665,-0.4684181329945137,1.6962331632773082,4.3077541285138405
consumed,68#7,PC_ON,LN,21,5,1,70,224,70,0.01996007984031936,-0.044770844010148615,0.808298209309578,2.8013426987454295,-0.808298209309578,1.9909548722207546,0.01685154438018799,0.03654610551893711
consumed,68#7,PC_ON,LN,22,5,2,14,126,14,0.003992015968063872,-0.05139241832966919,0.9132614340633154,3.128740414407932,0.9132614340633154,3.0398572959109313,0.21642880979925394,0.15725314870683682
consumed,68#7,PC_ON,LN,23,5,3,35,259,35,0.00998003992015968,0.0279289371865295,0.8164534330368042,3.8326761372752385,-0.4724633991718292,3.701143502037519,0.4229162268340588,0.4005872404039208
consumed,68#7,PC_ON,LN,24,5,4,161,609,161,0.04590818363273453,-0.050067861505104186,1.0668015341557886,3.243856257606156,0.7160878807468258,3.2069017306775063,1.0006924278264784,0.9938095634518493
consumed,68#7,PC_ON,LN,25,5,5,175,1988,175,0.0499001996007984,-0.02254103454210424,2.181998575553298,4.579920405247757,2.1175859054178,4.5117841814329,2.426102556856931,4.036180786600314
consumed,68#7,PC_ON,CNN,1,1,1,308,133,133,0.03792415169660679,-0.039945199756175324,0.14069100999503545,0.13260025062328695,-0.07849379937992622,-0.10076836872184158,0.03909129589175626,0.047861406198200326
consumed,68#7,PC_ON,CNN,2,1,2,273,210,210,0.059880239520958084,0.01947803307711635,0.12902429457664347,0.10577400320908055,-0.07298441767208995,-0.03700455085296805,0.1850777041683427,0.1690348050823862
consumed,68#7,PC_ON,CNN,3,1,3,602,266,266,0.07584830339321358,-0.02091719318701816,0.10590901493171344,0.11243334747077345,-0.011495234469949473,0.0043440113724117465,0.42834797947309494,0.42002504804871643
consumed,68#7,PC_ON,CNN,4,1,4,203,252,203,0.05788423153692615,-0.19607617186836726,0.11553105313314832,0.10495700642059091,0.019252279560595494,-0.021541861573091917,0.869438308913357,0.830184857074831
consumed,68#7,PC_ON,CNN,5,1,5,7,245,7,0.001996007984031936,-0.11269053345172121,0.1932978443801403,0.10506607219452105,0.1932978443801403,-0.03472624240717518,1.535669881850481,4.053309708127303
consumed,68#7,PC_ON,CNN,6,2,1,497,126,126,0.03592814371257485,-0.027954093742882154,0.36461864861894994,0.3714874537868632,-0.2910772384536653,-0.28847439276675385,0.05261626229215656,0.04559425496134079
consumed,68#7,PC_ON,CNN,7,2,2,504,252,252,0.0718562874251497,0.0005389429610934485,0.3632704784104135,0.346784939058125,-0.27865556213267456,-0.1532575653658973,0.1683044879553361,0.17580897068223245
consumed,68#7,PC_ON,CNN,8,2,3,385,203,203,0.05788423153692615,-0.07156812325163744,0.3413417310623283,0.35028937765686163,-0.08983751813965765,0.03714696717737564,0.3866022885697682,0.40697482378013305
consumed,68#7,PC_ON,CNN,9,2,4,182,259,182,0.05189620758483034,-0.07363304838375397,0.34483450719003134,0.3244376855373785,0.08177495618404534,-0.07719485640425135,0.8400047442566854,0.9024871262545521
consumed,68#7,PC_ON,CNN,10,2,5,7,385,7,0.001996007984031936,0.13685931123370038,0.27217323519289494,0.357173548178451,-0.27217323519289494,-0.189547885697208,2.5988855715841055,4.390335748290686
consumed,68#7,PC_ON,CNN,11,3,1,196,140,140,0.03992015968063872,0.009954650820496604,0.5380002449133566,0.5424374341964722,-0.4258118173373597,-0.5424374341964722,0.04097562822114144,0.04478197246789932
consumed,68#7,PC_ON,CNN,12,3,2,168,147,147,0.041916167664670656,-0.048983275373565074,0.5449912126059644,0.5420902695152021,-0.4523837137773323,-0.43911615626088213,0.1803542542620562,0.1824662233924582
consumed,68#7,PC_ON,CNN,13,3,3,196,91,91,0.02594810379241517,-0.009258047282382739,0.5362239080215139,0.5223339606936162,-0.2293376256711781,-0.2782807951936355,0.4141908626936908,0.32321065954434186
consumed,68#7,PC_ON,CNN,14,3,4,161,147,147,0.041916167664670656,-0.0018958169167317017,0.5532601074234623,0.5280272081671726,-0.2136417679367182,0.062255773604625746,0.8908997264478112,0.9191619180852458
consumed,68#7,PC_ON,CNN,15,3,5,7,140,7,0.001996007984031936,-0.19481149119194466,0.47801946848630905,0.5300702242180705,-0.47801946848630905,-0.2789646053686738,2.5348688289523125,4.252185815642588
consumed,68#7,PC_ON,CNN,16,4,1,420,378,378,0.10778443113772455,-0.021987190881157984,0.7421787870426972,0.7347828366414264,-0.7421787870426972,-0.7347828366414264,0.02809122366209825,0.03690628914369477
consumed,68#7,PC_ON,CNN,17,4,2,203,168,168,0.04790419161676647,-0.03528019190210997,0.7058420150444426,0.6929406343648831,-0.7058420150444426,-0.634299557035168,0.17145298268738332,0.15919422098280242
consumed,68#7,PC_ON,CNN,18,4,3,133,154,133,0.03792415169660679,0.036069449979919795,0.7148011101311759,0.7099941579455679,-0.42209642713791445,-0.6473934823139147,0.41407965550101117,0.4308123821154533
consumed,68#7,PC_ON,CNN,19,4,4,231,259,231,0.0658682634730539,-0.06535453724129532,0.7077867689570694,0.7013423680107588,-0.37249832504400704,-0.07377519119669355,0.9076406868760276,0.9008164119220817
consumed,68#7,PC_ON,CNN,20,4,5,21,378,21,0.005988023952095809,-0.23321502864347954,0.7148355841636658,0.7154595936773587,-0.24530516068140665,-0.4684181329945137,1.6962331632773082,4.3077541285138405
consumed,68#7,PC_ON,CNN,21,5,1,70,224,70,0.01996007984031936,-0.057573360552036185,0.808298209309578,2.8013426987454295,-0.808298209309578,1.9909548722207546,0.01685154438018799,0.03654610551893711
consumed,68#7,PC_ON,CNN,22,5,2,14,126,14,0.003992015968063872,-0.020210541554805592,0.9132614340633154,3.128740414407932,0.9132614340633154,3.0398572959109313,0.21642880979925394,0.15725314870683682
consumed,68#7,PC_ON,CNN,23,5,3,35,259,35,0.00998003992015968,-0.12630510847451026,0.8164534330368042,3.8326761372752385,-0.4724633991718292,3.701143502037519,0.4229162268340588,0.4005872404039208
consumed,68#7,PC_ON,CNN,24,5,4,161,609,161,0.04590818363273453,-0.09319756633114624,1.0668015341557886,3.243856257606156,0.7160878807468258,3.2069017306775063,1.0006924278264784,0.9938095634518493
consumed,68#7,PC_ON,CNN,25,5,5,175,1988,175,0.0499001996007984,-0.15505046936659556,2.181998575553298,4.579920405247757,2.1175859054178,4.5117841814329,2.426102556856931,4.036180786600314
consumed,68#10,MC_ON,LN,1,1,1,23,28,23,0.03576982892690513,0.005064987326224508,0.07518753300838746,0.08088229215090079,-0.02520258179608099,0.002735110386063091,0.044479038870618264,0.04651261696685711
consumed,68#10,MC_ON,LN,2,1,2,57,33,33,0.05132192846034215,0.05748833713610489,0.08380836217121654,0.08077425837770781,-0.020937559091351608,0.004853288723237954,0.17286043705814555,0.1666759727357569
consumed,68#10,MC_ON,LN,3,1,3,44,32,32,0.049766718506998445,-0.07342550093410434,0.08151045913163674,0.0764274138512271,-0.0024814144871173594,-0.015548570758338343,0.38270664629270273,0.37173198285737186
consumed,68#10,MC_ON,LN,4,1,4,38,32,32,0.049766718506998445,-0.035799361840682976,0.07943126601179556,0.07060585918357407,0.012248617274484497,-0.01163292490144324,0.7492028507757035,0.684564250459847
consumed,68#10,MC_ON,LN,5,1,5,1,35,1,0.0015552099533437014,0.004543189144010862,0.02107773450287905,0.08944874045275782,-0.02107773450287905,-0.03980469100461523,1.4295032661069524,3.761720750876098
consumed,68#10,MC_ON,LN,6,2,1,75,30,30,0.04665629860031104,-0.09249945352560873,0.25488805242615686,0.26127987785333645,-0.1737970312159759,-0.0731301693546508,0.04490744184435409,0.045745258395486
consumed,68#10,MC_ON,LN,7,2,2,49,53,49,0.07620528771384137,-0.051640140597288484,0.26924173741671387,0.2858336235780555,-0.17498589893962826,-0.12333131238638857,0.16882659572004713,0.16680599666828785
consumed,68#10,MC_ON,LN,8,2,3,66,56,56,0.08709175738724728,-0.002527762989233683,0.25672489644917235,0.2645255000284537,-0.0352993442394101,-0.08395962388000612,0.36847225860028704,0.3725754921198167
consumed,68#10,MC_ON,LN,9,2,4,45,60,45,0.06998444790046657,-0.041991130999021554,0.26832533735250397,0.2518899261443232,0.08727842680804167,0.046495088321976116,0.755576440416314,0.7936780557657062
consumed,68#10,MC_ON,LN,10,2,5,3,61,3,0.004665629860031105,-0.11516751795041945,0.24206366154689793,0.2622694672718082,-0.24206366154689793,-0.01716397678500024,1.6371810166623841,3.771766835770479
consumed,68#10,MC_ON,LN,11,3,1,46,31,31,0.04821150855365474,-0.03478594980619144,0.4543190544412248,0.4572294539173852,-0.397085306963519,-0.3374545021075481,0.04375373502169909,0.04706936897682655
consumed,68#10,MC_ON,LN,12,3,2,42,46,42,0.06531881804043546,0.021159968091331433,0.46779289596323004,0.48363585207287385,-0.24655752049081706,-0.3222423501629309,0.17281972339328427,0.17787487835926097
consumed,68#10,MC_ON,LN,13,3,3,40,31,31,0.04821150855365474,0.12737461537110115,0.46967665128071195,0.4691317623530315,-0.2535687314939093,-0.17024540112427605,0.3626725592035324,0.37588270827243647
consumed,68#10,MC_ON,LN,14,3,4,26,43,26,0.04043545878693624,-0.09855448217514748,0.4974161903211079,0.46431854026821334,-0.11669079491777436,0.1073061907309527,0.7665585040577224,0.7549264037276924
consumed,68#10,MC_ON,LN,15,3,5,3,52,3,0.004665629860031105,-0.24341743799855292,0.46396563631115545,0.4757929657035592,-0.46396563631115545,-0.1831485425542154,1.7452460312933633,3.5936591722163977
consumed,68#10,MC_ON,LN,16,4,1,50,77,50,0.07776049766718507,-0.06917198939195973,0.7202297498522833,0.7343019145445231,-0.6704556677456606,-0.6341780082387529,0.033643679148094255,0.03514086081368195
consumed,68#10,MC_ON,LN,17,4,2,27,46,27,0.041990668740279936,-0.10848234598292646,0.6774464453122131,0.6864220985089956,-0.4926645246205808,-0.6012400828316631,0.176930371082391,0.15639884012158622
consumed,68#10,MC_ON,LN,18,4,3,27,23,23,0.03576982892690513,-0.05765685140402284,0.7279870058550979,0.7131990500884094,-0.4744434960763463,-0.3523155608372726,0.36088377920760206,0.40281714180948236
consumed,68#10,MC_ON,LN,19,4,4,44,60,44,0.06842923794712286,-0.013872595273093017,0.6922837591453211,0.684652379802675,-0.17695418207495847,-0.02950914825725538,0.7601819559980463,0.779721394058354
consumed,68#10,MC_ON,LN,20,4,5,8,81,8,0.012441679626749611,-0.2514555960749974,0.7128635716031898,0.7171963551380921,-0.13676960055123677,-0.279513307618041,1.3998513355512512,3.266869729240404
consumed,68#10,MC_ON,LN,21,5,1,1,19,1,0.0015552099533437014,-0.12835972068820342,1.1265116902914916,2.331606119416618,1.1265116902914916,2.331606119416618,0.03558279438452283,0.05182832069516754
consumed,68#10,MC_ON,LN,22,5,2,2,28,2,0.003110419906687403,-0.3214111884815141,0.8626001760024917,3.0023023523269337,0.8626001760024917,3.0023023523269337,0.17555096051232394,0.1711641574103095
consumed,68#10,MC_ON,LN,23,5,3,2,40,2,0.003110419906687403,-0.03595544189782225,0.9180256148630923,2.7839773036431077,0.9180256148630923,2.7839773036431077,0.42347263091836485,0.3816121624123877
consumed,68#10,MC_ON,LN,24,5,4,18,91,18,0.027993779160186624,0.019272750389396697,1.120580797563448,2.869267148298809,1.120580797563448,2.869267148298809,0.873584376532829,0.835215861029522
consumed,68#10,MC_ON,LN,25,5,5,31,356,31,0.04821150855365474,-0.03344204202318527,2.1150013473310953,4.170211722010586,2.1150013473310953,4.170211722010586,2.3615237198684014,3.3937101487744683
consumed,68#10,MC_ON,CNN,1,1,1,23,28,23,0.03576982892690513,0.1364157683048668,0.07518753300838746,0.08088229215090079,-0.02520258179608099,0.002735110386063091,0.044479038870618264,0.04651261696685711
consumed,68#10,MC_ON,CNN,2,1,2,57,33,33,0.05132192846034215,-0.1304795315445036,0.08380836217121654,0.08077425837770781,-0.020937559091351608,0.004853288723237954,0.17286043705814555,0.1666759727357569
consumed,68#10,MC_ON,CNN,3,1,3,44,32,32,0.049766718506998445,-0.06163815162179877,0.08151045913163674,0.0764274138512271,-0.0024814144871173594,-0.015548570758338343,0.38270664629270273,0.37173198285737186
consumed,68#10,MC_ON,CNN,4,1,4,38,32,32,0.049766718506998445,-0.11271137183012565,0.07943126601179556,0.07060585918357407,0.012248617274484497,-0.01163292490144324,0.7492028507757035,0.684564250459847
consumed,68#10,MC_ON,CNN,5,1,5,1,35,1,0.0015552099533437014,-0.5481031891176624,0.02107773450287905,0.08944874045275782,-0.02107773450287905,-0.03980469100461523,1.4295032661069524,3.761720750876098
consumed,68#10,MC_ON,CNN,6,2,1,75,30,30,0.04665629860031104,-0.04958503552681403,0.25488805242615686,0.26127987785333645,-0.1737970312159759,-0.0731301693546508,0.04490744184435409,0.045745258395486
consumed,68#10,MC_ON,CNN,7,2,2,49,53,49,0.07620528771384137,0.0534134528951616,0.26924173741671387,0.2858336235780555,-0.17498589893962826,-0.12333131238638857,0.16882659572004713,0.16680599666828785
consumed,68#10,MC_ON,CNN,8,2,3,66,56,56,0.08709175738724728,0.07324162192720184,0.25672489644917235,0.2645255000284537,-0.0352993442394101,-0.08395962388000612,0.36847225860028704,0.3725754921198167
consumed,68#10,MC_ON,CNN,9,2,4,45,60,45,0.06998444790046657,-0.1886614342942593,0.26832533735250397,0.2518899261443232,0.08727842680804167,0.046495088321976116,0.755576440416314,0.7936780557657062
consumed,68#10,MC_ON,CNN,10,2,5,3,61,3,0.004665629860031105,0.47269284460058425,0.24206366154689793,0.2622694672718082,-0.24206366154689793,-0.01716397678500024,1.6371810166623841,3.771766835770479
consumed,68#10,MC_ON,CNN,11,3,1,46,31,31,0.04821150855365474,-0.05134663873930051,0.4543190544412248,0.4572294539173852,-0.397085306963519,-0.3374545021075481,0.04375373502169909,0.04706936897682655
consumed,68#10,MC_ON,CNN,12,3,2,42,46,42,0.06531881804043546,0.010346624395191253,0.46779289596323004,0.48363585207287385,-0.24655752049081706,-0.3222423501629309,0.17281972339328427,0.17787487835926097
consumed,68#10,MC_ON,CNN,13,3,3,40,31,31,0.04821150855365474,0.027234993716957992,0.46967665128071195,0.4691317623530315,-0.2535687314939093,-0.17024540112427605,0.3626725592035324,0.37588270827243647
consumed,68#10,MC_ON,CNN,14,3,4,26,43,26,0.04043545878693624,-0.04835933613845365,0.4974161903211079,0.46431854026821334,-0.11669079491777436,0.1073061907309527,0.7665585040577224,0.7549264037276924
consumed,68#10,MC_ON,CNN,15,3,5,3,52,3,0.004665629860031105,-0.34280938399229827,0.46396563631115545,0.4757929657035592,-0.46396563631115545,-0.1831485425542154,1.7452460312933633,3.5936591722163977
consumed,68#10,MC_ON,CNN,16,4,1,50,77,50,0.07776049766718507,-0.04917877147809767,0.7202297498522833,0.7343019145445231,-0.6704556677456606,-0.6341780082387529,0.033643679148094255,0.03514086081368195
consumed,68#10,MC_ON,CNN,17,4,2,27,46,27,0.041990668740279936,-0.03604126897580945,0.6774464453122131,0.6864220985089956,-0.4926645246205808,-0.6012400828316631,0.176930371082391,0.15639884012158622
consumed,68#10,MC_ON,CNN,18,4,3,27,23,23,0.03576982892690513,-0.08886145671133687,0.7279870058550979,0.7131990500884094,-0.4744434960763463,-0.3523155608372726,0.36088377920760206,0.40281714180948236
consumed,68#10,MC_ON,CNN,19,4,4,44,60,44,0.06842923794712286,0.011039180634771537,0.6922837591453211,0.684652379802675,-0.17695418207495847,-0.02950914825725538,0.7601819559980463,0.779721394058354
consumed,68#10,MC_ON,CNN,20,4,5,8,81,8,0.012441679626749611,-0.387729390507201,0.7128635716031898,0.7171963551380921,-0.13676960055123677,-0.279513307618041,1.3998513355512512,3.266869729240404
consumed,68#10,MC_ON,CNN,21,5,1,1,19,1,0.0015552099533437014,0.2647946631003279,1.1265116902914916,2.331606119416618,1.1265116902914916,2.331606119416618,0.03558279438452283,0.05182832069516754
consumed,68#10,MC_ON,CNN,22,5,2,2,28,2,0.003110419906687403,-0.24066811106774486,0.8626001760024917,3.0023023523269337,0.8626001760024917,3.0023023523269337,0.17555096051232394,0.1711641574103095
consumed,68#10,MC_ON,CNN,23,5,3,2,40,2,0.003110419906687403,0.45653739760100875,0.9180256148630923,2.7839773036431077,0.9180256148630923,2.7839773036431077,0.42347263091836485,0.3816121624123877
consumed,68#10,MC_ON,CNN,24,5,4,18,91,18,0.027993779160186624,-0.07982637524918818,1.120580797563448,2.869267148298809,1.120580797563448,2.869267148298809,0.873584376532829,0.835215861029522
consumed,68#10,MC_ON,CNN,25,5,5,31,356,31,0.04821150855365474,-0.10031561258943023,2.1150013473310953,4.170211722010586,2.1150013473310953,4.170211722010586,2.3615237198684014,3.3937101487744683
consumed,68#11,PC_OFF,LN,1,1,1,315,112,112,0.027491408934707903,0.014659013151637056,0.10826952778594139,0.11808392317228329,-0.05808258937980064,-0.01125345698286159,0.04481771943090415,0.06197320688321876
consumed,68#11,PC_OFF,LN,2,1,2,322,105,105,0.02577319587628866,-0.12079937524224824,0.09948678297054804,0.09116448807374884,-0.04368225443160054,-0.03589841580897984,0.16286743642758927,0.1782488966386558
consumed,68#11,PC_OFF,LN,3,1,3,623,336,336,0.08247422680412371,-0.04875302679480417,0.10610895453383691,0.11485547940739908,-0.0221686231701422,-0.015866153617632033,0.41822022804467196,0.3989975541711222
consumed,68#11,PC_OFF,LN,4,1,4,287,168,168,0.041237113402061855,-0.016516204332615216,0.11567347171352949,0.10370067779957834,0.008577418905432992,-0.01838470427578108,0.8287639566261805,0.9176269105713194
consumed,68#11,PC_OFF,LN,5,1,5,14,259,14,0.003436426116838488,0.06267764985656757,0.06801531712214151,0.10638485831621616,-0.004176862537860869,-0.022381455678646692,1.9202235614260041,4.208884067933287
consumed,68#11,PC_OFF,LN,6,2,1,602,119,119,0.029209621993127148,0.045798675152798035,0.3321963906425318,0.34477102420493666,-0.2773186592637857,-0.19397732454772088,0.05385717666570761,0.056249650915418115
consumed,68#11,PC_OFF,LN,7,2,2,476,224,224,0.054982817869415807,-0.021871817319536063,0.3552101864570788,0.3480150375398807,-0.26725759541652366,-0.2254597915840956,0.16519940272658407,0.16464392476094264
consumed,68#11,PC_OFF,LN,8,2,3,679,420,420,0.10309278350515463,0.021263186686449317,0.3208312381542395,0.3340508218647705,-0.17413773974657773,-0.14720518593158985,0.410304708086387,0.3982976363987998
consumed,68#11,PC_OFF,LN,9,2,4,420,259,259,0.06357388316151202,-0.004687364791237942,0.33375675334698623,0.3460356881002987,-0.010356675171189829,-0.03067803382034505,0.9561685250451167,0.9717486513157685
consumed,68#11,PC_OFF,LN,10,2,5,28,287,28,0.006872852233676976,0.010788717295718578,0.33069967230161035,0.3445071703579269,-0.20666583875815075,-0.1377417541660815,1.865296793480714,5.476576153780958
consumed,68#11,PC_OFF,LN,11,3,1,322,168,168,0.041237113402061855,-0.05582544903281287,0.5510113654334259,0.5495669912132952,-0.4320232470425358,-0.5495669912132952,0.05165580934102551,0.045267538684937686
consumed,68#11,PC_OFF,LN,12,3,2,364,98,98,0.024054982817869417,0.010997718305920428,0.5593338034664973,0.5274629871405306,-0.5194970381756623,-0.3848032733159406,0.17441966398977315,0.17385655552858395
consumed,68#11,PC_OFF,LN,13,3,3,252,182,182,0.044673539518900345,-0.05607618239394047,0.5282899499698369,0.5421157211829454,-0.21773397015338694,-0.3440613800134414,0.3955665843742382,0.39152139227446275
consumed,68#11,PC_OFF,LN,14,3,4,238,203,203,0.04982817869415808,-0.03989874704569994,0.5657278773393116,0.5417546411526615,-0.06315207079637283,0.053265445962034405,1.0043768938539512,0.9899182335377253
consumed,68#11,PC_OFF,LN,15,3,5,7,224,7,0.001718213058419244,0.009102185788284183,0.48865939180056245,0.5635899982298723,-0.48865939180056245,-0.2712006211707679,2.5649323562781015,4.049325348479519
consumed,68#11,PC_OFF,LN,16,4,1,1281,441,441,0.10824742268041238,-0.023469251292118725,0.7597359510610229,0.7563644624093459,-0.7513819486174209,-0.7355938788611814,0.03731641705353186,0.0329428614910554
consumed,68#11,PC_OFF,LN,17,4,2,364,63,63,0.015463917525773196,0.0464044447899849,0.7183041771014149,0.6952381862534416,-0.6645804559811949,-0.6952381862534416,0.15924295461856022,0.176108060059724
consumed,68#11,PC_OFF,LN,18,4,3,399,182,182,0.044673539518900345,-0.020545127705531647,0.7462635524788794,0.7474724849065146,-0.46274029267461675,-0.6899775709861365,0.44621717255856647,0.3686262885442911
consumed,68#11,PC_OFF,LN,19,4,4,392,308,308,0.07560137457044673,-0.036584475433063444,0.7641448689447272,0.7489479921306624,-0.07978369237943773,-0.22290152570966515,1.041089984576718,0.9949697625018995
consumed,68#11,PC_OFF,LN,20,4,5,63,364,63,0.015463917525773196,-0.0014103211135682338,0.7850115936663415,0.7529288372980097,-0.5933377944208958,-0.4274352212699178,1.908651066875016,4.4864975130663085
consumed,68#11,PC_OFF,LN,21,5,1,21,63,21,0.005154639175257732,-0.04325304330752492,1.274715953403049,2.960086385409037,1.274715953403049,2.960086385409037,0.0907428529527452,0.04433711811348245
consumed,68#11,PC_OFF,LN,22,5,2,21,112,21,0.005154639175257732,-0.00901971064042776,1.86367384923829,3.581171223738541,1.86367384923829,3.581171223738541,0.2099457714292737,0.18007382509919503
consumed,68#11,PC_OFF,LN,23,5,3,70,266,70,0.01718213058419244,0.10125529392852078,1.276100296030442,4.9604209661483765,1.276100296030442,4.9604209661483765,0.4602874635408323,0.4148369100794458
consumed,68#11,PC_OFF,LN,24,5,4,231,462,231,0.05670103092783505,-0.045768786546412574,1.2837791180971898,4.34818543646146,1.2837791180971898,4.34818543646146,1.11812825915827,1.167201255200045
consumed,68#11,PC_OFF,LN,25,5,5,231,1918,231,0.05670103092783505,-0.028015339551052267,2.6967785383264222,4.737770774458374,2.6967785383264222,4.737770774458374,3.0607242619788106,4.280444158619078
consumed,68#11,PC_OFF,CNN,1,1,1,315,112,112,0.027491408934707903,0.039721070390585464,0.10826952778594139,0.11808392317228329,-0.05808258937980064,-0.01125345698286159,0.04481771943090415,0.06197320688321876
consumed,68#11,PC_OFF,CNN,2,1,2,322,105,105,0.02577319587628866,-0.012770388577278184,0.09948678297054804,0.09116448807374884,-0.04368225443160054,-0.03589841580897984,0.16286743642758927,0.1782488966386558
consumed,68#11,PC_OFF,CNN,3,1,3,623,336,336,0.08247422680412371,-0.009581497721440707,0.10610895453383691,0.11485547940739908,-0.0221686231701422,-0.015866153617632033,0.41822022804467196,0.3989975541711222
consumed,68#11,PC_OFF,CNN,4,1,4,287,168,168,0.041237113402061855,-0.22806020205455363,0.11567347171352949,0.10370067779957834,0.008577418905432992,-0.01838470427578108,0.8287639566261805,0.9176269105713194
consumed,68#11,PC_OFF,CNN,5,1,5,14,259,14,0.003436426116838488,0.01167414250389626,0.06801531712214151,0.10638485831621616,-0.004176862537860869,-0.022381455678646692,1.9202235614260041,4.208884067933287
consumed,68#11,PC_OFF,CNN,6,2,1,602,119,119,0.029209621993127148,-0.013072520547436961,0.3321963906425318,0.34477102420493666,-0.2773186592637857,-0.19397732454772088,0.05385717666570761,0.056249650915418115
consumed,68#11,PC_OFF,CNN,7,2,2,476,224,224,0.054982817869415807,-0.01956984957667562,0.3552101864570788,0.3480150375398807,-0.26725759541652366,-0.2254597915840956,0.16519940272658407,0.16464392476094264
consumed,68#11,PC_OFF,CNN,8,2,3,679,420,420,0.10309278350515463,-0.03570849161783909,0.3208312381542395,0.3340508218647705,-0.17413773974657773,-0.14720518593158985,0.410304708086387,0.3982976363987998
consumed,68#11,PC_OFF,CNN,9,2,4,420,259,259,0.06357388316151202,-0.10327916208148749,0.33375675334698623,0.3460356881002987,-0.010356675171189829,-0.03067803382034505,0.9561685250451167,0.9717486513157685
consumed,68#11,PC_OFF,CNN,10,2,5,28,287,28,0.006872852233676976,-0.027920829151479296,0.33069967230161035,0.3445071703579269,-0.20666583875815075,-0.1377417541660815,1.865296793480714,5.476576153780958
consumed,68#11,PC_OFF,CNN,11,3,1,322,168,168,0.041237113402061855,-0.06362042596576362,0.5510113654334259,0.5495669912132952,-0.4320232470425358,-0.5495669912132952,0.05165580934102551,0.045267538684937686
consumed,68#11,PC_OFF,CNN,12,3,2,364,98,98,0.024054982817869417,-0.07250290333780995,0.5593338034664973,0.5274629871405306,-0.5194970381756623,-0.3848032733159406,0.17441966398977315,0.17385655552858395
consumed,68#11,PC_OFF,CNN,13,3,3,252,182,182,0.044673539518900345,-0.06564800219419531,0.5282899499698369,0.5421157211829454,-0.21773397015338694,-0.3440613800134414,0.3955665843742382,0.39152139227446275
consumed,68#11,PC_OFF,CNN,14,3,4,238,203,203,0.04982817869415808,-0.130000606006075,0.5657278773393116,0.5417546411526615,-0.06315207079637283,0.053265445962034405,1.0043768938539512,0.9899182335377253
consumed,68#11,PC_OFF,CNN,15,3,5,7,224,7,0.001718213058419244,-0.15814401818420976,0.48865939180056245,0.5635899982298723,-0.48865939180056245,-0.2712006211707679,2.5649323562781015,4.049325348479519
consumed,68#11,PC_OFF,CNN,16,4,1,1281,441,441,0.10824742268041238,-0.08322623681924729,0.7597359510610229,0.7563644624093459,-0.7513819486174209,-0.7355938788611814,0.03731641705353186,0.0329428614910554
consumed,68#11,PC_OFF,CNN,17,4,2,364,63,63,0.015463917525773196,0.0598114030597168,0.7183041771014149,0.6952381862534416,-0.6645804559811949,-0.6952381862534416,0.15924295461856022,0.176108060059724
consumed,68#11,PC_OFF,CNN,18,4,3,399,182,182,0.044673539518900345,-0.14330180421970085,0.7462635524788794,0.7474724849065146,-0.46274029267461675,-0.6899775709861365,0.44621717255856647,0.3686262885442911
consumed,68#11,PC_OFF,CNN,19,4,4,392,308,308,0.07560137457044673,-0.1474247573379437,0.7641448689447272,0.7489479921306624,-0.07978369237943773,-0.22290152570966515,1.041089984576718,0.9949697625018995
consumed,68#11,PC_OFF,CNN,20,4,5,63,364,63,0.015463917525773196,-0.0903014810411341,0.7850115936663415,0.7529288372980097,-0.5933377944208958,-0.4274352212699178,1.908651066875016,4.4864975130663085
consumed,68#11,PC_OFF,CNN,21,5,1,21,63,21,0.005154639175257732,-0.1619698811915099,1.274715953403049,2.960086385409037,1.274715953403049,2.960086385409037,0.0907428529527452,0.04433711811348245
consumed,68#11,PC_OFF,CNN,22,5,2,21,112,21,0.005154639175257732,-0.04860142729999195,1.86367384923829,3.581171223738541,1.86367384923829,3.581171223738541,0.2099457714292737,0.18007382509919503
consumed,68#11,PC_OFF,CNN,23,5,3,70,266,70,0.01718213058419244,0.2714841415761083,1.276100296030442,4.9604209661483765,1.276100296030442,4.9604209661483765,0.4602874635408323,0.4148369100794458
consumed,68#11,PC_OFF,CNN,24,5,4,231,462,231,0.05670103092783505,-0.06486269204375644,1.2837791180971898,4.34818543646146,1.2837791180971898,4.34818543646146,1.11812825915827,1.167201255200045
consumed,68#11,PC_OFF,CNN,25,5,5,231,1918,231,0.05670103092783505,-0.015321743753234961,2.6967785383264222,4.737770774458374,2.6967785383264222,4.737770774458374,3.0607242619788106,4.280444158619078
consumed,69#3,PC_OFF,LN,1,1,1,301,56,56,0.01593625498007968,0.0571854396586398,0.1236727726835281,0.1435403318319004,-0.097141727482965,-0.0778111424006056,0.043152536184332055,0.04506142831087345
consumed,69#3,PC_OFF,LN,2,1,2,469,126,126,0.035856573705179286,-0.020984346066513403,0.11464230313118715,0.14212536451587868,-0.07284335822124145,-0.12617979204514995,0.16582158539077044,0.1557695877337311
consumed,69#3,PC_OFF,LN,3,1,3,665,301,301,0.08565737051792828,-0.03011541916384024,0.10066573261436516,0.13250064354276198,0.006345519559813271,-0.06136208393903406,0.41225690236284496,0.45252285260831676
consumed,69#3,PC_OFF,LN,4,1,4,252,168,168,0.04780876494023904,-0.0027377984982347187,0.09981712879420633,0.09688633561139189,0.030491740860371565,-0.027030273174508086,0.8747942542286182,1.1524069490151305
consumed,69#3,PC_OFF,LN,5,1,5,14,175,14,0.00398406374501992,-0.006284832079490469,0.1718912665382959,0.11221993586979806,-0.1718912665382959,-0.007488079583272338,2.62526195688406,6.50826138577424
consumed,69#3,PC_OFF,LN,6,2,1,308,98,98,0.027888446215139442,-0.0488246204869003,0.35446737211366947,0.3519164164151464,-0.29729781120973214,-0.2610176956014974,0.0394940816543319,0.04906044241839221
consumed,69#3,PC_OFF,LN,7,2,2,469,301,301,0.08565737051792828,-0.014662787609206692,0.3576187203821132,0.34618666624043914,-0.2604747347174466,-0.3023875272876128,0.15582687430102865,0.14009585466539098
consumed,69#3,PC_OFF,LN,8,2,3,630,294,294,0.08366533864541832,-0.04409213006872392,0.35377433443629547,0.35823921696767985,-0.20484404958648764,-0.177424148118007,0.3687156074712726,0.4111079076018151
consumed,69#3,PC_OFF,LN,9,2,4,238,231,231,0.06573705179282868,-0.03416234412022562,0.35684766861445766,0.379557983473536,-0.01863806081168792,0.008397220185901406,1.1054733651964104,1.1329951659233
consumed,69#3,PC_OFF,LN,10,2,5,0,245,0,0.0,,,0.36627588979899883,,-0.12145191436367375,,5.211720769320215
consumed,69#3,PC_OFF,LN,11,3,1,266,161,161,0.045816733067729085,-0.008558874320592429,0.5583478727034832,0.5769489588944808,-0.4677305949949904,-0.5769489588944808,0.042300865005113576,0.034994662779828774
consumed,69#3,PC_OFF,LN,12,3,2,245,70,70,0.0199203187250996,0.03216303133152099,0.5546989054286054,0.5499271307140589,-0.49134426481489624,-0.4473380845040083,0.16546021177034292,0.17328644320368766
consumed,69#3,PC_OFF,LN,13,3,3,280,126,126,0.035856573705179286,-0.06259907407806012,0.5573118526139297,0.5597216275313662,-0.30782549431314693,-0.4360291780386534,0.43967430266638985,0.3840259094399193
consumed,69#3,PC_OFF,LN,14,3,4,196,203,196,0.055776892430278883,-0.015891847191766763,0.5677184467869145,0.556141047144373,-0.11997500966702189,-0.0037881647365103507,0.9679685623060712,1.1132304381563103
consumed,69#3,PC_OFF,LN,15,3,5,7,140,7,0.00199203187250996,-6.401827418336427e-05,0.500377468764782,0.5601141805760562,-0.500377468764782,-0.39707788163796065,2.0437471494078636,4.36467857370153
consumed,69#3,PC_OFF,LN,16,4,1,826,224,224,0.06374501992031872,0.016953577267742503,0.7649436545068935,0.7802839106880128,-0.7352087091086275,-0.7802839106880128,0.03040231704333071,0.02324490249156952
consumed,69#3,PC_OFF,LN,17,4,2,434,133,133,0.037848605577689244,-0.016338657049578018,0.7340326547141998,0.7439616394082182,-0.6319133694614133,-0.5639925684387747,0.14570727550439658,0.12780920269065782
consumed,69#3,PC_OFF,LN,18,4,3,350,322,322,0.09163346613545817,-0.030667668748180714,0.7775677930889651,0.7601181786993275,-0.30378251437563447,-0.4518404590046924,0.42858440650976265,0.41149397807274235
consumed,69#3,PC_OFF,LN,19,4,4,392,385,385,0.10956175298804781,-0.030837979735908808,0.7917958680274231,0.8444968584755604,0.03638496369655643,0.26935775207186285,1.1562532345625576,1.2795682533850512
consumed,69#3,PC_OFF,LN,20,4,5,14,315,14,0.00398406374501992,-0.04112239564632182,0.7735520452260971,0.7969984604563151,-0.7735520452260971,-0.21718867285591031,2.1503213457763195,5.734336271680271
consumed,69#3,PC_OFF,LN,21,5,1,0,63,0,0.0,,,4.721108429961735,,4.721108429961735,,0.04300487372610304
consumed,69#3,PC_OFF,LN,22,5,2,0,56,0,0.0,,,3.5071617807261646,,3.5071617807261646,,0.15175601420924067
consumed,69#3,PC_OFF,LN,23,5,3,7,168,7,0.00199203187250996,0.053877321535950914,1.274399757385254,3.901847512150804,1.274399757385254,3.901847512150804,0.5558325499296188,0.4316086182370782
consumed,69#3,PC_OFF,LN,24,5,4,98,644,98,0.027888446215139442,0.007530170448473017,1.4640386349388532,3.8761472468967955,1.4640386349388532,3.8761472468967955,1.3759487348891395,1.3548430952900874
consumed,69#3,PC_OFF,LN,25,5,5,182,1365,182,0.05179282868525897,-0.020937797374985245,2.961937929002138,5.161386590606223,2.961937929002138,5.161386590606223,3.250449437793577,4.64752122390872
consumed,69#3,PC_OFF,CNN,1,1,1,301,56,56,0.01593625498007968,-0.12395283150367414,0.1236727726835281,0.1435403318319004,-0.097141727482965,-0.0778111424006056,0.043152536184332055,0.04506142831087345
consumed,69#3,PC_OFF,CNN,2,1,2,469,126,126,0.035856573705179286,-0.12071427411789197,0.11464230313118715,0.14212536451587868,-0.07284335822124145,-0.12617979204514995,0.16582158539077044,0.1557695877337311
consumed,69#3,PC_OFF,CNN,3,1,3,665,301,301,0.08565737051792828,-0.0886811405075153,0.10066573261436516,0.13250064354276198,0.006345519559813271,-0.06136208393903406,0.41225690236284496,0.45252285260831676
consumed,69#3,PC_OFF,CNN,4,1,4,252,168,168,0.04780876494023904,0.0003558605326625039,0.09981712879420633,0.09688633561139189,0.030491740860371565,-0.027030273174508086,0.8747942542286182,1.1524069490151305
consumed,69#3,PC_OFF,CNN,5,1,5,14,175,14,0.00398406374501992,-0.0389989588248971,0.1718912665382959,0.11221993586979806,-0.1718912665382959,-0.007488079583272338,2.62526195688406,6.50826138577424
consumed,69#3,PC_OFF,CNN,6,2,1,308,98,98,0.027888446215139442,-0.07932022561964208,0.35446737211366947,0.3519164164151464,-0.29729781120973214,-0.2610176956014974,0.0394940816543319,0.04906044241839221
consumed,69#3,PC_OFF,CNN,7,2,2,469,301,301,0.08565737051792828,-0.023978012425154502,0.3576187203821132,0.34618666624043914,-0.2604747347174466,-0.3023875272876128,0.15582687430102865,0.14009585466539098
consumed,69#3,PC_OFF,CNN,8,2,3,630,294,294,0.08366533864541832,-0.10800393537859981,0.35377433443629547,0.35823921696767985,-0.20484404958648764,-0.177424148118007,0.3687156074712726,0.4111079076018151
consumed,69#3,PC_OFF,CNN,9,2,4,238,231,231,0.06573705179282868,-0.16261533029533973,0.35684766861445766,0.379557983473536,-0.01863806081168792,0.008397220185901406,1.1054733651964104,1.1329951659233
consumed,69#3,PC_OFF,CNN,10,2,5,0,245,0,0.0,,,0.36627588979899883,,-0.12145191436367375,,5.211720769320215
consumed,69#3,PC_OFF,CNN,11,3,1,266,161,161,0.045816733067729085,0.024802297387334367,0.5583478727034832,0.5769489588944808,-0.4677305949949904,-0.5769489588944808,0.042300865005113576,0.034994662779828774
consumed,69#3,PC_OFF,CNN,12,3,2,245,70,70,0.0199203187250996,-0.07326865502893201,0.5546989054286054,0.5499271307140589,-0.49134426481489624,-0.4473380845040083,0.16546021177034292,0.17328644320368766
consumed,69#3,PC_OFF,CNN,13,3,3,280,126,126,0.035856573705179286,0.016594362091784116,0.5573118526139297,0.5597216275313662,-0.30782549431314693,-0.4360291780386534,0.43967430266638985,0.3840259094399193
consumed,69#3,PC_OFF,CNN,14,3,4,196,203,196,0.055776892430278883,-0.1996601690728975,0.5677184467869145,0.556141047144373,-0.11997500966702189,-0.0037881647365103507,0.9679685623060712,1.1132304381563103
consumed,69#3,PC_OFF,CNN,15,3,5,7,140,7,0.00199203187250996,-0.30557455308868636,0.500377468764782,0.5601141805760562,-0.500377468764782,-0.39707788163796065,2.0437471494078636,4.36467857370153
consumed,69#3,PC_OFF,CNN,16,4,1,826,224,224,0.06374501992031872,-0.0167175393328394,0.7649436545068935,0.7802839106880128,-0.7352087091086275,-0.7802839106880128,0.03040231704333071,0.02324490249156952
consumed,69#3,PC_OFF,CNN,17,4,2,434,133,133,0.037848605577689244,-0.0840721928637449,0.7340326547141998,0.7439616394082182,-0.6319133694614133,-0.5639925684387747,0.14570727550439658,0.12780920269065782
consumed,69#3,PC_OFF,CNN,18,4,3,350,322,322,0.09163346613545817,-0.003449849897888782,0.7775677930889651,0.7601181786993275,-0.30378251437563447,-0.4518404590046924,0.42858440650976265,0.41149397807274235
consumed,69#3,PC_OFF,CNN,19,4,4,392,385,385,0.10956175298804781,-0.051868654909130917,0.7917958680274231,0.8444968584755604,0.03638496369655643,0.26935775207186285,1.1562532345625576,1.2795682533850512
consumed,69#3,PC_OFF,CNN,20,4,5,14,315,14,0.00398406374501992,-0.16615011342676858,0.7735520452260971,0.7969984604563151,-0.7735520452260971,-0.21718867285591031,2.1503213457763195,5.734336271680271
consumed,69#3,PC_OFF,CNN,21,5,1,0,63,0,0.0,,,4.721108429961735,,4.721108429961735,,0.04300487372610304
consumed,69#3,PC_OFF,CNN,22,5,2,0,56,0,0.0,,,3.5071617807261646,,3.5071617807261646,,0.15175601420924067
consumed,69#3,PC_OFF,CNN,23,5,3,7,168,7,0.00199203187250996,-0.00938887291524982,1.274399757385254,3.901847512150804,1.274399757385254,3.901847512150804,0.5558325499296188,0.4316086182370782
consumed,69#3,PC_OFF,CNN,24,5,4,98,644,98,0.027888446215139442,-0.018079992413636878,1.4640386349388532,3.8761472468967955,1.4640386349388532,3.8761472468967955,1.3759487348891395,1.3548430952900874
consumed,69#3,PC_OFF,CNN,25,5,5,182,1365,182,0.05179282868525897,-0.033160722000155,2.961937929002138,5.161386590606223,2.961937929002138,5.161386590606223,3.250449437793577,4.64752122390872
consumed,69#4,MC_ON,LN,1,1,1,306,54,54,0.019438444924406047,0.05401855543117648,0.1251812841327788,0.13684417418100767,-0.09843534613439048,-0.09725823016423316,0.0468610257332615,0.035188467823900275
consumed,69#4,MC_ON,LN,2,1,2,360,90,90,0.032397408207343416,-0.03730618954263762,0.11427221146509207,0.1260125475819223,-0.05435699144475318,-0.07763539799877132,0.17085746266762727,0.18449864194495602
consumed,69#4,MC_ON,LN,3,1,3,408,174,174,0.06263498920086392,-0.06081521966803364,0.10342996241884335,0.1311071171898973,-0.028739690511686015,-0.04630719262400065,0.3964683586065589,0.4101170628235259
consumed,69#4,MC_ON,LN,4,1,4,228,180,180,0.06479481641468683,-0.05730961657598528,0.10754901762488052,0.1099194081883373,0.05447448012541587,-0.02478519627155038,0.7933898544000266,1.058968993309245
consumed,69#4,MC_ON,LN,5,1,5,12,120,12,0.004319654427645789,-0.2602894606537613,0.1064941715914756,0.12382370255421847,-0.0894933617208153,0.009276291341520852,2.004593036184087,5.368612584290094
consumed,69#4,MC_ON,LN,6,2,1,468,96,96,0.03455723542116631,0.06485270014709635,0.3294265184934305,0.3513026946224273,-0.26913832948574473,-0.21954467184841633,0.04659366898114781,0.04796622658614067
consumed,69#4,MC_ON,LN,7,2,2,546,252,252,0.09071274298056156,0.002854069738789773,0.33898869102595597,0.3521118188814615,-0.1948345015920535,-0.26061904197170715,0.17244217987370597,0.17675512476957272
consumed,69#4,MC_ON,LN,8,2,3,420,198,198,0.07127429805615551,-0.029537626446346256,0.35305674623697997,0.30443344648828674,-0.17629186636302618,-0.08289707902268592,0.3982529738836456,0.4414264025554683
consumed,69#4,MC_ON,LN,9,2,4,318,192,192,0.06911447084233262,-0.010486549662609389,0.37188782451799546,0.34344714780199864,-0.02578223892256952,-0.08651371867490525,0.9154453569699195,1.011318448905149
consumed,69#4,MC_ON,LN,10,2,5,18,252,18,0.0064794816414686825,-0.09234611314228207,0.3376872734477123,0.36514806019120105,-0.3376872734477123,-0.0567244207652818,2.24166142406563,4.998524823216056
consumed,69#4,MC_ON,LN,11,3,1,222,132,132,0.047516198704103674,-0.026969687300658456,0.5613764156964985,0.5767596922476184,-0.5021180852643542,-0.5767596922476184,0.04505533418945363,0.03573910922489384
consumed,69#4,MC_ON,LN,12,3,2,282,132,132,0.047516198704103674,-0.051854757838658554,0.5723109651991029,0.5828767977183982,-0.43342007709706715,-0.5302127925038803,0.16328062933096862,0.16048638598453677
consumed,69#4,MC_ON,LN,13,3,3,168,60,60,0.02159827213822894,0.00997393333011818,0.5580299315774548,0.5305680112307892,-0.313565138694165,-0.42723565162625177,0.3950266568946453,0.3890289985947311
consumed,69#4,MC_ON,LN,14,3,4,210,186,186,0.06695464362850972,-0.07097371123391019,0.5564275627104299,0.5666610798137562,-0.048869654062603185,0.043611365697917445,0.9026932221566261,1.0592273740587952
consumed,69#4,MC_ON,LN,15,3,5,0,156,0,0.0,,,0.5737815348944143,,-0.302347519383721,,3.844837201263782
consumed,69#4,MC_ON,LN,16,4,1,576,198,198,0.07127429805615551,-0.11997126578857797,0.7550879400533935,0.7775822399240552,-0.7550879400533935,-0.7775822399240552,0.03015705732007823,0.02334196712031511
consumed,69#4,MC_ON,LN,17,4,2,282,90,90,0.032397408207343416,0.05598761317595774,0.7434554273005021,0.7562363774577777,-0.5735699319597731,-0.5378543616334598,0.14883620544792492,0.15982153209857644
consumed,69#4,MC_ON,LN,18,4,3,246,204,204,0.0734341252699784,-0.02258593306517191,0.7551286191020797,0.7623473805484965,-0.47900611515633945,-0.45829090774607134,0.42245576204107393,0.41316629565930385
consumed,69#4,MC_ON,LN,19,4,4,258,258,258,0.09287257019438445,-0.09194952531830229,0.8254204721796479,0.825243557579707,0.12997187426053855,0.12156159431337878,1.1384554613285511,1.1752700321383769
consumed,69#4,MC_ON,LN,20,4,5,6,246,6,0.0021598272138228943,0.014739877514761104,0.7769213378429414,0.7831626635862561,-0.7769213378429414,-0.2359084097713959,3.3170603856444365,5.6008983293593655
consumed,69#4,MC_ON,LN,21,5,1,0,72,0,0.0,,,4.583318688223759,,4.583318688223759,,0.043570577353238917
consumed,69#4,MC_ON,LN,22,5,2,0,60,0,0.0,,,4.317450550496579,,4.317450550496579,,0.17453214108943949
consumed,69#4,MC_ON,LN,23,5,3,6,186,6,0.0021598272138228943,-0.0629929636511499,1.673983696103096,4.387685684715547,1.673983696103096,4.387685684715547,0.3380661106202749,0.4373682764426415
consumed,69#4,MC_ON,LN,24,5,4,108,630,108,0.038876889848812095,0.03806038350991127,1.5773504524129547,3.8695541440269774,1.5773504524129547,3.8695541440269774,1.241541117926439,1.3307501117678893
consumed,69#4,MC_ON,LN,25,5,5,132,1050,132,0.047516198704103674,-0.09533417440647413,2.6998870522461154,5.0221374397521314,2.6998870522461154,5.0221374397521314,3.0865224644660807,4.603731133332809
consumed,69#4,MC_ON,CNN,1,1,1,306,54,54,0.019438444924406047,0.009987508847195584,0.1251812841327788,0.13684417418100767,-0.09843534613439048,-0.09725823016423316,0.0468610257332615,0.035188467823900275
consumed,69#4,MC_ON,CNN,2,1,2,360,90,90,0.032397408207343416,-0.05228421447971378,0.11427221146509207,0.1260125475819223,-0.05435699144475318,-0.07763539799877132,0.17085746266762727,0.18449864194495602
consumed,69#4,MC_ON,CNN,3,1,3,408,174,174,0.06263498920086392,-0.013678830387269275,0.10342996241884335,0.1311071171898973,-0.028739690511686015,-0.04630719262400065,0.3964683586065589,0.4101170628235259
consumed,69#4,MC_ON,CNN,4,1,4,228,180,180,0.06479481641468683,-0.1860103208288856,0.10754901762488052,0.1099194081883373,0.05447448012541587,-0.02478519627155038,0.7933898544000266,1.058968993309245
consumed,69#4,MC_ON,CNN,5,1,5,12,120,12,0.004319654427645789,-0.44107566053815334,0.1064941715914756,0.12382370255421847,-0.0894933617208153,0.009276291341520852,2.004593036184087,5.368612584290094
consumed,69#4,MC_ON,CNN,6,2,1,468,96,96,0.03455723542116631,0.04402722592546145,0.3294265184934305,0.3513026946224273,-0.26913832948574473,-0.21954467184841633,0.04659366898114781,0.04796622658614067
consumed,69#4,MC_ON,CNN,7,2,2,546,252,252,0.09071274298056156,-0.03356732736867206,0.33898869102595597,0.3521118188814615,-0.1948345015920535,-0.26061904197170715,0.17244217987370597,0.17675512476957272
consumed,69#4,MC_ON,CNN,8,2,3,420,198,198,0.07127429805615551,-0.09490701486589037,0.35305674623697997,0.30443344648828674,-0.17629186636302618,-0.08289707902268592,0.3982529738836456,0.4414264025554683
consumed,69#4,MC_ON,CNN,9,2,4,318,192,192,0.06911447084233262,-0.03820147764033812,0.37188782451799546,0.34344714780199864,-0.02578223892256952,-0.08651371867490525,0.9154453569699195,1.011318448905149
consumed,69#4,MC_ON,CNN,10,2,5,18,252,18,0.0064794816414686825,-0.142216007759353,0.3376872734477123,0.36514806019120105,-0.3376872734477123,-0.0567244207652818,2.24166142406563,4.998524823216056
consumed,69#4,MC_ON,CNN,11,3,1,222,132,132,0.047516198704103674,0.03615243031112041,0.5613764156964985,0.5767596922476184,-0.5021180852643542,-0.5767596922476184,0.04505533418945363,0.03573910922489384
consumed,69#4,MC_ON,CNN,12,3,2,282,132,132,0.047516198704103674,-0.13014453670716866,0.5723109651991029,0.5828767977183982,-0.43342007709706715,-0.5302127925038803,0.16328062933096862,0.16048638598453677
consumed,69#4,MC_ON,CNN,13,3,3,168,60,60,0.02159827213822894,0.1171197204577637,0.5580299315774548,0.5305680112307892,-0.313565138694165,-0.42723565162625177,0.3950266568946453,0.3890289985947311
consumed,69#4,MC_ON,CNN,14,3,4,210,186,186,0.06695464362850972,-0.15459632618899577,0.5564275627104299,0.5666610798137562,-0.048869654062603185,0.043611365697917445,0.9026932221566261,1.0592273740587952
consumed,69#4,MC_ON,CNN,15,3,5,0,156,0,0.0,,,0.5737815348944143,,-0.302347519383721,,3.844837201263782
consumed,69#4,MC_ON,CNN,16,4,1,576,198,198,0.07127429805615551,-0.10844370886742573,0.7550879400533935,0.7775822399240552,-0.7550879400533935,-0.7775822399240552,0.03015705732007823,0.02334196712031511
consumed,69#4,MC_ON,CNN,17,4,2,282,90,90,0.032397408207343416,-0.014004355277765015,0.7434554273005021,0.7562363774577777,-0.5735699319597731,-0.5378543616334598,0.14883620544792492,0.15982153209857644
consumed,69#4,MC_ON,CNN,18,4,3,246,204,204,0.0734341252699784,-0.058989999534982185,0.7551286191020797,0.7623473805484965,-0.47900611515633945,-0.45829090774607134,0.42245576204107393,0.41316629565930385
consumed,69#4,MC_ON,CNN,19,4,4,258,258,258,0.09287257019438445,-0.22464643164200726,0.8254204721796479,0.825243557579707,0.12997187426053855,0.12156159431337878,1.1384554613285511,1.1752700321383769
consumed,69#4,MC_ON,CNN,20,4,5,6,246,6,0.0021598272138228943,-0.13387261354867303,0.7769213378429414,0.7831626635862561,-0.7769213378429414,-0.2359084097713959,3.3170603856444365,5.6008983293593655
consumed,69#4,MC_ON,CNN,21,5,1,0,72,0,0.0,,,4.583318688223759,,4.583318688223759,,0.043570577353238917
consumed,69#4,MC_ON,CNN,22,5,2,0,60,0,0.0,,,4.317450550496579,,4.317450550496579,,0.17453214108943949
consumed,69#4,MC_ON,CNN,23,5,3,6,186,6,0.0021598272138228943,-0.029728102527878136,1.673983696103096,4.387685684715547,1.673983696103096,4.387685684715547,0.3380661106202749,0.4373682764426415
consumed,69#4,MC_ON,CNN,24,5,4,108,630,108,0.038876889848812095,-0.050778546018828856,1.5773504524129547,3.8695541440269774,1.5773504524129547,3.8695541440269774,1.241541117926439,1.3307501117678893
consumed,69#4,MC_ON,CNN,25,5,5,132,1050,132,0.047516198704103674,-0.2066923337461819,2.6998870522461154,5.0221374397521314,2.6998870522461154,5.0221374397521314,3.0865224644660807,4.603731133332809
consumed,69#6,MC_OFF,LN,1,1,1,294,42,42,0.015706806282722512,-0.06048030520266724,0.12117195788249817,0.10629965345231958,-0.039851538062772814,-0.09448552134637841,0.042811293450164226,0.034936945058572554
consumed,69#6,MC_OFF,LN,2,1,2,392,70,70,0.02617801047120419,0.0005294821348254403,0.11921489316823633,0.12085761506056698,-0.05592920628083988,-0.08945173510224917,0.1391130550975584,0.13025593133464167
consumed,69#6,MC_OFF,LN,3,1,3,616,196,196,0.07329842931937172,-0.007965557548506063,0.093112138344896,0.12331127143541101,0.006434346164006944,-0.037264549415680116,0.37800069342561365,0.3768492432317254
consumed,69#6,MC_OFF,LN,4,1,4,210,231,210,0.07853403141361257,-0.01659650728331455,0.11465327084983867,0.10623051456317126,0.0016633463116028334,0.012415531851822894,0.753989371432899,0.8990809626584643
consumed,69#6,MC_OFF,LN,5,1,5,7,203,7,0.002617801047120419,-0.02401757665278796,0.21133130276127932,0.10883767316902991,-0.21133130276127932,-0.021877824294447852,2.5726870843164558,5.344504774487783
consumed,69#6,MC_OFF,LN,6,2,1,329,91,91,0.034031413612565446,-0.04177139898667613,0.34321372464625777,0.35937017625605566,-0.28437535092853844,-0.3110664067183726,0.03452827508586845,0.05287749440817041
consumed,69#6,MC_OFF,LN,7,2,2,357,196,196,0.07329842931937172,-0.04515502483393487,0.34309179480693286,0.35246917755684587,-0.14252223709470355,-0.3320527580438136,0.14897405858835358,0.1456157285646551
consumed,69#6,MC_OFF,LN,8,2,3,616,238,238,0.08900523560209424,-0.10604462221166915,0.3404626322558501,0.33361346371631495,-0.12028476178004584,-0.1830454785133158,0.3556789319525807,0.3563106460055616
consumed,69#6,MC_OFF,LN,9,2,4,210,252,210,0.07853403141361257,-0.08500770762597092,0.35003156507244476,0.3531198735372761,0.01732046392101509,0.06568565955942768,0.8829814950887783,0.953288989726645
consumed,69#6,MC_OFF,LN,10,2,5,0,210,0,0.0,,,0.34120185893888655,,-0.10104925370512483,,4.852170528039241
consumed,69#6,MC_OFF,LN,11,3,1,161,161,161,0.060209424083769635,-0.08533950739659353,0.5655889093228008,0.5561578834435613,-0.34289386079811734,-0.5137272035098794,0.0462072951700476,0.030869410388844484
consumed,69#6,MC_OFF,LN,12,3,2,217,98,98,0.03664921465968586,-0.11154922330900176,0.5517590521342554,0.5534581515610546,-0.3681306637148778,-0.5534581515610546,0.1451655564293561,0.15644649245806944
consumed,69#6,MC_OFF,LN,13,3,3,238,119,119,0.04450261780104712,0.02562650632060049,0.5389110380367531,0.5630614601699341,-0.22400472372216151,-0.36163929638313763,0.3420812854656846,0.33634694980222235
consumed,69#6,MC_OFF,LN,14,3,4,203,154,154,0.05759162303664921,-0.01636891227246807,0.5580842723126279,0.5551516078673043,-0.21391998622714684,-0.10087382194253952,0.8693355297291805,0.995017873515783
consumed,69#6,MC_OFF,LN,15,3,5,0,140,0,0.0,,,0.5447449891613081,,-0.4815841348125385,,5.124352949513838
consumed,69#6,MC_OFF,LN,16,4,1,518,161,161,0.060209424083769635,-0.020730041882648605,0.7615309255023385,0.7640490177084371,-0.743809862786482,-0.7640490177084371,0.03193397974119117,0.021185217344242592
consumed,69#6,MC_OFF,LN,17,4,2,196,112,112,0.041884816753926704,-0.1927276845207495,0.7187789275597495,0.7291282684691396,-0.6199509723490657,-0.543384522170387,0.14252991018788685,0.14647585715297634
consumed,69#6,MC_OFF,LN,18,4,3,336,182,182,0.06806282722513089,-0.163605646605655,0.7471253905752794,0.7497333756168566,-0.34285095223458484,-0.4727459749835129,0.3945620087433781,0.3820024597561525
consumed,69#6,MC_OFF,LN,19,4,4,231,343,231,0.08638743455497382,-0.10344227680312752,0.8033873834986444,0.8384911216886091,-0.09233109293465387,0.2821061036752733,1.004124818432567,1.1015457959474761
consumed,69#6,MC_OFF,LN,20,4,5,7,322,7,0.002617801047120419,-0.04029269226031158,0.7628859006441556,0.811138946721081,-0.7628859006441556,-0.17712613078454095,2.5199604232598527,4.727449793760264
consumed,69#6,MC_OFF,LN,21,5,1,0,28,0,0.0,,,7.300926496776251,,7.300926496776251,,0.026814067163146493
consumed,69#6,MC_OFF,LN,22,5,2,0,91,0,0.0,,,2.926784998544399,,2.926784998544399,,0.16962899560847228
consumed,69#6,MC_OFF,LN,23,5,3,0,161,0,0.0,,,4.516368035040173,,4.516368035040173,,0.39893550714820514
consumed,69#6,MC_OFF,LN,24,5,4,63,602,63,0.02356020942408377,0.0256255516823682,1.9050396849713724,3.7041972127104965,1.9050396849713724,3.7041972127104965,1.2822528215688376,1.179342968642111
consumed,69#6,MC_OFF,LN,25,5,5,126,1267,126,0.04712041884816754,-0.05614268043869545,3.1571746347551666,4.890415840568492,3.1571746347551666,4.890415840568492,3.4372332889506336,4.350055970238895
consumed,69#6,MC_OFF,CNN,1,1,1,294,42,42,0.015706806282722512,-0.3953763863623848,0.12117195788249817,0.10629965345231958,-0.039851538062772814,-0.09448552134637841,0.042811293450164226,0.034936945058572554
consumed,69#6,MC_OFF,CNN,2,1,2,392,70,70,0.02617801047120419,-0.055943054657692615,0.11921489316823633,0.12085761506056698,-0.05592920628083988,-0.08945173510224917,0.1391130550975584,0.13025593133464167
consumed,69#6,MC_OFF,CNN,3,1,3,616,196,196,0.07329842931937172,-0.010947623167774975,0.093112138344896,0.12331127143541101,0.006434346164006944,-0.037264549415680116,0.37800069342561365,0.3768492432317254
consumed,69#6,MC_OFF,CNN,4,1,4,210,231,210,0.07853403141361257,-0.34928711554909614,0.11465327084983867,0.10623051456317126,0.0016633463116028334,0.012415531851822894,0.753989371432899,0.8990809626584643
consumed,69#6,MC_OFF,CNN,5,1,5,7,203,7,0.002617801047120419,-0.05688538674800975,0.21133130276127932,0.10883767316902991,-0.21133130276127932,-0.021877824294447852,2.5726870843164558,5.344504774487783
consumed,69#6,MC_OFF,CNN,6,2,1,329,91,91,0.034031413612565446,-0.08453342397561023,0.34321372464625777,0.35937017625605566,-0.28437535092853844,-0.3110664067183726,0.03452827508586845,0.05287749440817041
consumed,69#6,MC_OFF,CNN,7,2,2,357,196,196,0.07329842931937172,0.06515375204418215,0.34309179480693286,0.35246917755684587,-0.14252223709470355,-0.3320527580438136,0.14897405858835358,0.1456157285646551
consumed,69#6,MC_OFF,CNN,8,2,3,616,238,238,0.08900523560209424,0.060757002772306265,0.3404626322558501,0.33361346371631495,-0.12028476178004584,-0.1830454785133158,0.3556789319525807,0.3563106460055616
consumed,69#6,MC_OFF,CNN,9,2,4,210,252,210,0.07853403141361257,-0.15889048175168943,0.35003156507244476,0.3531198735372761,0.01732046392101509,0.06568565955942768,0.8829814950887783,0.953288989726645
consumed,69#6,MC_OFF,CNN,10,2,5,0,210,0,0.0,,,0.34120185893888655,,-0.10104925370512483,,4.852170528039241
consumed,69#6,MC_OFF,CNN,11,3,1,161,161,161,0.060209424083769635,-0.007278183016405829,0.5655889093228008,0.5561578834435613,-0.34289386079811734,-0.5137272035098794,0.0462072951700476,0.030869410388844484
consumed,69#6,MC_OFF,CNN,12,3,2,217,98,98,0.03664921465968586,-0.030298159924474655,0.5517590521342554,0.5534581515610546,-0.3681306637148778,-0.5534581515610546,0.1451655564293561,0.15644649245806944
consumed,69#6,MC_OFF,CNN,13,3,3,238,119,119,0.04450261780104712,0.09198959658591455,0.5389110380367531,0.5630614601699341,-0.22400472372216151,-0.36163929638313763,0.3420812854656846,0.33634694980222235
consumed,69#6,MC_OFF,CNN,14,3,4,203,154,154,0.05759162303664921,-0.08628928865957707,0.5580842723126279,0.5551516078673043,-0.21391998622714684,-0.10087382194253952,0.8693355297291805,0.995017873515783
consumed,69#6,MC_OFF,CNN,15,3,5,0,140,0,0.0,,,0.5447449891613081,,-0.4815841348125385,,5.124352949513838
consumed,69#6,MC_OFF,CNN,16,4,1,518,161,161,0.060209424083769635,0.017688833567663424,0.7615309255023385,0.7640490177084371,-0.743809862786482,-0.7640490177084371,0.03193397974119117,0.021185217344242592
consumed,69#6,MC_OFF,CNN,17,4,2,196,112,112,0.041884816753926704,-0.12666068869785338,0.7187789275597495,0.7291282684691396,-0.6199509723490657,-0.543384522170387,0.14252991018788685,0.14647585715297634
consumed,69#6,MC_OFF,CNN,18,4,3,336,182,182,0.06806282722513089,-0.29884500516473206,0.7471253905752794,0.7497333756168566,-0.34285095223458484,-0.4727459749835129,0.3945620087433781,0.3820024597561525
consumed,69#6,MC_OFF,CNN,19,4,4,231,343,231,0.08638743455497382,-0.12373609829194299,0.8033873834986444,0.8384911216886091,-0.09233109293465387,0.2821061036752733,1.004124818432567,1.1015457959474761
consumed,69#6,MC_OFF,CNN,20,4,5,7,322,7,0.002617801047120419,-0.06629304631700383,0.7628859006441556,0.811138946721081,-0.7628859006441556,-0.17712613078454095,2.5199604232598527,4.727449793760264
consumed,69#6,MC_OFF,CNN,21,5,1,0,28,0,0.0,,,7.300926496776251,,7.300926496776251,,0.026814067163146493
consumed,69#6,MC_OFF,CNN,22,5,2,0,91,0,0.0,,,2.926784998544399,,2.926784998544399,,0.16962899560847228
consumed,69#6,MC_OFF,CNN,23,5,3,0,161,0,0.0,,,4.516368035040173,,4.516368035040173,,0.39893550714820514
consumed,69#6,MC_OFF,CNN,24,5,4,63,602,63,0.02356020942408377,-0.015754398812110184,1.9050396849713724,3.7041972127104965,1.9050396849713724,3.7041972127104965,1.2822528215688376,1.179342968642111
consumed,69#6,MC_OFF,CNN,25,5,5,126,1267,126,0.04712041884816754,-0.2925406539434037,3.1571746347551666,4.890415840568492,3.1571746347551666,4.890415840568492,3.4372332889506336,4.350055970238895
consumed,69#7,MC_ON,LN,1,1,1,329,56,56,0.019464720194647202,-0.0024102675835894157,0.12893071889498348,0.13419836068593818,-0.07516559439233225,-0.040728893870740045,0.03973269659690366,0.02366869134372488
consumed,69#7,MC_ON,LN,2,1,2,413,98,98,0.0340632603406326,0.014501118687366933,0.12352244904538416,0.11665219592118992,-0.06557231102175588,-0.11377628715542543,0.1460382226275117,0.14804077643202618
consumed,69#7,MC_ON,LN,3,1,3,665,224,224,0.07785888077858881,-0.03073611429971721,0.11546118955593557,0.11888965678796616,-0.01198662841945821,-0.05861977680069685,0.38273565130300097,0.4023726158638965
consumed,69#7,MC_ON,LN,4,1,4,266,224,224,0.07785888077858881,-0.014158294541140422,0.11488787611925912,0.12512819750380308,-0.0026515105797252133,-0.056310883766172985,0.8183008632568728,0.9604245620344803
consumed,69#7,MC_ON,LN,5,1,5,0,147,0,0.0,,,0.15064660603751517,,0.015228689771555814,,4.901316993014743
consumed,69#7,MC_ON,LN,6,2,1,427,119,119,0.0413625304136253,-0.057483309290266654,0.3398686008677529,0.33976142143364996,-0.26302189438527795,-0.30033175331567796,0.04362169702041478,0.042106904205295496
consumed,69#7,MC_ON,LN,7,2,2,448,168,168,0.058394160583941604,-0.036206558805492665,0.35268997147522896,0.35747781509740484,-0.2255604036687752,-0.35747781509740484,0.15340487270342842,0.13813369250258095
consumed,69#7,MC_ON,LN,8,2,3,644,217,217,0.07542579075425791,-0.032739657095765956,0.35428317436763673,0.3411520275988951,-0.13853314082771775,-0.2403816466225356,0.3758339546042328,0.3760180481060494
consumed,69#7,MC_ON,LN,9,2,4,322,210,210,0.072992700729927,-0.02058628909775674,0.3629271017241568,0.35755433308432755,0.018519694831279656,-0.009900875538652253,0.8799599516555578,0.9690914179732013
consumed,69#7,MC_ON,LN,10,2,5,14,266,14,0.004866180048661801,-0.039205727795141365,0.36280641468086594,0.3505905200145207,-0.36280641468086594,-0.0676971924656659,2.1988032672476643,5.04470421304914
consumed,69#7,MC_ON,LN,11,3,1,238,161,161,0.05596107055961071,-0.02217997242908504,0.5721600436121591,0.5612768607511036,-0.4325423121004931,-0.5612768607511036,0.04178602924780446,0.042792621541066445
consumed,69#7,MC_ON,LN,12,3,2,273,98,98,0.0340632603406326,-0.024079548338298125,0.5666084096321248,0.5677517872813734,-0.39186631636614466,-0.5677517872813734,0.1533862538839706,0.15685841098560818
consumed,69#7,MC_ON,LN,13,3,3,238,119,119,0.0413625304136253,-0.004960049918616592,0.578608246326136,0.5779133222211953,-0.3435854235157261,-0.3658934843945591,0.36711944144689385,0.3898769430405295
consumed,69#7,MC_ON,LN,14,3,4,161,175,161,0.05596107055961071,0.012625860681798908,0.5613943778241619,0.5620896255473296,-0.2253966373762628,-0.020702150414387378,0.8150282955198699,1.1828630638014874
consumed,69#7,MC_ON,LN,15,3,5,0,112,0,0.0,,,0.5753531806791822,,-0.340533363710468,,4.177364085141258
consumed,69#7,MC_ON,LN,16,4,1,609,182,182,0.06326034063260341,-0.06267171519468209,0.7551500939289499,0.7724831029772758,-0.7168524406736152,-0.715990013992175,0.032139953238340055,0.01908236522323044
consumed,69#7,MC_ON,LN,17,4,2,266,56,56,0.019464720194647202,-0.045452695172924315,0.7331129547960141,0.732820411833624,-0.6248599457668891,-0.732820411833624,0.13855044461435456,0.14492933607349792
consumed,69#7,MC_ON,LN,18,4,3,287,217,217,0.07542579075425791,-0.020289194771133643,0.747985682978363,0.7739040617629515,-0.5941809791166758,-0.4815135648685647,0.3770569243025398,0.38609794698050365
consumed,69#7,MC_ON,LN,19,4,4,280,308,280,0.09732360097323602,-0.0026883960719706473,0.8284603005857207,0.80859310398448,0.25960100690135735,0.16360048513469694,1.0865965695097353,1.1434526646785481
consumed,69#7,MC_ON,LN,20,4,5,7,252,7,0.0024330900243309003,-0.0832111481073461,0.7705120990673701,0.8067417283697674,-0.7705120990673701,-0.2688510999238739,2.908224972323903,5.7491889277244566
consumed,69#7,MC_ON,LN,21,5,1,0,42,0,0.0,,,6.605870469576781,,6.605870469576781,,0.039013167222340606
consumed,69#7,MC_ON,LN,22,5,2,0,42,0,0.0,,,2.527550631875379,,2.527550631875379,,0.17432121254710692
consumed,69#7,MC_ON,LN,23,5,3,21,252,21,0.0072992700729927005,0.04969373317829121,1.4450769474109013,3.716178343981718,1.4450769474109013,3.716178343981718,0.5011298414319754,0.39588610407648683
consumed,69#7,MC_ON,LN,24,5,4,84,651,84,0.029197080291970802,0.09000272784368264,1.5371323553432983,3.803510819747877,1.5371323553432983,3.803510819747877,1.2658896465347627,1.2403586591923765
consumed,69#7,MC_ON,LN,25,5,5,161,1225,161,0.05596107055961071,0.0896440608433062,2.6931482811552887,4.724425515192672,2.6931482811552887,4.724425515192672,2.9860692039491483,4.314993824534716
consumed,69#7,MC_ON,CNN,1,1,1,329,56,56,0.019464720194647202,-0.04582562372226831,0.12893071889498348,0.13419836068593818,-0.07516559439233225,-0.040728893870740045,0.03973269659690366,0.02366869134372488
consumed,69#7,MC_ON,CNN,2,1,2,413,98,98,0.0340632603406326,-0.00509072418119254,0.12352244904538416,0.11665219592118992,-0.06557231102175588,-0.11377628715542543,0.1460382226275117,0.14804077643202618
consumed,69#7,MC_ON,CNN,3,1,3,665,224,224,0.07785888077858881,0.02573423984042099,0.11546118955593557,0.11888965678796616,-0.01198662841945821,-0.05861977680069685,0.38273565130300097,0.4023726158638965
consumed,69#7,MC_ON,CNN,4,1,4,266,224,224,0.07785888077858881,0.0315464408643203,0.11488787611925912,0.12512819750380308,-0.0026515105797252133,-0.056310883766172985,0.8183008632568728,0.9604245620344803
consumed,69#7,MC_ON,CNN,5,1,5,0,147,0,0.0,,,0.15064660603751517,,0.015228689771555814,,4.901316993014743
consumed,69#7,MC_ON,CNN,6,2,1,427,119,119,0.0413625304136253,-0.09524117481602741,0.3398686008677529,0.33976142143364996,-0.26302189438527795,-0.30033175331567796,0.04362169702041478,0.042106904205295496
consumed,69#7,MC_ON,CNN,7,2,2,448,168,168,0.058394160583941604,-0.10925694468794982,0.35268997147522896,0.35747781509740484,-0.2255604036687752,-0.35747781509740484,0.15340487270342842,0.13813369250258095
consumed,69#7,MC_ON,CNN,8,2,3,644,217,217,0.07542579075425791,-0.01566522355611377,0.35428317436763673,0.3411520275988951,-0.13853314082771775,-0.2403816466225356,0.3758339546042328,0.3760180481060494
consumed,69#7,MC_ON,CNN,9,2,4,322,210,210,0.072992700729927,0.02572537076866987,0.3629271017241568,0.35755433308432755,0.018519694831279656,-0.009900875538652253,0.8799599516555578,0.9690914179732013
consumed,69#7,MC_ON,CNN,10,2,5,14,266,14,0.004866180048661801,0.06283374389172437,0.36280641468086594,0.3505905200145207,-0.36280641468086594,-0.0676971924656659,2.1988032672476643,5.04470421304914
consumed,69#7,MC_ON,CNN,11,3,1,238,161,161,0.05596107055961071,-0.06692714804050763,0.5721600436121591,0.5612768607511036,-0.4325423121004931,-0.5612768607511036,0.04178602924780446,0.042792621541066445
consumed,69#7,MC_ON,CNN,12,3,2,273,98,98,0.0340632603406326,-0.01102599890831455,0.5666084096321248,0.5677517872813734,-0.39186631636614466,-0.5677517872813734,0.1533862538839706,0.15685841098560818
consumed,69#7,MC_ON,CNN,13,3,3,238,119,119,0.0413625304136253,-0.1182448652469536,0.578608246326136,0.5779133222211953,-0.3435854235157261,-0.3658934843945591,0.36711944144689385,0.3898769430405295
consumed,69#7,MC_ON,CNN,14,3,4,161,175,161,0.05596107055961071,-0.28613512715417955,0.5613943778241619,0.5620896255473296,-0.2253966373762628,-0.020702150414387378,0.8150282955198699,1.1828630638014874
consumed,69#7,MC_ON,CNN,15,3,5,0,112,0,0.0,,,0.5753531806791822,,-0.340533363710468,,4.177364085141258
consumed,69#7,MC_ON,CNN,16,4,1,609,182,182,0.06326034063260341,-0.10919415745475501,0.7551500939289499,0.7724831029772758,-0.7168524406736152,-0.715990013992175,0.032139953238340055,0.01908236522323044
consumed,69#7,MC_ON,CNN,17,4,2,266,56,56,0.019464720194647202,-0.043004027048472504,0.7331129547960141,0.732820411833624,-0.6248599457668891,-0.732820411833624,0.13855044461435456,0.14492933607349792
consumed,69#7,MC_ON,CNN,18,4,3,287,217,217,0.07542579075425791,-0.028454102295707454,0.747985682978363,0.7739040617629515,-0.5941809791166758,-0.4815135648685647,0.3770569243025398,0.38609794698050365
consumed,69#7,MC_ON,CNN,19,4,4,280,308,280,0.09732360097323602,0.009583703399124604,0.8284603005857207,0.80859310398448,0.25960100690135735,0.16360048513469694,1.0865965695097353,1.1434526646785481
consumed,69#7,MC_ON,CNN,20,4,5,7,252,7,0.0024330900243309003,-0.15738501035603714,0.7705120990673701,0.8067417283697674,-0.7705120990673701,-0.2688510999238739,2.908224972323903,5.7491889277244566
consumed,69#7,MC_ON,CNN,21,5,1,0,42,0,0.0,,,6.605870469576781,,6.605870469576781,,0.039013167222340606
consumed,69#7,MC_ON,CNN,22,5,2,0,42,0,0.0,,,2.527550631875379,,2.527550631875379,,0.17432121254710692
consumed,69#7,MC_ON,CNN,23,5,3,21,252,21,0.0072992700729927005,-0.005776159415273723,1.4450769474109013,3.716178343981718,1.4450769474109013,3.716178343981718,0.5011298414319754,0.39588610407648683
consumed,69#7,MC_ON,CNN,24,5,4,84,651,84,0.029197080291970802,0.10861923174286928,1.5371323553432983,3.803510819747877,1.5371323553432983,3.803510819747877,1.2658896465347627,1.2403586591923765
consumed,69#7,MC_ON,CNN,25,5,5,161,1225,161,0.05596107055961071,0.16435032442468311,2.6931482811552887,4.724425515192672,2.6931482811552887,4.724425515192672,2.9860692039491483,4.314993824534716
consumed,69#21,PC_OFF,LN,1,1,1,336,72,72,0.030456852791878174,-0.005855844613407822,0.17859744196903193,0.11494633150626517,-0.13141786588468157,-0.05031408532522619,0.048292904813674147,0.04853960191394435
consumed,69#21,PC_OFF,LN,2,1,2,474,66,66,0.027918781725888325,-0.0813262165665916,0.1484305377411538,0.17336612474173307,-0.05308319733675593,-0.05877317124131051,0.15309289917740324,0.1531708944398402
consumed,69#21,PC_OFF,LN,3,1,3,894,276,276,0.116751269035533,-0.03572605873375743,0.13250166458037588,0.1480517183701285,-0.02833690477190668,-0.0915684051768672,0.4540403365853546,0.45775572314691404
consumed,69#21,PC_OFF,LN,4,1,4,270,168,168,0.07106598984771574,-0.023359647727862858,0.15138151816338197,0.1512350123962928,-0.010168879500512654,0.0052450728341812336,1.082871949584094,1.2056559585954736
consumed,69#21,PC_OFF,LN,5,1,5,6,204,6,0.0025380710659898475,0.023759513434935223,0.04750629886984825,0.16017799388603582,0.04750629886984825,0.02778627078035189,2.685439322143793,5.426652994955314
consumed,69#21,PC_OFF,LN,6,2,1,408,60,60,0.025380710659898477,-0.11300580297519408,0.39699808203423503,0.4123831388540566,-0.28938279593336014,-0.4123831388540566,0.04270967352204025,0.04634557843382936
consumed,69#21,PC_OFF,LN,7,2,2,432,114,114,0.048223350253807105,-0.006427354630208987,0.4019120578725253,0.39844368858949136,-0.20990992477487047,-0.22850469509629825,0.15809350085651708,0.15729813027734818
consumed,69#21,PC_OFF,LN,8,2,3,684,228,228,0.09644670050761421,-0.08136756949679458,0.39117256805848066,0.4102311410120149,-0.13160543717860587,-0.22999277198074483,0.38695290295796886,0.4217292462723746
consumed,69#21,PC_OFF,LN,9,2,4,306,180,180,0.07614213197969544,-0.009989753931517091,0.39823341465043816,0.3959592929662904,-0.07063459743307356,-0.07994327432728217,1.0276002474357466,1.0195457318108916
consumed,69#21,PC_OFF,LN,10,2,5,6,186,6,0.0025380710659898475,0.004608345922060896,0.299453504383564,0.41947577910820744,-0.299453504383564,-0.22948600465033744,2.9503309801220894,5.480661173807382
consumed,69#21,PC_OFF,LN,11,3,1,348,36,36,0.015228426395939087,-0.01040624761552899,0.6122133856767724,0.6227099423607191,-0.5503253240844813,-0.6227099423607191,0.03311588155940689,0.0469671276708444
consumed,69#21,PC_OFF,LN,12,3,2,318,66,66,0.027918781725888325,-0.06088168374722485,0.6062052956307834,0.6212312985550273,-0.5389955518240074,-0.6212312985550273,0.14995707452016058,0.13059617291119965
consumed,69#21,PC_OFF,LN,13,3,3,360,120,120,0.050761421319796954,-0.0451920651432096,0.6016026096884162,0.6090715736150741,-0.3309868204252174,-0.4197945758700371,0.4765343181308708,0.415980149700772
consumed,69#21,PC_OFF,LN,14,3,4,216,96,96,0.04060913705583756,-0.05212867903854239,0.6142902584752947,0.61530680290889,-0.05596668444923125,-0.21949513826984912,1.1532673848851118,1.215756221790798
consumed,69#21,PC_OFF,LN,15,3,5,0,108,0,0.0,,,0.6202358630382352,,-0.397550902225905,,5.762653521158629
consumed,69#21,PC_OFF,LN,16,4,1,1026,168,168,0.07106598984771574,-0.033058297977640795,0.7691282299701233,0.7811472854976144,-0.759432952045,-0.6505027570362601,0.02759348749243028,0.026725492041025842
consumed,69#21,PC_OFF,LN,17,4,2,318,30,30,0.012690355329949238,-0.03612736777496836,0.7697196869917635,0.774324706196785,-0.6600299367927155,-0.774324706196785,0.14236056734368485,0.15877175629138945
consumed,69#21,PC_OFF,LN,18,4,3,360,126,126,0.0532994923857868,-0.04771203023028048,0.7774668367579579,0.7780806084296533,-0.36112286280840633,-0.5151193664364871,0.4262014253724677,0.47212520610940245
consumed,69#21,PC_OFF,LN,19,4,4,300,216,216,0.09137055837563451,-0.04865654113298628,0.8196234499011189,0.8193578586603204,0.018532329061999916,0.1996223379133476,1.150732947458746,1.31310570026148
consumed,69#21,PC_OFF,LN,20,4,5,6,162,6,0.0025380710659898475,0.03946004975862241,0.7839654088020325,0.7860590936960997,-0.7839654088020325,-0.22477304273181492,2.9724246859550476,6.525363027773522
consumed,69#21,PC_OFF,LN,21,5,1,6,42,6,0.0025380710659898475,0.07943321976336735,1.1472375094890594,3.8079850056341717,1.1472375094890594,3.8079850056341717,0.021152108907699585,0.05344766165528979
consumed,69#21,PC_OFF,LN,22,5,2,0,42,0,0.0,,,3.503434927335807,,3.503434927335807,,0.17858080246618815
consumed,69#21,PC_OFF,LN,23,5,3,36,138,36,0.015228426395939087,-0.006649825540541804,1.3913987427949905,4.847643584660862,1.3913987427949905,4.847643584660862,0.34771095844917,0.46498925724755164
consumed,69#21,PC_OFF,LN,24,5,4,180,510,180,0.07614213197969544,0.017233296259134397,1.485658330967029,3.528146841513979,1.485658330967029,3.528146841513979,1.549954050111895,1.4305008725735688
consumed,69#21,PC_OFF,LN,25,5,5,102,774,102,0.04314720812182741,-0.002209844720329729,3.544952479903312,5.304690443780706,3.544952479903312,5.304690443780706,3.82363350233337,4.903055163241031
consumed,69#21,PC_OFF,CNN,1,1,1,336,72,72,0.030456852791878174,-0.12303660102394365,0.17859744196903193,0.11494633150626517,-0.13141786588468157,-0.05031408532522619,0.048292904813674147,0.04853960191394435
consumed,69#21,PC_OFF,CNN,2,1,2,474,66,66,0.027918781725888325,-0.13996118341324973,0.1484305377411538,0.17336612474173307,-0.05308319733675593,-0.05877317124131051,0.15309289917740324,0.1531708944398402
consumed,69#21,PC_OFF,CNN,3,1,3,894,276,276,0.116751269035533,-0.05484894295286479,0.13250166458037588,0.1480517183701285,-0.02833690477190668,-0.0915684051768672,0.4540403365853546,0.45775572314691404
consumed,69#21,PC_OFF,CNN,4,1,4,270,168,168,0.07106598984771574,-0.08072172172802429,0.15138151816338197,0.1512350123962928,-0.010168879500512654,0.0052450728341812336,1.082871949584094,1.2056559585954736
consumed,69#21,PC_OFF,CNN,5,1,5,6,204,6,0.0025380710659898475,-0.04762025961621078,0.04750629886984825,0.16017799388603582,0.04750629886984825,0.02778627078035189,2.685439322143793,5.426652994955314
consumed,69#21,PC_OFF,CNN,6,2,1,408,60,60,0.025380710659898477,-0.021296359891019426,0.39699808203423503,0.4123831388540566,-0.28938279593336014,-0.4123831388540566,0.04270967352204025,0.04634557843382936
consumed,69#21,PC_OFF,CNN,7,2,2,432,114,114,0.048223350253807105,0.006959162195635754,0.4019120578725253,0.39844368858949136,-0.20990992477487047,-0.22850469509629825,0.15809350085651708,0.15729813027734818
consumed,69#21,PC_OFF,CNN,8,2,3,684,228,228,0.09644670050761421,-0.10037057318903522,0.39117256805848066,0.4102311410120149,-0.13160543717860587,-0.22999277198074483,0.38695290295796886,0.4217292462723746
consumed,69#21,PC_OFF,CNN,9,2,4,306,180,180,0.07614213197969544,0.004163293815155946,0.39823341465043816,0.3959592929662904,-0.07063459743307356,-0.07994327432728217,1.0276002474357466,1.0195457318108916
consumed,69#21,PC_OFF,CNN,10,2,5,6,186,6,0.0025380710659898475,-0.007549500757295649,0.299453504383564,0.41947577910820744,-0.299453504383564,-0.22948600465033744,2.9503309801220894,5.480661173807382
consumed,69#21,PC_OFF,CNN,11,3,1,348,36,36,0.015228426395939087,0.009889862097985107,0.6122133856767724,0.6227099423607191,-0.5503253240844813,-0.6227099423607191,0.03311588155940689,0.0469671276708444
consumed,69#21,PC_OFF,CNN,12,3,2,318,66,66,0.027918781725888325,-0.038196085064696406,0.6062052956307834,0.6212312985550273,-0.5389955518240074,-0.6212312985550273,0.14995707452016058,0.13059617291119965
consumed,69#21,PC_OFF,CNN,13,3,3,360,120,120,0.050761421319796954,-0.14712777073938105,0.6016026096884162,0.6090715736150741,-0.3309868204252174,-0.4197945758700371,0.4765343181308708,0.415980149700772
consumed,69#21,PC_OFF,CNN,14,3,4,216,96,96,0.04060913705583756,-0.08897482038294574,0.6142902584752947,0.61530680290889,-0.05596668444923125,-0.21949513826984912,1.1532673848851118,1.215756221790798
consumed,69#21,PC_OFF,CNN,15,3,5,0,108,0,0.0,,,0.6202358630382352,,-0.397550902225905,,5.762653521158629
consumed,69#21,PC_OFF,CNN,16,4,1,1026,168,168,0.07106598984771574,-0.034879949909303154,0.7691282299701233,0.7811472854976144,-0.759432952045,-0.6505027570362601,0.02759348749243028,0.026725492041025842
consumed,69#21,PC_OFF,CNN,17,4,2,318,30,30,0.012690355329949238,-0.23742245307412876,0.7697196869917635,0.774324706196785,-0.6600299367927155,-0.774324706196785,0.14236056734368485,0.15877175629138945
consumed,69#21,PC_OFF,CNN,18,4,3,360,126,126,0.0532994923857868,-0.05592142351142165,0.7774668367579579,0.7780806084296533,-0.36112286280840633,-0.5151193664364871,0.4262014253724677,0.47212520610940245
consumed,69#21,PC_OFF,CNN,19,4,4,300,216,216,0.09137055837563451,-0.08635434873601783,0.8196234499011189,0.8193578586603204,0.018532329061999916,0.1996223379133476,1.150732947458746,1.31310570026148
consumed,69#21,PC_OFF,CNN,20,4,5,6,162,6,0.0025380710659898475,0.0595858626871682,0.7839654088020325,0.7860590936960997,-0.7839654088020325,-0.22477304273181492,2.9724246859550476,6.525363027773522
consumed,69#21,PC_OFF,CNN,21,5,1,6,42,6,0.0025380710659898475,0.09070717084907934,1.1472375094890594,3.8079850056341717,1.1472375094890594,3.8079850056341717,0.021152108907699585,0.05344766165528979
consumed,69#21,PC_OFF,CNN,22,5,2,0,42,0,0.0,,,3.503434927335807,,3.503434927335807,,0.17858080246618815
consumed,69#21,PC_OFF,CNN,23,5,3,36,138,36,0.015228426395939087,-0.002380485346387382,1.3913987427949905,4.847643584660862,1.3913987427949905,4.847643584660862,0.34771095844917,0.46498925724755164
consumed,69#21,PC_OFF,CNN,24,5,4,180,510,180,0.07614213197969544,-0.004052701561509902,1.485658330967029,3.528146841513979,1.485658330967029,3.528146841513979,1.549954050111895,1.4305008725735688
consumed,69#21,PC_OFF,CNN,25,5,5,102,774,102,0.04314720812182741,0.016140220711072895,3.544952479903312,5.304690443780706,3.544952479903312,5.304690443780706,3.82363350233337,4.903055163241031
consumed,70#1,PC_ON,LN,1,1,1,330,114,114,0.04318181818181818,0.011083335236404132,0.13332371989014394,0.0818553859441492,-0.08182956711392432,-0.02501768892091748,0.056090270901933595,0.061766930252289104
consumed,70#1,PC_ON,LN,2,1,2,450,150,150,0.056818181818181816,-0.018973026444422024,0.11987021415339162,0.10952364163007587,-0.035835403742579125,0.029455308457836508,0.23011525448353495,0.23557870318909407
consumed,70#1,PC_ON,LN,3,1,3,672,216,216,0.08181818181818182,-0.01882582165091959,0.11355053670260011,0.10779893403701458,-0.02855623744562763,-0.04106820432045626,0.5702055062963284,0.5847615118020459
consumed,70#1,PC_ON,LN,4,1,4,108,66,66,0.025,0.08912358853139649,0.11054674748205191,0.11648385829969564,0.03843174711720268,-0.04906973439607431,1.107392754225455,1.5845106256998738
consumed,70#1,PC_ON,LN,5,1,5,18,108,18,0.006818181818181818,-0.05099991044345846,0.13303801386306682,0.1329763809820482,0.07216529827564955,-0.025404283696035337,3.3657476029669247,5.035453842044161
consumed,70#1,PC_ON,LN,6,2,1,474,96,96,0.03636363636363636,0.004691144828231197,0.3355385252197945,0.31414402060909197,-0.2085562434277344,-0.25410593423293903,0.06310092745389981,0.06902468536281958
consumed,70#1,PC_ON,LN,7,2,2,564,168,168,0.06363636363636363,-0.02847850269806504,0.3461106906513723,0.33713518601975273,-0.1336652246152764,-0.19111396372318268,0.23873185312240433,0.24118236472090107
consumed,70#1,PC_ON,LN,8,2,3,570,120,120,0.045454545454545456,0.0038440638229979354,0.34021005171265356,0.35008702888189874,-0.018684430092597674,-0.11267427273523936,0.5691973303720405,0.5428665221032134
consumed,70#1,PC_ON,LN,9,2,4,204,168,168,0.06363636363636363,-0.013249919444258285,0.3504559594490702,0.3360855529151325,0.186422514522051,-0.05700727562153978,1.0530017459446646,1.3919786670511323
consumed,70#1,PC_ON,LN,10,2,5,6,240,6,0.0022727272727272726,-0.15625305099914832,0.3251030147075653,0.34698613387881777,-0.3251030147075653,-0.2566585950378794,3.0074373185634613,5.721925684000598
consumed,70#1,PC_ON,LN,11,3,1,420,126,126,0.04772727272727273,-0.024829234410609566,0.5935918148607016,0.5845636349348795,-0.5329159931944949,-0.42843741320428397,0.06448245524827922,0.07541073645864214
consumed,70#1,PC_ON,LN,12,3,2,540,204,204,0.07727272727272727,-0.01733649819460637,0.5633512892553376,0.5755183461656356,-0.4155209379788074,-0.4317629774005207,0.2208053665714235,0.23610541114227518
consumed,70#1,PC_ON,LN,13,3,3,300,90,90,0.03409090909090909,-0.0069882447668819245,0.5757930094189941,0.5700494237865011,-0.24088509408757092,-0.14517858245720466,0.5843359740872984,0.5642791486131803
consumed,70#1,PC_ON,LN,14,3,4,282,126,126,0.04772727272727273,-0.08226687169012155,0.58282479831077,0.585651756752105,-0.0647228839212751,-0.20721760250273205,1.2708111449164596,1.3390237550872068
consumed,70#1,PC_ON,LN,15,3,5,6,186,6,0.0022727272727272726,-0.046901346400998294,0.5168665423989296,0.5767627345217813,-0.5168665423989296,-0.34585337184609904,3.2864677384495735,5.2343056229574065
consumed,70#1,PC_ON,LN,16,4,1,1788,180,180,0.06818181818181818,-0.014578111724251795,0.7722911072157373,0.7603000263373058,-0.7397677262857456,-0.7072674701611201,0.03257204852248198,0.038230769957105316
consumed,70#1,PC_ON,LN,17,4,2,276,96,96,0.03636363636363636,-0.01674040436731405,0.7993764263456282,0.7636388841201551,-0.4234391313208186,-0.6749844026635401,0.2412019149278817,0.23269164719386026
consumed,70#1,PC_ON,LN,18,4,3,348,60,60,0.022727272727272728,-0.020200221806584224,0.811425251428616,0.8292095094919205,-0.2606558129271685,-0.09674817621707917,0.556589662203774,0.5154085343470797
consumed,70#1,PC_ON,LN,19,4,4,486,216,216,0.08181818181818182,-0.018209872034209765,0.8883822658223195,0.8527224102678398,0.3496211232270048,0.059179088876893125,1.3659703949975486,1.3640491904742602
consumed,70#1,PC_ON,LN,20,4,5,12,210,12,0.004545454545454545,-0.059838398992533355,0.7315200716257095,0.8459023035530533,-0.7315200716257095,0.06278961327459132,2.5818720497190952,6.300399430787989
consumed,70#1,PC_ON,LN,21,5,1,0,48,0,0.0,,,4.084416646510363,,4.084416646510363,,0.045930043153930455
consumed,70#1,PC_ON,LN,22,5,2,36,156,36,0.013636363636363636,-0.08119648570205187,1.8040343523025513,5.012068060155098,1.8040343523025513,5.012068060155098,0.25243440829217434,0.22951146444449058
consumed,70#1,PC_ON,LN,23,5,3,18,138,18,0.006818181818181818,-0.004603649082724034,1.4589770883321762,5.362196221299794,1.4589770883321762,5.362196221299794,0.6042497841020426,0.532795345896612
consumed,70#1,PC_ON,LN,24,5,4,168,342,168,0.06363636363636363,-0.019054868081064925,1.890684273493077,4.263982613873259,1.890684273493077,4.263982613873259,1.6404009386231857,1.5634237256946795
consumed,70#1,PC_ON,LN,25,5,5,180,846,180,0.06818181818181818,-0.0005768376371433834,3.536238010545882,5.632672008916287,3.536238010545882,5.632672008916287,3.7928408189065523,5.105321672328926
consumed,70#1,PC_ON,CNN,1,1,1,330,114,114,0.04318181818181818,-0.019678018496464004,0.13332371989014394,0.0818553859441492,-0.08182956711392432,-0.02501768892091748,0.056090270901933595,0.061766930252289104
consumed,70#1,PC_ON,CNN,2,1,2,450,150,150,0.056818181818181816,-0.018723319343940396,0.11987021415339162,0.10952364163007587,-0.035835403742579125,0.029455308457836508,0.23011525448353495,0.23557870318909407
consumed,70#1,PC_ON,CNN,3,1,3,672,216,216,0.08181818181818182,-0.040336803923982395,0.11355053670260011,0.10779893403701458,-0.02855623744562763,-0.04106820432045626,0.5702055062963284,0.5847615118020459
consumed,70#1,PC_ON,CNN,4,1,4,108,66,66,0.025,0.10777682523216608,0.11054674748205191,0.11648385829969564,0.03843174711720268,-0.04906973439607431,1.107392754225455,1.5845106256998738
consumed,70#1,PC_ON,CNN,5,1,5,18,108,18,0.006818181818181818,0.07260166452098389,0.13303801386306682,0.1329763809820482,0.07216529827564955,-0.025404283696035337,3.3657476029669247,5.035453842044161
consumed,70#1,PC_ON,CNN,6,2,1,474,96,96,0.03636363636363636,-0.06373903163222343,0.3355385252197945,0.31414402060909197,-0.2085562434277344,-0.25410593423293903,0.06310092745389981,0.06902468536281958
consumed,70#1,PC_ON,CNN,7,2,2,564,168,168,0.06363636363636363,-0.008151488439328752,0.3461106906513723,0.33713518601975273,-0.1336652246152764,-0.19111396372318268,0.23873185312240433,0.24118236472090107
consumed,70#1,PC_ON,CNN,8,2,3,570,120,120,0.045454545454545456,-0.013607981451320701,0.34021005171265356,0.35008702888189874,-0.018684430092597674,-0.11267427273523936,0.5691973303720405,0.5428665221032134
consumed,70#1,PC_ON,CNN,9,2,4,204,168,168,0.06363636363636363,-0.04692911138159264,0.3504559594490702,0.3360855529151325,0.186422514522051,-0.05700727562153978,1.0530017459446646,1.3919786670511323
consumed,70#1,PC_ON,CNN,10,2,5,6,240,6,0.0022727272727272726,-0.18834998802930325,0.3251030147075653,0.34698613387881777,-0.3251030147075653,-0.2566585950378794,3.0074373185634613,5.721925684000598
consumed,70#1,PC_ON,CNN,11,3,1,420,126,126,0.04772727272727273,-0.02070061414192583,0.5935918148607016,0.5845636349348795,-0.5329159931944949,-0.42843741320428397,0.06448245524827922,0.07541073645864214
consumed,70#1,PC_ON,CNN,12,3,2,540,204,204,0.07727272727272727,-0.023225276104815992,0.5633512892553376,0.5755183461656356,-0.4155209379788074,-0.4317629774005207,0.2208053665714235,0.23610541114227518
consumed,70#1,PC_ON,CNN,13,3,3,300,90,90,0.03409090909090909,0.03052423981980916,0.5757930094189941,0.5700494237865011,-0.24088509408757092,-0.14517858245720466,0.5843359740872984,0.5642791486131803
consumed,70#1,PC_ON,CNN,14,3,4,282,126,126,0.04772727272727273,-0.006245041239975829,0.58282479831077,0.585651756752105,-0.0647228839212751,-0.20721760250273205,1.2708111449164596,1.3390237550872068
consumed,70#1,PC_ON,CNN,15,3,5,6,186,6,0.0022727272727272726,0.2071772313290926,0.5168665423989296,0.5767627345217813,-0.5168665423989296,-0.34585337184609904,3.2864677384495735,5.2343056229574065
consumed,70#1,PC_ON,CNN,16,4,1,1788,180,180,0.06818181818181818,-0.11277096986335934,0.7722911072157373,0.7603000263373058,-0.7397677262857456,-0.7072674701611201,0.03257204852248198,0.038230769957105316
consumed,70#1,PC_ON,CNN,17,4,2,276,96,96,0.03636363636363636,0.024067136586790782,0.7993764263456282,0.7636388841201551,-0.4234391313208186,-0.6749844026635401,0.2412019149278817,0.23269164719386026
consumed,70#1,PC_ON,CNN,18,4,3,348,60,60,0.022727272727272728,-0.1776864789251595,0.811425251428616,0.8292095094919205,-0.2606558129271685,-0.09674817621707917,0.556589662203774,0.5154085343470797
consumed,70#1,PC_ON,CNN,19,4,4,486,216,216,0.08181818181818182,-0.046394028451941,0.8883822658223195,0.8527224102678398,0.3496211232270048,0.059179088876893125,1.3659703949975486,1.3640491904742602
consumed,70#1,PC_ON,CNN,20,4,5,12,210,12,0.004545454545454545,-0.43135880017880085,0.7315200716257095,0.8459023035530533,-0.7315200716257095,0.06278961327459132,2.5818720497190952,6.300399430787989
consumed,70#1,PC_ON,CNN,21,5,1,0,48,0,0.0,,,4.084416646510363,,4.084416646510363,,0.045930043153930455
consumed,70#1,PC_ON,CNN,22,5,2,36,156,36,0.013636363636363636,0.13516405432922002,1.8040343523025513,5.012068060155098,1.8040343523025513,5.012068060155098,0.25243440829217434,0.22951146444449058
consumed,70#1,PC_ON,CNN,23,5,3,18,138,18,0.006818181818181818,0.05222721841619314,1.4589770883321762,5.362196221299794,1.4589770883321762,5.362196221299794,0.6042497841020426,0.532795345896612
consumed,70#1,PC_ON,CNN,24,5,4,168,342,168,0.06363636363636363,0.011301201202075197,1.890684273493077,4.263982613873259,1.890684273493077,4.263982613873259,1.6404009386231857,1.5634237256946795
consumed,70#1,PC_ON,CNN,25,5,5,180,846,180,0.06818181818181818,-0.0511407714088502,3.536238010545882,5.632672008916287,3.536238010545882,5.632672008916287,3.7928408189065523,5.105321672328926
consumed,70#7,PC_ON,LN,1,1,1,392,112,112,0.02952029520295203,-0.010338532781706319,0.10415033665568833,0.15047669082802412,-0.07307332655875055,-0.0818785216154841,0.05395750688053557,0.055759715406262934
consumed,70#7,PC_ON,LN,2,1,2,483,154,154,0.04059040590405904,-0.03573591073837146,0.1177795200281358,0.14303152196313906,-0.07499332784321878,-0.1301379145747474,0.18223177737405677,0.1813334836712756
consumed,70#7,PC_ON,LN,3,1,3,525,273,273,0.07195571955719557,-0.02671188997836778,0.1142629691803207,0.1269032290030239,-0.02855249338990284,-0.01703390338991442,0.4002153430568675,0.4115546675812867
consumed,70#7,PC_ON,LN,4,1,4,455,280,280,0.07380073800738007,-0.018628726362018247,0.12551267161153448,0.12652192185923922,0.025794911661591282,-0.02463370108259065,0.817950835210295,0.9315783739778756
consumed,70#7,PC_ON,LN,5,1,5,21,238,21,0.005535055350553505,0.010699449109906362,0.1612291152899464,0.12567788566572263,-0.1612291152899464,-0.009998207386838747,2.1833355111173463,4.843189996927428
consumed,70#7,PC_ON,LN,6,2,1,455,119,119,0.03136531365313653,-0.024621523640948512,0.36385394734067794,0.37698164092851605,-0.3022911916176478,-0.27092855080377826,0.05507971603327836,0.06048039193539059
consumed,70#7,PC_ON,LN,7,2,2,462,175,175,0.046125461254612546,-0.026542516066949438,0.36385875539571944,0.3782100445777178,-0.2640240821761615,-0.284060628687342,0.1605843674212769,0.1722615354756514
consumed,70#7,PC_ON,LN,8,2,3,574,252,252,0.06642066420664207,-0.026039919479865902,0.3520292337033594,0.35813438297352856,-0.13934581510048752,-0.21643498800350006,0.38859531255931085,0.4142109724192845
consumed,70#7,PC_ON,LN,9,2,4,322,280,280,0.07380073800738007,-0.004360616194802246,0.3591506313768796,0.35360850324602017,-0.0796796345806586,-0.02777527509509431,0.8675384315395511,0.9648614674117802
consumed,70#7,PC_ON,LN,10,2,5,35,280,35,0.00922509225092251,-0.04518836300382305,0.3921418964862823,0.37598746909449493,-0.3921418964862823,-0.09268246286859115,2.052797387043635,4.575980695957939
consumed,70#7,PC_ON,LN,11,3,1,266,147,147,0.03874538745387454,0.0003837335773368292,0.5730052070136655,0.5807532299132573,-0.4814177320191735,-0.5807532299132573,0.05136820562837417,0.03777357935905455
consumed,70#7,PC_ON,LN,12,3,2,301,140,140,0.03690036900369004,0.0240587801638492,0.5640879541982052,0.5700548596680163,-0.460297384523144,-0.5161715385814507,0.1694562589359838,0.17276400538782274
consumed,70#7,PC_ON,LN,13,3,3,252,84,84,0.02214022140221402,0.019444611090819616,0.5501271593901845,0.5648627391395469,-0.19413081004663746,-0.20283459680568838,0.39582540323371407,0.3560154068076776
consumed,70#7,PC_ON,LN,14,3,4,294,224,224,0.05904059040590406,-0.03071404377726262,0.5643361013323541,0.5554642941181858,-0.23811141165002941,-0.14475790442277983,0.9589305760908042,1.014671100791626
consumed,70#7,PC_ON,LN,15,3,5,14,189,14,0.0036900369003690036,-0.011453722884034501,0.5607564548651376,0.578043970984355,-0.5607564548651376,-0.24460051990226256,2.2864286502202344,4.918660474040712
consumed,70#7,PC_ON,LN,16,4,1,1064,371,371,0.09778597785977859,-0.015771931457447458,0.7597562786387769,0.7671406167858051,-0.7306678057893327,-0.7671406167858051,0.035142576354637474,0.03382243675255925
consumed,70#7,PC_ON,LN,17,4,2,392,84,84,0.02214022140221402,0.007617465272688761,0.7254410430434205,0.7396105892128415,-0.6460111412618842,-0.7396105892128415,0.15990995048057463,0.17043302704890562
consumed,70#7,PC_ON,LN,18,4,3,329,210,210,0.055350553505535055,0.0002670041265021867,0.7662780557541137,0.7566671364837223,-0.31842639070030637,-0.6248100181420644,0.4011875015752826,0.4102992352770848
consumed,70#7,PC_ON,LN,19,4,4,504,329,329,0.08671586715867159,-0.02948147765576051,0.7793109470598951,0.8162543745381189,-0.06808888044691198,0.1463100104097356,1.0346993263778534,1.0716233671302675
consumed,70#7,PC_ON,LN,20,4,5,35,420,35,0.00922509225092251,-0.0990175344794643,0.7786896546681721,0.7893462820599475,-0.4264733711878459,-0.13373127078844438,2.3917698780695598,4.941247601682941
consumed,70#7,PC_ON,LN,21,5,1,0,77,0,0.0,,,4.049702528751257,,4.049702528751257,,0.03465206334085162
consumed,70#7,PC_ON,LN,22,5,2,14,77,14,0.0036900369003690036,-0.03329397971838369,1.118526478608449,4.72185547243465,1.118526478608449,4.72185547243465,0.2309868137041728,0.14980466257442113
consumed,70#7,PC_ON,LN,23,5,3,56,126,56,0.014760147601476014,-0.01724341203194524,1.278407031049331,4.247920334339142,1.278407031049331,4.247920334339142,0.4558552484959364,0.39803643359078306
consumed,70#7,PC_ON,LN,24,5,4,126,560,126,0.033210332103321034,0.00017189097598000077,1.5182279748497183,4.349364997322361,1.5182279748497183,4.349364997322361,1.1946215025942635,1.1292793237604202
consumed,70#7,PC_ON,LN,25,5,5,259,1715,259,0.06826568265682657,0.006782983055299041,2.5440754034631956,4.812241092010014,2.5440754034631956,4.812241092010014,2.8962528759315775,4.228834958533522
consumed,70#7,PC_ON,CNN,1,1,1,392,112,112,0.02952029520295203,-0.07030133862670254,0.10415033665568833,0.15047669082802412,-0.07307332655875055,-0.0818785216154841,0.05395750688053557,0.055759715406262934
consumed,70#7,PC_ON,CNN,2,1,2,483,154,154,0.04059040590405904,-0.07760798813468263,0.1177795200281358,0.14303152196313906,-0.07499332784321878,-0.1301379145747474,0.18223177737405677,0.1813334836712756
consumed,70#7,PC_ON,CNN,3,1,3,525,273,273,0.07195571955719557,-0.051959948854276995,0.1142629691803207,0.1269032290030239,-0.02855249338990284,-0.01703390338991442,0.4002153430568675,0.4115546675812867
consumed,70#7,PC_ON,CNN,4,1,4,455,280,280,0.07380073800738007,-0.046090868884220496,0.12551267161153448,0.12652192185923922,0.025794911661591282,-0.02463370108259065,0.817950835210295,0.9315783739778756
consumed,70#7,PC_ON,CNN,5,1,5,21,238,21,0.005535055350553505,-0.0031384020838865125,0.1612291152899464,0.12567788566572263,-0.1612291152899464,-0.009998207386838747,2.1833355111173463,4.843189996927428
consumed,70#7,PC_ON,CNN,6,2,1,455,119,119,0.03136531365313653,-0.07540030510228996,0.36385394734067794,0.37698164092851605,-0.3022911916176478,-0.27092855080377826,0.05507971603327836,0.06048039193539059
consumed,70#7,PC_ON,CNN,7,2,2,462,175,175,0.046125461254612546,-0.016608369363713228,0.36385875539571944,0.3782100445777178,-0.2640240821761615,-0.284060628687342,0.1605843674212769,0.1722615354756514
consumed,70#7,PC_ON,CNN,8,2,3,574,252,252,0.06642066420664207,-0.021252431055219286,0.3520292337033594,0.35813438297352856,-0.13934581510048752,-0.21643498800350006,0.38859531255931085,0.4142109724192845
consumed,70#7,PC_ON,CNN,9,2,4,322,280,280,0.07380073800738007,-0.06292036744599543,0.3591506313768796,0.35360850324602017,-0.0796796345806586,-0.02777527509509431,0.8675384315395511,0.9648614674117802
consumed,70#7,PC_ON,CNN,10,2,5,35,280,35,0.00922509225092251,-0.0442426881286535,0.3921418964862823,0.37598746909449493,-0.3921418964862823,-0.09268246286859115,2.052797387043635,4.575980695957939
consumed,70#7,PC_ON,CNN,11,3,1,266,147,147,0.03874538745387454,-0.04423238191148537,0.5730052070136655,0.5807532299132573,-0.4814177320191735,-0.5807532299132573,0.05136820562837417,0.03777357935905455
consumed,70#7,PC_ON,CNN,12,3,2,301,140,140,0.03690036900369004,-0.0350254681308952,0.5640879541982052,0.5700548596680163,-0.460297384523144,-0.5161715385814507,0.1694562589359838,0.17276400538782274
consumed,70#7,PC_ON,CNN,13,3,3,252,84,84,0.02214022140221402,-0.0566776563535165,0.5501271593901845,0.5648627391395469,-0.19413081004663746,-0.20283459680568838,0.39582540323371407,0.3560154068076776
consumed,70#7,PC_ON,CNN,14,3,4,294,224,224,0.05904059040590406,-0.054142585069214516,0.5643361013323541,0.5554642941181858,-0.23811141165002941,-0.14475790442277983,0.9589305760908042,1.014671100791626
consumed,70#7,PC_ON,CNN,15,3,5,14,189,14,0.0036900369003690036,-0.03650528973626761,0.5607564548651376,0.578043970984355,-0.5607564548651376,-0.24460051990226256,2.2864286502202344,4.918660474040712
consumed,70#7,PC_ON,CNN,16,4,1,1064,371,371,0.09778597785977859,-0.08876875121862153,0.7597562786387769,0.7671406167858051,-0.7306678057893327,-0.7671406167858051,0.035142576354637474,0.03382243675255925
consumed,70#7,PC_ON,CNN,17,4,2,392,84,84,0.02214022140221402,-0.0564790590807039,0.7254410430434205,0.7396105892128415,-0.6460111412618842,-0.7396105892128415,0.15990995048057463,0.17043302704890562
consumed,70#7,PC_ON,CNN,18,4,3,329,210,210,0.055350553505535055,-0.04640267050335141,0.7662780557541137,0.7566671364837223,-0.31842639070030637,-0.6248100181420644,0.4011875015752826,0.4102992352770848
consumed,70#7,PC_ON,CNN,19,4,4,504,329,329,0.08671586715867159,-0.04678796446769351,0.7793109470598951,0.8162543745381189,-0.06808888044691198,0.1463100104097356,1.0346993263778534,1.0716233671302675
consumed,70#7,PC_ON,CNN,20,4,5,35,420,35,0.00922509225092251,-0.08609410024847612,0.7786896546681721,0.7893462820599475,-0.4264733711878459,-0.13373127078844438,2.3917698780695598,4.941247601682941
consumed,70#7,PC_ON,CNN,21,5,1,0,77,0,0.0,,,4.049702528751257,,4.049702528751257,,0.03465206334085162
consumed,70#7,PC_ON,CNN,22,5,2,14,77,14,0.0036900369003690036,0.04585314456773276,1.118526478608449,4.72185547243465,1.118526478608449,4.72185547243465,0.2309868137041728,0.14980466257442113
consumed,70#7,PC_ON,CNN,23,5,3,56,126,56,0.014760147601476014,0.036738500509904855,1.278407031049331,4.247920334339142,1.278407031049331,4.247920334339142,0.4558552484959364,0.39803643359078306
consumed,70#7,PC_ON,CNN,24,5,4,126,560,126,0.033210332103321034,-0.03206784572062581,1.5182279748497183,4.349364997322361,1.5182279748497183,4.349364997322361,1.1946215025942635,1.1292793237604202
consumed,70#7,PC_ON,CNN,25,5,5,259,1715,259,0.06826568265682657,0.03965443701533639,2.5440754034631956,4.812241092010014,2.5440754034631956,4.812241092010014,2.8962528759315775,4.228834958533522
consumed,70#15,PC_ON,LN,1,1,1,156,60,60,0.02145922746781116,0.013274882183484535,0.09284304444120678,0.08966466255369596,-0.026293714279465627,-0.0427298890252132,0.04577562069943479,0.059655147761804986
consumed,70#15,PC_ON,LN,2,1,2,282,132,132,0.04721030042918455,-0.022614617039142415,0.10929915502276073,0.1017344933689773,-0.030987645270292984,-0.0044033982697080564,0.18735369626417794,0.18789173343115675
consumed,70#15,PC_ON,LN,3,1,3,390,288,288,0.10300429184549356,-0.021243758486772873,0.10103266989328684,0.10604236005747225,-0.018684827460226816,-0.02636871981182291,0.48482461277341754,0.4868299751591015
consumed,70#15,PC_ON,LN,4,1,4,54,96,54,0.019313304721030045,-0.024941969699352307,0.09629001752990815,0.08566802142377128,0.0135728659418722,0.012856174220360117,0.9960391653391222,1.1299448129539087
consumed,70#15,PC_ON,LN,5,1,5,12,126,12,0.004291845493562232,0.08375002809480853,0.06516058393754065,0.11246089547196225,-0.04760961304418743,-0.025189441642613105,2.447869599564001,5.508632928900798
consumed,70#15,PC_ON,LN,6,2,1,420,186,186,0.06652360515021459,-0.019910352158372478,0.3250451153925886,0.31048282172020164,-0.20659821360937453,-0.2688182551158412,0.04789858499009694,0.06101296534912
consumed,70#15,PC_ON,LN,7,2,2,420,246,246,0.08798283261802575,-0.03927313440757524,0.32815051944463836,0.3249167507945946,-0.21386570635581198,-0.13242447336499646,0.17846525422610285,0.19928743139409075
consumed,70#15,PC_ON,LN,8,2,3,420,270,270,0.09656652360515021,-0.027955389114743375,0.3251059423051109,0.30920080573608477,-0.08120483098651415,-0.05983574583919512,0.45760925475832276,0.48095297622300376
consumed,70#15,PC_ON,LN,9,2,4,114,168,114,0.0407725321888412,0.008237050843691777,0.3219049639117561,0.31113966826316236,0.032818078455564226,-0.23026874429446512,0.9773766932469842,1.4285929496982135
consumed,70#15,PC_ON,LN,10,2,5,0,258,0,0.0,,,0.30496255791377885,,-0.17696208851195352,,5.794542445411342
consumed,70#15,PC_ON,LN,11,3,1,150,228,150,0.0536480686695279,-0.02324781059354608,0.538883643001318,0.5694750304775018,-0.538883643001318,-0.5383454842100802,0.040370054990053174,0.04460896540580219
consumed,70#15,PC_ON,LN,12,3,2,246,138,138,0.04935622317596566,-0.01125725942893973,0.5339223939880002,0.5323999292500641,-0.5086646768060036,-0.49163546656136925,0.1888444631065174,0.19972573662095744
consumed,70#15,PC_ON,LN,13,3,3,234,204,204,0.07296137339055794,-0.0233734711260287,0.5383234154433012,0.5369807297418661,-0.2894199059273188,-0.22402064658372717,0.4875071876262015,0.4720635992450886
consumed,70#15,PC_ON,LN,14,3,4,96,222,96,0.034334763948497854,0.019566850025390457,0.5545926412160043,0.5555665079831473,-0.34873504829010926,0.032516697534938924,1.1358541136469285,1.1309287910167964
consumed,70#15,PC_ON,LN,15,3,5,0,150,0,0.0,,,0.5567158631980419,,-0.14942243382334708,,4.588486487418413
consumed,70#15,PC_ON,LN,16,4,1,420,192,192,0.06866952789699571,-0.03319045413271222,0.7616629138588905,0.7731285658665001,-0.7616629138588905,-0.7157422327436507,0.031063799666506905,0.02690573548898101
consumed,70#15,PC_ON,LN,17,4,2,186,132,132,0.04721030042918455,-0.0031301088950324513,0.7372748762849839,0.7440189184112982,-0.6939982817538323,-0.7440189184112982,0.1858999347013812,0.18225834163075144
consumed,70#15,PC_ON,LN,18,4,3,282,156,156,0.055793991416309016,-0.03246466292839573,0.7615082780731485,0.7492533091169137,-0.3247303173263022,-0.5437886365331136,0.48000215022686,0.5490099586940442
consumed,70#15,PC_ON,LN,19,4,4,174,312,174,0.06223175965665236,0.0008203024263561726,0.8119980815219981,0.8223313338015802,-0.1339063578574308,0.1759638134211015,1.0861671905531067,1.3062058755077977
consumed,70#15,PC_ON,LN,20,4,5,0,174,0,0.0,,,0.7638746196532558,,-0.4199090441046604,,6.070456206316835
consumed,70#15,PC_ON,LN,21,5,1,0,54,0,0.0,,,4.475103658106592,,4.475103658106592,,0.0625942846139272
consumed,70#15,PC_ON,LN,22,5,2,0,114,0,0.0,,,4.843497773534374,,4.843497773534374,,0.1897317773025287
consumed,70#15,PC_ON,LN,23,5,3,12,132,12,0.004291845493562232,0.16902104473468682,1.134002149105072,4.489321225746111,1.134002149105072,4.489321225746111,0.5750535279512405,0.5004706878045743
consumed,70#15,PC_ON,LN,24,5,4,72,402,72,0.02575107296137339,-0.004617794395520625,1.5326334645360475,4.100887752819195,1.5326334645360475,4.100887752819195,1.407434533063982,1.3958507759718974
consumed,70#15,PC_ON,LN,25,5,5,108,1278,108,0.03862660944206009,0.022880359435890653,3.29783788540711,5.025790855292878,3.29783788540711,5.025790855292878,3.6610744451888118,4.340840624353494
consumed,70#15,PC_ON,CNN,1,1,1,156,60,60,0.02145922746781116,0.02740287963174333,0.09284304444120678,0.08966466255369596,-0.026293714279465627,-0.0427298890252132,0.04577562069943479,0.059655147761804986
consumed,70#15,PC_ON,CNN,2,1,2,282,132,132,0.04721030042918455,-0.017133980735002448,0.10929915502276073,0.1017344933689773,-0.030987645270292984,-0.0044033982697080564,0.18735369626417794,0.18789173343115675
consumed,70#15,PC_ON,CNN,3,1,3,390,288,288,0.10300429184549356,-0.07490093343904723,0.10103266989328684,0.10604236005747225,-0.018684827460226816,-0.02636871981182291,0.48482461277341754,0.4868299751591015
consumed,70#15,PC_ON,CNN,4,1,4,54,96,54,0.019313304721030045,-0.02092594567505112,0.09629001752990815,0.08566802142377128,0.0135728659418722,0.012856174220360117,0.9960391653391222,1.1299448129539087
consumed,70#15,PC_ON,CNN,5,1,5,12,126,12,0.004291845493562232,-0.14798299244949195,0.06516058393754065,0.11246089547196225,-0.04760961304418743,-0.025189441642613105,2.447869599564001,5.508632928900798
consumed,70#15,PC_ON,CNN,6,2,1,420,186,186,0.06652360515021459,0.024006956846842686,0.3250451153925886,0.31048282172020164,-0.20659821360937453,-0.2688182551158412,0.04789858499009694,0.06101296534912
consumed,70#15,PC_ON,CNN,7,2,2,420,246,246,0.08798283261802575,0.010963210505551158,0.32815051944463836,0.3249167507945946,-0.21386570635581198,-0.13242447336499646,0.17846525422610285,0.19928743139409075
consumed,70#15,PC_ON,CNN,8,2,3,420,270,270,0.09656652360515021,-0.012240247601211118,0.3251059423051109,0.30920080573608477,-0.08120483098651415,-0.05983574583919512,0.45760925475832276,0.48095297622300376
consumed,70#15,PC_ON,CNN,9,2,4,114,168,114,0.0407725321888412,-0.053705385296040145,0.3219049639117561,0.31113966826316236,0.032818078455564226,-0.23026874429446512,0.9773766932469842,1.4285929496982135
consumed,70#15,PC_ON,CNN,10,2,5,0,258,0,0.0,,,0.30496255791377885,,-0.17696208851195352,,5.794542445411342
consumed,70#15,PC_ON,CNN,11,3,1,150,228,150,0.0536480686695279,0.001906062377183374,0.538883643001318,0.5694750304775018,-0.538883643001318,-0.5383454842100802,0.040370054990053174,0.04460896540580219
consumed,70#15,PC_ON,CNN,12,3,2,246,138,138,0.04935622317596566,-0.08553445280018034,0.5339223939880002,0.5323999292500641,-0.5086646768060036,-0.49163546656136925,0.1888444631065174,0.19972573662095744
consumed,70#15,PC_ON,CNN,13,3,3,234,204,204,0.07296137339055794,-0.01846681997234378,0.5383234154433012,0.5369807297418661,-0.2894199059273188,-0.22402064658372717,0.4875071876262015,0.4720635992450886
consumed,70#15,PC_ON,CNN,14,3,4,96,222,96,0.034334763948497854,0.033424390179086244,0.5545926412160043,0.5555665079831473,-0.34873504829010926,0.032516697534938924,1.1358541136469285,1.1309287910167964
consumed,70#15,PC_ON,CNN,15,3,5,0,150,0,0.0,,,0.5567158631980419,,-0.14942243382334708,,4.588486487418413
consumed,70#15,PC_ON,CNN,16,4,1,420,192,192,0.06866952789699571,-0.05149303518995365,0.7616629138588905,0.7731285658665001,-0.7616629138588905,-0.7157422327436507,0.031063799666506905,0.02690573548898101
consumed,70#15,PC_ON,CNN,17,4,2,186,132,132,0.04721030042918455,-0.01303031413225458,0.7372748762849839,0.7440189184112982,-0.6939982817538323,-0.7440189184112982,0.1858999347013812,0.18225834163075144
consumed,70#15,PC_ON,CNN,18,4,3,282,156,156,0.055793991416309016,-0.07039870276687077,0.7615082780731485,0.7492533091169137,-0.3247303173263022,-0.5437886365331136,0.48000215022686,0.5490099586940442
consumed,70#15,PC_ON,CNN,19,4,4,174,312,174,0.06223175965665236,-0.04648466306594774,0.8119980815219981,0.8223313338015802,-0.1339063578574308,0.1759638134211015,1.0861671905531067,1.3062058755077977
consumed,70#15,PC_ON,CNN,20,4,5,0,174,0,0.0,,,0.7638746196532558,,-0.4199090441046604,,6.070456206316835
consumed,70#15,PC_ON,CNN,21,5,1,0,54,0,0.0,,,4.475103658106592,,4.475103658106592,,0.0625942846139272
consumed,70#15,PC_ON,CNN,22,5,2,0,114,0,0.0,,,4.843497773534374,,4.843497773534374,,0.1897317773025287
consumed,70#15,PC_ON,CNN,23,5,3,12,132,12,0.004291845493562232,-0.1206434242720709,1.134002149105072,4.489321225746111,1.134002149105072,4.489321225746111,0.5750535279512405,0.5004706878045743
consumed,70#15,PC_ON,CNN,24,5,4,72,402,72,0.02575107296137339,0.01600781707325483,1.5326334645360475,4.100887752819195,1.5326334645360475,4.100887752819195,1.407434533063982,1.3958507759718974
consumed,70#15,PC_ON,CNN,25,5,5,108,1278,108,0.03862660944206009,0.020900859067441612,3.29783788540711,5.025790855292878,3.29783788540711,5.025790855292878,3.6610744451888118,4.340840624353494
consumed,70#34,MC_ON,LN,1,1,1,371,126,126,0.03614457831325301,-0.0036528558820204116,0.1169971782224106,0.1441900354661306,-0.0752749134845134,-0.03858142118751674,0.04619941609330742,0.06453795572348892
consumed,70#34,MC_ON,LN,2,1,2,280,154,154,0.04417670682730924,-0.051132712229425316,0.10797542323942418,0.12145217290857215,-0.0636638217200512,-0.008285794558902153,0.16141911729801822,0.15281208357215698
consumed,70#34,MC_ON,LN,3,1,3,490,273,273,0.0783132530120482,-0.020780550396789367,0.1132763372395243,0.12419396954521295,-0.033662949290681046,-0.005271823463216861,0.36511065777064816,0.3881806347550095
consumed,70#34,MC_ON,LN,4,1,4,301,266,266,0.07630522088353414,-0.04897446103347391,0.10732439822806775,0.10419238219182998,0.010311138455856428,-0.02467092128563526,0.7114717911930861,0.7868315013804031
consumed,70#34,MC_ON,LN,5,1,5,21,224,21,0.006024096385542169,-0.012449856789774588,0.045643043676109024,0.10143254736431118,0.030892181238441757,-0.03444014171178754,1.9332850461430624,3.9568124170164083
consumed,70#34,MC_ON,LN,6,2,1,448,147,147,0.04216867469879518,-0.021088684570705184,0.3234948555857707,0.3343826523247211,-0.2551000656956769,-0.2029476683527368,0.05194191751525068,0.051756885844621466
consumed,70#34,MC_ON,LN,7,2,2,448,238,238,0.06827309236947791,-0.03896725444336468,0.344109167347514,0.340771855745355,-0.2626563199155498,-0.114734148309083,0.16072988364093857,0.1756026482875372
consumed,70#34,MC_ON,LN,8,2,3,420,259,259,0.07429718875502007,-0.052395691972494406,0.33899058777191604,0.33771320449615116,-0.10808184404943887,-0.14652761717925322,0.37008970056697515,0.36622647669438635
consumed,70#34,MC_ON,LN,9,2,4,259,301,259,0.07429718875502007,-0.05787596320101685,0.3487568822439362,0.32544893296888344,0.011137089123137083,-0.0020034859197147247,0.7697429947894872,0.8586713912894105
consumed,70#34,MC_ON,LN,10,2,5,7,371,7,0.002008032128514056,-0.11665711296475482,0.29633113818073825,0.3374255448759503,-0.29633113818073825,-0.11143278479628028,1.3699055711146106,4.370140434412316
consumed,70#34,MC_ON,LN,11,3,1,301,147,147,0.04216867469879518,-0.015004961864293034,0.5477095348671882,0.5612509250640869,-0.42067408328875905,-0.5612509250640869,0.04902826232370973,0.0492182494628997
consumed,70#34,MC_ON,LN,12,3,2,168,119,119,0.03413654618473896,-0.039912396020952784,0.5551952940454199,0.5317024932825628,-0.46928984333873924,-0.46003578029533115,0.14418802042597567,0.16393359481571199
consumed,70#34,MC_ON,LN,13,3,3,245,133,133,0.03815261044176707,-0.029276871125649424,0.5567921031532543,0.5401040555499315,-0.28284619412590545,-0.3730750266132814,0.3666991065463993,0.3522310403577258
consumed,70#34,MC_ON,LN,14,3,4,196,161,161,0.04618473895582329,0.0015218179497075378,0.5529620823852548,0.5539183670456113,-0.09213167026657128,0.12060841949649248,0.8754963522713461,0.8219070995664556
consumed,70#34,MC_ON,LN,15,3,5,14,168,14,0.004016064257028112,-0.14688694332324823,0.5565517991781234,0.544010767473303,0.06852314282547337,-0.45338313446634193,1.9318612854589114,3.884298740035968
consumed,70#34,MC_ON,LN,16,4,1,399,413,399,0.1144578313253012,-0.05849728325217727,0.7528807696339748,0.7594555721945417,-0.7304739890927582,-0.6529195116788368,0.029647052256120122,0.03192869630299265
consumed,70#34,MC_ON,LN,17,4,2,168,119,119,0.03413654618473896,-0.01933081525873382,0.727363346426776,0.7137057110268803,-0.727363346426776,-0.7137057110268803,0.15691933919195877,0.15135349899052303
consumed,70#34,MC_ON,LN,18,4,3,126,161,126,0.03614457831325301,-0.07211465005456696,0.757300750314813,0.74759615832579,-0.5038622760806571,-0.6003490766664975,0.3940729586689174,0.38122711341695587
consumed,70#34,MC_ON,LN,19,4,4,245,294,245,0.07028112449799197,-0.0031646530809016186,0.7597825905912884,0.7402392185678165,-0.32021462598017286,-0.023960997422076608,0.741720661761726,0.9319081033035223
consumed,70#34,MC_ON,LN,20,4,5,35,434,35,0.010040160642570281,-0.11948908198144334,0.7513565399430014,0.7481625862320601,-0.4665870460596951,-0.2674870754956047,1.7874311040748248,3.998958895157386
consumed,70#34,MC_ON,LN,21,5,1,0,105,0,0.0,,,4.504200827352928,,4.504200827352928,,0.04934086149389092
consumed,70#34,MC_ON,LN,22,5,2,0,147,0,0.0,,,4.0155741515936265,,4.0155741515936265,,0.15981550682416726
consumed,70#34,MC_ON,LN,23,5,3,7,147,7,0.002008032128514056,-0.03647999869738905,0.9306195540861653,4.078420608256061,0.9306195540861653,4.078420608256061,0.32647929069670784,0.41008486964707624
consumed,70#34,MC_ON,LN,24,5,4,84,441,84,0.024096385542168676,0.11315919919905493,1.1493796308976458,3.4144436939052354,1.1493796308976458,3.4144436939052354,0.9403472446107172,0.922748211231422
consumed,70#34,MC_ON,LN,25,5,5,147,1967,147,0.04216867469879518,-0.03165742992988973,2.4930882026074515,4.69880778553016,2.4930882026074515,4.69880778553016,2.7676108307688945,3.8994494300779947
consumed,70#34,MC_ON,CNN,1,1,1,371,126,126,0.03614457831325301,-0.03212525041054108,0.1169971782224106,0.1441900354661306,-0.0752749134845134,-0.03858142118751674,0.04619941609330742,0.06453795572348892
consumed,70#34,MC_ON,CNN,2,1,2,280,154,154,0.04417670682730924,0.023338527371568114,0.10797542323942418,0.12145217290857215,-0.0636638217200512,-0.008285794558902153,0.16141911729801822,0.15281208357215698
consumed,70#34,MC_ON,CNN,3,1,3,490,273,273,0.0783132530120482,-0.12581918581741627,0.1132763372395243,0.12419396954521295,-0.033662949290681046,-0.005271823463216861,0.36511065777064816,0.3881806347550095
consumed,70#34,MC_ON,CNN,4,1,4,301,266,266,0.07630522088353414,-0.1325558509584566,0.10732439822806775,0.10419238219182998,0.010311138455856428,-0.02467092128563526,0.7114717911930861,0.7868315013804031
consumed,70#34,MC_ON,CNN,5,1,5,21,224,21,0.006024096385542169,-0.33467233553184556,0.045643043676109024,0.10143254736431118,0.030892181238441757,-0.03444014171178754,1.9332850461430624,3.9568124170164083
consumed,70#34,MC_ON,CNN,6,2,1,448,147,147,0.04216867469879518,0.0017083970790369996,0.3234948555857707,0.3343826523247211,-0.2551000656956769,-0.2029476683527368,0.05194191751525068,0.051756885844621466
consumed,70#34,MC_ON,CNN,7,2,2,448,238,238,0.06827309236947791,-0.18355402912139795,0.344109167347514,0.340771855745355,-0.2626563199155498,-0.114734148309083,0.16072988364093857,0.1756026482875372
consumed,70#34,MC_ON,CNN,8,2,3,420,259,259,0.07429718875502007,-0.03332216270887242,0.33899058777191604,0.33771320449615116,-0.10808184404943887,-0.14652761717925322,0.37008970056697515,0.36622647669438635
consumed,70#34,MC_ON,CNN,9,2,4,259,301,259,0.07429718875502007,-0.1008110813113279,0.3487568822439362,0.32544893296888344,0.011137089123137083,-0.0020034859197147247,0.7697429947894872,0.8586713912894105
consumed,70#34,MC_ON,CNN,10,2,5,7,371,7,0.002008032128514056,-0.41485518623457607,0.29633113818073825,0.3374255448759503,-0.29633113818073825,-0.11143278479628028,1.3699055711146106,4.370140434412316
consumed,70#34,MC_ON,CNN,11,3,1,301,147,147,0.04216867469879518,-0.08885450599465108,0.5477095348671882,0.5612509250640869,-0.42067408328875905,-0.5612509250640869,0.04902826232370973,0.0492182494628997
consumed,70#34,MC_ON,CNN,12,3,2,168,119,119,0.03413654618473896,-0.17244882264907224,0.5551952940454199,0.5317024932825628,-0.46928984333873924,-0.46003578029533115,0.14418802042597567,0.16393359481571199
consumed,70#34,MC_ON,CNN,13,3,3,245,133,133,0.03815261044176707,-0.18221982205576462,0.5567921031532543,0.5401040555499315,-0.28284619412590545,-0.3730750266132814,0.3666991065463993,0.3522310403577258
consumed,70#34,MC_ON,CNN,14,3,4,196,161,161,0.04618473895582329,-0.19490450963168585,0.5529620823852548,0.5539183670456113,-0.09213167026657128,0.12060841949649248,0.8754963522713461,0.8219070995664556
consumed,70#34,MC_ON,CNN,15,3,5,14,168,14,0.004016064257028112,-0.1081081612065291,0.5565517991781234,0.544010767473303,0.06852314282547337,-0.45338313446634193,1.9318612854589114,3.884298740035968
consumed,70#34,MC_ON,CNN,16,4,1,399,413,399,0.1144578313253012,-0.0617925102074261,0.7528807696339748,0.7594555721945417,-0.7304739890927582,-0.6529195116788368,0.029647052256120122,0.03192869630299265
consumed,70#34,MC_ON,CNN,17,4,2,168,119,119,0.03413654618473896,-0.07750215564005201,0.727363346426776,0.7137057110268803,-0.727363346426776,-0.7137057110268803,0.15691933919195877,0.15135349899052303
consumed,70#34,MC_ON,CNN,18,4,3,126,161,126,0.03614457831325301,-0.15237162330945941,0.757300750314813,0.74759615832579,-0.5038622760806571,-0.6003490766664975,0.3940729586689174,0.38122711341695587
consumed,70#34,MC_ON,CNN,19,4,4,245,294,245,0.07028112449799197,-0.005004157623468859,0.7597825905912884,0.7402392185678165,-0.32021462598017286,-0.023960997422076608,0.741720661761726,0.9319081033035223
consumed,70#34,MC_ON,CNN,20,4,5,35,434,35,0.010040160642570281,0.034173252900187356,0.7513565399430014,0.7481625862320601,-0.4665870460596951,-0.2674870754956047,1.7874311040748248,3.998958895157386
consumed,70#34,MC_ON,CNN,21,5,1,0,105,0,0.0,,,4.504200827352928,,4.504200827352928,,0.04934086149389092
consumed,70#34,MC_ON,CNN,22,5,2,0,147,0,0.0,,,4.0155741515936265,,4.0155741515936265,,0.15981550682416726
consumed,70#34,MC_ON,CNN,23,5,3,7,147,7,0.002008032128514056,-0.17840187491108878,0.9306195540861653,4.078420608256061,0.9306195540861653,4.078420608256061,0.32647929069670784,0.41008486964707624
consumed,70#34,MC_ON,CNN,24,5,4,84,441,84,0.024096385542168676,-0.2658724501055392,1.1493796308976458,3.4144436939052354,1.1493796308976458,3.4144436939052354,0.9403472446107172,0.922748211231422
consumed,70#34,MC_ON,CNN,25,5,5,147,1967,147,0.04216867469879518,-0.21627067336465736,2.4930882026074515,4.69880778553016,2.4930882026074515,4.69880778553016,2.7676108307688945,3.8994494300779947
