group,probe,mode,channel,n_cells,current_peak_response,previous_peak_response,delta_peak_response,current_peak_absolute_response,previous_peak_absolute_response,delta_peak_absolute_response,current_peak_latency_ms_from_trial_start,previous_peak_latency_ms_from_trial_start,delta_peak_latency_ms_from_trial_start,current_peak_latency_ms_from_onset,previous_peak_latency_ms_from_onset,delta_peak_latency_ms_from_onset,current_response_integral_seconds,previous_response_integral_seconds,delta_response_integral_seconds,current_peak_change_vs_center_only,previous_peak_change_vs_center_only,delta_peak_change_vs_center_only,current_integral_change_vs_center_only,previous_integral_change_vs_center_only,delta_integral_change_vs_center_only,current_center_onset_50ms,previous_center_onset_50ms,delta_center_onset_50ms,current_center_offset_50ms,previous_center_offset_50ms,delta_center_offset_50ms,current_surround_first_onset_50ms,previous_surround_first_onset_50ms,delta_surround_first_onset_50ms,current_surround_first_offset_50ms,previous_surround_first_offset_50ms,delta_surround_first_offset_50ms,current_off_minus_normal_mean_abs_active,previous_off_minus_normal_mean_abs_active,delta_off_minus_normal_mean_abs_active,current_off_minus_normal_peak_signed,previous_off_minus_normal_peak_signed,delta_off_minus_normal_peak_signed,current_off_minus_normal_peak_absolute,previous_off_minus_normal_peak_absolute,delta_off_minus_normal_peak_absolute,current_off_minus_normal_integral_seconds,previous_off_minus_normal_integral_seconds,delta_off_minus_normal_integral_seconds
PC_OFF,slow_step,normal,logit,4,0.4843326807022095,0.5725977122783661,-0.08826503157615662,0.4843326807022095,0.5725977122783661,-0.08826503157615662,1533.3333333333335,1513.3333333333335,20.000000000000057,1233.3333333333335,1213.3333333333335,20.000000000000057,0.6978033110499382,0.7836220562458038,-0.08581874519586563,0.11060147732496262,0.1494777649641037,-0.03887628763914108,-0.00030527263879776,-0.0005891323089599609,0.00028385967016220093,0.12347648665308952,0.11927836574614048,0.004198120906949043,0.3375205434858799,0.4053741618990898,-0.06785361841320992,0.12347648665308952,0.11927836574614048,0.004198120906949043,0.23737258464097977,0.2596980482339859,-0.022325463593006134,0.0,0.0,0.0,0.0,0.0,0.0,0.0,0.0,0.0,0.0,0.0,0.0
all,slow_step,normal,logit,22,0.41628443652933295,0.42373762889341876,-0.007453192364085804,0.41628443652933295,0.4466418082063848,-0.03035737167705189,1524.2424242424242,1511.2121212121215,13.030303030303033,1224.2424242424242,1211.2121212121212,13.030303030303033,0.4670299217104912,0.49075506678359077,-0.02372514507309957,0.1445376913655888,0.1253875412724235,0.01915015009316531,-0.0005929558114572005,-0.0006936168806119399,0.00010066106915473938,0.08750758624889633,0.08667013895782558,0.0008374472910707647,0.29248543828725815,0.3017677454785867,-0.00928230719132857,0.08750758624889633,0.08667013895782558,0.0008374472910707647,0.08743188767270609,0.10281143980947408,-0.015379552136767994,0.0,0.0,0.0,0.0,0.0,0.0,0.0,0.0,0.0,0.0,0.0,0.0
PC_OFF,slow_1Hz,normal,logit,4,0.4843328073620796,0.572597861289978,-0.08826505392789841,0.4843328073620796,0.572597861289978,-0.08826505392789841,1033.3333333333335,1013.3333333333334,20.000000000000085,733.3333333333335,713.3333333333334,20.000000000000085,0.6978418231010437,0.7836921811103821,-0.08585035800933838,0.11060160398483276,0.14947791397571564,-0.038876309990882874,-0.00026676058769226074,-0.0005190074443817139,0.0002522468566894531,0.12347648665308952,0.11927836574614048,0.004198120906949043,0.3375299423933029,0.40538572520017624,-0.06785578280687332,0.12347648665308952,0.11927836574614048,0.004198120906949043,0.23737447708845139,0.2596999406814575,-0.022325463593006134,0.0,0.0,0.0,0.0,0.0,0.0,0.0,0.0,0.0,0.0,0.0,0.0
all,slow_1Hz,normal,logit,22,0.41628428074446594,0.42372784289446747,-0.007443562150001526,0.41628428074446594,0.44663202220743353,-0.030347741462967613,1024.2424242424242,1034.848484848485,-10.606060606060597,724.2424242424242,734.8484848484849,-10.606060606060597,0.46709364584901114,0.49083099057051266,-0.023737344721501522,0.14453753558072177,0.12537775527347217,0.019159780307249588,-0.0005292316729372197,-0.0006176930936900052,8.846142075278543e-05,0.08750758624889633,0.08667013895782558,0.0008374472910707647,0.2924972596493634,0.30176979167894885,-0.009272532029585405,0.08750758624889633,0.08667013895782558,0.0008374472910707647,0.08743009242144498,0.10282402790405533,-0.015393935482610355,0.0,0.0,0.0,0.0,0.0,0.0,0.0,0.0,0.0,0.0,0.0,0.0
PC_OFF,slow_2Hz,normal,logit,4,0.48433487117290497,0.5725998431444168,-0.08826497197151184,0.48433487117290497,0.5725998431444168,-0.08826497197151184,785.0,760.0,25.0,485.00000000000006,460.00000000000006,25.0,0.6979180797934532,0.7838312387466431,-0.08591315895318985,0.11060366779565811,0.14947989583015442,-0.03887622803449631,-0.00019050389528274536,-0.00037994980812072754,0.00018944591283798218,0.12347648665308952,0.11927836574614048,0.004198120906949043,0.3377037048339844,0.40562207251787186,-0.06791836768388748,0.12347648665308952,0.11927836574614048,0.004198120906949043,0.23487380892038345,0.2564108446240425,-0.021537035703659058,0.0,0.0,0.0,0.0,0.0,0.0,0.0,0.0,0.0,0.0,0.0,0.0
all,slow_2Hz,normal,logit,22,0.41626872528683057,0.4234641275622628,-0.0071954022754322396,0.41626872528683057,0.4463683068752289,-0.030099581588398327,769.3939393939395,867.878787878788,-98.4848484848485,469.39393939393943,567.8787878787879,-98.4848484848485,0.46722039444880054,0.4909812501547011,-0.023760855705900627,0.1445219801230864,0.12511403994126755,0.019407940181818874,-0.00040248307314786046,-0.00046743350950154394,6.495043635368347e-05,0.08750758624889633,0.08667013895782558,0.0008374472910707647,0.29269632629372855,0.3017419075424021,-0.009045581248673525,0.08750758624889633,0.08667013895782558,0.0008374472910707647,0.08337767697362737,0.0989137621013056,-0.015536085127678234,0.0,0.0,0.0,0.0,0.0,0.0,0.0,0.0,0.0,0.0,0.0,0.0
PC_OFF,rapid_10Hz,normal,logit,4,0.40722836554050446,0.4616151228547096,-0.05438675731420517,0.40722836554050446,0.4616151228547096,-0.05438675731420517,426.6666666666667,423.33333333333337,3.333333333333343,126.66666666666669,123.33333333333334,3.333333333333343,0.6981142833828926,0.7842141687870026,-0.08609988540410995,0.0334971621632576,0.038495175540447235,-0.004998013377189636,5.6996941566467285e-06,2.9802322387695312e-06,2.7194619178771973e-06,0.12347648665308952,0.11927836574614048,0.004198120906949043,0.2555154822766781,0.30968332663178444,-0.054167844355106354,0.12347648665308952,0.11927836574614048,0.004198120906949043,0.2920941151678562,0.3143264316022396,-0.022232316434383392,0.0,0.0,0.0,0.0,0.0,0.0,0.0,0.0,0.0,0.0,0.0,0.0
all,rapid_10Hz,normal,logit,22,0.33779672330076044,0.3263768350536173,0.011419888247143139,0.33779672330076044,0.3492810143665834,-0.011484291065822948,430.6060606060606,419.3939393939394,11.21212121212122,130.60606060606062,119.3939393939394,11.21212121212122,0.4676066609946164,0.49143854985860264,-0.023831888863986187,0.0660499781370163,0.028026747432622044,0.038023230704394256,-1.6216527331959117e-05,-1.0133805600079624e-05,-6.082721731879494e-06,0.08750758624889633,0.08667013895782558,0.0008374472910707647,0.19958159666169772,0.2109539590098641,-0.01137236234816638,0.08750758624889633,0.08667013895782558,0.0008374472910707647,0.1412835017015988,0.16196166080507365,-0.020678159103474834,0.0,0.0,0.0,0.0,0.0,0.0,0.0,0.0,0.0,0.0,0.0,0.0
PC_OFF,rapid_20Hz,normal,logit,4,0.37132857739925385,0.4201010689139366,-0.04877249151468277,0.37132857739925385,0.4201010689139366,-0.04877249151468277,405.0,398.33333333333337,6.666666666666671,105.00000000000001,98.33333333333334,6.666666666666671,0.6981144025921822,0.7842172980308533,-0.08610289543867111,-0.0024026259779930115,-0.003018878400325775,0.0006162524223327637,5.81890344619751e-06,6.109476089477539e-06,-2.905726432800293e-07,0.12451204843819141,0.12330294214189053,0.001209106296300888,0.22483721375465393,0.2687932699918747,-0.043956056237220764,0.12451204843819141,0.12330294214189053,0.001209106296300888,0.2785325422883034,0.2967195101082325,-0.018186967819929123,0.0,0.0,0.0,0.0,0.0,0.0,0.0,0.0,0.0,0.0,0.0,0.0
all,rapid_20Hz,normal,logit,22,0.27360535209829157,0.2665804069150578,0.007024945183233781,0.27360535209829157,0.284609392285347,-0.011004040187055414,508.7878787878788,482.1212121212122,26.666666666666682,208.7878787878788,182.12121212121212,26.666666666666682,0.46762593496929517,0.4914527791128917,-0.02382684414359656,0.0018586069345474243,-0.03176968070593747,0.033628287640484894,3.0574473467740146e-06,4.095448689027266e-06,-1.0380013422532515e-06,0.08989926698532971,0.09069824557412755,-0.0007989785887978294,0.14412067119370808,0.15468565476211635,-0.010564983568408272,0.08989926698532971,0.09069824557412755,-0.0007989785887978294,0.18159774047407237,0.20053651759570296,-0.01893877712163058,0.0,0.0,0.0,0.0,0.0,0.0,0.0,0.0,0.0,0.0,0.0,0.0
PC_OFF,transient_50ms,normal,logit,4,0.4396265968680382,0.5097578540444374,-0.07013125717639923,0.4396265968680382,0.5097578540444374,-0.07013125717639923,1380.0,1373.3333333333335,6.666666666666686,1080.0,1073.3333333333335,6.666666666666686,0.69809690117836,0.7841897755861282,-0.08609287440776825,0.06589539349079132,0.08663790673017502,-0.020742513239383698,-1.1682510375976562e-05,-2.1412968635559082e-05,9.73045825958252e-06,0.12347648665308952,0.11927836574614048,0.004198120906949043,0.21408651024103165,0.24908746033906937,-0.03500095009803772,0.12347648665308952,0.11927836574614048,0.004198120906949043,0.2814972400665283,0.2918112874031067,-0.01031404733657837,0.0,0.0,0.0,0.0,0.0,0.0,0.0,0.0,0.0,0.0,0.0,0.0
all,transient_50ms,normal,logit,22,0.3709064762700688,0.3683421950448643,0.0025642812252044678,0.3709064762700688,0.3912463743578304,-0.02033989808776162,1377.5757575757577,1327.2727272727275,50.303030303030276,1077.5757575757577,1027.2727272727275,50.303030303030276,0.4676068282940171,0.49143059619448404,-0.02382376790046692,0.09915973110632463,0.06999210742386905,0.029167623682455582,-1.6049227931282736e-05,-1.8087469718673013e-05,2.0382417873902754e-06,0.08750758624889633,0.08667013895782558,0.0008374472910707647,0.1282940615307201,0.1317495656284419,-0.0034555040977217936,0.08750758624889633,0.08667013895782558,0.0008374472910707647,0.12512204034084623,0.13659732026809995,-0.011475279927253723,0.0,0.0,0.0,0.0,0.0,0.0,0.0,0.0,0.0,0.0,0.0,0.0
PC_OFF,large_field_50ms,normal,logit,4,0.04879330098628998,0.2787742540240288,-0.2299809530377388,0.2801017612218857,0.2787742540240288,0.001327507197856903,603.3333333333334,351.6666666666667,251.6666666666667,303.33333333333337,51.666666666666686,251.6666666666667,1.9868216794005633e-10,-2.4835269257783565e-10,4.47034860517892e-10,-0.2986408546566963,-0.10058879852294922,-0.1980520561337471,1.539786700921475e-09,8.940696863413145e-10,6.457170145801605e-10,0.1216591876000166,0.11772353947162628,0.003935648128390312,0.14524542074650526,0.14903468266129494,-0.0037892619147896767,0.1216591876000166,0.11772353947162628,0.003935648128390312,0.14524542074650526,0.14903468266129494,-0.0037892619147896767,0.0,0.0,0.0,0.0,0.0,0.0,0.0,0.0,0.0,0.0,0.0,0.0
all,large_field_50ms,normal,logit,22,0.015130809762261131,0.0628644349900159,-0.04773362522775477,0.2100422355261716,0.2090144929560748,0.0010277425700967963,534.5454545454545,443.33333333333337,91.21212121212123,234.5454545454546,143.33333333333334,91.21212121212123,2.52868198602485e-10,1.354651050424558e-10,1.174030935600292e-10,-0.2029031582854011,-0.145135375586423,-0.05776778269897808,9.301937175066787e-10,7.224805539183456e-10,2.0771316358833306e-10,0.08689225735989484,0.08595015819777142,0.00094209916212342,0.018430392638864843,0.018191872164607048,0.0002385204742577943,0.08689225735989484,0.08595015819777142,0.00094209916212342,0.018430392638864843,0.018191872164607048,0.0002385204742577943,0.0,0.0,0.0,0.0,0.0,0.0,0.0,0.0,0.0,0.0,0.0,0.0
PC_OFF,slow_step,normal,probability,4,0.09631631150841713,0.11715356260538101,-0.020837251096963882,0.09631631150841713,0.11715356260538101,-0.020837251096963882,1533.3333333333335,1513.3333333333335,20.000000000000057,1233.3333333333335,1213.3333333333335,20.000000000000057,0.1348316501826048,0.1541496366262436,-0.0193179864436388,0.02404491975903511,0.03403828665614128,-0.00999336689710617,0.0010979920625686646,0.0018108487129211426,-0.000712856650352478,0.022595375776290894,0.021828320808708668,0.0007670549675822258,0.0661046365275979,0.08153890445828438,-0.015434267930686474,0.022595375776290894,0.021828320808708668,0.0007670549675822258,0.04373542871326208,0.047790829092264175,-0.004055400379002094,0.0,0.0,0.0,0.0,0.0,0.0,0.0,0.0,0.0,0.0,0.0,0.0
all,slow_step,normal,probability,22,0.07325333932583983,0.0764070109210231,-0.0031536715951832857,0.07325333932583983,0.07928617264736783,-0.006032833321528001,1524.2424242424242,1511.2121212121215,13.030303030303033,1224.2424242424242,1211.2121212121212,13.030303030303033,0.08179651471701535,0.08690657911144874,-0.00511006439443339,0.026935163208029488,0.02528877759521658,0.0016463856128129091,0.002770397219468247,0.0031190572137182408,-0.0003486599942499941,0.014737118628214706,0.014484284064647827,0.0002528345635668798,0.05031426132402637,0.05263379825787111,-0.00231953693384474,0.014737118628214706,0.014484284064647827,0.0002528345635668798,0.01476481290195476,0.01745589936829426,-0.0026910864663395014,0.0,0.0,0.0,0.0,0.0,0.0,0.0,0.0,0.0,0.0,0.0,0.0
PC_OFF,slow_1Hz,normal,probability,4,0.09631633386015892,0.11715361475944519,-0.02083728089928627,0.09631633386015892,0.11715361475944519,-0.02083728089928627,1033.3333333333335,1013.3333333333334,20.000000000000085,733.3333333333335,713.3333333333334,20.000000000000085,0.13475303910672665,0.1540295109152794,-0.019276471808552742,0.0240449421107769,0.03403833881020546,-0.009993396699428558,0.0010193809866905212,0.0016907230019569397,-0.0006713420152664185,0.022595375776290894,0.021828320808708668,0.0007670549675822258,0.06610662396997213,0.08154147490859032,-0.015434850938618183,0.022595375776290894,0.021828320808708668,0.0007670549675822258,0.04373578727245331,0.04779114667326212,-0.004055359400808811,0.0,0.0,0.0,0.0,0.0,0.0,0.0,0.0,0.0,0.0,0.0,0.0
all,slow_1Hz,normal,probability,22,0.07325330816886642,0.07640537043864076,-0.00315206226977435,0.07325330816886642,0.07928453216498549,-0.006031223996119065,1024.2424242424242,1034.848484848485,-10.606060606060597,724.2424242424242,734.8484848484849,-10.606060606060597,0.08163685266944495,0.08672248335047202,-0.005085630681027065,0.02693513205105608,0.025287137112834236,0.0016479949382218447,0.002610735171897845,0.0029349614527415147,-0.0003242262808436697,0.014737118628214706,0.014484284064647827,0.0002528345635668798,0.05031642893498594,0.05263448752124201,-0.0023180585862560706,0.014737118628214706,0.014484284064647827,0.0002528345635668798,0.014764551496641203,0.017457618547434158,-0.002693067050792954,0.0,0.0,0.0,0.0,0.0,0.0,0.0,0.0,0.0,0.0,0.0,0.0
PC_OFF,slow_2Hz,normal,probability,4,0.09631675854325294,0.11715394258499146,-0.02083718404173851,0.09631675854325294,0.11715394258499146,-0.02083718404173851,785.0,760.0,25.0,485.00000000000006,460.00000000000006,25.0,0.13459265790879726,0.15378443337976933,-0.01919177547097206,0.024045366793870926,0.034038666635751724,-0.009993299841880798,0.0008589997887611389,0.0014456454664468765,-0.0005866456776857376,0.022595375776290894,0.021828320808708668,0.0007670549675822258,0.06614349130541086,0.0815939549356699,-0.015450463630259037,0.022595375776290894,0.021828320808708668,0.0007670549675822258,0.04321403009817004,0.04706571716815233,-0.0038516870699822903,0.0,0.0,0.0,0.0,0.0,0.0,0.0,0.0,0.0,0.0,0.0,0.0
all,slow_2Hz,normal,probability,22,0.07325079732320526,0.07636133852330121,-0.003110541200095957,0.07325079732320526,0.07924050024964592,-0.005989702926440673,769.0909090909091,867.878787878788,-98.78787878787877,469.0909090909092,567.8787878787879,-98.78787878787877,0.08131039633669636,0.08634967780248685,-0.005039281465790488,0.026932621205394917,0.02524310519749468,0.001689516007900238,0.002284278839149258,0.002562155904756351,-0.0002778770656070926,0.014737118628214706,0.014484284064647827,0.0002528345635668798,0.05035413403741338,0.05263779024508866,-0.0022836562076752834,0.014737118628214706,0.014484284064647827,0.0002528345635668798,0.014059308138464323,0.01675276413086315,-0.002693455992398826,0.0,0.0,0.0,0.0,0.0,0.0,0.0,0.0,0.0,0.0,0.0,0.0
PC_OFF,rapid_10Hz,normal,probability,4,0.07937739044427872,0.09180940687656403,-0.012432016432285309,0.07937739044427872,0.09180940687656403,-0.012432016432285309,426.6666666666667,423.33333333333337,3.333333333333343,126.66666666666669,123.33333333333334,3.333333333333343,0.13376329839229584,0.15239608101546764,-0.018632782623171806,0.007105998694896698,0.008694130927324295,-0.001588132232427597,2.964027225971222e-05,5.729310214519501e-05,-2.7652829885482788e-05,0.022595375776290894,0.021828320808708668,0.0007670549675822258,0.048857320100069046,0.060527440160512924,-0.011670120060443878,0.022595375776290894,0.021828320808708668,0.0007670549675822258,0.0549596231430769,0.059258791618049145,-0.004299168474972248,0.0,0.0,0.0,0.0,0.0,0.0,0.0,0.0,0.0,0.0,0.0,0.0
all,rapid_10Hz,normal,probability,22,0.058505024422298775,0.057628132064234124,0.0008768923580646515,0.058505024422298775,0.06050729379057884,-0.002002269368280064,430.6060606060606,419.3939393939394,11.21212121212122,130.60606060606062,119.3939393939394,11.21212121212122,0.07944864864376458,0.08410953821360388,-0.0046608895698392935,0.012186848304488442,0.006509898738427596,0.005676949566060846,0.00042253114621747625,0.00032201631587337363,0.0001005148303441026,0.014737118628214706,0.014484284064647827,0.0002528345635668798,0.03354581089859659,0.03598155855963176,-0.002435747661035169,0.014737118628214706,0.014484284064647827,0.0002528345635668798,0.023613068645566025,0.027174498843537134,-0.003561430197971111,0.0,0.0,0.0,0.0,0.0,0.0,0.0,0.0,0.0,0.0,0.0,0.0
PC_OFF,rapid_20Hz,normal,probability,4,0.07167902961373329,0.08250226825475693,-0.010823238641023636,0.07167902961373329,0.08250226825475693,-0.010823238641023636,405.0,398.33333333333337,6.666666666666671,105.00000000000001,98.33333333333334,6.666666666666671,0.13369940780103207,0.15230439603328705,-0.018604988232254982,-0.0005923621356487274,-0.0006130076944828033,2.0645558834075928e-05,-3.425031900405884e-05,-3.439188003540039e-05,1.4156103134155273e-07,0.022815095726400614,0.02270272234454751,0.00011237338185310364,0.0426388131454587,0.05171419773250818,-0.009075384587049484,0.022815095726400614,0.02270272234454751,0.00011237338185310364,0.052460080944001675,0.056326817721128464,-0.003866736777126789,0.0,0.0,0.0,0.0,0.0,0.0,0.0,0.0,0.0,0.0,0.0,0.0
all,rapid_20Hz,normal,probability,22,0.046628620475530624,0.04853602905165066,-0.0019074085761200297,0.046628620475530624,0.04853602905165066,-0.0019074085761200297,508.7878787878788,573.0303030303031,-64.24242424242424,208.7878787878788,273.03030303030306,-64.24242424242424,0.07904406264424324,0.08376991060901094,-0.004725847964767705,0.00031044435772028834,-0.0025822042741558767,0.0028926486318761654,1.7945146696134046e-05,-1.7611288719556548e-05,3.5556435415690594e-05,0.015066798649389635,0.015170196579261259,-0.00010339792987162417,0.02389850907705047,0.026109878862784666,-0.002211369785734198,0.015066798649389635,0.015170196579261259,-0.00010339792987162417,0.0305795714428479,0.03386728164993904,-0.0032877102070911365,0.0,0.0,0.0,0.0,0.0,0.0,0.0,0.0,0.0,0.0,0.0,0.0
PC_OFF,transient_50ms,normal,probability,4,0.0864521898329258,0.10271069034934044,-0.016258500516414642,0.0864521898329258,0.10271069034934044,-0.016258500516414642,1380.0,1373.3333333333335,6.666666666666686,1080.0,1073.3333333333335,6.666666666666686,0.133761715143919,0.15239121206104755,-0.018629496917128563,0.014180798083543777,0.019595414400100708,-0.0054146163165569305,2.8057023882865906e-05,5.2424147725105286e-05,-2.436712384223938e-05,0.022595375776290894,0.021828320808708668,0.0007670549675822258,0.04058580752462149,0.047613889910280704,-0.007028082385659218,0.022595375776290894,0.021828320808708668,0.0007670549675822258,0.052717097103595734,0.05430888244882226,-0.0015917853452265263,0.0,0.0,0.0,0.0,0.0,0.0,0.0,0.0,0.0,0.0,0.0,0.0
all,transient_50ms,normal,probability,22,0.0646644735878164,0.06564595888961446,-0.0009814853017980402,0.0646644735878164,0.06852512061595917,-0.0038606470281427555,1377.5757575757577,1327.2727272727275,50.303030303030276,1077.5757575757577,1027.2727272727275,50.303030303030276,0.07910249128260395,0.08386567067778246,-0.004763179395178502,0.018346297470006077,0.01452772556380792,0.003818571906198155,7.637378505685113e-05,7.814878005195747e-05,-1.7749949951063504e-06,0.014737118628214706,0.014484284064647827,0.0002528345635668798,0.02145338168537075,0.022379156202077866,-0.000925774516707117,0.014737118628214706,0.014484284064647827,0.0002528345635668798,0.020947589687156407,0.022803267210044643,-0.0018556775228882377,0.0,0.0,0.0,0.0,0.0,0.0,0.0,0.0,0.0,0.0,0.0,0.0
PC_OFF,large_field_50ms,normal,probability,4,0.052326615899801254,0.05147232860326767,0.0008542872965335846,0.052326615899801254,0.05147232860326767,0.0008542872965335846,353.33333333333337,351.6666666666667,1.6666666666666856,53.33333333333337,51.666666666666686,1.6666666666666856,0.0003165968428220367,0.00033308764977846295,-1.649080695642624e-05,-0.014424841850996017,-0.02198627218604088,0.007561430335044861,-0.00014090646618569735,-0.00021141730030649342,7.051083412079606e-05,0.02217784710228443,0.021469244733452797,0.0007086023688316345,0.02672687848098576,0.026511923409998417,0.0002149550709873438,0.02217784710228443,0.021469244733452797,0.0007086023688316345,0.02672687848098576,0.026511923409998417,0.0002149550709873438,0.0,0.0,0.0,0.0,0.0,0.0,0.0,0.0,0.0,0.0,0.0,0.0
all,large_field_50ms,normal,probability,22,0.035219660198146645,0.034609499302777375,0.0006101608953692696,0.035219660198146645,0.034609499302777375,0.0006101608953692696,580.0,579.6969696969697,0.3030303030303065,280.00000000000006,279.69696969696975,0.3030303030303065,0.00019548492905001197,0.00020281315176940882,-7.3282227193968454e-06,-0.008435342799533497,-0.013671125877987255,0.005235783078453757,-6.420104050035165e-05,-0.00011267431438516888,4.847327388481724e-05,0.014609136745672335,0.014322277624160051,0.00028685912151228297,0.003673875757323747,0.003583061508834362,9.08142484893853e-05,0.014609136745672335,0.014322277624160051,0.00028685912151228297,0.003673875757323747,0.003583061508834362,9.08142484893853e-05,0.0,0.0,0.0,0.0,0.0,0.0,0.0,0.0,0.0,0.0,0.0,0.0
PC_OFF,slow_step,H1_off,logit,4,0.4821366146206856,0.5709665715694427,-0.08882995694875717,0.4821366146206856,0.5709665715694427,-0.08882995694875717,1538.3333333333335,1516.6666666666667,21.666666666666686,1238.3333333333335,1216.6666666666667,21.666666666666686,0.7012849897146225,0.7863650918006897,-0.0850801020860672,0.10601890087127686,0.14565320312976837,-0.039634302258491516,-0.00028489530086517334,-0.0005652159452438354,0.0002803206443786621,0.12547647766768932,0.12113266997039318,0.004343807697296143,0.3361373133957386,0.4045015573501587,-0.06836424395442009,0.12547647766768932,0.12113266997039318,0.004343807697296143,0.24023384973406792,0.2614530511200428,-0.021219201385974884,0.004035710502648726,0.0031468899978790432,0.0008888205047696829,0.008149698376655579,0.007319122552871704,0.0008305758237838745,0.008149698376655579,0.007319122552871704,0.0008305758237838745,0.0034816715196939185,0.002743018325418234,0.0007386531942756847
all,slow_step,H1_off,logit,22,0.415878644043749,0.42219785397702997,-0.006319209933280945,0.415878644043749,0.4471930942752145,-0.031314450231465424,1530.0,1560.909090909091,-30.90909090909092,1230.0,1260.909090909091,-30.90909090909092,0.4689571396871047,0.49426184577698057,-0.025304706089875915,0.14306945692409168,0.12111863222989169,0.021950824694199997,-0.0005844614722511985,-0.0006739448078654029,8.94833356142044e-05,0.08816782656041058,0.08752546256238763,0.0006423639980229465,0.2922786988995292,0.30175562270663003,-0.009476923807100817,0.08816782656041058,0.08752546256238763,0.0006423639980229465,0.08890408887104555,0.10546988079493697,-0.016565791923891415,0.0016784809638259255,0.0036374937891113486,-0.0019590128252854233,0.004401388493451205,0.005934008143164895,-0.0015326196497136896,0.004818989471955733,0.013045319102027199,-0.008226329630071466,0.0019272181373459964,0.0035067723180294374,-0.001579554180683441
PC_OFF,slow_1Hz,H1_off,logit,4,0.4821367487311363,0.5709667205810547,-0.08882997184991837,0.4821367487311363,0.5709667205810547,-0.08882997184991837,1038.3333333333335,1016.6666666666667,21.666666666666686,738.3333333333334,716.6666666666667,21.666666666666686,0.7013213187456131,0.7864333689212799,-0.08511205017566681,0.1060190349817276,0.1456533521413803,-0.03963431715965271,-0.00024856626987457275,-0.0004969388246536255,0.00024837255477905273,0.12547647766768932,0.12113266997039318,0.004343807697296143,0.33614667505025864,0.40451308339834213,-0.0683664083480835,0.12547647766768932,0.12113266997039318,0.004343807697296143,0.2402358017861843,0.2614549584686756,-0.021219156682491302,0.004196660171146505,0.0033694743760861456,0.0008271857950603589,0.009186625480651855,0.008557699620723724,0.0006289258599281311,0.009186625480651855,0.008557699620723724,0.0006289258599281311,0.003479478065855801,0.0027412252529757097,0.0007382528128800914
all,slow_1Hz,H1_off,logit,22,0.4158785112879493,0.4221858896992423,-0.00630737841129303,0.4158785112879493,0.4471811299974268,-0.03130261870947751,1030.0,1107.2727272727273,-77.27272727272728,730.0,807.2727272727273,-77.27272727272728,0.4690204438838092,0.4943378723480485,-0.025317428464239292,0.14306932416829196,0.12110666795210405,0.021962656216187912,-0.0005211572755466808,-0.0005979182367975062,7.676096125082536e-05,0.08816782656041058,0.08752546256238763,0.0006423639980229465,0.2922905602238395,0.3017544827677987,-0.009463922543959185,0.08816782656041058,0.08752546256238763,0.0006423639980229465,0.08890227126804265,0.10548467392271216,-0.016582402654669502,0.001809913000298283,0.004150566674070433,-0.00234065367377215,0.004879434000362049,0.01009100540117784,-0.00521157140081579,0.005178703503175216,0.014116800644180992,-0.008938097141005776,0.001926791135205845,0.0035068894741760396,-0.0015800983389701948
PC_OFF,slow_2Hz,H1_off,logit,4,0.4821389466524124,0.5709687918424606,-0.08882984519004822,0.4821389466524124,0.5709687918424606,-0.08882984519004822,786.6666666666667,765.0,21.666666666666657,486.66666666666674,465.00000000000006,21.666666666666657,0.7013931646943092,0.7865688502788544,-0.08517568558454514,0.10602123290300369,0.14565542340278625,-0.03963419049978256,-0.00017672032117843628,-0.0003614574670791626,0.00018473714590072632,0.12547647766768932,0.12113266997039318,0.004343807697296143,0.33631495013833046,0.40474623441696167,-0.06843128427863121,0.12547647766768932,0.12113266997039318,0.004343807697296143,0.23795685544610023,0.25837208703160286,-0.020415231585502625,0.004511345265200362,0.003808374865911901,0.0007029703992884606,0.00918596237897873,0.008557751774787903,0.0006282106041908264,0.00918596237897873,0.008557751774787903,0.0006282106041908264,0.00347509395214729,0.0027376314683351666,0.0007374624838121235
all,slow_2Hz,H1_off,logit,22,0.4158630289814689,0.4218691804192283,-0.006006151437759399,0.4158630289814689,0.4468644207174128,-0.031001391735943882,775.1515151515152,1021.5151515151516,-246.36363636363637,475.1515151515152,721.5151515151515,-246.36363636363637,0.46914630315520545,0.4944880900227211,-0.025341786867515606,0.14305384186181155,0.12078995867209001,0.022263883189721542,-0.0003952980041503906,-0.00044770056212490255,5.240255797451193e-05,0.08816782656041058,0.08752546256238763,0.0006423639980229465,0.29248337786306033,0.3016377362337979,-0.009154358370737596,0.08816782656041058,0.08752546256238763,0.0006423639980229465,0.08496189849789847,0.1018829413541508,-0.01692104285625233,0.002068045209770472,0.005124835487963123,-0.003056790278192652,0.004879492250355807,0.01005433364347978,-0.005174841393123974,0.005177526311440902,0.014064610004425049,-0.008887083692984148,0.001925910631887911,0.003506849041018127,-0.001580938409130216
PC_OFF,rapid_10Hz,H1_off,logit,4,0.40794578939676285,0.4573131278157234,-0.04936733841896057,0.40794578939676285,0.4573131278157234,-0.04936733841896057,428.33333333333337,423.33333333333337,5.0,128.33333333333334,123.33333333333334,5.0,0.7015760689973831,0.7869353294372559,-0.08535926043987274,0.031828075647354126,0.03199975937604904,-0.00017168372869491577,6.183981895446777e-06,5.02169132232666e-06,1.1622905731201172e-06,0.12547647766768932,0.12113266997039318,0.004343807697296143,0.25251125544309616,0.306534793227911,-0.054023537784814835,0.12547647766768932,0.12113266997039318,0.004343807697296143,0.2969759777188301,0.31863437220454216,-0.02165839448571205,0.004002487956313416,0.003812457332969643,0.00019003062334377319,0.007743306457996368,0.007151857018470764,0.0005914494395256042,0.007743306457996368,0.007151857018470764,0.0005914494395256042,0.003461747372057289,0.0027212290588067845,0.0007405183132505044
all,rapid_10Hz,H1_off,logit,22,0.3365891535173763,0.319356001236222,0.017233152281154285,0.3365891535173763,0.3443512415344065,-0.007762088017030196,431.21212121212125,505.45454545454544,-74.24242424242424,131.21212121212122,205.45454545454547,-74.24242424242424,0.46952668035572226,0.4949293616651134,-0.02540268130939115,0.06377996639771895,0.018276779489083725,0.045503186908635224,-1.4920803633603183e-05,-6.428919732570648e-06,-8.491883901032535e-06,0.08816782656041058,0.08752546256238763,0.0006423639980229465,0.1980542235753753,0.2072127881375226,-0.009158564562147314,0.08816782656041058,0.08752546256238763,0.0006423639980229465,0.1446946800940416,0.17043525928800757,-0.025740579193965954,0.0023093329040090216,0.006521240704883398,-0.004211907800874376,0.004571314562450756,0.01037624478340149,-0.005804930220950733,0.004681518132036383,0.01277464899149808,-0.008093130859461698,0.0019200123497284949,0.003490819683065638,-0.001570807333337143
PC_OFF,rapid_20Hz,H1_off,logit,4,0.3734776973724365,0.4204705283045769,-0.04699283093214035,0.3734776973724365,0.4204705283045769,-0.04699283093214035,405.0,396.6666666666667,8.333333333333343,105.00000000000001,96.66666666666667,8.333333333333343,0.7015757486224174,0.7869367897510529,-0.0853610411286354,-0.0026400163769721985,-0.004842840135097504,0.002202823758125305,5.863606929779053e-06,6.4820051193237305e-06,-6.183981895446777e-07,0.12638134509325027,0.12505425326526165,0.0013270918279886246,0.22480451315641403,0.26850590854883194,-0.04370139539241791,0.12638134509325027,0.12505425326526165,0.0013270918279886246,0.2813456654548645,0.2992764711380005,-0.017930805683135986,0.0019439047464402393,0.0017492233237135224,0.00019468142272671685,0.0053533464670181274,0.005014955997467041,0.0003383904695510864,0.0053533464670181274,0.005014955997467041,0.0003383904695510864,0.0034612968302099034,0.0027194772992515936,0.0007418195309583098
all,rapid_20Hz,H1_off,logit,22,0.2738670435818759,0.26852449910207227,0.005342544479803605,0.2738670435818759,0.28795278478752484,-0.014085741205648943,508.7878787878788,476.66666666666674,32.12121212121213,208.7878787878788,176.66666666666669,32.12121212121213,0.46954483267935837,0.4949400512162935,-0.02539521853693507,0.0010578564622185447,-0.032554722645066,0.033612579107284546,3.231520002538508e-06,4.2606314474886115e-06,-1.0291114449501038e-06,0.09053395519202406,0.09158263728022575,-0.0010486820882016962,0.14444312283938582,0.1554872735657475,-0.011044150726361708,0.09053395519202406,0.09158263728022575,-0.0010486820882016962,0.1834395578639074,0.2048019834540107,-0.02136242559010332,0.0012388117634559007,0.0032185774233022876,-0.001979765659846387,0.0035942359404130416,0.008651806549592451,-0.00505757060917941,0.003650806166908958,0.010051106864755804,-0.0064003006978468465,0.00191887897050368,0.0034872685130473906,-0.0015683895425437104
PC_OFF,transient_50ms,H1_off,logit,4,0.43896667659282684,0.5068469420075417,-0.06788026541471481,0.43896667659282684,0.5068469420075417,-0.06788026541471481,1380.0,1373.3333333333335,6.666666666666686,1080.0,1073.3333333333335,6.666666666666686,0.70155880600214,0.786909744143486,-0.08535093814134598,0.06284896284341812,0.08153357356786728,-0.018684610724449158,-1.1079013347625732e-05,-2.0563602447509766e-05,9.484589099884033e-06,0.12547647766768932,0.12113266997039318,0.004343807697296143,0.2152225449681282,0.24989093095064163,-0.03466838598251343,0.12547647766768932,0.12113266997039318,0.004343807697296143,0.28767092525959015,0.2973121963441372,-0.009641271084547043,0.001860561293142382,0.001505599939264357,0.00035496135387802497,0.007786490023136139,0.007070422172546387,0.0007160678505897522,0.007786490023136139,0.007070422172546387,0.0007160678505897522,0.0034619077487150207,0.002720014177612029,0.0007418935711029917
all,transient_50ms,H1_off,logit,22,0.36993222074075177,0.36312431503425946,0.006807905706492337,0.36993222074075177,0.3881195553324439,-0.018187334591692143,1377.878787878788,1327.2727272727275,50.60606060606057,1077.878787878788,1027.2727272727275,50.60606060606057,0.4695259217511524,0.4949186931956898,-0.025392771444537422,0.09712303362109444,0.06204509328712116,0.035077940333973275,-1.567940820347179e-05,-1.709738915616816e-05,1.4179809526963667e-06,0.08816782656041058,0.08752546256238763,0.0006423639980229465,0.12900601361285557,0.1331121318719604,-0.0041061182591048155,0.08816782656041058,0.08752546256238763,0.0006423639980229465,0.1288907720961354,0.14542145214297555,-0.01653068004684015,0.0010785587602929975,0.0024606981314718723,-0.0013821393711788749,0.0045828670263290405,0.010445434938777576,-0.005862567912448536,0.0046991069208491935,0.012602689591321077,-0.007903582670471886,0.0019190857247766953,0.0034881111139177597,-0.0015690253891410646
PC_OFF,large_field_50ms,H1_off,logit,4,0.06141006946563721,0.29045386612415314,-0.22904379665851593,0.29353272914886475,0.29045386612415314,0.003078863024711609,603.3333333333334,355.0,248.33333333333337,303.33333333333337,55.00000000000003,248.33333333333337,-3.476937765478638e-10,-9.934107286779792e-10,6.457169521301154e-10,-0.008216619491577148,-0.09102188795804977,0.08280526846647263,1.3411044774702674e-09,-3.9736428036896143e-10,1.7384687578392288e-09,0.12547647766768932,0.12113266997039318,0.004343807697296143,0.1555562224239111,0.15769020281732082,-0.002133980393409729,0.12547647766768932,0.12113266997039318,0.004343807697296143,0.1555562224239111,0.15769020281732082,-0.002133980393409729,0.0009414996748091653,0.000879393121067551,6.210655374161433e-05,-0.01225021481513977,0.011967286467552185,-0.024217501282691956,0.014583379030227661,0.012728676199913025,0.0018547028303146362,-5.463759167323445e-10,-7.450580499779313e-10,1.986821332455868e-10
all,large_field_50ms,H1_off,logit,22,0.08551348881288008,0.12247956070032986,-0.03696607188744978,0.21319665150208908,0.21526835452426563,-0.002071703022176569,398.7878787878788,394.54545454545456,4.242424242424249,98.78787878787881,94.54545454545456,4.242424242424249,1.5352711526326536e-10,1.0837209160366709e-10,4.515502365959828e-11,-0.06557434526356784,-0.09377232600342143,0.0281979807398536,1.0746898093660917e-09,7.04418558836941e-10,3.7027125052915074e-10,0.08816782656041058,0.08752546256238763,0.0006423639980229465,0.02484725376019593,0.033130127396857875,-0.008282873636661943,0.08816782656041058,0.08752546256238763,0.0006423639980229465,0.02484725376019593,0.033130127396857875,-0.008282873636661943,0.0006375873847652904,0.0017907904088629452,-0.0011532030240976549,0.0026520924134687943,0.013556732372804121,-0.010904639959335327,0.008870384909889915,0.023534365675666115,-0.014663980765776201,-9.934107576951719e-11,-2.7093023531725308e-11,-7.224805223779188e-11
PC_OFF,slow_step,H1_off,probability,4,0.09579798206686974,0.11675888299942017,-0.02096090093255043,0.09579798206686974,0.11675888299942017,-0.02096090093255043,1538.3333333333335,1516.6666666666667,21.666666666666686,1238.3333333333335,1216.6666666666667,21.666666666666686,0.13556273095309734,0.15472176671028137,-0.01915903575718403,0.02296687290072441,0.03311979025602341,-0.010152917355298996,0.0010366979986429214,0.0017461180686950684,-0.0007094200700521469,0.02305670641362667,0.02225798973813653,0.0007987166754901409,0.06578806508332491,0.0813314113765955,-0.015543346293270588,0.02305670641362667,0.02225798973813653,0.0007987166754901409,0.04434530343860388,0.048162818886339664,-0.0038175154477357864,0.000907581936189672,0.0007164274429669604,0.0001911544932227116,0.0018613673746585846,0.0016884095966815948,0.00017295777797698975,0.0018613673746585846,0.0016884095966815948,0.00017295777797698975,0.0007310776891245041,0.0005721357538277516,0.0001589419352967525
all,slow_step,H1_off,probability,22,0.07315977832133119,0.0761899243701588,-0.0030301460488276048,0.07315977832133119,0.07930695062333887,-0.006147172302007675,1530.0,1560.909090909091,-30.90909090909092,1230.0,1260.909090909091,-30.90909090909092,0.08214618765156377,0.08751233150674538,-0.005366143855181607,0.02662461759014563,0.02455922622572292,0.0020653913644227114,0.0027385179630734706,0.003053468588570302,-0.00031495062549683183,0.014874910766428167,0.014672640668736263,0.00020227009769190442,0.05026620592583309,0.052626860243352974,-0.0023606543175198817,0.014874910766428167,0.014672640668736263,0.00020227009769190442,0.01503477893261747,0.017909493466669864,-0.0028747145340523935,0.00032413384054631354,0.0006181759811376899,-0.0002940421405913763,0.0005614970895377072,0.0009119144894860008,-0.0003504173999482935,0.0009134205227548426,0.0022444670850580387,-0.0013310465623031962,0.00034967205415755,0.0006057535391102482,-0.00025608148495269813
PC_OFF,slow_1Hz,H1_off,probability,4,0.09579801931977272,0.11675891280174255,-0.020960893481969833,0.09579801931977272,0.11675891280174255,-0.020960893481969833,1038.3333333333335,1016.6666666666667,21.666666666666686,738.3333333333334,716.6666666666667,21.666666666666686,0.13548771105706692,0.15460288897156715,-0.019115177914500237,0.022966910153627396,0.033119820058345795,-0.010152909904718399,0.0009616781026124954,0.0016272403299808502,-0.0006655622273683548,0.02305670641362667,0.02225798973813653,0.0007987166754901409,0.06579005066305399,0.08133397996425629,-0.015543929301202297,0.02305670641362667,0.02225798973813653,0.0007987166754901409,0.044345670379698277,0.04816315229982138,-0.0038174819201231003,0.0009476456325501204,0.0007711122452747077,0.00017653338727541268,0.002111028879880905,0.0019885338842868805,0.00012249499559402466,0.002111028879880905,0.0019885338842868805,0.00012249499559402466,0.0007346656602749135,0.0005733718990086345,0.00016129376126627903
all,slow_1Hz,H1_off,probability,22,0.07315975461493839,0.0761879404837435,-0.003028185868805105,0.07315975461493839,0.07930496673692357,-0.006145212121985175,1030.0,1107.2727272727273,-77.27272727272728,730.0,807.2727272727273,-77.27272727272728,0.08198527390645309,0.08732021703723479,-0.005334943130781705,0.026624593883752823,0.024557242339307613,0.0020673515444452114,0.0025776042179627852,0.0028613541190597143,-0.0002837499010969292,0.014874910766428167,0.014672640668736263,0.00020227009769190442,0.05026838420466943,0.052627024918117306,-0.002358640713447874,0.014874910766428167,0.014672640668736263,0.00020227009769190442,0.01503451494500041,0.017911542545665394,-0.002877027600664984,0.0003497574063492886,0.0007072495960032525,-0.0003574921896539639,0.0008250044828111476,0.0015229203484275124,-0.000697915865616365,0.0009876669130542061,0.002405319701541554,-0.0014176527884873476,0.00034841770808601393,0.0005977313773076854,-0.0002493136692216715
PC_OFF,slow_2Hz,H1_off,probability,4,0.09579849615693092,0.1167592704296112,-0.020960774272680283,0.09579849615693092,0.1167592704296112,-0.020960774272680283,786.6666666666667,765.0,21.666666666666657,486.66666666666674,465.00000000000006,21.666666666666657,0.13533463701605797,0.1543604414910078,-0.019025804474949837,0.0229673869907856,0.03312017768621445,-0.010152790695428848,0.0008086040616035461,0.0013847928494215012,-0.000576188787817955,0.02305670641362667,0.02225798973813653,0.0007987166754901409,0.06582572683691978,0.08138572424650192,-0.015559997409582138,0.02305670641362667,0.02225798973813653,0.0007987166754901409,0.04387448634952307,0.04748684959486127,-0.0036123632453382015,0.0010261566312692594,0.0008790653428150108,0.00014709128845424857,0.0021109506487846375,0.0019886456429958344,0.0001223050057888031,0.0021109506487846375,0.0019886456429958344,0.0001223050057888031,0.0007419798603223171,0.0005760141721111722,0.00016596568821114488
all,slow_2Hz,H1_off,probability,22,0.07315727695822716,0.07613535597920418,-0.0029780790209770203,0.07315727695822716,0.07925238223238425,-0.00609510527415709,775.1515151515152,1021.5151515151516,-246.36363636363637,475.1515151515152,721.5151515151515,-246.36363636363637,0.08165643914518031,0.08693220955319703,-0.005275770408016714,0.02662211622704159,0.024504657834768295,0.002117458392273296,0.002248769456690008,0.0024733466350219464,-0.00022457717833193865,0.014874910766428167,0.014672640668736263,0.00020227009769190442,0.05030494945293123,0.05261579951779409,-0.0023108500648628583,0.014874910766428167,0.014672640668736263,0.00020227009769190442,0.014350861437957396,0.01726009460551061,-0.0029092331675532146,0.00040009807790656026,0.000876877958944533,-0.00047677988103797276,0.0008257746019146659,0.0015173124318773096,-0.0006915378299626437,0.000986745073036714,0.0023962438783862376,-0.0014094988053495233,0.0003460437257506948,0.0005825321598174262,-0.0002364884340667314
PC_OFF,rapid_10Hz,H1_off,probability,4,0.07954991608858109,0.09076345339417458,-0.01121353730559349,0.07954991608858109,0.09076345339417458,-0.01121353730559349,428.33333333333337,423.33333333333337,5.0,128.33333333333334,123.33333333333334,5.0,0.1345509272068739,0.15301306173205376,-0.018462134525179863,0.0067188069224357605,0.007124360650777817,-0.0004055537283420563,2.489425241947174e-05,3.7413090467453e-05,-1.2518838047981262e-05,0.02305670641362667,0.02225798973813653,0.0007987166754901409,0.048157413490116596,0.05977929476648569,-0.011621881276369095,0.02305670641362667,0.02225798973813653,0.0007987166754901409,0.05608013551682234,0.06025778502225876,-0.0041776495054364204,0.0009307374602940399,0.0009017816264531575,2.8955833840882406e-05,0.0017919018864631653,0.0016621723771095276,0.0001297295093536377,0.0017919018864631653,0.0016621723771095276,0.0001297295093536377,0.0007876245326770004,0.0006169710304675391,0.0001706535022094613
all,rapid_10Hz,H1_off,probability,22,0.058280972255901856,0.05638305402614854,0.001897918229753321,0.058280972255901856,0.059500080279328606,-0.0012191080234267495,431.21212121212125,505.45454545454544,-74.24242424242424,131.21212121212122,205.45454545454547,-74.24242424242424,0.07980602615597573,0.08472091425210238,-0.004914888096126643,0.011745811524716291,0.004752355881712653,0.006993455643003637,0.00039835646748542786,0.00026205133392729544,0.00013630513355813244,0.014874910766428167,0.014672640668736263,0.00020227009769190442,0.03324401179667224,0.035310673993080854,-0.0020666621964086185,0.014874910766428167,0.014672640668736263,0.00020227009769190442,0.02425170786128464,0.028670993083241312,-0.00441928522195667,0.0004508590468090419,0.00114308649029805,-0.0006922274434890079,0.0008676878430626609,0.0018518143756823106,-0.0009841265326196497,0.0008828897367824208,0.002159478650851683,-0.0012765889140692625,0.0003573780228717541,0.0006113735322618264,-0.00025399550939007236
PC_OFF,rapid_20Hz,H1_off,probability,4,0.07218031957745552,0.08258526027202606,-0.010404940694570541,0.07218031957745552,0.08258526027202606,-0.010404940694570541,405.0,396.6666666666667,8.333333333333343,105.00000000000001,96.66666666666667,8.333333333333343,0.13449237495660782,0.15293903648853302,-0.0184466615319252,-0.0006507895886898041,-0.001053832471370697,0.00040304288268089294,-3.3657997846603394e-05,-3.661215305328369e-05,2.954155206680298e-06,0.023245922289788723,0.023109853733330965,0.00013606855645775795,0.04263158608227968,0.051650813780725,-0.00901922769844532,0.023245922289788723,0.023109853733330965,0.00013606855645775795,0.05310775991529226,0.05692325811833143,-0.0038154982030391693,0.00044655132933257846,0.0004106523929294781,3.589893640310038e-05,0.001246333122253418,0.001184362918138504,6.197020411491394e-05,0.001246333122253418,0.001184362918138504,6.197020411491394e-05,0.0007929542498459341,0.0006346350764943054,0.0001583191733516287
all,rapid_20Hz,H1_off,probability,22,0.0466952036050233,0.046608069064942276,8.713454008102417e-05,0.0466952036050233,0.04908283766020428,-0.002387634055180983,508.7878787878788,476.66666666666674,32.12121212121213,208.7878787878788,176.66666666666669,32.12121212121213,0.07942183874547482,0.08443943207914179,-0.005017593333666975,0.0001600428738377311,-0.005022629079493609,0.005182671953331341,1.4169056984511288e-05,-1.9430839033289388e-05,3.359989601780068e-05,0.015198715920136734,0.01536003432490609,-0.0001613184047693556,0.02396012017164718,0.02627185791392218,-0.0023117377422749996,0.015198715920136734,0.01536003432490609,-0.0001613184047693556,0.03093628983267329,0.03466589854691516,-0.0037296087142418733,0.0002403271138394881,0.000575122778172954,-0.0003347956643334659,0.0006925246932289817,0.001615727489644831,-0.0009232027964158492,0.000700400634245439,0.0017817318439483643,-0.0010813312097029252,0.0003777738661070047,0.0006695218580716755,-0.0002917479919646708
PC_OFF,transient_50ms,H1_off,probability,4,0.08630095794796944,0.10200276970863342,-0.015701811760663986,0.08630095794796944,0.10200276970863342,-0.015701811760663986,1380.0,1373.3333333333335,6.666666666666686,1080.0,1073.3333333333335,6.666666666666686,0.13455280289053917,0.15302596800029278,-0.01847316510975361,0.013469848781824112,0.018363676965236664,-0.004893828183412552,2.6769936084747314e-05,5.0319358706474304e-05,-2.354942262172699e-05,0.02305670641362667,0.02225798973813653,0.0007987166754901409,0.04083686601370573,0.04779773112386465,-0.00696086511015892,0.02305670641362667,0.02225798973813653,0.0007987166754901409,0.054135764483362436,0.055583697743713856,-0.0014479332603514194,0.00042649017086660024,0.0003524469075273373,7.404326333926292e-05,0.0017999336123466492,0.0016451962292194366,0.00015473738312721252,0.0017999336123466492,0.0016451962292194366,0.00015473738312721252,0.000791087542893365,0.0006347518083202885,0.00015633573457307648
all,transient_50ms,H1_off,probability,22,0.06447317248040979,0.06473748860034076,-0.0002643161199309609,0.06447317248040979,0.06785451485352083,-0.003381342373111031,1377.878787878788,1327.2727272727275,50.60606060606057,1077.878787878788,1027.2727272727275,50.60606060606057,0.07948216033930128,0.08453241240402515,-0.00505025206472386,0.017938011749224228,0.013106790455904875,0.004831221293319355,7.449065081097864e-05,7.354948585006323e-05,9.411649609153921e-07,0.014874910766428167,0.014672640668736263,0.00020227009769190442,0.021587181455371054,0.022623322099785913,-0.0010361406444148583,0.014874910766428167,0.014672640668736263,0.00020227009769190442,0.02166009952568195,0.02436816654252735,-0.0027080670168454,0.00021138074854124253,0.000444151276579677,-0.00023277052803843452,0.0008696172047745098,0.001864188096740029,-0.0009945708919655192,0.0008850913833488117,0.002110700715671886,-0.0012256093323230743,0.00037967021746060874,0.0006667403180141595,-0.00028707010055355073
PC_OFF,large_field_50ms,H1_off,probability,4,0.055452991276979446,0.05419505760073662,0.0012579336762428284,0.055452991276979446,0.05419505760073662,0.0012579336762428284,353.33333333333337,355.0,-1.6666666666666572,53.33333333333337,55.00000000000003,-1.6666666666666572,0.00034166371551691554,0.00035229179229645524,-1.0628076779539697e-05,-0.011831708252429962,-0.01976919174194336,0.007937483489513397,-0.0001207393070217222,-0.00019679201977851335,7.605271275679115e-05,0.02305670641362667,0.02225798973813653,0.0007987166754901409,0.02903263154439628,0.028471254277974367,0.0005613772664219141,0.02305670641362667,0.02225798973813653,0.0007987166754901409,0.02903263154439628,0.028471254277974367,0.0005613772664219141,0.00019614861321315402,0.00018886600264522713,7.282610567926895e-06,0.003339797258377075,0.002946294844150543,0.000393502414226532,0.003339797258377075,0.002946294844150543,0.000393502414226532,2.5066870776413452e-05,1.9204133479888696e-05,5.862737296524756e-06
all,large_field_50ms,H1_off,probability,22,0.035907342691313134,0.03576229140162468,0.00014505128968845713,0.035907342691313134,0.03576229140162468,0.00014505128968845713,580.6060606060606,485.45454545454544,95.15151515151516,280.6060606060606,185.45454545454547,95.15151515151516,0.00020302584504282674,0.0002221503588605794,-1.9124513817752646e-05,-0.007953283461657438,-0.013003908097743988,0.005050624636086551,-5.9305119645035696e-05,-0.00010070601923540711,4.140089959037141e-05,0.014874910766428167,0.014672640668736263,0.00020227009769190442,0.0048281533289065755,0.006047068391291594,-0.0012189150623850185,0.014874910766428167,0.014672640668736263,0.00020227009769190442,0.0048281533289065755,0.006047068391291594,-0.0012189150623850185,0.00011045537175133094,0.0002813174298187898,-0.00017086205806745883,0.0015840310264717448,0.003739620474251834,-0.002155589447780089,0.0016497119583866813,0.003952456468885595,-0.0023027445104989138,7.5409112315324736e-06,1.933720140682867e-05,-1.1796290175296194e-05
PC_OFF,slow_step,AC_off,logit,4,0.49485351145267487,0.6324646323919296,-0.13761112093925476,0.49485351145267487,0.6324646323919296,-0.13761112093925476,1596.6666666666667,1253.3333333333335,343.33333333333326,1296.6666666666667,953.3333333333335,343.33333333333326,0.9717761725187302,1.2414810061454773,-0.26970483362674713,0.006711579859256744,0.008717477321624756,-0.0020058974623680115,-3.084540367126465e-06,-5.036592483520508e-06,1.952052116394043e-06,0.14520088210701942,0.17076090723276138,-0.02556002512574196,0.347363643348217,0.4584665074944496,-0.1111028641462326,0.14520088210701942,0.17076090723276138,-0.02556002512574196,0.47980793565511703,0.6131300330162048,-0.1333220973610878,0.13805122673511505,0.2270025610923767,-0.08895133435726166,0.26351214945316315,0.3984261751174927,-0.13491402566432953,0.26351214945316315,0.3984261751174927,-0.13491402566432953,0.27397284656763077,0.45785894244909286,-0.1838860958814621
all,slow_step,AC_off,logit,22,0.42631963708183984,0.5115643997084011,-0.08524476262656125,0.42631963708183984,0.5115643997084011,-0.08524476262656125,1583.3333333333335,1476.6666666666667,106.66666666666664,1283.3333333333335,1176.6666666666667,106.66666666666664,0.8405076129869982,0.9866259341890161,-0.14611832120201804,0.0039549320936203,0.01527749543840235,-0.01132256334478205,3.79302284934304e-08,-2.7174299413507636e-06,2.755360169844194e-06,0.1242647682401267,0.1489138322120363,-0.02464906397190961,0.3016361330043186,0.36119021339849994,-0.059554080394181336,0.1242647682401267,0.1489138322120363,-0.02464906397190961,0.41502956504171545,0.47713140601461584,-0.06210184097290039,0.19041436368768866,0.24579908021471716,-0.05538471652702852,0.3635115352543918,0.42837313359433954,-0.06486159833994778,0.3635115352543918,0.42837313359433954,-0.06486159833994778,0.3734776743433692,0.4958708624948155,-0.12239318815144626
PC_OFF,slow_1Hz,AC_off,logit,4,0.49485430121421814,0.6324656307697296,-0.13761132955551147,0.49485430121421814,0.6324656307697296,-0.13761132955551147,1095.0,875.0,219.99999999999997,795.0,575.0,219.99999999999997,0.9717765748500824,1.2414816617965698,-0.2697050869464874,0.006712369620800018,0.008718475699424744,-0.0020061060786247253,-2.682209014892578e-06,-4.380941390991211e-06,1.6987323760986328e-06,0.14520088210701942,0.17076090723276138,-0.02556002512574196,0.3473640978336334,0.45846714079380035,-0.11110304296016693,0.14520088210701942,0.17076090723276138,-0.02556002512574196,0.4798191040754318,0.6131448447704315,-0.1333257406949997,0.13782596588134766,0.2269684411585331,-0.08914247527718544,0.26351429522037506,0.3984261751174927,-0.13491187989711761,0.26351429522037506,0.3984261751174927,-0.13491187989711761,0.2739347591996193,0.45778947323560715,-0.18385471403598785
all,slow_1Hz,AC_off,logit,22,0.4263202358375896,0.5115593278949911,-0.08523909205740149,0.4263202358375896,0.5115593278949911,-0.08523909205740149,1069.090909090909,976.6666666666667,92.42424242424244,769.0909090909091,676.6666666666667,92.42424242424244,0.8405077376148917,0.9866267551075328,-0.1461190174926411,0.0039555308493700895,0.01527242362499237,-0.011316892775622282,1.625581221147017e-07,-1.8965114246715198e-06,2.0590695467862217e-06,0.1242647682401267,0.1489138322120363,-0.02464906397190961,0.30163641477173025,0.3611858141693202,-0.05954939939758994,0.1242647682401267,0.1489138322120363,-0.02464906397190961,0.4150395799766887,0.4771465334025296,-0.0621069534258409,0.18985919722101904,0.24576192078265277,-0.05590272356163372,0.36352168971841986,0.4286105361851779,-0.06508884646675804,0.36352168971841986,0.4286105361851779,-0.06508884646675804,0.3734140965071591,0.4957957755435597,-0.12238167903640053
PC_OFF,slow_2Hz,AC_off,logit,4,0.4948700740933418,0.632490873336792,-0.13762079924345016,0.4948700740933418,0.632490873336792,-0.13762079924345016,768.3333333333334,666.6666666666667,101.66666666666666,468.33333333333337,366.66666666666674,101.66666666666666,0.9717773795127869,1.241482824087143,-0.2697054445743561,0.006728142499923706,0.008743718266487122,-0.0020155757665634155,-1.8775463104248047e-06,-3.2186508178710938e-06,1.341104507446289e-06,0.14520088210701942,0.17076090723276138,-0.02556002512574196,0.3473659083247185,0.4584788605570793,-0.11111295223236084,0.14520088210701942,0.17076090723276138,-0.02556002512574196,0.47982218861579895,0.6131570041179657,-0.13333481550216675,0.1373627930879593,0.22691187635064125,-0.08954908326268196,0.26351214945316315,0.3984261751174927,-0.13491402566432953,0.26351214945316315,0.3984261751174927,-0.13491402566432953,0.27385930716991425,0.45765163749456406,-0.1837923303246498
all,slow_2Hz,AC_off,logit,22,0.4263237403197722,0.5114613188938661,-0.0851375785740939,0.4263237403197722,0.5114613188938661,-0.0851375785740939,763.3333333333335,764.5454545454545,-1.2121212121212053,463.33333333333337,464.54545454545456,-1.2121212121212053,0.8405079977078871,0.9866282696073706,-0.14612027189948343,0.003959035331552679,0.015174414623867382,-0.011215379292314703,4.2265111749822443e-07,-3.82011586969549e-07,8.046627044677734e-07,0.1242647682401267,0.1489138322120363,-0.02464906397190961,0.30162973227826034,0.3610929745164784,-0.05946324223821813,0.1242647682401267,0.1489138322120363,-0.02464906397190961,0.41515036062760785,0.47712203047492285,-0.06197166984731501,0.1887308027256619,0.24569191580468958,-0.056961113079027695,0.3635061329061335,0.42827387018637225,-0.06476773728023875,0.3635061329061335,0.42827387018637225,-0.06476773728023875,0.37328761274164374,0.4956470009955493,-0.12235938825390556
PC_OFF,rapid_10Hz,AC_off,logit,4,0.4934225156903267,0.6305422782897949,-0.13711976259946823,0.4934225156903267,0.6305422782897949,-0.13711976259946823,420.0,418.33333333333337,1.6666666666666572,120.0,118.33333333333334,1.6666666666666572,0.971779465675354,1.24148628115654,-0.2697068154811859,0.005280584096908569,0.006795123219490051,-0.001514539122581482,2.086162567138672e-07,2.384185791015625e-07,-2.9802322387695312e-08,0.14520088210701942,0.17076090723276138,-0.02556002512574196,0.34429963678121567,0.4546715244650841,-0.11037188768386841,0.14520088210701942,0.17076090723276138,-0.02556002512574196,0.4440241754055023,0.5511100888252258,-0.10708591341972351,0.13407132774591446,0.22399485856294632,-0.08992353081703186,0.18994509428739548,0.2864387333393097,-0.09649363905191422,0.18994509428739548,0.2864387333393097,-0.09649363905191422,0.273665152490139,0.45727206766605377,-0.18360691517591476
all,rapid_10Hz,AC_off,logit,22,0.42497623644091864,0.5056617815386165,-0.08068554509769786,0.42497623644091864,0.5056617815386165,-0.08068554509769786,428.1818181818182,431.51515151515156,-3.33333333333334,128.18181818181822,131.51515151515153,-3.33333333333334,0.840508062731136,0.9866302717815746,-0.14612220905043863,0.002611531452699141,0.009374877268617804,-0.006763345815918662,4.876743663441051e-07,1.620162617076527e-06,-1.1324882507324219e-06,0.1242647682401267,0.1489138322120363,-0.02464906397190961,0.29802060398188507,0.35011798956177453,-0.05209738557988947,0.1242647682401267,0.1489138322120363,-0.02464906397190961,0.3739729625257579,0.4373459964990616,-0.06337303397330371,0.18350814418359238,0.24315287375991995,-0.05964472957632758,0.28485655920072034,0.33239895647222345,-0.047542397271503105,0.28485655920072034,0.33239895647222345,-0.047542397271503105,0.37290139631791547,0.4951916960152713,-0.12229029969735579
PC_OFF,rapid_20Hz,AC_off,logit,4,0.4896736666560173,0.6258248537778854,-0.13615118712186813,0.4896736666560173,0.6258248537778854,-0.13615118712186813,416.6666666666667,418.33333333333337,-1.6666666666666714,116.66666666666667,118.33333333333334,-1.6666666666666714,0.9717794507741928,1.2414862513542175,-0.2697068005800247,0.0015317350625991821,0.0020776987075805664,-0.0005459636449813843,1.9371509552001953e-07,2.086162567138672e-07,-1.4901161193847656e-08,0.1453325729817152,0.17094525694847107,-0.025612683966755867,0.3411191925406456,0.4506431967020035,-0.10952400416135788,0.1453325729817152,0.17094525694847107,-0.025612683966755867,0.34817689284682274,0.42068586498498917,-0.07250897213816643,0.13291119411587715,0.22250767052173615,-0.089596476405859,0.15095069259405136,0.2414798066020012,-0.09052911400794983,0.15095069259405136,0.2414798066020012,-0.09052911400794983,0.27366501837968826,0.45726893097162247,-0.1836039125919342
all,rapid_20Hz,AC_off,logit,22,0.42295634882016614,0.4992601438002153,-0.07630379498004913,0.42295634882016614,0.4992601438002153,-0.07630379498004913,428.48484848484844,432.42424242424244,-3.9393939393939403,128.4848484848485,132.42424242424244,-3.9393939393939403,0.8405078405683691,0.9866295456886292,-0.14612170512026007,0.0005916438319466331,0.0029732395302165637,-0.002381595698269931,2.6551159945401276e-07,8.940696716308594e-07,-6.285580721768466e-07,0.12429319491440599,0.1489571783352982,-0.024663983420892197,0.2964292283762585,0.34509256007996475,-0.04866333170370622,0.12429319491440599,0.1489571783352982,-0.024663983420892197,0.2934023914012042,0.3495296700434251,-0.05612727864222093,0.18163520436395297,0.24138965660875494,-0.059754452244801956,0.2187455797737295,0.2700603238560937,-0.051314744082364167,0.2187455797737295,0.2700603238560937,-0.051314744082364167,0.37288190153512085,0.49517675963315094,-0.12229485809803009
PC_OFF,transient_50ms,AC_off,logit,4,0.4933329299092293,0.630685567855835,-0.13735263794660568,0.4933329299092293,0.630685567855835,-0.13735263794660568,895.0,895.0,0.0,595.0,595.0,0.0,0.9717781394720078,1.241484373807907,-0.26970623433589935,0.005190998315811157,0.00693841278553009,-0.001747414469718933,-1.1175870895385742e-06,-1.6689300537109375e-06,5.513429641723633e-07,0.14520088210701942,0.17076090723276138,-0.02556002512574196,0.339854434132576,0.4489910155534744,-0.10913658142089844,0.14520088210701942,0.17076090723276138,-0.02556002512574196,0.44267529249191284,0.5493302196264267,-0.10665492713451385,0.1321583427488804,0.22145524993538857,-0.08929690718650818,0.1927325204014778,0.2918417900800705,-0.09910926967859268,0.1927325204014778,0.2918417900800705,-0.09910926967859268,0.27368126809597015,0.45729461312294006,-0.1836133450269699
all,transient_50ms,AC_off,logit,22,0.42474388398907403,0.5072771676562049,-0.0825332836671309,0.42474388398907403,0.5072771676562049,-0.0825332836671309,1254.5454545454545,1297.2727272727273,-42.72727272727273,954.5454545454545,997.2727272727273,-42.72727272727273,0.8405070765451952,0.9866270395842466,-0.1461199630390514,0.002379179000854492,0.010990263386206194,-0.008611084385351702,-4.985115744850852e-07,-1.612034710970792e-06,1.1135231364857068e-06,0.1242647682401267,0.1489138322120363,-0.02464906397190961,0.29599366607991134,0.3440202488140626,-0.04802658273415132,0.1242647682401267,0.1489138322120363,-0.02464906397190961,0.3735819465734742,0.43650779263539746,-0.0629258460619233,0.18062920597466556,0.24028416993943127,-0.059654963964765724,0.28762308440425177,0.3316275965083729,-0.044004512104121124,0.28762308440425177,0.3316275965083729,-0.044004512104121124,0.37290024621920154,0.49519643458453094,-0.12229618836532939
PC_OFF,large_field_50ms,AC_off,logit,4,0.40052129328250885,0.2908080369234085,0.10971325635910034,0.40052129328250885,0.4880092889070511,-0.08748799562454224,360.0,610.0,-250.0,60.0,310.0,-250.0,-5.463759097934506e-10,-2.4338563942016833e-09,1.8874804844082327e-09,0.26977869868278503,-0.21671009063720703,0.48648878931999207,1.4901161901614834e-09,2.483526301277905e-10,1.241763560033693e-09,0.14326580241322517,0.16819849982857704,-0.024932697415351868,0.2933889739215374,0.37335411459207535,-0.07996514067053795,0.14326580241322517,0.16819849982857704,-0.024932697415351868,0.2933889739215374,0.37335411459207535,-0.07996514067053795,0.01285988325253129,0.01939888228662312,-0.00653899903409183,0.003400951623916626,-0.010734066367149353,0.014135017991065979,0.17544636130332947,0.2505814880132675,-0.07513512670993805,-7.450580222223557e-10,-2.1855037224405294e-09,1.4404457002181736e-09
all,large_field_50ms,AC_off,logit,22,0.2186189050024206,0.18487769094380466,0.033741214058615944,0.3414866409518502,0.3962001610885967,-0.05471352013674649,542.7272727272727,633.3333333333334,-90.60606060606061,242.72727272727272,333.33333333333337,-90.60606060606061,-1.5262401506762916e-09,-1.3817440701714321e-09,-1.4449608050485935e-10,0.06011730161580173,-0.11625833944840865,0.17637564106421036,3.612405450528009e-11,5.328293866730343e-10,-4.967053321677542e-10,0.12358132004737854,0.14731906828555194,-0.023737748238173397,0.2469873225147074,0.27285417237065057,-0.02586684985594316,0.12358132004737854,0.14731906828555194,-0.023737748238173397,0.2469873225147074,0.27285417237065057,-0.02586684985594316,0.017768253487619488,0.020039767619561066,-0.0022715141319415784,0.19553692232478748,0.13154114376414905,0.06399577856063843,0.27253794128244574,0.29294945435090497,-0.02041151306845925,-1.7791083593717131e-09,-1.5172091815219733e-09,-2.6189917784973977e-10
PC_OFF,slow_step,AC_off,probability,4,0.09892847016453743,0.13091357797384262,-0.03198510780930519,0.09892847016453743,0.13091357797384262,-0.03198510780930519,1596.6666666666667,1251.6666666666667,344.99999999999994,1296.6666666666667,951.6666666666667,344.99999999999994,0.19338572397828102,0.2557847201824188,-0.0623989962041378,0.0016457289457321167,0.002173103392124176,-0.0005273744463920593,3.56137752532959e-06,1.426786184310913e-06,2.1345913410186768e-06,0.027103864587843418,0.03290379419922829,-0.005799929611384869,0.0685146851465106,0.09321286156773567,-0.02469817642122507,0.027103864587843418,0.03290379419922829,-0.005799929611384869,0.09535861015319824,0.12619581818580627,-0.030837208032608032,0.02945837192237377,0.05040927045047283,-0.02095089852809906,0.055921755731105804,0.08797959610819817,-0.03205784037709236,0.055921755731105804,0.08797959610819817,-0.03205784037709236,0.05855407379567623,0.10163510404527187,-0.04308103024959564
all,slow_step,AC_off,probability,22,0.0753852857107466,0.0923093506558375,-0.0169240649450909,0.0753852857107466,0.0923093506558375,-0.0169240649450909,1582.4242424242425,1476.3636363636363,106.06060606060605,1282.4242424242425,1176.3636363636363,106.06060606060605,0.1480849954214963,0.1770734272219918,-0.028988431800495495,0.0008460113948041743,0.003067754886367104,-0.00222174349156293,-1.898204738443548e-06,7.508830590681597e-06,-9.407035329125144e-06,0.021006026008928366,0.025504455690018156,-0.004498429681089791,0.052178952673619446,0.06358716653829272,-0.011408213864673267,0.021006026008928366,0.025504455690018156,-0.004498429681089791,0.07306169024245306,0.08543703298677098,-0.012375342744317923,0.03377745651893995,0.04470623149113222,-0.010928774972192266,0.06408223746852441,0.07699861817739227,-0.012916380708867853,0.06408223746852441,0.07699861817739227,-0.012916380708867853,0.06628848087381232,0.09016685120084068,-0.023878370327028362
PC_OFF,slow_1Hz,AC_off,probability,4,0.09892866387963295,0.1309138387441635,-0.03198517486453056,0.09892866387963295,0.1309138387441635,-0.03198517486453056,1095.0,873.3333333333334,221.66666666666666,795.0,573.3333333333334,221.66666666666666,0.19338545948266983,0.2557845637202263,-0.06239910423755646,0.0016459226608276367,0.0021733641624450684,-0.0005274415016174316,3.296881914138794e-06,1.2703239917755127e-06,2.0265579223632812e-06,0.027103864587843418,0.03290379419922829,-0.005799929611384869,0.0685147950425744,0.09321301802992821,-0.0246982229873538,0.027103864587843418,0.03290379419922829,-0.005799929611384869,0.09536106325685978,0.12619918957352638,-0.030838126316666603,0.02945868717506528,0.05046937149018049,-0.021010684315115213,0.055922336876392365,0.08797959610819817,-0.0320572592318058,0.055922336876392365,0.08797959610819817,-0.0320572592318058,0.05863241013139486,0.10175505466759205,-0.043122644536197186
all,slow_1Hz,AC_off,probability,22,0.07538540627468716,0.09230820462107658,-0.016922798346389423,0.07538540627468716,0.09230820462107658,-0.016922798346389423,1068.787878787879,976.3636363636364,92.42424242424244,768.7878787878789,676.3636363636364,92.42424242424244,0.14808480136773802,0.17707194354046474,-0.02898714217272672,0.0008461319587447426,0.0030666088516061955,-0.002220476892861453,-2.092258496717973e-06,6.025149063630537e-06,-8.11740756034851e-06,0.021006026008928366,0.025504455690018156,-0.004498429681089791,0.052179010923613205,0.0635861928828738,-0.011407181959260593,0.021006026008928366,0.025504455690018156,-0.004498429681089791,0.07306363281201232,0.08544013225896792,-0.012376499446955595,0.03376596128906716,0.044797625223344024,-0.011031663934276863,0.0640823905440894,0.07705214382572607,-0.012969753281636671,0.0640823905440894,0.07705214382572607,-0.012969753281636671,0.06644794497300278,0.09034946120598099,-0.023901516232978214
PC_OFF,slow_2Hz,AC_off,probability,4,0.09893259033560753,0.13092005252838135,-0.03198746219277382,0.09893259033560753,0.13092005252838135,-0.03198746219277382,768.3333333333334,666.6666666666667,101.66666666666666,468.33333333333337,366.66666666666674,101.66666666666666,0.19338487088680267,0.25578420981764793,-0.06239933893084526,0.0016498491168022156,0.002179577946662903,-0.0005297288298606873,2.7082860469818115e-06,9.164214134216309e-07,1.7918646335601807e-06,0.027103864587843418,0.03290379419922829,-0.005799929611384869,0.06851564347743988,0.09321584366261959,-0.02470020018517971,0.027103864587843418,0.03290379419922829,-0.005799929611384869,0.09535610862076283,0.12619619444012642,-0.030840085819363594,0.029458489269018173,0.05059426371008158,-0.021135774441063404,0.05592343956232071,0.08797959610819817,-0.03205615654587746,0.05592343956232071,0.08797959610819817,-0.03205615654587746,0.058792226016521454,0.10199976526200771,-0.04320753924548626
all,slow_2Hz,AC_off,probability,22,0.07538627189668742,0.09228585694323886,-0.016899585046551445,0.07538627189668742,0.09228585694323886,-0.016899585046551445,763.0303030303031,741.8181818181819,21.21212121212122,463.03030303030306,441.8181818181818,21.21212121212122,0.14808439294045622,0.17706917226314545,-0.028984779322689228,0.0008469975807450035,0.003044261173768477,-0.0021972635930234737,-2.500685778531161e-06,3.2538717443292793e-06,-5.75455752286044e-06,0.021006026008928366,0.025504455690018156,-0.004498429681089791,0.05217791094698689,0.06356566941196268,-0.01138775846497579,0.021006026008928366,0.025504455690018156,-0.004498429681089791,0.0730826732787219,0.08543588204140012,-0.012353208762678232,0.033743075391447004,0.0449839871884747,-0.011240911797027697,0.06408146870407191,0.07700210708108815,-0.012920638377016241,0.06408146870407191,0.07700210708108815,-0.012920638377016241,0.06677400159903547,0.09071949005804279,-0.023945488459007305
PC_OFF,rapid_10Hz,AC_off,probability,4,0.0985705740749836,0.1304246038198471,-0.03185402974486351,0.0985705740749836,0.1304246038198471,-0.03185402974486351,420.0,418.33333333333337,1.6666666666666572,120.0,118.33333333333334,1.6666666666666572,0.1933816410601139,0.2557819113135338,-0.062400270253419876,0.0012878328561782837,0.0016841292381286621,-0.0003962963819503784,-5.21540641784668e-07,-1.3820827007293701e-06,8.605420589447021e-07,0.027103864587843418,0.03290379419922829,-0.005799929611384869,0.06782075483351946,0.0923074297606945,-0.024486674927175045,0.027103864587843418,0.03290379419922829,-0.005799929611384869,0.08746316842734814,0.1119669247418642,-0.024503756314516068,0.029226763639599085,0.05069843493402004,-0.021471671294420958,0.04104108735918999,0.06441159918904305,-0.023370511829853058,0.04104108735918999,0.06441159918904305,-0.023370511829853058,0.059618329629302025,0.1033858098089695,-0.04376748017966747
all,rapid_10Hz,AC_off,probability,22,0.07510384273799983,0.09113547849384221,-0.01603163575584238,0.07510384273799983,0.09113547849384221,-0.01603163575584238,428.1818181818182,431.51515151515156,-3.33333333333334,128.18181818181822,131.51515151515153,-3.33333333333334,0.1480839862064882,0.17705788361755284,-0.028973897411064667,0.0005645684220574119,0.0018938827243718233,-0.0013293143023144114,-2.9074197465723213e-06,-8.034773848273538e-06,5.127354101701216e-06,0.021006026008928366,0.025504455690018156,-0.004498429681089791,0.051476682112975555,0.06147317732260986,-0.009996495209634304,0.021006026008928366,0.025504455690018156,-0.004498429681089791,0.06540576935830442,0.07770350236784328,-0.012297733009538868,0.03378854590383443,0.04568356859751723,-0.0118950226936828,0.05151858925819397,0.061457922851497475,-0.009939333593303507,0.05151858925819397,0.061457922851497475,-0.009939333593303507,0.06863533265211365,0.0929483390328559,-0.024313006380742245
PC_OFF,rapid_20Hz,AC_off,probability,4,0.09766068682074547,0.12925785034894943,-0.031597163528203964,0.09766068682074547,0.12925785034894943,-0.031597163528203964,416.6666666666667,418.33333333333337,-1.6666666666666714,116.66666666666667,118.33333333333334,-1.6666666666666714,0.19338110089302063,0.2557818554341793,-0.062400754541158676,0.00037794560194015503,0.0005173757672309875,-0.00013943016529083252,-1.0617077350616455e-06,-1.4379620552062988e-06,3.762543201446533e-07,0.027134910225868225,0.032948125153779984,-0.005813214927911758,0.06706635095179081,0.09132844768464565,-0.024262096732854843,0.027134910225868225,0.032948125153779984,-0.005813214927911758,0.06727997865527868,0.08367880433797836,-0.01639882568269968,0.02903509559109807,0.05044048186391592,-0.02140538627281785,0.032912787050008774,0.054687537252902985,-0.02177475020289421,0.032912787050008774,0.054687537252902985,-0.02177475020289421,0.05968168657273054,0.10347747057676315,-0.04379578400403261
all,rapid_20Hz,AC_off,probability,22,0.07467267289757729,0.08983968164433133,-0.01516700874675404,0.07467267289757729,0.08983968164433133,-0.01516700874675404,428.48484848484844,432.42424242424244,-3.9393939393939403,128.4848484848485,132.42424242424244,-3.9393939393939403,0.1480851803313602,0.17705993726849556,-0.02897475693713535,0.00013339858163486827,0.000598085874860937,-0.0004646872932260687,-1.713294874538075e-06,-5.981122905557806e-06,4.267828031019731e-06,0.02101237695156173,0.025514098434624346,-0.004501721483062614,0.0511533741585233,0.06051934442736886,-0.009365970268845558,0.02101237695156173,0.025514098434624346,-0.004501721483062614,0.05064698215574026,0.06117708743973212,-0.010530105283991857,0.0336770157922398,0.04555609043348919,-0.011879074641249397,0.04027025537057356,0.05077973787080158,-0.010509482500228014,0.04027025537057356,0.05077973787080158,-0.010509482500228014,0.06904111480848356,0.09329003146426244,-0.024248916655778885
PC_OFF,transient_50ms,AC_off,probability,4,0.09856898710131645,0.13047072291374207,-0.03190173581242561,0.09856898710131645,0.13047072291374207,-0.03190173581242561,895.0,895.0,0.0,595.0,595.0,0.0,0.19338329881429672,0.25578441098332405,-0.06240111216902733,0.001286245882511139,0.0017302483320236206,-0.0004440024495124817,1.1362135410308838e-06,1.1175870895385742e-06,1.862645149230957e-08,0.027103864587843418,0.03290379419922829,-0.005799929611384869,0.06677722744643688,0.09094092808663845,-0.02416370064020157,0.027103864587843418,0.03290379419922829,-0.005799929611384869,0.08713806420564651,0.11152887903153896,-0.02439081482589245,0.028866585809737444,0.05019012838602066,-0.021323542576283216,0.041369207203388214,0.06521796062588692,-0.023848753422498703,0.041369207203388214,0.06521796062588692,-0.023848753422498703,0.05962159391492605,0.1033931951969862,-0.043771601282060146
all,transient_50ms,AC_off,probability,22,0.07506806437264789,0.09144798903302713,-0.016379924660379238,0.07506806437264789,0.09144798903302713,-0.016379924660379238,1254.5454545454545,1297.2727272727273,-42.72727272727273,954.5454545454545,997.2727272727273,-42.72727272727273,0.14808750288052994,0.17706811495802618,-0.02898061207749627,0.0005287900567054749,0.0022063932635567403,-0.0016776032068512657,6.092542951757257e-07,2.1965666250749067e-06,-1.587312329899181e-06,0.021006026008928366,0.025504455690018156,-0.004498429681089791,0.0510706136172468,0.060347313823347744,-0.00927670020610094,0.021006026008928366,0.025504455690018156,-0.004498429681089791,0.0653184058822014,0.07752533722668886,-0.01220693134448745,0.03349297988990491,0.0453352929008278,-0.011842313010922888,0.05124348266558214,0.060576009140773254,-0.009332526475191116,0.05124348266558214,0.060576009140773254,-0.009332526475191116,0.06898501244458285,0.09320244260809639,-0.02421743016351353
PC_OFF,large_field_50ms,AC_off,probability,4,0.07787665352225304,0.09736154600977898,-0.01948489248752594,0.07787665352225304,0.09736154600977898,-0.01948489248752594,360.0,360.0,0.0,60.0,60.0,0.0,0.0006181695716804825,0.0009222840599250048,-0.00030411448824452236,-0.003635849803686142,-0.004749961197376251,0.0011141113936901093,-3.96083269151859e-05,-5.9000871260650456e-05,1.9392544345464557e-05,0.0266566788777709,0.03229568060487509,-0.005639001727104187,0.056361764669418335,0.07347849011421204,-0.0171167254447937,0.0266566788777709,0.03229568060487509,-0.005639001727104187,0.056361764669418335,0.07347849011421204,-0.0171167254447937,0.0023400730860885233,0.003639529546489939,-0.0012994564604014158,0.034730419516563416,0.052757397294044495,-0.01802697777748108,0.034730419516563416,0.052757397294044495,-0.01802697777748108,0.0003015726942976471,0.0005891964174224995,-0.0002876237231248524
all,large_field_50ms,AC_off,probability,22,0.05922275578433817,0.06942912021821196,-0.010206364433873783,0.05922275578433817,0.06942912021821196,-0.010206364433873783,360.90909090909093,360.6060606060606,0.30303030303030387,60.90909090909092,60.606060606060616,0.30303030303030387,0.0004677838144495829,0.000616733021822504,-0.0001489492073729211,-0.0017780529504472559,-0.0048913088711825285,0.0031132559207352724,-2.3915596433322538e-05,-7.786964719839902e-05,5.395405076507648e-05,0.0208622861484235,0.025183479767292738,-0.00432119361886924,0.04192899472334168,0.04688613438470797,-0.004957139661366289,0.0208622861484235,0.025183479767292738,-0.00432119361886924,0.04192899472334168,0.04688613438470797,-0.004957139661366289,0.002768551121169532,0.003142942399294539,-0.00037439127812500703,0.03627333519133655,0.046900569715283134,-0.010627234523946589,0.044881611385128715,0.05092308534817262,-0.006041473963043906,0.0002722988715091064,0.0004139198777424595,-0.00014162100623335309
MC_OFF,slow_step,normal,logit,4,0.4020698070526123,0.4247393310070038,-0.02266952395439148,0.4020698070526123,0.4247393310070038,-0.02266952395439148,1483.3333333333335,1463.3333333333335,20.000000000000057,1183.3333333333335,1163.3333333333335,20.000000000000057,0.4758327007293701,0.4938618689775467,-0.018029168248176575,0.10820896923542023,0.11632347106933594,-0.00811450183391571,-0.000475957989692688,-0.0005583763122558594,8.241832256317139e-05,0.1262230295687914,0.12407813966274261,0.0021448899060487747,0.25458307564258575,0.2627064287662506,-0.008123353123664856,0.1262230295687914,0.12407813966274261,0.0021448899060487747,0.09546031430363655,0.10759144835174084,-0.012131134048104286,0.0,0.0,0.0,0.0,0.0,0.0,0.0,0.0,0.0,0.0,0.0,0.0
MC_OFF,slow_1Hz,normal,logit,4,0.40206967294216156,0.4247390925884247,-0.022669419646263123,0.40206967294216156,0.4247390925884247,-0.022669419646263123,983.3333333333334,963.3333333333334,20.0,683.3333333333334,663.3333333333334,20.0,0.47588200122117996,0.4939197972416878,-0.018037796020507812,0.10820883512496948,0.11632323265075684,-0.008114397525787354,-0.000426657497882843,-0.0005004480481147766,7.37905502319336e-05,0.1262230295687914,0.12407813966274261,0.0021448899060487747,0.2545931003987789,0.2627168223261833,-0.008123721927404404,0.1262230295687914,0.12407813966274261,0.0021448899060487747,0.09545907005667686,0.10759011283516884,-0.012131042778491974,0.0,0.0,0.0,0.0,0.0,0.0,0.0,0.0,0.0,0.0,0.0,0.0
MC_OFF,slow_2Hz,normal,logit,4,0.40206536650657654,0.42473171651363373,-0.02266635000705719,0.40206536650657654,0.42473171651363373,-0.02266635000705719,733.3333333333334,715.0,18.333333333333314,433.33333333333337,415.0,18.333333333333314,0.47598012536764145,0.494035080075264,-0.018054954707622528,0.10820452868938446,0.11631585657596588,-0.008111327886581421,-0.0003285333514213562,-0.0003851652145385742,5.663186311721802e-05,0.1262230295687914,0.12407813966274261,0.0021448899060487747,0.25480007007718086,0.26293666288256645,-0.00813659280538559,0.1262230295687914,0.12407813966274261,0.0021448899060487747,0.09099951758980751,0.10269765928387642,-0.011698141694068909,0.0,0.0,0.0,0.0,0.0,0.0,0.0,0.0,0.0,0.0,0.0,0.0
MC_OFF,rapid_10Hz,normal,logit,4,0.3592931032180786,0.3608822524547577,-0.0015891492366790771,0.3592931032180786,0.3608822524547577,-0.0015891492366790771,430.0,425.0,5.000000000000014,130.00000000000003,125.00000000000001,5.000000000000014,0.4762902334332466,0.4944056048989296,-0.018115371465682983,0.06543226540088654,0.052466392517089844,0.012965872883796692,-1.8425285816192627e-05,-1.4640390872955322e-05,-3.7848949432373047e-06,0.1262230295687914,0.12407813966274261,0.0021448899060487747,0.17879970371723175,0.18790922686457634,-0.00910952314734459,0.1262230295687914,0.12407813966274261,0.0021448899060487747,0.14721658639609814,0.1627936903387308,-0.015577103942632675,0.0,0.0,0.0,0.0,0.0,0.0,0.0,0.0,0.0,0.0,0.0,0.0
MC_OFF,rapid_20Hz,normal,logit,4,0.2951902747154236,0.2820736765861511,0.013116598129272461,0.2951902747154236,0.2820736765861511,0.013116598129272461,410.0,406.6666666666667,3.333333333333343,110.00000000000003,106.66666666666669,3.333333333333343,0.476311519742012,0.4944249093532562,-0.0181133896112442,0.0013294368982315063,-0.026342183351516724,0.02767162024974823,2.86102294921875e-06,4.664063453674316e-06,-1.8030405044555664e-06,0.12622402794659138,0.12481996230781078,0.0014040656387805939,0.11277870647609234,0.12214487046003342,-0.009366163983941078,0.12622402794659138,0.12481996230781078,0.0014040656387805939,0.22103285416960716,0.23571519926190376,-0.0146823450922966,0.0,0.0,0.0,0.0,0.0,0.0,0.0,0.0,0.0,0.0,0.0,0.0
MC_OFF,transient_50ms,normal,logit,4,0.37740740180015564,0.3898765444755554,-0.01246914267539978,0.37740740180015564,0.3898765444755554,-0.01246914267539978,1380.0,1376.6666666666667,3.3333333333332575,1080.0,1076.6666666666667,3.3333333333332575,0.4762955904006958,0.49440523236989975,-0.01810964196920395,0.08354656398296356,0.08146068453788757,0.0020858794450759888,-1.3068318367004395e-05,-1.5012919902801514e-05,1.944601535797119e-06,0.1262230295687914,0.12407813966274261,0.0021448899060487747,0.10150600038468838,0.10444950684905052,-0.0029435064643621445,0.1262230295687914,0.12407813966274261,0.0021448899060487747,0.1388146337121725,0.14632507413625717,-0.007510440424084663,0.0,0.0,0.0,0.0,0.0,0.0,0.0,0.0,0.0,0.0,0.0,0.0
MC_OFF,large_field_50ms,normal,logit,4,-0.05269554257392883,0.0549301952123642,-0.10762573778629303,0.26331475377082825,0.2542005032300949,0.009114250540733337,838.3333333333334,588.3333333333334,250.00000000000003,538.3333333333334,288.33333333333337,250.00000000000003,-1.9868215406226852e-10,-2.980232310934028e-10,9.934107703113426e-11,-0.3465563803911209,-0.25348566472530365,-0.09307071566581726,7.947285884934985e-10,-3.9736430812453705e-10,1.1920928966180355e-09,0.1254847850650549,0.12256682850420475,0.0029179565608501434,-0.0038000636268407106,-0.010211626533418894,0.006411562906578183,0.1254847850650549,0.12256682850420475,0.0029179565608501434,-0.0038000636268407106,-0.010211626533418894,0.006411562906578183,0.0,0.0,0.0,0.0,0.0,0.0,0.0,0.0,0.0,0.0,0.0,0.0
MC_OFF,slow_step,normal,probability,4,0.07519582659006119,0.07993443310260773,-0.004738606512546539,0.07519582659006119,0.07993443310260773,-0.004738606512546539,1483.3333333333335,1463.3333333333335,20.000000000000057,1183.3333333333335,1163.3333333333335,20.000000000000057,0.08699954114854336,0.09093010239303112,-0.0039305612444877625,0.022268205881118774,0.024006426334381104,-0.001738220453262329,0.0020508430898189545,0.0024169329553842545,-0.0003660898655653,0.022276947274804115,0.02194883953779936,0.00032810773700475693,0.047095805406570435,0.0487974314019084,-0.001701625995337963,0.022276947274804115,0.02194883953779936,0.00032810773700475693,0.01600249484181404,0.01818705489858985,-0.0021845600567758083,0.0,0.0,0.0,0.0,0.0,0.0,0.0,0.0,0.0,0.0,0.0,0.0
MC_OFF,slow_1Hz,normal,probability,4,0.0751957967877388,0.07993438094854355,-0.0047385841608047485,0.0751957967877388,0.07993438094854355,-0.0047385841608047485,983.3333333333334,963.3333333333334,20.0,683.3333333333334,663.3333333333334,20.0,0.08691185526549816,0.09081946685910225,-0.003907611593604088,0.022268176078796387,0.024006374180316925,-0.0017381981015205383,0.001963157206773758,0.0023062974214553833,-0.00034314021468162537,0.022276947274804115,0.02194883953779936,0.00032810773700475693,0.04709777235984802,0.04879948031157255,-0.0017017079517245293,0.022276947274804115,0.02194883953779936,0.00032810773700475693,0.016002265736460686,0.018186804372817278,-0.002184538636356592,0.0,0.0,0.0,0.0,0.0,0.0,0.0,0.0,0.0,0.0,0.0,0.0
MC_OFF,slow_2Hz,normal,probability,4,0.07519487664103508,0.07993283867835999,-0.004737962037324905,0.07519487664103508,0.07993283867835999,-0.004737962037324905,733.3333333333334,715.0,18.333333333333314,433.33333333333337,415.0,18.333333333333314,0.08673027902841568,0.09059150330722332,-0.00386122427880764,0.022267255932092667,0.024004831910133362,-0.0017375759780406952,0.0017815809696912766,0.002078333869576454,-0.0002967528998851776,0.022276947274804115,0.02194883953779936,0.00032810773700475693,0.04713829606771469,0.048842815682291985,-0.0017045196145772934,0.022276947274804115,0.02194883953779936,0.00032810773700475693,0.015173392021097243,0.01726852438878268,-0.002095132367685437,0.0,0.0,0.0,0.0,0.0,0.0,0.0,0.0,0.0,0.0,0.0,0.0
MC_OFF,rapid_10Hz,normal,probability,4,0.06627872958779335,0.06675189733505249,-0.00047316774725914,0.06627872958779335,0.06675189733505249,-0.00047316774725914,430.0,425.0,5.000000000000014,130.00000000000003,125.00000000000001,5.000000000000014,0.08545080199837685,0.08893930166959763,-0.0034884996712207794,0.013351108878850937,0.010823890566825867,0.00252721831202507,0.0005021039396524429,0.0004261322319507599,7.597170770168304e-05,0.022276947274804115,0.02194883953779936,0.00032810773700475693,0.03218736220151186,0.033921648282557726,-0.001734286081045866,0.022276947274804115,0.02194883953779936,0.00032810773700475693,0.025326546980068088,0.02813835395500064,-0.0028118069749325514,0.0,0.0,0.0,0.0,0.0,0.0,0.0,0.0,0.0,0.0,0.0,0.0
MC_OFF,rapid_20Hz,normal,probability,4,0.05328536406159401,0.050962235778570175,0.0023231282830238342,0.05328536406159401,0.050962235778570175,0.0023231282830238342,410.0,406.6666666666667,3.333333333333343,110.00000000000003,106.66666666666669,3.333333333333343,0.08498203940689564,0.08849503751844168,-0.0035129981115460396,0.00035774335265159607,-0.004965770989656448,0.005323514342308044,3.334134817123413e-05,-1.813191920518875e-05,5.147326737642288e-05,0.022277167066931725,0.022086261305958033,0.00019090576097369194,0.020025370176881552,0.021701339166611433,-0.0016759689897298813,0.022277167066931725,0.022086261305958033,0.00019090576097369194,0.039033068343997,0.04185578553006053,-0.002822717186063528,0.0,0.0,0.0,0.0,0.0,0.0,0.0,0.0,0.0,0.0,0.0,0.0
MC_OFF,transient_50ms,normal,probability,4,0.07004477828741074,0.07269184291362762,-0.0026470646262168884,0.07004477828741074,0.07269184291362762,-0.0026470646262168884,1380.0,1376.6666666666667,3.3333333333332575,1080.0,1076.6666666666667,3.3333333333332575,0.08500654064118862,0.08857354335486889,-0.0035670027136802673,0.017117157578468323,0.016763836145401,0.0003533214330673218,5.784258246421814e-05,6.037391722202301e-05,-2.5313347578048706e-06,0.022276947274804115,0.02194883953779936,0.00032810773700475693,0.01832768553867936,0.01885524857789278,-0.000527563039213419,0.022276947274804115,0.02194883953779936,0.00032810773700475693,0.02375067607499659,0.025106473825871944,-0.0013557977508753538,0.0,0.0,0.0,0.0,0.0,0.0,0.0,0.0,0.0,0.0,0.0,0.0
MC_OFF,large_field_50ms,normal,probability,4,0.04684142768383026,0.04531412199139595,0.001527305692434311,0.04684142768383026,0.04531412199139595,0.001527305692434311,338.33333333333337,338.33333333333337,0.0,38.33333333333334,38.33333333333334,0.0,0.0002736625465331599,0.0002672553346201312,6.407211913028732e-06,-0.006086193025112152,-0.010613884776830673,0.004527691751718521,-5.4400097724283114e-05,-0.00010112427480635233,4.672417708206922e-05,0.022137579508125782,0.021661408245563507,0.00047617126256227493,2.7775298804044724e-05,-0.0011214150581508875,0.0011491903569549322,0.022137579508125782,0.021661408245563507,0.00047617126256227493,2.7775298804044724e-05,-0.0011214150581508875,0.0011491903569549322,0.0,0.0,0.0,0.0,0.0,0.0,0.0,0.0,0.0,0.0,0.0,0.0
MC_OFF,slow_step,H1_off,logit,4,0.40239328145980835,0.4253222495317459,-0.02292896807193756,0.40239328145980835,0.4253222495317459,-0.02292896807193756,1495.0,1483.3333333333335,11.666666666666686,1195.0,1183.3333333333335,11.666666666666686,0.48141465336084366,0.505233108997345,-0.023818455636501312,0.1069096177816391,0.11231900751590729,-0.0054093897342681885,-0.0004604756832122803,-0.0005230754613876343,6.2599778175354e-05,0.12696166895329952,0.12560764513909817,0.001354023814201355,0.2549657113850117,0.2634457089006901,-0.008479997515678406,0.12696166895329952,0.12560764513909817,0.001354023814201355,0.09991984069347382,0.11669047921895981,-0.016770638525485992,0.002977838332299143,0.006115879339631647,-0.003138041007332504,0.010096162557601929,0.021317169070243835,-0.011221006512641907,0.010096162557601929,0.021317169070243835,-0.011221006512641907,0.005581954610534012,0.011371236992999911,-0.005789282382465899
MC_OFF,slow_1Hz,H1_off,logit,4,0.4023931920528412,0.4253220856189728,-0.022928893566131592,0.4023931920528412,0.4253220856189728,-0.022928893566131592,995.0,983.3333333333334,11.666666666666657,695.0,683.3333333333334,11.666666666666657,0.4814632758498192,0.5052897036075592,-0.02382642775774002,0.10690952837467194,0.11231884360313416,-0.005409315228462219,-0.00041185319423675537,-0.0004664808511734009,5.462765693664551e-05,0.12696166895329952,0.12560764513909817,0.001354023814201355,0.2549757994711399,0.26345614716410637,-0.008480347692966461,0.12696166895329952,0.12560764513909817,0.001354023814201355,0.09991856664419174,0.11668909899890423,-0.016770532354712486,0.003179360937792808,0.006572942016646266,-0.003393581078853458,0.010274723172187805,0.021581441164016724,-0.011306717991828918,0.010274723172187805,0.021581441164016724,-0.011306717991828918,0.005581269972026348,0.011369919404387474,-0.005788649432361126
MC_OFF,slow_2Hz,H1_off,logit,4,0.40238912403583527,0.4253159463405609,-0.022926822304725647,0.40238912403583527,0.4253159463405609,-0.022926822304725647,743.3333333333334,735.0,8.333333333333371,443.33333333333337,435.0,8.333333333333371,0.48155999928712845,0.5054022520780563,-0.023842252790927887,0.10690546035766602,0.11231270432472229,-0.005407243967056274,-0.00031512975692749023,-0.00035393238067626953,3.88026237487793e-05,0.12696166895329952,0.12560764513909817,0.001354023814201355,0.25518110394477844,0.26367564126849174,-0.008494537323713303,0.12696166895329952,0.12560764513909817,0.001354023814201355,0.09565624967217445,0.1122201420366764,-0.016563892364501953,0.0035718264407478273,0.007472782046534121,-0.0039009556057862937,0.010274812579154968,0.021582171320915222,-0.011307358741760254,0.010274812579154968,0.021582171320915222,-0.011307358741760254,0.005579884862527251,0.011367176193743944,-0.005787291331216693
MC_OFF,rapid_10Hz,H1_off,logit,4,0.3561742901802063,0.3530634045600891,0.0031108856201171875,0.3561742901802063,0.3530634045600891,0.0031108856201171875,430.0,425.0,5.000000000000014,130.00000000000003,125.00000000000001,5.000000000000014,0.48186008632183075,0.5057483613491058,-0.023888275027275085,0.06069062650203705,0.04006016254425049,0.02063046395778656,-1.5042722225189209e-05,-7.82310962677002e-06,-7.2196125984191895e-06,0.12696166895329952,0.12560764513909817,0.001354023814201355,0.17661134153604507,0.18307450041174889,-0.006463158875703812,0.12696166895329952,0.12560764513909817,0.001354023814201355,0.15559403784573078,0.18057872727513313,-0.02498468942940235,0.004819928843062371,0.0102276720572263,-0.005407743214163929,0.010096073150634766,0.02131664752960205,-0.011220574378967285,0.010096073150634766,0.02131664752960205,-0.011220574378967285,0.0055698982905596495,0.011342724319547415,-0.005772826028987765
MC_OFF,rapid_20Hz,H1_off,logit,4,0.29542161524295807,0.2865567207336426,0.00886489450931549,0.29542161524295807,0.2865567207336426,0.00886489450931549,410.0,391.6666666666667,18.333333333333343,110.00000000000003,91.66666666666669,18.333333333333343,0.4818784296512604,0.5057611986994743,-0.02388276904821396,-6.204843521118164e-05,-0.026446521282196045,0.026384472846984863,3.300607204437256e-06,5.014240741729736e-06,-1.7136335372924805e-06,0.1269626636058092,0.12634944170713425,0.0006132218986749649,0.11472291126847267,0.12609389051795006,-0.011370979249477386,0.1269626636058092,0.12634944170713425,0.0006132218986749649,0.22534972801804543,0.24479534104466438,-0.019445613026618958,0.002994339563883841,0.0063191489316523075,-0.0033248093677684665,0.008631065487861633,0.018268898129463196,-0.009637832641601562,0.008631065487861633,0.018268898129463196,-0.009637832641601562,0.0055669203284196556,0.011336310068145394,-0.005769389739725739
MC_OFF,transient_50ms,H1_off,logit,4,0.3756904900074005,0.3854414373636246,-0.00975094735622406,0.3756904900074005,0.3854414373636246,-0.00975094735622406,1381.6666666666667,1376.6666666666667,4.999999999999943,1081.6666666666667,1076.6666666666667,4.999999999999943,0.4818626865744591,0.5057424455881119,-0.0238797590136528,0.08020682632923126,0.07243819534778595,0.0077686309814453125,-1.2442469596862793e-05,-1.3738870620727539e-05,1.296401023864746e-06,0.12696166895329952,0.12560764513909817,0.001354023814201355,0.10391982831060886,0.10935336351394653,-0.005433535203337669,0.12696166895329952,0.12560764513909817,0.001354023814201355,0.14745976962149143,0.16465571336448193,-0.017195943742990494,0.002839405060512945,0.005824957333970815,-0.00298555227345787,0.010096102952957153,0.021316900849342346,-0.011220797896385193,0.010096102952957153,0.021316900849342346,-0.011220797896385193,0.005567064799834043,0.01133722416125238,-0.005770159361418337
MC_OFF,large_field_50ms,H1_off,logit,4,0.26598963141441345,0.25973284244537354,0.006256788969039917,0.26598963141441345,0.25973284244537354,0.006256788969039917,340.0,340.0,0.0,40.0,40.0,0.0,2.98023217215615e-10,3.9736430812453705e-10,-9.934109090892207e-11,-0.0294940322637558,-0.05327039957046509,0.02377636730670929,9.934107286779792e-10,9.934107703113426e-10,-4.163336342344337e-17,0.12696166895329952,0.12560764513909817,0.001354023814201355,0.011813743185484782,0.022815579373855144,-0.011001836188370362,0.12696166895329952,0.12560764513909817,0.001354023814201355,0.011813743185484782,0.022815579373855144,-0.011001836188370362,0.0012928912619827315,0.0027511181542649865,-0.001458226892282255,0.019442230463027954,0.04055169224739075,-0.021109461784362793,0.019442230463027954,0.04055169224739075,-0.021109461784362793,4.967053851556713e-10,6.953875392179398e-10,-1.9868215406226852e-10
MC_OFF,slow_step,H1_off,probability,4,0.07526174932718277,0.08005529642105103,-0.004793547093868256,0.07526174932718277,0.08005529642105103,-0.004793547093868256,1495.0,1483.3333333333335,11.666666666666686,1195.0,1183.3333333333335,11.666666666666686,0.08797258511185646,0.09291319362819195,-0.004940608516335487,0.02202475070953369,0.023226771503686905,-0.0012020207941532135,0.0019781850278377533,0.002252175472676754,-0.0002739904448390007,0.02241665869951248,0.022240764927119017,0.00017589377239346504,0.04716913867741823,0.04894060641527176,-0.001771467737853527,0.02241665869951248,0.022240764927119017,0.00017589377239346504,0.016776382457464933,0.019771456252783537,-0.0029950737953186035,0.0005234935379121453,0.0010783988691400737,-0.0005549053312279284,0.0017903782427310944,0.0038336776196956635,-0.002043299376964569,0.0017903782427310944,0.0038336776196956635,-0.002043299376964569,0.0009730401507113129,0.001983090609428473,-0.00101005045871716
MC_OFF,slow_1Hz,H1_off,probability,4,0.07526174187660217,0.08005526661872864,-0.004793524742126465,0.07526174187660217,0.08005526661872864,-0.004793524742126465,995.0,983.3333333333334,11.666666666666657,695.0,683.3333333333334,11.666666666666657,0.08788255788385868,0.09279710706323385,-0.004914549179375172,0.022024743258953094,0.023226741701364517,-0.0012019984424114227,0.0018881577998399734,0.0021360889077186584,-0.000247931107878685,0.02241665869951248,0.022240764927119017,0.00017589377239346504,0.04717112332582474,0.04894266929477453,-0.0017715459689497948,0.02241665869951248,0.022240764927119017,0.00017589377239346504,0.016776149161159992,0.019771197345107794,-0.0029950481839478016,0.000562081957468763,0.0011676910071400926,-0.0006056090496713296,0.0018444173038005829,0.0039075203239917755,-0.0020631030201911926,0.0018444173038005829,0.0039075203239917755,-0.0020631030201911926,0.0009707012723083608,0.001977637904928997,-0.0010069366326206364
MC_OFF,slow_2Hz,H1_off,probability,4,0.07526087760925293,0.08005397021770477,-0.004793092608451843,0.07526087760925293,0.08005397021770477,-0.004793092608451843,743.3333333333334,735.0,8.333333333333371,443.33333333333337,435.0,8.333333333333371,0.08769659511744976,0.09255881886929274,-0.004862223751842976,0.02202387899160385,0.023225445300340652,-0.0012015663087368011,0.0017021950334310532,0.0018978007137775421,-0.00019560568034648895,0.02241665869951248,0.022240764927119017,0.00017589377239346504,0.04721130337566137,0.04898595251142979,-0.0017746491357684135,0.02241665869951248,0.022240764927119017,0.00017589377239346504,0.015982022392563522,0.01892912748735398,-0.0029471050947904587,0.0006372970747179352,0.0013437260204227641,-0.000706428945704829,0.0018445327877998352,0.0039079152047634125,-0.0020633824169635773,0.0018445327877998352,0.0039079152047634125,-0.0020633824169635773,0.000966317042184528,0.0019673128554131836,-0.0010009958132286556
MC_OFF,rapid_10Hz,H1_off,probability,4,0.06566093489527702,0.06519081816077232,0.0004701167345046997,0.06566093489527702,0.06519081816077232,0.0004701167345046997,430.0,425.0,5.000000000000014,130.00000000000003,125.00000000000001,5.000000000000014,0.0864288229495287,0.09095426369458437,-0.0045254407450556755,0.012423936277627945,0.008362293243408203,0.004061643034219742,0.0004344228655099869,0.0002932455390691757,0.00014117732644081116,0.02241665869951248,0.022240764927119017,0.00017589377239346504,0.031790700275450945,0.03303413884714246,-0.001243438571691513,0.02241665869951248,0.022240764927119017,0.00017589377239346504,0.026824038475751877,0.031384650617837906,-0.004560612142086029,0.0008835067637846805,0.0019072281138505787,-0.0010237213500658982,0.0017903633415699005,0.003840770572423935,-0.0020504072308540344,0.0017903633415699005,0.003840770572423935,-0.0020504072308540344,0.0009780229374882765,0.0020149593910900876,-0.001036936453601811
MC_OFF,rapid_20Hz,H1_off,probability,4,0.05332745239138603,0.051813069730997086,0.0015143826603889465,0.05332745239138603,0.051813069730997086,0.0015143826603889465,410.0,391.6666666666667,18.333333333333343,110.00000000000003,91.66666666666669,18.333333333333343,0.08601564355194569,0.09063468966633081,-0.004619046114385128,9.045377373695374e-05,-0.005015455186367035,0.005105908960103989,2.1243467926979065e-05,-2.6328489184379578e-05,4.757195711135864e-05,0.02241687849164009,0.022378679364919662,3.819912672042847e-05,0.02038839552551508,0.022451207973062992,-0.0020628124475479126,0.02241687849164009,0.022378679364919662,3.819912672042847e-05,0.0398317314684391,0.04358119470998645,-0.003749463241547346,0.0005549941924982704,0.0011876698408741504,-0.00063267564837588,0.0015780776739120483,0.003452897071838379,-0.0018748193979263306,0.0015780776739120483,0.003452897071838379,-0.0018748193979263306,0.0010336044651921839,0.0021396578376879916,-0.0011060533724958077
MC_OFF,transient_50ms,H1_off,probability,4,0.06970179453492165,0.07179342582821846,-0.002091631293296814,0.06970179453492165,0.07179342582821846,-0.002091631293296814,1381.6666666666667,1376.6666666666667,4.999999999999943,1081.6666666666667,1076.6666666666667,4.999999999999943,0.0860478263348341,0.0907120481133461,-0.004664221778512001,0.016464795917272568,0.01496490091085434,0.0014998950064182281,5.342625081539154e-05,5.1029957830905914e-05,2.3962929844856262e-06,0.02241665869951248,0.022240764927119017,0.00017589377239346504,0.018753656186163425,0.01971733570098877,-0.0009636795148253441,0.02241665869951248,0.022240764927119017,0.00017589377239346504,0.025291328551247716,0.028431451180949807,-0.0031401226297020912,0.0005312206121743657,0.0010993609321303666,-0.0005681403199560009,0.0017903633415699005,0.0038372278213500977,-0.002046864479780197,0.0017903633415699005,0.0038372278213500977,-0.002046864479780197,0.0010412878909846768,0.002138499155989848,-0.0010972112650051713
MC_OFF,large_field_50ms,H1_off,probability,4,0.04735029861330986,0.04637608677148819,0.0009742118418216705,0.04735029861330986,0.04637608677148819,0.0009742118418216705,340.0,340.0,0.0,40.0,40.0,0.0,0.0002819555375026539,0.000290496271190932,-8.540733688278124e-06,-0.005886700004339218,-0.01045243814587593,0.004565738141536713,-5.2049443183932453e-05,-9.284960833610967e-05,4.0800165152177215e-05,0.02241665869951248,0.022240764927119017,0.00017589377239346504,0.0026258879370288923,0.004399172408739105,-0.0017732844717102125,0.02241665869951248,0.022240764927119017,0.00017589377239346504,0.0026258879370288923,0.004399172408739105,-0.0017732844717102125,0.00021393630231614225,0.00045608462096424773,-0.0002421483186481055,0.0033733732998371124,0.007096108049154282,-0.003722734749317169,0.0033733732998371124,0.007096108049154282,-0.003722734749317169,8.29298073767859e-06,2.3240931795953657e-05,-1.4947951058275066e-05
MC_OFF,slow_step,AC_off,logit,4,0.4244067966938019,0.479712538421154,-0.05530574172735214,0.4244067966938019,0.479712538421154,-0.05530574172735214,1478.3333333333335,1465.0,13.333333333333314,1178.3333333333335,1165.0,13.333333333333314,0.8288912624120712,0.9166329056024551,-0.08774164319038391,0.007732287049293518,0.018635429441928864,-0.010903142392635345,4.023313522338867e-07,-2.726912498474121e-06,3.129243850708008e-06,0.14807609096169472,0.16628903150558472,-0.01821294054389,0.2761049196124077,0.3123916834592819,-0.03628676384687424,0.14807609096169472,0.16628903150558472,-0.01821294054389,0.4051830768585205,0.43855851888656616,-0.033375442028045654,0.17581775411963463,0.20974357426166534,-0.033925820142030716,0.33075378835201263,0.367869108915329,-0.037115320563316345,0.33075378835201263,0.367869108915329,-0.037115320563316345,0.3530585318803787,0.42277099192142487,-0.06971246004104614
MC_OFF,slow_1Hz,AC_off,logit,4,0.42440812289714813,0.4797140881419182,-0.05530596524477005,0.42440812289714813,0.4797140881419182,-0.05530596524477005,978.3333333333334,965.0,13.333333333333343,678.3333333333334,665.0,13.333333333333343,0.8288914561271667,0.9166336953639984,-0.08774223923683167,0.0077336132526397705,0.018636979162693024,-0.010903365910053253,5.960464477539062e-07,-1.9371509552001953e-06,2.5331974029541016e-06,0.14807609096169472,0.16628903150558472,-0.01821294054389,0.2761055901646614,0.31239309534430504,-0.03628750517964363,0.14807609096169472,0.16628903150558472,-0.01821294054389,0.40519195795059204,0.4385678395628929,-0.03337588161230087,0.17579373344779015,0.20971553772687912,-0.033921804279088974,0.33075378835201263,0.367869108915329,-0.037115320563316345,0.33075378835201263,0.367869108915329,-0.037115320563316345,0.3530094623565674,0.4227139353752136,-0.06970447301864624
MC_OFF,slow_2Hz,AC_off,logit,4,0.42443712055683136,0.47974950820207596,-0.0553123876452446,0.42443712055683136,0.47974950820207596,-0.0553123876452446,720.0,711.6666666666667,8.333333333333343,420.0,411.6666666666667,8.333333333333343,0.8288918882608414,0.9166353791952133,-0.08774349093437195,0.007762610912322998,0.0186723992228508,-0.010909788310527802,1.0281801223754883e-06,-2.5331974029541016e-07,1.2814998626708984e-06,0.14807609096169472,0.16628903150558472,-0.01821294054389,0.27612002938985825,0.31242282316088676,-0.03630279377102852,0.14807609096169472,0.16628903150558472,-0.01821294054389,0.40519268810749054,0.4383140131831169,-0.03312132507562637,0.17575550079345703,0.209669079631567,-0.03391357883810997,0.33075378835201263,0.367869108915329,-0.037115320563316345,0.33075378835201263,0.367869108915329,-0.037115320563316345,0.3529117703437805,0.42260026931762695,-0.06968849897384644
MC_OFF,rapid_10Hz,AC_off,logit,4,0.4220832735300064,0.47517118602991104,-0.05308791249990463,0.4220832735300064,0.47517118602991104,-0.05308791249990463,433.33333333333337,433.33333333333337,0.0,133.33333333333337,133.33333333333337,0.0,0.8288918733596802,0.9166378229856491,-0.08774594962596893,0.005408763885498047,0.014094077050685883,-0.008685313165187836,1.0132789611816406e-06,2.1904706954956055e-06,-1.1771917343139648e-06,0.14807609096169472,0.16628903150558472,-0.01821294054389,0.2700347229838371,0.3007005825638771,-0.030665859580039978,0.14807609096169472,0.16628903150558472,-0.01821294054389,0.38672488182783127,0.42383015900850296,-0.03710527718067169,0.17364463955163956,0.20775706321001053,-0.03411242365837097,0.28794024884700775,0.3085864633321762,-0.020646214485168457,0.28794024884700775,0.3085864633321762,-0.020646214485168457,0.35260166972875595,0.42223212867975235,-0.0696304589509964
MC_OFF,rapid_20Hz,AC_off,logit,4,0.41825060546398163,0.466392919421196,-0.048142313957214355,0.41825060546398163,0.466392919421196,-0.048142313957214355,436.6666666666667,440.0,-3.3333333333333144,136.66666666666669,140.0,-3.3333333333333144,0.8288914263248444,0.9166367799043655,-0.08774535357952118,0.0015760958194732666,0.005315810441970825,-0.0037397146224975586,5.662441253662109e-07,1.1473894119262695e-06,-5.811452865600586e-07,0.14807609468698502,0.16628903150558472,-0.0182129368185997,0.2669668532907963,0.29290957376360893,-0.025942720472812653,0.14807609468698502,0.16628903150558472,-0.0182129368185997,0.3285362273454666,0.366874635219574,-0.03833840787410736,0.17169885709881783,0.20594891160726547,-0.03425005450844765,0.21821917593479156,0.23936668038368225,-0.021147504448890686,0.21821917593479156,0.23936668038368225,-0.021147504448890686,0.35257989913225174,0.4222119301557541,-0.06963203102350235
MC_OFF,transient_50ms,AC_off,logit,4,0.42236657440662384,0.47626831382513046,-0.05390173941850662,0.42236657440662384,0.47626831382513046,-0.05390173941850662,1385.0,1385.0,0.0,1085.0,1085.0,0.0,0.8288902193307877,0.9166338890790939,-0.08774366974830627,0.0056920647621154785,0.015191204845905304,-0.009499140083789825,-6.407499313354492e-07,-1.7434358596801758e-06,1.1026859283447266e-06,0.14807609096169472,0.16628903150558472,-0.01821294054389,0.2664988525211811,0.29183223098516464,-0.025333378463983536,0.14807609096169472,0.16628903150558472,-0.01821294054389,0.38645731657743454,0.4232523515820503,-0.036795035004615784,0.17090176418423653,0.20505986735224724,-0.03415810316801071,0.2884482890367508,0.30885230004787445,-0.020404011011123657,0.2884482890367508,0.30885230004787445,-0.020404011011123657,0.35259461402893066,0.422228679060936,-0.06963406503200531
MC_OFF,large_field_50ms,AC_off,logit,4,0.36481060087680817,0.20808738470077515,0.15672321617603302,0.36481060087680817,0.3931776285171509,-0.028367027640342712,360.0,606.6666666666667,-246.66666666666669,60.0,306.6666666666667,-246.66666666666669,-7.947285884934985e-10,-9.934107703113426e-10,1.9868218181784414e-10,-0.01546621322631836,-0.21896784007549286,0.2035016268491745,2.980232727267662e-10,9.934103539777084e-11,1.9868223732899537e-10,0.14733359590172768,0.16464155167341232,-0.017307955771684647,0.22903471812605858,0.23092125728726387,-0.0018865391612052917,0.14733359590172768,0.16464155167341232,-0.017307955771684647,0.22903471812605858,0.23092125728726387,-0.0018865391612052917,0.015687362756580114,0.016561700263991952,-0.0008743375074118376,0.27516716718673706,0.15048538148403168,0.12468178570270538,0.27516716718673706,0.2803373783826828,-0.00517021119594574,-5.960464621868056e-10,-6.95387525340152e-10,9.934106315334645e-11
MC_OFF,slow_step,AC_off,probability,4,0.0796845443546772,0.09147460758686066,-0.011790063232183456,0.0796845443546772,0.09147460758686066,-0.011790063232183456,1478.3333333333335,1465.0,13.333333333333314,1178.3333333333335,1165.0,13.333333333333314,0.15517259389162064,0.17380490899085999,-0.01863231509923935,0.0015780702233314514,0.003921061754226685,-0.002342991530895233,-1.6130506992340088e-06,9.6932053565979e-06,-1.130625605583191e-05,0.026642759330570698,0.030253461096435785,-0.0036107017658650875,0.051130155101418495,0.058614276349544525,-0.00748412124812603,0.026642759330570698,0.030253461096435785,-0.0036107017658650875,0.07576039340347052,0.08283662050962448,-0.007076227106153965,0.033956235740333796,0.04112103581428528,-0.007164800073951483,0.06364462897181511,0.0713171698153019,-0.007672540843486786,0.06364462897181511,0.0713171698153019,-0.007672540843486786,0.06817305460572243,0.08287479914724827,-0.01470174454152584
MC_OFF,slow_1Hz,AC_off,probability,4,0.07968480512499809,0.09147495031356812,-0.011790145188570023,0.07968480512499809,0.09147495031356812,-0.011790145188570023,978.3333333333334,965.0,13.333333333333343,678.3333333333334,665.0,13.333333333333343,0.1551721803843975,0.17380357161164284,-0.01863139122724533,0.0015783309936523438,0.003921404480934143,-0.0023430734872817993,-2.0265579223632812e-06,8.355826139450073e-06,-1.0382384061813354e-05,0.026642759330570698,0.030253461096435785,-0.0036107017658650875,0.05113028734922409,0.05861455388367176,-0.00748426653444767,0.026642759330570698,0.030253461096435785,-0.0036107017658650875,0.07576221972703934,0.08283857628703117,-0.0070763565599918365,0.03399996645748615,0.04117577988654375,-0.007175813429057598,0.06364462897181511,0.0713171698153019,-0.007672540843486786,0.06364462897181511,0.0713171698153019,-0.007672540843486786,0.0682603307068348,0.08298410288989544,-0.014723772183060646
MC_OFF,slow_2Hz,AC_off,probability,4,0.07969070225954056,0.09148238599300385,-0.011791683733463287,0.07969070225954056,0.09148238599300385,-0.011791683733463287,720.0,711.6666666666667,8.333333333333343,420.0,411.6666666666667,8.333333333333343,0.15517129004001617,0.1738007739186287,-0.01862948387861252,0.001584228128194809,0.003928840160369873,-0.002344612032175064,-2.9169023036956787e-06,5.558133125305176e-06,-8.475035429000854e-06,0.026642759330570698,0.030253461096435785,-0.0036107017658650875,0.051133111119270325,0.058620511554181576,-0.007487400434911251,0.026642759330570698,0.030253461096435785,-0.0036107017658650875,0.07576301973313093,0.08278656844049692,-0.00702354870736599,0.03409226192161441,0.04129026643931866,-0.007198004517704248,0.06364462897181511,0.0713171698153019,-0.007672540843486786,0.06364462897181511,0.0713171698153019,-0.007672540843486786,0.06844101753085852,0.08320926129817963,-0.01476824376732111
MC_OFF,rapid_10Hz,AC_off,probability,4,0.07920198515057564,0.09048473834991455,-0.011282753199338913,0.07920198515057564,0.09048473834991455,-0.011282753199338913,433.33333333333337,433.33333333333337,0.0,133.33333333333337,133.33333333333337,0.0,0.15516818687319756,0.17378532513976097,-0.018617138266563416,0.001095511019229889,0.0029311925172805786,-0.0018356814980506897,-6.020069122314453e-06,-9.890645742416382e-06,3.870576620101929e-06,0.026642759330570698,0.030253461096435785,-0.0036107017658650875,0.04991823062300682,0.056196452118456364,-0.006278221495449543,0.026642759330570698,0.030253461096435785,-0.0036107017658650875,0.0718479622155428,0.07961653731763363,-0.007768575102090836,0.03434717748314142,0.04176850151270628,-0.0074213240295648575,0.05589508265256882,0.06087799742817879,-0.00498291477560997,0.05589508265256882,0.06087799742817879,-0.00498291477560997,0.06971737556159496,0.08484602347016335,-0.015128647908568382
MC_OFF,rapid_20Hz,AC_off,probability,4,0.07842222601175308,0.0886446014046669,-0.010222375392913818,0.07842222601175308,0.0886446014046669,-0.010222375392913818,436.6666666666667,440.0,-3.3333333333333144,136.66666666666669,140.0,-3.3333333333333144,0.15517058968544006,0.17378690466284752,-0.018616314977407455,0.0003157518804073334,0.0010910555720329285,-0.0007753036916255951,-3.6172568798065186e-06,-8.31112265586853e-06,4.693865776062012e-06,0.026642760261893272,0.030253461096435785,-0.003610700834542513,0.049344222992658615,0.05470812600106001,-0.005363903008401394,0.026642760261893272,0.030253461096435785,-0.003610700834542513,0.06021190248429775,0.06802259013056755,-0.007810687646269798,0.03422912396490574,0.041662015952169895,-0.007432891987264156,0.04307214543223381,0.04818304628133774,-0.005110900849103928,0.04307214543223381,0.04818304628133774,-0.005110900849103928,0.07018854655325413,0.08529188111424446,-0.015103334560990334
MC_OFF,transient_50ms,AC_off,probability,4,0.07926085591316223,0.09073031693696976,-0.011469461023807526,0.07926085591316223,0.09073031693696976,-0.011469461023807526,1385.0,1385.0,0.0,1085.0,1085.0,0.0,0.15517492592334747,0.17379706725478172,-0.01862214133143425,0.0011543817818164825,0.003176771104335785,-0.0020223893225193024,7.189810276031494e-07,1.8514692783355713e-06,-1.1324882507324219e-06,0.026642759330570698,0.030253461096435785,-0.0036107017658650875,0.04927991144359112,0.05457241367548704,-0.005292502231895924,0.026642759330570698,0.030253461096435785,-0.0036107017658650875,0.0717938058078289,0.07949700206518173,-0.007703196257352829,0.03408811800181866,0.04147884529083967,-0.007390727289021015,0.05563658848404884,0.06038873642683029,-0.004752147942781448,0.05563658848404884,0.06038873642683029,-0.004752147942781448,0.070168387144804,0.08522351644933224,-0.015055129304528236
MC_OFF,large_field_50ms,AC_off,probability,4,0.06734525039792061,0.07320758700370789,-0.005862336605787277,0.06734525039792061,0.07320758700370789,-0.005862336605787277,360.0,356.6666666666667,3.3333333333333144,60.0,56.666666666666686,3.3333333333333144,0.0005085032025817782,0.0005900893447687849,-8.158614218700677e-05,-0.0030836276710033417,-0.006956502795219421,0.0038728751242160797,-4.210147017147392e-05,-0.0001038828631862998,6.178139301482588e-05,0.026496524456888437,0.029920425731688738,-0.0034239012748003006,0.04176582768559456,0.0425080731511116,-0.0007422454655170441,0.026496524456888437,0.029920425731688738,-0.0034239012748003006,0.04176582768559456,0.0425080731511116,-0.0007422454655170441,0.002679254161193967,0.002828954951837659,-0.00014970079064369202,0.028309330344200134,0.05155366659164429,-0.023244336247444153,0.048100121319293976,0.05155366659164429,-0.0034535452723503113,0.00023484063785872422,0.0003228340210625902,-8.799338320386596e-05
MC_ON,slow_step,normal,logit,5,0.4025126576423645,0.4543219327926636,-0.051809275150299074,0.4025126576423645,0.4543219327926636,-0.051809275150299074,1509.3333333333335,1480.0,29.33333333333335,1209.3333333333335,1180.0,29.33333333333335,0.35930654406547546,0.41237837076187134,-0.053071826696395874,0.16047353744506837,0.1745890974998474,-0.014115560054779052,-0.0008569121360778809,-0.001066899299621582,0.00020998716354370117,0.09292446970939636,0.09600746631622314,-0.003082996606826782,0.2700977176427841,0.29034934043884275,-0.020251622796058653,0.09292446970939636,0.09600746631622314,-0.003082996606826782,-0.0033109068870544435,0.02659386396408081,-0.029904770851135253,0.0,0.0,0.0,0.0,0.0,0.0,0.0,0.0,0.0,0.0,0.0,0.0
MC_ON,slow_1Hz,normal,logit,5,0.40251224040985106,0.4543212532997131,-0.05180901288986206,0.40251224040985106,0.4543212532997131,-0.05180901288986206,1009.3333333333334,980.0,29.333333333333325,709.3333333333334,680.0,29.333333333333325,0.3593897521495819,0.41248524785041807,-0.05309549570083618,0.16047312021255494,0.17458841800689698,-0.01411529779434204,-0.0007737040519714356,-0.0009600222110748291,0.00018631815910339356,0.09292446970939636,0.09600746631622314,-0.003082996606826782,0.2701116889715195,0.2903640180826187,-0.020252329111099244,0.09292446970939636,0.09600746631622314,-0.003082996606826782,-0.003315550088882446,0.026589207351207733,-0.02990475744009018,0.0,0.0,0.0,0.0,0.0,0.0,0.0,0.0,0.0,0.0,0.0,0.0
MC_ON,slow_2Hz,normal,logit,5,0.4025008201599121,0.45433993339538575,-0.05183911323547363,0.4025008201599121,0.45433993339538575,-0.05183911323547363,760.0,1045.3333333333335,-285.3333333333333,460.0,745.3333333333334,-285.3333333333333,0.3595557987689972,0.4126987874507904,-0.053142988681793214,0.16046169996261597,0.17460709810256958,-0.014145398139953613,-0.0006076574325561523,-0.0007464826107025146,0.0001388251781463623,0.09292446970939636,0.09600746631622314,-0.003082996606826782,0.2703889667987823,0.290670183300972,-0.020281216502189635,0.09292446970939636,0.09600746631622314,-0.003082996606826782,-0.009444689191877843,0.020682477470836604,-0.030127166662714443,0.0,0.0,0.0,0.0,0.0,0.0,0.0,0.0,0.0,0.0,0.0,0.0
MC_ON,rapid_10Hz,normal,logit,5,0.31975646018981935,0.3310373306274414,-0.01128087043762207,0.31975646018981935,0.3310373306274414,-0.01128087043762207,426.6666666666667,421.3333333333333,5.333333333333348,126.6666666666667,121.33333333333334,5.333333333333348,0.3601341903209686,0.4134246170520782,-0.05329042673110962,0.0777173399925232,0.05130449533462524,0.02641284465789795,-2.9265880584716797e-05,-2.065300941467285e-05,-8.612871170043945e-06,0.09292446970939636,0.09600746631622314,-0.003082996606826782,0.16512154340744017,0.18138625621795654,-0.016264712810516356,0.09292446970939636,0.09600746631622314,-0.003082996606826782,0.06690145209431649,0.1073132798075676,-0.040411827713251115,0.0,0.0,0.0,0.0,0.0,0.0,0.0,0.0,0.0,0.0,0.0,0.0
MC_ON,rapid_20Hz,normal,logit,5,0.2276550054550171,0.24261350631713868,-0.014958500862121582,0.2276550054550171,0.24261350631713868,-0.014958500862121582,432.0,764.0000000000001,-332.0,132.00000000000006,464.0000000000001,-332.0,0.360165947675705,0.4134503066539764,-0.05328435897827148,-0.014384114742279052,-0.03711932897567749,0.022735214233398436,2.491474151611328e-06,5.036592483520508e-06,-2.54511833190918e-06,0.09325343370437622,0.09995100796222686,-0.006697574257850647,0.08634226322174073,0.10602140724658966,-0.019679144024848938,0.09325343370437622,0.09995100796222686,-0.006697574257850647,0.15744007229804993,0.19360010027885438,-0.03616002798080444,0.0,0.0,0.0,0.0,0.0,0.0,0.0,0.0,0.0,0.0,0.0,0.0
MC_ON,transient_50ms,normal,logit,5,0.35478515625,0.38765037059783936,-0.03286521434783936,0.35478515625,0.38765037059783936,-0.03286521434783936,1377.3333333333335,1373.3333333333335,3.999999999999909,1077.3333333333335,1073.3333333333335,3.999999999999909,0.3601439356803894,0.41342132687568667,-0.053277391195297244,0.11274603605270386,0.1079175353050232,0.004828500747680664,-1.952052116394043e-05,-2.3943185806274413e-05,4.4226646423339845e-06,0.09292446970939636,0.09600746631622314,-0.003082996606826782,0.06753053963184356,0.0769564613699913,-0.009425921738147736,0.09292446970939636,0.09600746631622314,-0.003082996606826782,0.05018532015383244,0.07631599083542824,-0.026130670681595802,0.0,0.0,0.0,0.0,0.0,0.0,0.0,0.0,0.0,0.0,0.0,0.0
MC_ON,large_field_50ms,normal,logit,5,-0.07159326076507569,-0.06858785152435302,-0.0030054092407226563,0.19656879901885987,0.2035672426223755,-0.006998443603515625,369.33333333333337,369.33333333333337,0.0,69.33333333333334,69.33333333333334,0.0,3.1789144649962965e-10,7.152557324197062e-10,-3.9736428592007653e-10,-0.30838037729263307,-0.22372595071792603,-0.08465442657470704,4.768371697494445e-10,1.5099843264643197e-09,-1.0331471567148754e-09,0.09243120849132538,0.0946660578250885,-0.0022348493337631227,-0.06413349099457263,-0.06099594719707966,-0.003137543797492981,0.09243120849132538,0.0946660578250885,-0.0022348493337631227,-0.06413349099457263,-0.06099594719707966,-0.003137543797492981,0.0,0.0,0.0,0.0,0.0,0.0,0.0,0.0,0.0,0.0,0.0,0.0
MC_ON,slow_step,normal,probability,5,0.07199038863182068,0.08037027418613434,-0.00837988555431366,0.07199038863182068,0.08037027418613434,-0.00837988555431366,1509.3333333333335,1480.0,29.33333333333335,1209.3333333333335,1180.0,29.33333333333335,0.06473569795489312,0.07351893484592438,-0.008783236891031266,0.03053257167339325,0.033390235900878903,-0.002857664227485657,0.0041696116328239444,0.005156673491001129,-0.0009870618581771851,0.01563960425555706,0.015641142800450324,-1.5385448932647705e-06,0.04721376746892929,0.050194086879491805,-0.0029803194105625153,0.01563960425555706,0.015641142800450324,-1.5385448932647705e-06,-0.0003969706594944,0.004553801193833351,-0.004950771853327751,0.0,0.0,0.0,0.0,0.0,0.0,0.0,0.0,0.0,0.0,0.0,0.0
MC_ON,slow_1Hz,normal,probability,5,0.07199030816555023,0.08037013709545135,-0.008379828929901124,0.07199030816555023,0.08037013709545135,-0.008379828929901124,1009.3333333333334,980.0,29.333333333333325,709.3333333333334,680.0,29.333333333333325,0.0645179271697998,0.07323547303676606,-0.008717545866966247,0.030532491207122803,0.033390098810195924,-0.00285760760307312,0.003951840847730636,0.004873211681842804,-0.0009213708341121674,0.01563960425555706,0.015641142800450324,-1.5385448932647705e-06,0.047216381132602694,0.05019679963588715,-0.0029804185032844543,0.01563960425555706,0.015641142800450324,-1.5385448932647705e-06,-0.00039770863950252535,0.004553082212805748,-0.0049507908523082735,0.0,0.0,0.0,0.0,0.0,0.0,0.0,0.0,0.0,0.0,0.0,0.0
MC_ON,slow_2Hz,normal,probability,5,0.07198804318904876,0.08037405610084533,-0.00838601291179657,0.07198804318904876,0.08037405610084533,-0.00838601291179657,758.6666666666667,1045.3333333333335,-286.66666666666663,458.6666666666667,745.3333333333334,-286.66666666666663,0.0640714630484581,0.07265606373548508,-0.008584600687026978,0.03053022623062134,0.033394017815589906,-0.0028637915849685667,0.0035053767263889314,0.004293802380561829,-0.0007884256541728973,0.01563960425555706,0.015641142800450324,-1.5385448932647705e-06,0.04726829752326012,0.050253476947546005,-0.0029851794242858887,0.01563960425555706,0.015641142800450324,-1.5385448932647705e-06,-0.0014335044892504812,0.0035469753347570077,-0.0049804798240074884,0.0,0.0,0.0,0.0,0.0,0.0,0.0,0.0,0.0,0.0,0.0,0.0
MC_ON,rapid_10Hz,normal,probability,5,0.05600611865520477,0.056773439049720764,-0.0007673203945159912,0.05600611865520477,0.056773439049720764,-0.0007673203945159912,426.6666666666667,421.3333333333333,5.333333333333348,126.6666666666667,121.33333333333334,5.333333333333348,0.06131211817264557,0.06893695220351219,-0.007624834030866623,0.014548301696777344,0.009793400764465332,0.004754900932312012,0.0007460318505764007,0.0005746908485889435,0.00017134100198745728,0.01563960425555706,0.015641142800450324,-1.5385448932647705e-06,0.027886989712715148,0.03032747618854046,-0.0024404864758253097,0.01563960425555706,0.015641142800450324,-1.5385448932647705e-06,0.010825169924646615,0.017097117751836775,-0.006271947827190161,0.0,0.0,0.0,0.0,0.0,0.0,0.0,0.0,0.0,0.0,0.0,0.0
MC_ON,rapid_20Hz,normal,probability,5,0.038823047280311586,0.04049501419067383,-0.0016719669103622437,0.038823047280311586,0.04049501419067383,-0.0016719669103622437,432.0,764.0000000000001,-332.0,132.00000000000006,464.0000000000001,-332.0,0.06060891821980476,0.06833495199680328,-0.0077260337769985196,-0.0026347696781158446,-0.006485024094581604,0.0038502544164657595,4.2831897735595704e-05,-2.73093581199646e-05,7.014125585556031e-05,0.01569695584475994,0.016319360211491586,-0.0006224043667316437,0.014211618527770042,0.017458397522568704,-0.00324677899479866,0.01569695584475994,0.016319360211491586,-0.0006224043667316437,0.02639806568622589,0.031751738861203194,-0.005353673174977302,0.0,0.0,0.0,0.0,0.0,0.0,0.0,0.0,0.0,0.0,0.0,0.0
MC_ON,transient_50ms,normal,probability,5,0.06266960799694062,0.06741361320018768,-0.00474400520324707,0.06266960799694062,0.06741361320018768,-0.00474400520324707,1377.3333333333335,1373.3333333333335,3.999999999999909,1077.3333333333335,1073.3333333333335,3.999999999999909,0.060669871419668196,0.06847761422395707,-0.007807742804288864,0.021211791038513183,0.02043357491493225,0.0007782161235809326,0.00010378509759902954,0.00011535286903381347,-1.1567771434783935e-05,0.01563960425555706,0.015641142800450324,-1.5385448932647705e-06,0.011355788633227348,0.012942374870181083,-0.0015865862369537354,0.01563960425555706,0.015641142800450324,-1.5385448932647705e-06,0.008009466994553804,0.011926691420376301,-0.003917224425822497,0.0,0.0,0.0,0.0,0.0,0.0,0.0,0.0,0.0,0.0,0.0,0.0
MC_ON,large_field_50ms,normal,probability,5,0.033511224389076236,0.033576163649559024,-6.493926048278809e-05,0.033511224389076236,0.033576163649559024,-6.493926048278809e-05,969.3333333333334,969.3333333333334,0.0,669.3333333333334,669.3333333333334,0.0,0.0001905537472339347,0.00020749428076669574,-1.694053353276104e-05,-0.007012420892715454,-0.012811619043350219,0.005799198150634765,-1.3578776270151139e-05,-7.315693364944309e-05,5.957815737929195e-05,0.015549831092357635,0.015407997369766235,0.00014183372259140014,-0.009675871673971414,-0.008773203985765577,-0.0009026676882058382,0.015549831092357635,0.015407997369766235,0.00014183372259140014,-0.009675871673971414,-0.008773203985765577,-0.0009026676882058382,0.0,0.0,0.0,0.0,0.0,0.0,0.0,0.0,0.0,0.0,0.0,0.0
MC_ON,slow_step,H1_off,logit,5,0.40268975496292114,0.45499093532562257,-0.05230118036270141,0.40268975496292114,0.45499093532562257,-0.05230118036270141,1516.0,1500.0,16.0,1216.0,1200.0,16.0,0.359633332490921,0.4145452678203583,-0.05491193532943726,0.15986605882644653,0.17215055227279663,-0.012284493446350098,-0.0008560478687286377,-0.0010583162307739257,0.00020226836204528809,0.09342453777790069,0.0974300593137741,-0.004005521535873413,0.27031707763671875,0.2911814391613007,-0.02086436152458191,0.09342453777790069,0.0974300593137741,-0.004005521535873413,-0.00370444655418396,0.026502178609371187,-0.030206625163555146,0.000424836203455925,0.002333462308160961,-0.0019086261047050357,0.0029097080230712892,0.008850908279418946,-0.005941200256347656,0.003610992431640625,0.015259075164794921,-0.011648082733154297,0.0003268010710598901,0.002166877721901983,-0.0018400766508420928
MC_ON,slow_1Hz,H1_off,logit,5,0.4026893377304077,0.45499041080474856,-0.05230107307434082,0.4026893377304077,0.45499041080474856,-0.05230107307434082,1016.0,1000.0,16.0,716.0,700.0,16.0,0.3597172975540161,0.4146550357341766,-0.054937738180160525,0.1598656415939331,0.17215002775192262,-0.012284386157989501,-0.0007720828056335449,-0.0009485483169555664,0.00017646551132202148,0.09342453777790069,0.0974300593137741,-0.004005521535873413,0.27033116221427916,0.29119656383991244,-0.02086540162563324,0.09342453777790069,0.0974300593137741,-0.004005521535873413,-0.003709220886230469,0.026497094333171843,-0.030206315219402313,0.0006054440746083856,0.002978286473080516,-0.0023728423984721303,0.0030249595642089845,0.00912647247314453,-0.0061015129089355465,0.003726291656494141,0.015534782409667968,-0.011808490753173828,0.0003275256254710257,0.0021697963820770383,-0.0018422707566060127
MC_ON,slow_2Hz,H1_off,logit,5,0.40267916917800906,0.4550341010093689,-0.05235493183135986,0.40267916917800906,0.4550341010093689,-0.05235493183135986,766.6666666666667,1061.3333333333335,-294.6666666666667,466.6666666666667,761.3333333333334,-294.6666666666667,0.35988476872444153,0.4148741066455841,-0.05498933792114258,0.1598554730415344,0.17219371795654298,-0.012338244915008545,-0.0006046116352081299,-0.0007294774055480957,0.00012486577033996583,0.09342453777790069,0.0974300593137741,-0.004005521535873413,0.2706030935049057,0.2915056854486465,-0.020902591943740844,0.09342453777790069,0.0974300593137741,-0.004005521535873413,-0.009744463674724101,0.020910930680111052,-0.030655394354835153,0.0009655813861172647,0.004259961517527699,-0.003294380131410435,0.003028607368469238,0.009163618087768555,-0.006135010719299316,0.0037242650985717775,0.015503931045532226,-0.01177966594696045,0.00032894286559894683,0.002175347285810858,-0.0018464044202119111
MC_ON,rapid_10Hz,H1_off,logit,5,0.3177502155303955,0.3223466396331787,-0.004596424102783203,0.3177502155303955,0.3223466396331787,-0.004596424102783203,426.6666666666667,421.3333333333333,5.333333333333348,126.6666666666667,121.33333333333334,5.333333333333348,0.36046183705329893,0.4155891716480255,-0.05512733459472656,0.07492651939392089,0.03950625658035278,0.03542026281356812,-2.754330635070801e-05,-1.4412403106689454e-05,-1.3130903244018555e-05,0.09342453777790069,0.0974300593137741,-0.004005521535873413,0.16327695548534393,0.17457362413406372,-0.011296668648719787,0.09342453777790069,0.0974300593137741,-0.004005521535873413,0.06947211548686028,0.11873886585235596,-0.04926675036549568,0.0017534625949338078,0.007265286007896066,-0.005511823412962258,0.0035487890243530275,0.014763641357421874,-0.011214852333068848,0.0035487890243530275,0.014763641357421874,-0.011214852333068848,0.00032763100462034344,0.0021645396365784107,-0.0018369086319580674
MC_ON,rapid_20Hz,H1_off,logit,5,0.22691736221313477,0.24660143852233887,-0.0196840763092041,0.22691736221313477,0.24660143852233887,-0.0196840763092041,432.0,762.6666666666667,-330.66666666666663,132.00000000000006,462.6666666666667,-330.66666666666663,0.36049211025238037,0.4156089246273041,-0.0551168143749237,-0.015906333923339844,-0.03623894453048706,0.020332610607147215,2.7298927307128905e-06,5.340576171875e-06,-2.610683441162109e-06,0.09375199079513549,0.10137240886688233,-0.007620418071746826,0.08601243197917938,0.10560196936130524,-0.019589537382125856,0.09375199079513549,0.10137240886688233,-0.007620418071746826,0.15901511609554292,0.1999171793460846,-0.04090206325054169,0.0007677110959775745,0.0033458640798926355,-0.0025781529839150608,0.002978968620300293,0.012423527240753175,-0.00944455862045288,0.002978968620300293,0.012423527240753175,-0.00944455862045288,0.00032613819057587535,0.00215860353782773,-0.0018324653472518548
MC_ON,transient_50ms,H1_off,logit,5,0.35352187156677245,0.38197602033615113,-0.028454148769378663,0.35352187156677245,0.38197602033615113,-0.028454148769378663,1377.3333333333335,1373.3333333333335,3.999999999999909,1077.3333333333335,1073.3333333333335,3.999999999999909,0.36047019958496096,0.415580952167511,-0.05511075258255005,0.11069817543029785,0.0991356372833252,0.011562538146972657,-1.9180774688720704e-05,-2.263188362121582e-05,3.451108932495117e-06,0.09342453777790069,0.0974300593137741,-0.004005521535873413,0.06744032502174377,0.07731362879276275,-0.009873303771018981,0.09342453777790069,0.0974300593137741,-0.004005521535873413,0.05295861996710301,0.08828196302056313,-0.03532334305346012,0.0003360748232807964,0.001954009709879756,-0.0016179348865989595,0.003550124168395996,0.014753198623657227,-0.01120307445526123,0.003550124168395996,0.014753198623657227,-0.01120307445526123,0.0003262661368353292,0.002159628306981176,-0.001833362170145847
MC_ON,large_field_50ms,H1_off,logit,5,-0.07004542350769043,0.012769150733947753,-0.08281457424163818,0.19585013389587402,0.20032737255096436,-0.004477238655090332,369.33333333333337,358.6666666666667,10.666666666666663,69.33333333333334,58.666666666666686,10.666666666666663,7.152557546241666e-10,9.536743172944284e-10,-2.3841856267026174e-10,-0.22080457210540771,-0.266495954990387,0.045691382884979245,1.4305114870438729e-09,9.536743172944284e-10,4.768371697494445e-10,0.09342453777790069,0.0974300593137741,-0.004005521535873413,-0.05982674434781075,-0.04167584050446749,-0.01815090384334326,0.09342453777790069,0.0974300593137741,-0.004005521535873413,-0.05982674434781075,-0.04167584050446749,-0.01815090384334326,0.0006393546733306721,0.0024794781813398,-0.0018401235080091282,0.0019623756408691405,0.003685259819030762,-0.0017228841781616211,0.006739091873168945,0.027241730690002443,-0.020502638816833497,3.9736430812453705e-10,2.384185515680315e-10,1.5894575655650557e-10
MC_ON,slow_step,H1_off,probability,5,0.0720257967710495,0.08050239086151123,-0.00847659409046173,0.0720257967710495,0.08050239086151123,-0.00847659409046173,1516.0,1500.0,16.0,1216.0,1200.0,16.0,0.06478912532329559,0.07386821359395981,-0.009079088270664216,0.03042207658290863,0.03296377956867218,-0.0025417029857635496,0.004164348542690277,0.005115954577922821,-0.0009516060352325439,0.01573072373867035,0.01588914841413498,-0.00015842467546463014,0.04725495800375938,0.050346656888723376,-0.003091698884963989,0.01573072373867035,0.01588914841413498,-0.00015842467546463014,-0.0004690755158662796,0.004526811838150025,-0.004995887354016304,7.445197261404246e-05,0.0003856800147332251,-0.00031122804211918264,-0.0005970329046249389,0.00016115009784698487,-0.0007581830024719239,0.0006511956453323364,0.002598598599433899,-0.0019474029541015625,5.342696385923773e-05,0.0003492806601570919,-0.0002958536962978542
MC_ON,slow_1Hz,H1_off,probability,5,0.07202571034431457,0.08050227463245392,-0.008476564288139343,0.07202571034431457,0.08050227463245392,-0.008476564288139343,1016.0,1000.0,16.0,716.0,700.0,16.0,0.06456635147333145,0.07356304824352264,-0.008996696770191192,0.030421990156173705,0.03296366333961487,-0.002541673183441162,0.003941574692726135,0.004810789227485656,-0.0008692145347595215,0.01573072373867035,0.01588914841413498,-0.00015842467546463014,0.047257594764232635,0.050349457561969756,-0.0030918627977371215,0.01573072373867035,0.01588914841413498,-0.00015842467546463014,-0.00046983398497104647,0.004526030272245407,-0.004995864257216454,0.00010666186717571691,0.0004972035996615887,-0.00039054173248587176,2.027451992034912e-05,0.0002223789691925049,-0.00020210444927215576,0.0006575793027877808,0.0026598691940307615,-0.002002289891242981,4.842166308662854e-05,0.0003275729832239449,-0.00027915132013731634
MC_ON,slow_2Hz,H1_off,probability,5,0.07202368974685669,0.08051126301288605,-0.008487573266029358,0.07202368974685669,0.08051126301288605,-0.008487573266029358,766.6666666666667,1061.3333333333335,-294.6666666666667,466.6666666666667,761.3333333333334,-294.6666666666667,0.06410997807979583,0.07294045984745026,-0.008830481767654419,0.03041996955871582,0.032972651720047,-0.002552682161331177,0.003485201299190521,0.004188200831413269,-0.0007029995322227478,0.01573072373867035,0.01588914841413498,-0.00015842467546463014,0.047308482229709625,0.05040664896368981,-0.003098166733980179,0.01573072373867035,0.01588914841413498,-0.00015842467546463014,-0.0014884744305163622,0.003576467225502711,-0.005064941656019073,0.00017085319632315077,0.0007186195696704089,-0.0005477663733472582,2.4124979972839355e-05,0.00023051798343658446,-0.0002063930034637451,0.000653943419456482,0.002652671933174133,-0.0019987285137176513,3.851771471090615e-05,0.00028439693778636865,-0.0002458792230754625
MC_ON,rapid_10Hz,H1_off,probability,5,0.05561727285385132,0.055168402194976804,0.00044887065887451173,0.05561727285385132,0.055168402194976804,0.00044887065887451173,426.6666666666667,421.3333333333333,5.333333333333348,126.6666666666667,121.33333333333334,5.333333333333348,0.061337925493717194,0.06920360028743744,-0.007865674793720245,0.014013552665710449,0.007629790902137756,0.006383761763572693,0.0007131487131118774,0.00045134127140045166,0.00026180744171142576,0.01573072373867035,0.01588914841413498,-0.00015842467546463014,0.02755451910197735,0.02917235270142555,-0.0016178335994482041,0.01573072373867035,0.01588914841413498,-0.00015842467546463014,0.011255071125924587,0.018964607454836368,-0.007709536328911781,0.000314564147265628,0.0012548135709948838,-0.0009402494237292558,0.0005989640951156617,0.0024004042148590087,-0.0018014401197433473,0.0005989640951156617,0.0024004042148590087,-0.0018014401197433473,2.5808157170104094e-05,0.00026664924080250786,-0.00024084108363240376
MC_ON,rapid_20Hz,H1_off,probability,5,0.03868356943130493,0.04116184115409851,-0.002478271722793579,0.03868356943130493,0.04116184115409851,-0.002478271722793579,432.0,762.6666666666667,-330.66666666666663,132.00000000000006,462.6666666666667,-330.66666666666663,0.060661880671977995,0.06872082501649857,-0.008058944344520569,-0.0029201507568359375,-0.006376770138740539,0.003456619381904602,3.7103891372680664e-05,-3.143399953842163e-05,6.85378909111023e-05,0.015787840634584428,0.016569265350699424,-0.0007814247161149979,0.014159353077411651,0.017429370433092117,-0.0032700173556804656,0.015787840634584428,0.016569265350699424,-0.0007814247161149979,0.026677485927939414,0.03285323530435562,-0.006175749376416207,0.000138200270885136,0.0005855870025698095,-0.0004473867316846736,0.0005222558975219727,0.0021669000387191774,-0.0016446441411972045,0.0005222558975219727,0.0021669000387191774,-0.0016446441411972045,5.296570234349929e-05,0.0003858749070786871,-0.00033290920473518784
MC_ON,transient_50ms,H1_off,probability,5,0.062420976161956784,0.06634010076522827,-0.003919124603271484,0.062420976161956784,0.06634010076522827,-0.003919124603271484,1377.3333333333335,1373.3333333333335,3.999999999999909,1077.3333333333335,1073.3333333333335,3.999999999999909,0.060726269334554675,0.0688575640320778,-0.008131294697523116,0.020817255973815917,0.018801489472389223,0.0020157665014266966,0.00010149255394935608,0.000105305016040802,-3.8124620914459228e-06,0.01573072373867035,0.01588914841413498,-0.00015842467546463014,0.011341740936040878,0.013013732805848121,-0.0016719918698072434,0.01573072373867035,0.01588914841413498,-0.00015842467546463014,0.008472331613302232,0.013859247043728828,-0.005386915430426598,5.927817983319983e-05,0.0003405054041650146,-0.0002812272243318148,0.0005991160869598389,0.0023848950862884522,-0.0017857789993286134,0.0005991160869598389,0.0023848950862884522,-0.0017857789993286134,5.639616792905144e-05,0.00037995515303919093,-0.00032355898511013945
MC_ON,large_field_50ms,H1_off,probability,5,0.03336726725101471,0.03294849991798401,0.0004187673330307007,0.03336726725101471,0.03294849991798401,0.0004187673330307007,969.3333333333334,758.6666666666667,210.66666666666669,669.3333333333334,458.6666666666667,210.66666666666669,0.00019428069062996656,0.00022306244645733386,-2.8781755827367305e-05,-0.007298970222473144,-0.01394064724445343,0.006641677021980286,-1.184280845336616e-05,-6.734419439453631e-05,5.550138594117016e-05,0.01573072373867035,0.01588914841413498,-0.00015842467546463014,-0.008990044984966517,-0.005855998490005732,-0.0031340464949607847,0.01573072373867035,0.01588914841413498,-0.00015842467546463014,-0.008990044984966517,-0.005855998490005732,-0.0031340464949607847,0.00010475831186340656,0.00038253961829468606,-0.0002777813064312795,0.0009552091360092163,0.003429305553436279,-0.002474096417427063,0.0011401623487472534,0.004365783929824829,-0.0032256215810775755,3.7269394852046387e-06,1.556815750518581e-05,-1.184121801998117e-05
MC_ON,slow_step,AC_off,logit,5,0.422489070892334,0.5088367700576782,-0.08634769916534424,0.422489070892334,0.5088367700576782,-0.08634769916534424,1554.6666666666667,1477.3333333333335,77.33333333333334,1254.6666666666667,1177.3333333333335,77.33333333333334,0.8349160075187683,0.9756993770599365,-0.1407833695411682,0.0028600454330444335,0.017656350135803224,-0.014796304702758788,8.344650268554688e-07,-1.8477439880371094e-06,2.682209014892578e-06,0.13366818726062774,0.16959093511104584,-0.03592274785041809,0.28879469633102417,0.3381417512893677,-0.0493470549583435,0.13366818726062774,0.16959093511104584,-0.03592274785041809,0.41288180351257325,0.46861937642097473,-0.05573757290840149,0.23717394173145295,0.28005481958389283,-0.04288087785243988,0.45567147731781005,0.5088826775550842,-0.05321120023727417,0.45567147731781005,0.5088826775550842,-0.05321120023727417,0.4756094515323639,0.5633209824562073,-0.08771153092384339
MC_ON,slow_1Hz,AC_off,logit,5,0.4224897027015686,0.5088383197784424,-0.08634861707687377,0.4224897027015686,0.5088383197784424,-0.08634861707687377,1053.3333333333335,977.3333333333334,76.00000000000003,753.3333333333334,677.3333333333334,76.00000000000003,0.8349160075187683,0.9757002115249633,-0.14078420400619507,0.0028606772422790526,0.017657899856567384,-0.01479722261428833,8.344650268554688e-07,-1.0132789611816406e-06,1.8477439880371094e-06,0.13366818726062774,0.16959093511104584,-0.03592274785041809,0.28879507184028624,0.33814319372177126,-0.049348121881484984,0.13366818726062774,0.16959093511104584,-0.03592274785041809,0.41289143562316893,0.46862969398498533,-0.05573825836181641,0.23713309764862062,0.28000253438949585,-0.04286943674087525,0.45567147731781005,0.5088826775550842,-0.05321120023727417,0.45567147731781005,0.5088826775550842,-0.05321120023727417,0.4755262851715088,0.5632149815559387,-0.08768869638442993
MC_ON,slow_2Hz,AC_off,logit,5,0.4225052833557129,0.5088708162307739,-0.08636553287506103,0.4225052833557129,0.5088708162307739,-0.08636553287506103,768.0,725.3333333333334,42.66666666666667,468.0,425.33333333333337,42.66666666666667,0.8349161505699157,0.975701904296875,-0.14078575372695923,0.0028762578964233398,0.017690396308898924,-0.014814138412475586,9.775161743164062e-07,6.794929504394531e-07,2.980232238769531e-07,0.13366818726062774,0.16959093511104584,-0.03592274785041809,0.2887996852397919,0.33817377090454104,-0.04937408566474914,0.13366818726062774,0.16959093511104584,-0.03592274785041809,0.41301018595695493,0.4684329628944397,-0.05542277693748474,0.2370653361082077,0.2799116909503937,-0.04284635484218598,0.45567147731781005,0.5088826775550842,-0.05321120023727417,0.45567147731781005,0.5088826775550842,-0.05321120023727417,0.4753603398799896,0.5630030512809754,-0.08764271140098571
MC_ON,rapid_10Hz,AC_off,logit,5,0.4213432431221008,0.5021502137184143,-0.08080697059631348,0.4213432431221008,0.5021502137184143,-0.08080697059631348,429.33333333333337,434.6666666666667,-5.3333333333333375,129.33333333333334,134.66666666666669,-5.3333333333333375,0.8349156975746155,0.975703501701355,-0.1407878041267395,0.0017142176628112793,0.010969793796539307,-0.009255576133728027,5.245208740234375e-07,2.276897430419922e-06,-1.7523765563964843e-06,0.13366818726062774,0.16959093511104584,-0.03592274785041809,0.28547322154045107,0.3251983165740967,-0.03972509503364563,0.13366818726062774,0.16959093511104584,-0.03592274785041809,0.3772698163986206,0.44339917302131654,-0.06612935662269592,0.23381661474704743,0.276851087808609,-0.043034473061561586,0.3700912594795227,0.3931202292442322,-0.023028969764709473,0.3700912594795227,0.3931202292442322,-0.023028969764709473,0.4747814953327179,0.5622788906097412,-0.08749739527702331
MC_ON,rapid_20Hz,AC_off,logit,5,0.419828462600708,0.4942636609077454,-0.07443519830703735,0.419828462600708,0.4942636609077454,-0.07443519830703735,429.33333333333337,436.0,-6.666666666666674,129.33333333333334,136.00000000000003,-6.666666666666674,0.8349154233932495,0.975702440738678,-0.14078701734542848,0.00019943714141845703,0.003083240985870361,-0.002883803844451904,2.5033950805664064e-07,1.2159347534179687e-06,-9.65595245361328e-07,0.13366971909999847,0.1695921689271927,-0.03592244982719421,0.2842601478099823,0.3190826177597046,-0.03482246994972229,0.13366971909999847,0.1695921689271927,-0.03592244982719421,0.30299876928329467,0.3724530220031738,-0.06945425271987915,0.2312850147485733,0.2745417594909668,-0.043256744742393494,0.2813104629516602,0.30978918075561523,-0.028478717803955077,0.2813104629516602,0.30978918075561523,-0.028478717803955077,0.4747494995594025,0.5622521042823792,-0.08750260472297669
MC_ON,transient_50ms,AC_off,logit,5,0.421055006980896,0.5041762590408325,-0.08312125205993652,0.421055006980896,0.5041762590408325,-0.08312125205993652,1190.6666666666667,1384.0,-193.33333333333334,890.6666666666667,1084.0,-193.33333333333334,0.8349148035049438,0.9756994605064392,-0.14078465700149537,0.0014259815216064453,0.01299583911895752,-0.011569857597351074,-3.695487976074219e-07,-1.7642974853515626e-06,1.3947486877441405e-06,0.13366818726062774,0.16959093511104584,-0.03592274785041809,0.28398891985416413,0.31804179549217226,-0.034052875638008115,0.13366818726062774,0.16959093511104584,-0.03592274785041809,0.3770577013492584,0.442727667093277,-0.06566996574401855,0.2300919324159622,0.27315614819526673,-0.043064215779304506,0.3727534055709839,0.3999553442001343,-0.02720193862915039,0.3727534055709839,0.3999553442001343,-0.02720193862915039,0.4747709035873413,0.5622780799865723,-0.08750717639923096
MC_ON,large_field_50ms,AC_off,logit,5,0.07241359949111939,0.22888319492340087,-0.1564695954322815,0.3491684556007385,0.40237700939178467,-0.053208553791046144,760.0,557.3333333333334,202.66666666666666,460.0,257.33333333333337,202.66666666666666,-1.907348690100008e-09,-1.5894572324981482e-09,-3.178914576018599e-10,2.771615982055664e-05,-0.02258814573287964,0.022615861892700196,-7.152557768286272e-10,-2.2204460492503132e-17,-7.152557546241666e-10,0.13313665390014648,0.16779058575630187,-0.034653931856155396,0.24077484607696534,0.2493099570274353,-0.00853511095046997,0.13313665390014648,0.16779058575630187,-0.034653931856155396,0.24077484607696534,0.2493099570274353,-0.00853511095046997,0.022227126732468606,0.023086771741509436,-0.0008596450090408326,0.3549973487854004,0.06895406246185302,0.28604328632354736,0.3549973487854004,0.35551555156707765,-0.0005182027816772461,-2.2252401365996378e-09,-2.304712998224545e-09,7.947286162490741e-11
MC_ON,slow_step,AC_off,probability,5,0.07596428394317627,0.09126552939414978,-0.01530124545097351,0.07596428394317627,0.09126552939414978,-0.01530124545097351,1552.0,1477.3333333333335,74.6666666666667,1252.0,1177.3333333333335,74.6666666666667,0.14973093569278717,0.17386804521083832,-0.024137109518051147,0.0005813509225845337,0.0035634279251098634,-0.0029820770025253294,-3.6597251892089843e-06,6.926059722900391e-06,-1.0585784912109375e-05,0.02309616580605507,0.02890644483268261,-0.00581027902662754,0.05072142258286476,0.05909019559621811,-0.008368773013353347,0.02309616580605507,0.02890644483268261,-0.00581027902662754,0.0740318201482296,0.08318575024604798,-0.009153930097818374,0.0423824854195118,0.04988541677594185,-0.007502931356430054,0.08087957203388214,0.08931134641170502,-0.008431774377822877,0.08087957203388214,0.08931134641170502,-0.008431774377822877,0.084995236992836,0.10034911334514618,-0.01535387635231018
MC_ON,slow_1Hz,AC_off,probability,5,0.07596442103385925,0.09126583933830261,-0.01530141830444336,0.07596442103385925,0.09126583933830261,-0.01530141830444336,1053.3333333333335,977.3333333333334,76.00000000000003,753.3333333333334,677.3333333333334,76.00000000000003,0.14973078966140746,0.17386637032032012,-0.024135580658912657,0.0005814880132675171,0.0035637378692626952,-0.002982249855995178,-3.8057565689086915e-06,5.251169204711914e-06,-9.056925773620605e-06,0.02309616580605507,0.02890644483268261,-0.00581027902662754,0.05072149783372879,0.05909046083688736,-0.008368963003158569,0.02309616580605507,0.02890644483268261,-0.00581027902662754,0.07403373047709465,0.0831878051161766,-0.009154074639081956,0.04249142408370972,0.050026430189609526,-0.007535006105899811,0.08087957203388214,0.08931134641170502,-0.008431774377822877,0.08087957203388214,0.08931134641170502,-0.008431774377822877,0.08521285951137543,0.10063090026378632,-0.015418040752410888
MC_ON,slow_2Hz,AC_off,probability,5,0.07596749365329743,0.09127240777015685,-0.015304914116859436,0.07596749365329743,0.09127240777015685,-0.015304914116859436,766.6666666666667,725.3333333333334,41.33333333333335,466.6666666666667,425.33333333333337,41.33333333333335,0.14973047077655793,0.17386288344860076,-0.024132412672042847,0.0005845606327056884,0.0035703063011169435,-0.002985745668411255,-4.124641418457031e-06,1.7642974853515626e-06,-5.888938903808594e-06,0.02309616580605507,0.02890644483268261,-0.00581027902662754,0.05072236433625221,0.059096282720565795,-0.008373918384313584,0.02309616580605507,0.02890644483268261,-0.00581027902662754,0.07405689880251884,0.08314822912216187,-0.00909133031964302,0.04271714240312576,0.05031695514917374,-0.0075998127460479735,0.08087957203388214,0.08931134641170502,-0.008431774377822877,0.08087957203388214,0.08931134641170502,-0.008431774377822877,0.08565901219844818,0.10120681673288345,-0.015547804534435272
MC_ON,rapid_10Hz,AC_off,probability,5,0.07572980523109436,0.08990045189857483,-0.014170646667480469,0.07572980523109436,0.08990045189857483,-0.014170646667480469,429.33333333333337,434.6666666666667,-5.3333333333333375,129.33333333333334,134.66666666666669,-5.3333333333333375,0.1497311383485794,0.17384790480136872,-0.024116766452789307,0.0003468722105026245,0.002198350429534912,-0.0018514782190322877,-3.4570693969726562e-06,-1.3214349746704101e-05,9.757280349731445e-06,0.02309616580605507,0.02890644483268261,-0.00581027902662754,0.050081224739551546,0.05658302679657936,-0.006501802057027817,0.02309616580605507,0.02890644483268261,-0.00581027902662754,0.06707412526011466,0.07814428508281708,-0.011070159822702407,0.043558402359485625,0.05168451890349388,-0.008126116544008254,0.06734055280685425,0.0717113584280014,-0.004370805621147156,0.06734055280685425,0.0717113584280014,-0.004370805621147156,0.08841901421546935,0.10491095036268235,-0.016491936147212984
MC_ON,rapid_20Hz,AC_off,probability,5,0.07542518973350525,0.08831627070903778,-0.012891080975532532,0.07542518973350525,0.08831627070903778,-0.012891080975532532,429.33333333333337,436.0,-6.666666666666674,129.33333333333334,136.00000000000003,-6.666666666666674,0.14973280131816863,0.1738523930311203,-0.02411959171295166,4.2256712913513186e-05,0.0006141692399978637,-0.0005719125270843506,-1.794099807739258e-06,-8.726119995117188e-06,6.9320201873779295e-06,0.023096468299627304,0.02890669144690037,-0.005810223147273063,0.04985355138778687,0.05546926856040955,-0.005615717172622681,0.023096468299627304,0.02890669144690037,-0.005810223147273063,0.05319806262850761,0.06475237011909485,-0.011554307490587234,0.04348072409629822,0.051605311781167985,-0.008124587684869766,0.052404722571372984,0.05796881914138794,-0.005564096570014954,0.052404722571372984,0.05796881914138794,-0.005564096570014954,0.08912388235330582,0.1055174395442009,-0.01639355719089508
MC_ON,transient_50ms,AC_off,probability,5,0.07567463517189026,0.09031475186347962,-0.014640116691589355,0.07567463517189026,0.09031475186347962,-0.014640116691589355,1190.6666666666667,1384.0,-193.33333333333334,890.6666666666667,1084.0,-193.33333333333334,0.14973503351211548,0.17386353015899658,-0.024128496646881104,0.00029170215129852294,0.0026126503944396973,-0.0023209482431411745,4.3809413909912107e-07,2.411007881164551e-06,-1.9729137420654298e-06,0.02309616580605507,0.02890644483268261,-0.00581027902662754,0.049810823798179624,0.055331598967313766,-0.00552077516913414,0.02309616580605507,0.02890644483268261,-0.00581027902662754,0.06703109666705132,0.07800959348678589,-0.010978496819734573,0.0432644210755825,0.05132414251565933,-0.008059721440076828,0.06705453395843505,0.0718418687582016,-0.00478733479976654,0.06705453395843505,0.0718418687582016,-0.00478733479976654,0.08906516134738922,0.10538591593503951,-0.0163207545876503
MC_ON,large_field_50ms,AC_off,probability,5,0.061547687649726866,0.07006570994853974,-0.008518022298812867,0.061547687649726866,0.07006570994853974,-0.008518022298812867,360.0,357.33333333333337,2.666666666666663,60.000000000000014,57.33333333333335,2.666666666666663,0.0004797367611899972,0.0006143449223600328,-0.0001346081611700356,-0.0014169394969940185,-0.005931505560874939,0.004514566063880921,-2.111036446876824e-05,-0.00010358656290918589,8.247619844041765e-05,0.022992695122957228,0.028559308126568796,-0.005566613003611565,0.041511610895395276,0.042420221120119096,-0.000908610224723816,0.022992695122957228,0.028559308126568796,-0.005566613003611565,0.041511610895395276,0.042420221120119096,-0.000908610224723816,0.0035543414764106275,0.0035922018345445395,-3.7860358133912086e-05,0.058761152625083926,0.060771772265434267,-0.0020106196403503417,0.058761152625083926,0.060771772265434267,-0.0020106196403503417,0.0002891830081352964,0.00040685064159333705,-0.00011766763345804066
PC_ON,slow_step,normal,logit,9,0.4000093738238017,0.3401411109500461,0.05986826287375556,0.4000093738238017,0.39612910482618546,0.003880268997616238,1546.6666666666667,1548.888888888889,-2.222222222222273,1246.6666666666667,1248.888888888889,-2.222222222222273,0.42039794557624394,0.4027537682818042,0.01764417729443974,0.16691330406400892,0.09137505292892456,0.07553825113508436,-0.0006261716286341349,-0.0005927822656101651,-3.338936302396986e-05,0.05130516489346822,0.050364411539501615,0.000940753353966607,0.3017529530657662,0.27942459285259247,0.022328360213173762,0.05130516489346822,0.050364411539501615,0.000940753353966607,0.06763605193959342,0.07330270773834652,-0.005666655798753102,0.0,0.0,0.0,0.0,0.0,0.0,0.0,0.0,0.0,0.0,0.0,0.0
PC_ON,slow_1Hz,normal,logit,9,0.4000092281235589,0.3401176068517897,0.0598916212717692,0.4000092281235589,0.396105600727929,0.003903627395629883,1046.6666666666667,1106.6666666666667,-60.000000000000014,746.6666666666666,806.6666666666666,-60.000000000000014,0.42046846118238235,0.4028230710989899,0.01764539008339246,0.16691315836376613,0.09135154883066814,0.07556160953309801,-0.0005556560224956936,-0.0005234794484244452,-3.2176574071248375e-05,0.05130516489346822,0.050364411539501615,0.000940753353966607,0.30176545514000785,0.2794116818242603,0.022353773315747578,0.05130516489346822,0.050364411539501615,0.000940753353966607,0.06763395501507653,0.07333581811851925,-0.005701863103442722,0.0,0.0,0.0,0.0,0.0,0.0,0.0,0.0,0.0,0.0,0.0,0.0
PC_ON,slow_2Hz,normal,logit,9,0.39997854497697616,0.3394649889734056,0.06051355600357056,0.39997854497697616,0.39545298284954494,0.0045255621274312334,783.7037037037038,885.1851851851852,-101.48148148148148,483.70370370370375,585.1851851851852,-101.48148148148148,0.4206085403760274,0.4029586989846494,0.017649841391377978,0.16688247521718344,0.09069893095228407,0.07618354426489936,-0.0004155768288506402,-0.0003878515627649095,-2.7725266085730658e-05,0.05130516489346822,0.050364411539501615,0.000940753353966607,0.301928804980384,0.2789706786473592,0.022958126333024766,0.05130516489346822,0.050364411539501615,0.000940753353966607,0.06422655925982529,0.07069515147142941,-0.006468592211604118,0.0,0.0,0.0,0.0,0.0,0.0,0.0,0.0,0.0,0.0,0.0,0.0
PC_ON,rapid_10Hz,normal,logit,9,0.3074066374037001,0.24834602408938938,0.05906061331431071,0.3074066374037001,0.3043340179655287,0.0030726194381713867,434.81481481481484,414.07407407407413,20.740740740740744,134.81481481481484,114.07407407407408,20.740740740740744,0.4210063914457957,0.4033384352094597,0.017667956236335967,0.07431056764390734,-0.00042003393173217773,0.07473060157563952,-1.7725759082370336e-05,-8.115337954627143e-06,-9.610421127743191e-06,0.05130516489346822,0.050364411539501615,0.000940753353966607,0.2031029628382789,0.19374284479353163,0.009360118044747246,0.05130516489346822,0.050364411539501615,0.000940753353966607,0.11294299674530824,0.12423440565665562,-0.01129140891134739,0.0,0.0,0.0,0.0,0.0,0.0,0.0,0.0,0.0,0.0,0.0,0.0
PC_ON,rapid_20Hz,normal,logit,9,0.24610747893651327,0.20477804872724745,0.04132943020926581,0.24610747893651327,0.24884890185462105,-0.0027414229181077746,641.4814814814815,396.2962962962963,245.18518518518522,341.4814814814815,96.2962962962963,245.18518518518522,0.421026349067688,0.4033489752974775,0.01767737377021048,0.013011409176720513,-0.04398800929387411,0.056999418470594615,2.23186280992296e-06,2.4247500631544326e-06,-1.9288725323147244e-07,0.056508044401804604,0.05590163833565182,0.0006064060661527845,0.1542755299144321,0.1454694229695532,0.008806106944878897,0.056508044401804604,0.05590163833565182,0.0006064060661527845,0.1344098159008556,0.146007116470072,-0.01159730056921641,0.0,0.0,0.0,0.0,0.0,0.0,0.0,0.0,0.0,0.0,0.0,0.0
PC_ON,transient_50ms,normal,logit,9,0.3464311891131931,0.28519320487976074,0.061237984233432345,0.3464311891131931,0.3411811987559001,0.005249990357293023,1375.5555555555557,1259.2592592592594,116.29629629629628,1075.5555555555557,959.2592592592594,116.29629629629628,0.421006730861134,0.40333182778623367,0.01767490307490031,0.11333511935340033,0.03642714685863919,0.07690797249476115,-1.7386343744066027e-05,-1.4722761180665759e-05,-2.6635825634002686e-06,0.05130516489346822,0.050364411539501615,0.000940753353966607,0.1358274014459716,0.12217336313592063,0.013654038310050964,0.05130516489346822,0.050364411539501615,0.000940753353966607,0.0911678657349613,0.0967795161737336,-0.005611650438772308,0.0,0.0,0.0,0.0,0.0,0.0,0.0,0.0,0.0,0.0,0.0,0.0
PC_ON,large_field_50ms,normal,logit,9,0.07849478721618652,0.04345989227294922,0.035034894943237305,0.16271323627895778,0.1609537336561415,0.0017595026228162977,460.74074074074076,460.74074074074076,0.0,160.74074074074076,160.74074074074076,0.0,4.4151589791615226e-10,1.766063715022723e-10,2.6490952641388e-10,-0.03790873951382107,-0.07311673959096272,0.03520800007714166,9.71334975415535e-10,7.06425449001655e-10,2.6490952641388e-10,0.05121085875564151,0.05071241325802273,0.0004984454976187812,0.017817184949914616,0.016656522121694353,0.0011606628282202615,0.05121085875564151,0.05071241325802273,0.0004984454976187812,0.017817184949914616,0.016656522121694353,0.0011606628282202615,0.0,0.0,0.0,0.0,0.0,0.0,0.0,0.0,0.0,0.0,0.0,0.0
PC_ON,slow_step,normal,probability,9,0.06284144106838438,0.05452787627776464,0.008313564790619744,0.06284144106838438,0.06156582716438505,0.0012756139039993286,1546.6666666666667,1548.888888888889,-2.222222222222273,1246.6666666666667,1248.888888888889,-2.222222222222273,0.06539111874169773,0.06267012334946129,0.0027209953922364446,0.028295358849896327,0.017469230625364516,0.010826128224531809,0.003056148894959026,0.0028805293970637852,0.00017561949789524078,0.007392144037617577,0.007259988225996494,0.00013215581162108315,0.04644923822747336,0.04284753153721491,0.00360170669025845,0.007392144037617577,0.007259988225996494,0.00013215581162108315,0.009762115880019136,0.010816582685543431,-0.0010544668055242961,0.0,0.0,0.0,0.0,0.0,0.0,0.0,0.0,0.0,0.0,0.0,0.0
PC_ON,slow_1Hz,normal,probability,9,0.06284141292174657,0.054523942371209465,0.00831747055053711,0.06284141292174657,0.061561893257829875,0.0012795196639166938,1046.6666666666667,1106.6666666666667,-60.000000000000014,746.6666666666666,806.6666666666666,-60.000000000000014,0.0651957272655434,0.06248015082544751,0.0027155764400959015,0.028295330703258514,0.01746529671880934,0.010830033984449174,0.0028607574188046986,0.002690556873050001,0.00017020054575469758,0.007392144037617577,0.007259988225996494,0.00013215581162108315,0.04645132728748851,0.042845656267470784,0.00360567102001773,0.007392144037617577,0.007259988225996494,0.00013215581162108315,0.009761829343107011,0.01082115475502279,-0.0010593254119157791,0.0,0.0,0.0,0.0,0.0,0.0,0.0,0.0,0.0,0.0,0.0,0.0
PC_ON,slow_2Hz,normal,probability,9,0.06283675382534663,0.05441467132833269,0.00842208249701394,0.06283675382534663,0.0614526222149531,0.0013841316103935242,783.7037037037038,885.1851851851852,-101.48148148148148,483.70370370370375,585.1851851851852,-101.48148148148148,0.06479773960179752,0.06210098291436831,0.0026967566874292162,0.02829067160685857,0.017356025675932567,0.010934645930926004,0.0024627697550588185,0.002311388961970806,0.00015138079308801226,0.007392144037617577,0.007259988225996494,0.00013215581162108315,0.046480256857143507,0.042779657575819224,0.0037005992813242804,0.007392144037617577,0.007259988225996494,0.00013215581162108315,0.009213623668377599,0.010387663108607134,-0.001174039440229535,0.0,0.0,0.0,0.0,0.0,0.0,0.0,0.0,0.0,0.0,0.0,0.0
PC_ON,rapid_10Hz,normal,probability,9,0.047161718209584556,0.03885627703534232,0.008305441174242232,0.047161718209584556,0.04589422792196274,0.001267490287621816,434.81481481481484,414.07407407407413,20.740740740740744,134.81481481481484,114.07407407407408,20.740740740740744,0.0627170308596558,0.06004261654905147,0.002674414310604334,0.012615635991096497,0.0017976313829421997,0.010818004608154297,0.00038206101291709475,0.0002530225966539648,0.00012903841626312997,0.007392144037617577,0.007259988225996494,0.00013215581162108315,0.03048824022213618,0.02912895039965709,0.001359289822479089,0.007392144037617577,0.007259988225996494,0.00013215581162108315,0.016024108898515504,0.01808497816738155,-0.002060869268866049,0.0,0.0,0.0,0.0,0.0,0.0,0.0,0.0,0.0,0.0,0.0,0.0
PC_ON,rapid_20Hz,normal,probability,9,0.03687298215097851,0.036828839116626315,4.4143034352196584e-05,0.03687298215097851,0.036828839116626315,4.4143034352196584e-05,641.4814814814815,618.5185185185186,22.962962962962983,341.4814814814815,318.51851851851853,22.962962962962983,0.06235544424917963,0.059785059911923275,0.002570384337256352,0.002326899932490455,-0.0002298065357738071,0.0025567064682642617,2.0474402440918817e-05,-4.534040474229389e-06,2.5008442915148204e-05,0.008068415543271435,0.008110176564918624,-4.17610216471884e-05,0.0226724859740999,0.021495911085771188,0.0011765748883287113,0.008068415543271435,0.008110176564918624,-4.17610216471884e-05,0.019420849573281076,0.0215101209986541,-0.0020892714253730243,0.0,0.0,0.0,0.0,0.0,0.0,0.0,0.0,0.0,0.0,0.0,0.0
PC_ON,transient_50ms,normal,probability,9,0.053698056273990206,0.04505921072430081,0.008638845549689399,0.053698056273990206,0.052097161610921226,0.0016008946630689832,1375.5555555555557,1259.2592592592594,116.29629629629628,1075.5555555555557,959.2592592592594,116.29629629629628,0.06242582533094618,0.059866406903084785,0.002559418427861399,0.01915197405550215,0.008000565071900686,0.011151408983601464,9.085548420747121e-05,7.6812950687276e-05,1.4042533520195218e-05,0.007392144037617577,0.007259988225996494,0.00013215581162108315,0.01994905351764626,0.017972556460234854,0.0019764970574114057,0.007392144037617577,0.007259988225996494,0.00013215581162108315,0.012769838381144736,0.013819666268924872,-0.0010498278877801364,0.0,0.0,0.0,0.0,0.0,0.0,0.0,0.0,0.0,0.0,0.0,0.0
PC_ON,large_field_50ms,normal,probability,9,0.023400469786591,0.02293137378162808,0.00046909600496292114,0.023400469786591,0.02293137378162808,0.00046909600496292114,571.8518518518518,571.8518518518518,0.0,271.8518518518519,271.8518518518519,0.0,0.0001096513495010893,0.00011367177749990433,-4.020427998815042e-06,-0.0076079219579696655,-0.011811782916386923,0.004203860958417256,-6.25891948907843e-05,-9.587599419723524e-05,3.328679930645093e-05,0.007376682944595814,0.0072808343296249705,9.5848614970843e-05,0.002465112212424477,0.0023479266350881923,0.00011718557733628486,0.007376682944595814,0.0072808343296249705,9.5848614970843e-05,0.002465112212424477,0.0023479266350881923,0.00011718557733628486,0.0,0.0,0.0,0.0,0.0,0.0,0.0,0.0,0.0,0.0,0.0,0.0
PC_ON,slow_step,H1_off,logit,9,0.39975131220287746,0.33647142516242134,0.06327988704045613,0.39975131220287746,0.3975709014468723,0.002180410756005181,1549.6296296296298,1648.888888888889,-99.2592592592593,1249.6296296296298,1348.888888888889,-99.2592592592593,0.42089909315109253,0.4038490516444047,0.0170500415066878,0.1662759648429023,0.08577425612343682,0.08050170871946546,-0.0006218254566192627,-0.0005757821102937063,-4.6043346325556435e-05,0.05142410099506378,0.05016095770729913,0.0012631432877646552,0.30157043205367196,0.2789919376373291,0.02257849441634284,0.05142410099506378,0.05016095770729913,0.0012631432877646552,0.06819971402486165,0.07502804034286076,-0.006828326317999098,0.0007498005385665844,0.003478497163289123,-0.0027286966247225385,0.0010331736670600043,-0.003139058748881022,0.004172232415941026,0.0016643736097547743,0.010684053103129068,-0.009019679493374295,0.0005011432383778609,0.0010952867903850144,-0.0005941435520071536
PC_ON,slow_1Hz,H1_off,logit,9,0.3997511996163262,0.3364424771732754,0.0633087224430508,0.3997511996163262,0.39754195345772636,0.0022092461585998535,1049.6296296296298,1262.2222222222222,-212.5925925925926,749.6296296296297,962.2222222222222,-212.5925925925926,0.4209694332546658,0.40391841365231407,0.017051019602351718,0.16627585225635105,0.0857453081342909,0.08053054412206014,-0.0005514853530459934,-0.0005064201023843554,-4.506525066163805e-05,0.05142410099506378,0.05016095770729913,0.0012631432877646552,0.3015829573074977,0.27897098660469055,0.02261197070280711,0.05142410099506378,0.05016095770729913,0.0012631432877646552,0.06819762206739849,0.07506679164038764,-0.006869169572989146,0.0008096423553070053,0.004072374321468588,-0.003262731966161583,0.0015974839528401692,0.006201465924580892,-0.004603981971740723,0.0019394026862250434,0.012482126553853353,-0.01054272386762831,0.0005009760772938736,0.0010953342102261053,-0.0005943581329322316
PC_ON,slow_2Hz,H1_off,logit,9,0.39971983432769775,0.3356458346048991,0.06407399972279866,0.39971983432769775,0.39674531088935006,0.0029745234383477103,788.8888888888889,1240.7407407407409,-451.8518518518519,488.8888888888889,940.7407407407409,-451.8518518518519,0.4211091299851735,0.40405367087158894,0.017055459113584623,0.16624448696772257,0.08494866556591457,0.081295821401808,-0.0004117886225382487,-0.0003711628831095166,-4.062573942873213e-05,0.05142410099506378,0.05016095770729913,0.0012631432877646552,0.3017371810144848,0.27831269635094535,0.023424484663539462,0.05142410099506378,0.05016095770729913,0.0012631432877646552,0.06482574053936535,0.07272234890196058,-0.00789660836259524,0.0009262667622857003,0.005146882833085126,-0.004220616070799426,0.0015958547592163086,0.006090839703877767,-0.004494984944661458,0.0019379059473673503,0.012371341387430826,-0.010433435440063477,0.0005006004794267938,0.0010949679805586736,-0.0005943675011318798
PC_ON,rapid_10Hz,H1_off,logit,9,0.3066366646024916,0.24139918883641562,0.06523747576607598,0.3066366646024916,0.30249866512086654,0.004137999481625027,435.55555555555554,624.4444444444445,-188.88888888888889,135.55555555555557,324.4444444444445,-188.88888888888889,0.4215036845869488,0.4044183705829912,0.017085314003957644,0.07316131724251641,-0.009297980202568902,0.08245929744508532,-1.7234020762973363e-05,-6.463171707259284e-06,-1.0770849055714078e-05,0.05142410099506378,0.05016095770729913,0.0012631432877646552,0.20270197259055245,0.19193067153294882,0.010771301057603624,0.05142410099506378,0.05016095770729913,0.0012631432877646552,0.11396025804181893,0.12878099746174282,-0.014820739419923889,0.0007498159684473649,0.0056644831007967395,-0.004914667132349375,0.0012741618686252171,0.00450946225060357,-0.003235300381978353,0.0015435483720567492,0.01037222809261746,-0.008828679720560709,0.0004972815578286019,0.001079946814570576,-0.000582665256741974
PC_ON,rapid_20Hz,H1_off,logit,9,0.24609898858600193,0.20515808794233534,0.04094090064366659,0.24609898858600193,0.2526494529512193,-0.006550464365217421,641.4814814814815,391.1111111111111,250.37037037037038,341.4814814814815,91.11111111111113,250.37037037037038,0.42152322828769684,0.40442717220220303,0.01709605608549383,0.012623641226026747,-0.04553908109664917,0.058162722322675914,2.3096799850463867e-06,2.338447504573398e-06,-2.8767519527011448e-08,0.056623447272512645,0.05581568843788571,0.0008077588346269396,0.1543974272078938,0.14603455281919903,0.008362874388694763,0.056623447272512645,0.05581568843788571,0.0008077588346269396,0.13486812429295647,0.14775227672523922,-0.012884152432282766,0.00040692511942729145,0.0024228770990804252,-0.0020159519796531336,0.000915633307562934,0.0038985212643941245,-0.0029828879568311903,0.0010539160834418403,0.007319033145904541,-0.0062651170624627005,0.0004968641959648165,0.001078193347590665,-0.0005813291516258485
PC_ON,transient_50ms,H1_off,logit,9,0.34580787022908527,0.27885570128758747,0.0669521689414978,0.34580787022908527,0.3399551775720384,0.005852692657046848,1375.5555555555557,1259.2592592592594,116.29629629629628,1075.5555555555557,959.2592592592594,116.29629629629628,0.4215037011437946,0.40441085894902545,0.017092842194769118,0.11233252286911011,0.02815853224860297,0.08417399062050714,-1.7217463917202418e-05,-1.3974805672963461e-05,-3.2426582442389595e-06,0.05142410099506378,0.05016095770729913,0.0012631432877646552,0.13604013125101724,0.1227690643734402,0.01327106687757704,0.05142410099506378,0.05016095770729913,0.0012631432877646552,0.09225345630612639,0.10111005480090778,-0.008856598494781388,0.0003608947994911836,0.0016714534722268581,-0.0013105586727356745,0.0012824535369873047,0.004720475938585069,-0.003438022401597765,0.0015665955013699,0.009993765089246962,-0.008427169587877061,0.0004969627851904887,0.0010790388462030226,-0.0005820760610125338
PC_ON,large_field_50ms,H1_off,logit,9,0.1024361186557346,0.04777308305104574,0.05466303560468885,0.1636651357014974,0.17039112250010172,-0.006725986798604329,350.3703703703704,456.2962962962963,-105.92592592592592,50.37037037037039,156.2962962962963,-105.92592592592592,0.0,1.2335811384723961e-17,-1.2335811384723961e-17,-0.020863347583346896,-0.01703802744547526,-0.003825320137871636,7.947286162490741e-10,9.271834164634483e-10,-1.3245480021437414e-10,0.05142410099506378,0.05016095770729913,0.0012631432877646552,0.01958816022508674,0.023913208498722978,-0.004325048273636235,0.05142410099506378,0.05016095770729913,0.0012631432877646552,0.01958816022508674,0.023913208498722978,-0.004325048273636235,0.0002102872612239379,0.0013864392207728492,-0.0011761519595489113,0.002196232477823893,0.007749544249640571,-0.005553311771816677,0.0028167300754123265,0.018713990847269695,-0.015897260771857366,-4.4151589791615226e-10,-1.7660635916646092e-10,-2.6490953874969136e-10
PC_ON,slow_step,H1_off,probability,9,0.06279413484864765,0.054045518239339195,0.008748616609308455,0.06279413484864765,0.0616649157471127,0.0011292191015349494,1549.6296296296298,1648.888888888889,-99.2592592592593,1249.6296296296298,1348.888888888889,-99.2592592592593,0.0654588041620122,0.06282115375830068,0.002637650403711531,0.02818496773640315,0.01667753689818912,0.011507430838214027,0.0030406800409158072,0.0028448179881605837,0.00019586205275522338,0.007411217523945702,0.007261925997833411,0.00014929152611229155,0.04641699170072874,0.04277439663807551,0.0036425950626532235,0.007411217523945702,0.007261925997833411,0.00014929152611229155,0.009847085612515608,0.011070855168832673,-0.0012237695563170644,0.00011493141472682409,0.0004991295847705462,-0.0003841981700437221,8.12353359328376e-05,-0.00031466450956132676,0.0003958998454941644,0.0002480323115984599,0.001588548223177592,-0.001340515911579132,6.768655698073821e-05,0.00015102990073501132,-8.334334375427311e-05
PC_ON,slow_1Hz,H1_off,probability,9,0.06279411166906357,0.05404073331091139,0.008753378358152177,0.06279411166906357,0.0616601308186849,0.0011339808503786724,1049.6296296296298,1262.2222222222222,-212.5925925925926,749.6296296296297,962.2222222222222,-212.5925925925926,0.0652625769790676,0.06262550549581647,0.0026370714832511214,0.028184944556819067,0.01667275196976132,0.011512192587057749,0.0028444528579711914,0.0026491697256763778,0.00019528313229481378,0.007411217523945702,0.007261925997833411,0.00014929152611229155,0.04641908696956105,0.04277118481695652,0.003647902152604527,0.007411217523945702,0.007261925997833411,0.00014929152611229155,0.009846802283492353,0.011076265118188329,-0.001229462834695975,0.0001247159159700257,0.0005909177893449345,-0.00046620187337490887,0.00024743792083528306,0.0009786817762586805,-0.0007312438554233975,0.000290998982058631,0.0017814967367384168,-0.0014904977546797858,6.684594801400736e-05,0.0001453540187665365,-7.850807075252912e-05
PC_ON,slow_2Hz,H1_off,probability,9,0.06278934992021984,0.05390761709875531,0.008881732821464539,0.06278934992021984,0.06152701460652881,0.0012623353136910333,788.8888888888889,1240.7407407407409,-451.8518518518519,488.8888888888889,940.7407407407409,-451.8518518518519,0.06486298247343963,0.062236585499097906,0.002626396974341737,0.028180182807975344,0.016539635757605236,0.01164054705037011,0.0024448583523432412,0.002260249728957812,0.00018460862338542938,0.007411217523945702,0.007261925997833411,0.00014929152611229155,0.04644648399617937,0.04266973750458823,0.0037767464915911355,0.007411217523945702,0.007261925997833411,0.00014929152611229155,0.009303920979922017,0.01068620409609543,-0.0013822831161734131,0.00014378632315331034,0.0007563390883862869,-0.0006125527652329765,0.00024716473288006254,0.0009602266881201002,-0.0007130619552400378,0.0002907489736874898,0.001763084696398841,-0.0014723357227113512,6.524286477037499e-05,0.00013560163521712335,-7.035877044674837e-05
PC_ON,rapid_10Hz,H1_off,probability,9,0.04702795793612798,0.037863121264510684,0.009164836671617296,0.04702795793612798,0.04548251877228419,0.0015454391638437908,435.55555555555554,624.4444444444445,-188.88888888888889,135.55555555555557,324.4444444444445,-188.88888888888889,0.06279154970414108,0.06021920115583473,0.002572348548306359,0.012418790823883481,0.0004951399233606127,0.011923650900522867,0.0003734255830446879,0.00024286538569463624,0.00013056019735005166,0.007411217523945702,0.007261925997833411,0.00014929152611229155,0.030422578772736922,0.02885770332068205,0.0015648754520548715,0.007411217523945702,0.007261925997833411,0.00014929152611229155,0.016182835705371365,0.018818785332971148,-0.0026359496275997823,0.00012101126635065561,0.0008486439967075259,-0.0007276327303568703,0.0001961390177408854,0.0007473470436202155,-0.0005512080258793301,0.0002332992023891873,0.0014994152718120152,-0.0012661160694228278,7.452064851855134e-05,0.00017658331327968172,-0.00010206266476113039
PC_ON,rapid_20Hz,H1_off,probability,9,0.03687172714206907,0.03133055484957165,0.005541172292497423,0.03687172714206907,0.037379989193545446,-0.0005082620514763726,641.4814814814815,391.1111111111111,250.37037037037038,341.4814814814815,91.11111111111113,250.37037037037038,0.06243766388959355,0.059974275115463466,0.0024633887741300794,0.002262560029824575,-0.00603742649157842,0.008299986521402994,1.953976849714915e-05,-2.060654676622815e-06,2.1600423173771964e-05,0.008086815993818972,0.008124477333492704,-3.766133967373106e-05,0.022693994662000075,0.021602881658408377,0.0010911130035916965,0.008086815993818972,0.008124477333492704,-3.766133967373106e-05,0.01949477568268776,0.021818420021898217,-0.002323644339210457,6.555700696885146e-05,0.00037016413019349176,-0.0003046071232246403,0.00014740228652954102,0.0006847182909647623,-0.0005373160044352213,0.0001666545867919922,0.0010905067125956218,-0.0009238521258036295,8.221796472045955e-05,0.0001892149650504709,-0.00010699700033001136
PC_ON,transient_50ms,H1_off,probability,9,0.05358821153640747,0.04414882924821642,0.009439382288191054,0.05358821153640747,0.051768226755989924,0.0018199847804175483,1375.5555555555557,1259.2592592592594,116.29629629629628,1075.5555555555557,959.2592592592594,116.29629629629628,0.06250818487670687,0.06005257647484541,0.0024556084018614558,0.01897904442416297,0.006780847907066345,0.012198196517096626,9.0060755610466e-05,7.624070470531781e-05,1.3820050905148188e-05,0.007411217523945702,0.007261925997833411,0.00014929152611229155,0.019983022059831355,0.018064906096292868,0.0019181159635384877,0.007411217523945702,0.007261925997833411,0.00014929152611229155,0.012939128817783462,0.014526981446478102,-0.0015878526286946402,5.812693739749698e-05,0.00025128552281077847,-0.00019315858541328149,0.00019720113939709135,0.0007953296105066935,-0.0005981284711096021,0.00023502690924538506,0.001397916012340122,-0.0011628891030947368,8.236246766399645e-05,0.0001861674859861119,-0.00010380501832211546
PC_ON,large_field_50ms,H1_off,probability,9,0.02354578259918425,0.02441592597299152,-0.0008701433738072714,0.02354578259918425,0.02441592597299152,-0.0008701433738072714,572.5925925925926,456.2962962962963,116.2962962962963,272.5925925925926,156.29629629629633,116.2962962962963,0.0001111875695237864,0.00013342704541072535,-2.2239475886938937e-05,-0.007511528001891242,-0.010610691375202604,0.003099163373311361,-6.159373212237067e-05,-8.002721541642031e-05,1.843348329404964e-05,0.007411217523945702,0.007261925997833411,0.00014929152611229155,0.0027261689150085053,0.0034259767012877595,-0.0006998077862792545,0.007411217523945702,0.007261925997833411,0.00014929152611229155,0.0027261689150085053,0.0034259767012877595,-0.0006998077862792545,2.9542995232784757e-05,0.000188498096678005,-0.00015895510144522026,0.0003577727410528395,0.0027728345659044054,-0.002415061824851566,0.00041557434532377456,0.0027728345659044054,-0.002357260220580631,1.5362159568136728e-06,1.9755264702325803e-05,-1.821904874551213e-05
PC_ON,slow_step,AC_off,logit,9,0.39883838097254437,0.4735026955604553,-0.07466431458791097,0.39883838097254437,0.4735026955604553,-0.07466431458791097,1640.0,1580.7407407407409,59.25925925925925,1340.0,1280.7407407407409,59.25925925925925,0.7904353009329902,0.9105353355407715,-0.1201000346077813,0.001659201251135932,0.015379057990180122,-0.01371985673904419,8.212195502387153e-07,-2.165635426839193e-06,2.986854977077908e-06,0.09915289696719912,0.11999443090624279,-0.020841533939043682,0.29979413251082104,0.35244924161169267,-0.052655109100871615,0.09915289696719912,0.11999443090624279,-0.020841533939043682,0.39180859592225814,0.43855998251173234,-0.04675138658947415,0.194196707672543,0.2511467917097939,-0.05695008403725094,0.37131473753187394,0.4238460461298625,-0.05253130859798855,0.37131473753187394,0.4238460461298625,-0.05253130859798855,0.37003734045558506,0.5077815916803148,-0.13774425122472975
PC_ON,slow_1Hz,AC_off,logit,9,0.3988385531637404,0.47348830435011124,-0.07464975118637085,0.3988385531637404,0.47348830435011124,-0.07464975118637085,1106.6666666666667,1026.6666666666667,80.00000000000003,806.6666666666667,726.6666666666666,80.00000000000003,0.79043534066942,0.9105362362331815,-0.1201008955637614,0.00165937344233195,0.01536466677983602,-0.013705293337504068,8.609559800889757e-07,-1.2649430168999566e-06,2.125898996988932e-06,0.09915289696719912,0.11999443090624279,-0.020841533939043682,0.2997941126426061,0.35243677761819625,-0.05264266497559018,0.09915289696719912,0.11999443090624279,-0.020841533939043682,0.391818814807468,0.4385805030663808,-0.04676168825891283,0.19297311703364053,0.25111262996991474,-0.05813951293627421,0.3713386058807373,0.424426363574134,-0.05308775769339667,0.3713386058807373,0.424426363574134,-0.05308775769339667,0.36996686789724564,0.5077131688594818,-0.1377463009622362
PC_ON,slow_2Hz,AC_off,logit,9,0.3988185657395257,0.47320371203952366,-0.07438514629999797,0.3988185657395257,0.47320371203952366,-0.07438514629999797,777.7777777777778,853.3333333333334,-75.55555555555554,477.77777777777777,553.3333333333334,-75.55555555555554,0.7904353472921584,0.9105377329720391,-0.12010238567988078,0.0016393860181172688,0.015080074469248453,-0.013440688451131185,8.675787183973524e-07,2.3179584079318576e-07,6.357828776041666e-07,0.09915289696719912,0.11999443090624279,-0.020841533939043682,0.29976799256271786,0.35217442777421737,-0.052406435211499534,0.09915289696719912,0.11999443090624279,-0.020841533939043682,0.39202194412549335,0.43873730964130825,-0.046715365515814886,0.1904753115442064,0.2510377632247077,-0.060562451680501304,0.371301531791687,0.4236034022437202,-0.05230187045203315,0.371301531791687,0.4236034022437202,-0.05230187045203315,0.369826830095715,0.5075790153609382,-0.13775218526522318
PC_ON,rapid_10Hz,AC_off,logit,9,0.39785975880093044,0.46566158533096313,-0.0678018265300327,0.39785975880093044,0.46566158533096313,-0.0678018265300327,428.8888888888889,434.81481481481484,-5.925925925925936,128.88888888888889,134.81481481481484,-5.925925925925936,0.7904348373413086,0.9105391171243455,-0.12010427978303698,0.0006805790795220269,0.007537947760687934,-0.0068573686811659075,3.5762786865234375e-07,1.6159481472439236e-06,-1.2583202785915798e-06,0.09915289696719912,0.11999443090624279,-0.020841533939043682,0.29686108231544495,0.33945730659696793,-0.04259622428152296,0.09915289696719912,0.11999443090624279,-0.020841533939043682,0.3353399849600262,0.38942834072642857,-0.05408835576640235,0.181914692123731,0.24867778850926292,-0.06676309638553196,0.27831629249784684,0.32967501216464573,-0.05135871966679891,0.27831629249784684,0.32967501216464573,-0.05135871966679891,0.3694284392727746,0.5072006748782264,-0.1377722356054518
PC_ON,rapid_20Hz,AC_off,logit,9,0.39713336361779106,0.46039264069663155,-0.06325927707884046,0.39713336361779106,0.46039264069663155,-0.06325927707884046,429.6296296296297,433.3333333333333,-3.7037037037037077,129.62962962962965,133.33333333333334,-3.7037037037037077,0.7904346519046359,0.9105384084913466,-0.12010375658671062,-4.581610361735026e-05,0.0022690031263563368,-0.002314819229973687,1.7219119601779514e-07,9.073151482476128e-07,-7.351239522298177e-07,0.0991630024380154,0.12001776943604152,-0.020854766998026106,0.29642201132244533,0.33582357234425014,-0.03940156102180481,0.0991630024380154,0.12001776943604152,-0.020854766998026106,0.24811180929342905,0.2974606255690257,-0.04934881627559662,0.1801232463783688,0.2471152577135298,-0.066992011335161,0.21435232957204184,0.27433280812369454,-0.0599804785516527,0.21435232957204184,0.27433280812369454,-0.0599804785516527,0.3694082962142097,0.5071894162231021,-0.13778112000889248
PC_ON,transient_50ms,AC_off,logit,9,0.3973658217324151,0.46793342961205375,-0.07056760787963867,0.3973658217324151,0.46793342961205375,-0.07056760787963867,1391.851851851852,1388.888888888889,2.9629629629629712,1091.851851851852,1088.888888888889,2.9629629629629712,0.7904342479175992,0.9105360574192471,-0.12010180950164795,0.00018664201100667319,0.009809792041778564,-0.00962315003077189,-2.3179584079318576e-07,-1.4437569512261284e-06,1.2119611104329426e-06,0.09915289696719912,0.11999443090624279,-0.020841533939043682,0.29627810087468887,0.33499372336599564,-0.03871562249130673,0.09915289696719912,0.11999443090624279,-0.020841533939043682,0.3352204312880834,0.3888003130753835,-0.05357988178730011,0.17901582684781817,0.24604561428229013,-0.06702978743447198,0.28213528792063397,0.3214726712968614,-0.03933738337622748,0.28213528792063397,0.3214726712968614,-0.03933738337622748,0.36942748559845817,0.5072042213545905,-0.13777673575613233
PC_ON,large_field_50ms,AC_off,logit,9,0.15402448177337646,0.1030346155166626,0.05098986625671387,0.3006151384777493,0.3533078696992662,-0.05269273122151693,584.4444444444445,697.7777777777778,-113.3333333333333,284.44444444444446,397.77777777777777,-113.3333333333333,-2.0751246523589533e-09,-9.713349692476294e-10,-1.1037896831113239e-09,0.033910234769185386,-0.07800344626108806,0.11191368103027344,-3.0906108536596677e-10,1.1479413284140902e-09,-1.457002413780057e-09,0.09896757536464268,0.11896737416585286,-0.01999979880121019,0.23779467741648355,0.25990450216664207,-0.022109824750158522,0.09896757536464268,0.11896737416585286,-0.01999979880121019,0.23779467741648355,0.25990450216664207,-0.022109824750158522,0.01839743989209334,0.02017763319114844,-0.0017801932990550995,0.15695034133063424,0.22112551000383165,-0.06417516867319743,0.2687104278140598,0.28262608581119114,-0.013915657997131348,-2.5166405872825397e-09,-1.147941334581996e-09,-1.3686992527005435e-09
PC_ON,slow_step,AC_off,probability,9,0.06268920087152058,0.07610281391276254,-0.013413613041241964,0.06268920087152058,0.07610281391276254,-0.013413613041241964,1639.2592592592594,1580.7407407407409,58.518518518518505,1339.2592592592594,1280.7407407407409,58.518518518518505,0.12388688325881958,0.14532407290405697,-0.021437189645237394,0.0003122554885016547,0.0028107563654581704,-0.002498500876956516,-3.472798400455051e-06,9.564889801873102e-06,-1.3037688202328152e-05,0.014629471943610244,0.01821519775937001,-0.003585725815759765,0.04619449832373195,0.05512868157691426,-0.008934183253182305,0.014629471943610244,0.01821519775937001,-0.003585725815759765,0.06141356337401602,0.06972846885522206,-0.008314905481206046,0.03083702062980996,0.04088764265179634,-0.010050622021986378,0.058571758369604744,0.06780286712778939,-0.009231108758184645,0.058571758369604744,0.06780286712778939,-0.009231108758184645,0.058495764517121844,0.08265394965807597,-0.024158185140954122
PC_ON,slow_1Hz,AC_off,probability,9,0.06268921742836635,0.07609957208236058,-0.013410354653994242,0.06268921742836635,0.07609957208236058,-0.013410354653994242,1105.925925925926,1026.6666666666667,79.25925925925928,805.925925925926,726.6666666666666,79.25925925925928,0.12388679136832555,0.1453220405512386,-0.02143524918291304,0.0003122720453474257,0.0028075145350562204,-0.0024952424897087943,-3.5646888944837783e-06,7.53253698348999e-06,-1.1097225877973768e-05,0.014629471943610244,0.01821519775937001,-0.003585725815759765,0.0461944912870725,0.05512596128715409,-0.008931470000081591,0.014629471943610244,0.01821519775937001,-0.003585725815759765,0.061415348615911275,0.06973253563046455,-0.008317187014553282,0.03072882371230258,0.040981666495402656,-0.010252842783100076,0.058571874267525144,0.06793370760149425,-0.009361833333969116,0.058571874267525144,0.06793370760149425,-0.009361833333969116,0.05869105872180727,0.08284189055363338,-0.024150831831826106
PC_ON,slow_2Hz,AC_off,probability,9,0.06268526034222709,0.07603522886832555,-0.013349968526098464,0.06268526034222709,0.07603522886832555,-0.013349968526098464,777.7777777777778,797.7777777777778,-19.999999999999986,477.77777777777777,497.77777777777777,-19.999999999999986,0.12388662745555241,0.14531860417789882,-0.02143197672234641,0.0003083149592081706,0.002743171321021186,-0.0024348563618130153,-3.7286016676161025e-06,4.096163643731012e-06,-7.824765311347113e-06,0.014629471943610244,0.01821519775937001,-0.003585725815759765,0.04618968897395664,0.055068654732571706,-0.00887896575861507,0.014629471943610244,0.01821519775937001,-0.003585725815759765,0.061450867189301386,0.06976857864194447,-0.008317711452643076,0.030506549092630546,0.04116942464477486,-0.010662875552144315,0.0585691307981809,0.067811395559046,-0.009242264760865105,0.0585691307981809,0.067811395559046,-0.009242264760865105,0.059088888888557754,0.08321762126353052,-0.024128732374972768
PC_ON,rapid_10Hz,AC_off,probability,9,0.0625050307975875,0.0746489887436231,-0.012143957946035597,0.0625050307975875,0.0746489887436231,-0.012143957946035597,428.8888888888889,434.81481481481484,-5.925925925925936,128.88888888888889,134.81481481481484,-5.925925925925936,0.12388807700739966,0.14530721886290443,-0.021419141855504777,0.00012808541456858316,0.0013569311963187323,-0.001228845781750149,-2.2790498203701445e-06,-7.2891513506571455e-06,5.010101530287001e-06,0.014629471943610244,0.01821519775937001,-0.003585725815759765,0.04568054899573326,0.05283102662199073,-0.007150477626257473,0.014629471943610244,0.01821519775937001,-0.003585725815759765,0.051812419667840004,0.061380197604497276,-0.00956777793665727,0.030140025955107477,0.04186090764900049,-0.011720881693893008,0.045440168844328985,0.05470656934711668,-0.009266400502787696,0.045440168844328985,0.05470656934711668,-0.009266400502787696,0.061171047389507294,0.08526459708809853,-0.024093549698591232
PC_ON,rapid_20Hz,AC_off,probability,9,0.062371244861019984,0.07369798173507054,-0.011326736874050565,0.062371244861019984,0.07369798173507054,-0.011326736874050565,429.6296296296297,433.3333333333333,-3.7037037037037077,129.62962962962965,133.33333333333334,-3.7037037037037077,0.12388924426502651,0.14530906826257706,-0.02141982399755054,-5.700521998935275e-06,0.0004059241877661811,-0.0004116247097651164,-1.1117921935187446e-06,-5.4397516780429414e-06,4.327959484524197e-06,0.01463102994279729,0.018218929258485634,-0.003587899315688345,0.045607130974531174,0.052214771095249385,-0.006607640120718215,0.01463102994279729,0.018218929258485634,-0.003587899315688345,0.03758619663616022,0.046147610578272075,-0.008561413942111863,0.03004820541375213,0.041755271040731005,-0.011707065626978874,0.0355535861518648,0.04620308925708135,-0.010649503105216555,0.0355535861518648,0.04620308925708135,-0.010649503105216555,0.06153379794624117,0.08552400974763764,-0.023990211801396474
PC_ON,transient_50ms,AC_off,probability,9,0.06242276314232084,0.07505309333403905,-0.012630330191718208,0.06242276314232084,0.07505309333403905,-0.012630330191718208,1391.851851851852,1388.888888888889,2.9629629629629712,1091.851851851852,1088.888888888889,2.9629629629629712,0.1238907774289449,0.1453172183699078,-0.021426440940962896,4.5817759301927355e-05,0.001761035786734687,-0.0017152180274327595,4.2137172487046985e-07,2.710355652703179e-06,-2.2889839278327095e-06,0.014629471943610244,0.01821519775937001,-0.003585725815759765,0.045585647225379944,0.052103282469842166,-0.0065176352444622256,0.014629471943610244,0.01821519775937001,-0.003585725815759765,0.051791329557696976,0.061267325240704745,-0.00947599568300777,0.029856070772641234,0.04156442628138595,-0.011708355508744717,0.04489564067787594,0.052337341010570526,-0.0074417003326945836,0.04489564067787594,0.052337341010570526,-0.0074417003326945836,0.06146494920055071,0.08545081234640545,-0.023985863145854738
PC_ON,large_field_50ms,AC_off,probability,9,0.04603050814734565,0.05498172922266854,-0.008951221075322893,0.04603050814734565,0.05498172922266854,-0.008951221075322893,362.22222222222223,364.44444444444446,-2.2222222222222094,62.222222222222236,64.44444444444444,-2.2222222222222094,0.00037620766832131066,0.0004941009166133073,-0.00011789324829199661,-0.0005727286140124003,-0.0034583790434731376,0.0028856504294607374,-1.041690120473504e-05,-6.040716511456089e-05,4.999026390982585e-05,0.01459933403465483,0.018041732100148995,-0.0034423980654941667,0.035818828890721,0.039494177533520594,-0.0036753486427995893,0.01459933403465483,0.018041732100148995,-0.0034423980654941667,0.035818828890721,0.039494177533520594,-0.0036753486427995893,0.0025621231438385118,0.0028121984020496407,-0.00025007525821112923,0.028005401293436687,0.03452326854070028,-0.006517867247263591,0.04025194711155362,0.044356084532207914,-0.004104137420654297,0.00026655631154426374,0.0003804291498252294,-0.00011387283828096568
