cell_id,group,probe,mode,channel,current_peak_response,previous_peak_response,delta_peak_response,current_peak_absolute_response,previous_peak_absolute_response,delta_peak_absolute_response,current_peak_latency_ms_from_trial_start,previous_peak_latency_ms_from_trial_start,delta_peak_latency_ms_from_trial_start,current_peak_latency_ms_from_onset,previous_peak_latency_ms_from_onset,delta_peak_latency_ms_from_onset,current_response_integral_seconds,previous_response_integral_seconds,delta_response_integral_seconds,current_peak_change_vs_center_only,previous_peak_change_vs_center_only,delta_peak_change_vs_center_only,current_integral_change_vs_center_only,previous_integral_change_vs_center_only,delta_integral_change_vs_center_only,current_center_onset_50ms,previous_center_onset_50ms,delta_center_onset_50ms,current_center_offset_50ms,previous_center_offset_50ms,delta_center_offset_50ms,current_surround_first_onset_50ms,previous_surround_first_onset_50ms,delta_surround_first_onset_50ms,current_surround_first_offset_50ms,previous_surround_first_offset_50ms,delta_surround_first_offset_50ms,current_off_minus_normal_mean_abs_active,previous_off_minus_normal_mean_abs_active,delta_off_minus_normal_mean_abs_active,current_off_minus_normal_peak_signed,previous_off_minus_normal_peak_signed,delta_off_minus_normal_peak_signed,current_off_minus_normal_peak_absolute,previous_off_minus_normal_peak_absolute,delta_off_minus_normal_peak_absolute,current_off_minus_normal_integral_seconds,previous_off_minus_normal_integral_seconds,delta_off_minus_normal_integral_seconds
67#4,PC_OFF,slow_step,normal,logit,0.4873245358467102,0.632400631904602,-0.14507609605789185,0.4873245358467102,0.632400631904602,-0.14507609605789185,1533.3333333333335,1520.0,13.333333333333485,1233.3333333333335,1220.0,13.333333333333485,0.7185412049293518,0.8633154630661011,-0.14477425813674927,0.11433732509613037,0.17903292179107666,-0.06469559669494629,-0.00027680397033691406,-0.0007055401802062988,0.00042873620986938477,0.11103956401348114,0.11550827324390411,-0.004468709230422974,0.35011589527130127,0.46929407119750977,-0.1191781759262085,0.11103956401348114,0.11550827324390411,-0.004468709230422974,0.25788092613220215,0.279296875,-0.02141594886779785,0.0,0.0,0.0,0.0,0.0,0.0,0.0,0.0,0.0,0.0,0.0,0.0
67#4,PC_OFF,slow_1Hz,normal,logit,0.4873247742652893,0.6324008703231812,-0.14507609605789185,0.4873247742652893,0.6324008703231812,-0.14507609605789185,1033.3333333333335,1020.0,13.333333333333485,733.3333333333335,720.0,13.333333333333485,0.7185760140419006,0.8634005188941956,-0.14482450485229492,0.11433756351470947,0.17903316020965576,-0.06469559669494629,-0.00024199485778808594,-0.0006204843521118164,0.00037848949432373047,0.11103956401348114,0.11550827324390411,-0.004468709230422974,0.3501245379447937,0.4693073630332947,-0.11918282508850098,0.11103956401348114,0.11550827324390411,-0.004468709230422974,0.25788414478302,0.2792997658252716,-0.021415621042251587,0.0,0.0,0.0,0.0,0.0,0.0,0.0,0.0,0.0,0.0,0.0,0.0
67#4,PC_OFF,slow_2Hz,normal,logit,0.4873291850090027,0.6324055194854736,-0.14507633447647095,0.4873291850090027,0.6324055194854736,-0.14507633447647095,786.6666666666667,766.6666666666667,20.0,486.66666666666674,466.66666666666674,20.0,0.7186449766159058,0.8635691404342651,-0.14492416381835938,0.11434197425842285,0.17903780937194824,-0.06469583511352539,-0.00017303228378295898,-0.00045186281204223633,0.00027883052825927734,0.11103956401348114,0.11550827324390411,-0.004468709230422974,0.350286066532135,0.4695778787136078,-0.11929181218147278,0.11103956401348114,0.11550827324390411,-0.004468709230422974,0.25522151589393616,0.27585849165916443,-0.02063697576522827,0.0,0.0,0.0,0.0,0.0,0.0,0.0,0.0,0.0,0.0,0.0,0.0
67#4,PC_OFF,rapid_10Hz,normal,logit,0.41239994764328003,0.49909675121307373,-0.0866968035697937,0.41239994764328003,0.49909675121307373,-0.0866968035697937,420.0,420.0,0.0,120.0,120.0,0.0,0.71882164478302,0.8640249967575073,-0.1452033519744873,0.039412736892700195,0.04572904109954834,-0.0063163042068481445,3.635883331298828e-06,3.993511199951172e-06,-3.5762786865234375e-07,0.11103956401348114,0.11550827324390411,-0.004468709230422974,0.2783146798610687,0.3538569509983063,-0.07554227113723755,0.11103956401348114,0.11550827324390411,-0.004468709230422974,0.28385812044143677,0.30438032746315,-0.020522207021713257,0.0,0.0,0.0,0.0,0.0,0.0,0.0,0.0,0.0,0.0,0.0,0.0
67#4,PC_OFF,rapid_20Hz,normal,logit,0.3779730796813965,0.45325803756713867,-0.07528495788574219,0.3779730796813965,0.45325803756713867,-0.07528495788574219,426.6666666666667,420.0,6.666666666666686,126.66666666666669,120.0,6.666666666666686,0.7188224792480469,0.8640275001525879,-0.14520502090454102,0.00498586893081665,-0.00010967254638671875,0.005095541477203369,4.470348358154297e-06,6.496906280517578e-06,-2.0265579223632812e-06,0.1119629442691803,0.11933731287717819,-0.007374368607997894,0.24728305637836456,0.3127273917198181,-0.06544433534145355,0.1119629442691803,0.11933731287717819,-0.007374368607997894,0.25984498858451843,0.2763162851333618,-0.016471296548843384,0.0,0.0,0.0,0.0,0.0,0.0,0.0,0.0,0.0,0.0,0.0,0.0
67#4,PC_OFF,transient_50ms,normal,logit,0.44397586584091187,0.5572232007980347,-0.1132473349571228,0.44397586584091187,0.5572232007980347,-0.1132473349571228,1373.3333333333335,1373.3333333333335,0.0,1073.3333333333335,1073.3333333333335,0.0,0.7188052535057068,0.8639914393424988,-0.145186185836792,0.07098865509033203,0.10385549068450928,-0.032866835594177246,-1.2755393981933594e-05,-2.956390380859375e-05,1.6808509826660156e-05,0.11103956401348114,0.11550827324390411,-0.004468709230422974,0.23544415831565857,0.29293274879455566,-0.057488590478897095,0.11103956401348114,0.11550827324390411,-0.004468709230422974,0.27196308970451355,0.2820865511894226,-0.010123461484909058,0.0,0.0,0.0,0.0,0.0,0.0,0.0,0.0,0.0,0.0,0.0,0.0
67#4,PC_OFF,large_field_50ms,normal,logit,0.25656139850616455,0.24896693229675293,0.007594466209411621,0.25656139850616455,0.24896693229675293,0.007594466209411621,353.33333333333337,353.33333333333337,0.0,53.33333333333337,53.33333333333337,0.0,1.9868215961338365e-09,-7.947286162490741e-10,2.7815502123829106e-09,-0.06989318132400513,-0.0970621109008789,0.02716892957687378,2.7815502123829106e-09,-7.947286162490741e-10,3.5762788286319847e-09,0.11089387536048889,0.11532112956047058,-0.0044272541999816895,0.15040042996406555,0.1443958580493927,0.0060045719146728516,0.11089387536048889,0.11532112956047058,-0.0044272541999816895,0.15040042996406555,0.1443958580493927,0.0060045719146728516,0.0,0.0,0.0,0.0,0.0,0.0,0.0,0.0,0.0,0.0,0.0,0.0
67#4,PC_OFF,slow_step,normal,probability,0.10605213046073914,0.13992154598236084,-0.033869415521621704,0.10605213046073914,0.13992154598236084,-0.033869415521621704,1533.3333333333335,1520.0,13.333333333333485,1233.3333333333335,1220.0,13.333333333333485,0.15383952856063843,0.18711033463478088,-0.033270806074142456,0.026461035013198853,0.04242047667503357,-0.015959441661834717,0.0009020864963531494,0.0021239370107650757,-0.0012218505144119263,0.022902067750692368,0.023607000708580017,-0.0007049329578876495,0.07497738301753998,0.10180587321519852,-0.02682849019765854,0.022902067750692368,0.023607000708580017,-0.0007049329578876495,0.05388868972659111,0.05826231464743614,-0.004373624920845032,0.0,0.0,0.0,0.0,0.0,0.0,0.0,0.0,0.0,0.0,0.0,0.0
67#4,PC_OFF,slow_1Hz,normal,probability,0.10605219006538391,0.139921635389328,-0.03386944532394409,0.10605219006538391,0.139921635389328,-0.03386944532394409,1033.3333333333335,1020.0,13.333333333333485,733.3333333333335,720.0,13.333333333333485,0.15377451479434967,0.18696463108062744,-0.03319011628627777,0.026461094617843628,0.04242056608200073,-0.015959471464157104,0.0008370727300643921,0.0019782334566116333,-0.0011411607265472412,0.022902067750692368,0.023607000708580017,-0.0007049329578876495,0.07497936487197876,0.10180899500846863,-0.026829630136489868,0.022902067750692368,0.023607000708580017,-0.0007049329578876495,0.05388939753174782,0.05826293304562569,-0.004373535513877869,0.0,0.0,0.0,0.0,0.0,0.0,0.0,0.0,0.0,0.0,0.0,0.0
67#4,PC_OFF,slow_2Hz,normal,probability,0.10605320334434509,0.13992273807525635,-0.033869534730911255,0.10605320334434509,0.13992273807525635,-0.033869534730911255,786.6666666666667,766.6666666666667,20.0,486.66666666666674,466.66666666666674,20.0,0.1536419689655304,0.18666771054267883,-0.03302574157714844,0.02646210789680481,0.04242166876792908,-0.015959560871124268,0.0007045269012451172,0.001681312918663025,-0.0009767860174179077,0.022902067750692368,0.023607000708580017,-0.0007049329578876495,0.07501598447561264,0.10187214612960815,-0.026856161653995514,0.022902067750692368,0.023607000708580017,-0.0007049329578876495,0.05329480767250061,0.057483576238155365,-0.004188768565654755,0.0,0.0,0.0,0.0,0.0,0.0,0.0,0.0,0.0,0.0,0.0,0.0
67#4,PC_OFF,rapid_10Hz,normal,probability,0.08861860632896423,0.10816773772239685,-0.019549131393432617,0.08861860632896423,0.10816773772239685,-0.019549131393432617,420.0,420.0,0.0,120.0,120.0,0.0,0.1529681235551834,0.18503615260124207,-0.032068029046058655,0.00902751088142395,0.01066666841506958,-0.0016391575336456299,3.0681490898132324e-05,4.9754977226257324e-05,-1.9073486328125e-05,0.022902067750692368,0.023607000708580017,-0.0007049329578876495,0.05873044580221176,0.07505300641059875,-0.016322560608386993,0.022902067750692368,0.023607000708580017,-0.0007049329578876495,0.05960216373205185,0.06379089504480362,-0.00418873131275177,0.0,0.0,0.0,0.0,0.0,0.0,0.0,0.0,0.0,0.0,0.0,0.0
67#4,PC_OFF,rapid_20Hz,normal,probability,0.08072736859321594,0.09747564792633057,-0.016748279333114624,0.08072736859321594,0.09747564792633057,-0.016748279333114624,426.6666666666667,420.0,6.666666666666686,126.66666666666669,120.0,6.666666666666686,0.1529155820608139,0.1849520057439804,-0.032036423683166504,0.0011362731456756592,-2.54213809967041e-05,0.0011616945266723633,-2.1860003471374512e-05,-3.439188003540039e-05,1.2531876564025879e-05,0.023103900253772736,0.02443734183907509,-0.001333441585302353,0.0518949031829834,0.0659060925245285,-0.014011189341545105,0.023103900253772736,0.02443734183907509,-0.001333441585302353,0.0544501394033432,0.05774889141321182,-0.003298752009868622,0.0,0.0,0.0,0.0,0.0,0.0,0.0,0.0,0.0,0.0,0.0,0.0
67#4,PC_OFF,transient_50ms,normal,probability,0.09592369198799133,0.1219005286693573,-0.025976836681365967,0.09592369198799133,0.1219005286693573,-0.025976836681365967,1373.3333333333335,1373.3333333333335,0.0,1073.3333333333335,1073.3333333333335,0.0,0.1529671996831894,0.18506301939487457,-0.03209581971168518,0.01633259654045105,0.02439945936203003,-0.00806686282157898,2.975761890411377e-05,7.662177085876465e-05,-4.686415195465088e-05,0.022902067750692368,0.023607000708580017,-0.0007049329578876495,0.04944373294711113,0.061668869107961655,-0.012225136160850525,0.022902067750692368,0.023607000708580017,-0.0007049329578876495,0.056952692568302155,0.05880505591630936,-0.0018523633480072021,0.0,0.0,0.0,0.0,0.0,0.0,0.0,0.0,0.0,0.0,0.0,0.0
67#4,PC_OFF,large_field_50ms,normal,probability,0.05355876684188843,0.051533639430999756,0.002025127410888672,0.05355876684188843,0.051533639430999756,0.002025127410888672,353.33333333333337,353.33333333333337,0.0,53.33333333333337,53.33333333333337,0.0,0.00023608018818777055,0.0002225342468591407,1.3545941328629851e-05,-0.01551029086112976,-0.021457523107528687,0.005947232246398926,-0.00015056274423841387,-0.00026386351964902133,0.00011330077541060746,0.022870592772960663,0.023566994816064835,-0.0006964020431041718,0.031066490337252617,0.029505060985684395,0.001561429351568222,0.022870592772960663,0.023566994816064835,-0.0006964020431041718,0.031066490337252617,0.029505060985684395,0.001561429351568222,0.0,0.0,0.0,0.0,0.0,0.0,0.0,0.0,0.0,0.0,0.0,0.0
67#4,PC_OFF,slow_step,H1_off,logit,0.4868846535682678,0.6319094300270081,-0.14502477645874023,0.4868846535682678,0.6319094300270081,-0.14502477645874023,1540.0,1520.0,20.0,1240.0,1220.0,20.0,0.7192243337631226,0.8640890717506409,-0.1448647379875183,0.11356246471405029,0.17815881967544556,-0.06459635496139526,-0.000273287296295166,-0.0006989240646362305,0.00042563676834106445,0.1112034022808075,0.1157231554389,-0.004519753158092499,0.3497466444969177,0.4688989818096161,-0.11915233731269836,0.1112034022808075,0.1157231554389,-0.004519753158092499,0.2587687373161316,0.2802494764328003,-0.0214807391166687,0.0007557509234175086,0.0008463698904961348,-9.061896707862616e-05,0.0011575818061828613,0.0013254284858703613,-0.0001678466796875,0.0011575818061828613,0.0013254284858703613,-0.0001678466796875,0.0006831535138189793,0.0007735303952358663,-9.037688141688704e-05
67#4,PC_OFF,slow_1Hz,H1_off,logit,0.4868848919868469,0.6319096684455872,-0.14502477645874023,0.4868848919868469,0.6319096684455872,-0.14502477645874023,1040.0,1020.0,20.0,740.0,720.0,20.0,0.7192587852478027,0.8641732931137085,-0.14491450786590576,0.1135627031326294,0.17815905809402466,-0.06459635496139526,-0.00023883581161499023,-0.0006147027015686035,0.0003758668899536133,0.1112034022808075,0.1157231554389,-0.004519753158092499,0.34975528717041016,0.46891218423843384,-0.11915689706802368,0.1112034022808075,0.1157231554389,-0.004519753158092499,0.25877195596694946,0.2802523970603943,-0.021480441093444824,0.0007385403150692582,0.0008282496710307896,-8.97093559615314e-05,0.0011757612228393555,0.0013568997383117676,-0.0001811385154724121,0.0011757612228393555,0.0013568997383117676,-0.0001811385154724121,0.0006827461766079068,0.000772872765082866,-9.012658847495914e-05
67#4,PC_OFF,slow_2Hz,H1_off,logit,0.48688966035842896,0.6319131851196289,-0.14502352476119995,0.48688966035842896,0.6319131851196289,-0.14502352476119995,786.6666666666667,766.6666666666667,20.0,486.66666666666674,466.66666666666674,20.0,0.7193269729614258,0.8643406629562378,-0.145013689994812,0.11356747150421143,0.1781625747680664,-0.06459510326385498,-0.00017064809799194336,-0.00044733285903930664,0.0002766847610473633,0.1112034022808075,0.1157231554389,-0.004519753158092499,0.34991446137428284,0.46917998790740967,-0.11926552653312683,0.1112034022808075,0.1157231554389,-0.004519753158092499,0.25613099336624146,0.27683231234550476,-0.020701318979263306,0.0007029783446341753,0.000790863239672035,-8.788489503785968e-05,0.001175522804260254,0.0013566017150878906,-0.00018107891082763672,0.001175522804260254,0.0013566017150878906,-0.00018107891082763672,0.0006819721311330795,0.0007715674582868814,-8.959532715380192e-05
67#4,PC_OFF,rapid_10Hz,H1_off,logit,0.4123539924621582,0.4991365671157837,-0.08678257465362549,0.4123539924621582,0.4991365671157837,-0.08678257465362549,420.0,420.0,0.0,120.0,120.0,0.0,0.7195011973381042,0.864791989326477,-0.1452907919883728,0.039031803607940674,0.04538595676422119,-0.006354153156280518,3.5762786865234375e-06,3.993511199951172e-06,-4.172325134277344e-07,0.1112034022808075,0.1157231554389,-0.004519753158092499,0.27827179431915283,0.3538370728492737,-0.07556527853012085,0.1112034022808075,0.1157231554389,-0.004519753158092499,0.28455084562301636,0.3051159083843231,-0.020565062761306763,0.000352722592651844,0.0003873386012855917,-3.46160086337477e-05,0.000830233097076416,0.0008922219276428223,-6.198883056640625e-05,0.000830233097076416,0.0008922219276428223,-6.198883056640625e-05,0.0006795724621042609,0.0007671423954889178,-8.75699333846569e-05
67#4,PC_OFF,rapid_20Hz,H1_off,logit,0.37821054458618164,0.45356619358062744,-0.0753556489944458,0.37821054458618164,0.45356619358062744,-0.0753556489944458,426.6666666666667,420.0,6.666666666666686,126.66666666666669,120.0,6.666666666666686,0.7195020914077759,0.8647945523262024,-0.1452924609184265,0.004888355731964111,-0.0001844167709350586,0.00507277250289917,4.470348358154297e-06,6.556510925292969e-06,-2.086162567138672e-06,0.11211492866277695,0.11952626705169678,-0.00741133838891983,0.2474760264158249,0.31292667984962463,-0.06545065343379974,0.11211492866277695,0.11952626705169678,-0.00741133838891983,0.26016414165496826,0.27667251229286194,-0.016508370637893677,0.000335477787302807,0.00037930309190414846,-4.3825304601341486e-05,0.00047785043716430664,0.0005209445953369141,-4.309415817260742e-05,0.00047785043716430664,0.0005209445953369141,-4.309415817260742e-05,0.0006795033114030957,0.0007670704508200288,-8.756713941693306e-05
67#4,PC_OFF,transient_50ms,H1_off,logit,0.44371992349624634,0.5569769144058228,-0.11325699090957642,0.44371992349624634,0.5569769144058228,-0.11325699090957642,1373.3333333333335,1373.3333333333335,0.0,1073.3333333333335,1073.3333333333335,0.0,0.7194848656654358,0.8647585511207581,-0.14527368545532227,0.07039773464202881,0.10322630405426025,-0.032828569412231445,-1.2755393981933594e-05,-2.944469451904297e-05,1.6689300537109375e-05,0.1112034022808075,0.1157231554389,-0.004519753158092499,0.23573541641235352,0.293252557516098,-0.05751714110374451,0.1112034022808075,0.1157231554389,-0.004519753158092499,0.27276045083999634,0.2829627990722656,-0.010202348232269287,0.00033974190591834486,0.0003829155466519296,-4.317364073358476e-05,0.0008776187896728516,0.0009475350379943848,-6.99162483215332e-05,0.0008776187896728516,0.0009475350379943848,-6.99162483215332e-05,0.000679620134178549,0.0007672461215406656,-8.762598736211658e-05
67#4,PC_OFF,large_field_50ms,H1_off,logit,0.25778669118881226,0.2503558397293091,0.007430851459503174,0.25778669118881226,0.2503558397293091,0.007430851459503174,353.33333333333337,353.33333333333337,0.0,53.33333333333337,53.33333333333337,0.0,3.9736430812453705e-10,-1.19209286886246e-09,1.589457176986997e-09,-0.06889742612838745,-0.09593164920806885,0.027034223079681396,7.947286162490741e-10,0.0,7.947286162490741e-10,0.1112034022808075,0.1157231554389,-0.004519753158092499,0.1517777144908905,0.14585590362548828,0.005921810865402222,0.1112034022808075,0.1157231554389,-0.004519753158092499,0.1517777144908905,0.14585590362548828,0.005921810865402222,0.00010775526607176289,0.00012247303675394505,-1.4717770682182163e-05,0.001569509506225586,0.001656651496887207,-8.71419906616211e-05,0.001569509506225586,0.001656651496887207,-8.71419906616211e-05,-1.5894572324981482e-09,-3.9736430812453705e-10,-1.1920929243736111e-09
67#4,PC_OFF,slow_step,H1_off,probability,0.10594877600669861,0.1398029327392578,-0.033854156732559204,0.10594877600669861,0.1398029327392578,-0.033854156732559204,1540.0,1520.0,20.0,1240.0,1220.0,20.0,0.1539810746908188,0.1872660368680954,-0.03328496217727661,0.026281386613845825,0.0422130823135376,-0.015931695699691772,0.0008897632360458374,0.0021031200885772705,-0.001213356852531433,0.022937484085559845,0.02365295961499214,-0.0007154755294322968,0.07489345967769623,0.10171347856521606,-0.026820018887519836,0.022937484085559845,0.02365295961499214,-0.0007154755294322968,0.05408281460404396,0.05847034230828285,-0.004387527704238892,0.00016790529480203986,0.00018867304606828839,-2.0767751266248524e-05,0.0002525448799133301,0.000288158655166626,-3.56137752532959e-05,0.0002525448799133301,0.000288158655166626,-3.56137752532959e-05,0.0001415447477484122,0.00015569807146675885,-1.4153323718346655e-05
67#4,PC_OFF,slow_1Hz,H1_off,probability,0.10594883561134338,0.1398029923439026,-0.033854156732559204,0.10594883561134338,0.1398029923439026,-0.033854156732559204,1040.0,1020.0,20.0,740.0,720.0,20.0,0.15391674637794495,0.18712139129638672,-0.03320464491844177,0.0262814462184906,0.04221314191818237,-0.015931695699691772,0.0008254349231719971,0.0019584745168685913,-0.0011330395936965942,0.022937484085559845,0.02365295961499214,-0.0007154755294322968,0.07489544153213501,0.10171657055616379,-0.026821129024028778,0.022937484085559845,0.02365295961499214,-0.0007154755294322968,0.05408352240920067,0.05847100540995598,-0.00438748300075531,0.00016418467566836625,0.00018484433530829847,-2.0659659639932215e-05,0.00025641918182373047,0.00029456615447998047,-3.814697265625e-05,0.00025641918182373047,0.00029456615447998047,-3.814697265625e-05,0.00014219105651136488,0.00015676776820328087,-1.4576711691915989e-05
67#4,PC_OFF,slow_2Hz,H1_off,probability,0.10594996809959412,0.13980385661125183,-0.033853888511657715,0.10594996809959412,0.13980385661125183,-0.033853888511657715,786.6666666666667,766.6666666666667,20.0,486.66666666666674,466.66666666666674,20.0,0.15378551185131073,0.1868266463279724,-0.03304113447666168,0.026282578706741333,0.042214006185531616,-0.015931427478790283,0.0006942003965377808,0.0016637295484542847,-0.0009695291519165039,0.022937484085559845,0.02365295961499214,-0.0007154755294322968,0.07493153214454651,0.10177907347679138,-0.026847541332244873,0.022937484085559845,0.02365295961499214,-0.0007154755294322968,0.05349365249276161,0.05769630894064903,-0.004202656447887421,0.0001564918929943815,0.00017692416440695524,-2.0432271412573755e-05,0.0002563893795013428,0.0002945363521575928,-3.814697265625e-05,0.0002563893795013428,0.0002945363521575928,-3.814697265625e-05,0.00014353454753290862,0.00015894611715339124,-1.5411569620482624e-05
67#4,PC_OFF,rapid_10Hz,H1_off,probability,0.08860799670219421,0.1081770658493042,-0.019569069147109985,0.08860799670219421,0.1081770658493042,-0.019569069147109985,420.0,420.0,0.0,120.0,120.0,0.0,0.15312092006206512,0.1852114498615265,-0.032090529799461365,0.00894060730934143,0.010587215423583984,-0.0016466081142425537,2.9608607292175293e-05,4.8533082008361816e-05,-1.8924474716186523e-05,0.022937484085559845,0.02365295961499214,-0.0007154755294322968,0.05872179567813873,0.07504928857088089,-0.016327492892742157,0.022937484085559845,0.02365295961499214,-0.0007154755294322968,0.05975526571273804,0.06395337730646133,-0.004198111593723297,7.92793434811756e-05,8.840739610604942e-05,-9.128052624873817e-06,0.0001824796199798584,0.00019529461860656738,-1.2814998626708984e-05,0.0001824796199798584,0.00019529461860656738,-1.2814998626708984e-05,0.0001528042630525306,0.00017529209435451776,-2.248783130198717e-05
67#4,PC_OFF,rapid_20Hz,H1_off,probability,0.08078154921531677,0.09754711389541626,-0.016765564680099487,0.08078154921531677,0.09754711389541626,-0.016765564680099487,426.6666666666667,420.0,6.666666666666686,126.66666666666669,120.0,6.666666666666686,0.15306951105594635,0.1851285845041275,-0.03205907344818115,0.0011141598224639893,-4.273653030395508e-05,0.0011568963527679443,-2.180039882659912e-05,-3.4332275390625e-05,1.2531876564025879e-05,0.023136764764785767,0.02447783201932907,-0.0013410672545433044,0.051938217133283615,0.06595149636268616,-0.014013279229402542,0.023136764764785767,0.02447783201932907,-0.0013410672545433044,0.054520413279533386,0.05782715976238251,-0.003306746482849121,7.598460069857538e-05,8.728513785172254e-05,-1.1300537153147161e-05,0.0001081228256225586,0.0001195073127746582,-1.138448715209961e-05,0.0001081228256225586,0.0001195073127746582,-1.138448715209961e-05,0.00015393317153211683,0.0001765652559697628,-2.2632084437645972e-05
67#4,PC_OFF,transient_50ms,H1_off,probability,0.09586423635482788,0.12184196710586548,-0.025977730751037598,0.09586423635482788,0.12184196710586548,-0.025977730751037598,1373.3333333333335,1373.3333333333335,0.0,1073.3333333333335,1073.3333333333335,0.0,0.1531207263469696,0.18523892760276794,-0.03211820125579834,0.016196846961975098,0.024252116680145264,-0.008055269718170166,2.9414892196655273e-05,7.60108232498169e-05,-4.659593105316162e-05,0.022937484085559845,0.02365295961499214,-0.0007154755294322968,0.04950748383998871,0.061739884316921234,-0.012232400476932526,0.022937484085559845,0.02365295961499214,-0.0007154755294322968,0.05712851136922836,0.058997783809900284,-0.0018692724406719208,7.689535414101556e-05,8.795023313723505e-05,-1.1054878996219486e-05,0.00019308924674987793,0.0002078413963317871,-1.475214958190918e-05,0.00019308924674987793,0.0002078413963317871,-1.475214958190918e-05,0.00015354475181084126,0.00017590582137927413,-2.2361069568432868e-05
67#4,PC_OFF,large_field_50ms,H1_off,probability,0.053827494382858276,0.05183565616607666,0.001991838216781616,0.053827494382858276,0.05183565616607666,0.001991838216781616,353.33333333333337,353.33333333333337,0.0,53.33333333333337,53.33333333333337,0.0,0.00023848345153965056,0.0002252127742394805,1.3270677300170064e-05,-0.01529306173324585,-0.021213561296463013,0.005920499563217163,-0.0001487360568717122,-0.0002619536826387048,0.00011321762576699257,0.022937484085559845,0.02365295961499214,-0.0007154755294322968,0.03135702386498451,0.029810462146997452,0.0015465617179870605,0.022937484085559845,0.02365295961499214,-0.0007154755294322968,0.03135702386498451,0.029810462146997452,0.0015465617179870605,2.1244288291200064e-05,2.3965885702637024e-05,-2.72159741143696e-06,0.00033542513847351074,0.0003528892993927002,-1.7464160919189453e-05,0.00033542513847351074,0.0003528892993927002,-1.7464160919189453e-05,2.403259259153856e-06,2.6785335194290383e-06,-2.752742602751823e-07
67#4,PC_OFF,slow_step,AC_off,logit,0.4908812344074249,0.6851817965507507,-0.1943005621433258,0.4908812344074249,0.6851817965507507,-0.1943005621433258,1586.6666666666667,1573.3333333333335,13.333333333333258,1286.6666666666667,1273.3333333333335,13.333333333333258,0.9788731932640076,1.366078495979309,-0.3872053027153015,-0.0007445812225341797,-0.0012464523315429688,0.0005018711090087891,4.76837158203125e-07,5.960464477539062e-07,-1.1920928955078125e-07,0.13816440105438232,0.1700104922056198,-0.03184609115123749,0.3530978858470917,0.5159576535224915,-0.16285976767539978,0.13816440105438232,0.1700104922056198,-0.03184609115123749,0.4881483316421509,0.6810733675956726,-0.19292503595352173,0.1301269233226776,0.2497263103723526,-0.11959938704967499,0.25677943229675293,0.45000314712524414,-0.1932237148284912,0.25677943229675293,0.45000314712524414,-0.1932237148284912,0.260331928730011,0.5027630925178528,-0.2424311637878418
67#4,PC_OFF,slow_1Hz,AC_off,logit,0.49088168144226074,0.685182511806488,-0.1943008303642273,0.49088168144226074,0.685182511806488,-0.1943008303642273,1066.6666666666667,1066.6666666666667,0.0,766.6666666666667,766.6666666666667,0.0,0.9788731336593628,1.366078495979309,-0.3872053623199463,-0.0007441341876983643,-0.001245737075805664,0.0005016028881072998,4.172325134277344e-07,5.960464477539062e-07,-1.7881393432617188e-07,0.13816440105438232,0.1700104922056198,-0.03184609115123749,0.35309797525405884,0.5159578323364258,-0.16285985708236694,0.13816440105438232,0.1700104922056198,-0.03184609115123749,0.48816025257110596,0.6810911893844604,-0.1929309368133545,0.1301100105047226,0.24968460202217102,-0.11957459151744843,0.25677943229675293,0.45000314712524414,-0.1932237148284912,0.25677943229675293,0.45000314712524414,-0.1932237148284912,0.26029711961746216,0.5026780962944031,-0.24238097667694092
67#4,PC_OFF,slow_2Hz,AC_off,logit,0.4909002184867859,0.6852113604545593,-0.19431114196777344,0.4909002184867859,0.6852113604545593,-0.19431114196777344,760.0,760.0,0.0,460.0,460.0,0.0,0.9788731336593628,1.366078495979309,-0.3872053623199463,-0.0007255971431732178,-0.001216888427734375,0.0004912912845611572,4.172325134277344e-07,5.960464477539062e-07,-1.7881393432617188e-07,0.13816440105438232,0.1700104922056198,-0.03184609115123749,0.3530990481376648,0.5159599781036377,-0.1628609299659729,0.13816440105438232,0.1700104922056198,-0.03184609115123749,0.4884010851383209,0.681463897228241,-0.19306281208992004,0.13008476793766022,0.24961510300636292,-0.1195303350687027,0.25677943229675293,0.45000314712524414,-0.1932237148284912,0.25677943229675293,0.45000314712524414,-0.1932237148284912,0.2602281868457794,0.5025094747543335,-0.24228128790855408
67#4,PC_OFF,rapid_10Hz,AC_off,logit,0.49189215898513794,0.6866722702980042,-0.1947801113128662,0.49189215898513794,0.6866722702980042,-0.1947801113128662,420.0,420.0,0.0,120.0,120.0,0.0,0.9788728952407837,1.3660783767700195,-0.38720548152923584,0.000266343355178833,0.00024402141571044922,2.232193946838379e-05,1.7881393432617188e-07,4.76837158203125e-07,-2.980232238769531e-07,0.13816440105438232,0.1700104922056198,-0.03184609115123749,0.352120041847229,0.5143537521362305,-0.16223371028900146,0.13816440105438232,0.1700104922056198,-0.03184609115123749,0.43679481744766235,0.5681498050689697,-0.13135498762130737,0.12779667973518372,0.24597574770450592,-0.1181790679693222,0.18125879764556885,0.31330132484436035,-0.1320425271987915,0.18125879764556885,0.31330132484436035,-0.1320425271987915,0.26005125045776367,0.5020532011985779,-0.2420019507408142
67#4,PC_OFF,rapid_20Hz,AC_off,logit,0.4915943145751953,0.6864203214645386,-0.19482600688934326,0.4915943145751953,0.6864203214645386,-0.19482600688934326,420.0,420.0,0.0,120.0,120.0,0.0,0.9788728356361389,1.3660778999328613,-0.3872050642967224,-3.1501054763793945e-05,-7.927417755126953e-06,-2.3573637008666992e-05,1.1920928955078125e-07,0.0,1.1920928955078125e-07,0.138176828622818,0.17004086077213287,-0.03186403214931488,0.3518468141555786,0.5140680074691772,-0.16222119331359863,0.138176828622818,0.17004086077213287,-0.03186403214931488,0.3344372808933258,0.4115292727947235,-0.0770919919013977,0.12658633291721344,0.24425074458122253,-0.1176644116640091,0.1441960334777832,0.2642607092857361,-0.12006467580795288,0.1441960334777832,0.2642607092857361,-0.12006467580795288,0.26005029678344727,0.5020503997802734,-0.24200010299682617
67#4,PC_OFF,transient_50ms,AC_off,logit,0.4910636246204376,0.6855893731117249,-0.19452574849128723,0.4910636246204376,0.6855893731117249,-0.19452574849128723,420.0,420.0,0.0,120.0,120.0,0.0,0.9788725972175598,1.3660776615142822,-0.3872050642967224,-0.0005621910095214844,-0.0008388757705688477,0.0002766847610473633,-1.1920928955078125e-07,-2.384185791015625e-07,1.1920928955078125e-07,0.13816440105438232,0.1700104922056198,-0.03184609115123749,0.35172969102859497,0.5139002203941345,-0.16217052936553955,0.13816440105438232,0.1700104922056198,-0.03184609115123749,0.436674565076828,0.5679638981819153,-0.13128933310508728,0.12583321332931519,0.24302810430526733,-0.11719489097595215,0.18348091840744019,0.3252711892127991,-0.1417902708053589,0.18348091840744019,0.3252711892127991,-0.1417902708053589,0.26006731390953064,0.5020861625671387,-0.24201884865760803
67#4,PC_OFF,large_field_50ms,AC_off,logit,0.3989558815956116,0.48200225830078125,-0.08304637670516968,0.3989558815956116,0.48200225830078125,-0.08304637670516968,360.0,360.0,0.0,60.0,60.0,0.0,-2.781550101360608e-09,-2.781550101360608e-09,0.0,-0.0016398429870605469,-0.0022400617599487305,0.0006002187728881836,0.0,2.781550101360608e-09,-2.781550101360608e-09,0.137989342212677,0.1697443425655365,-0.0317550003528595,0.3024062514305115,0.40161579847335815,-0.09920954704284668,0.137989342212677,0.1697443425655365,-0.0317550003528595,0.3024062514305115,0.40161579847335815,-0.09920954704284668,0.01285453513264656,0.0225533414632082,-0.009698806330561638,0.1721041202545166,-0.28378725051879883,0.45589137077331543,0.1721041202545166,0.28378725051879883,-0.11168313026428223,-4.76837147544984e-09,-1.9868215961338365e-09,-2.781549879316003e-09
67#4,PC_OFF,slow_step,AC_off,probability,0.1068880558013916,0.15272697806358337,-0.04583892226219177,0.1068880558013916,0.15272697806358337,-0.04583892226219177,1586.6666666666667,1566.6666666666667,20.0,1286.6666666666667,1266.6666666666667,20.0,0.2128913849592209,0.3039688766002655,-0.09107749164104462,-0.00017508864402770996,-0.000303804874420166,0.00012871623039245605,-1.3113021850585938e-06,-2.3245811462402344e-06,1.0132789611816406e-06,0.02884480729699135,0.03551493585109711,-0.006670128554105759,0.07565879821777344,0.11275236308574677,-0.03709356486797333,0.02884480729699135,0.03551493585109711,-0.006670128554105759,0.10624568164348602,0.15172618627548218,-0.045480504631996155,0.029515814036130905,0.0580524317920208,-0.028536617755889893,0.05819043517112732,0.1040845513343811,-0.045894116163253784,0.05819043517112732,0.1040845513343811,-0.045894116163253784,0.05905185267329216,0.1168585866689682,-0.05780673399567604
67#4,PC_OFF,slow_1Hz,AC_off,probability,0.10688817501068115,0.1527271568775177,-0.04583898186683655,0.10688817501068115,0.1527271568775177,-0.04583898186683655,1066.6666666666667,1060.0,6.6666666666667425,766.6666666666667,760.0,6.6666666666667425,0.2128913849592209,0.3039689064025879,-0.091077521443367,-0.00017496943473815918,-0.00030362606048583984,0.00012865662574768066,-1.3113021850585938e-06,-2.294778823852539e-06,9.834766387939453e-07,0.02884480729699135,0.03551493585109711,-0.006670128554105759,0.07565882802009583,0.11275242269039154,-0.037093594670295715,0.02884480729699135,0.03551493585109711,-0.006670128554105759,0.10624847561120987,0.151730477809906,-0.045482002198696136,0.02954840287566185,0.05812543258070946,-0.028577029705047607,0.05819043517112732,0.1040845513343811,-0.045894116163253784,0.05819043517112732,0.1040845513343811,-0.045894116163253784,0.05911683663725853,0.11700426042079926,-0.057887423783540726
67#4,PC_OFF,slow_2Hz,AC_off,probability,0.10689252614974976,0.15273422002792358,-0.04584169387817383,0.10689252614974976,0.15273422002792358,-0.04584169387817383,760.0,760.0,0.0,460.0,460.0,0.0,0.2128913253545761,0.3039688766002655,-0.09107755124568939,-0.00017061829566955566,-0.00029656291007995605,0.0001259446144104004,-1.3709068298339844e-06,-2.3245811462402344e-06,9.5367431640625e-07,0.02884480729699135,0.03551493585109711,-0.006670128554105759,0.07565906643867493,0.11275293678045273,-0.0370938703417778,0.02884480729699135,0.03551493585109711,-0.006670128554105759,0.10630505532026291,0.15182127058506012,-0.04551621526479721,0.029616642743349075,0.05827707797288895,-0.02866043522953987,0.05819043517112732,0.1040845513343811,-0.045894116163253784,0.05819043517112732,0.1040845513343811,-0.045894116163253784,0.0592493899166584,0.11730114370584488,-0.05805175378918648
67#4,PC_OFF,rapid_10Hz,AC_off,probability,0.10712578892707825,0.15309026837348938,-0.04596447944641113,0.10712578892707825,0.15309026837348938,-0.04596447944641113,420.0,420.0,0.0,120.0,120.0,0.0,0.21289195120334625,0.30396994948387146,-0.09107799828052521,6.264448165893555e-05,5.9485435485839844e-05,3.159046173095703e-06,-7.450580596923828e-07,-1.2516975402832031e-06,5.066394805908203e-07,0.02884480729699135,0.03551493585109711,-0.006670128554105759,0.07543519884347916,0.11237230896949768,-0.036937110126018524,0.02884480729699135,0.03551493585109711,-0.006670128554105759,0.0942925363779068,0.12461765855550766,-0.03032512217760086,0.029463328421115875,0.05831223353743553,-0.028848905116319656,0.041576385498046875,0.07388576865196228,-0.032309383153915405,0.041576385498046875,0.07388576865196228,-0.032309383153915405,0.05992380902171135,0.1189337819814682,-0.05900997295975685
67#4,PC_OFF,rapid_20Hz,AC_off,probability,0.10705575346946716,0.15302884578704834,-0.04597309231758118,0.10705575346946716,0.15302884578704834,-0.04597309231758118,420.0,420.0,0.0,120.0,120.0,0.0,0.21289236843585968,0.303970605134964,-0.09107823669910431,-7.3909759521484375e-06,-1.9371509552001953e-06,-5.453824996948242e-06,-3.2782554626464844e-07,-5.960464477539062e-07,2.682209014892578e-07,0.028847601264715195,0.035521842539310455,-0.006674241274595261,0.0753738284111023,0.11230607330799103,-0.03693224489688873,0.028847601264715195,0.035521842539310455,-0.006674241274595261,0.0711890384554863,0.08839359879493713,-0.017204560339450836,0.029230918735265732,0.0579833984375,-0.028752479702234268,0.03325152397155762,0.06269118189811707,-0.029439657926559448,0.03325152397155762,0.06269118189811707,-0.029439657926559448,0.059976790100336075,0.11901862174272537,-0.0590418316423893
67#4,PC_OFF,transient_50ms,AC_off,probability,0.1069309413433075,0.15282633900642395,-0.045895397663116455,0.1069309413433075,0.15282633900642395,-0.045895397663116455,420.0,420.0,0.0,120.0,120.0,0.0,0.21289288997650146,0.30397161841392517,-0.0910787284374237,-0.0001322031021118164,-0.00020444393157958984,7.224082946777344e-05,1.9371509552001953e-07,4.172325134277344e-07,-2.2351741790771484e-07,0.02884480729699135,0.03551493585109711,-0.006670128554105759,0.07534867525100708,0.11226808279752731,-0.03691940754652023,0.02884480729699135,0.03551493585109711,-0.006670128554105759,0.09426441043615341,0.12457279115915298,-0.030308380722999573,0.02905118651688099,0.057672977447509766,-0.028621790930628777,0.041813790798187256,0.0760938823223114,-0.034280091524124146,0.041813790798187256,0.0760938823223114,-0.034280091524124146,0.059925708919763565,0.11890862137079239,-0.058982912451028824
67#4,PC_OFF,large_field_50ms,AC_off,probability,0.0855276882648468,0.10416555404663086,-0.018637865781784058,0.0855276882648468,0.10416555404663086,-0.018637865781784058,360.0,360.0,0.0,60.0,60.0,0.0,0.0006049225921742618,0.0010305223986506462,-0.0004255998064763844,-0.0003763735294342041,-0.0005234777927398682,0.00014710426330566406,-6.043585017323494e-06,-1.2111733667552471e-05,6.068148650228977e-06,0.028806064277887344,0.0354556068778038,-0.006649542599916458,0.06397230178117752,0.0857553705573082,-0.021783068776130676,0.028806064277887344,0.0354556068778038,-0.006649542599916458,0.06397230178117752,0.0857553705573082,-0.021783068776130676,0.002530805766582489,0.004399770870804787,-0.0018689651042222977,0.03752851486206055,0.062347739934921265,-0.024819225072860718,0.03752851486206055,0.062347739934921265,-0.024819225072860718,0.00036884238943457603,0.0008079881663434207,-0.0004391457769088447
67#6,MC_OFF,slow_step,normal,logit,0.38040298223495483,0.4409595727920532,-0.06055659055709839,0.38040298223495483,0.4409595727920532,-0.06055659055709839,1466.6666666666667,1460.0,6.6666666666667425,1166.6666666666667,1160.0,6.6666666666667425,0.4479544162750244,0.505304753780365,-0.057350337505340576,0.12150019407272339,0.16530847549438477,-0.04380828142166138,-0.00043514370918273926,-0.0006322860717773438,0.0001971423625946045,0.11112359166145325,0.11305272579193115,-0.0019291341304779053,0.24335868656635284,0.28683722019195557,-0.04347853362560272,0.11112359166145325,0.11305272579193115,-0.0019291341304779053,0.09385836124420166,0.10593003034591675,-0.012071669101715088,0.0,0.0,0.0,0.0,0.0,0.0,0.0,0.0,0.0,0.0,0.0,0.0
67#6,MC_OFF,slow_1Hz,normal,logit,0.38040292263031006,0.44095945358276367,-0.06055653095245361,0.38040292263031006,0.44095945358276367,-0.06055653095245361,966.6666666666667,960.0,6.6666666666667425,666.6666666666667,660.0,6.6666666666667425,0.44799765944480896,0.5053696036338806,-0.057371944189071655,0.12150013446807861,0.16530835628509521,-0.0438082218170166,-0.00039190053939819336,-0.0005674362182617188,0.0001755356788635254,0.11112359166145325,0.11305272579193115,-0.0019291341304779053,0.2433677464723587,0.28684818744659424,-0.043480440974235535,0.11112359166145325,0.11305272579193115,-0.0019291341304779053,0.09385785460472107,0.1059291809797287,-0.01207132637500763,0.0,0.0,0.0,0.0,0.0,0.0,0.0,0.0,0.0,0.0,0.0,0.0
67#6,MC_OFF,slow_2Hz,normal,logit,0.3804008960723877,0.4409542679786682,-0.06055337190628052,0.3804008960723877,0.4409542679786682,-0.06055337190628052,720.0,713.3333333333334,6.666666666666629,420.0,413.33333333333337,6.666666666666629,0.44808366894721985,0.5054986476898193,-0.05741497874259949,0.12149810791015625,0.16530317068099976,-0.043805062770843506,-0.0003058910369873047,-0.00043839216232299805,0.00013250112533569336,0.11112359166145325,0.11305272579193115,-0.0019291341304779053,0.24355755746364594,0.28708043694496155,-0.04352287948131561,0.11112359166145325,0.11305272579193115,-0.0019291341304779053,0.0888601690530777,0.10046695172786713,-0.011606782674789429,0.0,0.0,0.0,0.0,0.0,0.0,0.0,0.0,0.0,0.0,0.0,0.0
67#6,MC_OFF,rapid_10Hz,normal,logit,0.3477545380592346,0.37635350227355957,-0.02859896421432495,0.3477545380592346,0.37635350227355957,-0.02859896421432495,426.6666666666667,426.6666666666667,0.0,126.66666666666669,126.66666666666669,0.0,0.4483667016029358,0.5059159994125366,-0.05754929780960083,0.08885174989700317,0.10070240497589111,-0.01185065507888794,-2.2858381271362305e-05,-2.104043960571289e-05,-1.817941665649414e-06,0.11112359166145325,0.11305272579193115,-0.0019291341304779053,0.1843641996383667,0.21103601157665253,-0.026671811938285828,0.11112359166145325,0.11305272579193115,-0.0019291341304779053,0.11899753659963608,0.13686706125736237,-0.017869524657726288,0.0,0.0,0.0,0.0,0.0,0.0,0.0,0.0,0.0,0.0,0.0,0.0
67#6,MC_OFF,rapid_20Hz,normal,logit,0.27455025911331177,0.2895873785018921,-0.015037119388580322,0.27455025911331177,0.2895873785018921,-0.015037119388580322,433.33333333333337,426.6666666666667,6.666666666666686,133.33333333333337,126.66666666666669,6.666666666666686,0.4483909606933594,0.5059410929679871,-0.057550132274627686,0.015647470951080322,0.013936281204223633,0.0017111897468566895,1.4007091522216797e-06,4.0531158447265625e-06,-2.652406692504883e-06,0.11112359166145325,0.11354798078536987,-0.002424389123916626,0.11322692036628723,0.13887138664722443,-0.025644466280937195,0.11112359166145325,0.11354798078536987,-0.002424389123916626,0.19139279425144196,0.20914147794246674,-0.01774868369102478,0.0,0.0,0.0,0.0,0.0,0.0,0.0,0.0,0.0,0.0,0.0,0.0
67#6,MC_OFF,transient_50ms,normal,logit,0.3611971139907837,0.40607237815856934,-0.044875264167785645,0.3611971139907837,0.40607237815856934,-0.044875264167785645,1380.0,1373.3333333333335,6.666666666666515,1080.0,1073.3333333333335,6.666666666666515,0.44837597012519836,0.5059177875518799,-0.05754181742668152,0.10229432582855225,0.13042128086090088,-0.028126955032348633,-1.3589859008789062e-05,-1.9252300262451172e-05,5.662441253662109e-06,0.11112359166145325,0.11305272579193115,-0.0019291341304779053,0.1003369688987732,0.11970484256744385,-0.019367873668670654,0.11112359166145325,0.11305272579193115,-0.0019291341304779053,0.10859077423810959,0.11916647851467133,-0.010575704276561737,0.0,0.0,0.0,0.0,0.0,0.0,0.0,0.0,0.0,0.0,0.0,0.0
67#6,MC_OFF,large_field_50ms,normal,logit,-0.2257155179977417,0.22196972370147705,-0.44768524169921875,0.2257155179977417,0.22196972370147705,0.0037457942962646484,1333.3333333333335,333.33333333333337,1000.0000000000001,1033.3333333333335,33.33333333333337,1000.0000000000001,-7.947286162490741e-10,0.0,-7.947286162490741e-10,-0.48461830615997314,-0.053681373596191406,-0.43093693256378174,-7.947286162490741e-10,7.947286162490741e-10,-1.5894572324981482e-09,0.11002933979034424,0.11149044334888458,-0.0014611035585403442,-0.024962475523352623,-0.02629794366657734,0.0013354681432247162,0.11002933979034424,0.11149044334888458,-0.0014611035585403442,-0.024962475523352623,-0.02629794366657734,0.0013354681432247162,0.0,0.0,0.0,0.0,0.0,0.0,0.0,0.0,0.0,0.0,0.0,0.0
67#6,MC_OFF,slow_step,normal,probability,0.07372023165225983,0.08730271458625793,-0.013582482933998108,0.07372023165225983,0.08730271458625793,-0.013582482933998108,1466.6666666666667,1460.0,6.6666666666667425,1166.6666666666667,1160.0,6.6666666666667425,0.08564924448728561,0.09866157919168472,-0.013012334704399109,0.024972349405288696,0.034755051136016846,-0.00978270173072815,0.0019380152225494385,0.0027452483773231506,-0.0008072331547737122,0.02059931308031082,0.021129483357071877,-0.000530170276761055,0.04637210816144943,0.055698052048683167,-0.009325943887233734,0.02059931308031082,0.021129483357071877,-0.000530170276761055,0.0170294102281332,0.01950252056121826,-0.00247311033308506,0.0,0.0,0.0,0.0,0.0,0.0,0.0,0.0,0.0,0.0,0.0,0.0
67#6,MC_OFF,slow_1Hz,normal,probability,0.07372020184993744,0.08730268478393555,-0.013582482933998108,0.07372020184993744,0.08730268478393555,-0.013582482933998108,966.6666666666667,960.0,6.6666666666667425,666.6666666666667,660.0,6.6666666666667425,0.08557552099227905,0.0985390692949295,-0.012963548302650452,0.02497231960296631,0.03475502133369446,-0.00978270173072815,0.0018642917275428772,0.002622738480567932,-0.0007584467530250549,0.02059931308031082,0.021129483357071877,-0.000530170276761055,0.046373918652534485,0.05570030212402344,-0.009326383471488953,0.02059931308031082,0.021129483357071877,-0.000530170276761055,0.017029331997036934,0.019502349197864532,-0.0024730172008275986,0.0,0.0,0.0,0.0,0.0,0.0,0.0,0.0,0.0,0.0,0.0,0.0
67#6,MC_OFF,slow_2Hz,normal,probability,0.07371975481510162,0.0873015820980072,-0.013581827282905579,0.07371975481510162,0.0873015820980072,-0.013581827282905579,720.0,713.3333333333334,6.666666666666629,420.0,413.33333333333337,6.666666666666629,0.08542213588953018,0.09828651696443558,-0.012864381074905396,0.024971872568130493,0.03475391864776611,-0.00978204607963562,0.0017109066247940063,0.002370186150074005,-0.0006592795252799988,0.02059931308031082,0.021129483357071877,-0.000530170276761055,0.04641202092170715,0.05574817210435867,-0.00933615118265152,0.02059931308031082,0.021129483357071877,-0.000530170276761055,0.016074273735284805,0.018434656783938408,-0.0023603830486536026,0.0,0.0,0.0,0.0,0.0,0.0,0.0,0.0,0.0,0.0,0.0,0.0
67#6,MC_OFF,rapid_10Hz,normal,probability,0.06688489019870758,0.07344841957092285,-0.006563529372215271,0.06688489019870758,0.07344841957092285,-0.006563529372215271,426.6666666666667,426.6666666666667,0.0,126.66666666666669,126.66666666666669,0.0,0.08427771180868149,0.09645859897136688,-0.012180887162685394,0.01813700795173645,0.020900756120681763,-0.0027637481689453125,0.0005664825439453125,0.0005422681570053101,2.421438694000244e-05,0.02059931308031082,0.021129483357071877,-0.000530170276761055,0.0344405397772789,0.04002096503973007,-0.005580425262451172,0.02059931308031082,0.021129483357071877,-0.000530170276761055,0.02167072705924511,0.025269249454140663,-0.0035985223948955536,0.0,0.0,0.0,0.0,0.0,0.0,0.0,0.0,0.0,0.0,0.0,0.0
67#6,MC_OFF,rapid_20Hz,normal,probability,0.051891639828681946,0.05538809299468994,-0.0034964531660079956,0.051891639828681946,0.05538809299468994,-0.0034964531660079956,433.33333333333337,426.6666666666667,6.666666666666686,133.33333333333337,126.66666666666669,6.666666666666686,0.08376603573560715,0.0959211215376854,-0.012155085802078247,0.0031437575817108154,0.0028404295444488525,0.0003033280372619629,5.480647087097168e-05,4.7907233238220215e-06,5.001574754714966e-05,0.02059931308031082,0.021226709708571434,-0.0006273966282606125,0.020772013813257217,0.0258942823857069,-0.005122268572449684,0.02059931308031082,0.021226709708571434,-0.0006273966282606125,0.035471782088279724,0.03925232216715813,-0.0037805400788784027,0.0,0.0,0.0,0.0,0.0,0.0,0.0,0.0,0.0,0.0,0.0,0.0
67#6,MC_OFF,transient_50ms,normal,probability,0.0696883350610733,0.0797794759273529,-0.010091140866279602,0.0696883350610733,0.0797794759273529,-0.010091140866279602,1380.0,1373.3333333333335,6.666666666666515,1080.0,1073.3333333333335,6.666666666666515,0.08377508074045181,0.0960012897849083,-0.012226209044456482,0.020940452814102173,0.027231812477111816,-0.0062913596630096436,6.385147571563721e-05,8.495897054672241e-05,-2.1107494831085205e-05,0.02059931308031082,0.021129483357071877,-0.000530170276761055,0.018729442730545998,0.02259788103401661,-0.0038684383034706116,0.02059931308031082,0.021129483357071877,-0.000530170276761055,0.019711440429091454,0.021877724677324295,-0.0021662842482328415,0.0,0.0,0.0,0.0,0.0,0.0,0.0,0.0,0.0,0.0,0.0,0.0
67#6,MC_OFF,large_field_50ms,normal,probability,0.04215274751186371,0.0417671799659729,0.0003855675458908081,0.04215274751186371,0.0417671799659729,0.0003855675458908081,333.33333333333337,333.33333333333337,0.0,33.33333333333337,33.33333333333337,0.0,0.00018222352082375437,0.00018343707779422402,-1.2135569704696536e-06,-0.006595134735107422,-0.010780483484268188,0.004185348749160767,-6.135822331998497e-05,-9.998411405831575e-05,3.862589073833078e-05,0.020385954529047012,0.020822545513510704,-0.0004365909844636917,-0.0037025106139481068,-0.003972196020185947,0.00026968540623784065,0.020385954529047012,0.020822545513510704,-0.0004365909844636917,-0.0037025106139481068,-0.003972196020185947,0.00026968540623784065,0.0,0.0,0.0,0.0,0.0,0.0,0.0,0.0,0.0,0.0,0.0,0.0
67#6,MC_OFF,slow_step,H1_off,logit,0.3808695077896118,0.4415707588195801,-0.06070125102996826,0.3808695077896118,0.4415707588195801,-0.06070125102996826,1486.6666666666667,1480.0,6.6666666666667425,1186.6666666666667,1180.0,6.6666666666667425,0.456871896982193,0.5167762041091919,-0.0599043071269989,0.1208263635635376,0.16133379936218262,-0.04050743579864502,-0.00041109323501586914,-0.0005956292152404785,0.00018453598022460938,0.11221717298030853,0.11462847143411636,-0.002411298453807831,0.2439212203025818,0.2876232862472534,-0.04370206594467163,0.11221717298030853,0.11462847143411636,-0.002411298453807831,0.10111798346042633,0.11503568291664124,-0.013917699456214905,0.004651223309338093,0.005997304804623127,-0.0013460814952850342,0.014357328414916992,0.018639683723449707,-0.004282355308532715,0.014357328414916992,0.018639683723449707,-0.004282355308532715,0.008917487226426601,0.011471419595181942,-0.0025539323687553406
67#6,MC_OFF,slow_1Hz,H1_off,logit,0.38086944818496704,0.4415706396102905,-0.060701191425323486,0.38086944818496704,0.4415706396102905,-0.060701191425323486,986.6666666666667,980.0,6.6666666666667425,686.6666666666667,680.0,6.6666666666667425,0.4569137692451477,0.5168390274047852,-0.05992525815963745,0.12082630395889282,0.16133368015289307,-0.040507376194000244,-0.0003692209720611572,-0.0005328059196472168,0.00016358494758605957,0.11221717298030853,0.11462847143411636,-0.002411298453807831,0.24393026530742645,0.2876341640949249,-0.043703898787498474,0.11221717298030853,0.11462847143411636,-0.002411298453807831,0.10111746191978455,0.11503490060567856,-0.013917438685894012,0.004864843562245369,0.006288148928433657,-0.0014233053661882877,0.01462864875793457,0.018996596336364746,-0.004367947578430176,0.01462864875793457,0.018996596336364746,-0.004367947578430176,0.00891615729779005,0.011469406075775623,-0.002553248777985573
67#6,MC_OFF,slow_2Hz,H1_off,logit,0.3808668851852417,0.44156408309936523,-0.060697197914123535,0.3808668851852417,0.44156408309936523,-0.060697197914123535,733.3333333333334,733.3333333333334,0.0,433.33333333333337,433.33333333333337,0.0,0.4569971263408661,0.5169639587402344,-0.059966832399368286,0.12082374095916748,0.16132712364196777,-0.04050338268280029,-0.00028586387634277344,-0.00040787458419799805,0.00012201070785522461,0.11221717298030853,0.11462847143411636,-0.002411298453807831,0.2441173493862152,0.2878643572330475,-0.043747007846832275,0.11221717298030853,0.11462847143411636,-0.002411298453807831,0.0964207649230957,0.1099914163351059,-0.013570651412010193,0.005264524836093187,0.006846624892205,-0.0015821000561118126,0.014627933502197266,0.018996238708496094,-0.004368305206298828,0.014627933502197266,0.018996238708496094,-0.004368305206298828,0.008913480676710606,0.011465322226285934,-0.002551841549575329
67#6,MC_OFF,rapid_10Hz,H1_off,logit,0.3435165286064148,0.37094414234161377,-0.027427613735198975,0.3435165286064148,0.37094414234161377,-0.027427613735198975,426.6666666666667,426.6666666666667,0.0,126.66666666666669,126.66666666666669,0.0,0.45726528763771057,0.517357349395752,-0.06009206175804138,0.08347338438034058,0.09070718288421631,-0.007233798503875732,-1.7702579498291016e-05,-1.4483928680419922e-05,-3.2186508178710938e-06,0.11221717298030853,0.11462847143411636,-0.002411298453807831,0.18168991804122925,0.20745213329792023,-0.02576221525669098,0.11221717298030853,0.11462847143411636,-0.002411298453807831,0.13093893229961395,0.15232764184474945,-0.021388709545135498,0.006955766584724188,0.008982522413134575,-0.002026755828410387,0.014357328414916992,0.018639683723449707,-0.004282355308532715,0.014357328414916992,0.018639683723449707,-0.004282355308532715,0.008898613043129444,0.011441316455602646,-0.0025427034124732018
67#6,MC_OFF,rapid_20Hz,H1_off,logit,0.27438026666641235,0.29364335536956787,-0.019263088703155518,0.27438026666641235,0.29364335536956787,-0.019263088703155518,433.33333333333337,426.6666666666667,6.666666666666686,133.33333333333337,126.66666666666669,6.666666666666686,0.45728522539138794,0.5173762440681458,-0.06009101867675781,0.014337122440338135,0.01340639591217041,0.0009307265281677246,2.2351741790771484e-06,4.410743713378906e-06,-2.175569534301758e-06,0.11221717298030853,0.11512371152639389,-0.0029065385460853577,0.11645399034023285,0.14288917183876038,-0.026435181498527527,0.11221717298030853,0.11512371152639389,-0.0029065385460853577,0.19762690365314484,0.2172929048538208,-0.019666001200675964,0.004594272002577782,0.005828376393765211,-0.0012341043911874294,0.012671113014221191,0.016474127769470215,-0.0038030147552490234,0.012671113014221191,0.016474127769470215,-0.0038030147552490234,0.008894208818674088,0.011435194872319698,-0.002540986053645611
67#6,MC_OFF,transient_50ms,H1_off,logit,0.3592259883880615,0.40285611152648926,-0.043630123138427734,0.3592259883880615,0.40285611152648926,-0.043630123138427734,1380.0,1373.3333333333335,6.666666666666515,1080.0,1073.3333333333335,6.666666666666515,0.4572703242301941,0.5173537731170654,-0.06008344888687134,0.0991828441619873,0.1226191520690918,-0.023436307907104492,-1.2665987014770508e-05,-1.806020736694336e-05,5.3942203521728516e-06,0.11221717298030853,0.11462847143411636,-0.002411298453807831,0.10423669219017029,0.12463334202766418,-0.020396649837493896,0.11221717298030853,0.11462847143411636,-0.002411298453807831,0.12092440575361252,0.1351989358663559,-0.014274530112743378,0.004477531183511019,0.0057682679034769535,-0.0012907367199659348,0.014357328414916992,0.018639683723449707,-0.004282355308532715,0.014357328414916992,0.018639683723449707,-0.004282355308532715,0.008894316852092743,0.011435996741056442,-0.0025416798889636993
67#6,MC_OFF,large_field_50ms,H1_off,logit,0.22864127159118652,0.22615981101989746,0.0024814605712890625,0.22864127159118652,0.22615981101989746,0.0024814605712890625,340.0,340.0,0.0,40.0,40.0,0.0,0.0,3.9736430812453705e-10,-3.9736430812453705e-10,-0.031401872634887695,-0.0540771484375,0.022675275802612305,0.0,3.9736430812453705e-10,-3.9736430812453705e-10,0.11221717298030853,0.11462847143411636,-0.002411298453807831,-0.0028786149341613054,0.0018111637327820063,-0.004689778666943312,0.11221717298030853,0.11462847143411636,-0.002411298453807831,-0.0028786149341613054,0.0018111637327820063,-0.004689778666943312,0.0017211639788001776,0.002265688730403781,-0.0005445247516036034,0.027641892433166504,0.03535604476928711,-0.0077141523361206055,0.027641892433166504,0.03535604476928711,-0.0077141523361206055,7.947286162490741e-10,3.9736430812453705e-10,3.9736430812453705e-10
67#6,MC_OFF,slow_step,H1_off,probability,0.07381851971149445,0.08743539452552795,-0.013616874814033508,0.07381851971149445,0.08743539452552795,-0.013616874814033508,1486.6666666666667,1480.0,6.6666666666667425,1186.6666666666667,1180.0,6.6666666666667425,0.08729277551174164,0.10079705715179443,-0.013504281640052795,0.024842262268066406,0.03395494818687439,-0.009112685918807983,0.0018260776996612549,0.002575501799583435,-0.0007494240999221802,0.020813066512346268,0.02144012041389942,-0.000627053901553154,0.046484000980854034,0.0558585599064827,-0.009374558925628662,0.020813066512346268,0.02144012041389942,-0.000627053901553154,0.018366973847150803,0.02120141126215458,-0.0028344374150037766,0.0008617830462753773,0.001123458961956203,-0.0002616759156808257,0.0026731789112091064,0.0035133957862854004,-0.0008402168750762939,0.0026731789112091064,0.0035133957862854004,-0.0008402168750762939,0.0016435290453955531,0.0021354849450290203,-0.0004919558996334672
67#6,MC_OFF,slow_1Hz,H1_off,probability,0.07381851971149445,0.08743539452552795,-0.013616874814033508,0.07381851971149445,0.08743539452552795,-0.013616874814033508,986.6666666666667,980.0,6.6666666666667425,686.6666666666667,680.0,6.6666666666667425,0.08721695095300674,0.10067199915647507,-0.013455048203468323,0.024842262268066406,0.03395494818687439,-0.009112685918807983,0.001750253140926361,0.0024504438042640686,-0.0007001906633377075,0.020813066512346268,0.02144012041389942,-0.000627053901553154,0.04648582264780998,0.05586080998182297,-0.009374987334012985,0.020813066512346268,0.02144012041389942,-0.000627053901553154,0.018366901203989983,0.021201254799962044,-0.002834353595972061,0.0009049500804394484,0.0011838615173473954,-0.00027891143690794706,0.0027683377265930176,0.0036645829677581787,-0.0008962452411651611,0.0027683377265930176,0.0036645829677581787,-0.0008962452411651611,0.0016414226265624166,0.0021329240407794714,-0.0004915014142170548
67#6,MC_OFF,slow_2Hz,H1_off,probability,0.07381798326969147,0.08743396401405334,-0.013615980744361877,0.07381798326969147,0.08743396401405334,-0.013615980744361877,733.3333333333334,733.3333333333334,0.0,433.33333333333337,433.33333333333337,0.0,0.08705979585647583,0.10041490197181702,-0.013355106115341187,0.024841725826263428,0.03395351767539978,-0.009111791849136353,0.0015930980443954468,0.002193346619606018,-0.0006002485752105713,0.020813066512346268,0.02144012041389942,-0.000627053901553154,0.046523358672857285,0.05590825527906418,-0.009384896606206894,0.020813066512346268,0.02144012041389942,-0.000627053901553154,0.01746773160994053,0.02021339163184166,-0.0027456600219011307,0.0009859695564955473,0.001300143194384873,-0.0003141736378893256,0.0027683675289154053,0.003664761781692505,-0.0008963942527770996,0.0027683675289154053,0.003664761781692505,-0.0008963942527770996,0.001637680223211646,0.002128383843228221,-0.0004907036200165749
67#6,MC_OFF,rapid_10Hz,H1_off,probability,0.06600423157215118,0.0723038911819458,-0.006299659609794617,0.06600423157215118,0.0723038911819458,-0.006299659609794617,426.6666666666667,426.6666666666667,0.0,126.66666666666669,126.66666666666669,0.0,0.08593368530273438,0.09863655269145966,-0.01270286738872528,0.017027974128723145,0.018823444843292236,-0.0017954707145690918,0.0004669874906539917,0.0004149973392486572,5.199015140533447e-05,0.020813066512346268,0.02144012041389942,-0.000627053901553154,0.0339214988052845,0.0393112488090992,-0.005389750003814697,0.020813066512346268,0.02144012041389942,-0.000627053901553154,0.023909028619527817,0.028217051178216934,-0.004308022558689117,0.0013420451432466507,0.001771116629242897,-0.00042907148599624634,0.0026731789112091064,0.0035133957862854004,-0.0008402168750762939,0.0026731789112091064,0.0035133957862854004,-0.0008402168750762939,0.0016559762880206108,0.0021779490634799004,-0.0005219727754592896
67#6,MC_OFF,rapid_20Hz,H1_off,probability,0.051857367157936096,0.05621793866157532,-0.004360571503639221,0.051857367157936096,0.05621793866157532,-0.004360571503639221,433.33333333333337,426.6666666666667,6.666666666666686,133.33333333333337,126.66666666666669,6.666666666666686,0.08550352603197098,0.09821523725986481,-0.01271171122789383,0.0028811097145080566,0.002737492322921753,0.0001436173915863037,3.682821989059448e-05,-6.318092346191406e-06,4.314631223678589e-05,0.020813066512346268,0.021537749096751213,-0.0007246825844049454,0.021404478698968887,0.02670644223690033,-0.005301963537931442,0.020813066512346268,0.021537749096751213,-0.0007246825844049454,0.0366772785782814,0.04086371883749962,-0.004186440259218216,0.0008975167293101549,0.0011681016767397523,-0.0002705849474295974,0.002423524856567383,0.0032388269901275635,-0.0008153021335601807,0.002423524856567383,0.0032388269901275635,-0.0008153021335601807,0.0017374955350533128,0.002294121077284217,-0.0005566255422309041
67#6,MC_OFF,transient_50ms,H1_off,probability,0.06927631795406342,0.07909083366394043,-0.009814515709877014,0.06927631795406342,0.07909083366394043,-0.009814515709877014,1380.0,1373.3333333333335,6.666666666666515,1080.0,1073.3333333333335,6.666666666666515,0.0855240523815155,0.09829705953598022,-0.012773007154464722,0.020300060510635376,0.025610387325286865,-0.005310326814651489,5.735456943511963e-05,7.550418376922607e-05,-1.8149614334106445e-05,0.020813066512346268,0.02144012041389942,-0.000627053901553154,0.01946042664349079,0.023540332913398743,-0.004079906269907951,0.020813066512346268,0.02144012041389942,-0.000627053901553154,0.022015083581209183,0.024915870279073715,-0.0029007866978645325,0.0008809149148873985,0.0011584016028791666,-0.0002774866879917681,0.0026731789112091064,0.0035133957862854004,-0.0008402168750762939,0.0026731789112091064,0.0035133957862854004,-0.0008402168750762939,0.0017489783931523561,0.0022957702167332172,-0.0005467918235808611
67#6,MC_OFF,large_field_50ms,H1_off,probability,0.04273019731044769,0.042599380016326904,0.00013081729412078857,0.04273019731044769,0.042599380016326904,0.00013081729412078857,340.0,340.0,0.0,40.0,40.0,0.0,0.00018890957289841026,0.00019452076230663806,-5.611189408227801e-06,-0.006246060132980347,-0.01088106632232666,0.0046350061893463135,-6.230840517673641e-05,-0.0001004633231787011,3.815491800196469e-05,0.020813066512346268,0.02144012041389942,-0.000627053901553154,0.00018735229969024658,0.0010341171873733401,-0.0008467648876830935,0.020813066512346268,0.02144012041389942,-0.000627053901553154,0.00018735229969024658,0.0010341171873733401,-0.0008467648876830935,0.0003029732033610344,0.00040247797733172774,-9.950477397069335e-05,0.005036473274230957,0.006492406129837036,-0.001455932855606079,0.005036473274230957,0.006492406129837036,-0.001455932855606079,6.6860520746558905e-06,1.1083682693424635e-05,-4.397630618768744e-06
67#6,MC_OFF,slow_step,AC_off,logit,0.397291362285614,0.4979283809661865,-0.10063701868057251,0.397291362285614,0.4979283809661865,-0.10063701868057251,1480.0,1473.3333333333335,6.666666666666515,1180.0,1173.3333333333335,6.666666666666515,0.7651482224464417,0.9509291052818298,-0.18578088283538818,0.012366950511932373,0.019022881984710693,-0.00665593147277832,-5.364418029785156e-07,-2.8014183044433594e-06,2.2649765014648438e-06,0.1372508704662323,0.1586451530456543,-0.021394282579421997,0.25937074422836304,0.33824723958969116,-0.07887649536132812,0.1372508704662323,0.1586451530456543,-0.021394282579421997,0.3689333200454712,0.4546435475349426,-0.08571022748947144,0.15808437764644623,0.2211408168077469,-0.06305643916130066,0.3003275990486145,0.38874077796936035,-0.08841317892074585,0.3003275990486145,0.38874077796936035,-0.08841317892074585,0.31719377636909485,0.44562429189682007,-0.12843051552772522
67#6,MC_OFF,slow_1Hz,AC_off,logit,0.39729249477386475,0.4979299306869507,-0.10063743591308594,0.39729249477386475,0.4979299306869507,-0.10063743591308594,980.0,973.3333333333334,6.666666666666629,680.0,673.3333333333334,6.666666666666629,0.7651485800743103,0.9509299993515015,-0.18578141927719116,0.012368083000183105,0.019024431705474854,-0.006656348705291748,-1.7881393432617188e-07,-1.9073486328125e-06,1.7285346984863281e-06,0.1372508704662323,0.1586451530456543,-0.021394282579421997,0.2593717575073242,0.3382488489151001,-0.07887709140777588,0.1372508704662323,0.1586451530456543,-0.021394282579421997,0.36894136667251587,0.4546538293361664,-0.08571246266365051,0.15806342661380768,0.22110939025878906,-0.06304596364498138,0.3003275990486145,0.38874077796936035,-0.08841317892074585,0.3003275990486145,0.38874077796936035,-0.08841317892074585,0.3171510398387909,0.44556042551994324,-0.12840938568115234
67#6,MC_OFF,slow_2Hz,AC_off,logit,0.3973172903060913,0.49796390533447266,-0.10064661502838135,0.3973172903060913,0.49796390533447266,-0.10064661502838135,726.6666666666667,720.0,6.6666666666667425,426.66666666666674,420.0,6.6666666666667425,0.7651494145393372,0.9509319067001343,-0.18578249216079712,0.012392878532409668,0.019058406352996826,-0.006665527820587158,6.556510925292969e-07,0.0,6.556510925292969e-07,0.1372508704662323,0.1586451530456543,-0.021394282579421997,0.2593931555747986,0.3382822275161743,-0.07888907194137573,0.1372508704662323,0.1586451530456543,-0.021394282579421997,0.3688226342201233,0.4544324576854706,-0.08560982346534729,0.15803003311157227,0.22105662524700165,-0.06302659213542938,0.3003275990486145,0.38874077796936035,-0.08841317892074585,0.3003275990486145,0.38874077796936035,-0.08841317892074585,0.3170658051967621,0.44543325901031494,-0.12836745381355286
67#6,MC_OFF,rapid_10Hz,AC_off,logit,0.39313840866088867,0.4904569387435913,-0.09731853008270264,0.39313840866088867,0.4904569387435913,-0.09731853008270264,433.33333333333337,433.33333333333337,0.0,133.33333333333337,133.33333333333337,0.0,0.7651500105857849,0.9509342908859253,-0.18578428030014038,0.008213996887207031,0.011551439762115479,-0.0033374428749084473,1.2516975402832031e-06,2.384185791015625e-06,-1.1324882507324219e-06,0.1372508704662323,0.1586451530456543,-0.021394282579421997,0.25050461292266846,0.3242110013961792,-0.07370638847351074,0.1372508704662323,0.1586451530456543,-0.021394282579421997,0.34847894310951233,0.41921907663345337,-0.07074013352394104,0.15652187168598175,0.21917101740837097,-0.06264914572238922,0.2691376209259033,0.33371615409851074,-0.06457853317260742,0.2691376209259033,0.33371615409851074,-0.06457853317260742,0.3167833387851715,0.4450181722640991,-0.1282348334789276
67#6,MC_OFF,rapid_20Hz,AC_off,logit,0.38768529891967773,0.48269563913345337,-0.09501034021377563,0.38768529891967773,0.48269563913345337,-0.09501034021377563,440.0,440.0,0.0,140.0,140.0,0.0,0.7651494145393372,0.950933039188385,-0.18578362464904785,0.0027608871459960938,0.003790140151977539,-0.0010292530059814453,6.556510925292969e-07,1.1324882507324219e-06,-4.76837158203125e-07,0.1372508704662323,0.1586451530456543,-0.021394282579421997,0.24589206278324127,0.31765663623809814,-0.07176457345485687,0.1372508704662323,0.1586451530456543,-0.021394282579421997,0.2994333505630493,0.35182899236679077,-0.052395641803741455,0.15458467602729797,0.21717816591262817,-0.0625934898853302,0.20192652940750122,0.25687384605407715,-0.05494731664657593,0.20192652940750122,0.25687384605407715,-0.05494731664657593,0.316758394241333,0.4449921250343323,-0.12823373079299927
67#6,MC_OFF,transient_50ms,AC_off,logit,0.39420223236083984,0.49274396896362305,-0.0985417366027832,0.39420223236083984,0.49274396896362305,-0.0985417366027832,1386.6666666666667,1386.6666666666667,0.0,1086.6666666666667,1086.6666666666667,0.0,0.7651477456092834,0.9509298801422119,-0.18578213453292847,0.009277820587158203,0.013838469982147217,-0.004560649394989014,-1.0132789611816406e-06,-2.0265579223632812e-06,1.0132789611816406e-06,0.1372508704662323,0.1586451530456543,-0.021394282579421997,0.24520044028759003,0.316622257232666,-0.07142181694507599,0.1372508704662323,0.1586451530456543,-0.021394282579421997,0.34808772802352905,0.4186258316040039,-0.07053810358047485,0.15387874841690063,0.21625065803527832,-0.062371909618377686,0.27185022830963135,0.3329397439956665,-0.061089515686035156,0.27185022830963135,0.3329397439956665,-0.061089515686035156,0.3167717754840851,0.4450121223926544,-0.12824034690856934
67#6,MC_OFF,large_field_50ms,AC_off,logit,0.3215670585632324,0.3767259120941162,-0.05515885353088379,0.3215670585632324,0.3767259120941162,-0.05515885353088379,360.0,360.0,0.0,60.0,60.0,0.0,0.0,-7.947286162490741e-10,7.947286162490741e-10,-0.023081183433532715,-0.03428637981414795,0.011205196380615234,7.947286162490741e-10,3.973642526133858e-10,3.973643636356883e-10,0.13615338504314423,0.15697842836380005,-0.020825043320655823,0.19435589015483856,0.23460742831230164,-0.040251538157463074,0.13615338504314423,0.15697842836380005,-0.020825043320655823,0.19435589015483856,0.23460742831230164,-0.040251538157463074,0.013787886127829552,0.017513079568743706,-0.003725193440914154,0.25475013256073,0.30551254749298096,-0.05076241493225098,0.25475013256073,0.30551254749298096,-0.05076241493225098,7.947286162490741e-10,-7.947286162490741e-10,1.5894572324981482e-09
67#6,MC_OFF,slow_step,AC_off,probability,0.07729105651378632,0.09979262948036194,-0.022501572966575623,0.07729105651378632,0.09979262948036194,-0.022501572966575623,1480.0,1473.3333333333335,6.666666666666515,1180.0,1173.3333333333335,6.666666666666515,0.14824016392230988,0.18948225677013397,-0.0412420928478241,0.002617180347442627,0.004198253154754639,-0.0015810728073120117,1.2516975402832031e-06,8.478760719299316e-06,-7.227063179016113e-06,0.02582143247127533,0.030377084389328957,-0.004555651918053627,0.049582988023757935,0.0663793608546257,-0.016796372830867767,0.02582143247127533,0.030377084389328957,-0.004555651918053627,0.07130885124206543,0.09028035402297974,-0.018971502780914307,0.031194476410746574,0.045070499181747437,-0.013876022771000862,0.05899539589881897,0.07834462821483612,-0.01934923231601715,0.05899539589881897,0.07834462821483612,-0.01934923231601715,0.06259093433618546,0.09082068502902985,-0.02822975069284439
67#6,MC_OFF,slow_1Hz,AC_off,probability,0.07729126513004303,0.09979298710823059,-0.02250172197818756,0.07729126513004303,0.09979298710823059,-0.02250172197818756,980.0,973.3333333333334,6.666666666666629,680.0,673.3333333333334,6.666666666666629,0.148239403963089,0.18948052823543549,-0.0412411242723465,0.002617388963699341,0.004198610782623291,-0.0015812218189239502,4.917383193969727e-07,6.750226020812988e-06,-6.258487701416016e-06,0.02582143247127533,0.030377084389328957,-0.004555651918053627,0.04958319664001465,0.06637969613075256,-0.016796499490737915,0.02582143247127533,0.030377084389328957,-0.004555651918053627,0.07131054997444153,0.09028260409832001,-0.01897205412387848,0.03123103454709053,0.045130979269742966,-0.013899944722652435,0.05899539589881897,0.07834462821483612,-0.01934923231601715,0.05899539589881897,0.07834462821483612,-0.01934923231601715,0.06266388297080994,0.09094145894050598,-0.028277575969696045
67#6,MC_OFF,slow_2Hz,AC_off,probability,0.07729654014110565,0.09980049729347229,-0.022503957152366638,0.07729654014110565,0.09980049729347229,-0.022503957152366638,726.6666666666667,720.0,6.6666666666667425,426.66666666666674,420.0,6.6666666666667425,0.14823773503303528,0.18947693705558777,-0.04123920202255249,0.002622663974761963,0.00420612096786499,-0.0015834569931030273,-1.1771917343139648e-06,3.159046173095703e-06,-4.336237907409668e-06,0.02582143247127533,0.030377084389328957,-0.004555651918053627,0.049587514251470566,0.06638672202825546,-0.016799207776784897,0.02582143247127533,0.030377084389328957,-0.004555651918053627,0.07128553837537766,0.09023411571979523,-0.018948577344417572,0.031308647245168686,0.04525753855705261,-0.013948891311883926,0.05899539589881897,0.07834462821483612,-0.01934923231601715,0.05899539589881897,0.07834462821483612,-0.01934923231601715,0.06281562149524689,0.0911904126405716,-0.028374791145324707
67#6,MC_OFF,rapid_10Hz,AC_off,probability,0.07641075551509857,0.09814047813415527,-0.0217297226190567,0.07641075551509857,0.09814047813415527,-0.0217297226190567,433.33333333333337,433.33333333333337,0.0,133.33333333333337,133.33333333333337,0.0,0.14823147654533386,0.1894618719816208,-0.041230395436286926,0.0017368793487548828,0.0025461018085479736,-0.0008092224597930908,-7.4356794357299805e-06,-1.1906027793884277e-05,4.470348358154297e-06,0.02582143247127533,0.030377084389328957,-0.004555651918053627,0.04776546359062195,0.06339141726493835,-0.015625953674316406,0.02582143247127533,0.030377084389328957,-0.004555651918053627,0.06704222410917282,0.08262075483798981,-0.015578530728816986,0.03160244598984718,0.04581977799534798,-0.014217332005500793,0.053394615650177,0.06842830777168274,-0.015033692121505737,0.053394615650177,0.06842830777168274,-0.015033692121505737,0.06395374238491058,0.0930032730102539,-0.029049530625343323
67#6,MC_OFF,rapid_20Hz,AC_off,probability,0.0752570778131485,0.09642866253852844,-0.021171584725379944,0.0752570778131485,0.09642866253852844,-0.021171584725379944,440.0,440.0,0.0,140.0,140.0,0.0,0.14823411405086517,0.18946585059165955,-0.04123173654079437,0.0005832016468048096,0.0008342862129211426,-0.000251084566116333,-4.798173904418945e-06,-7.927417755126953e-06,3.129243850708008e-06,0.02582143247127533,0.030377084389328957,-0.004555651918053627,0.04685383290052414,0.062043774873018265,-0.015189941972494125,0.02582143247127533,0.030377084389328957,-0.004555651918053627,0.05708763748407364,0.06851235032081604,-0.011424712836742401,0.03149254992604256,0.04570814594626427,-0.01421559602022171,0.040772974491119385,0.05373489856719971,-0.012961924076080322,0.040772974491119385,0.05373489856719971,-0.012961924076080322,0.06446807831525803,0.09354474395513535,-0.02907666563987732
67#6,MC_OFF,transient_50ms,AC_off,probability,0.07663612067699432,0.09864574670791626,-0.022009626030921936,0.07663612067699432,0.09864574670791626,-0.022009626030921936,1386.6666666666667,1386.6666666666667,0.0,1086.6666666666667,1086.6666666666667,0.0,0.14824017882347107,0.18947668373584747,-0.041236504912376404,0.0019622445106506348,0.00305137038230896,-0.0010891258716583252,1.2665987014770508e-06,2.905726432800293e-06,-1.6391277313232422e-06,0.02582143247127533,0.030377084389328957,-0.004555651918053627,0.04675048589706421,0.061885759234428406,-0.015135273337364197,0.02582143247127533,0.030377084389328957,-0.004555651918053627,0.06696025282144547,0.08249162882566452,-0.015531376004219055,0.03137106075882912,0.045508917421102524,-0.014137856662273407,0.05338084697723389,0.06715914607048035,-0.01377829909324646,0.05338084697723389,0.06715914607048035,-0.01377829909324646,0.06446511298418045,0.09347537159919739,-0.029010258615016937
67#6,MC_OFF,large_field_50ms,AC_off,probability,0.061467841267585754,0.07352730631828308,-0.012059465050697327,0.061467841267585754,0.07352730631828308,-0.012059465050697327,360.0,360.0,0.0,60.0,60.0,0.0,0.0003986624942626804,0.0005446457071229815,-0.00014598321286030114,-0.004771411418914795,-0.007311522960662842,0.002540111541748047,-5.7302910136058927e-05,-0.00010759703582152724,5.0294125685468316e-05,0.02559700235724449,0.030026854947209358,-0.004429852589964867,0.036579638719558716,0.04495862126350403,-0.008378982543945312,0.02559700235724449,0.030026854947209358,-0.004429852589964867,0.036579638719558716,0.04495862126350403,-0.008378982543945312,0.002426129300147295,0.003108805976808071,-0.0006826766766607761,0.04675200581550598,0.05737578868865967,-0.010623782873153687,0.04675200581550598,0.05737578868865967,-0.010623782873153687,0.00021643897343892604,0.0003612086293287575,-0.00014476965588983148
67#7,MC_ON,slow_step,normal,logit,0.38935017585754395,0.4134535789489746,-0.024103403091430664,0.38935017585754395,0.4134535789489746,-0.024103403091430664,1493.3333333333335,1480.0,13.333333333333485,1193.3333333333335,1180.0,13.333333333333485,0.34667524695396423,0.35695940256118774,-0.01028415560722351,0.13170790672302246,0.13746702671051025,-0.005759119987487793,-0.0008115768432617188,-0.0009402036666870117,0.00012862682342529297,0.1126478761434555,0.11189819872379303,0.0007496774196624756,0.23638059198856354,0.23923715949058533,-0.0028565675020217896,0.1126478761434555,0.11189819872379303,0.0007496774196624756,-0.0019025802612304688,0.00636880099773407,-0.008271381258964539,0.0,0.0,0.0,0.0,0.0,0.0,0.0,0.0,0.0,0.0,0.0,0.0
67#7,MC_ON,slow_1Hz,normal,logit,0.38934969902038574,0.4134528636932373,-0.024103164672851562,0.38934969902038574,0.4134528636932373,-0.024103164672851562,993.3333333333334,980.0,13.333333333333371,693.3333333333334,680.0,13.333333333333371,0.34675005078315735,0.3570484519004822,-0.010298401117324829,0.13170742988586426,0.13746631145477295,-0.005758881568908691,-0.0007367730140686035,-0.0008511543273925781,0.00011438131332397461,0.1126478761434555,0.11189819872379303,0.0007496774196624756,0.23639346659183502,0.23925085365772247,-0.002857387065887451,0.1126478761434555,0.11189819872379303,0.0007496774196624756,-0.0019070208072662354,0.006363704800605774,-0.00827072560787201,0.0,0.0,0.0,0.0,0.0,0.0,0.0,0.0,0.0,0.0,0.0,0.0
67#7,MC_ON,slow_2Hz,normal,logit,0.38933825492858887,0.4134378433227539,-0.02409958839416504,0.38933825492858887,0.4134378433227539,-0.02409958839416504,746.6666666666667,733.3333333333334,13.333333333333371,446.66666666666674,433.33333333333337,13.333333333333371,0.3468998968601227,0.3572261333465576,-0.010326236486434937,0.13169598579406738,0.13745129108428955,-0.005755305290222168,-0.0005869269371032715,-0.0006734728813171387,8.654594421386719e-05,0.1126478761434555,0.11189819872379303,0.0007496774196624756,0.2366529256105423,0.2395332008600235,-0.002880275249481201,0.1126478761434555,0.11189819872379303,0.0007496774196624756,-0.00867428071796894,0.00016805103223305196,-0.008842331750201993,0.0,0.0,0.0,0.0,0.0,0.0,0.0,0.0,0.0,0.0,0.0,0.0
67#7,MC_ON,rapid_10Hz,normal,logit,0.33053314685821533,0.311359167098999,0.01917397975921631,0.33053314685821533,0.311359167098999,0.01917397975921631,426.6666666666667,420.0,6.666666666666686,126.66666666666669,120.0,6.666666666666686,0.34744933247566223,0.357875794172287,-0.010426461696624756,0.07289087772369385,0.03537261486053467,0.03751826286315918,-3.74913215637207e-05,-2.3812055587768555e-05,-1.3679265975952148e-05,0.1126478761434555,0.11189819872379303,0.0007496774196624756,0.14973324537277222,0.14302006363868713,0.006713181734085083,0.1126478761434555,0.11189819872379303,0.0007496774196624756,0.05784475803375244,0.08386947214603424,-0.0260247141122818,0.0,0.0,0.0,0.0,0.0,0.0,0.0,0.0,0.0,0.0,0.0,0.0
67#7,MC_ON,rapid_20Hz,normal,logit,0.23057973384857178,0.21712851524353027,0.013451218605041504,0.23057973384857178,0.21712851524353027,0.013451218605041504,433.33333333333337,333.33333333333337,100.0,133.33333333333337,33.33333333333337,100.0,0.34748807549476624,0.3579041659832001,-0.010416090488433838,-0.027062535285949707,-0.05885803699493408,0.031795501708984375,1.2516975402832031e-06,4.559755325317383e-06,-3.3080577850341797e-06,0.11278440058231354,0.11454391479492188,-0.0017595142126083374,0.06030464172363281,0.0635024756193161,-0.0031978338956832886,0.11278440058231354,0.11454391479492188,-0.0017595142126083374,0.17247390747070312,0.19413818418979645,-0.021664276719093323,0.0,0.0,0.0,0.0,0.0,0.0,0.0,0.0,0.0,0.0,0.0,0.0
67#7,MC_ON,transient_50ms,normal,logit,0.35315585136413574,0.358623743057251,-0.005467891693115234,0.35315585136413574,0.358623743057251,-0.005467891693115234,1380.0,1373.3333333333335,6.666666666666515,1080.0,1073.3333333333335,6.666666666666515,0.34746885299682617,0.35788050293922424,-0.010411649942398071,0.09551358222961426,0.08263719081878662,0.012876391410827637,-1.7970800399780273e-05,-1.9103288650512695e-05,1.1324882507324219e-06,0.1126478761434555,0.11189819872379303,0.0007496774196624756,0.04105749726295471,0.03605484962463379,0.005002647638320923,0.1126478761434555,0.11189819872379303,0.0007496774196624756,0.04103090241551399,0.05579180270433426,-0.014760900288820267,0.0,0.0,0.0,0.0,0.0,0.0,0.0,0.0,0.0,0.0,0.0,0.0
67#7,MC_ON,large_field_50ms,normal,logit,-0.23298680782318115,-0.2322472333908081,-0.0007395744323730469,0.23298680782318115,0.2322472333908081,0.0007395744323730469,386.6666666666667,386.6666666666667,0.0,86.66666666666669,86.66666666666669,0.0,7.947286162490741e-10,7.947286162490741e-10,0.0,-0.49062907695770264,-0.5082337856292725,0.017604708671569824,7.947286162490741e-10,7.947286162490741e-10,0.0,0.11180940270423889,0.10993242263793945,0.0018769800662994385,-0.09620384126901627,-0.09727460891008377,0.0010707676410675049,0.11180940270423889,0.10993242263793945,0.0018769800662994385,-0.09620384126901627,-0.09727460891008377,0.0010707676410675049,0.0,0.0,0.0,0.0,0.0,0.0,0.0,0.0,0.0,0.0,0.0,0.0
67#7,MC_ON,slow_step,normal,probability,0.0691927969455719,0.07250961661338806,-0.003316819667816162,0.0691927969455719,0.07250961661338806,-0.003316819667816162,1493.3333333333335,1480.0,13.333333333333485,1193.3333333333335,1180.0,13.333333333333485,0.062194813042879105,0.06350862979888916,-0.0013138167560100555,0.02501678466796875,0.025913745164871216,-0.0008969604969024658,0.00395139679312706,0.004665106534957886,-0.0007137097418308258,0.018928049132227898,0.018385764211416245,0.0005422849208116531,0.04112210497260094,0.04103498160839081,8.712336421012878e-05,0.018928049132227898,0.018385764211416245,0.0005422849208116531,-0.0001241639256477356,0.0012593884021043777,-0.0013835523277521133,0.0,0.0,0.0,0.0,0.0,0.0,0.0,0.0,0.0,0.0,0.0,0.0
67#7,MC_ON,slow_1Hz,normal,probability,0.06919270753860474,0.07250946760177612,-0.0033167600631713867,0.06919270753860474,0.07250946760177612,-0.0033167600631713867,993.3333333333334,980.0,13.333333333333371,693.3333333333334,680.0,13.333333333333371,0.062016140669584274,0.0632670521736145,-0.0012509115040302277,0.025016695261001587,0.025913596153259277,-0.0008969008922576904,0.0037727244198322296,0.0044235289096832275,-0.0006508044898509979,0.018928049132227898,0.018385764211416245,0.0005422849208116531,0.04112446680665016,0.04103745520114899,8.701160550117493e-05,0.018928049132227898,0.018385764211416245,0.0005422849208116531,-0.00012487173080444336,0.001258600503206253,-0.0013834722340106964,0.0,0.0,0.0,0.0,0.0,0.0,0.0,0.0,0.0,0.0,0.0,0.0
67#7,MC_ON,slow_2Hz,normal,probability,0.06919047236442566,0.07250654697418213,-0.0033160746097564697,0.06919047236442566,0.07250654697418213,-0.0033160746097564697,746.6666666666667,733.3333333333334,13.333333333333371,446.66666666666674,433.33333333333337,13.333333333333371,0.06164782866835594,0.06277217715978622,-0.0011243484914302826,0.02501446008682251,0.025910675525665283,-0.0008962154388427734,0.003404412418603897,0.00392865389585495,-0.0005242414772510529,0.018928049132227898,0.018385764211416245,0.0005422849208116531,0.041172176599502563,0.04108858108520508,8.359551429748535e-05,0.018928049132227898,0.018385764211416245,0.0005422849208116531,-0.001259497250430286,0.00022289583284873515,-0.001482393083279021,0.0,0.0,0.0,0.0,0.0,0.0,0.0,0.0,0.0,0.0,0.0,0.0
67#7,MC_ON,rapid_10Hz,normal,probability,0.057821691036224365,0.05309472978115082,0.004726961255073547,0.057821691036224365,0.05309472978115082,0.004726961255073547,426.6666666666667,420.0,6.666666666666686,126.66666666666669,120.0,6.666666666666686,0.05918271467089653,0.05949890986084938,-0.00031619518995285034,0.013645678758621216,0.006498858332633972,0.007146820425987244,0.0009392984211444855,0.0006553865969181061,0.0002839118242263794,0.018928049132227898,0.018385764211416245,0.0005422849208116531,0.02521500550210476,0.023662801831960678,0.0015522036701440811,0.018928049132227898,0.018385764211416245,0.0005422849208116531,0.009438546374440193,0.013454215601086617,-0.004015669226646423,0.0,0.0,0.0,0.0,0.0,0.0,0.0,0.0,0.0,0.0,0.0,0.0
67#7,MC_ON,rapid_20Hz,normal,probability,0.039237216114997864,0.03604567050933838,0.003191545605659485,0.039237216114997864,0.03604567050933838,0.003191545605659485,433.33333333333337,333.33333333333337,100.0,133.33333333333337,33.33333333333337,100.0,0.058321673423051834,0.05881890282034874,-0.0004972293972969055,-0.004938796162605286,-0.010550200939178467,0.005611404776573181,7.825717329978943e-05,-2.462044358253479e-05,0.00010287761688232422,0.018951870501041412,0.01884234882891178,0.00010952167212963104,0.009929966181516647,0.010386679321527481,-0.00045671314001083374,0.018951870501041412,0.01884234882891178,0.00010952167212963104,0.028933148831129074,0.03202590346336365,-0.0030927546322345734,0.0,0.0,0.0,0.0,0.0,0.0,0.0,0.0,0.0,0.0,0.0,0.0
67#7,MC_ON,transient_50ms,normal,probability,0.062157630920410156,0.061962276697158813,0.00019535422325134277,0.062157630920410156,0.061962276697158813,0.00019535422325134277,1380.0,1373.3333333333335,6.666666666666515,1080.0,1073.3333333333335,6.666666666666515,0.05834688991308212,0.058942534029483795,-0.0005956441164016724,0.017981618642807007,0.015366405248641968,0.002615213394165039,0.00010347366333007812,9.901076555252075e-05,4.462897777557373e-06,0.018928049132227898,0.018385764211416245,0.0005422849208116531,0.007190238684415817,0.0063312482088804245,0.0008589904755353928,0.018928049132227898,0.018385764211416245,0.0005422849208116531,0.006664199288934469,0.008874284103512764,-0.0022100848145782948,0.0,0.0,0.0,0.0,0.0,0.0,0.0,0.0,0.0,0.0,0.0,0.0
67#7,MC_ON,large_field_50ms,normal,probability,0.03967370092868805,0.03872412443161011,0.0009495764970779419,0.03967370092868805,0.03872412443161011,0.0009495764970779419,1386.6666666666667,1386.6666666666667,0.0,1086.6666666666667,1086.6666666666667,0.0,0.0002481387055013329,0.00024917293922044337,-1.0342337191104889e-06,-0.0045023113489151,-0.007871747016906738,0.003369435667991638,1.2730844900943339e-05,-2.943587605841458e-05,4.216672095935792e-05,0.018780214712023735,0.01804700493812561,0.0007332097738981247,-0.014089031144976616,-0.013911268673837185,-0.000177762471139431,0.018780214712023735,0.01804700493812561,0.0007332097738981247,-0.014089031144976616,-0.013911268673837185,-0.000177762471139431,0.0,0.0,0.0,0.0,0.0,0.0,0.0,0.0,0.0,0.0,0.0,0.0
67#7,MC_ON,slow_step,H1_off,logit,0.3896369934082031,0.41419529914855957,-0.024558305740356445,0.3896369934082031,0.41419529914855957,-0.024558305740356445,1506.6666666666667,1500.0,6.6666666666667425,1206.6666666666667,1200.0,6.6666666666667425,0.347282737493515,0.35751527547836304,-0.010232537984848022,0.13092434406280518,0.13567829132080078,-0.0047539472579956055,-0.0008102357387542725,-0.0009386241436004639,0.0001283884048461914,0.11349272727966309,0.11393015086650848,-0.00043742358684539795,0.23670358955860138,0.24005261063575745,-0.003349021077156067,0.11349272727966309,0.11393015086650848,-0.00043742358684539795,-0.002464309334754944,0.0040733665227890015,-0.006537675857543945,0.0005975504755042493,0.0014027528231963515,-0.0008052023476921022,0.006141781806945801,0.017150044441223145,-0.011008262634277344,0.006141781806945801,0.017150044441223145,-0.011008262634277344,0.0006075302953831851,0.0005558474804274738,5.1682814955711365e-05
67#7,MC_ON,slow_1Hz,H1_off,logit,0.3896365165710449,0.4141947031021118,-0.024558186531066895,0.3896365165710449,0.4141947031021118,-0.024558186531066895,1006.6666666666667,1000.0,6.6666666666667425,706.6666666666667,700.0,6.6666666666667425,0.34735870361328125,0.35760775208473206,-0.010249048471450806,0.13092386722564697,0.13567769527435303,-0.004753828048706055,-0.0007342696189880371,-0.0008461475372314453,0.0001118779182434082,0.11349272727966309,0.11393015086650848,-0.00043742358684539795,0.23671658337116241,0.24006681144237518,-0.0033502280712127686,0.11349272727966309,0.11393015086650848,-0.00043742358684539795,-0.0024689435958862305,0.004067733883857727,-0.0065366774797439575,0.000904786167666316,0.002265786286443472,-0.0013610001187771559,0.006328463554382324,0.01750016212463379,-0.011171698570251465,0.006328463554382324,0.01750016212463379,-0.011171698570251465,0.0006086151115596294,0.0005593268433585763,4.928826820105314e-05
67#7,MC_ON,slow_2Hz,H1_off,logit,0.38962554931640625,0.4141780138015747,-0.024552464485168457,0.38962554931640625,0.4141780138015747,-0.024552464485168457,753.3333333333334,753.3333333333334,0.0,453.33333333333337,453.33333333333337,0.0,0.3475106954574585,0.35779234766960144,-0.010281652212142944,0.1309128999710083,0.13566100597381592,-0.004748106002807617,-0.000582277774810791,-0.0006615519523620605,7.927417755126953e-05,0.11349272727966309,0.11393015086650848,-0.00043742358684539795,0.23697668313980103,0.24035631120204926,-0.00337962806224823,0.11349272727966309,0.11393015086650848,-0.00043742358684539795,-0.009076833724975586,-0.0016845294740051031,-0.007392304250970483,0.001516458229161799,0.003989804070442915,-0.002473345841281116,0.006330370903015137,0.017506122589111328,-0.011175751686096191,0.006330370903015137,0.017506122589111328,-0.011175751686096191,0.0006107926601544023,0.0005661964532919228,4.459620686247945e-05
67#7,MC_ON,rapid_10Hz,H1_off,logit,0.3267858028411865,0.29862046241760254,0.028165340423583984,0.3267858028411865,0.29862046241760254,0.028165340423583984,426.6666666666667,420.0,6.666666666666686,126.66666666666669,120.0,6.666666666666686,0.3480585515499115,0.358438104391098,-0.010379552841186523,0.06807315349578857,0.02010345458984375,0.047969698905944824,-3.4421682357788086e-05,-1.5795230865478516e-05,-1.862645149230957e-05,0.11349272727966309,0.11393015086650848,-0.00043742358684539795,0.1463986039161682,0.13297900557518005,0.01341959834098816,0.11349272727966309,0.11393015086650848,-0.00043742358684539795,0.06228569522500038,0.09646998345851898,-0.0341842882335186,0.0031702688429504633,0.009182712063193321,-0.006012443220242858,0.006141781806945801,0.01714932918548584,-0.011007547378540039,0.006141781806945801,0.01714932918548584,-0.011007547378540039,0.0006092024268582463,0.0005623404285870492,4.686199827119708e-05
67#7,MC_ON,rapid_20Hz,H1_off,logit,0.2289186716079712,0.2178950309753418,0.011023640632629395,0.2289186716079712,0.2178950309753418,0.011023640632629395,433.33333333333337,333.33333333333337,100.0,133.33333333333337,33.33333333333337,100.0,0.34809455275535583,0.3584589660167694,-0.010364413261413574,-0.029793977737426758,-0.06062197685241699,0.030827999114990234,1.5795230865478516e-06,5.066394805908203e-06,-3.4868717193603516e-06,0.11362744867801666,0.11657482385635376,-0.002947375178337097,0.05977071821689606,0.061725303530693054,-0.001954585313796997,0.11362744867801666,0.11657482385635376,-0.002947375178337097,0.17523926496505737,0.20181187987327576,-0.026572614908218384,0.0013744453899562359,0.004051955882459879,-0.002677510492503643,0.005213499069213867,0.015186786651611328,-0.009973287582397461,0.005213499069213867,0.015186786651611328,-0.009973287582397461,0.0006064486806280911,0.0005547825712710619,5.16661093570292e-05
67#7,MC_ON,transient_50ms,H1_off,logit,0.3512777090072632,0.35128140449523926,-3.6954879760742188e-06,0.3512777090072632,0.35128140449523926,-3.6954879760742188e-06,1380.0,1373.3333333333335,6.666666666666515,1080.0,1073.3333333333335,6.666666666666515,0.3480754792690277,0.3584361970424652,-0.0103607177734375,0.09256505966186523,0.07276439666748047,0.019800662994384766,-1.749396324157715e-05,-1.7702579498291016e-05,2.086162567138672e-07,0.11349272727966309,0.11393015086650848,-0.00043742358684539795,0.04093310236930847,0.03530125319957733,0.00563184916973114,0.11349272727966309,0.11393015086650848,-0.00043742358684539795,0.0458095408976078,0.06917079538106918,-0.02336125448346138,0.00053652364294976,0.0010595973581075668,-0.0005230737151578069,0.006141781806945801,0.017149686813354492,-0.011007905006408691,0.006141781806945801,0.017149686813354492,-0.011007905006408691,0.000606637797318399,0.0005556877586059272,5.0950038712471724e-05
67#7,MC_ON,large_field_50ms,H1_off,logit,-0.22953736782073975,-0.22083234786987305,-0.0087050199508667,0.22953736782073975,0.22083234786987305,0.0087050199508667,386.6666666666667,386.6666666666667,0.0,86.66666666666669,86.66666666666669,0.0,7.947286162490741e-10,0.0,7.947286162490741e-10,-0.4882500171661377,-0.49934935569763184,0.01109933853149414,7.947286162490741e-10,0.0,7.947286162490741e-10,0.11349272727966309,0.11393015086650848,-0.00043742358684539795,-0.08862882107496262,-0.07583669573068619,-0.012792125344276428,0.11349272727966309,0.11393015086650848,-0.00043742358684539795,-0.08862882107496262,-0.07583669573068619,-0.012792125344276428,0.0010655451333150268,0.0029763844795525074,-0.0019108393462374806,0.011763453483581543,-0.032152414321899414,0.04391586780548096,0.011763453483581543,0.032152414321899414,-0.02038896083831787,0.0,-7.947286162490741e-10,7.947286162490741e-10
67#7,MC_ON,slow_step,H1_off,probability,0.06924903392791748,0.07265418767929077,-0.003405153751373291,0.06924903392791748,0.07265418767929077,-0.003405153751373291,1506.6666666666667,1500.0,6.6666666666667425,1206.6666666666667,1200.0,6.6666666666667425,0.06229401379823685,0.06360321491956711,-0.0013092011213302612,0.024876251816749573,0.02559731900691986,-0.0007210671901702881,0.003940422087907791,0.004651989787817001,-0.0007115676999092102,0.0190772395581007,0.01873747445642948,0.00033976510167121887,0.041180938482284546,0.0411810427904129,-1.043081283569336e-07,0.0190772395581007,0.01873747445642948,0.00033976510167121887,-0.00022117234766483307,0.0008781421929597855,-0.0010993145406246185,0.00010436966840643436,0.0002459902607370168,-0.00014162059233058244,-0.001064002513885498,-0.003109157085418701,0.002045154571533203,0.001064002513885498,0.003109157085418701,-0.002045154571533203,9.919812873704359e-05,9.459654393140227e-05,4.601584805641323e-06
67#7,MC_ON,slow_1Hz,H1_off,probability,0.06924894452095032,0.07265406847000122,-0.0034051239490509033,0.06924894452095032,0.07265406847000122,-0.0034051239490509033,1006.6666666666667,1000.0,6.6666666666667425,706.6666666666667,700.0,6.6666666666667425,0.06210785731673241,0.0633375346660614,-0.0012296773493289948,0.02487616240978241,0.02559719979763031,-0.0007210373878479004,0.003754265606403351,0.0043863095343112946,-0.0006320439279079437,0.0190772395581007,0.01873747445642948,0.00033976510167121887,0.04118333384394646,0.04118361324071884,-2.7939677238464355e-07,0.0190772395581007,0.01873747445642948,0.00033976510167121887,-0.00022190436720848083,0.0008772760629653931,-0.001099180430173874,0.00015766352589707822,0.00039371673483401537,-0.00023605320893693715,0.0010680407285690308,-0.003109171986579895,0.004177212715148926,0.0010680407285690308,0.003109171986579895,-0.0020411312580108643,9.172300633508712e-05,7.048080442473292e-05,2.1242201910354197e-05
67#7,MC_ON,slow_2Hz,H1_off,probability,0.0692467987537384,0.07265082001686096,-0.0034040212631225586,0.0692467987537384,0.07265082001686096,-0.0034040212631225586,753.3333333333334,753.3333333333334,0.0,453.33333333333337,453.33333333333337,0.0,0.06172475963830948,0.06279473006725311,-0.001069970428943634,0.024874016642570496,0.02559395134449005,-0.0007199347019195557,0.003371167927980423,0.003843504935503006,-0.000472337007522583,0.0190772395581007,0.01873747445642948,0.00033976510167121887,0.04123114049434662,0.0412360318005085,-4.891306161880493e-06,0.0190772395581007,0.01873747445642948,0.00033976510167121887,-0.0013281235005706549,-8.014057675609365e-05,-0.0012479829238145612,0.0002636844292283058,0.0006885723560117185,-0.0004248879267834127,0.0010684728622436523,-0.0030737072229385376,0.00414218008518219,0.0010684728622436523,0.0030737072229385376,-0.0020052343606948853,7.692476356169209e-05,2.2553107555722818e-05,5.437165600596927e-05
67#7,MC_ON,rapid_10Hz,H1_off,probability,0.05710804462432861,0.05074067413806915,0.0063673704862594604,0.05710804462432861,0.05074067413806915,0.0063673704862594604,426.6666666666667,420.0,6.666666666666686,126.66666666666669,120.0,6.666666666666686,0.0592292845249176,0.05944093316793442,-0.00021164864301681519,0.012735262513160706,0.003683805465698242,0.009051457047462463,0.0008756928145885468,0.0004897080361843109,0.00038598477840423584,0.0190772395581007,0.01873747445642948,0.00033976510167121887,0.024632761254906654,0.021957209333777428,0.0026755519211292267,0.0190772395581007,0.01873747445642948,0.00033976510167121887,0.010166951455175877,0.01551009714603424,-0.005343145690858364,0.000553751306142658,0.0015820905100554228,-0.0010283392039127648,0.001014992594718933,0.002781793475151062,-0.001766800880432129,0.001014992594718933,0.002781793475151062,-0.001766800880432129,4.657546742237173e-05,-5.7977835240308195e-05,0.00010455330266267993
67#7,MC_ON,rapid_20Hz,H1_off,probability,0.038936346769332886,0.03618094325065613,0.002755403518676758,0.038936346769332886,0.03618094325065613,0.002755403518676758,433.33333333333337,333.33333333333337,100.0,133.33333333333337,33.33333333333337,100.0,0.05842067673802376,0.05891664698719978,-0.0004959702491760254,-0.005436435341835022,-0.010875925421714783,0.005439490079879761,6.708502769470215e-05,-3.4578144550323486e-05,0.00010166317224502563,0.019100800156593323,0.019196361303329468,-9.556114673614502e-05,0.00985405221581459,0.01014859601855278,-0.0002945438027381897,0.019100800156593323,0.019196361303329468,-9.556114673614502e-05,0.029413430020213127,0.03336135298013687,-0.003947922959923744,0.00024054298410192132,0.0007002217462286353,-0.000459678762126714,0.0008919984102249146,0.0026353150606155396,-0.001743316650390625,0.0008919984102249146,0.0026353150606155396,-0.001743316650390625,9.90054031717591e-05,9.77536037680693e-05,1.2517994036898017e-06
67#7,MC_ON,transient_50ms,H1_off,probability,0.06179586052894592,0.06057104468345642,0.001224815845489502,0.06179586052894592,0.06057104468345642,0.001224815845489502,1380.0,1373.3333333333335,6.666666666666515,1080.0,1073.3333333333335,6.666666666666515,0.05845312401652336,0.05903926491737366,-0.000586140900850296,0.017423078417778015,0.01351417601108551,0.003908902406692505,9.953230619430542e-05,8.803978562355042e-05,1.1492520570755005e-05,0.0190772395581007,0.01873747445642948,0.00033976510167121887,0.007174773141741753,0.006224106997251511,0.000950666144490242,0.0190772395581007,0.01873747445642948,0.00033976510167121887,0.007445054594427347,0.011037536896765232,-0.003592482302337885,9.381577547173947e-05,0.0001822479534894228,-8.843217801768333e-05,0.001014992594718933,0.002781793475151062,-0.001766800880432129,0.001014992594718933,0.002781793475151062,-0.001766800880432129,0.00010623286652844399,9.672781015979126e-05,9.505056368652731e-06
67#7,MC_ON,large_field_50ms,H1_off,probability,0.03904837369918823,0.0366998165845871,0.0023485571146011353,0.03904837369918823,0.0366998165845871,0.0023485571146011353,1386.6666666666667,1386.6666666666667,0.0,1086.6666666666667,1086.6666666666667,0.0,0.0002545979805290699,0.0002703576465137303,-1.5759665984660387e-05,-0.005324408411979675,-0.010357052087783813,0.005032643675804138,1.5685465768910944e-05,-1.9243743736296892e-05,3.492920950520784e-05,0.0190772395581007,0.01873747445642948,0.00033976510167121887,-0.012909374199807644,-0.010643218643963337,-0.002266155555844307,0.0190772395581007,0.01873747445642948,0.00033976510167121887,-0.012909374199807644,-0.010643218643963337,-0.002266155555844307,0.00016956066247075796,0.000463267759187147,-0.00029370709671638906,0.0019384324550628662,0.005218595266342163,-0.003280162811279297,0.0019384324550628662,0.005218595266342163,-0.003280162811279297,6.459256383095635e-06,2.1184683646424673e-05,-1.4725427263329038e-05
67#7,MC_ON,slow_step,AC_off,logit,0.4135723114013672,0.47929859161376953,-0.06572628021240234,0.4135723114013672,0.47929859161376953,-0.06572628021240234,1493.3333333333335,1466.6666666666667,26.666666666666742,1193.3333333333335,1166.6666666666667,26.666666666666742,0.8120474219322205,0.9164268374443054,-0.10437941551208496,0.005543708801269531,0.01838737726211548,-0.012843668460845947,1.0132789611816406e-06,-2.6226043701171875e-06,3.635883331298828e-06,0.15434284508228302,0.18067213892936707,-0.026329293847084045,0.2588907480239868,0.29693180322647095,-0.03804105520248413,0.15434284508228302,0.18067213892936707,-0.026329293847084045,0.3992875814437866,0.43946459889411926,-0.04017701745033264,0.2319563776254654,0.2778186798095703,-0.04586230218410492,0.4411814212799072,0.4937158226966858,-0.052534401416778564,0.4411814212799072,0.4937158226966858,-0.052534401416778564,0.46537211537361145,0.5594673752784729,-0.09409525990486145
67#7,MC_ON,slow_1Hz,AC_off,logit,0.4135732650756836,0.4793001413345337,-0.0657268762588501,0.4135732650756836,0.4793001413345337,-0.0657268762588501,993.3333333333334,966.6666666666667,26.66666666666663,693.3333333333334,666.6666666666667,26.66666666666663,0.8120474219322205,0.9164276123046875,-0.10438019037246704,0.0055446624755859375,0.01838892698287964,-0.012844264507293701,1.0132789611816406e-06,-1.8477439880371094e-06,2.86102294921875e-06,0.15434284508228302,0.18067213892936707,-0.026329293847084045,0.2588912546634674,0.2969331741333008,-0.038041919469833374,0.15434284508228302,0.18067213892936707,-0.026329293847084045,0.39929628372192383,0.43947386741638184,-0.04017758369445801,0.23191963136196136,0.27777528762817383,-0.04585565626621246,0.4411814212799072,0.4937158226966858,-0.052534401416778564,0.4411814212799072,0.4937158226966858,-0.052534401416778564,0.4652973413467407,0.5593791604042053,-0.0940818190574646
67#7,MC_ON,slow_2Hz,AC_off,logit,0.4135967493057251,0.479333758354187,-0.06573700904846191,0.4135967493057251,0.479333758354187,-0.06573700904846191,733.3333333333334,713.3333333333334,20.0,433.33333333333337,413.33333333333337,20.0,0.8120476603507996,0.9164292812347412,-0.10438162088394165,0.005568146705627441,0.01842254400253296,-0.012854397296905518,1.2516975402832031e-06,-1.7881393432617188e-07,1.430511474609375e-06,0.15434284508228302,0.18067213892936707,-0.026329293847084045,0.2589021325111389,0.2969619035720825,-0.038059771060943604,0.15434284508228302,0.18067213892936707,-0.026329293847084045,0.39931806921958923,0.43912944197654724,-0.03981137275695801,0.23185867071151733,0.277701199054718,-0.045842528343200684,0.4411814212799072,0.4937158226966858,-0.052534401416778564,0.4411814212799072,0.4937158226966858,-0.052534401416778564,0.4651477634906769,0.559203028678894,-0.09405526518821716
67#7,MC_ON,rapid_10Hz,AC_off,logit,0.41152727603912354,0.47417163848876953,-0.062644362449646,0.41152727603912354,0.47417163848876953,-0.062644362449646,433.33333333333337,433.33333333333337,0.0,133.33333333333337,133.33333333333337,0.0,0.8120472431182861,0.9164314270019531,-0.10438418388366699,0.003498673439025879,0.013260424137115479,-0.0097617506980896,8.344650268554688e-07,1.9669532775878906e-06,-1.1324882507324219e-06,0.15434284508228302,0.18067213892936707,-0.026329293847084045,0.25447094440460205,0.2862883508205414,-0.03181740641593933,0.15434284508228302,0.18067213892936707,-0.026329293847084045,0.378173828125,0.42117998003959656,-0.04300615191459656,0.22925369441509247,0.2749832272529602,-0.04572953283786774,0.37719446420669556,0.396465539932251,-0.01927107572555542,0.37719446420669556,0.396465539932251,-0.01927107572555542,0.4645978510379791,0.5585556626319885,-0.0939578115940094
67#7,MC_ON,rapid_20Hz,AC_off,logit,0.40886175632476807,0.46582919359207153,-0.05696743726730347,0.40886175632476807,0.46582919359207153,-0.05696743726730347,433.33333333333337,433.33333333333337,0.0,133.33333333333337,133.33333333333337,0.0,0.8120468258857727,0.9164304733276367,-0.10438364744186401,0.0008331537246704102,0.0049179792404174805,-0.00408482551574707,4.172325134277344e-07,1.0132789611816406e-06,-5.960464477539062e-07,0.15434464812278748,0.1806730479001999,-0.026328399777412415,0.252198725938797,0.27831363677978516,-0.02611491084098816,0.15434464812278748,0.1806730479001999,-0.026328399777412415,0.3250729441642761,0.37244200706481934,-0.04736906290054321,0.22660112380981445,0.27268728613853455,-0.04608616232872009,0.28513479232788086,0.30995476245880127,-0.02481997013092041,0.28513479232788086,0.30995476245880127,-0.02481997013092041,0.46455878019332886,0.558526337146759,-0.09396755695343018
67#7,MC_ON,transient_50ms,AC_off,logit,0.41171562671661377,0.47560369968414307,-0.0638880729675293,0.41171562671661377,0.47560369968414307,-0.0638880729675293,1380.0,1380.0,0.0,1080.0,1080.0,0.0,0.8120458126068115,0.9164276123046875,-0.10438179969787598,0.0036870241165161133,0.014692485332489014,-0.0110054612159729,-5.960464477539062e-07,-1.8477439880371094e-06,1.2516975402832031e-06,0.15434284508228302,0.18067213892936707,-0.026329293847084045,0.2517469525337219,0.2770259380340576,-0.025278985500335693,0.15434284508228302,0.18067213892936707,-0.026329293847084045,0.3778281509876251,0.42029276490211487,-0.042464613914489746,0.2255070060491562,0.27140384912490845,-0.04589684307575226,0.38062620162963867,0.39858222007751465,-0.017956018447875977,0.38062620162963867,0.39858222007751465,-0.017956018447875977,0.4645770490169525,0.5585471987724304,-0.0939701497554779
67#7,MC_ON,large_field_50ms,AC_off,logit,-0.351190447807312,0.3829801082611084,-0.7341705560684204,0.351190447807312,0.3829801082611084,-0.03178966045379639,1360.0,353.33333333333337,1006.6666666666666,1060.0,53.33333333333337,1006.6666666666666,-2.38418573772492e-09,-3.1789144649962964e-09,7.947287272713766e-10,-0.7146162986755371,-0.03262138366699219,-0.6819949150085449,-2.38418573772492e-09,-2.3841858487472223e-09,1.1102230246251565e-16,0.15346676111221313,0.17830756306648254,-0.02484080195426941,0.21589137613773346,0.21136176586151123,0.004529610276222229,0.15346676111221313,0.17830756306648254,-0.02484080195426941,0.21589137613773346,0.21136176586151123,0.004529610276222229,0.0211882796138525,0.022164151072502136,-0.0009758714586496353,0.3622462749481201,-0.3551527261734009,0.717399001121521,0.3622462749481201,0.3551527261734009,0.007093548774719238,-3.1789144649962964e-09,-3.973643192267673e-09,7.947287272713766e-10
67#7,MC_ON,slow_step,AC_off,probability,0.07396763563156128,0.08553874492645264,-0.011571109294891357,0.07396763563156128,0.08553874492645264,-0.011571109294891357,1493.3333333333335,1466.6666666666667,26.666666666666742,1193.3333333333335,1166.6666666666667,26.666666666666742,0.14480437338352203,0.16249282658100128,-0.017688453197479248,0.0010975003242492676,0.00367775559425354,-0.0025802552700042725,-4.082918167114258e-06,1.1071562767028809e-05,-1.5154480934143066e-05,0.026566550135612488,0.030852004885673523,-0.004285454750061035,0.04526916891336441,0.051622841507196426,-0.006353672593832016,0.026566550135612488,0.030852004885673523,-0.004285454750061035,0.07114538550376892,0.07761050760746002,-0.006465122103691101,0.041173215955495834,0.049150217324495316,-0.007977001368999481,0.07771332561969757,0.0858326256275177,-0.00811930000782013,0.07771332561969757,0.0858326256275177,-0.00811930000782013,0.08260955661535263,0.09898420423269272,-0.016374647617340088
67#7,MC_ON,slow_1Hz,AC_off,probability,0.073967844247818,0.0855390727519989,-0.011571228504180908,0.073967844247818,0.0855390727519989,-0.011571228504180908,993.3333333333334,966.6666666666667,26.66666666666663,693.3333333333334,666.6666666666667,26.66666666666663,0.14480412006378174,0.16249124705791473,-0.017687126994132996,0.0010977089405059814,0.0036780834197998047,-0.0025803744792938232,-4.336237907409668e-06,9.492039680480957e-06,-1.3828277587890625e-05,0.026566550135612488,0.030852004885673523,-0.004285454750061035,0.04526926949620247,0.05162309110164642,-0.0063538216054439545,0.026566550135612488,0.030852004885673523,-0.004285454750061035,0.07114709913730621,0.07761233299970627,-0.006465233862400055,0.04126254469156265,0.04927031695842743,-0.008007772266864777,0.07771332561969757,0.0858326256275177,-0.00811930000782013,0.07771332561969757,0.0858326256275177,-0.00811930000782013,0.08278797566890717,0.09922417998313904,-0.016436204314231873
67#7,MC_ON,slow_2Hz,AC_off,probability,0.07397249341011047,0.08554583787918091,-0.011573344469070435,0.07397249341011047,0.08554583787918091,-0.011573344469070435,733.3333333333334,713.3333333333334,20.0,433.33333333333337,413.33333333333337,20.0,0.14480358362197876,0.16248789429664612,-0.01768431067466736,0.001102358102798462,0.0036848485469818115,-0.0025824904441833496,-4.872679710388184e-06,6.139278411865234e-06,-1.1011958122253418e-05,0.026566550135612488,0.030852004885673523,-0.004285454750061035,0.045271292328834534,0.051628462970256805,-0.006357170641422272,0.026566550135612488,0.030852004885673523,-0.004285454750061035,0.07115136086940765,0.07754404097795486,-0.006392680108547211,0.04144880175590515,0.04951842501759529,-0.00806962326169014,0.07771332561969757,0.0858326256275177,-0.00811930000782013,0.07771332561969757,0.0858326256275177,-0.00811930000782013,0.08315575122833252,0.0997157171368599,-0.016559965908527374
67#7,MC_ON,rapid_10Hz,AC_off,probability,0.07356244325637817,0.08451023697853088,-0.01094779372215271,0.07356244325637817,0.08451023697853088,-0.01094779372215271,433.33333333333337,433.33333333333337,0.0,133.33333333333337,133.33333333333337,0.0,0.14480315148830414,0.16247139871120453,-0.01766824722290039,0.0006923079490661621,0.002649247646331787,-0.001956939697265625,-5.304813385009766e-06,-1.0356307029724121e-05,5.0514936447143555e-06,0.026566550135612488,0.030852004885673523,-0.004285454750061035,0.04443156719207764,0.049585916101932526,-0.005154348909854889,0.026566550135612488,0.030852004885673523,-0.004285454750061035,0.06701643764972687,0.07402575016021729,-0.0070093125104904175,0.04225695878267288,0.05072008818387985,-0.00846312940120697,0.06774179637432098,0.07109381258487701,-0.0033520162105560303,0.06774179637432098,0.07109381258487701,-0.0033520162105560303,0.08562043309211731,0.10297247767448425,-0.017352044582366943
67#7,MC_ON,rapid_20Hz,AC_off,probability,0.07303491234779358,0.08284169435501099,-0.009806782007217407,0.07303491234779358,0.08284169435501099,-0.009806782007217407,433.33333333333337,433.33333333333337,0.0,133.33333333333337,133.33333333333337,0.0,0.14480558037757874,0.16247349977493286,-0.017667919397354126,0.00016477704048156738,0.0009807050228118896,-0.0008159279823303223,-2.8759241104125977e-06,-8.255243301391602e-06,5.379319190979004e-06,0.026566892862319946,0.03085218369960785,-0.004285290837287903,0.04401732608675957,0.04812140762805939,-0.00410408154129982,0.026566892862319946,0.03085218369960785,-0.004285290837287903,0.05694664269685745,0.06477333605289459,-0.00782669335603714,0.04224275425076485,0.050688259303569794,-0.008445505052804947,0.05251595377922058,0.05719245970249176,-0.004676505923271179,0.05251595377922058,0.05719245970249176,-0.004676505923271179,0.0864839032292366,0.10365459322929382,-0.01717069000005722
67#7,MC_ON,transient_50ms,AC_off,probability,0.07359975576400757,0.08479729294776917,-0.011197537183761597,0.07359975576400757,0.08479729294776917,-0.011197537183761597,1380.0,1380.0,0.0,1080.0,1080.0,0.0,0.1448090821504593,0.16248424351215363,-0.017675161361694336,0.0007296204566955566,0.0029363036155700684,-0.0022066831588745117,6.258487701416016e-07,2.4884939193725586e-06,-1.862645149230957e-06,0.026566550135612488,0.030852004885673523,-0.004285454750061035,0.04395226389169693,0.04796091467142105,-0.004008650779724121,0.026566550135612488,0.030852004885673523,-0.004285454750061035,0.06694851815700531,0.07385081797838211,-0.0069022998213768005,0.04206575080752373,0.05043711140751839,-0.00837136059999466,0.06764063239097595,0.07061058282852173,-0.0029699504375457764,0.06764063239097595,0.07061058282852173,-0.0029699504375457764,0.08646218478679657,0.10354172438383102,-0.017079539597034454
67#7,MC_ON,large_field_50ms,AC_off,probability,0.06177905201911926,0.06661331653594971,-0.004834264516830444,0.06177905201911926,0.06661331653594971,-0.004834264516830444,360.0,353.33333333333337,6.666666666666629,60.0,53.33333333333337,6.666666666666629,0.000477920490084216,0.0005647693178616464,-8.684882777743042e-05,-0.002362579107284546,-0.006315112113952637,0.003952533006668091,-3.319917595945299e-05,-0.00010242999996989965,6.923082401044667e-05,0.0264002475887537,0.030399631708860397,-0.003999384120106697,0.03720121830701828,0.03595868870615959,0.0012425296008586884,0.0264002475887537,0.030399631708860397,-0.003999384120106697,0.03720121830701828,0.03595868870615959,0.0012425296008586884,0.003372559556737542,0.003451770171523094,-7.921061478555202e-05,0.05891028046607971,0.05955316126346588,-0.0006428807973861694,0.05891028046607971,0.05955316126346588,-0.0006428807973861694,0.0002297817700309679,0.00031559637864120305,-8.581460861023515e-05
67#14,PC_ON,slow_step,normal,logit,0.4663189649581909,0.35934948921203613,0.10696947574615479,0.4663189649581909,0.35934948921203613,0.10696947574615479,1580.0,2300.0,-720.0,1280.0,2000.0,-720.0,0.5230614542961121,0.38407477736473083,0.13898667693138123,0.18293559551239014,0.05209648609161377,0.13083910942077637,-0.0007314682006835938,-0.00044104456901550293,-0.0002904236316680908,0.1127210408449173,0.12739749252796173,-0.014676451683044434,0.33030301332473755,0.20727533102035522,0.12302768230438232,0.1127210408449173,0.12739749252796173,-0.014676451683044434,0.08051593601703644,0.04974636435508728,0.030769571661949158,0.0,0.0,0.0,0.0,0.0,0.0,0.0,0.0,0.0,0.0,0.0,0.0
67#14,PC_ON,slow_1Hz,normal,logit,0.46631884574890137,0.3591269254684448,0.10719192028045654,0.46631884574890137,0.3591269254684448,0.10719192028045654,1080.0,1320.0,-240.0,780.0,1020.0,-240.0,0.5231488943099976,0.3841562867164612,0.13899260759353638,0.18293547630310059,0.05187392234802246,0.13106155395507812,-0.0006440281867980957,-0.00035953521728515625,-0.00028449296951293945,0.1127210408449173,0.12739749252796173,-0.014676451683044434,0.3303177058696747,0.20705710351467133,0.12326060235500336,0.1127210408449173,0.12739749252796173,-0.014676451683044434,0.08051265776157379,0.05006544291973114,0.03044721484184265,0.0,0.0,0.0,0.0,0.0,0.0,0.0,0.0,0.0,0.0,0.0,0.0
67#14,PC_ON,slow_2Hz,normal,logit,0.46631526947021484,0.3530365228652954,0.11327874660491943,0.46631526947021484,0.3530365228652954,0.11327874660491943,826.6666666666667,820.0,6.6666666666667425,526.6666666666667,520.0,6.6666666666667425,0.5233222246170044,0.38429778814315796,0.13902443647384644,0.18293190002441406,0.04578351974487305,0.13714838027954102,-0.00047069787979125977,-0.0002180337905883789,-0.00025266408920288086,0.1127210408449173,0.12739749252796173,-0.014676451683044434,0.3304651379585266,0.20098599791526794,0.12947914004325867,0.1127210408449173,0.12739749252796173,-0.014676451683044434,0.07599335163831711,0.05548315495252609,0.020510196685791016,0.0,0.0,0.0,0.0,0.0,0.0,0.0,0.0,0.0,0.0,0.0,0.0
67#14,PC_ON,rapid_10Hz,normal,logit,0.3743041753768921,0.3039606809616089,0.0703434944152832,0.3743041753768921,0.3039606809616089,0.0703434944152832,426.6666666666667,426.6666666666667,0.0,126.66666666666669,126.66666666666669,0.0,0.5237823128700256,0.3845159709453583,0.13926634192466736,0.09092080593109131,-0.0032923221588134766,0.09421312808990479,-1.0609626770019531e-05,1.4901161193847656e-07,-1.0758638381958008e-05,0.1127210408449173,0.12739749252796173,-0.014676451683044434,0.21040146052837372,0.1079159826040268,0.10248547792434692,0.1127210408449173,0.12739749252796173,-0.014676451683044434,0.16105243563652039,0.19653965532779694,-0.03548721969127655,0.0,0.0,0.0,0.0,0.0,0.0,0.0,0.0,0.0,0.0,0.0,0.0
67#14,PC_ON,rapid_20Hz,normal,logit,0.3054649829864502,0.27832984924316406,0.027135133743286133,0.3054649829864502,0.27832984924316406,0.027135133743286133,433.33333333333337,380.0,53.33333333333337,133.33333333333337,80.0,53.33333333333337,0.5237987637519836,0.3845200836658478,0.13927868008613586,0.022081613540649414,-0.0289231538772583,0.051004767417907715,5.841255187988281e-06,4.26173210144043e-06,1.5795230865478516e-06,0.1127210408449173,0.12763342261314392,-0.014912381768226624,0.1496928483247757,0.06419438123703003,0.08549846708774567,0.1127210408449173,0.12763342261314392,-0.014912381768226624,0.2145601361989975,0.24733388423919678,-0.03277374804019928,0.0,0.0,0.0,0.0,0.0,0.0,0.0,0.0,0.0,0.0,0.0,0.0
67#14,PC_ON,transient_50ms,normal,logit,0.41225695610046387,0.2963886260986328,0.11586833000183105,0.41225695610046387,0.2963886260986328,0.11586833000183105,1380.0,1380.0,0.0,1080.0,1080.0,0.0,0.5237748026847839,0.3845135271549225,0.13926127552986145,0.12887358665466309,-0.01086437702178955,0.13973796367645264,-1.811981201171875e-05,-2.294778823852539e-06,-1.582503318786621e-05,0.1127210408449173,0.12739749252796173,-0.014676451683044434,0.13754762709140778,0.05244395136833191,0.08510367572307587,0.1127210408449173,0.12739749252796173,-0.014676451683044434,0.15150439739227295,0.18580372631549835,-0.0342993289232254,0.0,0.0,0.0,0.0,0.0,0.0,0.0,0.0,0.0,0.0,0.0,0.0
67#14,PC_ON,large_field_50ms,normal,logit,0.232879638671875,-0.2587907314300537,0.4916703701019287,0.232879638671875,0.2587907314300537,-0.02591109275817871,340.0,1340.0,-1000.0,40.0,1040.0,-1000.0,7.947286162490741e-10,-2.38418573772492e-09,3.178914353973994e-09,-0.04799497127532959,0.048462510108947754,-0.09645748138427734,1.5894572324981482e-09,-1.5894571214758457e-09,3.178914353973994e-09,0.11244043707847595,0.12412010133266449,-0.011679664254188538,0.027699539437890053,0.031283240765333176,-0.003583701327443123,0.11244043707847595,0.12412010133266449,-0.011679664254188538,0.027699539437890053,0.031283240765333176,-0.003583701327443123,0.0,0.0,0.0,0.0,0.0,0.0,0.0,0.0,0.0,0.0,0.0,0.0
67#14,PC_ON,slow_step,normal,probability,0.06973080337047577,0.05471976101398468,0.015011042356491089,0.06973080337047577,0.05471976101398468,0.015011042356491089,1580.0,2300.0,-720.0,1280.0,2000.0,-720.0,0.07672419399023056,0.05778172239661217,0.018942471593618393,0.02980905771255493,0.008696705102920532,0.0211123526096344,0.0034432709217071533,0.0020289160311222076,0.0014143548905849457,0.015446746721863747,0.01862245425581932,-0.003175707533955574,0.048055604100227356,0.03105473890900612,0.017000865191221237,0.015446746721863747,0.01862245425581932,-0.003175707533955574,0.010655704885721207,0.006907375529408455,0.0037483293563127518,0.0,0.0,0.0,0.0,0.0,0.0,0.0,0.0,0.0,0.0,0.0,0.0
67#14,PC_ON,slow_1Hz,normal,probability,0.06973077356815338,0.05468204617500305,0.01504872739315033,0.06973077356815338,0.05468204617500305,0.01504872739315033,1080.0,1320.0,-240.0,780.0,1020.0,-240.0,0.07649576663970947,0.05750156566500664,0.018994200974702835,0.029809027910232544,0.008658990263938904,0.02115003764629364,0.0032148435711860657,0.0017487592995166779,0.0014660842716693878,0.015446746721863747,0.01862245425581932,-0.003175707533955574,0.04805797338485718,0.031020352616906166,0.01703762076795101,0.015446746721863747,0.01862245425581932,-0.003175707533955574,0.010655263438820839,0.006951870396733284,0.003703393042087555,0.0,0.0,0.0,0.0,0.0,0.0,0.0,0.0,0.0,0.0,0.0,0.0
67#14,PC_ON,slow_2Hz,normal,probability,0.06973017752170563,0.05365200340747833,0.016078174114227295,0.06973017752170563,0.05365200340747833,0.016078174114227295,826.6666666666667,820.0,6.6666666666667425,526.6666666666667,520.0,6.6666666666667425,0.07603023946285248,0.057007353752851486,0.019022885710000992,0.02980843186378479,0.007628947496414185,0.022179484367370605,0.002749316394329071,0.0012545473873615265,0.0014947690069675446,0.015446746721863747,0.01862245425581932,-0.003175707533955574,0.04808121919631958,0.030065646395087242,0.018015572801232338,0.015446746721863747,0.01862245425581932,-0.003175707533955574,0.01001874078065157,0.007689576130360365,0.0023291646502912045,0.0,0.0,0.0,0.0,0.0,0.0,0.0,0.0,0.0,0.0,0.0,0.0
67#14,PC_ON,rapid_10Hz,normal,probability,0.05433519184589386,0.04548221826553345,0.008852973580360413,0.05433519184589386,0.04548221826553345,0.008852973580360413,426.6666666666667,426.6666666666667,0.0,126.66666666666669,126.66666666666669,0.0,0.073716901242733,0.05587788298726082,0.017839018255472183,0.014413446187973022,-0.0005408376455307007,0.014954283833503723,0.0004359781742095947,0.00012507662177085876,0.00031090155243873596,0.015446746721863747,0.01862245425581932,-0.003175707533955574,0.029223607853055,0.01574256829917431,0.013481039553880692,0.015446746721863747,0.01862245425581932,-0.003175707533955574,0.021801332011818886,0.028429780155420303,-0.0066284481436014175,0.0,0.0,0.0,0.0,0.0,0.0,0.0,0.0,0.0,0.0,0.0,0.0
67#14,PC_ON,rapid_20Hz,normal,probability,0.04334947466850281,0.041307494044303894,0.0020419806241989136,0.04334947466850281,0.041307494044303894,0.0020419806241989136,433.33333333333337,380.0,53.33333333333337,133.33333333333337,80.0,53.33333333333337,0.07328522205352783,0.05571749433875084,0.017567727714776993,0.00342772901058197,-0.004715561866760254,0.008143290877342224,4.298985004425049e-06,-3.5312026739120483e-05,3.961101174354553e-05,0.015446746721863747,0.018660126253962517,-0.00321337953209877,0.020436180755496025,0.009386159479618073,0.011050021275877953,0.015446746721863747,0.018660126253962517,-0.00321337953209877,0.029570359736680984,0.03637967258691788,-0.006809312850236893,0.0,0.0,0.0,0.0,0.0,0.0,0.0,0.0,0.0,0.0,0.0,0.0
67#14,PC_ON,transient_50ms,normal,probability,0.06058661639690399,0.04424232244491577,0.01634429395198822,0.06058661639690399,0.04424232244491577,0.01634429395198822,1380.0,1380.0,0.0,1080.0,1080.0,0.0,0.0733620822429657,0.05575037747621536,0.017611704766750336,0.020664870738983154,-0.0017807334661483765,0.02244560420513153,8.115917444229126e-05,-2.428889274597168e-06,8.358806371688843e-05,0.015446746721863747,0.01862245425581932,-0.003175707533955574,0.019045347347855568,0.008001862093806267,0.011043485254049301,0.015446746721863747,0.01862245425581932,-0.003175707533955574,0.020441019907593727,0.026790069416165352,-0.006349049508571625,0.0,0.0,0.0,0.0,0.0,0.0,0.0,0.0,0.0,0.0,0.0,0.0
67#14,PC_ON,large_field_50ms,normal,probability,0.03225681185722351,0.038167357444763184,-0.005910545587539673,0.03225681185722351,0.038167357444763184,-0.005910545587539673,340.0,340.0,0.0,40.0,40.0,0.0,0.00019747763872146606,0.00025349159841425717,-5.6013959692791104e-05,-0.007278457283973694,-0.007855698466300964,0.0005772411823272705,-8.699586032889783e-05,-9.442915325053036e-05,7.433292921632528e-06,0.015405047684907913,0.018100446090102196,-0.0026953984051942825,0.004271209239959717,0.00515141012147069,-0.000880200881510973,0.015405047684907913,0.018100446090102196,-0.0026953984051942825,0.004271209239959717,0.00515141012147069,-0.000880200881510973,0.0,0.0,0.0,0.0,0.0,0.0,0.0,0.0,0.0,0.0,0.0,0.0
67#14,PC_ON,slow_step,H1_off,logit,0.4659578800201416,0.35762810707092285,0.10832977294921875,0.4659578800201416,0.35762810707092285,0.10832977294921875,1580.0,2300.0,-720.0,1280.0,2000.0,-720.0,0.5237409472465515,0.3874579071998596,0.1362830400466919,0.1820392608642578,0.045543551445007324,0.1364957094192505,-0.0007255673408508301,-0.00041115283966064453,-0.00031441450119018555,0.11302758753299713,0.13095998764038086,-0.017932400107383728,0.3300676941871643,0.20698578655719757,0.12308190762996674,0.11302758753299713,0.13095998764038086,-0.017932400107383728,0.08112271130084991,0.04984034597873688,0.03128236532211304,0.0007847229717299342,0.005700257141143084,-0.004915534169413149,0.002174973487854004,-0.028954744338989258,0.03112971782684326,0.002174973487854004,0.028954744338989258,-0.026779770851135254,0.0006795231602154672,0.0033831382170319557,-0.0027036150568164885
67#14,PC_ON,slow_1Hz,H1_off,logit,0.4659576416015625,0.35734331607818604,0.10861432552337646,0.4659576416015625,0.35734331607818604,0.10861432552337646,1080.0,1320.0,-240.0,780.0,1020.0,-240.0,0.5238281488418579,0.38754215836524963,0.13628599047660828,0.1820390224456787,0.04525876045227051,0.1367802619934082,-0.0006383657455444336,-0.0003269016742706299,-0.0003114640712738037,0.11302758753299713,0.13095998764038086,-0.017932400107383728,0.33008238673210144,0.206706702709198,0.12337568402290344,0.11302758753299713,0.13095998764038086,-0.017932400107383728,0.08111941814422607,0.05020281672477722,0.030916601419448853,0.0008940768311731517,0.008404549211263657,-0.007510472380090505,0.0026712417602539062,0.032222747802734375,-0.02955150604248047,0.0026712417602539062,0.032222747802734375,-0.02955150604248047,0.0006792466156184673,0.003385829972103238,-0.0027065833564847708
67#14,PC_ON,slow_2Hz,H1_off,logit,0.4659535884857178,0.3495239019393921,0.11642968654632568,0.4659535884857178,0.3495239019393921,0.11642968654632568,826.6666666666667,820.0,6.6666666666667425,526.6666666666667,520.0,6.6666666666667425,0.5240009427070618,0.3876858949661255,0.13631504774093628,0.18203496932983398,0.03743934631347656,0.14459562301635742,-0.00046557188034057617,-0.0001831650733947754,-0.0002824068069458008,0.11302758753299713,0.13095998764038086,-0.017932400107383728,0.33022475242614746,0.19895847141742706,0.1312662810087204,0.11302758753299713,0.13095998764038086,-0.017932400107383728,0.07668006420135498,0.05775746330618858,0.018922600895166397,0.0011111298808827996,0.012993460521101952,-0.011882330640219152,0.0026706457138061523,0.0313105583190918,-0.028639912605285645,0.0026706457138061523,0.0313105583190918,-0.028639912605285645,0.0006786886951886117,0.0033881347626447678,-0.002709446067456156
67#14,PC_ON,rapid_10Hz,H1_off,logit,0.3729124069213867,0.2862592935562134,0.08665311336517334,0.3729124069213867,0.2862592935562134,0.08665311336517334,433.33333333333337,426.6666666666667,6.666666666666686,133.33333333333337,126.66666666666669,6.666666666666686,0.5244566798210144,0.3878747224807739,0.13658195734024048,0.08899378776550293,-0.02582526206970215,0.11481904983520508,-9.834766387939453e-06,5.662441253662109e-06,-1.5497207641601562e-05,0.11302758753299713,0.13095998764038086,-0.017932400107383728,0.2093643844127655,0.0936000794172287,0.1157643049955368,0.11302758753299713,0.13095998764038086,-0.017932400107383728,0.16270779073238373,0.214707612991333,-0.05199982225894928,0.0012089964002370834,0.014018537476658821,-0.012809541076421738,0.002174973487854004,0.0242922306060791,-0.022117257118225098,0.002174973487854004,0.0242922306060791,-0.022117257118225098,0.0006743804551661015,0.0033587662037461996,-0.002684385748580098
67#14,PC_ON,rapid_20Hz,H1_off,logit,0.30494558811187744,0.276833176612854,0.028112411499023438,0.30494558811187744,0.276833176612854,0.028112411499023438,433.33333333333337,340.0,93.33333333333337,133.33333333333337,40.0,93.33333333333337,0.5244725942611694,0.38787415623664856,0.13659843802452087,0.021026968955993652,-0.03525137901306152,0.056278347969055176,6.079673767089844e-06,5.0961971282958984e-06,9.834766387939453e-07,0.11302758753299713,0.13119590282440186,-0.018168315291404724,0.14973652362823486,0.06253071129322052,0.08720581233501434,0.11302758753299713,0.13119590282440186,-0.018168315291404724,0.2153855860233307,0.2565668225288391,-0.04118123650550842,0.0005906879669055343,0.0068937684409320354,-0.006303080474026501,0.0017275810241699219,0.02008223533630371,-0.01835465431213379,0.0017275810241699219,0.02008223533630371,-0.01835465431213379,0.0006737359799444675,0.0033540837466716766,-0.002680347766727209
67#14,PC_ON,transient_50ms,H1_off,logit,0.41126322746276855,0.2834148406982422,0.12784838676452637,0.41126322746276855,0.2834148406982422,0.12784838676452637,1380.0,1380.0,0.0,1080.0,1080.0,0.0,0.5244485139846802,0.3878680169582367,0.13658049702644348,0.12734460830688477,-0.02866971492767334,0.1560143232345581,-1.800060272216797e-05,-1.043081283569336e-06,-1.6957521438598633e-05,0.11302758753299713,0.13095998764038086,-0.017932400107383728,0.1377934068441391,0.05306045711040497,0.08473294973373413,0.11302758753299713,0.13095998764038086,-0.017932400107383728,0.15333662927150726,0.20601768791675568,-0.05268105864524841,0.0003881084849126637,0.0026483063120394945,-0.002260197827126831,0.002174973487854004,0.0242922306060791,-0.022117257118225098,0.002174973487854004,0.0242922306060791,-0.022117257118225098,0.0006737963412888348,0.003354458836838603,-0.002680662495549768
67#14,PC_ON,large_field_50ms,H1_off,logit,0.2344198226928711,-0.27683353424072266,0.5112533569335938,0.2344198226928711,0.27683353424072266,-0.04241371154785156,340.0,1340.0,-1000.0,40.0,1040.0,-1000.0,7.947286162490741e-10,-2.38418573772492e-09,3.178914353973994e-09,-0.04700064659118652,0.03525114059448242,-0.08225178718566895,7.947286162490741e-10,4.7683719195390495e-09,-3.973643303289975e-09,0.11302758753299713,0.13095998764038086,-0.017932400107383728,0.03081352449953556,0.0672651156783104,-0.036451591178774834,0.11302758753299713,0.13095998764038086,-0.017932400107383728,0.03081352449953556,0.0672651156783104,-0.036451591178774834,0.00029324452043510973,0.003818042343482375,-0.0035247978230472654,0.003995180130004883,0.04580831527709961,-0.04181313514709473,0.003995180130004883,0.04580831527709961,-0.04181313514709473,0.0,0.0,0.0
67#14,PC_ON,slow_step,H1_off,probability,0.06966879963874817,0.054428234696388245,0.015240564942359924,0.06966879963874817,0.054428234696388245,0.015240564942359924,1580.0,2300.0,-720.0,1280.0,2000.0,-720.0,0.07679914683103561,0.058162689208984375,0.01863645762205124,0.02966451644897461,0.00760960578918457,0.02205491065979004,0.003415212035179138,0.0018772929906845093,0.001537919044494629,0.015492329373955727,0.019193999469280243,-0.0037016700953245163,0.04801624268293381,0.030984677374362946,0.017031565308570862,0.015492329373955727,0.019193999469280243,-0.0037016700953245163,0.01073535904288292,0.006897324696183205,0.0038380343466997147,0.00011309226101730019,0.0008555619860999286,-0.0007424697250826284,-0.0003135949373245239,-0.004466205835342407,0.004152610898017883,0.0003135949373245239,0.004466205835342407,-0.004152610898017883,7.494718011002988e-05,0.0003809644840657711,-0.0003060173039557412
67#14,PC_ON,slow_1Hz,H1_off,probability,0.06966875493526459,0.05438002943992615,0.01528872549533844,0.06966875493526459,0.05438002943992615,0.01528872549533844,1080.0,1320.0,-240.0,780.0,1020.0,-240.0,0.07657007873058319,0.05785823240876198,0.018711846321821213,0.029664471745491028,0.007561400532722473,0.022103071212768555,0.003186143934726715,0.0015728361904621124,0.0016133077442646027,0.015492329373955727,0.019193999469280243,-0.0037016700953245163,0.04801861569285393,0.030940722674131393,0.017077893018722534,0.015492329373955727,0.019193999469280243,-0.0037016700953245163,0.010734915733337402,0.0069479141384363174,0.003787001594901085,0.00013013233547098935,0.0012734701158478856,-0.0011433377803768963,0.0003944486379623413,0.004920735955238342,-0.004526287317276001,0.0003944486379623413,0.004920735955238342,-0.004526287317276001,7.430335244862363e-05,0.000356669828761369,-0.00028236647631274536
67#14,PC_ON,slow_2Hz,H1_off,probability,0.06966805458068848,0.05305953323841095,0.016608521342277527,0.06966805458068848,0.05305953323841095,0.016608521342277527,826.6666666666667,820.0,6.6666666666667425,526.6666666666667,520.0,6.6666666666667425,0.07610335201025009,0.057326216250658035,0.018777135759592056,0.029663771390914917,0.006240904331207275,0.02342286705970764,0.0027194172143936157,0.0010408200323581696,0.0016785971820354462,0.015492329373955727,0.019193999469280243,-0.0037016700953245163,0.04804103076457977,0.02972346358001232,0.01831756718456745,0.015492329373955727,0.019193999469280243,-0.0037016700953245163,0.010109798982739449,0.007994411513209343,0.0021153874695301056,0.00016396259889006615,0.001982367131859064,-0.001818404532968998,0.0003943890333175659,0.004770219326019287,-0.004375830292701721,0.0003943890333175659,0.004770219326019287,-0.004375830292701721,7.311503577511758e-05,0.0003188608097843826,-0.000245745774009265
67#14,PC_ON,rapid_10Hz,H1_off,probability,0.05410858988761902,0.04259230196475983,0.011516287922859192,0.05410858988761902,0.04259230196475983,0.011516287922859192,433.33333333333337,426.6666666666667,6.666666666666686,133.33333333333337,126.66666666666669,6.666666666666686,0.07380442321300507,0.05629485100507736,0.017509572207927704,0.014104306697845459,-0.004226326942443848,0.018330633640289307,0.0004204884171485901,9.454786777496338e-06,0.00041103363037109375,0.015492329373955727,0.019193999469280243,-0.0037016700953245163,0.0290696918964386,0.013651791960000992,0.015417899936437607,0.015492329373955727,0.019193999469280243,-0.0037016700953245163,0.0220368392765522,0.031238263472914696,-0.009201424196362495,0.00018194789299741387,0.0021507954224944115,-0.0019688475294969976,0.0003081709146499634,0.003741130232810974,-0.0034329593181610107,0.0003081709146499634,0.003741130232810974,-0.0034329593181610107,8.752127905609086e-05,0.0004169646999798715,-0.00032944342092378065
67#14,PC_ON,rapid_20Hz,H1_off,probability,0.04326830804347992,0.041065678000450134,0.002202630043029785,0.04326830804347992,0.041065678000450134,0.002202630043029785,433.33333333333337,340.0,93.33333333333337,133.33333333333337,40.0,93.33333333333337,0.07338535040616989,0.05623165890574455,0.01715369150042534,0.00326402485370636,-0.00575295090675354,0.0090169757604599,1.4156103134155273e-06,-5.373731255531311e-05,5.515292286872864e-05,0.015492329373955727,0.01923203282058239,-0.003739703446626663,0.020448124036192894,0.009244691580533981,0.011203432455658913,0.015492329373955727,0.01923203282058239,-0.003739703446626663,0.02969222329556942,0.037856701761484146,-0.008164478465914726,8.912871271604672e-05,0.0010596750071272254,-0.0009705462944111787,0.00025328993797302246,0.0032048672437667847,-0.002951577305793762,0.00025328993797302246,0.0032048672437667847,-0.002951577305793762,0.00010011931590270251,0.0005141645669937134,-0.00041404525109101087
67#14,PC_ON,transient_50ms,H1_off,probability,0.060421183705329895,0.0421307235956192,0.018290460109710693,0.060421183705329895,0.0421307235956192,0.018290460109710693,1380.0,1380.0,0.0,1080.0,1080.0,0.0,0.07346375286579132,0.05627695098519325,0.017186801880598068,0.020416900515556335,-0.004687905311584473,0.025104805827140808,7.981806993484497e-05,-8.44523310661316e-06,8.826330304145813e-05,0.015492329373955727,0.019193999469280243,-0.0037016700953245163,0.01908109150826931,0.008104206994175911,0.010976884514093399,0.015492329373955727,0.019193999469280243,-0.0037016700953245163,0.02070087008178234,0.02990213967859745,-0.00920126959681511,5.8914123655995354e-05,0.0004107399727217853,-0.00035182584906578995,0.0003081709146499634,0.003741130232810974,-0.0034329593181610107,0.0003081709146499634,0.003741130232810974,-0.0034329593181610107,0.00010168016160605475,0.0005265754298307002,-0.0004248952682246454
67#14,PC_ON,large_field_50ms,H1_off,probability,0.03248696029186249,0.041065678000450134,-0.008578717708587646,0.03248696029186249,0.041065678000450134,-0.008578717708587646,340.0,340.0,0.0,40.0,40.0,0.0,0.00020110985497012734,0.00031148773268796504,-0.00011037787771783769,-0.007132351398468018,-0.00575295090675354,-0.0013794004917144775,-8.439351222477853e-05,-4.921833169646561e-05,-3.517518052831292e-05,0.015492329373955727,0.019193999469280243,-0.0037016700953245163,0.0046866112388670444,0.010310797020792961,-0.005624185781925917,0.015492329373955727,0.019193999469280243,-0.0037016700953245163,0.0046866112388670444,0.010310797020792961,-0.005624185781925917,3.755922080017626e-05,0.0005177792627364397,-0.00048022004193626344,0.0005595386028289795,0.006967335939407349,-0.006407797336578369,0.0005595386028289795,0.006967335939407349,-0.006407797336578369,3.6322078358352883e-06,5.799611608381383e-05,-5.436390824797854e-05
67#14,PC_ON,slow_step,AC_off,logit,0.452722430229187,0.4586293697357178,-0.005906939506530762,0.452722430229187,0.4586293697357178,-0.005906939506530762,1480.0,1453.3333333333335,26.666666666666515,1180.0,1153.3333333333335,26.666666666666515,0.8986883759498596,0.858498752117157,0.04018962383270264,0.0014358758926391602,0.027422070503234863,-0.025986194610595703,5.960464477539062e-07,-1.0788440704345703e-05,1.138448715209961e-05,0.13528768718242645,0.15249283611774445,-0.017205148935317993,0.317549467086792,0.30126434564590454,0.01628512144088745,0.13528768718242645,0.15249283611774445,-0.017205148935317993,0.4463263154029846,0.4052659273147583,0.04106038808822632,0.19961047172546387,0.2324606031179428,-0.03285013139247894,0.3892662525177002,0.3753349781036377,0.0139312744140625,0.3892662525177002,0.3753349781036377,0.0139312744140625,0.37562698125839233,0.4744240343570709,-0.09879705309867859
67#14,PC_ON,slow_1Hz,AC_off,logit,0.45272397994995117,0.4586310386657715,-0.0059070587158203125,0.45272397994995117,0.4586310386657715,-0.0059070587158203125,980.0,953.3333333333334,26.66666666666663,680.0,653.3333333333334,26.66666666666663,0.8986883759498596,0.8585003614425659,0.0401880145072937,0.0014374256134033203,0.027423739433288574,-0.025986313819885254,5.960464477539062e-07,-9.179115295410156e-06,9.775161743164062e-06,0.13528768718242645,0.15249283611774445,-0.017205148935317993,0.31754976511001587,0.30126601457595825,0.016283750534057617,0.13528768718242645,0.15249283611774445,-0.017205148935317993,0.446336954832077,0.4052746295928955,0.04106232523918152,0.1978638470172882,0.23240920901298523,-0.03454536199569702,0.3892662525177002,0.37510812282562256,0.014158129692077637,0.3892662525177002,0.37510812282562256,0.014158129692077637,0.3755394518375397,0.47434404492378235,-0.09880459308624268
67#14,PC_ON,slow_2Hz,AC_off,logit,0.45276033878326416,0.458665132522583,-0.005904793739318848,0.45276033878326416,0.458665132522583,-0.005904793739318848,713.3333333333334,700.0,13.333333333333371,413.33333333333337,400.0,13.333333333333371,0.8986883759498596,0.8585034608840942,0.04018491506576538,0.0014737844467163086,0.027457833290100098,-0.02598404884338379,5.960464477539062e-07,-6.079673767089844e-06,6.67572021484375e-06,0.13528768718242645,0.15249283611774445,-0.017205148935317993,0.3175547122955322,0.3013031482696533,0.016251564025878906,0.13528768718242645,0.15249283611774445,-0.017205148935317993,0.4464944005012512,0.4044594168663025,0.04203498363494873,0.1942685842514038,0.23202216625213623,-0.03775358200073242,0.3892643451690674,0.3685121536254883,0.0207521915435791,0.3892643451690674,0.3685121536254883,0.0207521915435791,0.3753661811351776,0.47420570254325867,-0.09883952140808105
67#14,PC_ON,rapid_10Hz,AC_off,logit,0.4527636766433716,0.4521716833114624,0.0005919933319091797,0.4527636766433716,0.4521716833114624,0.0005919933319091797,426.6666666666667,426.6666666666667,0.0,126.66666666666669,126.66666666666669,0.0,0.8986881971359253,0.8585108518600464,0.040177345275878906,0.0014771223068237305,0.020964384078979492,-0.01948726177215576,4.172325134277344e-07,1.3113021850585938e-06,-8.940696716308594e-07,0.13528768718242645,0.15249283611774445,-0.017205148935317993,0.3155266046524048,0.28995341062545776,0.02557319402694702,0.13528768718242645,0.15249283611774445,-0.017205148935317993,0.4018920361995697,0.3843159079551697,0.017576128244400024,0.1842440664768219,0.2282235473394394,-0.04397948086261749,0.29694247245788574,0.2892594337463379,0.0076830387115478516,0.29694247245788574,0.2892594337463379,0.0076830387115478516,0.3749058246612549,0.4739949703216553,-0.09908914566040039
67#14,PC_ON,rapid_20Hz,AC_off,logit,0.4515647888183594,0.4412015676498413,0.010363221168518066,0.4515647888183594,0.4412015676498413,0.010363221168518066,433.33333333333337,433.33333333333337,0.0,133.33333333333337,133.33333333333337,0.0,0.8986879587173462,0.8585105538368225,0.04017740488052368,0.00027823448181152344,0.009994268417358398,-0.009716033935546875,1.7881393432617188e-07,1.0132789611816406e-06,-8.344650268554688e-07,0.13528768718242645,0.15249283611774445,-0.017205148935317993,0.3145718276500702,0.27716439962387085,0.03740742802619934,0.13528768718242645,0.15249283611774445,-0.017205148935317993,0.3182612359523773,0.33651286363601685,-0.018251627683639526,0.18206563591957092,0.22691506147384644,-0.04484942555427551,0.2245345115661621,0.25322139263153076,-0.028686881065368652,0.2245345115661621,0.25322139263153076,-0.028686881065368652,0.37488916516304016,0.4739904999732971,-0.09910133481025696
67#14,PC_ON,transient_50ms,AC_off,logit,0.45182621479034424,0.45399320125579834,-0.0021669864654541016,0.45182621479034424,0.45399320125579834,-0.0021669864654541016,1380.0,1380.0,0.0,1080.0,1080.0,0.0,0.8986875414848328,0.8585069179534912,0.04018062353134155,0.0005396604537963867,0.02278590202331543,-0.022246241569519043,-2.384185791015625e-07,-2.6226043701171875e-06,2.384185791015625e-06,0.13528768718242645,0.15249283611774445,-0.017205148935317993,0.3143531084060669,0.27461951971054077,0.03973358869552612,0.13528768718242645,0.15249283611774445,-0.017205148935317993,0.401712566614151,0.38216081261634827,0.019551753997802734,0.18096251785755157,0.22610355913639069,-0.04514104127883911,0.29603517055511475,0.23713719844818115,0.058897972106933594,0.29603517055511475,0.23713719844818115,0.058897972106933594,0.3749127686023712,0.4739932417869568,-0.09908047318458557
67#14,PC_ON,large_field_50ms,AC_off,logit,0.37372493743896484,0.3429884910583496,0.030736446380615234,0.37372493743896484,0.3429884910583496,0.030736446380615234,360.0,360.0,0.0,60.0,60.0,0.0,-7.947286162490741e-10,0.0,-7.947286162490741e-10,-0.004240751266479492,-0.04813826084136963,0.04389750957489014,-1.5894572324981482e-09,0.0,-1.5894572324981482e-09,0.13499842584133148,0.14897024631500244,-0.01397182047367096,0.2679329216480255,0.20287977159023285,0.06505315005779266,0.13499842584133148,0.14897024631500244,-0.01397182047367096,0.2679329216480255,0.20287977159023285,0.06505315005779266,0.019318563863635063,0.016889752820134163,0.0024288110435009003,0.2861279249191284,0.19614386558532715,0.08998405933380127,0.2861279249191284,0.19614386558532715,0.08998405933380127,-1.5894572324981482e-09,2.38418573772492e-09,-3.973642970223068e-09
67#14,PC_ON,slow_step,AC_off,probability,0.0674046128988266,0.07201497256755829,-0.0046103596687316895,0.0674046128988266,0.07201497256755829,-0.0046103596687316895,1480.0,1453.3333333333335,26.666666666666515,1180.0,1153.3333333333335,26.666666666666515,0.1334516853094101,0.13350380957126617,-5.21242618560791e-05,0.0002446472644805908,0.004871547222137451,-0.00462689995765686,-2.473592758178711e-06,5.14984130859375e-05,-5.397200584411621e-05,0.01888929307460785,0.02270946092903614,-0.0038201678544282913,0.046027906239032745,0.04612763226032257,-9.972602128982544e-05,0.01888929307460785,0.02270946092903614,-0.0038201678544282913,0.06631646305322647,0.06260474771261215,0.003711715340614319,0.030370360240340233,0.0371549129486084,-0.006784552708268166,0.05886666476726532,0.05831809341907501,0.0005485713481903076,0.05886666476726532,0.05831809341907501,0.0005485713481903076,0.05672749504446983,0.07572206109762192,-0.018994566053152084
67#14,PC_ON,slow_1Hz,AC_off,probability,0.0674048513174057,0.07201527059078217,-0.004610419273376465,0.0674048513174057,0.07201527059078217,-0.004610419273376465,980.0,953.3333333333334,26.66666666666663,680.0,653.3333333333334,26.66666666666663,0.1334516406059265,0.13350066542625427,-4.902482032775879e-05,0.0002448856830596924,0.004871845245361328,-0.004626959562301636,-2.518296241760254e-06,4.8354268074035645e-05,-5.08725643157959e-05,0.01888929307460785,0.02270946092903614,-0.0038201678544282913,0.04602794349193573,0.04612792283296585,-9.997934103012085e-05,0.01888929307460785,0.02270946092903614,-0.0038201678544282913,0.06631825864315033,0.06260626018047333,0.003711998462677002,0.030193118378520012,0.037291765213012695,-0.007098646834492683,0.05886666476726532,0.058286771178245544,0.0005798935890197754,0.05886666476726532,0.058286771178245544,0.0005798935890197754,0.05695585906505585,0.07599910348653793,-0.019043244421482086
67#14,PC_ON,slow_2Hz,AC_off,probability,0.06741103529930115,0.07202136516571045,-0.004610329866409302,0.06741103529930115,0.07202136516571045,-0.004610329866409302,713.3333333333334,700.0,13.333333333333371,413.33333333333337,400.0,13.333333333333371,0.13345150649547577,0.13349416851997375,-4.266202449798584e-05,0.00025106966495513916,0.004877939820289612,-0.004626870155334473,-2.652406692504883e-06,4.1857361793518066e-05,-4.450976848602295e-05,0.01888929307460785,0.02270946092903614,-0.0038201678544282913,0.046028733253479004,0.046134110540151596,-0.00010537728667259216,0.01888929307460785,0.02270946092903614,-0.0038201678544282913,0.06634499877691269,0.06246321648359299,0.003881782293319702,0.0298250000923872,0.03748926892876625,-0.007664268836379051,0.05886666476726532,0.05737534165382385,0.0014913231134414673,0.05886666476726532,0.05737534165382385,0.0014913231134414673,0.05742127075791359,0.07648681849241257,-0.019065547734498978
67#14,PC_ON,rapid_10Hz,AC_off,probability,0.0674116313457489,0.07086126506328583,-0.0034496337175369263,0.0674116313457489,0.07086126506328583,-0.0034496337175369263,426.6666666666667,426.6666666666667,0.0,126.66666666666669,126.66666666666669,0.0,0.1334519386291504,0.1334543377161026,-2.3990869522094727e-06,0.00025166571140289307,0.0037178397178649902,-0.003466174006462097,-2.2202730178833008e-06,2.0265579223632812e-06,-4.246830940246582e-06,0.01888929307460785,0.02270946092903614,-0.0038201678544282913,0.045698877424001694,0.0441950187087059,0.0015038587152957916,0.01888929307460785,0.02270946092903614,-0.0038201678544282913,0.05890097841620445,0.05899282917380333,-9.185075759887695e-05,0.02937459945678711,0.03750305622816086,-0.008128456771373749,0.04626123607158661,0.046366289258003235,-0.00010505318641662598,0.04626123607158661,0.046366289258003235,-0.00010505318641662598,0.05973503738641739,0.07757645845413208,-0.01784142106771469
67#14,PC_ON,rapid_20Hz,AC_off,probability,0.06720736622810364,0.06891059875488281,-0.0017032325267791748,0.06720736622810364,0.06891059875488281,-0.0017032325267791748,433.33333333333337,433.33333333333337,0.0,133.33333333333337,133.33333333333337,0.0,0.13345299661159515,0.13344550132751465,7.495284080505371e-06,4.7400593757629395e-05,0.001767173409461975,-0.0017197728157043457,-1.1622905731201172e-06,-6.809830665588379e-06,5.647540092468262e-06,0.01888929307460785,0.02270946092903614,-0.0038201678544282913,0.04554815962910652,0.04204211384057999,0.003506045788526535,0.01888929307460785,0.02270946092903614,-0.0038201678544282913,0.045665815472602844,0.05109188333153725,-0.0054260678589344025,0.029285898432135582,0.03740408644080162,-0.008118188008666039,0.03576655685901642,0.04130372405052185,-0.005537167191505432,0.03576655685901642,0.04130372405052185,-0.005537167191505432,0.06016777083277702,0.07772800326347351,-0.017560232430696487
67#14,PC_ON,transient_50ms,AC_off,probability,0.06725190579891205,0.07118628919124603,-0.003934383392333984,0.06725190579891205,0.07118628919124603,-0.003934383392333984,1380.0,1380.0,0.0,1080.0,1080.0,0.0,0.13345471024513245,0.13345776498317719,-3.0547380447387695e-06,9.194016456604004e-05,0.004042863845825195,-0.003950923681259155,5.513429641723633e-07,5.453824996948242e-06,-4.902482032775879e-06,0.01888929307460785,0.02270946092903614,-0.0038201678544282913,0.04552139341831207,0.04174553230404854,0.0037758611142635345,0.01888929307460785,0.02270946092903614,-0.0038201678544282913,0.058870721608400345,0.05861828848719597,0.0002524331212043762,0.029110252857208252,0.03729185834527016,-0.008181605488061905,0.04555100202560425,0.039041489362716675,0.006509512662887573,0.04555100202560425,0.039041489362716675,0.006509512662887573,0.060092635452747345,0.07770738005638123,-0.01761474460363388
67#14,PC_ON,large_field_50ms,AC_off,probability,0.054240867495536804,0.05196040868759155,0.0022804588079452515,0.054240867495536804,0.05196040868759155,0.0022804588079452515,360.0,360.0,0.0,60.0,60.0,0.0,0.0005127003532834351,0.00044560464448295534,6.709570880047977e-05,-0.0006913989782333374,-0.008192256093025208,0.00750085711479187,-1.3579963706433773e-05,-0.0001200140395667404,0.00010643407586030662,0.018844084814190865,0.022121651098132133,-0.003277566283941269,0.03796129673719406,0.030123967677354813,0.007837329059839249,0.018844084814190865,0.022121651098132133,-0.003277566283941269,0.03796129673719406,0.030123967677354813,0.007837329059839249,0.002477105939760804,0.0022910097613930702,0.00018609617836773396,0.03853212296962738,0.028608396649360657,0.009923726320266724,0.03853212296962738,0.028608396649360657,0.009923726320266724,0.0003152226854581386,0.00019211303151678294,0.00012310965394135565
67#21,PC_ON,slow_step,normal,logit,0.34329724311828613,0.35857129096984863,-0.0152740478515625,0.34329724311828613,0.35857129096984863,-0.0152740478515625,1526.6666666666667,1486.6666666666667,40.0,1226.6666666666667,1186.6666666666667,40.0,0.39940881729125977,0.4160063564777374,-0.01659753918647766,0.12502384185791016,0.12940716743469238,-0.0043833255767822266,-0.0003591775894165039,-0.000398099422454834,3.892183303833008e-05,0.06415101885795593,0.06594744324684143,-0.001796424388885498,0.26296502351760864,0.26139160990715027,0.001573413610458374,0.06415101885795593,0.06594744324684143,-0.001796424388885498,0.07249537110328674,0.08892843127250671,-0.01643306016921997,0.0,0.0,0.0,0.0,0.0,0.0,0.0,0.0,0.0,0.0,0.0,0.0
67#21,PC_ON,slow_1Hz,normal,logit,0.3432971239089966,0.35857105255126953,-0.01527392864227295,0.3432971239089966,0.35857105255126953,-0.01527392864227295,1026.6666666666667,986.6666666666667,40.0,726.6666666666667,686.6666666666667,40.0,0.39945143461227417,0.41605162620544434,-0.016600191593170166,0.1250237226486206,0.12940692901611328,-0.004383206367492676,-0.0003165602684020996,-0.0003528296947479248,3.6269426345825195e-05,0.06415101885795593,0.06594744324684143,-0.001796424388885498,0.26297539472579956,0.26140135526657104,0.0015740394592285156,0.06415101885795593,0.06594744324684143,-0.001796424388885498,0.07249370217323303,0.08892709016799927,-0.016433387994766235,0.0,0.0,0.0,0.0,0.0,0.0,0.0,0.0,0.0,0.0,0.0,0.0
67#21,PC_ON,slow_2Hz,normal,logit,0.343292236328125,0.358562707901001,-0.015270471572875977,0.343292236328125,0.358562707901001,-0.015270471572875977,773.3333333333334,733.3333333333334,40.0,473.33333333333337,433.33333333333337,40.0,0.3995361030101776,0.4161416292190552,-0.016605526208877563,0.12501883506774902,0.12939858436584473,-0.004379749298095703,-0.00023189187049865723,-0.00026282668113708496,3.0934810638427734e-05,0.06415101885795593,0.06594744324684143,-0.001796424388885498,0.2631837725639343,0.2616068720817566,0.0015769004821777344,0.06415101885795593,0.06594744324684143,-0.001796424388885498,0.06972776353359222,0.08605248481035233,-0.0163247212767601,0.0,0.0,0.0,0.0,0.0,0.0,0.0,0.0,0.0,0.0,0.0,0.0
67#21,PC_ON,rapid_10Hz,normal,logit,0.26265692710876465,0.2690744400024414,-0.006417512893676758,0.26265692710876465,0.2690744400024414,-0.006417512893676758,433.33333333333337,426.6666666666667,6.666666666666686,133.33333333333337,126.66666666666669,6.666666666666686,0.39976733922958374,0.41640445590019226,-0.01663711667060852,0.04438352584838867,0.039910316467285156,0.004473209381103516,-6.556510925292969e-07,0.0,-6.556510925292969e-07,0.06415101885795593,0.06594744324684143,-0.001796424388885498,0.16806560754776,0.1749955117702484,-0.006929904222488403,0.06415101885795593,0.06594744324684143,-0.001796424388885498,0.1351020336151123,0.15140332281589508,-0.016301289200782776,0.0,0.0,0.0,0.0,0.0,0.0,0.0,0.0,0.0,0.0,0.0,0.0
67#21,PC_ON,rapid_20Hz,normal,logit,0.22173404693603516,0.223097562789917,-0.001363515853881836,0.22173404693603516,0.223097562789917,-0.001363515853881836,433.33333333333337,426.6666666666667,6.666666666666686,133.33333333333337,126.66666666666669,6.666666666666686,0.3997713327407837,0.4164080023765564,-0.016636669635772705,0.0034606456756591797,-0.006066560745239258,0.009527206420898438,3.337860107421875e-06,3.546476364135742e-06,-2.086162567138672e-07,0.06424334645271301,0.06776958703994751,-0.003526240587234497,0.13592323660850525,0.1403992772102356,-0.004476040601730347,0.06424334645271301,0.06776958703994751,-0.003526240587234497,0.14868104457855225,0.1649511158466339,-0.016270071268081665,0.0,0.0,0.0,0.0,0.0,0.0,0.0,0.0,0.0,0.0,0.0,0.0
67#21,PC_ON,transient_50ms,normal,logit,0.2973768711090088,0.30884647369384766,-0.011469602584838867,0.2973768711090088,0.30884647369384766,-0.011469602584838867,1380.0,1380.0,0.0,1080.0,1080.0,0.0,0.3997584581375122,0.4163936674594879,-0.016635209321975708,0.07910346984863281,0.0796823501586914,-0.0005788803100585938,-9.5367431640625e-06,-1.0788440704345703e-05,1.2516975402832031e-06,0.06415101885795593,0.06594744324684143,-0.001796424388885498,0.1277797818183899,0.12686771154403687,0.0009120702743530273,0.06415101885795593,0.06594744324684143,-0.001796424388885498,0.12841425836086273,0.13732501864433289,-0.008910760283470154,0.0,0.0,0.0,0.0,0.0,0.0,0.0,0.0,0.0,0.0,0.0,0.0
67#21,PC_ON,large_field_50ms,normal,logit,0.15588974952697754,0.15554356575012207,0.00034618377685546875,0.15588974952697754,0.15554356575012207,0.00034618377685546875,346.6666666666667,346.6666666666667,0.0,46.666666666666686,46.666666666666686,0.0,0.0,0.0,0.0,-0.05248880386352539,-0.07264924049377441,0.020160436630249023,0.0,0.0,0.0,0.06409624218940735,0.06560924649238586,-0.0015130043029785156,0.05850008502602577,0.052593741565942764,0.005906343460083008,0.06409624218940735,0.06560924649238586,-0.0015130043029785156,0.05850008502602577,0.052593741565942764,0.005906343460083008,0.0,0.0,0.0,0.0,0.0,0.0,0.0,0.0,0.0,0.0,0.0,0.0
67#21,PC_ON,slow_step,normal,probability,0.033392541110515594,0.03412816673517227,-0.0007356256246566772,0.033392541110515594,0.03412816673517227,-0.0007356256246566772,1526.6666666666667,1486.6666666666667,40.0,1226.6666666666667,1186.6666666666667,40.0,0.038082998245954514,0.03879871964454651,-0.0007157213985919952,0.013205118477344513,0.013435155153274536,-0.0002300366759300232,0.0013814941048622131,0.001509595662355423,-0.00012810155749320984,0.005722504109144211,0.005715128965675831,7.375143468379974e-06,0.02505551278591156,0.024290386587381363,0.0007651261985301971,0.005722504109144211,0.005715128965675831,7.375143468379974e-06,0.0063413577154278755,0.0076283542439341545,-0.001286996528506279,0.0,0.0,0.0,0.0,0.0,0.0,0.0,0.0,0.0,0.0,0.0,0.0
67#21,PC_ON,slow_1Hz,normal,probability,0.0333925262093544,0.034128136932849884,-0.0007356107234954834,0.0333925262093544,0.034128136932849884,-0.0007356107234954834,1026.6666666666667,986.6666666666667,40.0,726.6666666666667,686.6666666666667,40.0,0.037990130484104156,0.03870483487844467,-0.0007147043943405151,0.013205103576183319,0.013435125350952148,-0.00023002177476882935,0.001288626343011856,0.0014157108962535858,-0.00012708455324172974,0.005722504109144211,0.005715128965675831,7.375143468379974e-06,0.02505660429596901,0.024291396141052246,0.0007652081549167633,0.005722504109144211,0.005715128965675831,7.375143468379974e-06,0.006341207772493362,0.007628237828612328,-0.0012870300561189651,0.0,0.0,0.0,0.0,0.0,0.0,0.0,0.0,0.0,0.0,0.0,0.0
67#21,PC_ON,slow_2Hz,normal,probability,0.03339198976755142,0.03412722051143646,-0.0007352307438850403,0.03339198976755142,0.03412722051143646,-0.0007352307438850403,773.3333333333334,733.3333333333334,40.0,473.33333333333337,433.33333333333337,40.0,0.03780103102326393,0.03851350396871567,-0.0007124729454517365,0.01320456713438034,0.013434208929538727,-0.00022964179515838623,0.0010995268821716309,0.001224379986524582,-0.00012485310435295105,0.005722504109144211,0.005715128965675831,7.375143468379974e-06,0.025078563019633293,0.02431252785027027,0.0007660351693630219,0.005722504109144211,0.005715128965675831,7.375143468379974e-06,0.0060854339972138405,0.00736223254352808,-0.0012767985463142395,0.0,0.0,0.0,0.0,0.0,0.0,0.0,0.0,0.0,0.0,0.0,0.0
67#21,PC_ON,rapid_10Hz,normal,probability,0.02473205327987671,0.02469535917043686,3.6694109439849854e-05,0.02473205327987671,0.02469535917043686,3.6694109439849854e-05,433.33333333333337,426.6666666666667,6.666666666666686,133.33333333333337,126.66666666666669,6.666666666666686,0.03679606691002846,0.03736645728349686,-0.000570390373468399,0.0045446306467056274,0.0040023475885391235,0.0005422830581665039,9.456276893615723e-05,7.733330130577087e-05,1.7229467630386353e-05,0.005722504109144211,0.005715128965675831,7.375143468379974e-06,0.015337906777858734,0.015594030730426311,-0.00025612395256757736,0.005722504109144211,0.005715128965675831,7.375143468379974e-06,0.012087322771549225,0.01325161848217249,-0.0011642957106232643,0.0,0.0,0.0,0.0,0.0,0.0,0.0,0.0,0.0,0.0,0.0,0.0
67#21,PC_ON,rapid_20Hz,normal,probability,0.02053622156381607,0.02009539306163788,0.00044082850217819214,0.02053622156381607,0.02009539306163788,0.00044082850217819214,433.33333333333337,426.6666666666667,6.666666666666686,133.33333333333337,126.66666666666669,6.666666666666686,0.036691080778837204,0.03726948797702789,-0.0005784071981906891,0.000348798930644989,-0.0005976185202598572,0.0009464174509048462,-1.0423362255096436e-05,-1.963600516319275e-05,9.212642908096313e-06,0.005731361918151379,0.005885519087314606,-0.00015415716916322708,0.012270299717783928,0.012384076602756977,-0.00011377688497304916,0.005731361918151379,0.005885519087314606,-0.00015415716916322708,0.013416513800621033,0.014581752009689808,-0.0011652382090687752,0.0,0.0,0.0,0.0,0.0,0.0,0.0,0.0,0.0,0.0,0.0,0.0
67#21,PC_ON,transient_50ms,normal,probability,0.028396248817443848,0.028808072209358215,-0.0004118233919143677,0.028396248817443848,0.028808072209358215,-0.0004118233919143677,1380.0,1380.0,0.0,1080.0,1080.0,0.0,0.03673279657959938,0.037322886288166046,-0.0005900897085666656,0.008208826184272766,0.00811506062746048,9.376555681228638e-05,3.129243850708008e-05,3.376230597496033e-05,-2.469867467880249e-06,0.005722504109144211,0.005715128965675831,7.375143468379974e-06,0.011599600315093994,0.01122480258345604,0.0003747977316379547,0.005722504109144211,0.005715128965675831,7.375143468379974e-06,0.011457785964012146,0.01194676198065281,-0.0004889760166406631,0.0,0.0,0.0,0.0,0.0,0.0,0.0,0.0,0.0,0.0,0.0,0.0
67#21,PC_ON,large_field_50ms,normal,probability,0.014057941734790802,0.013629123568534851,0.00042881816625595093,0.014057941734790802,0.013629123568534851,0.00042881816625595093,346.6666666666667,346.6666666666667,0.0,46.666666666666686,46.666666666666686,0.0,7.042865036055446e-05,6.999254401307553e-05,4.361063474789262e-07,-0.005137309432029724,-0.006968006491661072,0.0018306970596313477,-4.86428034491837e-05,-6.551688420586288e-05,1.6874080756679177e-05,0.005717265419661999,0.00568364467471838,3.3620744943618774e-05,0.005285688675940037,0.004646340850740671,0.0006393478251993656,0.005717265419661999,0.00568364467471838,3.3620744943618774e-05,0.005285688675940037,0.004646340850740671,0.0006393478251993656,0.0,0.0,0.0,0.0,0.0,0.0,0.0,0.0,0.0,0.0,0.0,0.0
67#21,PC_ON,slow_step,H1_off,logit,0.3428233861923218,0.35624170303344727,-0.013418316841125488,0.3428233861923218,0.35624170303344727,-0.013418316841125488,1533.3333333333335,1520.0,13.333333333333485,1233.3333333333335,1220.0,13.333333333333485,0.400178462266922,0.419689416885376,-0.01951095461845398,0.12400376796722412,0.12465786933898926,-0.0006541013717651367,-0.00035443902015686035,-0.00037422776222229004,1.9788742065429688e-05,0.06421127915382385,0.06633150577545166,-0.0021202266216278076,0.2625598907470703,0.2594260275363922,0.0031338632106781006,0.06421127915382385,0.06633150577545166,-0.0021202266216278076,0.07360917329788208,0.09418782591819763,-0.020578652620315552,0.0008622216992080212,0.004249439109116793,-0.0033872174099087715,0.0017936229705810547,0.010012149810791016,-0.008218526840209961,0.0017936229705810547,0.010012149810791016,-0.008218526840209961,0.000769635837059468,0.0036830648314207792,-0.002913428994361311
67#21,PC_ON,slow_1Hz,H1_off,logit,0.3428232669830322,0.3562415838241577,-0.013418316841125488,0.3428232669830322,0.3562415838241577,-0.013418316841125488,1033.3333333333335,1020.0,13.333333333333485,733.3333333333335,720.0,13.333333333333485,0.40022093057632446,0.4197339117527008,-0.019512981176376343,0.12400364875793457,0.12465775012969971,-0.0006541013717651367,-0.00031197071075439453,-0.00032973289489746094,1.7762184143066406e-05,0.06421127915382385,0.06633150577545166,-0.0021202266216278076,0.262570321559906,0.25943583250045776,0.003134489059448242,0.06421127915382385,0.06633150577545166,-0.0021202266216278076,0.07360750436782837,0.09418636560440063,-0.020578861236572266,0.0009299059747718275,0.004643252119421959,-0.0037133461446501315,0.0020596981048583984,0.011816024780273438,-0.009756326675415039,0.0020596981048583984,0.011816024780273438,-0.009756326675415039,0.0007694697706028819,0.0036822662223130465,-0.0029127964517101645
67#21,PC_ON,slow_2Hz,H1_off,logit,0.3428196907043457,0.35639488697052,-0.013575196266174316,0.3428196907043457,0.35639488697052,-0.013575196266174316,786.6666666666667,2313.3333333333335,-1526.6666666666667,486.66666666666674,2013.3333333333335,-1526.6666666666667,0.4003051221370697,0.4198222756385803,-0.01951715350151062,0.12400007247924805,0.12481105327606201,-0.0008109807968139648,-0.00022777915000915527,-0.00024136900901794434,1.3589859008789062e-05,0.06421127915382385,0.06633150577545166,-0.0021202266216278076,0.2627667188644409,0.25963133573532104,0.003135383129119873,0.06421127915382385,0.06633150577545166,-0.0021202266216278076,0.07087305933237076,0.09147460013628006,-0.020601540803909302,0.001061449060216546,0.005426318850368261,-0.004364869790151715,0.002059459686279297,0.011816740036010742,-0.009757280349731445,0.002059459686279297,0.011816740036010742,-0.009757280349731445,0.0007690477650612593,0.0036806243006139994,-0.00291157653555274
67#21,PC_ON,rapid_10Hz,H1_off,logit,0.26198720932006836,0.26416611671447754,-0.0021789073944091797,0.26198720932006836,0.26416611671447754,-0.0021789073944091797,433.33333333333337,426.6666666666667,6.666666666666686,133.33333333333337,126.66666666666669,6.666666666666686,0.4005325436592102,0.42006516456604004,-0.019532620906829834,0.0431675910949707,0.03258228302001953,0.010585308074951172,-3.5762786865234375e-07,1.519918441772461e-06,-1.8775463104248047e-06,0.06421127915382385,0.06633150577545166,-0.0021202266216278076,0.16792377829551697,0.17285916209220886,-0.0049353837966918945,0.06421127915382385,0.06633150577545166,-0.0021202266216278076,0.1364203840494156,0.159272700548172,-0.02285231649875641,0.0006862624431960285,0.004619986284524202,-0.003933723841328174,0.001646280288696289,0.009776592254638672,-0.008130311965942383,0.001646280288696289,0.009776592254638672,-0.008130311965942383,0.0007652108324691653,0.003660741029307246,-0.002895530196838081
67#21,PC_ON,rapid_20Hz,H1_off,logit,0.2220137119293213,0.22586965560913086,-0.0038559436798095703,0.2220137119293213,0.22586965560913086,-0.0038559436798095703,433.33333333333337,426.6666666666667,6.666666666666686,133.33333333333337,126.66666666666669,6.666666666666686,0.40053626894950867,0.42006710171699524,-0.019530832767486572,0.003194093704223633,-0.0057141780853271484,0.008908271789550781,3.3676624298095703e-06,3.4570693969726562e-06,-8.940696716308594e-08,0.06430360674858093,0.06815370917320251,-0.003850102424621582,0.1362224519252777,0.14169198274612427,-0.005469530820846558,0.06430360674858093,0.06815370917320251,-0.003850102424621582,0.14918819069862366,0.16810700297355652,-0.01891881227493286,0.0003834962844848633,0.0020170544739812613,-0.001633558189496398,0.0010502338409423828,0.0064694881439208984,-0.005419254302978516,0.0010502338409423828,0.0064694881439208984,-0.005419254302978516,0.0007649485487490892,0.0036590720992535353,-0.002894123550504446
67#21,PC_ON,transient_50ms,H1_off,logit,0.296614408493042,0.3038640022277832,-0.007249593734741211,0.296614408493042,0.3038640022277832,-0.007249593734741211,1380.0,1380.0,0.0,1080.0,1080.0,0.0,0.4005236029624939,0.42005348205566406,-0.019529879093170166,0.07779479026794434,0.0722801685333252,0.005514621734619141,-9.298324584960938e-06,-1.0162591934204102e-05,8.642673492431641e-07,0.06421127915382385,0.06633150577545166,-0.0021202266216278076,0.12814459204673767,0.128584086894989,-0.0004394948482513428,0.06421127915382385,0.06633150577545166,-0.0021202266216278076,0.12976326048374176,0.14538635313510895,-0.015623092651367188,0.000410163018386811,0.0020219245925545692,-0.0016117615741677582,0.0016918182373046875,0.009784936904907227,-0.008093118667602539,0.0016918182373046875,0.009784936904907227,-0.008093118667602539,0.0007650876068510115,0.003659844398498535,-0.0028947567916475236
67#21,PC_ON,large_field_50ms,H1_off,logit,0.15656208992004395,0.15992283821105957,-0.003360748291015625,0.15656208992004395,0.15992283821105957,-0.003360748291015625,346.6666666666667,346.6666666666667,0.0,46.666666666666686,46.666666666666686,0.0,0.0,0.0,0.0,-0.05211901664733887,-0.07019543647766113,0.018076419830322266,1.5894572324981482e-09,0.0,1.5894572324981482e-09,0.06421127915382385,0.06633150577545166,-0.0021202266216278076,0.06093931198120117,0.06715314835309982,-0.006213836371898651,0.06421127915382385,0.06633150577545166,-0.0021202266216278076,0.06093931198120117,0.06715314835309982,-0.006213836371898651,0.00022422472829930484,0.0012678130296990275,-0.0010435883013997227,0.002997159957885742,0.017813920974731445,-0.014816761016845703,0.002997159957885742,0.017813920974731445,-0.014816761016845703,0.0,0.0,0.0
67#21,PC_ON,slow_step,H1_off,probability,0.033340103924274445,0.03387443721294403,-0.0005343332886695862,0.033340103924274445,0.03387443721294403,-0.0005343332886695862,1533.3333333333335,1520.0,13.333333333333485,1233.3333333333335,1220.0,13.333333333333485,0.038141097873449326,0.03906508907675743,-0.0009239912033081055,0.013097696006298065,0.012942284345626831,0.00015541166067123413,0.0013635456562042236,0.001419156789779663,-5.561113357543945e-05,0.005728268995881081,0.0057509345933794975,-2.26655974984169e-05,0.025012999773025513,0.024089418351650238,0.0009235814213752747,0.005728268995881081,0.0057509345933794975,-2.26655974984169e-05,0.006441091187298298,0.008091827854514122,-0.0016507366672158241,8.176376286428422e-05,0.0003947888617403805,-0.0003130250988760963,0.00016405433416366577,0.0008973032236099243,-0.0007332488894462585,0.00016405433416366577,0.0008973032236099243,-0.0007332488894462585,5.8098685258300975e-05,0.00026637210976332426,-0.00020827342450502329
67#21,PC_ON,slow_1Hz,H1_off,probability,0.03334008902311325,0.03387443721294403,-0.00053434818983078,0.03334008902311325,0.03387443721294403,-0.00053434818983078,1033.3333333333335,1020.0,13.333333333333485,733.3333333333335,720.0,13.333333333333485,0.038047779351472855,0.03896789252758026,-0.0009201131761074066,0.013097681105136871,0.012942284345626831,0.00015539675951004028,0.0012702271342277527,0.0013219602406024933,-5.17331063747406e-05,0.005728268995881081,0.0057509345933794975,-2.26655974984169e-05,0.025014106184244156,0.024090424180030823,0.0009236820042133331,0.005728268995881081,0.0057509345933794975,-2.26655974984169e-05,0.006440944038331509,0.008091701194643974,-0.0016507571563124657,8.868458098731935e-05,0.00043403467861935496,-0.0003453500976320356,0.0001890137791633606,0.0010647624731063843,-0.0008757486939430237,0.0001890137791633606,0.0010647624731063843,-0.0008757486939430237,5.7640078011900187e-05,0.00026306172367185354,-0.00020542164565995336
67#21,PC_ON,slow_2Hz,H1_off,probability,0.03333968669176102,0.03389110416173935,-0.0005514174699783325,0.03333968669176102,0.03389110416173935,-0.0005514174699783325,786.6666666666667,2313.3333333333335,-1526.6666666666667,486.66666666666674,2013.3333333333335,-1526.6666666666667,0.037857793271541595,0.0387701652944088,-0.0009123720228672028,0.013097278773784637,0.01295895129442215,0.0001383274793624878,0.0010802410542964935,0.0011242330074310303,-4.399195313453674e-05,0.005728268995881081,0.0057509345933794975,-2.26655974984169e-05,0.025034766644239426,0.024110473692417145,0.0009242929518222809,0.005728268995881081,0.0057509345933794975,-2.26655974984169e-05,0.006187885999679565,0.007840000092983246,-0.0016521140933036804,0.00010214858048129827,0.0005120870191603899,-0.00040993843867909163,0.0001889839768409729,0.0010649189352989197,-0.0008759349584579468,0.0001889839768409729,0.0010649189352989197,-0.0008759349584579468,5.6764038163237274e-05,0.00025666874716989696,-0.0001999047090066597
67#21,PC_ON,rapid_10Hz,H1_off,probability,0.0246623232960701,0.024196453392505646,0.0004658699035644531,0.0246623232960701,0.024196453392505646,0.0004658699035644531,433.33333333333337,426.6666666666667,6.666666666666686,133.33333333333337,126.66666666666669,6.666666666666686,0.03686777874827385,0.0376972071826458,-0.0008294284343719482,0.0044199153780937195,0.003264300525188446,0.0011556148529052734,9.022653102874756e-05,5.1274895668029785e-05,3.8951635360717773e-05,0.005728268995881081,0.0057509345933794975,-2.26655974984169e-05,0.015325629152357578,0.015402725897729397,-7.709674537181854e-05,0.005728268995881081,0.0057509345933794975,-2.26655974984169e-05,0.012211545370519161,0.013984693214297295,-0.0017731478437781334,6.6998771217186e-05,0.0004444063233677298,-0.0003774075521505438,0.00015485286712646484,0.000905849039554596,-0.0007509961724281311,0.00015485286712646484,0.000905849039554596,-0.0007509961724281311,7.171238394221291e-05,0.00033074329257942736,-0.00025903090863721445
67#21,PC_ON,rapid_20Hz,H1_off,probability,0.020564444363117218,0.020368121564388275,0.00019632279872894287,0.020564444363117218,0.020368121564388275,0.00019632279872894287,433.33333333333337,426.6666666666667,6.666666666666686,133.33333333333337,126.66666666666669,6.666666666666686,0.03676695004105568,0.03762752562761307,-0.0008605755865573883,0.0003220364451408386,-0.0005640313029289246,0.0008860677480697632,-1.0602176189422607e-05,-1.8406659364700317e-05,7.80448317527771e-06,0.005737128667533398,0.005921598523855209,-0.00018446985632181168,0.012299702502787113,0.012512702494859695,-0.00021299999207258224,0.005737128667533398,0.005921598523855209,-0.00018446985632181168,0.013465769588947296,0.014886287041008472,-0.0014205174520611763,3.7916648579994217e-05,0.0001963794493349269,-0.0001584628007549327,0.0001024007797241211,0.000629916787147522,-0.0005275160074234009,0.0001024007797241211,0.000629916787147522,-0.0005275160074234009,7.586946594528854e-05,0.00035803194623440504,-0.0002821624802891165
67#21,PC_ON,transient_50ms,H1_off,probability,0.028314754366874695,0.02828596532344818,2.8789043426513672e-05,0.028314754366874695,0.02828596532344818,2.8789043426513672e-05,1380.0,1380.0,0.0,1080.0,1080.0,0.0,0.036808159202337265,0.03767590969800949,-0.000867750495672226,0.008072346448898315,0.0073538124561309814,0.000718533992767334,3.0606985092163086e-05,2.9977411031723022e-05,6.295740604400635e-07,0.005728268995881081,0.0057509345933794975,-2.26655974984169e-05,0.011634002439677715,0.011382480151951313,0.0002515222877264023,0.005728268995881081,0.0057509345933794975,-2.26655974984169e-05,0.011584118008613586,0.012688525021076202,-0.001104407012462616,4.058646663906984e-05,0.00019612359756138176,-0.00015553713092231192,0.00015740841627120972,0.0008947998285293579,-0.0007373914122581482,0.00015740841627120972,0.0008947998285293579,-0.0007373914122581482,7.536764314863831e-05,0.00035302151809446514,-0.00027765387494582683
67#21,PC_ON,large_field_50ms,H1_off,probability,0.01412241905927658,0.014037959277629852,8.445978164672852e-05,0.01412241905927658,0.014037959277629852,8.445978164672852e-05,346.6666666666667,346.6666666666667,0.0,46.666666666666686,46.666666666666686,0.0,7.116089545888826e-05,7.528618152718991e-05,-4.125286068301648e-06,-0.005103066563606262,-0.006749287247657776,0.0016462206840515137,-4.828587407246232e-05,-6.258353823795915e-05,1.4297664165496826e-05,0.005728268995881081,0.0057509345933794975,-2.26655974984169e-05,0.005500086583197117,0.005892881192266941,-0.0003927946090698242,0.005728268995881081,0.0057509345933794975,-2.26655974984169e-05,0.005500086583197117,0.005892881192266941,-0.0003927946090698242,1.900290408229921e-05,0.00010438673052703962,-8.538382644474041e-05,-0.00026010721921920776,0.0014799833297729492,-0.001740090548992157,0.00026010721921920776,0.0014799833297729492,-0.0012198761105537415,7.322430519707268e-07,5.29363751411438e-06,-4.561394462143653e-06
67#21,PC_ON,slow_step,AC_off,logit,0.35568904876708984,0.4384915828704834,-0.08280253410339355,0.35568904876708984,0.4384915828704834,-0.08280253410339355,1586.6666666666667,1500.0,86.66666666666674,1286.6666666666667,1200.0,86.66666666666674,0.704296886920929,0.836483359336853,-0.13218647241592407,0.0017554759979248047,0.017571091651916504,-0.0158156156539917,8.344650268554688e-07,-2.086162567138672e-06,2.9206275939941406e-06,0.08128243684768677,0.10357433557510376,-0.022291898727416992,0.2745974659919739,0.3345577120780945,-0.059960246086120605,0.08128243684768677,0.10357433557510376,-0.022291898727416992,0.3486422896385193,0.3987126350402832,-0.050070345401763916,0.1520911008119583,0.20744867622852325,-0.05535757541656494,0.2925149202346802,0.3405189514160156,-0.04800403118133545,0.2925149202346802,0.3405189514160156,-0.04800403118133545,0.3048880696296692,0.42047709226608276,-0.11558902263641357
67#21,PC_ON,slow_1Hz,AC_off,logit,0.3556894063949585,0.4384925365447998,-0.08280313014984131,0.3556894063949585,0.4384925365447998,-0.08280313014984131,1086.6666666666667,1000.0,86.66666666666674,786.6666666666667,700.0,86.66666666666674,0.704296886920929,0.8364841938018799,-0.13218730688095093,0.001755833625793457,0.01757204532623291,-0.015816211700439453,8.344650268554688e-07,-1.2516975402832031e-06,2.086162567138672e-06,0.08128243684768677,0.10357433557510376,-0.022291898727416992,0.27459779381752014,0.33455929160118103,-0.05996149778366089,0.08128243684768677,0.10357433557510376,-0.022291898727416992,0.34865111112594604,0.39872223138809204,-0.050071120262145996,0.15207037329673767,0.20742687582969666,-0.055356502532958984,0.2925149202346802,0.3405189514160156,-0.04800403118133545,0.2925149202346802,0.3405189514160156,-0.04800403118133545,0.3048454523086548,0.42043256759643555,-0.11558711528778076
67#21,PC_ON,slow_2Hz,AC_off,logit,0.3556973934173584,0.43851518630981445,-0.08281779289245605,0.3556973934173584,0.43851518630981445,-0.08281779289245605,806.6666666666667,746.6666666666667,60.0,506.66666666666674,446.66666666666674,60.0,0.7042969465255737,0.8364858031272888,-0.1321888566017151,0.0017638206481933594,0.01759469509124756,-0.0158308744430542,8.940696716308594e-07,3.5762786865234375e-07,5.364418029785156e-07,0.08128243684768677,0.10357433557510376,-0.022291898727416992,0.2745998203754425,0.33459314703941345,-0.05999332666397095,0.08128243684768677,0.10357433557510376,-0.022291898727416992,0.3488248884677887,0.39872869849205017,-0.049903810024261475,0.15203948318958282,0.20739200711250305,-0.05535252392292023,0.2925149202346802,0.3405189514160156,-0.04800403118133545,0.2925149202346802,0.3405189514160156,-0.04800403118133545,0.3047608435153961,0.42034411430358887,-0.11558327078819275
67#21,PC_ON,rapid_10Hz,AC_off,logit,0.35434412956237793,0.428403377532959,-0.07405924797058105,0.35434412956237793,0.428403377532959,-0.07405924797058105,440.0,440.0,0.0,140.0,140.0,0.0,0.704296350479126,0.836487352848053,-0.132191002368927,0.0004105567932128906,0.00748288631439209,-0.007072329521179199,2.980232238769531e-07,1.9073486328125e-06,-1.6093254089355469e-06,0.08128243684768677,0.10357433557510376,-0.022291898727416992,0.2713143527507782,0.31762397289276123,-0.04630962014198303,0.08128243684768677,0.10357433557510376,-0.022291898727416992,0.3072209358215332,0.3608863055706024,-0.053665369749069214,0.149099662899971,0.2052873820066452,-0.056187719106674194,0.213057279586792,0.2613348960876465,-0.04827761650085449,0.213057279586792,0.2613348960876465,-0.04827761650085449,0.304529070854187,0.4200828969478607,-0.1155538260936737
67#21,PC_ON,rapid_20Hz,AC_off,logit,0.35359978675842285,0.4221649169921875,-0.06856513023376465,0.35359978675842285,0.4221649169921875,-0.06856513023376465,440.0,440.0,0.0,140.0,140.0,0.0,0.7042961120605469,0.836486279964447,-0.13219016790390015,-0.0003337860107421875,0.0012444257736206055,-0.001578211784362793,5.960464477539063e-08,8.344650268554688e-07,-7.748603820800781e-07,0.08128243684768677,0.10357433557510376,-0.022291898727416992,0.27113786339759827,0.31522268056869507,-0.0440848171710968,0.08128243684768677,0.10357433557510376,-0.022291898727416992,0.2234252244234085,0.270720511674881,-0.04729528725147247,0.1477494090795517,0.20406650006771088,-0.05631709098815918,0.17076373100280762,0.22113537788391113,-0.050371646881103516,0.17076373100280762,0.22113537788391113,-0.050371646881103516,0.30452486872673035,0.4200783371925354,-0.11555346846580505
67#21,PC_ON,transient_50ms,AC_off,logit,0.35426580905914307,0.43233156204223633,-0.07806575298309326,0.35426580905914307,0.43233156204223633,-0.07806575298309326,1393.3333333333335,1393.3333333333335,0.0,1093.3333333333335,1093.3333333333335,0.0,0.7042958736419678,0.8364838361740112,-0.13218796253204346,0.00033223628997802734,0.011411070823669434,-0.011078834533691406,-1.7881393432617188e-07,-1.6093254089355469e-06,1.430511474609375e-06,0.08128243684768677,0.10357433557510376,-0.022291898727416992,0.2710724174976349,0.3146824538707733,-0.04361003637313843,0.08128243684768677,0.10357433557510376,-0.022291898727416992,0.30718904733657837,0.360623836517334,-0.053434789180755615,0.14695380628108978,0.20327608287334442,-0.05632227659225464,0.21540391445159912,0.2576366662979126,-0.04223275184631348,0.21540391445159912,0.2576366662979126,-0.04223275184631348,0.3045373558998108,0.4200901985168457,-0.11555284261703491
67#21,PC_ON,large_field_50ms,AC_off,logit,-0.28841257095336914,0.3265773057937622,-0.6149898767471313,0.28841257095336914,0.3265773057937622,-0.038164734840393066,1366.6666666666667,360.0,1006.6666666666667,1066.6666666666667,60.0,1006.6666666666667,-3.1789144649962964e-09,1.5894572324981482e-09,-4.7683716974944446e-09,-0.5795761346817017,-0.01670205593109131,-0.5628740787506104,1.5894570104535433e-09,2.3841858487472223e-09,-7.94728838293679e-10,0.08122435212135315,0.10308945178985596,-0.021865099668502808,0.22905005514621735,0.24864768981933594,-0.01959763467311859,0.08122435212135315,0.10308945178985596,-0.021865099668502808,0.22905005514621735,0.24864768981933594,-0.01959763467311859,0.01446840725839138,0.01589823327958584,-0.001429826021194458,0.2022104263305664,0.2192068099975586,-0.016996383666992188,0.2022104263305664,0.2192068099975586,-0.016996383666992188,-3.1789144649962964e-09,1.5894572324981482e-09,-4.7683716974944446e-09
67#21,PC_ON,slow_step,AC_off,probability,0.03477051109075546,0.04310490936040878,-0.00833439826965332,0.03477051109075546,0.04310490936040878,-0.00833439826965332,1586.6666666666667,1500.0,86.66666666666674,1286.6666666666667,1200.0,86.66666666666674,0.06864730268716812,0.08142949640750885,-0.012782193720340729,0.00019599497318267822,0.0020194053649902344,-0.0018234103918075562,-3.1068921089172363e-06,1.0438263416290283e-05,-1.354515552520752e-05,0.00739071611315012,0.009290040470659733,-0.001899324357509613,0.0262845940887928,0.03198997303843498,-0.005705378949642181,0.00739071611315012,0.009290040470659733,-0.001899324357509613,0.03398534655570984,0.03857043385505676,-0.004585087299346924,0.015245516784489155,0.021038517355918884,-0.0057930005714297295,0.029132165014743805,0.03366663306951523,-0.004534468054771423,0.029132165014743805,0.03366663306951523,-0.004534468054771423,0.030564308166503906,0.04263077676296234,-0.012066468596458435
67#21,PC_ON,slow_1Hz,AC_off,probability,0.03477054089307785,0.043105028569698334,-0.008334487676620483,0.03477054089307785,0.043105028569698334,-0.008334487676620483,1086.6666666666667,1000.0,86.66666666666674,786.6666666666667,700.0,86.66666666666674,0.06864724308252335,0.08142764866352081,-0.012780405580997467,0.00019602477550506592,0.002019524574279785,-0.0018234997987747192,-3.166496753692627e-06,8.590519428253174e-06,-1.17570161819458e-05,0.00739071611315012,0.009290040470659733,-0.001899324357509613,0.026284635066986084,0.03199014440178871,-0.0057055093348026276,0.00739071611315012,0.009290040470659733,-0.001899324357509613,0.03398633375763893,0.038571517914533615,-0.004585184156894684,0.015291967429220676,0.021084580570459366,-0.005792613141238689,0.029132165014743805,0.03366663306951523,-0.004534468054771423,0.029132165014743805,0.03366663306951523,-0.004534468054771423,0.030657101422548294,0.04272282123565674,-0.012065719813108444
67#21,PC_ON,slow_2Hz,AC_off,probability,0.03477143496274948,0.04310765117406845,-0.00833621621131897,0.03477143496274948,0.04310765117406845,-0.00833621621131897,806.6666666666667,746.6666666666667,60.0,506.66666666666674,446.66666666666674,60.0,0.06864707916975021,0.08142385631799698,-0.012776777148246765,0.00019691884517669678,0.0020221471786499023,-0.0018252283334732056,-3.330409526824951e-06,4.798173904418945e-06,-8.128583431243896e-06,0.00739071611315012,0.009290040470659733,-0.001899324357509613,0.0262848362326622,0.03199383616447449,-0.005708999931812286,0.00739071611315012,0.009290040470659733,-0.001899324357509613,0.03400563821196556,0.038572199642658234,-0.004566561430692673,0.01538753230124712,0.021179208531975746,-0.005791676230728626,0.029132165014743805,0.03366663306951523,-0.004534468054771423,0.029132165014743805,0.03366663306951523,-0.004534468054771423,0.03084605000913143,0.042910363525152206,-0.012064313516020775
67#21,PC_ON,rapid_10Hz,AC_off,probability,0.034620337188243866,0.041942305862903595,-0.007321968674659729,0.034620337188243866,0.041942305862903595,-0.007321968674659729,440.0,440.0,0.0,140.0,140.0,0.0,0.06864838302135468,0.08140896260738373,-0.012760579586029053,4.582107067108154e-05,0.0008568018674850464,-0.0008109807968139648,-2.0265579223632812e-06,-1.0095536708831787e-05,8.068978786468506e-06,0.00739071611315012,0.009290040470659733,-0.001899324357509613,0.025933686643838882,0.03013506345450878,-0.004201376810669899,0.00739071611315012,0.009290040470659733,-0.001899324357509613,0.029481230303645134,0.034412164241075516,-0.004930933937430382,0.01560734398663044,0.02155257947742939,-0.00594523549079895,0.021916761994361877,0.026947148144245148,-0.00503038614988327,0.021916761994361877,0.026947148144245148,-0.00503038614988327,0.031852323561906815,0.044042494148015976,-0.012190170586109161
67#21,PC_ON,rapid_20Hz,AC_off,probability,0.03453729301691055,0.041227661073207855,-0.006690368056297302,0.03453729301691055,0.041227661073207855,-0.006690368056297302,440.0,440.0,0.0,140.0,140.0,0.0,0.06864946335554123,0.0814134031534195,-0.012763939797878265,-3.7223100662231445e-05,0.00014215707778930664,-0.00017938017845153809,-9.462237358093262e-07,-5.6549906730651855e-06,4.708766937255859e-06,0.00739071611315012,0.009290040470659733,-0.001899324357509613,0.02591901645064354,0.02991081401705742,-0.003991797566413879,0.00739071611315012,0.009290040470659733,-0.001899324357509613,0.020946353673934937,0.025161877274513245,-0.004215523600578308,0.015536384657025337,0.02149394527077675,-0.0059575606137514114,0.01784992218017578,0.02325376123189926,-0.00540383905172348,0.01784992218017578,0.02325376123189926,-0.00540383905172348,0.031958386301994324,0.0441439114511013,-0.01218552514910698
67#21,PC_ON,transient_50ms,AC_off,probability,0.03461159020662308,0.042393989861011505,-0.007782399654388428,0.03461159020662308,0.042393989861011505,-0.007782399654388428,1393.3333333333335,1393.3333333333335,0.0,1093.3333333333335,1093.3333333333335,0.0,0.06865060329437256,0.08142136037349701,-0.01277075707912445,3.707408905029297e-05,0.0013084858655929565,-0.0012714117765426636,1.9371509552001953e-07,2.302229404449463e-06,-2.1085143089294434e-06,0.00739071611315012,0.009290040470659733,-0.001899324357509613,0.02591363713145256,0.02986930124461651,-0.003955664113163948,0.00739071611315012,0.009290040470659733,-0.001899324357509613,0.029477709904313087,0.03438277915120125,-0.004905069246888161,0.01544878352433443,0.021405061706900597,-0.005956278182566166,0.021927058696746826,0.026262633502483368,-0.004335574805736542,0.021927058696746826,0.026262633502483368,-0.004335574805736542,0.03191780671477318,0.044098466634750366,-0.012180659919977188
67#21,PC_ON,large_field_50ms,AC_off,probability,0.02744092047214508,0.030682183802127838,-0.0032412633299827576,0.02744092047214508,0.030682183802127838,-0.0032412633299827576,366.6666666666667,360.0,6.666666666666686,66.66666666666669,60.0,6.666666666666686,0.0002419078373350203,0.0002976263058371842,-5.571846850216389e-05,-0.0002924874424934387,-0.0017885565757751465,0.0014960691332817078,-6.132118869572878e-06,-4.523232928477228e-05,3.91002104151994e-05,0.00738486647605896,0.009240779094398022,-0.0018559126183390617,0.021403376013040543,0.02285490557551384,-0.0014515295624732971,0.00738486647605896,0.009240779094398022,-0.0018559126183390617,0.021403376013040543,0.02285490557551384,-0.0014515295624732971,0.0012295893393456936,0.0013145605335012078,-8.497119415551424e-05,0.018773704767227173,0.0207088440656662,-0.0019351392984390259,0.018773704767227173,0.0207088440656662,-0.0019351392984390259,0.00017147918697446585,0.0002276337763760239,-5.615458940155804e-05
67#26,PC_ON,slow_step,normal,logit,0.3431854844093323,0.4189068078994751,-0.07572132349014282,0.3431854844093323,0.4189068078994751,-0.07572132349014282,1506.6666666666667,1473.3333333333335,33.33333333333326,1206.6666666666667,1173.3333333333335,33.33333333333326,0.4163479804992676,0.4906293451786041,-0.07428136467933655,0.12852376699447632,0.16483277082443237,-0.036309003829956055,-0.0003261864185333252,-0.0005456805229187012,0.00021949410438537598,0.06989127397537231,0.06481997668743134,0.005071297287940979,0.24179275333881378,0.294317364692688,-0.05252461135387421,0.06989127397537231,0.06481997668743134,0.005071297287940979,0.10492723435163498,0.13188734650611877,-0.026960112154483795,0.0,0.0,0.0,0.0,0.0,0.0,0.0,0.0,0.0,0.0,0.0,0.0
67#26,PC_ON,slow_1Hz,normal,logit,0.3431854844093323,0.4189068078994751,-0.07572132349014282,0.3431854844093323,0.4189068078994751,-0.07572132349014282,1006.6666666666667,973.3333333333334,33.33333333333337,706.6666666666667,673.3333333333334,33.33333333333337,0.4163830578327179,0.4906875789165497,-0.07430452108383179,0.12852376699447632,0.16483277082443237,-0.036309003829956055,-0.0002911090850830078,-0.00048744678497314453,0.00019633769989013672,0.06989127397537231,0.06481997668743134,0.005071297287940979,0.24180085957050323,0.29432713985443115,-0.05252628028392792,0.06989127397537231,0.06481997668743134,0.005071297287940979,0.1049274206161499,0.13188764452934265,-0.02696022391319275,0.0,0.0,0.0,0.0,0.0,0.0,0.0,0.0,0.0,0.0,0.0,0.0
67#26,PC_ON,slow_2Hz,normal,logit,0.343184232711792,0.4189053177833557,-0.07572108507156372,0.343184232711792,0.4189053177833557,-0.07572108507156372,753.3333333333334,726.6666666666667,26.66666666666663,453.33333333333337,426.66666666666674,26.66666666666663,0.41645291447639465,0.4908035397529602,-0.07435062527656555,0.12852251529693604,0.164831280708313,-0.03630876541137695,-0.00022125244140625,-0.00037148594856262207,0.00015023350715637207,0.06989127397537231,0.06481997668743134,0.005071297287940979,0.24196690320968628,0.2945347726345062,-0.052567869424819946,0.06989127397537231,0.06481997668743134,0.005071297287940979,0.10095254331827164,0.1279231756925583,-0.02697063237428665,0.0,0.0,0.0,0.0,0.0,0.0,0.0,0.0,0.0,0.0,0.0,0.0
67#26,PC_ON,rapid_10Hz,normal,logit,0.29194486141204834,0.33595991134643555,-0.04401504993438721,0.29194486141204834,0.33595991134643555,-0.04401504993438721,426.6666666666667,420.0,6.666666666666686,126.66666666666669,120.0,6.666666666666686,0.4166637659072876,0.49116238951683044,-0.07449862360954285,0.07728314399719238,0.08188587427139282,-0.0046027302742004395,-1.0401010513305664e-05,-1.2636184692382812e-05,2.2351741790771484e-06,0.06989127397537231,0.06481997668743134,0.005071297287940979,0.18657180666923523,0.22916457056999207,-0.042592763900756836,0.06989127397537231,0.06481997668743134,0.005071297287940979,0.12169475108385086,0.1485861986875534,-0.026891447603702545,0.0,0.0,0.0,0.0,0.0,0.0,0.0,0.0,0.0,0.0,0.0,0.0
67#26,PC_ON,rapid_20Hz,normal,logit,0.23962372541427612,0.2705875635147095,-0.03096383810043335,0.23962372541427612,0.2705875635147095,-0.03096383810043335,426.6666666666667,420.0,6.666666666666686,126.66666666666669,120.0,6.666666666666686,0.41667553782463074,0.49117687344551086,-0.07450133562088013,0.024962007999420166,0.016513526439666748,0.008448481559753418,1.3709068298339844e-06,1.8477439880371094e-06,-4.76837158203125e-07,0.07027536630630493,0.06958663463592529,0.0006887316703796387,0.13722556829452515,0.17545680701732635,-0.03823123872280121,0.07027536630630493,0.06958663463592529,0.0006887316703796387,0.15049409866333008,0.16924147307872772,-0.018747374415397644,0.0,0.0,0.0,0.0,0.0,0.0,0.0,0.0,0.0,0.0,0.0,0.0
67#26,PC_ON,transient_50ms,normal,logit,0.31499648094177246,0.3732987642288208,-0.05830228328704834,0.31499648094177246,0.3732987642288208,-0.05830228328704834,1373.3333333333335,1366.6666666666667,6.6666666666667425,1073.3333333333335,1066.6666666666667,6.6666666666667425,0.41666287183761597,0.4911557734012604,-0.07449290156364441,0.1003347635269165,0.11922472715377808,-0.018889963626861572,-1.1295080184936523e-05,-1.9252300262451172e-05,7.957220077514648e-06,0.06989127397537231,0.06481997668743134,0.005071297287940979,0.12282396107912064,0.1511206030845642,-0.028296642005443573,0.06989127397537231,0.06481997668743134,0.005071297287940979,0.10793871432542801,0.12076298147439957,-0.012824267148971558,0.0,0.0,0.0,0.0,0.0,0.0,0.0,0.0,0.0,0.0,0.0,0.0
67#26,PC_ON,large_field_50ms,normal,logit,0.1418912410736084,0.13035798072814941,0.011533260345458984,0.1418912410736084,0.13035798072814941,0.011533260345458984,340.0,340.0,0.0,40.0,40.0,0.0,0.0,0.0,0.0,0.3374260663986206,0.3554670810699463,-0.018041014671325684,7.947286162490741e-10,7.947286162490741e-10,0.0,0.06974658370018005,0.06443974375724792,0.005306839942932129,0.022795557975769043,0.02503044344484806,-0.0022348854690790176,0.06974658370018005,0.06443974375724792,0.005306839942932129,0.022795557975769043,0.02503044344484806,-0.0022348854690790176,0.0,0.0,0.0,0.0,0.0,0.0,0.0,0.0,0.0,0.0,0.0,0.0
67#26,PC_ON,slow_step,normal,probability,0.06785845756530762,0.08407655358314514,-0.016218096017837524,0.06785845756530762,0.08407655358314514,-0.016218096017837524,1506.6666666666667,1473.3333333333335,33.33333333333326,1206.6666666666667,1173.3333333333335,33.33333333333326,0.08126726746559143,0.09711580723524094,-0.015848539769649506,0.026647478342056274,0.034923046827316284,-0.00827556848526001,0.0014175325632095337,0.002320490777492523,-0.0009029582142829895,0.013123946264386177,0.012122660875320435,0.0010012853890657425,0.04713805764913559,0.05804599076509476,-0.010907933115959167,0.013123946264386177,0.012122660875320435,0.0010012853890657425,0.019694942981004715,0.024955730885267258,-0.005260787904262543,0.0,0.0,0.0,0.0,0.0,0.0,0.0,0.0,0.0,0.0,0.0,0.0
67#26,PC_ON,slow_1Hz,normal,probability,0.06785845756530762,0.08407655358314514,-0.016218096017837524,0.06785845756530762,0.08407655358314514,-0.016218096017837524,1006.6666666666667,973.3333333333334,33.33333333333337,706.6666666666667,673.3333333333334,33.33333333333337,0.08119365572929382,0.09699219465255737,-0.01579853892326355,0.026647478342056274,0.034923046827316284,-0.00827556848526001,0.0013439208269119263,0.00219687819480896,-0.0008529573678970337,0.013123946264386177,0.012122660875320435,0.0010012853890657425,0.0471397340297699,0.05804804712533951,-0.01090831309556961,0.013123946264386177,0.012122660875320435,0.0010012853890657425,0.019694969058036804,0.024955783039331436,-0.005260813981294632,0.0,0.0,0.0,0.0,0.0,0.0,0.0,0.0,0.0,0.0,0.0,0.0
67#26,PC_ON,slow_2Hz,normal,probability,0.06785818934440613,0.08407622575759888,-0.01621803641319275,0.06785818934440613,0.08407622575759888,-0.01621803641319275,753.3333333333334,726.6666666666667,26.66666666666663,453.33333333333337,426.66666666666674,26.66666666666663,0.08104258030653,0.09673922508955002,-0.01569664478302002,0.026647210121154785,0.03492271900177002,-0.008275508880615234,0.0011928454041481018,0.0019439086318016052,-0.0007510632276535034,0.013123946264386177,0.012122660875320435,0.0010012853890657425,0.047173842787742615,0.058091629296541214,-0.0109177865087986,0.013123946264386177,0.012122660875320435,0.0010012853890657425,0.01890956424176693,0.024147557094693184,-0.005237992852926254,0.0,0.0,0.0,0.0,0.0,0.0,0.0,0.0,0.0,0.0,0.0,0.0
67#26,PC_ON,rapid_10Hz,normal,probability,0.0570654571056366,0.06622201204299927,-0.009156554937362671,0.0570654571056366,0.06622201204299927,-0.009156554937362671,426.6666666666667,420.0,6.666666666666686,126.66666666666669,120.0,6.666666666666686,0.08010806143283844,0.09508542716503143,-0.014977365732192993,0.015854477882385254,0.01706850528717041,-0.0012140274047851562,0.00025832653045654297,0.00029011070728302,-3.178417682647705e-05,0.013123946264386177,0.012122660875320435,0.0010012853890657425,0.03580276295542717,0.04436776041984558,-0.008564997464418411,0.013123946264386177,0.012122660875320435,0.0010012853890657425,0.022883227095007896,0.028128663077950478,-0.005245435982942581,0.0,0.0,0.0,0.0,0.0,0.0,0.0,0.0,0.0,0.0,0.0,0.0
67#26,PC_ON,rapid_20Hz,normal,probability,0.04627501964569092,0.052549540996551514,-0.006274521350860596,0.04627501964569092,0.052549540996551514,-0.006274521350860596,426.6666666666667,420.0,6.666666666666686,126.66666666666669,120.0,6.666666666666686,0.07986372709274292,0.09479276835918427,-0.014929041266441345,0.005064040422439575,0.0033960342407226562,0.001668006181716919,1.399219036102295e-05,-2.5480985641479492e-06,1.65402889251709e-05,0.01319866068661213,0.013050653040409088,0.00014800764620304108,0.025991549715399742,0.03352842852473259,-0.007536878809332848,0.01319866068661213,0.013050653040409088,0.00014800764620304108,0.028490658849477768,0.03218534588813782,-0.0036946870386600494,0.0,0.0,0.0,0.0,0.0,0.0,0.0,0.0,0.0,0.0,0.0,0.0
67#26,PC_ON,transient_50ms,normal,probability,0.061893731355667114,0.07419091463088989,-0.012297183275222778,0.061893731355667114,0.07419091463088989,-0.012297183275222778,1373.3333333333335,1366.6666666666667,6.6666666666667425,1073.3333333333335,1066.6666666666667,6.6666666666667425,0.07989619672298431,0.09487336128950119,-0.014977164566516876,0.02068275213241577,0.025037407875061035,-0.004354655742645264,4.646182060241699e-05,7.80448317527771e-05,-3.158301115036011e-05,0.013123946264386177,0.012122660875320435,0.0010012853890657425,0.0233464315533638,0.02886013872921467,-0.005513707175850868,0.013123946264386177,0.012122660875320435,0.0010012853890657425,0.02019987814128399,0.022642450407147408,-0.0024425722658634186,0.0,0.0,0.0,0.0,0.0,0.0,0.0,0.0,0.0,0.0,0.0,0.0
67#26,PC_ON,large_field_50ms,normal,probability,0.026765435934066772,0.024479180574417114,0.002286255359649658,0.026765435934066772,0.024479180574417114,0.002286255359649658,340.0,340.0,0.0,40.0,40.0,0.0,6.875246617710218e-05,5.957236135145649e-05,9.180104825645685e-06,-0.010602593421936035,-0.01877504587173462,0.008172452449798584,-8.126816101139411e-05,-0.00013508767733583227,5.3819516324438155e-05,0.013095779344439507,0.012049060314893723,0.001046719029545784,0.004397126380354166,0.004769959487020969,-0.00037283310666680336,0.013095779344439507,0.012049060314893723,0.001046719029545784,0.004397126380354166,0.004769959487020969,-0.00037283310666680336,0.0,0.0,0.0,0.0,0.0,0.0,0.0,0.0,0.0,0.0,0.0,0.0
67#26,PC_ON,slow_step,H1_off,logit,0.3426129221916199,0.4173184633255005,-0.07470554113388062,0.3426129221916199,0.4173184633255005,-0.07470554113388062,1513.3333333333335,1486.6666666666667,26.666666666666742,1213.3333333333335,1186.6666666666667,26.666666666666742,0.41728734970092773,0.493211567401886,-0.07592421770095825,0.12745118141174316,0.16183143854141235,-0.03438025712966919,-0.0003210008144378662,-0.0005274713039398193,0.00020647048950195312,0.0700528472661972,0.06527368724346161,0.004779160022735596,0.2413116991519928,0.2930145561695099,-0.05170285701751709,0.0700528472661972,0.06527368724346161,0.004779160022735596,0.1061849594116211,0.13531412184238434,-0.029129162430763245,0.00101335602812469,0.002786043332889676,-0.001772687304764986,0.0016398429870605469,0.004821658134460449,-0.0031818151473999023,0.0016398429870605469,0.004821658134460449,-0.0031818151473999023,0.0009393867221660912,0.0025823181495070457,-0.0016429314273409545
67#26,PC_ON,slow_1Hz,H1_off,logit,0.34261298179626465,0.41731852293014526,-0.07470554113388062,0.34261298179626465,0.41731852293014526,-0.07470554113388062,1013.3333333333334,986.6666666666667,26.66666666666663,713.3333333333334,686.6666666666667,26.66666666666663,0.4173220694065094,0.49326854944229126,-0.07594648003578186,0.12745124101638794,0.16183149814605713,-0.03438025712966919,-0.00028628110885620117,-0.0004704892635345459,0.00018420815467834473,0.0700528472661972,0.06527368724346161,0.004779160022735596,0.24131977558135986,0.2930242419242859,-0.051704466342926025,0.0700528472661972,0.06527368724346161,0.004779160022735596,0.1061851903796196,0.1353144347667694,-0.02912924438714981,0.0010230193147435784,0.0028339058626443148,-0.0018108865479007363,0.0017158985137939453,0.005185723304748535,-0.00346982479095459,0.0017158985137939453,0.005185723304748535,-0.00346982479095459,0.0009389909100718796,0.0025809514336287975,-0.001641960523556918
67#26,PC_ON,slow_2Hz,H1_off,logit,0.3426131010055542,0.4173159599304199,-0.07470285892486572,0.3426131010055542,0.4173159599304199,-0.07470285892486572,760.0,740.0,20.0,460.0,440.0,20.0,0.4173910617828369,0.4933817684650421,-0.0759907066822052,0.1274513602256775,0.1618289351463318,-0.0343775749206543,-0.00021728873252868652,-0.0003572702407836914,0.00013998150825500488,0.0700528472661972,0.06527368724346161,0.004779160022735596,0.24148212373256683,0.2932282090187073,-0.05174608528614044,0.0700528472661972,0.06527368724346161,0.004779160022735596,0.10225752741098404,0.13148640096187592,-0.029228873550891876,0.0010409371461719275,0.0029211414512246847,-0.0018802043050527573,0.0017153024673461914,0.005184769630432129,-0.0034694671630859375,0.0017153024673461914,0.005184769630432129,-0.0034694671630859375,0.0009381711715832353,0.0025782298762351274,-0.0016400587046518922
67#26,PC_ON,rapid_10Hz,H1_off,logit,0.291339635848999,0.33399271965026855,-0.04265308380126953,0.291339635848999,0.33399271965026855,-0.04265308380126953,426.6666666666667,420.0,6.666666666666686,126.66666666666669,120.0,6.666666666666686,0.4175984263420105,0.49372774362564087,-0.07612931728363037,0.07617789506912231,0.07850569486618042,-0.0023277997970581055,-9.924173355102539e-06,-1.1295080184936523e-05,1.3709068298339844e-06,0.0700528472661972,0.06527368724346161,0.004779160022735596,0.18623043596744537,0.2278984785079956,-0.04166804254055023,0.0700528472661972,0.06527368724346161,0.004779160022735596,0.12300549447536469,0.15251585841178894,-0.029510363936424255,0.0007502200314775109,0.0023734010756015778,-0.0016231810441240668,0.0015943050384521484,0.004798173904418945,-0.003203868865966797,0.0015943050384521484,0.004798173904418945,-0.003203868865966797,0.0009345674770884216,0.0025653562042862177,-0.001630788727197796
67#26,PC_ON,rapid_20Hz,H1_off,logit,0.23982959985733032,0.27253854274749756,-0.032708942890167236,0.23982959985733032,0.27253854274749756,-0.032708942890167236,426.6666666666667,420.0,6.666666666666686,126.66666666666669,120.0,6.666666666666686,0.41760972142219543,0.49374091625213623,-0.0761311948299408,0.024667859077453613,0.017051517963409424,0.0076163411140441895,1.3709068298339844e-06,1.8775463104248047e-06,-5.066394805908203e-07,0.07043692469596863,0.07004047930240631,0.0003964453935623169,0.137529194355011,0.17626042664051056,-0.03873123228549957,0.07043692469596863,0.07004047930240631,0.0003964453935623169,0.15107595920562744,0.17101633548736572,-0.01994037628173828,0.00046281356480903924,0.0013140456285327673,-0.0008512320637237281,0.0010854005813598633,0.0034343600273132324,-0.002348959445953369,0.0010854005813598633,0.0034343600273132324,-0.002348959445953369,0.000934206647798419,0.0025639976374804974,-0.0016297909896820784
67#26,PC_ON,transient_50ms,H1_off,logit,0.31435614824295044,0.3713970184326172,-0.05704087018966675,0.31435614824295044,0.3713970184326172,-0.05704087018966675,1373.3333333333335,1366.6666666666667,6.6666666666667425,1073.3333333333335,1066.6666666666667,6.6666666666667425,0.4175971448421478,0.49372026324272156,-0.07612311840057373,0.09919440746307373,0.11590999364852905,-0.016715586185455322,-1.1205673217773438e-05,-1.8775463104248047e-05,7.569789886474609e-06,0.0700528472661972,0.06527368724346161,0.004779160022735596,0.12324319034814835,0.1522674560546875,-0.029024265706539154,0.0700528472661972,0.06527368724346161,0.004779160022735596,0.10934054851531982,0.12494359165430069,-0.015603043138980865,0.00047993718180805445,0.0013310847571119666,-0.0008511475753039122,0.0015944242477416992,0.004797458648681641,-0.0032030344009399414,0.0015944242477416992,0.004797458648681641,-0.0032030344009399414,0.0009343000710941851,0.002564531983807683,-0.0016302319127134979
67#26,PC_ON,large_field_50ms,H1_off,logit,0.14266300201416016,0.1324162483215332,0.010246753692626953,0.14266300201416016,0.1324162483215332,0.010246753692626953,340.0,340.0,0.0,40.0,40.0,0.0,0.0,0.0,0.0,-0.05327939987182617,0.35876965522766113,-0.4120490550994873,0.0,1.19209286886246e-09,-1.19209286886246e-09,0.0700528472661972,0.06527368724346161,0.004779160022735596,0.025181753560900688,0.03199809044599533,-0.006816336885094643,0.0700528472661972,0.06527368724346161,0.004779160022735596,0.025181753560900688,0.03199809044599533,-0.006816336885094643,0.00016423463239334524,0.0004821960174012929,-0.0003179613850079477,0.002827286720275879,0.008316516876220703,-0.005489230155944824,0.002827286720275879,0.008316516876220703,-0.005489230155944824,0.0,0.0,0.0
67#26,PC_ON,slow_step,H1_off,probability,0.0677366852760315,0.08372953534126282,-0.015992850065231323,0.0677366852760315,0.08372953534126282,-0.015992850065231323,1513.3333333333335,1486.6666666666667,26.666666666666742,1213.3333333333335,1186.6666666666667,26.666666666666742,0.08143208920955658,0.097559355199337,-0.016127265989780426,0.026424825191497803,0.03428637981414795,-0.007861554622650146,0.0013944730162620544,0.002240575850009918,-0.0008461028337478638,0.013155406340956688,0.01221054419875145,0.0009448621422052383,0.0470392107963562,0.05777255445718765,-0.010733343660831451,0.013155406340956688,0.01221054419875145,0.0009448621422052383,0.01993482932448387,0.025615300983190536,-0.005680471658706665,0.00019793957471847534,0.0005479639512486756,-0.00035002437653020024,0.0003108978271484375,0.0009146928787231445,-0.000603795051574707,0.0003108978271484375,0.0009146928787231445,-0.000603795051574707,0.00016482443606946617,0.0004435430164448917,-0.0002787185803754255
67#26,PC_ON,slow_1Hz,H1_off,probability,0.0677366852760315,0.0837295651435852,-0.01599287986755371,0.0677366852760315,0.0837295651435852,-0.01599287986755371,1013.3333333333334,986.6666666666667,26.66666666666663,713.3333333333334,686.6666666666667,26.66666666666663,0.0813588872551918,0.09743684530258179,-0.016077958047389984,0.026424825191497803,0.03428640961647034,-0.007861584424972534,0.0013212710618972778,0.0021180659532546997,-0.0007967948913574219,0.013155406340956688,0.01221054419875145,0.0009448621422052383,0.04704086855053902,0.057774584740400314,-0.010733716189861298,0.013155406340956688,0.01221054419875145,0.0009448621422052383,0.01993487775325775,0.02561536431312561,-0.005680486559867859,0.00020010172738693655,0.000558533938601613,-0.0003584322112146765,0.00032952427864074707,0.0010020732879638672,-0.0006725490093231201,0.00032952427864074707,0.0010020732879638672,-0.0006725490093231201,0.00016522308578714728,0.000444642617367208,-0.0002794195315800607
67#26,PC_ON,slow_2Hz,H1_off,probability,0.06773671507835388,0.08372896909713745,-0.01599225401878357,0.06773671507835388,0.08372896909713745,-0.01599225401878357,760.0,740.0,20.0,460.0,440.0,20.0,0.08120866119861603,0.09718627482652664,-0.015977613627910614,0.02642485499382019,0.03428581357002258,-0.007860958576202393,0.0011710450053215027,0.0018674954771995544,-0.0006964504718780518,0.013155406340956688,0.01221054419875145,0.0009448621422052383,0.047074202448129654,0.05781738460063934,-0.01074318215250969,0.013155406340956688,0.01221054419875145,0.0009448621422052383,0.019158529117703438,0.024834152311086655,-0.005675623193383217,0.0002041504776570946,0.0005779634811915457,-0.0003738130035344511,0.0003293752670288086,0.0010019242763519287,-0.0006725490093231201,0.0003293752670288086,0.0010019242763519287,-0.0006725490093231201,0.00016608914302196354,0.00044704615720547736,-0.0002809570141835138
67#26,PC_ON,rapid_10Hz,H1_off,probability,0.05693930387496948,0.06580531597137451,-0.00886601209640503,0.05693930387496948,0.06580531597137451,-0.00886601209640503,426.6666666666667,420.0,6.666666666666686,126.66666666666669,120.0,6.666666666666686,0.08028830587863922,0.09558437019586563,-0.01529606431722641,0.01562744379043579,0.016362160444259644,-0.0007347166538238525,0.00025068968534469604,0.0002655908465385437,-1.4901161193847656e-05,0.013155406340956688,0.01221054419875145,0.0009448621422052383,0.03573528677225113,0.04411260038614273,-0.008377313613891602,0.013155406340956688,0.01221054419875145,0.0009448621422052383,0.02313610538840294,0.02889515645802021,-0.005759051069617271,0.0001486727560404688,0.00047823358909226954,-0.00032956083305180073,0.00030431151390075684,0.0009281933307647705,-0.0006238818168640137,0.00030431151390075684,0.0009281933307647705,-0.0006238818168640137,0.0001802450424293056,0.0004989493172615767,-0.00031870427483227104
67#26,PC_ON,rapid_20Hz,H1_off,probability,0.04631701111793518,0.052952319383621216,-0.006635308265686035,0.04631701111793518,0.052952319383621216,-0.006635308265686035,426.6666666666667,420.0,6.666666666666686,126.66666666666669,120.0,6.666666666666686,0.08005089312791824,0.09531744569540024,-0.015266552567481995,0.005005151033401489,0.0035091638565063477,0.0014959871768951416,1.3276934623718262e-05,-1.3336539268493652e-06,1.4610588550567627e-05,0.01323014684021473,0.01313941553235054,9.073130786418915e-05,0.026052985340356827,0.033696744590997696,-0.007643759250640869,0.01323014684021473,0.01313941553235054,9.073130786418915e-05,0.02860502526164055,0.032539285719394684,-0.003934260457754135,9.266982669942081e-05,0.0002685924409888685,-0.00017592261428944767,0.00021329522132873535,0.0006891787052154541,-0.00047588348388671875,0.00021329522132873535,0.0006891787052154541,-0.00047588348388671875,0.00018716872727964073,0.000524675939232111,-0.00033750721195247024
67#26,PC_ON,transient_50ms,H1_off,probability,0.06175902485847473,0.0737822949886322,-0.01202327013015747,0.06175902485847473,0.0737822949886322,-0.01202327013015747,1373.3333333333335,1366.6666666666667,6.6666666666667425,1073.3333333333335,1066.6666666666667,6.6666666666667425,0.08008322864770889,0.0953938215970993,-0.015310592949390411,0.02044716477394104,0.024339139461517334,-0.003891974687576294,4.5612454414367676e-05,7.50422477722168e-05,-2.942979335784912e-05,0.013155406340956688,0.01221054419875145,0.0009448621422052383,0.02342795580625534,0.029085932299494743,-0.005657976493239403,0.013155406340956688,0.01221054419875145,0.0009448621422052383,0.020469065755605698,0.023449424654245377,-0.002980358898639679,9.632567525841296e-05,0.0002710003755055368,-0.00017467470024712384,0.0003039240837097168,0.0009199380874633789,-0.0006160140037536621,0.0003039240837097168,0.0009199380874633789,-0.0006160140037536621,0.00018703044042922556,0.0005204650806263089,-0.00033343464019708335
67#26,PC_ON,large_field_50ms,H1_off,probability,0.02691611647605896,0.024878382682800293,0.002037733793258667,0.02691611647605896,0.024878382682800293,0.002037733793258667,340.0,340.0,0.0,40.0,40.0,0.0,6.970087997615337e-05,6.262491660891101e-05,7.075963367242366e-06,-0.010533452033996582,-0.01862776279449463,0.008094310760498047,-8.084814180620015e-05,-0.00013391752872848883,5.3069386922288686e-05,0.013155406340956688,0.01221054419875145,0.0009448621422052383,0.004837157670408487,0.006056157406419516,-0.0012189997360110283,0.013155406340956688,0.01221054419875145,0.0009448621422052383,0.004837157670408487,0.006056157406419516,-0.0012189997360110283,2.9878665372962132e-05,8.757303294260055e-05,-5.7694367569638416e-05,0.0005182921886444092,0.001526951789855957,-0.0010086596012115479,0.0005182921886444092,0.001526951789855957,-0.0010086596012115479,9.484092515776865e-07,3.052552528970409e-06,-2.1041432773927227e-06
67#26,PC_ON,slow_step,AC_off,logit,0.35489654541015625,0.4981895685195923,-0.14329302310943604,0.35489654541015625,0.4981895685195923,-0.14329302310943604,1566.6666666666667,1493.3333333333335,73.33333333333326,1266.6666666666667,1193.3333333333335,73.33333333333326,0.7024268507957458,0.9692943692207336,-0.2668675184249878,0.0020633935928344727,0.010975122451782227,-0.008911728858947754,6.556510925292969e-07,7.152557373046875e-07,-5.960464477539063e-08,0.10277289152145386,0.13632677495479584,-0.03355388343334198,0.2522023320198059,0.3614140748977661,-0.1092117428779602,0.10277289152145386,0.13632677495479584,-0.03355388343334198,0.34773367643356323,0.47209277749061584,-0.12435910105705261,0.14273300766944885,0.23709017038345337,-0.09435716271400452,0.27439701557159424,0.3994547128677368,-0.12505769729614258,0.27439701557159424,0.3994547128677368,-0.12505769729614258,0.28607887029647827,0.4786650240421295,-0.19258615374565125
67#26,PC_ON,slow_1Hz,AC_off,logit,0.3548969626426697,0.49819087982177734,-0.14329391717910767,0.3548969626426697,0.49819087982177734,-0.14329391717910767,1066.6666666666667,993.3333333333334,73.33333333333337,766.6666666666667,693.3333333333334,73.33333333333337,0.7024269700050354,0.9692947864532471,-0.26686781644821167,0.0020638108253479004,0.010976433753967285,-0.008912622928619385,7.748603820800781e-07,1.1324882507324219e-06,-3.5762786865234375e-07,0.10277289152145386,0.13632677495479584,-0.03355388343334198,0.2522026300430298,0.3614150285720825,-0.10921239852905273,0.10277289152145386,0.13632677495479584,-0.03355388343334198,0.3477420508861542,0.4721042513847351,-0.12436220049858093,0.1427159309387207,0.23706169426441193,-0.09434576332569122,0.27439701557159424,0.3994547128677368,-0.12505769729614258,0.27439701557159424,0.3994547128677368,-0.12505769729614258,0.28604382276535034,0.4786071479320526,-0.19256332516670227
67#26,PC_ON,slow_2Hz,AC_off,logit,0.3549075126647949,0.4982205629348755,-0.14331305027008057,0.3549075126647949,0.4982205629348755,-0.14331305027008057,786.6666666666667,740.0,46.66666666666674,486.66666666666674,440.0,46.66666666666674,0.7024269104003906,0.9692955017089844,-0.26686859130859375,0.0020743608474731445,0.01100611686706543,-0.008931756019592285,7.152557373046875e-07,1.8477439880371094e-06,-1.1324882507324219e-06,0.10277289152145386,0.13632677495479584,-0.03355388343334198,0.2522069215774536,0.3614366352558136,-0.10922971367835999,0.10277289152145386,0.13632677495479584,-0.03355388343334198,0.3478747010231018,0.4721359610557556,-0.12426126003265381,0.14268994331359863,0.23701423406600952,-0.09432429075241089,0.27439701557159424,0.3994547128677368,-0.12505769729614258,0.27439701557159424,0.3994547128677368,-0.12505769729614258,0.28597405552864075,0.4784919321537018,-0.19251787662506104
67#26,PC_ON,rapid_10Hz,AC_off,logit,0.35369986295700073,0.49205851554870605,-0.13835865259170532,0.35369986295700073,0.49205851554870605,-0.13835865259170532,433.33333333333337,433.33333333333337,0.0,133.33333333333337,133.33333333333337,0.0,0.7024264931678772,0.9692951440811157,-0.2668686509132385,0.0008667111396789551,0.004844069480895996,-0.003977358341217041,2.980232238769531e-07,1.4901161193847656e-06,-1.1920928955078125e-06,0.10277289152145386,0.13632677495479584,-0.03355388343334198,0.24934987723827362,0.3515491485595703,-0.10219927132129669,0.10277289152145386,0.13632677495479584,-0.03355388343334198,0.3124266564846039,0.41994592547416687,-0.10751926898956299,0.1410614550113678,0.23530153930187225,-0.09424008429050446,0.22557991743087769,0.32440710067749023,-0.09882718324661255,0.22557991743087769,0.32440710067749023,-0.09882718324661255,0.285762757062912,0.47813284397125244,-0.19237008690834045
67#26,PC_ON,rapid_20Hz,AC_off,logit,0.3528118133544922,0.4880419969558716,-0.1352301836013794,0.3528118133544922,0.4880419969558716,-0.1352301836013794,433.33333333333337,440.0,-6.666666666666629,133.33333333333337,140.0,-6.666666666666629,0.7024263739585876,0.9692944288253784,-0.26686805486679077,-2.1338462829589844e-05,0.0008275508880615234,-0.0008488893508911133,1.7881393432617188e-07,7.748603820800781e-07,-5.960464477539062e-07,0.10277289152145386,0.13632774353027344,-0.03355485200881958,0.2487594485282898,0.34895750880241394,-0.10019806027412415,0.10277289152145386,0.13632774353027344,-0.03355485200881958,0.2462347447872162,0.32647430896759033,-0.08023956418037415,0.13952518999576569,0.23369015753269196,-0.09416496753692627,0.17161625623703003,0.2608700394630432,-0.08925378322601318,0.17161625623703003,0.2608700394630432,-0.08925378322601318,0.2857508063316345,0.47811758518218994,-0.19236677885055542
67#26,PC_ON,transient_50ms,AC_off,logit,0.35352784395217896,0.49394285678863525,-0.1404150128364563,0.35352784395217896,0.49394285678863525,-0.1404150128364563,1386.6666666666667,1386.6666666666667,0.0,1086.6666666666667,1086.6666666666667,0.0,0.7024259567260742,0.9692925214767456,-0.2668665647506714,0.0006946921348571777,0.006728410720825195,-0.006033718585968018,-2.384185791015625e-07,-1.1324882507324219e-06,8.940696716308594e-07,0.10277289152145386,0.13632677495479584,-0.03355388343334198,0.24861879646778107,0.348369836807251,-0.09975104033946991,0.10277289152145386,0.13632677495479584,-0.03355388343334198,0.31232571601867676,0.4195323884487152,-0.10720667243003845,0.13878808915615082,0.23268091678619385,-0.09389282763004303,0.22567200660705566,0.3183056116104126,-0.09263360500335693,0.22567200660705566,0.3183056116104126,-0.09263360500335693,0.28576311469078064,0.4781368672847748,-0.19237375259399414
67#26,PC_ON,large_field_50ms,AC_off,logit,0.29102182388305664,0.3796178102493286,-0.08859598636627197,0.29102182388305664,0.3796178102493286,-0.08859598636627197,360.0,360.0,0.0,60.0,60.0,0.0,0.0,-1.5894572324981482e-09,1.5894572324981482e-09,0.5852471590042114,-0.013268113136291504,0.5985152721405029,7.947286162490741e-10,3.973643636356883e-10,3.973642526133858e-10,0.10260491073131561,0.13563290238380432,-0.03302799165248871,0.21085460484027863,0.2776373326778412,-0.06678272783756256,0.10260491073131561,0.13563290238380432,-0.03302799165248871,0.21085460484027863,0.2776373326778412,-0.06678272783756256,0.01356433890759945,0.019262775778770447,-0.005698436871170998,0.21904277801513672,0.2926837205886841,-0.07364094257354736,0.21904277801513672,0.2926837205886841,-0.07364094257354736,0.0,-1.5894572324981482e-09,1.5894572324981482e-09
67#26,PC_ON,slow_step,AC_off,probability,0.07035577297210693,0.10164102911949158,-0.031285256147384644,0.07035577297210693,0.10164102911949158,-0.031285256147384644,1560.0,1493.3333333333335,66.66666666666652,1260.0,1193.3333333333335,66.66666666666652,0.13901670277118683,0.1969788372516632,-0.05796213448047638,0.00044083595275878906,0.0024591684341430664,-0.0020183324813842773,-3.129243850708008e-06,-3.844499588012695e-06,7.152557373046875e-07,0.01965879462659359,0.026389271020889282,-0.0067304763942956924,0.049283217638731,0.07232584059238434,-0.023042622953653336,0.01965879462659359,0.026389271020889282,-0.0067304763942956924,0.06882701814174652,0.0958079993724823,-0.02698098123073578,0.028812088072299957,0.0494656078517437,-0.02065351977944374,0.05523446202278137,0.08236271142959595,-0.027128249406814575,0.05523446202278137,0.08236271142959595,-0.027128249406814575,0.057749439030885696,0.09986303001642227,-0.042113590985536575
67#26,PC_ON,slow_1Hz,AC_off,probability,0.0703558623790741,0.10164135694503784,-0.031285494565963745,0.0703558623790741,0.10164135694503784,-0.031285494565963745,1060.0,993.3333333333334,66.66666666666663,760.0,693.3333333333334,66.66666666666663,0.13901665806770325,0.1969781368970871,-0.05796147882938385,0.00044092535972595215,0.002459496259689331,-0.002018570899963379,-3.1739473342895508e-06,-4.544854164123535e-06,1.3709068298339844e-06,0.01965879462659359,0.026389271020889282,-0.0067304763942956924,0.04928326606750488,0.07232606410980225,-0.023042798042297363,0.01965879462659359,0.026389271020889282,-0.0067304763942956924,0.06882879137992859,0.09581056237220764,-0.026981770992279053,0.028848940506577492,0.049527160823345184,-0.020678220316767693,0.05523446202278137,0.08236271142959595,-0.027128249406814575,0.05523446202278137,0.08236271142959595,-0.027128249406814575,0.05782297998666763,0.09998594224452972,-0.04216296225786209
67#26,PC_ON,slow_2Hz,AC_off,probability,0.07035812735557556,0.1016480028629303,-0.031289875507354736,0.07035812735557556,0.1016480028629303,-0.031289875507354736,786.6666666666667,740.0,46.66666666666674,486.66666666666674,440.0,46.66666666666674,0.13901647925376892,0.1969766914844513,-0.05796021223068237,0.000443190336227417,0.002466142177581787,-0.00202295184135437,-3.3527612686157227e-06,-5.990266799926758e-06,2.637505531311035e-06,0.01965879462659359,0.026389271020889282,-0.0067304763942956924,0.04928415268659592,0.07233069837093353,-0.023046545684337616,0.01965879462659359,0.026389271020889282,-0.0067304763942956924,0.06885706633329391,0.09581755846738815,-0.02696049213409424,0.02892613410949707,0.04965490847826004,-0.02072877436876297,0.05523446202278137,0.08236271142959595,-0.027128249406814575,0.05523446202278137,0.08236271142959595,-0.027128249406814575,0.05797390639781952,0.10023746639490128,-0.04226355999708176
67#26,PC_ON,rapid_10Hz,AC_off,probability,0.07010006904602051,0.10026615858078003,-0.03016608953475952,0.07010006904602051,0.10026615858078003,-0.03016608953475952,433.33333333333337,433.33333333333337,0.0,133.33333333333337,133.33333333333337,0.0,0.13901761174201965,0.19697381556034088,-0.05795620381832123,0.00018513202667236328,0.0010842978954315186,-0.0008991658687591553,-2.2202730178833008e-06,-8.866190910339355e-06,6.645917892456055e-06,0.01965879462659359,0.026389271020889282,-0.0067304763942956924,0.04869156703352928,0.07018576562404633,-0.021494198590517044,0.01965879462659359,0.026389271020889282,-0.0067304763942956924,0.06137125939130783,0.08434481173753738,-0.022973552346229553,0.029083814471960068,0.05016152560710907,-0.021077711135149002,0.04595962166786194,0.06825760006904602,-0.022297978401184082,0.04595962166786194,0.06825760006904602,-0.022297978401184082,0.05890955775976181,0.10188840329647064,-0.04297884553670883
67#26,PC_ON,rapid_20Hz,AC_off,probability,0.06991037726402283,0.09936696290969849,-0.02945658564567566,0.06991037726402283,0.09936696290969849,-0.02945658564567566,433.33333333333337,440.0,-6.666666666666629,133.33333333333337,140.0,-6.666666666666629,0.1390187293291092,0.19697803258895874,-0.05795930325984955,-4.559755325317383e-06,0.00018510222434997559,-0.00018966197967529297,-1.1026859283447266e-06,-4.649162292480469e-06,3.546476364135742e-06,0.01965879462659359,0.026389479637145996,-0.006730685010552406,0.04857321083545685,0.06964588910341263,-0.02107267826795578,0.01965879462659359,0.026389479637145996,-0.006730685010552406,0.047809675335884094,0.06454270333051682,-0.01673302799463272,0.028905540704727173,0.04999064654111862,-0.02108510583639145,0.035388946533203125,0.05567002296447754,-0.020281076431274414,0.035388946533203125,0.05567002296447754,-0.020281076431274414,0.05915501341223717,0.10218526422977448,-0.04303025081753731
67#26,PC_ON,transient_50ms,AC_off,probability,0.07006332278251648,0.10068842768669128,-0.030625104904174805,0.07006332278251648,0.10068842768669128,-0.030625104904174805,1386.6666666666667,1386.6666666666667,0.0,1086.6666666666667,1086.6666666666667,0.0,0.13902008533477783,0.19698438048362732,-0.05796429514884949,0.00014838576316833496,0.0015065670013427734,-0.0013581812381744385,2.5331974029541016e-07,1.6987323760986328e-06,-1.4454126358032227e-06,0.01965879462659359,0.026389271020889282,-0.0067304763942956924,0.048548221588134766,0.06954033672809601,-0.020992115139961243,0.01965879462659359,0.026389271020889282,-0.0067304763942956924,0.06134982779622078,0.08425319194793701,-0.022903364151716232,0.028753509745001793,0.04976113140583038,-0.02100762166082859,0.04543754458427429,0.06582638621330261,-0.02038884162902832,0.04543754458427429,0.06582638621330261,-0.02038884162902832,0.05912388488650322,0.10211104154586792,-0.0429871566593647
67#26,PC_ON,large_field_50ms,AC_off,probability,0.056873053312301636,0.07555073499679565,-0.01867768168449402,0.056873053312301636,0.07555073499679565,-0.01867768168449402,360.0,360.0,0.0,60.0,60.0,0.0,0.0003319244715385139,0.000567058043088764,-0.00023513357155025005,-0.0006680488586425781,-0.0028655827045440674,0.0021975338459014893,-9.672046871855855e-06,-5.291961133480072e-05,4.3247564462944865e-05,0.01962452195584774,0.0262436605989933,-0.006619138643145561,0.04068189114332199,0.054356206208467484,-0.013674315065145493,0.01962452195584774,0.0262436605989933,-0.006619138643145561,0.04068189114332199,0.054356206208467484,-0.013674315065145493,0.0024661445058882236,0.003494118107482791,-0.0010279736015945673,0.042353034019470215,0.058922380208969116,-0.0165693461894989,0.042353034019470215,0.058922380208969116,-0.0165693461894989,0.0002631719980854541,0.0005074857035651803,-0.0002443137054797262
67#33,MC_OFF,slow_step,normal,logit,0.46874141693115234,0.5309268236160278,-0.06218540668487549,0.46874141693115234,0.5309268236160278,-0.06218540668487549,1473.3333333333335,1466.6666666666667,6.6666666666667425,1173.3333333333335,1166.6666666666667,6.6666666666667425,0.6386211514472961,0.7134454250335693,-0.0748242735862732,0.044199466705322266,0.07977473735809326,-0.035575270652770996,-0.00037491321563720703,-0.000517725944519043,0.00014281272888183594,0.19331061840057373,0.19192491471767426,0.001385703682899475,0.2625948488712311,0.30855241417884827,-0.04595756530761719,0.19331061840057373,0.19192491471767426,0.001385703682899475,0.18335369229316711,0.21376407146453857,-0.03041037917137146,0.0,0.0,0.0,0.0,0.0,0.0,0.0,0.0,0.0,0.0,0.0,0.0
67#33,MC_OFF,slow_1Hz,normal,logit,0.46874141693115234,0.5309268236160278,-0.06218540668487549,0.46874141693115234,0.5309268236160278,-0.06218540668487549,973.3333333333334,966.6666666666667,6.666666666666629,673.3333333333334,666.6666666666667,6.666666666666629,0.6386603713035583,0.7135005593299866,-0.07484018802642822,0.044199466705322266,0.07977473735809326,-0.035575270652770996,-0.000335693359375,-0.00046259164810180664,0.00012689828872680664,0.19331061840057373,0.19192491471767426,0.001385703682899475,0.2626039981842041,0.3085627257823944,-0.04595872759819031,0.19331061840057373,0.19192491471767426,0.001385703682899475,0.18335378170013428,0.21376436948776245,-0.030410587787628174,0.0,0.0,0.0,0.0,0.0,0.0,0.0,0.0,0.0,0.0,0.0,0.0
67#33,MC_OFF,slow_2Hz,normal,logit,0.4687405824661255,0.530925989151001,-0.06218540668487549,0.4687405824661255,0.530925989151001,-0.06218540668487549,720.0,713.3333333333334,6.666666666666629,420.0,413.33333333333337,6.666666666666629,0.6387385725975037,0.7136102914810181,-0.0748717188835144,0.04419863224029541,0.0797739028930664,-0.035575270652770996,-0.0002574920654296875,-0.0003528594970703125,9.5367431640625e-05,0.19331061840057373,0.19192491471767426,0.001385703682899475,0.26279881596565247,0.30878233909606934,-0.04598352313041687,0.19331061840057373,0.19192491471767426,0.001385703682899475,0.17982958257198334,0.20908620953559875,-0.029256626963615417,0.0,0.0,0.0,0.0,0.0,0.0,0.0,0.0,0.0,0.0,0.0,0.0
67#33,MC_OFF,rapid_10Hz,normal,logit,0.4388324022293091,0.4724752902984619,-0.03364288806915283,0.4388324022293091,0.4724752902984619,-0.03364288806915283,433.33333333333337,426.6666666666667,6.666666666666686,133.33333333333337,126.66666666666669,6.666666666666686,0.6389847993850708,0.7139551043510437,-0.0749703049659729,0.014290452003479004,0.021323204040527344,-0.00703275203704834,-1.1265277862548828e-05,-8.046627044677734e-06,-3.2186508178710938e-06,0.19331061840057373,0.19192491471767426,0.001385703682899475,0.18842387199401855,0.2305862009525299,-0.04216232895851135,0.19331061840057373,0.19192491471767426,0.001385703682899475,0.2559126913547516,0.2883691191673279,-0.032456427812576294,0.0,0.0,0.0,0.0,0.0,0.0,0.0,0.0,0.0,0.0,0.0,0.0
67#33,MC_OFF,rapid_20Hz,normal,logit,0.4078552722930908,0.4031047821044922,0.004750490188598633,0.4078552722930908,0.4031047821044922,0.004750490188598633,340.0,340.0,0.0,40.0,40.0,0.0,0.6390005350112915,0.7139705419540405,-0.07497000694274902,-0.016686677932739258,-0.04804730415344238,0.031360626220703125,4.470348358154297e-06,7.3909759521484375e-06,-2.9206275939941406e-06,0.19331061840057373,0.1922035813331604,0.00110703706741333,0.12820732593536377,0.16514788568019867,-0.0369405597448349,0.19331061840057373,0.1922035813331604,0.00110703706741333,0.33704572916030884,0.36269789934158325,-0.025652170181274414,0.0,0.0,0.0,0.0,0.0,0.0,0.0,0.0,0.0,0.0,0.0,0.0
67#33,MC_OFF,transient_50ms,normal,logit,0.449759840965271,0.4986135959625244,-0.04885375499725342,0.449759840965271,0.4986135959625244,-0.04885375499725342,1380.0,1380.0,0.0,1080.0,1080.0,0.0,0.6389854550361633,0.7139478921890259,-0.07496243715286255,0.025217890739440918,0.047461509704589844,-0.022243618965148926,-1.0609626770019531e-05,-1.52587890625e-05,4.649162292480469e-06,0.19331061840057373,0.19192491471767426,0.001385703682899475,0.12004458904266357,0.15016010403633118,-0.030115514993667603,0.19331061840057373,0.19192491471767426,0.001385703682899475,0.2511952817440033,0.27540266513824463,-0.024207383394241333,0.0,0.0,0.0,0.0,0.0,0.0,0.0,0.0,0.0,0.0,0.0,0.0
67#33,MC_OFF,large_field_50ms,normal,logit,-0.40630507469177246,-0.3985406160354614,-0.007764458656311035,0.40630507469177246,0.3985406160354614,0.007764458656311035,1340.0,1340.0,0.0,1040.0,1040.0,0.0,-7.947286162490741e-10,-7.947286162490741e-10,0.0,-0.8308470249176025,-0.849692702293396,0.018845677375793457,1.5894571214758457e-09,-2.3841858487472223e-09,3.973642970223068e-09,0.19258679449558258,0.1896761655807495,0.002910628914833069,0.0452989861369133,0.04469980672001839,0.0005991794168949127,0.19258679449558258,0.1896761655807495,0.002910628914833069,0.0452989861369133,0.04469980672001839,0.0005991794168949127,0.0,0.0,0.0,0.0,0.0,0.0,0.0,0.0,0.0,0.0,0.0,0.0
67#33,MC_OFF,slow_step,normal,probability,0.07532872259616852,0.08729536831378937,-0.01196664571762085,0.07532872259616852,0.08729536831378937,-0.01196664571762085,1473.3333333333335,1466.6666666666667,6.6666666666667425,1173.3333333333335,1166.6666666666667,6.6666666666667425,0.10002465546131134,0.11400872468948364,-0.013984069228172302,0.008000925183296204,0.014834880828857422,-0.006833955645561218,0.0017829835414886475,0.002447657287120819,-0.0006646737456321716,0.0299496129155159,0.029868802055716515,8.081085979938507e-05,0.04130876809358597,0.049520671367645264,-0.008211903274059296,0.0299496129155159,0.029868802055716515,8.081085979938507e-05,0.026996811851859093,0.03199966251850128,-0.005002850666642189,0.0,0.0,0.0,0.0,0.0,0.0,0.0,0.0,0.0,0.0,0.0,0.0
67#33,MC_OFF,slow_1Hz,normal,probability,0.07532872259616852,0.08729536831378937,-0.01196664571762085,0.07532872259616852,0.08729536831378937,-0.01196664571762085,973.3333333333334,966.6666666666667,6.666666666666629,673.3333333333334,666.6666666666667,6.666666666666629,0.09995289146900177,0.11389591544866562,-0.013943023979663849,0.008000925183296204,0.014834880828857422,-0.006833955645561218,0.0017112195491790771,0.0023348480463027954,-0.0006236284971237183,0.0299496129155159,0.029868802055716515,8.081085979938507e-05,0.041310302913188934,0.049522459506988525,-0.008212156593799591,0.0299496129155159,0.029868802055716515,8.081085979938507e-05,0.026996824890375137,0.03199971467256546,-0.005002889782190323,0.0,0.0,0.0,0.0,0.0,0.0,0.0,0.0,0.0,0.0,0.0,0.0
67#33,MC_OFF,slow_2Hz,normal,probability,0.07532855868339539,0.08729518949985504,-0.011966630816459656,0.07532855868339539,0.08729518949985504,-0.011966630816459656,720.0,713.3333333333334,6.666666666666629,420.0,413.33333333333337,6.666666666666629,0.09980340301990509,0.11366312950849533,-0.01385972648859024,0.008000761270523071,0.014834702014923096,-0.006833940744400024,0.0015617311000823975,0.0021020621061325073,-0.0005403310060501099,0.0299496129155159,0.029868802055716515,8.081085979938507e-05,0.04134281724691391,0.0495603121817112,-0.008217494934797287,0.0299496129155159,0.029868802055716515,8.081085979938507e-05,0.02643321081995964,0.031223421916365623,-0.004790211096405983,0.0,0.0,0.0,0.0,0.0,0.0,0.0,0.0,0.0,0.0,0.0,0.0
67#33,MC_OFF,rapid_10Hz,normal,probability,0.06989431381225586,0.07636703550815582,-0.006472721695899963,0.06989431381225586,0.07636703550815582,-0.006472721695899963,433.33333333333337,426.6666666666667,6.666666666666686,133.33333333333337,126.66666666666669,6.666666666666686,0.09869315475225449,0.11196999996900558,-0.013276845216751099,0.002566516399383545,0.003906548023223877,-0.001340031623840332,0.0004514828324317932,0.00040893256664276123,4.255026578903198e-05,0.0299496129155159,0.029868802055716515,8.081085979938507e-05,0.02868625894188881,0.03582289069890976,-0.00713663175702095,0.0299496129155159,0.029868802055716515,8.081085979938507e-05,0.03861703351140022,0.044123325496912,-0.00550629198551178,0.0,0.0,0.0,0.0,0.0,0.0,0.0,0.0,0.0,0.0,0.0,0.0
67#33,MC_OFF,rapid_20Hz,normal,probability,0.06435559689998627,0.06381630897521973,0.0005392879247665405,0.06435559689998627,0.06381630897521973,0.0005392879247665405,340.0,340.0,0.0,40.0,40.0,0.0,0.09825850278139114,0.11151469498872757,-0.013256192207336426,-0.0029722005128860474,-0.00864417850971222,0.005671977996826172,1.6830861568450928e-05,-4.6372413635253906e-05,6.320327520370483e-05,0.0299496129155159,0.029917920008301735,3.1692907214164734e-05,0.01953219436109066,0.025412453338503838,-0.0058802589774131775,0.0299496129155159,0.029917920008301735,3.1692907214164734e-05,0.05214191973209381,0.05679059028625488,-0.004648670554161072,0.0,0.0,0.0,0.0,0.0,0.0,0.0,0.0,0.0,0.0,0.0,0.0
67#33,MC_OFF,transient_50ms,normal,probability,0.07186995446681976,0.0812142938375473,-0.009344339370727539,0.07186995446681976,0.0812142938375473,-0.009344339370727539,1380.0,1380.0,0.0,1080.0,1080.0,0.0,0.09828567504882812,0.11161409318447113,-0.013328418135643005,0.004542157053947449,0.008753806352615356,-0.004211649298667908,4.400312900543213e-05,5.3025782108306885e-05,-9.022653102874756e-06,0.0299496129155159,0.029868802055716515,8.081085979938507e-05,0.01883419044315815,0.023671340197324753,-0.004837149754166603,0.0299496129155159,0.029868802055716515,8.081085979938507e-05,0.03786429390311241,0.041988175362348557,-0.004123881459236145,0.0,0.0,0.0,0.0,0.0,0.0,0.0,0.0,0.0,0.0,0.0,0.0
67#33,MC_OFF,large_field_50ms,normal,probability,0.06408080458641052,0.06300659477710724,0.0010742098093032837,0.06408080458641052,0.06300659477710724,0.0010742098093032837,340.0,340.0,0.0,40.0,40.0,0.0,0.0005734030855819583,0.0005561932921409607,1.72097934409976e-05,-0.003246992826461792,-0.009453892707824707,0.006206899881362915,-6.769131869077682e-05,-0.00017678161384537816,0.00010909029515460134,0.029822465032339096,0.02947305701673031,0.00034940801560878754,0.008485845290124416,0.008373618125915527,0.00011222716420888901,0.029822465032339096,0.02947305701673031,0.00034940801560878754,0.008485845290124416,0.008373618125915527,0.00011222716420888901,0.0,0.0,0.0,0.0,0.0,0.0,0.0,0.0,0.0,0.0,0.0,0.0
67#33,MC_OFF,slow_step,H1_off,logit,0.4689418077468872,0.531578779220581,-0.06263697147369385,0.4689418077468872,0.531578779220581,-0.06263697147369385,1480.0,1486.6666666666667,-6.6666666666667425,1180.0,1186.6666666666667,-6.6666666666667425,0.6450344324111938,0.7355101108551025,-0.09047567844390869,0.042307496070861816,0.07366716861724854,-0.03135967254638672,-0.0003578066825866699,-0.0004500150680541992,9.22083854675293e-05,0.1940353512763977,0.1941758245229721,-0.00014047324657440186,0.26284199953079224,0.30936503410339355,-0.04652303457260132,0.1940353512763977,0.1941758245229721,-0.00014047324657440186,0.18879477679729462,0.23276084661483765,-0.04396606981754303,0.0033640051260590553,0.011502542532980442,-0.008138537406921387,0.010230183601379395,0.03327155113220215,-0.023041367530822754,0.010230183601379395,0.03327155113220215,-0.023041367530822754,0.006413269322365522,0.022064728662371635,-0.015651459340006113
67#33,MC_OFF,slow_1Hz,H1_off,logit,0.46894192695617676,0.5315788984298706,-0.06263697147369385,0.46894192695617676,0.5315788984298706,-0.06263697147369385,980.0,986.6666666666667,-6.6666666666667425,680.0,686.6666666666667,-6.6666666666667425,0.6450726389884949,0.7355610132217407,-0.09048837423324585,0.04230761528015137,0.07366728782653809,-0.03135967254638672,-0.00031960010528564453,-0.0003991127014160156,7.95125961303711e-05,0.1940353512763977,0.1941758245229721,-0.00014047324657440186,0.26285117864608765,0.30937516689300537,-0.046523988246917725,0.1940353512763977,0.1941758245229721,-0.00014047324657440186,0.18879486620426178,0.23276135325431824,-0.04396648705005646,0.003529757261276245,0.011999250389635563,-0.008469493128359318,0.010296940803527832,0.03345048427581787,-0.02315354347229004,0.010296940803527832,0.03345048427581787,-0.02315354347229004,0.006412201095372438,0.022060452029109,-0.015648250933736563
67#33,MC_OFF,slow_2Hz,H1_off,logit,0.46894121170043945,0.5315778255462646,-0.0626366138458252,0.46894121170043945,0.5315778255462646,-0.0626366138458252,726.6666666666667,733.3333333333334,-6.666666666666629,426.66666666666674,433.33333333333337,-6.666666666666629,0.6451485753059387,0.735662043094635,-0.09051346778869629,0.04230690002441406,0.07366621494293213,-0.031359314918518066,-0.00024366378784179688,-0.0002980828285217285,5.441904067993164e-05,0.1940353512763977,0.1941758245229721,-0.00014047324657440186,0.2630447447299957,0.309589684009552,-0.046544939279556274,0.1940353512763977,0.1941758245229721,-0.00014047324657440186,0.18546156585216522,0.22871403396129608,-0.04325246810913086,0.003852160880342126,0.012980290688574314,-0.009128129808232188,0.01029658317565918,0.03344869613647461,-0.02315211296081543,0.01029658317565918,0.03344869613647461,-0.02315211296081543,0.006410050671547651,0.022051790729165077,-0.015641740057617426
67#33,MC_OFF,rapid_10Hz,H1_off,logit,0.4361073970794678,0.4635009765625,-0.027393579483032227,0.4361073970794678,0.4635009765625,-0.027393579483032227,433.33333333333337,426.6666666666667,6.666666666666686,133.33333333333337,126.66666666666669,6.666666666666686,0.6453836560249329,0.7359614372253418,-0.09057778120040894,0.009473085403442383,0.0055893659591674805,0.0038837194442749023,-8.58306884765625e-06,1.3113021850585938e-06,-9.894371032714844e-06,0.1940353512763977,0.1941758245229721,-0.00014047324657440186,0.18677224218845367,0.2262478619813919,-0.03947561979293823,0.1940353512763977,0.1941758245229721,-0.00014047324657440186,0.26453882455825806,0.31676435470581055,-0.05222553014755249,0.004805226344615221,0.015496768988668919,-0.010691542644053698,0.010230183601379395,0.03327059745788574,-0.023040413856506348,0.010230183601379395,0.03327059745788574,-0.023040413856506348,0.00639899680390954,0.022006314247846603,-0.015607317443937063
67#33,MC_OFF,rapid_20Hz,H1_off,logit,0.40940749645233154,0.4076530933380127,0.0017544031143188477,0.40940749645233154,0.4076530933380127,0.0017544031143188477,340.0,340.0,0.0,40.0,40.0,0.0,0.6453970670700073,0.7359681129455566,-0.09057104587554932,-0.017226815223693848,-0.050258517265319824,0.03303170204162598,4.827976226806641e-06,7.987022399902344e-06,-3.159046173095703e-06,0.1940353512763977,0.19445447623729706,-0.00041912496089935303,0.13058976829051971,0.1736278533935547,-0.04303808510303497,0.1940353512763977,0.19445447623729706,-0.00041912496089935303,0.3413505554199219,0.37663406133651733,-0.03528350591659546,0.0031768849585205317,0.01090566162019968,-0.007728776661679149,0.008478164672851562,0.027659893035888672,-0.01918172836303711,0.008478164672851562,0.027659893035888672,-0.01918172836303711,0.006396488286554813,0.021997639909386635,-0.015601151622831821
67#33,MC_OFF,transient_50ms,H1_off,logit,0.4483945369720459,0.49369144439697266,-0.04529690742492676,0.4483945369720459,0.49369144439697266,-0.04529690742492676,1386.6666666666667,1380.0,6.6666666666667425,1086.6666666666667,1080.0,6.6666666666667425,0.6453822255134583,0.7359468936920166,-0.09056466817855835,0.021760225296020508,0.03577983379364014,-0.014019608497619629,-1.0013580322265625e-05,-1.3232231140136719e-05,3.2186508178710938e-06,0.1940353512763977,0.1941758245229721,-0.00014047324657440186,0.12288281321525574,0.16004514694213867,-0.037162333726882935,0.1940353512763977,0.1941758245229721,-0.00014047324657440186,0.2600848376750946,0.30459991097450256,-0.04451507329940796,0.0032195933163166046,0.011020736768841743,-0.007801143452525139,0.010230183601379395,0.033271074295043945,-0.02304089069366455,0.010230183601379395,0.033271074295043945,-0.02304089069366455,0.006396726239472628,0.02199901081621647,-0.015602284576743841
67#33,MC_OFF,large_field_50ms,H1_off,logit,0.40940749645233154,0.4076530933380127,0.0017544031143188477,0.40940749645233154,0.4076530933380127,0.0017544031143188477,340.0,340.0,0.0,40.0,40.0,0.0,0.0,7.947286162490741e-10,-7.947286162490741e-10,-0.017226815223693848,-0.050258517265319824,0.03303170204162598,2.38418573772492e-09,1.5894572324981482e-09,7.947285052267716e-10,0.1940353512763977,0.1941758245229721,-0.00014047324657440186,0.0619976706802845,0.09939835965633392,-0.03740068897604942,0.1940353512763977,0.1941758245229721,-0.00014047324657440186,0.0619976706802845,0.09939835965633392,-0.03740068897604942,0.0012476154370233417,0.003983088303357363,-0.002735472866334021,0.01998448371887207,0.06455087661743164,-0.04456639289855957,0.01998448371887207,0.06455087661743164,-0.04456639289855957,7.947286162490741e-10,1.5894572324981482e-09,-7.947286162490741e-10
67#33,MC_OFF,slow_step,H1_off,probability,0.07536540925502777,0.0874190479516983,-0.012053638696670532,0.07536540925502777,0.0874190479516983,-0.012053638696670532,1480.0,1486.6666666666667,-6.6666666666667425,1180.0,1186.6666666666667,-6.6666666666667425,0.10102394968271255,0.11750933527946472,-0.016485385596752167,0.007663041353225708,0.013724848628044128,-0.00606180727481842,0.0016996785998344421,0.0021215826272964478,-0.0004219040274620056,0.03007715754210949,0.030267298221588135,-0.00019014067947864532,0.0413493737578392,0.04965838044881821,-0.008309006690979004,0.03007715754210949,0.030267298221588135,-0.00019014067947864532,0.027842551469802856,0.035028960555791855,-0.007186409085988998,0.0005278849857859313,0.0018377844244241714,-0.00130989943863824,0.001644626259803772,0.005470708012580872,-0.0038260817527770996,0.001644626259803772,0.005470708012580872,-0.0038260817527770996,0.0009992802515625954,0.0035006110556423664,-0.002501330804079771
67#33,MC_OFF,slow_1Hz,H1_off,probability,0.07536546885967255,0.08741907775402069,-0.012053608894348145,0.07536546885967255,0.08741907775402069,-0.012053608894348145,980.0,986.6666666666667,-6.6666666666667425,680.0,686.6666666666667,-6.6666666666667425,0.10095129162073135,0.11739455163478851,-0.01644326001405716,0.007663100957870483,0.013724878430366516,-0.006061777472496033,0.001627020537853241,0.0020067989826202393,-0.0003797784447669983,0.03007715754210949,0.030267298221588135,-0.00019014067947864532,0.041350916028022766,0.04966013878583908,-0.008309222757816315,0.03007715754210949,0.030267298221588135,-0.00019014067947864532,0.027842579409480095,0.03502903878688812,-0.007186459377408028,0.0005570924840867519,0.0019289199262857437,-0.0013718274421989918,0.0016509294509887695,0.00548882782459259,-0.003837898373603821,0.0016509294509887695,0.00548882782459259,-0.003837898373603821,0.0009984031785279512,0.0034986345563083887,-0.0025002313777804375
67#33,MC_OFF,slow_2Hz,H1_off,probability,0.07536531984806061,0.08741886913776398,-0.01205354928970337,0.07536531984806061,0.08741886913776398,-0.01205354928970337,726.6666666666667,733.3333333333334,-6.666666666666629,426.66666666666674,433.33333333333337,-6.666666666666629,0.10080035030841827,0.11715888231992722,-0.01635853201150894,0.007662951946258545,0.013724669814109802,-0.006061717867851257,0.0014760792255401611,0.0017711296677589417,-0.0002950504422187805,0.03007715754210949,0.030267298221588135,-0.00019014067947864532,0.04138321802020073,0.049697112292051315,-0.008313894271850586,0.03007715754210949,0.030267298221588135,-0.00019014067947864532,0.027308495715260506,0.03435283154249191,-0.007044335827231407,0.0006140556652098894,0.00210934947244823,-0.0014952938072383404,0.001650989055633545,0.005488947033882141,-0.003837957978248596,0.001650989055633545,0.005488947033882141,-0.003837957978248596,0.0009969433303922415,0.003495752112939954,-0.0024988087825477123
67#33,MC_OFF,rapid_10Hz,H1_off,probability,0.06940340995788574,0.07471764087677002,-0.005314230918884277,0.06940340995788574,0.07471764087677002,-0.005314230918884277,433.33333333333337,426.6666666666667,6.666666666666686,133.33333333333337,126.66666666666669,6.666666666666686,0.09971299022436142,0.11559996753931046,-0.015886977314949036,0.0017010420560836792,0.0010234415531158447,0.0006776005029678345,0.0003887191414833069,0.0002122148871421814,0.0001765042543411255,0.03007715754210949,0.030267298221588135,-0.00019014067947864532,0.028437072411179543,0.03516693413257599,-0.006729861721396446,0.03007715754210949,0.030267298221588135,-0.00019014067947864532,0.040021903812885284,0.048881646245718,-0.008859742432832718,0.0007929079001769423,0.0026274884585291147,-0.0018345805583521724,0.001644626259803772,0.0054848045110702515,-0.0038401782512664795,0.001644626259803772,0.0054848045110702515,-0.0038401782512664795,0.001019839895889163,0.003629963379353285,-0.002610123483464122
67#33,MC_OFF,rapid_20Hz,H1_off,probability,0.06463094055652618,0.06462514400482178,5.796551704406738e-06,0.06463094055652618,0.06462514400482178,5.796551704406738e-06,340.0,340.0,0.0,40.0,40.0,0.0,0.09932970255613327,0.11532684415578842,-0.01599714159965515,-0.003071427345275879,-0.009069055318832397,0.0059976279735565186,5.431473255157471e-06,-6.0908496379852295e-05,6.633996963500977e-05,0.03007715754210949,0.03031676635146141,-0.00023960880935192108,0.019927430897951126,0.026864076033234596,-0.00693664513528347,0.03007715754210949,0.03031676635146141,-0.00023960880935192108,0.052873510867357254,0.05923718214035034,-0.006363671272993088,0.0005308202817104757,0.0018856199458241463,-0.0013547996641136706,0.001422598958015442,0.00482429563999176,-0.0034016966819763184,0.001422598958015442,0.00482429563999176,-0.0034016966819763184,0.0010711927898228168,0.003812162671238184,-0.002740969881415367
67#33,MC_OFF,transient_50ms,H1_off,probability,0.07162249088287354,0.0802965760231018,-0.008674085140228271,0.07162249088287354,0.0802965760231018,-0.008674085140228271,1386.6666666666667,1380.0,6.6666666666667425,1086.6666666666667,1080.0,6.6666666666667425,0.09936445951461792,0.11542708426713943,-0.016062624752521515,0.003920122981071472,0.006602376699447632,-0.0026822537183761597,4.018843173980713e-05,3.933161497116089e-05,8.568167686462402e-07,0.03007715754210949,0.030267298221588135,-0.00019014067947864532,0.01926780678331852,0.025219585746526718,-0.0059517789632081985,0.03007715754210949,0.030267298221588135,-0.00019014067947864532,0.03930814936757088,0.04684830456972122,-0.007540155202150345,0.000543209898751229,0.0019111098954454064,-0.0013678999966941774,0.001644626259803772,0.0054777562618255615,-0.0038331300020217896,0.001644626259803772,0.0054777562618255615,-0.0038331300020217896,0.0010787840001285076,0.003812988754361868,-0.0027342047542333603
67#33,MC_OFF,large_field_50ms,H1_off,probability,0.06463094055652618,0.06462514400482178,5.796551704406738e-06,0.06463094055652618,0.06462514400482178,5.796551704406738e-06,340.0,340.0,0.0,40.0,40.0,0.0,0.0005899518146179616,0.0006146652158349752,-2.4713401217013597e-05,-0.003071427345275879,-0.009069055318832397,0.0059976279735565186,-5.9106387197971344e-05,-0.00014868279686197639,8.957640966400504e-05,0.03007715754210949,0.030267298221588135,-0.00019014067947864532,0.010904490947723389,0.01640792191028595,-0.005503430962562561,0.03007715754210949,0.030267298221588135,-0.00019014067947864532,0.010904490947723389,0.01640792191028595,-0.005503430962562561,0.00017332272545900196,0.0005562622682191432,-0.0003829395427601412,0.0031131207942962646,0.01015232503414154,-0.007039204239845276,0.0031131207942962646,0.01015232503414154,-0.007039204239845276,1.6548683561268263e-05,5.847190914209932e-05,-4.192322558083106e-05
67#33,MC_OFF,slow_step,AC_off,logit,0.5045257806777954,0.5859267711639404,-0.08140099048614502,0.5045257806777954,0.5859267711639404,-0.08140099048614502,1453.3333333333335,1453.3333333333335,0.0,1153.3333333333335,1153.3333333333335,0.0,0.9945124387741089,1.1208034753799438,-0.12629103660583496,0.005019426345825195,0.022686004638671875,-0.01766657829284668,1.4901161193847656e-06,-4.0531158447265625e-06,5.543231964111328e-06,0.20710289478302002,0.2252325415611267,-0.01812964677810669,0.29749682545661926,0.35934221744537354,-0.06184539198875427,0.20710289478302002,0.2252325415611267,-0.01812964677810669,0.4906395673751831,0.5371682047843933,-0.046528637409210205,0.17679327726364136,0.20197194814682007,-0.02517867088317871,0.320168137550354,0.35243451595306396,-0.03226637840270996,0.320168137550354,0.35243451595306396,-0.03226637840270996,0.3558911979198456,0.40735796093940735,-0.05146676301956177
67#33,MC_OFF,slow_1Hz,AC_off,logit,0.5045278072357178,0.5859287977218628,-0.08140099048614502,0.5045278072357178,0.5859287977218628,-0.08140099048614502,953.3333333333334,953.3333333333334,0.0,653.3333333333334,653.3333333333334,0.0,0.9945125579833984,1.1208044290542603,-0.12629187107086182,0.005021452903747559,0.02268803119659424,-0.01766657829284668,1.6093254089355469e-06,-3.0994415283203125e-06,4.708766937255859e-06,0.20710289478302002,0.2252325415611267,-0.01812964677810669,0.2974972426891327,0.3593437671661377,-0.061846524477005005,0.20710289478302002,0.2252325415611267,-0.01812964677810669,0.49064958095550537,0.5371789336204529,-0.04652935266494751,0.17677415907382965,0.20194540917873383,-0.025171250104904175,0.320168137550354,0.35243451595306396,-0.03226637840270996,0.320168137550354,0.35243451595306396,-0.03226637840270996,0.35585203766822815,0.40730389952659607,-0.05145186185836792
67#33,MC_OFF,slow_2Hz,AC_off,logit,0.5045714378356934,0.5859763622283936,-0.0814049243927002,0.5045714378356934,0.5859763622283936,-0.0814049243927002,693.3333333333334,700.0,-6.666666666666629,393.33333333333337,400.0,-6.666666666666629,0.994512677192688,1.1208068132400513,-0.12629413604736328,0.0050650835037231445,0.022735595703125,-0.017670512199401855,1.7285346984863281e-06,-7.152557373046875e-07,2.4437904357910156e-06,0.20710289478302002,0.2252325415611267,-0.01812964677810669,0.29750674962997437,0.3593769967556,-0.06187024712562561,0.20710289478302002,0.2252325415611267,-0.01812964677810669,0.4906822144985199,0.5367766618728638,-0.04609444737434387,0.17674526572227478,0.20190179347991943,-0.025156527757644653,0.320168137550354,0.35243451595306396,-0.03226637840270996,0.320168137550354,0.35243451595306396,-0.03226637840270996,0.35577407479286194,0.40719643235206604,-0.0514223575592041
67#33,MC_OFF,rapid_10Hz,AC_off,logit,0.5046355724334717,0.5833801031112671,-0.07874453067779541,0.5046355724334717,0.5833801031112671,-0.07874453067779541,433.33333333333337,433.33333333333337,0.0,133.33333333333337,133.33333333333337,0.0,0.994512140750885,1.1208103895187378,-0.12629824876785278,0.005129218101501465,0.020139336585998535,-0.01501011848449707,1.1920928955078125e-06,2.86102294921875e-06,-1.6689300537109375e-06,0.20710289478302002,0.2252325415611267,-0.01812964677810669,0.2941353917121887,0.34780600666999817,-0.05367061495780945,0.20710289478302002,0.2252325415611267,-0.01812964677810669,0.48909181356430054,0.5365227460861206,-0.04743093252182007,0.17467337846755981,0.1999046802520752,-0.02523130178451538,0.28520655632019043,0.29457998275756836,-0.00937342643737793,0.28520655632019043,0.29457998275756836,-0.00937342643737793,0.35552743077278137,0.4068552553653717,-0.05132782459259033
67#33,MC_OFF,rapid_20Hz,AC_off,logit,0.500948429107666,0.5713508129119873,-0.07040238380432129,0.500948429107666,0.5713508129119873,-0.07040238380432129,433.33333333333337,440.0,-6.666666666666629,133.33333333333337,140.0,-6.666666666666629,0.9945117235183716,1.1208090782165527,-0.12629735469818115,0.0014420747756958008,0.00811004638671875,-0.006667971611022949,7.748603820800781e-07,1.5497207641601562e-06,-7.748603820800781e-07,0.20710289478302002,0.2252325415611267,-0.01812964677810669,0.290988564491272,0.336450457572937,-0.04546189308166504,0.20710289478302002,0.2252325415611267,-0.01812964677810669,0.43698441982269287,0.48198455572128296,-0.04500013589859009,0.17289654910564423,0.19818244874477386,-0.02528589963912964,0.2207411527633667,0.22929978370666504,-0.00855863094329834,0.2207411527633667,0.22929978370666504,-0.00855863094329834,0.3555111289024353,0.4068385064601898,-0.05132737755775452
67#33,MC_OFF,transient_50ms,AC_off,logit,0.5036972761154175,0.5832774639129639,-0.07958018779754639,0.5036972761154175,0.5832774639129639,-0.07958018779754639,1380.0,1380.0,0.0,1080.0,1080.0,0.0,0.9945105314254761,1.120805025100708,-0.12629449367523193,0.004190921783447266,0.020036697387695312,-0.015845775604248047,-4.172325134277344e-07,-2.5033950805664062e-06,2.086162567138672e-06,0.20710289478302002,0.2252325415611267,-0.01812964677810669,0.2905556559562683,0.33497607707977295,-0.04442042112350464,0.20710289478302002,0.2252325415611267,-0.01812964677810669,0.48882928490638733,0.535710334777832,-0.0468810498714447,0.17216302454471588,0.19735495746135712,-0.025191932916641235,0.28712940216064453,0.29524481296539307,-0.008115410804748535,0.28712940216064453,0.29524481296539307,-0.008115410804748535,0.35552507638931274,0.4068571627140045,-0.05133208632469177
67#33,MC_OFF,large_field_50ms,AC_off,logit,0.47708582878112793,0.5085169076919556,-0.03143107891082764,0.47708582878112793,0.5085169076919556,-0.03143107891082764,360.0,353.33333333333337,6.666666666666629,60.0,53.33333333333337,6.666666666666629,-2.38418573772492e-09,0.0,-2.38418573772492e-09,-0.01388859748840332,-0.042935848236083984,0.029047250747680664,-7.947285052267716e-10,0.0,-7.947285052267716e-10,0.20637907087802887,0.22292087972164154,-0.01654180884361267,0.27478668093681335,0.27612921595573425,-0.0013425350189208984,0.20637907087802887,0.22292087972164154,-0.01654180884361267,0.27478668093681335,0.27612921595573425,-0.0013425350189208984,0.015566623769700527,0.015916090458631516,-0.0003494666889309883,0.27587890625,0.267850399017334,0.008028507232666016,0.27587890625,0.267850399017334,0.008028507232666016,-1.5894572324981482e-09,7.947286162490741e-10,-2.3841858487472223e-09
67#33,MC_OFF,slow_step,AC_off,probability,0.08194196224212646,0.09786905348300934,-0.015927091240882874,0.08194196224212646,0.09786905348300934,-0.015927091240882874,1453.3333333333335,1453.3333333333335,0.0,1153.3333333333335,1153.3333333333335,0.0,0.16104871034622192,0.1857120841741562,-0.024663373827934265,0.000934898853302002,0.004395216703414917,-0.003460317850112915,-5.319714546203613e-06,1.780688762664795e-05,-2.3126602172851562e-05,0.0324179008603096,0.03588421270251274,-0.0034663118422031403,0.04710550606250763,0.058319829404354095,-0.011214323341846466,0.0324179008603096,0.03588421270251274,-0.0034663118422031403,0.07936142385005951,0.08848211914300919,-0.009120695292949677,0.030326707288622856,0.035567689687013626,-0.00524098239839077,0.05439877510070801,0.06111966073513031,-0.006720885634422302,0.05439877510070801,0.06111966073513031,-0.006720885634422302,0.06102406233549118,0.07170333713293076,-0.010679274797439575
67#33,MC_OFF,slow_1Hz,AC_off,probability,0.08194231986999512,0.09786947071552277,-0.01592715084552765,0.08194231986999512,0.09786947071552277,-0.01592715084552765,953.3333333333334,953.3333333333334,0.0,653.3333333333334,653.3333333333334,0.0,0.16104856133460999,0.18571026623249054,-0.024661704897880554,0.0009352564811706543,0.004395633935928345,-0.0034603774547576904,-5.46872615814209e-06,1.5988945960998535e-05,-2.1457672119140625e-05,0.0324179008603096,0.03588421270251274,-0.0034663118422031403,0.0471055842936039,0.05832009017467499,-0.01121450588107109,0.0324179008603096,0.03588421270251274,-0.0034663118422031403,0.07936327159404755,0.08848416805267334,-0.009120896458625793,0.03036259301006794,0.035623274743556976,-0.0052606817334890366,0.05439877510070801,0.06111966073513031,-0.006720885634422302,0.05439877510070801,0.06111966073513031,-0.006720885634422302,0.061095692217350006,0.07181435078382492,-0.010718658566474915
67#33,MC_OFF,slow_2Hz,AC_off,probability,0.08195047080516815,0.09787870943546295,-0.0159282386302948,0.08195047080516815,0.09787870943546295,-0.0159282386302948,693.3333333333334,700.0,-6.666666666666629,393.33333333333337,400.0,-6.666666666666629,0.16104823350906372,0.1857064664363861,-0.024658232927322388,0.000943407416343689,0.00440487265586853,-0.0034614652395248413,-5.796551704406738e-06,1.2189149856567383e-05,-1.798570156097412e-05,0.0324179008603096,0.03588421270251274,-0.0034663118422031403,0.04710720106959343,0.058325979858636856,-0.011218778789043427,0.0324179008603096,0.03588421270251274,-0.0034663118422031403,0.07936926931142807,0.08840712159872055,-0.00903785228729248,0.03043868951499462,0.035739339888095856,-0.0053006503731012344,0.05439877510070801,0.06111966073513031,-0.006720885634422302,0.05439877510070801,0.06111966073513031,-0.006720885634422302,0.061244819313287735,0.07204332947731018,-0.010798510164022446
67#33,MC_OFF,rapid_10Hz,AC_off,probability,0.08196243643760681,0.09737329185009003,-0.015410855412483215,0.08196243643760681,0.09737329185009003,-0.015410855412483215,433.33333333333337,433.33333333333337,0.0,133.33333333333337,133.33333333333337,0.0,0.16104690730571747,0.18568095564842224,-0.024634048342704773,0.0009553730487823486,0.0038994550704956055,-0.002944082021713257,-7.12275505065918e-06,-1.3321638107299805e-05,6.198883056640625e-06,0.0324179008603096,0.03588421270251274,-0.0034663118422031403,0.04650244861841202,0.05616379529237747,-0.009661346673965454,0.0324179008603096,0.03588421270251274,-0.0034663118422031403,0.07907567173242569,0.08835911750793457,-0.00928344577550888,0.03066418319940567,0.036257579922676086,-0.005593396723270416,0.04897718131542206,0.052117034792900085,-0.0031398534774780273,0.04897718131542206,0.052117034792900085,-0.0031398534774780273,0.062353745102882385,0.07371097803115845,-0.011357232928276062
67#33,MC_OFF,rapid_20Hz,AC_off,probability,0.08127541840076447,0.09503968060016632,-0.013764262199401855,0.08127541840076447,0.09503968060016632,-0.013764262199401855,433.33333333333337,440.0,-6.666666666666629,133.33333333333337,140.0,-6.666666666666629,0.16104988753795624,0.18568067252635956,-0.02463078498840332,0.00026835501194000244,0.0015658438205718994,-0.001297488808631897,-4.1425228118896484e-06,-1.360476016998291e-05,9.462237358093262e-06,0.0324179008603096,0.03588421270251274,-0.0034663118422031403,0.0459798201918602,0.05420853942632675,-0.008228719234466553,0.0324179008603096,0.03588421270251274,-0.0034663118422031403,0.06983129680156708,0.0784936398267746,-0.00866234302520752,0.030619055032730103,0.036222316324710846,-0.005603261291980743,0.03865480422973633,0.04161718487739563,-0.0029623806476593018,0.03865480422973633,0.04161718487739563,-0.0029623806476593018,0.0627913698554039,0.07416599988937378,-0.01137463003396988
67#33,MC_OFF,transient_50ms,AC_off,probability,0.08178748190402985,0.09735335409641266,-0.015565872192382812,0.08178748190402985,0.09735335409641266,-0.015565872192382812,1380.0,1380.0,0.0,1080.0,1080.0,0.0,0.16105420887470245,0.18569634854793549,-0.024642139673233032,0.0007804185152053833,0.0038795173168182373,-0.003099098801612854,1.7881393432617188e-07,2.0712614059448242e-06,-1.8924474716186523e-06,0.0324179008603096,0.03588421270251274,-0.0034663118422031403,0.045942261815071106,0.05409519374370575,-0.008152931928634644,0.0324179008603096,0.03588421270251274,-0.0034663118422031403,0.07902698218822479,0.08820414543151855,-0.009177163243293762,0.0305180586874485,0.03607278689742088,-0.005554728209972382,0.04926745593547821,0.05197794735431671,-0.002710491418838501,0.04926745593547821,0.05197794735431671,-0.002710491418838501,0.06276853382587433,0.07408227771520615,-0.011313743889331818
67#33,MC_OFF,large_field_50ms,AC_off,probability,0.07686001062393188,0.08306761085987091,-0.006207600235939026,0.07686001062393188,0.08306761085987091,-0.006207600235939026,360.0,353.33333333333337,6.666666666666629,60.0,53.33333333333337,6.666666666666629,0.0008369390270672739,0.000955392315518111,-0.00011845328845083714,-0.0025633424520492554,-0.008141130208969116,0.005577787756919861,-4.142662510275841e-05,-0.00015472964150831103,0.00011330301640555263,0.03228627145290375,0.03545110672712326,-0.003164835274219513,0.04308634251356125,0.0439845509827137,-0.0008982084691524506,0.03228627145290375,0.03545110672712326,-0.003164835274219513,0.04308634251356125,0.0439845509827137,-0.0008982084691524506,0.0021639622282236814,0.002227133372798562,-6.31711445748806e-05,-0.03958158195018768,0.04231974482536316,-0.08190132677555084,0.03958158195018768,0.04231974482536316,-0.002738162875175476,0.00026353588327765465,0.0003991990815848112,-0.00013566319830715656
67#34,PC_ON,slow_step,normal,logit,0.34608030319213867,0.3899005651473999,-0.04382026195526123,0.34608030319213867,0.3899005651473999,-0.04382026195526123,1680.0,1513.3333333333335,166.66666666666652,1380.0,1213.3333333333335,166.66666666666652,0.3809848129749298,0.4191966652870178,-0.03821185231208801,0.11620771884918213,0.1260889768600464,-0.009881258010864258,-0.0004184246063232422,-0.0005706250667572021,0.00015220046043395996,0.0883542150259018,0.08831942081451416,3.479421138763428e-05,0.2468528300523758,0.26394638419151306,-0.017093554139137268,0.0883542150259018,0.08831942081451416,3.479421138763428e-05,0.04602295160293579,0.06729836761951447,-0.021275416016578674,0.0,0.0,0.0,0.0,0.0,0.0,0.0,0.0,0.0,0.0,0.0,0.0
67#34,PC_ON,slow_1Hz,normal,logit,0.34608030319213867,0.38990020751953125,-0.04381990432739258,0.34608030319213867,0.38990020751953125,-0.04381990432739258,1180.0,1013.3333333333334,166.66666666666663,880.0,713.3333333333334,166.66666666666663,0.38103654980659485,0.4192621111869812,-0.03822556138038635,0.11620771884918213,0.12608861923217773,-0.009880900382995605,-0.0003666877746582031,-0.0005051791667938232,0.00013849139213562012,0.0883542150259018,0.08831942081451416,3.479421138763428e-05,0.24686379730701447,0.26395803689956665,-0.017094239592552185,0.0883542150259018,0.08831942081451416,3.479421138763428e-05,0.046020373702049255,0.06729525327682495,-0.021274879574775696,0.0,0.0,0.0,0.0,0.0,0.0,0.0,0.0,0.0,0.0,0.0,0.0
67#34,PC_ON,slow_2Hz,normal,logit,0.3458395004272461,0.3898930549621582,-0.04405355453491211,0.3458395004272461,0.3898930549621582,-0.04405355453491211,826.6666666666667,766.6666666666667,60.0,526.6666666666667,466.66666666666674,60.0,0.3811382055282593,0.41939210891723633,-0.03825390338897705,0.11596691608428955,0.1260814666748047,-0.010114550590515137,-0.0002650320529937744,-0.0003751814365386963,0.00011014938354492188,0.0883542150259018,0.08831942081451416,3.479421138763428e-05,0.24657675623893738,0.26418790221214294,-0.017611145973205566,0.0883542150259018,0.08831942081451416,3.479421138763428e-05,0.04368574172258377,0.06349970400333405,-0.019813962280750275,0.0,0.0,0.0,0.0,0.0,0.0,0.0,0.0,0.0,0.0,0.0,0.0
67#34,PC_ON,rapid_10Hz,normal,logit,0.28572142124176025,0.2912907600402832,-0.005569338798522949,0.28572142124176025,0.2912907600402832,-0.005569338798522949,433.33333333333337,426.6666666666667,6.666666666666686,133.33333333333337,126.66666666666669,6.666666666666686,0.3813951313495636,0.41976499557495117,-0.03836986422538757,0.05584883689880371,0.027479171752929688,0.028369665145874023,-8.106231689453125e-06,-2.294778823852539e-06,-5.811452865600586e-06,0.0883542150259018,0.08831942081451416,3.479421138763428e-05,0.14808689057826996,0.16642151772975922,-0.018334627151489258,0.0883542150259018,0.08831942081451416,3.479421138763428e-05,0.12160926312208176,0.153379887342453,-0.031770624220371246,0.0,0.0,0.0,0.0,0.0,0.0,0.0,0.0,0.0,0.0,0.0,0.0
67#34,PC_ON,rapid_20Hz,normal,logit,0.22749853134155273,0.23447489738464355,-0.00697636604309082,0.22749853134155273,0.23447489738464355,-0.00697636604309082,440.0,373.33333333333337,66.66666666666663,140.0,73.33333333333337,66.66666666666663,0.3814065754413605,0.4197722375392914,-0.03836566209793091,-0.0023740530014038086,-0.02933669090270996,0.026962637901306152,3.337860107421875e-06,4.947185516357422e-06,-1.6093254089355469e-06,0.0883542150259018,0.09001801908016205,-0.001663804054260254,0.10385425388813019,0.1197027713060379,-0.015848517417907715,0.0883542150259018,0.09001801908016205,-0.001663804054260254,0.16766610741615295,0.1971748024225235,-0.029508695006370544,0.0,0.0,0.0,0.0,0.0,0.0,0.0,0.0,0.0,0.0,0.0,0.0
67#34,PC_ON,transient_50ms,normal,logit,0.30745089054107666,0.3336137533187866,-0.02616286277770996,0.30745089054107666,0.3336137533187866,-0.02616286277770996,1386.6666666666667,1373.3333333333335,13.333333333333258,1086.6666666666667,1073.3333333333335,13.333333333333258,0.38139376044273376,0.41975483298301697,-0.0383610725402832,0.07757830619812012,0.0698021650314331,0.007776141166687012,-9.47713851928711e-06,-1.245737075805664e-05,2.9802322387695312e-06,0.0883542150259018,0.08831942081451416,3.479421138763428e-05,0.09688271582126617,0.10286590456962585,-0.00598318874835968,0.0883542150259018,0.08831942081451416,3.479421138763428e-05,0.1174054816365242,0.13642258942127228,-0.019017107784748077,0.0,0.0,0.0,0.0,0.0,0.0,0.0,0.0,0.0,0.0,0.0,0.0
67#34,PC_ON,large_field_50ms,normal,logit,0.20351803302764893,0.1949012279510498,0.008616805076599121,0.20351803302764893,0.1949012279510498,0.008616805076599121,340.0,340.0,0.0,40.0,40.0,0.0,7.947286162490741e-10,7.947286162490741e-10,0.0,0.433390736579895,-0.06891036033630371,0.5023010969161987,2.3841858487472223e-09,2.3841858487472223e-09,0.0,0.08828748762607574,0.08789868652820587,0.00038880109786987305,0.025604724884033203,0.026704976335167885,-0.0011002514511346817,0.08828748762607574,0.08789868652820587,0.00038880109786987305,0.025604724884033203,0.026704976335167885,-0.0011002514511346817,0.0,0.0,0.0,0.0,0.0,0.0,0.0,0.0,0.0,0.0,0.0,0.0
67#34,PC_ON,slow_step,normal,probability,0.045723751187324524,0.05222001671791077,-0.006496265530586243,0.045723751187324524,0.05222001671791077,-0.006496265530586243,1680.0,1513.3333333333335,166.66666666666652,1380.0,1213.3333333333335,166.66666666666652,0.049630001187324524,0.05541867017745972,-0.005788668990135193,0.016569361090660095,0.01841101050376892,-0.0018416494131088257,0.0018956996500492096,0.002591639757156372,-0.0006959401071071625,0.010982060804963112,0.010938722640275955,4.333816468715668e-05,0.03197202831506729,0.03456028178334236,-0.00258825346827507,0.010982060804963112,0.010938722640275955,4.333816468715668e-05,0.005481712520122528,0.008127434179186821,-0.002645721659064293,0.0,0.0,0.0,0.0,0.0,0.0,0.0,0.0,0.0,0.0,0.0,0.0
67#34,PC_ON,slow_1Hz,normal,probability,0.045723751187324524,0.0522199422121048,-0.0064961910247802734,0.045723751187324524,0.0522199422121048,-0.0064961910247802734,1180.0,1013.3333333333334,166.66666666666663,880.0,713.3333333333334,166.66666666666663,0.04949820786714554,0.055256929248571396,-0.0057587213814258575,0.016569361090660095,0.01841093599796295,-0.0018415749073028564,0.001763906329870224,0.002429898828268051,-0.0006659924983978271,0.010982060804963112,0.010938722640275955,4.333816468715668e-05,0.03197356313467026,0.034561946988105774,-0.0025883838534355164,0.010982060804963112,0.010938722640275955,4.333816468715668e-05,0.005481403321027756,0.008127054199576378,-0.002645650878548622,0.0,0.0,0.0,0.0,0.0,0.0,0.0,0.0,0.0,0.0,0.0,0.0
67#34,PC_ON,slow_2Hz,normal,probability,0.045688122510910034,0.052218854427337646,-0.006530731916427612,0.045688122510910034,0.052218854427337646,-0.006530731916427612,826.6666666666667,766.6666666666667,60.0,526.6666666666667,466.66666666666674,60.0,0.04923127591609955,0.05492714047431946,-0.00569586455821991,0.016533732414245605,0.0184098482131958,-0.0018761157989501953,0.001496974378824234,0.0021001100540161133,-0.0006031356751918793,0.010982060804963112,0.010938722640275955,4.333816468715668e-05,0.031932488083839417,0.03459462523460388,-0.0026621371507644653,0.010982060804963112,0.010938722640275955,4.333816468715668e-05,0.005191130097955465,0.00763901649042964,-0.0024478863924741745,0.0,0.0,0.0,0.0,0.0,0.0,0.0,0.0,0.0,0.0,0.0,0.0
67#34,PC_ON,rapid_10Hz,normal,probability,0.03696008026599884,0.03769415616989136,-0.0007340759038925171,0.03696008026599884,0.03769415616989136,-0.0007340759038925171,433.33333333333337,426.6666666666667,6.666666666666686,133.33333333333337,126.66666666666669,6.666666666666686,0.04802346229553223,0.05300628021359444,-0.00498281791806221,0.007805690169334412,0.0038851499557495117,0.0039205402135849,0.00028916075825691223,0.00017924979329109192,0.00010991096496582031,0.010982060804963112,0.010938722640275955,4.333816468715668e-05,0.01841067522764206,0.020907092839479446,-0.002496417611837387,0.010982060804963112,0.010938722640275955,4.333816468715668e-05,0.01487352978438139,0.018915323540568352,-0.004041793756186962,0.0,0.0,0.0,0.0,0.0,0.0,0.0,0.0,0.0,0.0,0.0,0.0
67#34,PC_ON,rapid_20Hz,normal,probability,0.028828978538513184,0.029738634824752808,-0.000909656286239624,0.028828978538513184,0.029738634824752808,-0.000909656286239624,440.0,373.33333333333337,66.66666666666663,140.0,73.33333333333337,66.66666666666663,0.04774001985788345,0.05279114842414856,-0.005051128566265106,-0.0003254115581512451,-0.004070371389389038,0.003744959831237793,5.718320608139038e-06,-3.5881996154785156e-05,4.1600316762924194e-05,0.010982060804963112,0.011166885495185852,-0.00018482469022274017,0.012797057628631592,0.014881975948810577,-0.0020849183201789856,0.010982060804963112,0.011166885495185852,-0.00018482469022274017,0.020836619660258293,0.024743614718317986,-0.003906995058059692,0.0,0.0,0.0,0.0,0.0,0.0,0.0,0.0,0.0,0.0,0.0,0.0
67#34,PC_ON,transient_50ms,normal,probability,0.040075600147247314,0.043816208839416504,-0.0037406086921691895,0.040075600147247314,0.043816208839416504,-0.0037406086921691895,1386.6666666666667,1373.3333333333335,13.333333333333258,1086.6666666666667,1073.3333333333335,13.333333333333258,0.04777643084526062,0.05287519469857216,-0.005098763853311539,0.010921210050582886,0.010007202625274658,0.0009140074253082275,4.2129307985305786e-05,4.816427826881409e-05,-6.034970283508301e-06,0.010982060804963112,0.010938722640275955,4.333816468715668e-05,0.012103518471121788,0.012928297743201256,-0.0008247792720794678,0.010982060804963112,0.010938722640275955,4.333816468715668e-05,0.014345092698931694,0.01672837696969509,-0.002383284270763397,0.0,0.0,0.0,0.0,0.0,0.0,0.0,0.0,0.0,0.0,0.0,0.0
67#34,PC_ON,large_field_50ms,normal,probability,0.02557101845741272,0.024373531341552734,0.0011974871158599854,0.02557101845741272,0.024373531341552734,0.0011974871158599854,340.0,340.0,0.0,40.0,40.0,0.0,0.000143897530506365,0.0001489309943281114,-5.033463821746409e-06,-0.003583371639251709,-0.009435474872589111,0.005852103233337402,-3.0967494240030646e-05,-8.378332131542265e-05,5.281582707539201e-05,0.010973094031214714,0.010882461443543434,9.063258767127991e-05,0.003571068635210395,0.003700162749737501,-0.00012909411452710629,0.010973094031214714,0.010882461443543434,9.063258767127991e-05,0.003571068635210395,0.003700162749737501,-0.00012909411452710629,0.0,0.0,0.0,0.0,0.0,0.0,0.0,0.0,0.0,0.0,0.0,0.0
67#34,PC_ON,slow_step,H1_off,logit,0.34590840339660645,0.38893258571624756,-0.04302418231964111,0.34590840339660645,0.38893258571624756,-0.04302418231964111,1680.0,1526.6666666666667,153.33333333333326,1380.0,1226.6666666666667,153.33333333333326,0.3813187777996063,0.42101791501045227,-0.03969913721084595,0.11591005325317383,0.12356531620025635,-0.0076552629470825195,-0.00041604042053222656,-0.0005559921264648438,0.0001399517059326172,0.08842693269252777,0.08879002928733826,-0.00036309659481048584,0.24671049416065216,0.26321083307266235,-0.016500338912010193,0.08842693269252777,0.08879002928733826,-0.00036309659481048584,0.04642599821090698,0.06938010454177856,-0.022954106330871582,0.0004007867828477174,0.002245316980406642,-0.0018445301975589246,-0.0013241767883300781,-0.009262800216674805,0.007938623428344727,0.0013241767883300781,0.009262800216674805,-0.007938623428344727,0.00033394258935004473,0.0018212549621239305,-0.0014873123727738857
67#34,PC_ON,slow_1Hz,H1_off,logit,0.34590840339660645,0.38893234729766846,-0.04302394390106201,0.34590840339660645,0.38893234729766846,-0.04302394390106201,1180.0,1026.6666666666667,153.33333333333326,880.0,726.6666666666667,153.33333333333326,0.381370484828949,0.42108362913131714,-0.039713144302368164,0.11591005325317383,0.12356507778167725,-0.007655024528503418,-0.0003643333911895752,-0.0004902780055999756,0.0001259446144104004,0.08842693269252777,0.08879002928733826,-0.00036309659481048584,0.2467215657234192,0.2632226347923279,-0.01650106906890869,0.08842693269252777,0.08879002928733826,-0.00036309659481048584,0.04642340540885925,0.06937676668167114,-0.02295336127281189,0.00047809520037844777,0.002750554122030735,-0.0022724589216522872,0.0016543865203857422,0.011064887046813965,-0.009410500526428223,0.0016543865203857422,0.011064887046813965,-0.009410500526428223,0.0003339147660881281,0.0018215307500213385,-0.0014876159839332104
67#34,PC_ON,slow_2Hz,H1_off,logit,0.34565842151641846,0.38892483711242676,-0.0432664155960083,0.34565842151641846,0.38892483711242676,-0.0432664155960083,826.6666666666667,780.0,46.66666666666674,526.6666666666667,480.0,46.66666666666674,0.38147205114364624,0.42121410369873047,-0.03974205255508423,0.11566007137298584,0.12355756759643555,-0.007897496223449707,-0.00026276707649230957,-0.0003598034381866455,9.703636169433594e-05,0.08842693269252777,0.08879002928733826,-0.00036309659481048584,0.2464231252670288,0.26345008611679077,-0.017026960849761963,0.08842693269252777,0.08879002928733826,-0.00036309659481048584,0.04412434622645378,0.06577540934085846,-0.02165106311440468,0.0006295712664723396,0.003745655994862318,-0.0031160847283899784,0.0016515254974365234,0.011066794395446777,-0.009415268898010254,0.0016515254974365234,0.011066794395446777,-0.009415268898010254,0.0003338440437801182,0.0018220123602077365,-0.0014881683164276183
67#34,PC_ON,rapid_10Hz,H1_off,logit,0.2847862243652344,0.28404760360717773,0.0007386207580566406,0.2847862243652344,0.28404760360717773,0.0007386207580566406,433.33333333333337,426.6666666666667,6.666666666666686,133.33333333333337,126.66666666666669,6.666666666666686,0.3817272484302521,0.42157432436943054,-0.03984707593917847,0.05478787422180176,0.018680334091186523,0.036107540130615234,-7.569789886474609e-06,4.172325134277344e-07,-7.987022399902344e-06,0.08842693269252777,0.08879002928733826,-0.00036309659481048584,0.14747002720832825,0.1619803011417389,-0.014510273933410645,0.08842693269252777,0.08879002928733826,-0.00036309659481048584,0.12267887592315674,0.16044111549854279,-0.03776223957538605,0.0007647323654964566,0.005256269127130508,-0.004491536761634052,0.0013080835342407227,0.008666157722473145,-0.007358074188232422,0.0013080835342407227,0.008666157722473145,-0.007358074188232422,0.0003321321855764836,0.0018092982936650515,-0.0014771661080885679
67#34,PC_ON,rapid_20Hz,H1_off,logit,0.2271507978439331,0.2382436990737915,-0.011092901229858398,0.2271507978439331,0.2382436990737915,-0.011092901229858398,440.0,373.33333333333337,66.66666666666663,140.0,73.33333333333337,66.66666666666663,0.38173824548721313,0.4215787947177887,-0.03984054923057556,-0.0028475522994995117,-0.027123570442199707,0.024276018142700195,3.427267074584961e-06,4.887580871582031e-06,-1.4603137969970703e-06,0.08842693269252777,0.09048859775066376,-0.0020616650581359863,0.103920578956604,0.11996622383594513,-0.016045644879341125,0.08842693269252777,0.09048859775066376,-0.0020616650581359863,0.16815084218978882,0.20039299130439758,-0.032242149114608765,0.00034156639594584703,0.002250112360343337,-0.00190854596439749,0.0009927749633789062,0.006738543510437012,-0.0057457685470581055,0.0009927749633789062,0.006738543510437012,-0.0057457685470581055,0.00033168078516609967,0.001806541346013546,-0.0014748605608474463
67#34,PC_ON,transient_50ms,H1_off,logit,0.30682897567749023,0.32852625846862793,-0.021697282791137695,0.30682897567749023,0.32852625846862793,-0.021697282791137695,1386.6666666666667,1373.3333333333335,13.333333333333258,1086.6666666666667,1073.3333333333335,13.333333333333258,0.3817254900932312,0.42156198620796204,-0.039836496114730835,0.07683062553405762,0.06315898895263672,0.013671636581420898,-9.328126907348633e-06,-1.1920928955078125e-05,2.592802047729492e-06,0.08842693269252777,0.08879002928733826,-0.00036309659481048584,0.09702706336975098,0.10362958908081055,-0.00660252571105957,0.08842693269252777,0.08879002928733826,-0.00036309659481048584,0.1185123398900032,0.1437183916568756,-0.025206051766872406,0.00020172397489659488,0.0011961213313043118,-0.0009943973564077169,0.0013080835342407227,0.008599281311035156,-0.007291197776794434,0.0013080835342407227,0.008599281311035156,-0.007291197776794434,0.0003317467344459146,0.001807197812013328,-0.0014754510775674134
67#34,PC_ON,large_field_50ms,H1_off,logit,0.20378899574279785,0.19874191284179688,0.0050470829010009766,0.20378899574279785,0.19874191284179688,0.0050470829010009766,340.0,346.6666666666667,-6.666666666666686,40.0,46.666666666666686,-6.666666666666686,-7.947286162490741e-10,1.5894572324981482e-09,-2.3841858487472223e-09,-0.026209354400634766,-0.06662535667419434,0.04041600227355957,7.947286162490741e-10,-7.947285052267716e-10,1.5894571214758457e-09,0.08842693269252777,0.08879002928733826,-0.00036309659481048584,0.027605483308434486,0.039760198444128036,-0.01215471513569355,0.08842693269252777,0.08879002928733826,-0.00036309659481048584,0.027605483308434486,0.039760198444128036,-0.01215471513569355,0.00018269539577886462,0.0012161735212430358,-0.0010334781254641712,0.002428889274597168,0.01575648784637451,-0.013327598571777344,0.002428889274597168,0.01575648784637451,-0.013327598571777344,-1.5894572324981482e-09,7.947286162490741e-10,-2.3841858487472223e-09
67#34,PC_ON,slow_step,H1_off,probability,0.045698314905166626,0.052072957158088684,-0.006374642252922058,0.045698314905166626,0.052072957158088684,-0.006374642252922058,1680.0,1526.6666666666667,153.33333333333326,1380.0,1226.6666666666667,153.33333333333326,0.04966408386826515,0.05559679865837097,-0.00593271479010582,0.01652666926383972,0.018045887351036072,-0.00151921808719635,0.0018852092325687408,0.002523183822631836,-0.0006379745900630951,0.010991835966706276,0.011001752689480782,-9.916722774505615e-06,0.03195185959339142,0.03445390611886978,-0.002502046525478363,0.010991835966706276,0.011001752689480782,-9.916722774505615e-06,0.005530023947358131,0.008377790451049805,-0.0028477665036916733,5.137721745995805e-05,0.00029029115103185177,-0.00023891393357189372,-0.00018349289894104004,-0.0013196617364883423,0.0011361688375473022,0.00018349289894104004,0.0013196617364883423,-0.0011361688375473022,3.4082037018379197e-05,0.00017813008162193,-0.0001440480446035508
67#34,PC_ON,slow_1Hz,H1_off,probability,0.045698314905166626,0.05207289755344391,-0.006374582648277283,0.045698314905166626,0.05207289755344391,-0.006374582648277283,1180.0,1026.6666666666667,153.33333333333326,880.0,726.6666666666667,153.33333333333326,0.04953155666589737,0.05542781949043274,-0.00589626282453537,0.01652666926383972,0.018045827746391296,-0.0015191584825515747,0.0017526820302009583,0.0023542046546936035,-0.0006015226244926453,0.010991835966706276,0.011001752689480782,-9.916722774505615e-06,0.031953416764736176,0.034455589950084686,-0.0025021731853485107,0.010991835966706276,0.011001752689480782,-9.916722774505615e-06,0.00552971288561821,0.008377380669116974,-0.002847667783498764,6.184275116538629e-05,0.0003593515430111438,-0.0002975087918457575,0.000212937593460083,0.0014167577028274536,-0.0012038201093673706,0.000212937593460083,0.0014167577028274536,-0.0012038201093673706,3.334820212330669e-05,0.00017089069297071546,-0.00013754249084740877
67#34,PC_ON,slow_2Hz,H1_off,probability,0.0456613153219223,0.052071765065193176,-0.006410449743270874,0.0456613153219223,0.052071765065193176,-0.006410449743270874,826.6666666666667,780.0,46.66666666666674,526.6666666666667,480.0,46.66666666666674,0.04926322028040886,0.05508378520607948,-0.005820564925670624,0.016489669680595398,0.018044695258140564,-0.001555025577545166,0.0014843456447124481,0.0020101703703403473,-0.0005258247256278992,0.010991835966706276,0.011001752689480782,-9.916722774505615e-06,0.0319107249379158,0.03448789566755295,-0.002577170729637146,0.010991835966706276,0.011001752689480782,-9.916722774505615e-06,0.005243818741291761,0.007914276793599129,-0.0026704580523073673,8.235091809183359e-05,0.0004954583710059524,-0.00041310745291411877,0.00021256506443023682,0.0014171302318572998,-0.001204565167427063,0.00021256506443023682,0.0014171302318572998,-0.001204565167427063,3.194203236489557e-05,0.00015664150123484433,-0.00012469946886994876
67#34,PC_ON,rapid_10Hz,H1_off,probability,0.03682698309421539,0.036663249135017395,0.00016373395919799805,0.03682698309421539,0.036663249135017395,0.00016373395919799805,433.33333333333337,426.6666666666667,6.666666666666686,133.33333333333337,126.66666666666669,6.666666666666686,0.04805930703878403,0.053199250251054764,-0.005139943212270737,0.007655337452888489,0.0026361793279647827,0.005019158124923706,0.00028043240308761597,0.00012563541531562805,0.00015479698777198792,0.010991835966706276,0.011001752689480782,-9.916722774505615e-06,0.018330728635191917,0.02033107355237007,-0.002000344917178154,0.010991835966706276,0.011001752689480782,-9.916722774505615e-06,0.015009469352662563,0.01983308605849743,-0.004823616705834866,0.00010133117757504806,0.0007064430974423885,-0.0006051119198673405,0.0001644343137741089,0.0011171698570251465,-0.0009527355432510376,0.0001644343137741089,0.0011171698570251465,-0.0009527355432510376,3.584424848668277e-05,0.00019297322432976216,-0.0001571289758430794
67#34,PC_ON,rapid_20Hz,H1_off,probability,0.028781354427337646,0.030257076025009155,-0.0014757215976715088,0.028781354427337646,0.030257076025009155,-0.0014757215976715088,440.0,373.33333333333337,66.66666666666663,140.0,73.33333333333337,66.66666666666663,0.04778321832418442,0.05303877219557762,-0.005255553871393204,-0.0003902912139892578,-0.003769993782043457,0.0033797025680541992,4.343688488006592e-06,-3.484264016151428e-05,3.9186328649520874e-05,0.010991835966706276,0.011230310425162315,-0.00023847445845603943,0.012807512655854225,0.014936013147234917,-0.0021285004913806915,0.010991835966706276,0.011230310425162315,-0.00023847445845603943,0.02090045064687729,0.025182269513607025,-0.004281818866729736,4.534582330961712e-05,0.00030442053684964776,-0.00025907471354003064,0.00012959539890289307,0.000918269157409668,-0.0007886737585067749,0.00012959539890289307,0.000918269157409668,-0.0007886737585067749,4.3200354411965236e-05,0.0002476294757798314,-0.00020442912136786617
67#34,PC_ON,transient_50ms,H1_off,probability,0.03998582065105438,0.04307138919830322,-0.0030855685472488403,0.03998582065105438,0.04307138919830322,-0.0030855685472488403,1386.6666666666667,1373.3333333333335,13.333333333333258,1086.6666666666667,1073.3333333333335,13.333333333333258,0.04782041162252426,0.053117524832487106,-0.005297113209962845,0.010814175009727478,0.00904431939125061,0.0017698556184768677,4.153698682785034e-05,4.390999674797058e-05,-2.3730099201202393e-06,0.010991835966706276,0.011001752689480782,-9.916722774505615e-06,0.012121852487325668,0.01302609033882618,-0.0009042378515005112,0.010991835966706276,0.011001752689480782,-9.916722774505615e-06,0.014485378749668598,0.017666473984718323,-0.0031810952350497246,2.6917457944364287e-05,0.00016171067545656115,-0.00013479321751219686,0.0001644343137741089,0.0010962337255477905,-0.0009317994117736816,0.0001644343137741089,0.0010962337255477905,-0.0009317994117736816,4.398107557790354e-05,0.00024232477881014347,-0.00019834370323223993
67#34,PC_ON,large_field_50ms,H1_off,probability,0.02560754120349884,0.02488793432712555,0.000719606876373291,0.02560754120349884,0.02488793432712555,0.000719606876373291,340.0,346.6666666666667,-6.666666666666686,40.0,46.666666666666686,-6.666666666666686,0.00014490674948319793,0.00015756294305901974,-1.2656193575821817e-05,-0.003564104437828064,-0.009139135479927063,0.005575031042098999,-3.0324794352054596e-05,-7.814393029548228e-05,4.781913594342768e-05,0.010991835966706276,0.011001752689480782,-9.916722774505615e-06,0.003809824585914612,0.005263808649033308,-0.0014539840631186962,0.010991835966706276,0.011001752689480782,-9.916722774505615e-06,0.003809824585914612,0.005263808649033308,-0.0014539840631186962,2.1356145225581713e-05,0.00014193927927408367,-0.00012058313404850196,0.00029546022415161133,0.0019285380840301514,-0.00163307785987854,0.00029546022415161133,0.0019285380840301514,-0.00163307785987854,1.009206016533426e-06,8.631945092929527e-06,-7.622739076396101e-06
67#34,PC_ON,slow_step,AC_off,logit,0.35763490200042725,0.4814838171005249,-0.12384891510009766,0.35763490200042725,0.4814838171005249,-0.12384891510009766,1500.0,1466.6666666666667,33.33333333333326,1200.0,1166.6666666666667,33.33333333333326,0.7113314270973206,0.9323523044586182,-0.2210208773612976,0.00046443939208984375,0.013002514839172363,-0.01253807544708252,3.5762786865234375e-07,-2.980232238769531e-07,6.556510925292969e-07,0.10001732409000397,0.1339896023273468,-0.033972278237342834,0.2578393220901489,0.3471835255622864,-0.08934420347213745,0.10001732409000397,0.1339896023273468,-0.033972278237342834,0.3537481725215912,0.4516785740852356,-0.09793040156364441,0.16491162776947021,0.2535015940666199,-0.08858996629714966,0.3188241720199585,0.421667218208313,-0.10284304618835449,0.3188241720199585,0.421667218208313,-0.10284304618835449,0.33034658432006836,0.5131557583808899,-0.18280917406082153
67#34,PC_ON,slow_1Hz,AC_off,logit,0.35763585567474365,0.48148560523986816,-0.12384974956512451,0.35763585567474365,0.48148560523986816,-0.12384974956512451,993.3333333333334,966.6666666666667,26.66666666666663,693.3333333333334,666.6666666666667,26.66666666666663,0.7113314270973206,0.9323528409004211,-0.22102141380310059,0.00046539306640625,0.013004302978515625,-0.012538909912109375,3.5762786865234375e-07,2.384185791015625e-07,1.1920928955078125e-07,0.10001732409000397,0.1339896023273468,-0.033972278237342834,0.25783950090408325,0.34718456864356995,-0.0893450677394867,0.10001732409000397,0.1339896023273468,-0.033972278237342834,0.35375672578811646,0.4516891837120056,-0.09793245792388916,0.16488638520240784,0.25346967577934265,-0.08858329057693481,0.3188241720199585,0.421667218208313,-0.10284304618835449,0.3188241720199585,0.421667218208313,-0.10284304618835449,0.3302949070930481,0.5130906105041504,-0.1827957034111023
67#34,PC_ON,slow_2Hz,AC_off,logit,0.35766077041625977,0.4815235137939453,-0.12386274337768555,0.35766077041625977,0.4815235137939453,-0.12386274337768555,720.0,713.3333333333334,6.666666666666629,420.0,413.33333333333337,6.666666666666629,0.7113314270973206,0.9323535561561584,-0.2210221290588379,0.0004903078079223633,0.013042211532592773,-0.01255190372467041,3.5762786865234375e-07,9.5367431640625e-07,-5.960464477539062e-07,0.10001732409000397,0.1339896023273468,-0.033972278237342834,0.25784265995025635,0.34720736742019653,-0.08936470746994019,0.10001732409000397,0.1339896023273468,-0.033972278237342834,0.3539188504219055,0.45168331265449524,-0.09776446223258972,0.1648293435573578,0.2534167766571045,-0.0885874330997467,0.31859350204467773,0.421667218208313,-0.10307371616363525,0.31859350204467773,0.421667218208313,-0.10307371616363525,0.3301932215690613,0.5129616260528564,-0.18276840448379517
67#34,PC_ON,rapid_10Hz,AC_off,logit,0.35784482955932617,0.47689616680145264,-0.11905133724212646,0.35784482955932617,0.47689616680145264,-0.11905133724212646,433.33333333333337,433.33333333333337,0.0,133.33333333333337,133.33333333333337,0.0,0.7113312482833862,0.9323542714118958,-0.22102302312850952,0.0006743669509887695,0.008414864540100098,-0.007740497589111328,1.7881393432617188e-07,1.6689300537109375e-06,-1.4901161193847656e-06,0.10001732409000397,0.1339896023273468,-0.033972278237342834,0.25637784600257874,0.3369917869567871,-0.08061394095420837,0.10001732409000397,0.1339896023273468,-0.033972278237342834,0.3191445767879486,0.41574135422706604,-0.09659677743911743,0.16153576970100403,0.25066348910331726,-0.08912771940231323,0.2532609701156616,0.32567429542541504,-0.07241332530975342,0.2532609701156616,0.32567429542541504,-0.07241332530975342,0.32993605732917786,0.5125892162322998,-0.18265315890312195
67#34,PC_ON,rapid_20Hz,AC_off,logit,0.3571605682373047,0.4714900255203247,-0.11432945728302002,0.3571605682373047,0.4714900255203247,-0.11432945728302002,440.0,440.0,0.0,140.0,140.0,0.0,0.7113311886787415,0.9323534369468689,-0.22102224826812744,-9.894371032714844e-06,0.003008723258972168,-0.003018617630004883,1.1920928955078125e-07,8.344650268554688e-07,-7.152557373046875e-07,0.10001732409000397,0.1339896023273468,-0.033972278237342834,0.25596901774406433,0.33292025327682495,-0.07695123553276062,0.10001732409000397,0.1339896023273468,-0.033972278237342834,0.24902895092964172,0.32925376296043396,-0.08022481203079224,0.15991468727588654,0.24907562136650085,-0.08916093409061432,0.19543695449829102,0.27233970165252686,-0.07690274715423584,0.19543695449829102,0.27233970165252686,-0.07690274715423584,0.3299245834350586,0.5125811696052551,-0.18265658617019653
67#34,PC_ON,transient_50ms,AC_off,logit,0.3571016788482666,0.47830986976623535,-0.12120819091796875,0.3571016788482666,0.47830986976623535,-0.12120819091796875,1386.6666666666667,1386.6666666666667,0.0,1086.6666666666667,1086.6666666666667,0.0,0.7113309502601624,0.9323514103889465,-0.22102046012878418,-6.878376007080078e-05,0.009828567504882812,-0.009897351264953613,-1.1920928955078125e-07,-1.1920928955078125e-06,1.0728836059570312e-06,0.10001732409000397,0.1339896023273468,-0.033972278237342834,0.2558971047401428,0.3323001265525818,-0.07640302181243896,0.10001732409000397,0.1339896023273468,-0.033972278237342834,0.319107323884964,0.4154495894908905,-0.09634226560592651,0.1590588539838791,0.24807889759540558,-0.08902004361152649,0.250713586807251,0.31824278831481934,-0.06752920150756836,0.250713586807251,0.31824278831481934,-0.06752920150756836,0.3299371600151062,0.512596607208252,-0.18265944719314575
67#34,PC_ON,large_field_50ms,AC_off,logit,0.29933881759643555,0.3857920169830322,-0.08645319938659668,0.29933881759643555,0.3857920169830322,-0.08645319938659668,360.0,360.0,0.0,60.0,60.0,0.0,0.0,-1.5894572324981482e-09,1.5894572324981482e-09,-0.0018887519836425781,0.7881255149841309,-0.7900142669677734,-7.947286162490741e-10,1.5894572324981482e-09,-2.3841858487472223e-09,0.09995020925998688,0.133443221449852,-0.03349301218986511,0.22226503491401672,0.27459320425987244,-0.05232816934585571,0.09995020925998688,0.133443221449852,-0.03349301218986511,0.22226503491401672,0.27459320425987244,-0.05232816934585571,0.0158535223454237,0.020156389102339745,-0.004302866756916046,-0.24218320846557617,0.2788146734237671,-0.5209978818893433,0.24218320846557617,0.2788146734237671,-0.03663146495819092,-7.947286162490741e-10,-2.38418573772492e-09,1.5894571214758457e-09
67#34,PC_ON,slow_step,AC_off,probability,0.047440558671951294,0.06653882563114166,-0.01909826695919037,0.047440558671951294,0.06653882563114166,-0.01909826695919037,1500.0,1466.6666666666667,33.33333333333326,1200.0,1166.6666666666667,33.33333333333326,0.09417635202407837,0.12798643112182617,-0.0338100790977478,6.924569606781006e-05,0.002081841230392456,-0.002012595534324646,-1.646578311920166e-06,2.7120113372802734e-06,-4.3585896492004395e-06,0.012576093897223473,0.017216190695762634,-0.004640096798539162,0.0335114523768425,0.04668333753943443,-0.013171885162591934,0.012576093897223473,0.017216190695762634,-0.004640096798539162,0.04686165601015091,0.06179084628820419,-0.014929190278053284,0.02223559282720089,0.035858236253261566,-0.013622643426060677,0.04273100197315216,0.0582415908575058,-0.015510588884353638,0.04273100197315216,0.0582415908575058,-0.015510588884353638,0.04454634711146355,0.07256777584552765,-0.028021428734064102
67#34,PC_ON,slow_1Hz,AC_off,probability,0.04744070768356323,0.06653910875320435,-0.019098401069641113,0.04744070768356323,0.06653910875320435,-0.019098401069641113,993.3333333333334,966.6666666666667,26.66666666666663,693.3333333333334,666.6666666666667,26.66666666666663,0.09417632967233658,0.12798546254634857,-0.03380913287401199,6.939470767974854e-05,0.002082124352455139,-0.0020127296447753906,-1.6689300537109375e-06,1.7434358596801758e-06,-3.4123659133911133e-06,0.012576093897223473,0.017216190695762634,-0.004640096798539162,0.03351147472858429,0.04668349400162697,-0.013172019273042679,0.012576093897223473,0.017216190695762634,-0.004640096798539162,0.04686293378472328,0.061792515218257904,-0.014929581433534622,0.022301554679870605,0.03593869507312775,-0.013637140393257141,0.04273100197315216,0.0582415908575058,-0.015510588884353638,0.04273100197315216,0.0582415908575058,-0.015510588884353638,0.04467812180519104,0.07272853702306747,-0.028050415217876434
67#34,PC_ON,slow_2Hz,AC_off,probability,0.047444432973861694,0.06654518842697144,-0.01910075545310974,0.047444432973861694,0.06654518842697144,-0.01910075545310974,720.0,713.3333333333334,6.666666666666629,420.0,413.33333333333337,6.666666666666629,0.094176284968853,0.12798342108726501,-0.03380713611841202,7.311999797821045e-05,0.002088204026222229,-0.0020150840282440186,-1.7136335372924805e-06,-2.980232238769531e-07,-1.4156103134155273e-06,0.012576093897223473,0.017216190695762634,-0.004640096798539162,0.033511921763420105,0.04668693244457245,-0.013175010681152344,0.012576093897223473,0.017216190695762634,-0.004640096798539162,0.046887047588825226,0.061791520565748215,-0.014904472976922989,0.022434068843722343,0.03610406816005707,-0.013669999316334724,0.042707353830337524,0.0582415908575058,-0.015534237027168274,0.042707353830337524,0.0582415908575058,-0.015534237027168274,0.044945016503334045,0.07305628061294556,-0.02811126410961151
67#34,PC_ON,rapid_10Hz,AC_off,probability,0.04747188091278076,0.0658024400472641,-0.018330559134483337,0.04747188091278076,0.0658024400472641,-0.018330559134483337,433.33333333333337,433.33333333333337,0.0,133.33333333333337,133.33333333333337,0.0,0.09417671710252762,0.12797467410564423,-0.03379795700311661,0.00010056793689727783,0.0013454556465148926,-0.0012448877096176147,-1.2814998626708984e-06,-9.045004844665527e-06,7.763504981994629e-06,0.012576093897223473,0.017216190695762634,-0.004640096798539162,0.03330157324671745,0.0451185405254364,-0.011816967278718948,0.012576093897223473,0.017216190695762634,-0.004640096798539162,0.041789326816797256,0.05620335787534714,-0.014414031058549881,0.022614633664488792,0.03670962527394295,-0.014094991609454155,0.03471870720386505,0.046671971678733826,-0.011953264474868774,0.03471870720386505,0.046671971678733826,-0.011953264474868774,0.04615325853228569,0.07496839016675949,-0.0288151316344738
67#34,PC_ON,rapid_20Hz,AC_off,probability,0.04736983776092529,0.06493726372718811,-0.017567425966262817,0.04736983776092529,0.06493726372718811,-0.017567425966262817,440.0,440.0,0.0,140.0,140.0,0.0,0.09417737275362015,0.12797801196575165,-0.0338006392121315,-1.475214958190918e-06,0.0004802793264389038,-0.0004817545413970947,-6.258487701416016e-07,-5.707144737243652e-06,5.081295967102051e-06,0.012576093897223473,0.017216190695762634,-0.004640096798539162,0.03324662521481514,0.04454009234905243,-0.01129346713423729,0.012576093897223473,0.017216190695762634,-0.004640096798539162,0.03203084319829941,0.043575067073106766,-0.011544223874807358,0.022555986419320107,0.03662192448973656,-0.01406593807041645,0.027319610118865967,0.039916232228279114,-0.012596622109413147,0.027319610118865967,0.039916232228279114,-0.012596622109413147,0.046437352895736694,0.07518687844276428,-0.028749525547027588
67#34,PC_ON,transient_50ms,AC_off,probability,0.04736104607582092,0.0660291463136673,-0.018668100237846375,0.04736104607582092,0.0660291463136673,-0.018668100237846375,1386.6666666666667,1386.6666666666667,0.0,1086.6666666666667,1086.6666666666667,0.0,0.09417815506458282,0.1279858499765396,-0.03380769491195679,-1.0266900062561035e-05,0.0015721619129180908,-0.0015824288129806519,1.564621925354004e-07,2.130866050720215e-06,-1.9744038581848145e-06,0.012576093897223473,0.017216190695762634,-0.004640096798539162,0.03323924541473389,0.04448220506310463,-0.011242959648370743,0.012576093897223473,0.017216190695762634,-0.004640096798539162,0.041783809661865234,0.05615750327706337,-0.014373693615198135,0.022441329434514046,0.0364682637155056,-0.014026934280991554,0.03401903808116913,0.04528817534446716,-0.011269137263298035,0.03401903808116913,0.04528817534446716,-0.011269137263298035,0.04640171676874161,0.07511064410209656,-0.02870892733335495
67#34,PC_ON,large_field_50ms,AC_off,probability,0.03890734910964966,0.051596418023109436,-0.012689068913459778,0.03890734910964966,0.051596418023109436,-0.012689068913459778,360.0,360.0,0.0,60.0,60.0,0.0,0.00032052831375040114,0.0005133642116561532,-0.00019283589790575206,-0.00027145445346832275,-0.0025204122066497803,0.0022489577531814575,-5.298992618918419e-06,-5.5163458455353975e-05,4.9864465836435556e-05,0.01256675086915493,0.01713596098124981,-0.004569210112094879,0.0283785630017519,0.03584994003176689,-0.007471377030014992,0.01256675086915493,0.01713596098124981,-0.004569210112094879,0.0283785630017519,0.03584994003176689,-0.007471377030014992,0.0018551847897469997,0.0023594493977725506,-0.0005042646080255508,0.029285266995429993,0.036738693714141846,-0.007453426718711853,0.029285266995429993,0.036738693714141846,-0.007453426718711853,0.0001766307686921209,0.00036443324643187225,-0.00018780247773975134
68#3,MC_OFF,slow_step,normal,logit,0.4071769118309021,0.40294337272644043,0.00423353910446167,0.4071769118309021,0.40294337272644043,0.00423353910446167,1513.3333333333335,1466.6666666666667,46.66666666666674,1213.3333333333335,1166.6666666666667,46.66666666666674,0.4463980197906494,0.4385271370410919,0.007870882749557495,0.14232003688812256,0.12526941299438477,0.017050623893737793,-0.0005967617034912109,-0.0005964040756225586,-3.5762786865234375e-07,0.11156219989061356,0.1099771112203598,0.0015850886702537537,0.26962220668792725,0.25830721855163574,0.011314988136291504,0.11156219989061356,0.1099771112203598,0.0015850886702537537,0.06563529372215271,0.07067777961492538,-0.0050424858927726746,0.0,0.0,0.0,0.0,0.0,0.0,0.0,0.0,0.0,0.0,0.0,0.0
68#3,MC_OFF,slow_1Hz,normal,logit,0.407176673412323,0.4029430150985718,0.004233658313751221,0.407176673412323,0.4029430150985718,0.004233658313751221,1013.3333333333334,966.6666666666667,46.66666666666663,713.3333333333334,666.6666666666667,46.66666666666663,0.4464626610279083,0.43858960270881653,0.007873058319091797,0.14231979846954346,0.1252690553665161,0.017050743103027344,-0.0005321204662322998,-0.0005339384078979492,1.817941665649414e-06,0.11156219989061356,0.1099771112203598,0.0015850886702537537,0.2696339190006256,0.2583182454109192,0.011315673589706421,0.11156219989061356,0.1099771112203598,0.0015850886702537537,0.06563276052474976,0.07067552208900452,-0.005042761564254761,0.0,0.0,0.0,0.0,0.0,0.0,0.0,0.0,0.0,0.0,0.0,0.0
68#3,MC_OFF,slow_2Hz,normal,logit,0.4071694612503052,0.4029330015182495,0.004236459732055664,0.4071694612503052,0.4029330015182495,0.004236459732055664,760.0,720.0,40.0,460.0,420.0,40.0,0.4465911388397217,0.43871378898620605,0.007877349853515625,0.14231258630752563,0.12525904178619385,0.017053544521331787,-0.0004036426544189453,-0.00040975213050842285,6.109476089477539e-06,0.11156219989061356,0.1099771112203598,0.0015850886702537537,0.26986491680145264,0.258550763130188,0.011314153671264648,0.11156219989061356,0.1099771112203598,0.0015850886702537537,0.06074438616633415,0.06583219766616821,-0.005087811499834061,0.0,0.0,0.0,0.0,0.0,0.0,0.0,0.0,0.0,0.0,0.0,0.0
68#3,MC_OFF,rapid_10Hz,normal,logit,0.34282130002975464,0.33222758769989014,0.010593712329864502,0.34282130002975464,0.33222758769989014,0.010593712329864502,426.6666666666667,426.6666666666667,0.0,126.66666666666669,126.66666666666669,0.0,0.44697850942611694,0.43910929560661316,0.007869213819503784,0.0779644250869751,0.05455362796783447,0.023410797119140625,-1.627206802368164e-05,-1.424551010131836e-05,-2.0265579223632812e-06,0.11156219989061356,0.1099771112203598,0.0015850886702537537,0.17754487693309784,0.1728796362876892,0.00466524064540863,0.11156219989061356,0.1099771112203598,0.0015850886702537537,0.12982381880283356,0.1351270079612732,-0.005303189158439636,0.0,0.0,0.0,0.0,0.0,0.0,0.0,0.0,0.0,0.0,0.0,0.0
68#3,MC_OFF,rapid_20Hz,normal,logit,0.2672436833381653,0.2500234842300415,0.01722019910812378,0.2672436833381653,0.2500234842300415,0.01722019910812378,433.33333333333337,433.33333333333337,0.0,133.33333333333337,133.33333333333337,0.0,0.4469987154006958,0.4391281306743622,0.007870584726333618,0.002386808395385742,-0.02765047550201416,0.030037283897399902,3.933906555175781e-06,4.589557647705078e-06,-6.556510925292969e-07,0.11156619340181351,0.11036504060029984,0.0012011528015136719,0.11209280043840408,0.10898151993751526,0.0031112805008888245,0.11156619340181351,0.11036504060029984,0.0012011528015136719,0.19998697936534882,0.2077506184577942,-0.0077636390924453735,0.0,0.0,0.0,0.0,0.0,0.0,0.0,0.0,0.0,0.0,0.0,0.0
68#3,MC_OFF,transient_50ms,normal,logit,0.37068235874176025,0.36367952823638916,0.007002830505371094,0.37068235874176025,0.36367952823638916,0.007002830505371094,1380.0,1380.0,0.0,1080.0,1080.0,0.0,0.4469798505306244,0.43910884857177734,0.007871001958847046,0.10582548379898071,0.0860055685043335,0.019819915294647217,-1.4930963516235352e-05,-1.4692544937133789e-05,-2.384185791015625e-07,0.11156219989061356,0.1099771112203598,0.0015850886702537537,0.09905820339918137,0.09252934157848358,0.006528861820697784,0.11156219989061356,0.1099771112203598,0.0015850886702537537,0.11920498311519623,0.1203082799911499,-0.0011032968759536743,0.0,0.0,0.0,0.0,0.0,0.0,0.0,0.0,0.0,0.0,0.0,0.0
68#3,MC_OFF,large_field_50ms,normal,logit,0.22432732582092285,0.22326058149337769,0.001066744327545166,0.22432732582092285,0.22326058149337769,0.001066744327545166,340.0,340.0,0.0,40.0,40.0,0.0,7.947286162490741e-10,-3.9736430812453705e-10,1.1920929243736111e-09,-0.04052954912185669,-0.05441337823867798,0.013883829116821289,1.5894572324981482e-09,0.0,1.5894572324981482e-09,0.11120115965604782,0.10873360186815262,0.0024675577878952026,-0.007344313897192478,-0.01765451207756996,0.010310198180377483,0.11120115965604782,0.10873360186815262,0.0024675577878952026,-0.007344313897192478,-0.01765451207756996,0.010310198180377483,0.0,0.0,0.0,0.0,0.0,0.0,0.0,0.0,0.0,0.0,0.0,0.0
68#3,MC_OFF,slow_step,normal,probability,0.08945298194885254,0.0879921019077301,0.0014608800411224365,0.08945298194885254,0.0879921019077301,0.0014608800411224365,1513.3333333333335,1466.6666666666667,46.66666666666674,1213.3333333333335,1166.6666666666667,46.66666666666674,0.0972786620259285,0.0950305312871933,0.002248130738735199,0.03266361355781555,0.02866065502166748,0.004002958536148071,0.0021355226635932922,0.0021769478917121887,-4.1425228118896484e-05,0.023610174655914307,0.02313043177127838,0.0004797428846359253,0.058440908789634705,0.05567917227745056,0.002761736512184143,0.023610174655914307,0.02313043177127838,0.0004797428846359253,0.013610228896141052,0.01459474116563797,-0.0009845122694969177,0.0,0.0,0.0,0.0,0.0,0.0,0.0,0.0,0.0,0.0,0.0,0.0
68#3,MC_OFF,slow_1Hz,normal,probability,0.08945295214653015,0.08799201250076294,0.001460939645767212,0.08945295214653015,0.08799201250076294,0.001460939645767212,1013.3333333333334,966.6666666666667,46.66666666666663,713.3333333333334,666.6666666666667,46.66666666666663,0.09717105329036713,0.09492911398410797,0.0022419393062591553,0.032663583755493164,0.028660565614700317,0.004003018140792847,0.0020279139280319214,0.0020755305886268616,-4.7616660594940186e-05,0.023610174655914307,0.02313043177127838,0.0004797428846359253,0.05844355747103691,0.05568164959549904,0.0027619078755378723,0.023610174655914307,0.02313043177127838,0.0004797428846359253,0.013609711080789566,0.014594271779060364,-0.0009845606982707977,0.0,0.0,0.0,0.0,0.0,0.0,0.0,0.0,0.0,0.0,0.0,0.0
68#3,MC_OFF,slow_2Hz,normal,probability,0.08945125341415405,0.08798971772193909,0.0014615356922149658,0.08945125341415405,0.08798971772193909,0.0014615356922149658,760.0,720.0,40.0,460.0,420.0,40.0,0.09694967418909073,0.09472022950649261,0.002229444682598114,0.032661885023117065,0.028658270835876465,0.004003614187240601,0.0018065348267555237,0.0018666461110115051,-6.0111284255981445e-05,0.023610174655914307,0.02313043177127838,0.0004797428846359253,0.058495741337537766,0.0557338111102581,0.002761930227279663,0.023610174655914307,0.02313043177127838,0.0004797428846359253,0.012561963871121407,0.013557191006839275,-0.0009952271357178688,0.0,0.0,0.0,0.0,0.0,0.0,0.0,0.0,0.0,0.0,0.0,0.0
68#3,MC_OFF,rapid_10Hz,normal,probability,0.07451888918876648,0.07168412208557129,0.0028347671031951904,0.07451888918876648,0.07168412208557129,0.0028347671031951904,426.6666666666667,426.6666666666667,0.0,126.66666666666669,126.66666666666669,0.0,0.09552966058254242,0.09320269525051117,0.00232696533203125,0.017729520797729492,0.012352675199508667,0.005376845598220825,0.00038652122020721436,0.0003491118550300598,3.740936517715454e-05,0.023610174655914307,0.02313043177127838,0.0004797428846359253,0.03770234435796738,0.03651820495724678,0.0011841394007205963,0.023610174655914307,0.02313043177127838,0.0004797428846359253,0.027162250131368637,0.028124630451202393,-0.0009623803198337555,0.0,0.0,0.0,0.0,0.0,0.0,0.0,0.0,0.0,0.0,0.0,0.0
68#3,MC_OFF,rapid_20Hz,normal,probability,0.057325899600982666,0.05315116047859192,0.004174739122390747,0.057325899600982666,0.05315116047859192,0.004174739122390747,433.33333333333337,433.33333333333337,0.0,133.33333333333337,133.33333333333337,0.0,0.09515400230884552,0.09283686429262161,0.0023171380162239075,0.0005365312099456787,-0.006180286407470703,0.006716817617416382,1.0862946510314941e-05,-1.671910285949707e-05,2.7582049369812012e-05,0.023611053824424744,0.02321561798453331,0.0003954358398914337,0.0235598161816597,0.022820912301540375,0.0007389038801193237,0.023611053824424744,0.02321561798453331,0.0003954358398914337,0.04238606616854668,0.04383038356900215,-0.0014443174004554749,0.0,0.0,0.0,0.0,0.0,0.0,0.0,0.0,0.0,0.0,0.0,0.0
68#3,MC_OFF,transient_50ms,normal,probability,0.08095252513885498,0.07889765501022339,0.002054870128631592,0.08095252513885498,0.07889765501022339,0.002054870128631592,1380.0,1380.0,0.0,1080.0,1080.0,0.0,0.09519680589437485,0.09290573745965958,0.002291068434715271,0.024163156747817993,0.019566208124160767,0.0045969486236572266,5.3666532039642334e-05,5.21540641784668e-05,1.5124678611755371e-06,0.023610174655914307,0.02313043177127838,0.0004797428846359253,0.021083254367113113,0.01962936297059059,0.001453891396522522,0.023610174655914307,0.02313043177127838,0.0004797428846359253,0.024889107793569565,0.024972017854452133,-8.291006088256836e-05,0.0,0.0,0.0,0.0,0.0,0.0,0.0,0.0,0.0,0.0,0.0,0.0
68#3,MC_OFF,large_field_50ms,normal,probability,0.04774194955825806,0.04722294211387634,0.0005190074443817139,0.04774194955825806,0.04722294211387634,0.0005190074443817139,340.0,340.0,0.0,40.0,40.0,0.0,0.0001880691561382264,0.000193770436453633,-5.7012803154066205e-06,-0.00904741883277893,-0.01210850477218628,0.0030610859394073486,-5.4002797696739435e-05,-6.965220381971449e-05,1.564940612297505e-05,0.023530494421720505,0.022857390344142914,0.0006731040775775909,-0.0007945001125335693,-0.002800751943141222,0.0020062518306076527,0.023530494421720505,0.022857390344142914,0.0006731040775775909,-0.0007945001125335693,-0.002800751943141222,0.0020062518306076527,0.0,0.0,0.0,0.0,0.0,0.0,0.0,0.0,0.0,0.0,0.0,0.0
68#3,MC_OFF,slow_step,H1_off,logit,0.4073580503463745,0.40348392724990845,0.0038741230964660645,0.4073580503463745,0.40348392724990845,0.0038741230964660645,1520.0,1486.6666666666667,33.33333333333326,1220.0,1186.6666666666667,33.33333333333326,0.4486652612686157,0.44647035002708435,0.002194911241531372,0.1415298581123352,0.12210971117019653,0.019420146942138672,-0.0005894005298614502,-0.0005707740783691406,-1.862645149230957e-05,0.11192374676465988,0.11122943460941315,0.0006943121552467346,0.26982930302619934,0.259006530046463,0.010822772979736328,0.11192374676465988,0.11122943460941315,0.0006943121552467346,0.06733296811580658,0.07666577398777008,-0.009332805871963501,0.001248127780854702,0.004434605594724417,-0.0031864778138697147,0.00438380241394043,0.01768249273300171,-0.01329869031906128,0.00438380241394043,0.01768249273300171,-0.01329869031906128,0.0022672447375953197,0.007943193428218365,-0.005675948690623045
68#3,MC_OFF,slow_1Hz,H1_off,logit,0.4073578715324402,0.40348362922668457,0.0038742423057556152,0.4073578715324402,0.40348362922668457,0.0038742423057556152,1020.0,986.6666666666667,33.33333333333326,720.0,686.6666666666667,33.33333333333326,0.4487297534942627,0.44653233885765076,0.0021974146366119385,0.14152967929840088,0.12210941314697266,0.019420266151428223,-0.0005249083042144775,-0.0005087852478027344,-1.6123056411743164e-05,0.11192374676465988,0.11122943460941315,0.0006943121552467346,0.26984113454818726,0.2590177655220032,0.010823369026184082,0.11192374676465988,0.11122943460941315,0.0006943121552467346,0.06733042001724243,0.07666334509849548,-0.009332925081253052,0.0013713210355490446,0.0049245017580688,-0.0035531807225197554,0.0044838786125183105,0.017946362495422363,-0.013462483882904053,0.0044838786125183105,0.017946362495422363,-0.013462483882904053,0.0022671176120638847,0.007942799478769302,-0.005675681866705418
68#3,MC_OFF,slow_2Hz,H1_off,logit,0.40735167264938354,0.4034768342971802,0.003874838352203369,0.40735167264938354,0.4034768342971802,0.003874838352203369,766.6666666666667,740.0,26.666666666666742,466.66666666666674,440.0,26.666666666666742,0.44885799288749695,0.4466556906700134,0.0022023022174835205,0.14152348041534424,0.12210261821746826,0.019420862197875977,-0.0003966689109802246,-0.0003854334354400635,-1.1235475540161133e-05,0.11192374676465988,0.11122943460941315,0.0006943121552467346,0.27006933093070984,0.25925159454345703,0.010817736387252808,0.11192374676465988,0.11122943460941315,0.0006943121552467346,0.06252924352884293,0.0721578449010849,-0.009628601372241974,0.0016157124191522598,0.005903901066631079,-0.004288188647478819,0.004484117031097412,0.0179482102394104,-0.013464093208312988,0.004484117031097412,0.0179482102394104,-0.013464093208312988,0.002266842871904373,0.007941904477775097,-0.005675061605870724
68#3,MC_OFF,rapid_10Hz,H1_off,logit,0.3414410948753357,0.32476866245269775,0.01667243242263794,0.3414410948753357,0.32476866245269775,0.01667243242263794,426.6666666666667,426.6666666666667,0.0,126.66666666666669,126.66666666666669,0.0,0.4492398798465729,0.44703274965286255,0.002207130193710327,0.07561290264129639,0.04339444637298584,0.03221845626831055,-1.4781951904296875e-05,-8.374452590942383e-06,-6.407499313354492e-06,0.11192374676465988,0.11122943460941315,0.0006943121552467346,0.17665313184261322,0.16807493567466736,0.008578196167945862,0.11192374676465988,0.11122943460941315,0.0006943121552467346,0.13350321352481842,0.1499011218547821,-0.016397908329963684,0.0019124841783195734,0.008371843956410885,-0.0064593597780913115,0.004383444786071777,0.01768171787261963,-0.013298273086547852,0.004383444786071777,0.01768171787261963,-0.013298273086547852,0.0022613471373915672,0.007923420518636703,-0.005662073381245136
68#3,MC_OFF,rapid_20Hz,H1_off,logit,0.2674914598464966,0.2522110939025879,0.015280365943908691,0.2674914598464966,0.2522110939025879,0.015280365943908691,433.33333333333337,426.6666666666667,6.666666666666686,133.33333333333337,126.66666666666669,6.666666666666686,0.4492586851119995,0.4470460116863251,0.0022126734256744385,0.0016632676124572754,-0.029163122177124023,0.0308263897895813,4.023313522338867e-06,4.887580871582031e-06,-8.642673492431641e-07,0.11192772537469864,0.11161734908819199,0.00031037628650665283,0.11283332109451294,0.11151844263076782,0.0013148784637451172,0.11192772537469864,0.11161734908819199,0.00031037628650665283,0.201828733086586,0.21521680057048798,-0.013388067483901978,0.0011416603811085224,0.004400421865284443,-0.0032587614841759205,0.0034947991371154785,0.014823853969573975,-0.011329054832458496,0.0034947991371154785,0.014823853969573975,-0.011329054832458496,0.002260085428133607,0.00791788101196289,-0.005657795583829284
68#3,MC_OFF,transient_50ms,H1_off,logit,0.3697640895843506,0.3594105839729309,0.010353505611419678,0.3697640895843506,0.3594105839729309,0.010353505611419678,1380.0,1380.0,0.0,1080.0,1080.0,0.0,0.4492400586605072,0.4470275044441223,0.0022125542163848877,0.10393589735031128,0.078036367893219,0.025899529457092285,-1.4603137969970703e-05,-1.3619661331176758e-05,-9.834766387939453e-07,0.11192374676465988,0.11122943460941315,0.0006943121552467346,0.10000681132078171,0.0958598405122757,0.004146970808506012,0.11192374676465988,0.11122943460941315,0.0006943121552467346,0.12302104383707047,0.13553310930728912,-0.012512065470218658,0.0011706234654411674,0.004156661685556173,-0.002986038220115006,0.004383563995361328,0.017682135105133057,-0.013298571109771729,0.004383563995361328,0.017682135105133057,-0.013298571109771729,0.0022601766977459192,0.00791869219392538,-0.0056585154961794615
68#3,MC_OFF,large_field_50ms,H1_off,logit,0.2259920835494995,0.2285858392715454,-0.0025937557220458984,0.2259920835494995,0.2285858392715454,-0.0025937557220458984,340.0,340.0,0.0,40.0,40.0,0.0,1.19209286886246e-09,3.9736430812453705e-10,7.947285607379229e-10,-0.039836108684539795,-0.052788376808166504,0.012952268123626709,1.589457176986997e-09,1.9868215406226852e-09,-3.973643636356883e-10,0.11192374676465988,0.11122943460941315,0.0006943121552467346,-0.0005571331130340695,0.009598945267498493,-0.010156078380532563,0.11192374676465988,0.11122943460941315,0.0006943121552467346,-0.0005571331130340695,0.009598945267498493,-0.010156078380532563,0.0006208322593010962,0.002460278570652008,-0.0018394463113509119,0.0082319974899292,0.0331876277923584,-0.0249556303024292,0.0082319974899292,0.0331876277923584,-0.0249556303024292,3.9736430812453705e-10,7.947286162490741e-10,-3.9736430812453705e-10
68#3,MC_OFF,slow_step,H1_off,probability,0.08949539065361023,0.08811798691749573,0.001377403736114502,0.08949539065361023,0.08811798691749573,0.001377403736114502,1520.0,1486.6666666666667,33.33333333333326,1220.0,1186.6666666666667,33.33333333333326,0.09775137901306152,0.09667492657899857,0.0010764524340629578,0.03248775005340576,0.02795526385307312,0.004532486200332642,0.002106018364429474,0.0020714476704597473,3.457069396972656e-05,0.023690015077590942,0.023405976593494415,0.0002840384840965271,0.058487437665462494,0.055834975093603134,0.0026524625718593597,0.023690015077590942,0.023405976593494415,0.0002840384840965271,0.013963039964437485,0.015833783894777298,-0.0018707439303398132,0.00026277810684405267,0.0009282616665586829,-0.0006654835597146302,0.0009291470050811768,0.00372961163520813,-0.002800464630126953,0.0009291470050811768,0.00372961163520813,-0.002800464630126953,0.0004727129125967622,0.0016443883068859577,-0.0011716753942891955
68#3,MC_OFF,slow_1Hz,H1_off,probability,0.08949536085128784,0.08811789751052856,0.0013774633407592773,0.08949536085128784,0.08811789751052856,0.0013774633407592773,1020.0,986.6666666666667,33.33333333333326,720.0,686.6666666666667,33.33333333333326,0.0976421982049942,0.09656723588705063,0.001074962317943573,0.032487720251083374,0.027955174446105957,0.004532545804977417,0.001996837556362152,0.0019637569785118103,3.30805778503418e-05,0.023690015077590942,0.023405976593494415,0.0002840384840965271,0.05849011242389679,0.0558374859392643,0.002652626484632492,0.023690015077590942,0.023405976593494415,0.0002840384840965271,0.013962507247924805,0.015833284705877304,-0.0018707774579524994,0.00029032310703769326,0.0010370647069066763,-0.000746741599868983,0.0009595751762390137,0.003806889057159424,-0.00284731388092041,0.0009595751762390137,0.003806889057159424,-0.00284731388092041,0.00047115187044255435,0.0016381109599024057,-0.0011669590894598514
68#3,MC_OFF,slow_2Hz,H1_off,probability,0.08949390053749084,0.08811631798744202,0.0013775825500488281,0.08949390053749084,0.08811631798744202,0.0013775825500488281,766.6666666666667,740.0,26.666666666666742,466.66666666666674,440.0,26.666666666666742,0.09741780161857605,0.0963461771607399,0.0010716244578361511,0.03248625993728638,0.02795359492301941,0.004532665014266968,0.0017724409699440002,0.0017426982522010803,2.9742717742919922e-05,0.023690015077590942,0.023405976593494415,0.0002840384840965271,0.0585416704416275,0.05588993802666664,0.002651732414960861,0.023690015077590942,0.023405976593494415,0.0002840384840965271,0.012933186255395412,0.014867774210870266,-0.0019345879554748535,0.00034498682362027466,0.0012545997742563486,-0.000909612950636074,0.0009596347808837891,0.0038074851036071777,-0.0028478503227233887,0.0009596347808837891,0.0038074851036071777,-0.0028478503227233887,0.0004681201826315373,0.001625939505174756,-0.0011578193225432187
68#3,MC_OFF,rapid_10Hz,H1_off,probability,0.07420143485069275,0.06998306512832642,0.004218369722366333,0.07420143485069275,0.06998306512832642,0.004218369722366333,426.6666666666667,426.6666666666667,0.0,126.66666666666669,126.66666666666669,0.0,0.09600906819105148,0.09485697001218796,0.0011520981788635254,0.01719379425048828,0.009820342063903809,0.007373452186584473,0.0003637075424194336,0.0002534911036491394,0.00011021643877029419,0.023690015077590942,0.023405976593494415,0.0002840384840965271,0.037509698420763016,0.03548556566238403,0.0020241327583789825,0.023690015077590942,0.023405976593494415,0.0002840384840965271,0.027950206771492958,0.03128292039036751,-0.00333271361887455,0.000417538481997326,0.0018232163274660707,-0.0014056778454687446,0.0009290874004364014,0.003738611936569214,-0.0028095245361328125,0.0009290874004364014,0.003738611936569214,-0.0028095245361328125,0.00047940792865119874,0.0016542779048904777,-0.001174869976239279
68#3,MC_OFF,rapid_20Hz,H1_off,probability,0.05738160014152527,0.05363810062408447,0.003743499517440796,0.05738160014152527,0.05363810062408447,0.003743499517440796,433.33333333333337,426.6666666666667,6.666666666666686,133.33333333333337,126.66666666666669,6.666666666666686,0.0956532210111618,0.09458045661449432,0.0010727643966674805,0.0003739595413208008,-0.006524622440338135,0.0068985819816589355,7.860362529754639e-06,-2.302229404449463e-05,3.088265657424927e-05,0.02369089424610138,0.023491375148296356,0.0001995190978050232,0.02372410148382187,0.023391086608171463,0.0003330148756504059,0.02369089424610138,0.023491375148296356,0.0001995190978050232,0.04279078170657158,0.04547342658042908,-0.002682644873857498,0.00025161574012599885,0.0009671015432104468,-0.000715485803084448,0.0007626712322235107,0.0032502710819244385,-0.0024875998497009277,0.0007626712322235107,0.0032502710819244385,-0.0024875998497009277,0.0004992238827981055,0.0017435963964089751,-0.0012443725136108696
68#3,MC_OFF,transient_50ms,H1_off,probability,0.08073973655700684,0.0779147744178772,0.0028249621391296387,0.08073973655700684,0.0779147744178772,0.0028249621391296387,1380.0,1380.0,0.0,1080.0,1080.0,0.0,0.09569719433784485,0.09464854747056961,0.001048646867275238,0.023732095956802368,0.01775205135345459,0.005980044603347778,5.183368921279907e-05,4.5068562030792236e-05,6.765127182006836e-06,0.023690015077590942,0.023405976593494415,0.0002840384840965271,0.021286021918058395,0.020336125046014786,0.0009498968720436096,0.023690015077590942,0.023405976593494415,0.0002840384840965271,0.025703642517328262,0.02821124903857708,-0.0025076065212488174,0.00025897144223563373,0.0009142123744823039,-0.0006552409322466701,0.0009290874004364014,0.0037341415882110596,-0.002805054187774658,0.0009290874004364014,0.0037341415882110596,-0.002805054187774658,0.0005003958940505981,0.0017427998827770352,-0.001242403988726437
68#3,MC_OFF,large_field_50ms,H1_off,probability,0.0481112003326416,0.04839825630187988,-0.00028705596923828125,0.0481112003326416,0.04839825630187988,-0.00028705596923828125,340.0,340.0,0.0,40.0,40.0,0.0,0.0001910821592900902,0.00020696331921499223,-1.5881159924902022e-05,-0.008896440267562866,-0.011764466762542725,0.0028680264949798584,-5.338768824003637e-05,-6.652357114944607e-05,1.3135882909409702e-05,0.023690015077590942,0.023405976593494415,0.0002840384840965271,0.0005869822925888002,0.002713727066293359,-0.0021267447737045586,0.023690015077590942,0.023405976593494415,0.0002840384840965271,0.0005869822925888002,0.002713727066293359,-0.0021267447737045586,0.00012612968566827476,0.000496489112265408,-0.0003703594265971333,0.0017166435718536377,0.0069425106048583984,-0.005225867033004761,0.0017166435718536377,0.0069425106048583984,-0.005225867033004761,3.0130149752949364e-06,1.3192892765800934e-05,-1.0179877790505998e-05
68#3,MC_OFF,slow_step,AC_off,logit,0.42310434579849243,0.4561373293399811,-0.03303298354148865,0.42310434579849243,0.4561373293399811,-0.03303298354148865,1506.6666666666667,1473.3333333333335,33.33333333333326,1206.6666666666667,1173.3333333333335,33.33333333333326,0.8359953165054321,0.87339186668396,-0.03739655017852783,0.002995610237121582,0.016626864671707153,-0.013631254434585571,9.5367431640625e-07,-1.7881393432617188e-06,2.7418136596679688e-06,0.13844910264015198,0.1482478827238083,-0.009798780083656311,0.2848049998283386,0.30709874629974365,-0.02229374647140503,0.13844910264015198,0.1482478827238083,-0.009798780083656311,0.41318726539611816,0.41855835914611816,-0.00537109375,0.1942799687385559,0.21579433977603912,-0.021514371037483215,0.37368977069854736,0.38172948360443115,-0.008039712905883789,0.37368977069854736,0.38172948360443115,-0.008039712905883789,0.38959723711013794,0.43486472964286804,-0.0452674925327301
68#3,MC_OFF,slow_1Hz,AC_off,logit,0.42310529947280884,0.4561387002468109,-0.033033400774002075,0.42310529947280884,0.4561387002468109,-0.033033400774002075,1006.6666666666667,973.3333333333334,33.33333333333337,706.6666666666667,673.3333333333334,33.33333333333337,0.8359953165054321,0.873392641544342,-0.03739732503890991,0.0029965639114379883,0.016628235578536987,-0.013631671667098999,9.5367431640625e-07,-1.0132789611816406e-06,1.9669532775878906e-06,0.13844910264015198,0.1482478827238083,-0.009798780083656311,0.28480538725852966,0.3071001172065735,-0.022294729948043823,0.13844910264015198,0.1482478827238083,-0.009798780083656311,0.4131966829299927,0.4185674786567688,-0.005370795726776123,0.19424831867218018,0.21576406061649323,-0.02151574194431305,0.37368977069854736,0.38172948360443115,-0.008039712905883789,0.37368977069854736,0.38172948360443115,-0.008039712905883789,0.3895327150821686,0.4348030686378479,-0.04527035355567932
68#3,MC_OFF,slow_2Hz,AC_off,logit,0.42312735319137573,0.45616987347602844,-0.03304252028465271,0.42312735319137573,0.45616987347602844,-0.03304252028465271,740.0,720.0,20.0,440.0,420.0,20.0,0.8359953761100769,0.8733940124511719,-0.03739863634109497,0.003018617630004883,0.016659408807754517,-0.013640791177749634,1.0132789611816406e-06,3.5762786865234375e-07,6.556510925292969e-07,0.13844910264015198,0.1482478827238083,-0.009798780083656311,0.2848132848739624,0.3071281909942627,-0.022314906120300293,0.13844910264015198,0.1482478827238083,-0.009798780083656311,0.4133201539516449,0.41840749979019165,-0.005087345838546753,0.1941966563463211,0.21571379899978638,-0.02151714265346527,0.37368977069854736,0.38172948360443115,-0.008039712905883789,0.37368977069854736,0.38172948360443115,-0.008039712905883789,0.3894042670726776,0.43468013405799866,-0.045275866985321045
68#3,MC_OFF,rapid_10Hz,AC_off,logit,0.4219689965248108,0.45078209042549133,-0.028813093900680542,0.4219689965248108,0.45078209042549133,-0.028813093900680542,433.33333333333337,433.33333333333337,0.0,133.33333333333337,133.33333333333337,0.0,0.8359948992729187,0.8733957409858704,-0.03740084171295166,0.0018602609634399414,0.011271625757217407,-0.009411364793777466,5.364418029785156e-07,2.086162567138672e-06,-1.5497207641601562e-06,0.13844910264015198,0.1482478827238083,-0.009798780083656311,0.28118836879730225,0.29504281282424927,-0.013854444026947021,0.13844910264015198,0.1482478827238083,-0.009798780083656311,0.38513270020484924,0.4013355076313019,-0.016202807426452637,0.19142593443393707,0.21349669992923737,-0.022070765495300293,0.308521568775177,0.3154597878456116,-0.00693821907043457,0.308521568775177,0.3154597878456116,-0.00693821907043457,0.38901638984680176,0.43428635597229004,-0.04526996612548828
68#3,MC_OFF,rapid_20Hz,AC_off,logit,0.42017072439193726,0.44288837909698486,-0.022717654705047607,0.42017072439193726,0.44288837909698486,-0.022717654705047607,433.33333333333337,440.0,-6.666666666666629,133.33333333333337,140.0,-6.666666666666629,0.8359946012496948,0.873394787311554,-0.03740018606185913,6.198883056640625e-05,0.0033779144287109375,-0.0033159255981445312,2.384185791015625e-07,1.1324882507324219e-06,-8.940696716308594e-07,0.13844911754131317,0.1482478827238083,-0.009798765182495117,0.2800573706626892,0.2891921103000641,-0.009134739637374878,0.13844911754131317,0.1482478827238083,-0.009798765182495117,0.31506192684173584,0.3369591236114502,-0.021897196769714355,0.18931734561920166,0.21163076162338257,-0.022313416004180908,0.23283851146697998,0.2450655698776245,-0.012227058410644531,0.23283851146697998,0.2450655698776245,-0.012227058410644531,0.3889959454536438,0.43426668643951416,-0.04527074098587036
68#3,MC_OFF,transient_50ms,AC_off,logit,0.4216778874397278,0.45241162180900574,-0.030733734369277954,0.4216778874397278,0.45241162180900574,-0.030733734369277954,1386.6666666666667,1386.6666666666667,0.0,1086.6666666666667,1086.6666666666667,0.0,0.8359940052032471,0.8733922243118286,-0.03739821910858154,0.0015691518783569336,0.012901157140731812,-0.011332005262374878,-3.5762786865234375e-07,-1.430511474609375e-06,1.0728836059570312e-06,0.13844910264015198,0.1482478827238083,-0.009798780083656311,0.2798452377319336,0.2883249521255493,-0.008479714393615723,0.13844910264015198,0.1482478827238083,-0.009798780083656311,0.3849952816963196,0.40086957812309265,-0.01587429642677307,0.1883620023727417,0.21070381999015808,-0.022341817617416382,0.3066052794456482,0.3166807293891907,-0.01007544994354248,0.3066052794456482,0.3166807293891907,-0.01007544994354248,0.3890140652656555,0.43428346514701843,-0.045269399881362915
68#3,MC_OFF,large_field_50ms,AC_off,logit,0.36266833543777466,-0.37018048763275146,0.7328488230705261,0.36266833543777466,0.37018048763275146,-0.007512152194976807,360.0,1360.0,-1000.0,60.0,1060.0,-1000.0,-7.947286162490741e-10,-1.5894572324981482e-09,7.947286162490741e-10,-0.006754517555236816,-0.7698583006858826,0.7631037831306458,1.1920929798847624e-09,7.947285052267716e-10,3.9736447465799074e-10,0.13808229565620422,0.146929070353508,-0.008846774697303772,0.24439191818237305,0.23114757239818573,0.013244345784187317,0.13808229565620422,0.146929070353508,-0.008846774697303772,0.24439191818237305,0.23114757239818573,0.013244345784187317,0.018231218680739403,0.01728794164955616,0.0009432770311832428,0.29711174964904785,0.288282573223114,0.008829176425933838,0.29711174964904785,0.288282573223114,0.008829176425933838,-1.5894572324981482e-09,-1.19209286886246e-09,-3.973643636356883e-10
68#3,MC_OFF,slow_step,AC_off,probability,0.0931878387928009,0.10046198964118958,-0.007274150848388672,0.0931878387928009,0.10046198964118958,-0.007274150848388672,1506.6666666666667,1473.3333333333335,33.33333333333326,1206.6666666666667,1173.3333333333335,33.33333333333326,0.18384931981563568,0.19165295362472534,-0.007803633809089661,0.0007035732269287109,0.0039153993129730225,-0.0032118260860443115,-3.635883331298828e-06,1.7881393432617188e-06,-5.424022674560547e-06,0.029641766101121902,0.031692735850811005,-0.002050969749689102,0.06187004595994949,0.06667838990688324,-0.004808343946933746,0.029641766101121902,0.031692735850811005,-0.002050969749689102,0.09086064994335175,0.09163554012775421,-0.0007748901844024658,0.04317037761211395,0.047948915511369705,-0.0047785378992557526,0.0827614963054657,0.08412042260169983,-0.0013589262962341309,0.0827614963054657,0.08412042260169983,-0.0013589262962341309,0.08657065033912659,0.09662239998579025,-0.010051749646663666
68#3,MC_OFF,slow_1Hz,AC_off,probability,0.09318807721138,0.10046234726905823,-0.007274270057678223,0.09318807721138,0.10046234726905823,-0.007274270057678223,1006.6666666666667,973.3333333333334,33.33333333333337,706.6666666666667,673.3333333333334,33.33333333333337,0.1838492453098297,0.19165213406085968,-0.007802888751029968,0.0007038116455078125,0.003915756940841675,-0.0032119452953338623,-3.7103891372680664e-06,9.685754776000977e-07,-4.678964614868164e-06,0.029641766101121902,0.031692735850811005,-0.002050969749689102,0.06187013164162636,0.06667869538068771,-0.004808563739061356,0.029641766101121902,0.031692735850811005,-0.002050969749689102,0.09086285531520844,0.09163767099380493,-0.0007748156785964966,0.0432242788374424,0.04799933359026909,-0.004775054752826691,0.0827614963054657,0.08412042260169983,-0.0013589262962341309,0.0827614963054657,0.08412042260169983,-0.0013589262962341309,0.08667819947004318,0.09672300517559052,-0.010044805705547333
68#3,MC_OFF,slow_2Hz,AC_off,probability,0.09319326281547546,0.10046964883804321,-0.007276386022567749,0.09319326281547546,0.10046964883804321,-0.007276386022567749,740.0,720.0,20.0,440.0,420.0,20.0,0.18384908139705658,0.191650390625,-0.00780130922794342,0.0007089972496032715,0.00392305850982666,-0.0032140612602233887,-3.874301910400391e-06,-7.748603820800781e-07,-3.0994415283203125e-06,0.029641766101121902,0.031692735850811005,-0.002050969749689102,0.06187193840742111,0.06668509542942047,-0.004813157021999359,0.029641766101121902,0.031692735850811005,-0.002050969749689102,0.09089179337024689,0.0916001945734024,-0.0007084012031555176,0.04333758354187012,0.04810529202222824,-0.004767708480358124,0.0827614963054657,0.08412042260169983,-0.0013589262962341309,0.0827614963054657,0.08412042260169983,-0.0013589262962341309,0.08689941465854645,0.09693015366792679,-0.01003073900938034
68#3,MC_OFF,rapid_10Hz,AC_off,probability,0.09292113780975342,0.09919920563697815,-0.0062780678272247314,0.09292113780975342,0.09919920563697815,-0.0062780678272247314,433.33333333333337,433.33333333333337,0.0,133.33333333333337,133.33333333333337,0.0,0.18384982645511627,0.19164201617240906,-0.007792189717292786,0.0004368722438812256,0.0026526153087615967,-0.002215743064880371,-3.129243850708008e-06,-9.149312973022461e-06,6.020069122314453e-06,0.029641766101121902,0.031692735850811005,-0.002050969749689102,0.061041511595249176,0.06389955431222916,-0.0028580427169799805,0.029641766101121902,0.031692735850811005,-0.002050969749689102,0.08431995660066605,0.08762325346469879,-0.0033032968640327454,0.04347198083996773,0.04840993136167526,-0.004937950521707535,0.0691678524017334,0.07056117057800293,-0.0013933181762695312,0.0691678524017334,0.07056117057800293,-0.0013933181762695312,0.08832017332315445,0.0984393060207367,-0.010119132697582245
68#3,MC_OFF,rapid_20Hz,AC_off,probability,0.09249880909919739,0.09734076261520386,-0.00484195351600647,0.09249880909919739,0.09734076261520386,-0.00484195351600647,433.33333333333337,440.0,-6.666666666666629,133.33333333333337,140.0,-6.666666666666629,0.18385140597820282,0.19164513051509857,-0.007793724536895752,1.4543533325195312e-05,0.0007941722869873047,-0.0007796287536621094,-1.5497207641601562e-06,-6.034970283508301e-06,4.4852495193481445e-06,0.0296417698264122,0.031692735850811005,-0.0020509660243988037,0.06079147011041641,0.06260055303573608,-0.0018090829253196716,0.0296417698264122,0.031692735850811005,-0.0020509660243988037,0.06834008544683456,0.07296975702047348,-0.004629671573638916,0.04321178421378136,0.048201486468315125,-0.004989702254533768,0.05286523699760437,0.055605798959732056,-0.0027405619621276855,0.05286523699760437,0.055605798959732056,-0.0027405619621276855,0.0886973962187767,0.09880828112363815,-0.01011088490486145
68#3,MC_OFF,transient_50ms,AC_off,probability,0.09285274147987366,0.09958329796791077,-0.006730556488037109,0.09285274147987366,0.09958329796791077,-0.006730556488037109,1386.6666666666667,1386.6666666666667,0.0,1086.6666666666667,1086.6666666666667,0.0,0.18385319411754608,0.19165226817131042,-0.007799074053764343,0.00036847591400146484,0.003036707639694214,-0.002668231725692749,2.384185791015625e-07,1.1026859283447266e-06,-8.642673492431641e-07,0.029641766101121902,0.031692735850811005,-0.002050969749689102,0.060750458389520645,0.062442291527986526,-0.0016918331384658813,0.029641766101121902,0.031692735850811005,-0.002050969749689102,0.08428781479597092,0.08751431852579117,-0.0032265037298202515,0.04300029203295708,0.04798589274287224,-0.004985600709915161,0.06839513778686523,0.07033571600914001,-0.0019405782222747803,0.06839513778686523,0.07033571600914001,-0.0019405782222747803,0.08865638077259064,0.09874651581048965,-0.010090135037899017
68#3,MC_OFF,large_field_50ms,AC_off,probability,0.07909688353538513,0.08039671182632446,-0.001299828290939331,0.07909688353538513,0.08039671182632446,-0.001299828290939331,360.0,360.0,0.0,60.0,60.0,0.0,0.00045510928612202406,0.0004724384343717247,-1.7329148249700665e-05,-0.0015637576580047607,-0.006835341453552246,0.005271583795547485,-2.009433228522539e-05,-8.110710768960416e-05,6.101277540437877e-05,0.029558107256889343,0.03139054775238037,-0.0018324404954910278,0.05259253829717636,0.04954727366566658,0.003045264631509781,0.029558107256889343,0.03139054775238037,-0.0018324404954910278,0.05259253829717636,0.04954727366566658,0.003045264631509781,0.003698299638926983,0.003481995314359665,0.00021630432456731796,0.06134888529777527,0.0608542263507843,0.0004946589469909668,0.06134888529777527,0.0608542263507843,0.0004946589469909668,0.00026704012998379767,0.00027866801247000694,-1.1627882486209273e-05
68#4,PC_ON,slow_step,normal,logit,0.3106997013092041,-0.25194597244262695,0.562645673751831,0.3106997013092041,0.25194597244262695,0.05875372886657715,1520.0,353.33333333333337,1166.6666666666665,1220.0,53.33333333333337,1166.6666666666665,0.16369332373142242,0.037655603140592575,0.12603772059082985,0.18650329113006592,-0.4011197090148926,0.5876230001449585,-0.000588342547416687,-0.0001101866364479065,-0.0004781559109687805,-0.10213740170001984,-0.10731565952301025,0.0051782578229904175,0.23055121302604675,0.19621415436267853,0.034337058663368225,-0.10213740170001984,-0.10731565952301025,0.0051782578229904175,0.03537061810493469,-0.05133943259716034,0.08671005070209503,0.0,0.0,0.0,0.0,0.0,0.0,0.0,0.0,0.0,0.0,0.0,0.0
68#4,PC_ON,slow_1Hz,normal,logit,0.31069958209991455,-0.25194597244262695,0.5626455545425415,0.31069958209991455,0.25194597244262695,0.0587536096572876,1020.0,353.33333333333337,666.6666666666666,720.0,53.33333333333337,666.6666666666666,0.16373728215694427,0.03766271844506264,0.12607456371188164,0.18650317192077637,-0.4011197090148926,0.587622880935669,-0.0005443841218948364,-0.00010307133197784424,-0.0004413127899169922,-0.10213740170001984,-0.10731565952301025,0.0051782578229904175,0.2305620163679123,0.19622232019901276,0.034339696168899536,-0.10213740170001984,-0.10731565952301025,0.0051782578229904175,0.035368919372558594,-0.05134040117263794,0.08670932054519653,0.0,0.0,0.0,0.0,0.0,0.0,0.0,0.0,0.0,0.0,0.0,0.0
68#4,PC_ON,slow_2Hz,normal,logit,0.3106961250305176,-0.25194597244262695,0.5626420974731445,0.3106961250305176,0.25194597244262695,0.058750152587890625,773.3333333333334,353.33333333333337,420.0,473.33333333333337,53.33333333333337,420.0,0.16382643580436707,0.03767735883593559,0.12614907696843147,0.1864997148513794,-0.4011197090148926,0.587619423866272,-0.0004552304744720459,-8.843094110488892e-05,-0.000366799533367157,-0.10213740170001984,-0.10731565952301025,0.0051782578229904175,0.23076103627681732,0.196393221616745,0.03436781466007233,-0.10213740170001984,-0.10731565952301025,0.0051782578229904175,0.03583642467856407,-0.05422619357705116,0.09006261825561523,0.0,0.0,0.0,0.0,0.0,0.0,0.0,0.0,0.0,0.0,0.0,0.0
68#4,PC_ON,rapid_10Hz,normal,logit,0.23697900772094727,-0.25194597244262695,0.4889249801635742,0.23697900772094727,0.25194597244262695,-0.014966964721679688,500.0,353.33333333333337,146.66666666666663,200.0,53.33333333333337,146.66666666666663,0.16418948769569397,0.037741031497716904,0.12644845619797707,0.11278259754180908,-0.4011197090148926,0.5139023065567017,-9.21785831451416e-05,-2.475827932357788e-05,-6.742030382156372e-05,-0.10213740170001984,-0.10731565952301025,0.0051782578229904175,0.19208864867687225,0.15789400041103363,0.03419464826583862,-0.10213740170001984,-0.10731565952301025,0.0051782578229904175,-0.01998419500887394,-0.12614275515079498,0.10615856014192104,0.0,0.0,0.0,0.0,0.0,0.0,0.0,0.0,0.0,0.0,0.0,0.0
68#4,PC_ON,rapid_20Hz,normal,logit,0.15577542781829834,-0.19831883907318115,0.3540942668914795,0.15577542781829834,0.19831883907318115,-0.04254341125488281,2333.3333333333335,340.0,1993.3333333333335,2033.3333333333335,40.0,1993.3333333333335,0.16427230834960938,0.037758585065603256,0.12651372328400612,0.031579017639160156,-0.3474925756454468,0.37907159328460693,-9.357929229736328e-06,-7.204711437225342e-06,-2.1532177925109863e-06,-0.06180126965045929,-0.0955195277929306,0.033718258142471313,0.1460561901330948,0.11364810168743134,0.03240808844566345,-0.06180126965045929,-0.0955195277929306,0.033718258142471313,-0.054350659251213074,-0.13094434142112732,0.07659368216991425,0.0,0.0,0.0,0.0,0.0,0.0,0.0,0.0,0.0,0.0,0.0,0.0
68#4,PC_ON,transient_50ms,normal,logit,0.2658219337463379,-0.25194597244262695,0.5177679061889648,0.2658219337463379,0.25194597244262695,0.013875961303710938,1353.3333333333335,353.33333333333337,1000.0000000000001,1053.3333333333335,53.33333333333337,1000.0000000000001,0.1642635315656662,0.037770435214042664,0.12649309635162354,0.1416255235671997,-0.4011197090148926,0.5427452325820923,-1.8134713172912598e-05,4.645437002182007e-06,-2.2780150175094604e-05,-0.10213740170001984,-0.10731565952301025,0.0051782578229904175,0.09315238893032074,0.0791882872581482,0.013964101672172546,-0.10213740170001984,-0.10731565952301025,0.0051782578229904175,-0.11128813773393631,-0.1716851443052292,0.06039700657129288,0.0,0.0,0.0,0.0,0.0,0.0,0.0,0.0,0.0,0.0,0.0,0.0
68#4,PC_ON,large_field_50ms,normal,logit,-0.22843027114868164,-0.2271575927734375,-0.0012726783752441406,0.22843027114868164,0.2271575927734375,0.0012726783752441406,353.33333333333337,353.33333333333337,0.0,53.33333333333337,53.33333333333337,0.0,0.0,0.0,0.0,-0.35020601749420166,-0.3702811002731323,0.020075082778930664,0.0,0.0,0.0,-0.10190130770206451,-0.09895351529121399,-0.002947792410850525,-0.1003248542547226,-0.09538699686527252,-0.004937857389450073,-0.10190130770206451,-0.09895351529121399,-0.002947792410850525,-0.1003248542547226,-0.09538699686527252,-0.004937857389450073,0.0,0.0,0.0,0.0,0.0,0.0,0.0,0.0,0.0,0.0,0.0,0.0
68#4,PC_ON,slow_step,normal,probability,0.04788102209568024,-0.03167077898979187,0.0795518010854721,0.04788102209568024,0.03167077898979187,0.016210243105888367,1520.0,353.33333333333337,1166.6666666666665,1220.0,53.33333333333337,1166.6666666666665,0.02829083800315857,0.007776998914778233,0.020513839088380337,0.029843449592590332,-0.05314677953720093,0.08299022912979126,0.004744203761219978,0.0024971365928649902,0.002247067168354988,-0.013435330241918564,-0.01378120481967926,0.0003458745777606964,0.034741826355457306,0.028690055012702942,0.006051771342754364,-0.013435330241918564,-0.01378120481967926,0.0003458745777606964,0.005754087120294571,-0.006584813818335533,0.012338900938630104,0.0,0.0,0.0,0.0,0.0,0.0,0.0,0.0,0.0,0.0,0.0,0.0
68#4,PC_ON,slow_1Hz,normal,probability,0.04788100719451904,-0.03167077898979187,0.07955178618431091,0.04788100719451904,0.03167077898979187,0.016210228204727173,1020.0,353.33333333333337,666.6666666666666,720.0,53.33333333333337,666.6666666666666,0.028038527816534042,0.007658123970031738,0.020380403846502304,0.029843434691429138,-0.05314677953720093,0.08299021422863007,0.004491893574595451,0.002378261648118496,0.0021136319264769554,-0.013435330241918564,-0.01378120481967926,0.0003458745777606964,0.03474357724189758,0.028691325336694717,0.006052251905202866,-0.013435330241918564,-0.01378120481967926,0.0003458745777606964,0.005753848701715469,-0.006584944203495979,0.012338792905211449,0.0,0.0,0.0,0.0,0.0,0.0,0.0,0.0,0.0,0.0,0.0,0.0
68#4,PC_ON,slow_2Hz,normal,probability,0.04788042604923248,-0.03167077898979187,0.07955120503902435,0.04788042604923248,0.03167077898979187,0.016209647059440613,773.3333333333334,353.33333333333337,420.0,473.33333333333337,53.33333333333337,420.0,0.0275229774415493,0.0074148960411548615,0.02010808140039444,0.029842853546142578,-0.05314677953720093,0.0829896330833435,0.00397634319961071,0.002135033719241619,0.001841309480369091,-0.013435330241918564,-0.01378120481967926,0.0003458745777606964,0.03477579355239868,0.028717871755361557,0.006057921797037125,-0.013435330241918564,-0.01378120481967926,0.0003458745777606964,0.005683251656591892,-0.007022821344435215,0.012706073001027107,0.0,0.0,0.0,0.0,0.0,0.0,0.0,0.0,0.0,0.0,0.0,0.0
68#4,PC_ON,rapid_10Hz,normal,probability,0.03568558394908905,-0.03167077898979187,0.06735636293888092,0.03568558394908905,0.03167077898979187,0.00401480495929718,500.0,353.33333333333337,146.66666666666663,200.0,53.33333333333337,146.66666666666663,0.024704094976186752,0.005848681088536978,0.018855413887649775,0.017648011445999146,-0.05314677953720093,0.07079479098320007,0.0011574607342481613,0.0005688187666237354,0.0005886419676244259,-0.013435330241918564,-0.01378120481967926,0.0003458745777606964,0.028547899797558784,0.022847319021821022,0.0057005807757377625,-0.013435330241918564,-0.01378120481967926,0.0003458745777606964,-0.0018692591693252325,-0.016043582931160927,0.014174323761835694,0.0,0.0,0.0,0.0,0.0,0.0,0.0,0.0,0.0,0.0,0.0,0.0
68#4,PC_ON,rapid_20Hz,normal,probability,0.02285642921924591,0.025453045964241028,-0.002596616744995117,0.02285642921924591,0.025453045964241028,-0.002596616744995117,2333.3333333333335,2340.0,-6.666666666666515,2033.3333333333335,2040.0,-6.666666666666515,0.02374354749917984,0.0053997947834432125,0.018343752715736628,0.004818856716156006,0.00397704541683197,0.0008418112993240356,0.00019691325724124908,0.00011993246152997017,7.698079571127892e-05,-0.008329726755619049,-0.012385489419102669,0.00405576266348362,0.021367361769080162,0.016336919739842415,0.005030442029237747,-0.008329726755619049,-0.012385489419102669,0.00405576266348362,-0.007316507399082184,-0.017059670761227608,0.009743163362145424,0.0,0.0,0.0,0.0,0.0,0.0,0.0,0.0,0.0,0.0,0.0,0.0
68#4,PC_ON,transient_50ms,normal,probability,0.04039473831653595,-0.03167077898979187,0.07206551730632782,0.04039473831653595,0.03167077898979187,0.00872395932674408,1353.3333333333335,353.33333333333337,1000.0000000000001,1053.3333333333335,53.33333333333337,1000.0000000000001,0.02377096191048622,0.00541994022205472,0.0183510216884315,0.022357165813446045,-0.05314677953720093,0.07550394535064697,0.0002243276685476303,0.00014007790014147758,8.424976840615273e-05,-0.013435330241918564,-0.01378120481967926,0.0003458745777606964,0.013416837900876999,0.01126854494214058,0.0021482929587364197,-0.013435330241918564,-0.01378120481967926,0.0003458745777606964,-0.014646838419139385,-0.02198016829788685,0.007333329878747463,0.0,0.0,0.0,0.0,0.0,0.0,0.0,0.0,0.0,0.0,0.0,0.0
68#4,PC_ON,large_field_50ms,normal,probability,0.03430519998073578,0.03354080021381378,0.0007643997669219971,0.03430519998073578,0.03354080021381378,0.0007643997669219971,1353.3333333333335,1353.3333333333335,0.0,1053.3333333333335,1053.3333333333335,0.0,0.0001977824285859242,0.0002000324020627886,-2.2499734768643975e-06,0.01663309335708618,0.012976586818695068,0.0036565065383911133,0.00014384081805474125,8.474410424241796e-05,5.909671381232329e-05,-0.013406559824943542,-0.012778030708432198,-0.0006285291165113449,-0.013048877008259296,-0.01212326344102621,-0.0009256135672330856,-0.013406559824943542,-0.012778030708432198,-0.0006285291165113449,-0.013048877008259296,-0.01212326344102621,-0.0009256135672330856,0.0,0.0,0.0,0.0,0.0,0.0,0.0,0.0,0.0,0.0,0.0,0.0
68#4,PC_ON,slow_step,H1_off,logit,0.3113290071487427,-0.2749476432800293,0.586276650428772,0.3113290071487427,0.2749476432800293,0.03638136386871338,1520.0,353.33333333333337,1166.6666666666665,1220.0,53.33333333333337,1166.6666666666665,0.1629331409931183,0.03010624274611473,0.13282689824700356,0.18733417987823486,-0.4264479875564575,0.6137821674346924,-0.0005894005298614502,-9.409710764884949e-05,-0.0004953034222126007,-0.10231354832649231,-0.11518479883670807,0.01287125051021576,0.23110918700695038,0.19868552684783936,0.03242366015911102,-0.10231354832649231,-0.11518479883670807,0.01287125051021576,0.034227415919303894,-0.05349999666213989,0.08772741258144379,0.0009899847209453583,0.009999264031648636,-0.009009279310703278,-0.0015162229537963867,-0.023986458778381348,0.02247023582458496,0.0015162229537963867,0.023986458778381348,-0.02247023582458496,-0.0007601928664371371,-0.007549359928816557,0.00678916706237942
68#4,PC_ON,slow_1Hz,H1_off,logit,0.3113288879394531,-0.2749476432800293,0.5862765312194824,0.3113288879394531,0.2749476432800293,0.03638124465942383,1020.0,353.33333333333337,666.6666666666666,720.0,53.33333333333337,666.6666666666666,0.1629771590232849,0.03011186420917511,0.1328652948141098,0.1873340606689453,-0.4264479875564575,0.6137820482254028,-0.0005453824996948242,-8.847564458847046e-05,-0.00045690685510635376,-0.10231354832649231,-0.11518479883670807,0.01287125051021576,0.2311200499534607,0.19869379699230194,0.03242625296115875,-0.10231354832649231,-0.11518479883670807,0.01287125051021576,0.034225717186927795,-0.053500980138778687,0.08772669732570648,0.0009708567522466183,0.01063610054552555,-0.009665243793278933,-0.0015386343002319336,-0.028262972831726074,0.02672433853149414,0.0015386343002319336,0.028262972831726074,-0.02672433853149414,-0.0007601325050927699,-0.0075508542358875275,0.006790721730794758
68#4,PC_ON,slow_2Hz,H1_off,logit,0.31132566928863525,-0.2749476432800293,0.5862733125686646,0.31132566928863525,0.2749476432800293,0.03637802600860596,773.3333333333334,353.33333333333337,420.0,473.33333333333337,53.33333333333337,420.0,0.16306626796722412,0.030123615637421608,0.1329426523298025,0.18733084201812744,-0.4264479875564575,0.613778829574585,-0.00045627355575561523,-7.672421634197235e-05,-0.0003795493394136429,-0.10231354832649231,-0.11518479883670807,0.01287125051021576,0.23131684958934784,0.1988653987646103,0.03245145082473755,-0.10231354832649231,-0.11518479883670807,0.01287125051021576,0.03466597571969032,-0.056902118027210236,0.09156809374690056,0.0009325564024038613,0.011879213154315948,-0.010946656751912087,-0.0015392303466796875,-0.02826225757598877,0.026723027229309082,0.0015392303466796875,0.02826225757598877,-0.026723027229309082,-0.0007601841352880001,-0.007553744595497847,0.0067935604602098465
68#4,PC_ON,rapid_10Hz,H1_off,logit,0.23648130893707275,-0.2749476432800293,0.511428952217102,0.23648130893707275,0.2749476432800293,-0.03846633434295654,500.0,353.33333333333337,146.66666666666663,200.0,53.33333333333337,146.66666666666663,0.16343046724796295,0.03017379157245159,0.13325667567551136,0.11248648166656494,-0.4264479875564575,0.5389344692230225,-9.207427501678467e-05,-2.654828131198883e-05,-6.552599370479584e-05,-0.10231354832649231,-0.11518479883670807,0.01287125051021576,0.1922987550497055,0.1710832566022873,0.021215498447418213,-0.10231354832649231,-0.11518479883670807,0.01287125051021576,-0.02100016362965107,-0.1375569850206375,0.11655682139098644,0.0005278213648125529,0.014314291998744011,-0.013786470633931458,-0.0012122392654418945,-0.0263824462890625,0.025170207023620605,0.0012122392654418945,0.0263824462890625,-0.025170207023620605,-0.0007590007735416293,-0.007567242253571749,0.006808241480030119
68#4,PC_ON,rapid_20Hz,H1_off,logit,0.15570497512817383,-0.21371114253997803,0.36941611766815186,0.15570497512817383,0.21371114253997803,-0.0580061674118042,2333.3333333333335,340.0,1993.3333333333335,2033.3333333333335,40.0,1993.3333333333335,0.16351325809955597,0.030192000791430473,0.1333212573081255,0.031710147857666016,-0.36521148681640625,0.39692163467407227,-9.28342342376709e-06,-8.339062333106995e-06,-9.443610906600952e-07,-0.06196996569633484,-0.10231699049472809,0.04034702479839325,0.1458418369293213,0.11655862629413605,0.02928321063518524,-0.06196996569633484,-0.10231699049472809,0.04034702479839325,-0.05478571355342865,-0.13935521245002747,0.08456949889659882,0.0003773510397877544,0.004445272497832775,-0.004067921458045021,-0.0006222724914550781,-0.015392303466796875,0.014770030975341797,0.0006222724914550781,0.015392303466796875,-0.014770030975341797,-0.0007590683526359499,-0.007566581014543772,0.006807512661907822
68#4,PC_ON,transient_50ms,H1_off,logit,0.2660297155380249,-0.2749476432800293,0.5409773588180542,0.2660297155380249,0.2749476432800293,-0.008917927742004395,1353.3333333333335,353.33333333333337,1000.0000000000001,1053.3333333333335,53.33333333333337,1000.0000000000001,0.1635044366121292,0.03020685911178589,0.13329757750034332,0.1420348882675171,-0.4264479875564575,0.5684828758239746,-1.8104910850524902e-05,6.51925802230835e-06,-2.4624168872833252e-05,-0.10231354832649231,-0.11518479883670807,0.01287125051021576,0.09282274544239044,0.07771655917167664,0.015106186270713806,-0.10231354832649231,-0.11518479883670807,0.01287125051021576,-0.11241643875837326,-0.18839667737483978,0.07598023861646652,0.0003915719280485064,0.004407308530062437,-0.004015736602013931,-0.0012786388397216797,-0.023729801177978516,0.022451162338256836,0.0012786388397216797,0.023729801177978516,-0.022451162338256836,-0.0007591001340188086,-0.007563569582998753,0.006804469448979944
68#4,PC_ON,large_field_50ms,H1_off,logit,-0.23029232025146484,-0.2749476432800293,0.04465532302856445,0.23029232025146484,0.2749476432800293,-0.04465532302856445,353.33333333333337,353.33333333333337,0.0,53.33333333333337,53.33333333333337,0.0,0.0,0.0,0.0,-0.35184454917907715,-0.41990673542022705,0.0680621862411499,0.0,7.947286162490741e-10,-7.947286162490741e-10,-0.10231354832649231,-0.11518479883670807,0.01287125051021576,-0.10278717428445816,-0.1266467422246933,0.023859567940235138,-0.10231354832649231,-0.11518479883670807,0.01287125051021576,-0.10278717428445816,-0.1266467422246933,0.023859567940235138,0.00018478553101886064,0.003124549286440015,-0.002939763755421154,-0.0027922391891479492,-0.049340009689331055,0.046547770500183105,0.0027922391891479492,0.049340009689331055,-0.046547770500183105,0.0,0.0,0.0
68#4,PC_ON,slow_step,H1_off,probability,0.047987401485443115,-0.034287288784980774,0.08227469027042389,0.047987401485443115,0.034287288784980774,0.013700112700462341,1520.0,353.33333333333337,1166.6666666666665,1220.0,53.33333333333337,1166.6666666666665,0.028220949694514275,0.007043579593300819,0.021177370101213455,0.02998027205467224,-0.056114837527275085,0.08609510958194733,0.004785869270563126,0.002807017881423235,0.0019788513891398907,-0.013456733897328377,-0.014714621007442474,0.0012578871101140976,0.03483214229345322,0.029072396457195282,0.005759745836257935,-0.013456733897328377,-0.014714621007442474,0.0012578871101140976,0.005594126880168915,-0.006781121715903282,0.012375248596072197,0.0001377701701130718,0.0013237325474619865,-0.0011859623773489147,-0.0001920759677886963,0.0031236261129379272,-0.0033157020807266235,0.0001920759677886963,0.0031236261129379272,-0.002931550145149231,-6.988893437664956e-05,-0.0007334193796850741,0.0006635304453084245
68#4,PC_ON,slow_1Hz,H1_off,probability,0.047987356781959534,-0.034287288784980774,0.08227464556694031,0.047987356781959534,0.034287288784980774,0.01370006799697876,1020.0,353.33333333333337,666.6666666666666,720.0,53.33333333333337,666.6666666666666,0.02796638198196888,0.006930079776793718,0.02103630220517516,0.02998022735118866,-0.056114837527275085,0.08609506487846375,0.004531301558017731,0.002693518064916134,0.0018377834931015968,-0.013456733897328377,-0.014714621007442474,0.0012578871101140976,0.03483390808105469,0.029073679819703102,0.005760228261351585,-0.013456733897328377,-0.014714621007442474,0.0012578871101140976,0.0055938903242349625,-0.006781255826354027,0.01237514615058899,0.00013536210462916642,0.0014140335842967033,-0.001278671479667537,-0.00019602477550506592,-0.0036126673221588135,0.0034166425466537476,0.00019602477550506592,0.0036126673221588135,-0.0034166425466537476,-7.214655488496646e-05,-0.0007280450081452727,0.0006558984532603063
68#4,PC_ON,slow_2Hz,H1_off,probability,0.04798683524131775,-0.034287288784980774,0.08227412402629852,0.04798683524131775,0.034287288784980774,0.013699546456336975,773.3333333333334,353.33333333333337,420.0,473.33333333333337,53.33333333333337,420.0,0.027446264401078224,0.006696562748402357,0.020749701652675867,0.029979705810546875,-0.056114837527275085,0.08609454333782196,0.004011183977127075,0.0024600010365247726,0.0015511829406023026,-0.013456733897328377,-0.014714621007442474,0.0012578871101140976,0.03486578166484833,0.029100382700562477,0.0057653989642858505,-0.013456733897328377,-0.014714621007442474,0.0012578871101140976,0.005518666468560696,-0.007302599493414164,0.01282126596197486,0.00013054818555247039,0.0015904634492471814,-0.001459915263694711,-0.00019612908363342285,-0.0036128610372543335,0.0034167319536209106,0.00019612908363342285,0.0036128610372543335,-0.0034167319536209106,-7.671138155274093e-05,-0.0007183334673754871,0.0006416220858227462
68#4,PC_ON,rapid_10Hz,H1_off,probability,0.035605013370513916,-0.034287288784980774,0.06989230215549469,0.035605013370513916,0.034287288784980774,0.001317724585533142,500.0,353.33333333333337,146.66666666666663,200.0,53.33333333333337,146.66666666666663,0.024591458961367607,0.0050462279468774796,0.019545231014490128,0.017597883939743042,-0.056114837527275085,0.07371272146701813,0.0011563785374164581,0.0008096662349998951,0.00034671230241656303,-0.013456733897328377,-0.014714621007442474,0.0012578871101140976,0.028580153360962868,0.02484806627035141,0.003732087090611458,-0.013456733897328377,-0.014714621007442474,0.0012578871101140976,-0.002008983166888356,-0.017355086281895638,0.015346103115007281,7.787535287206993e-05,0.0019524330273270607,-0.0018745576744549908,-0.0001672208309173584,-0.003384307026863098,0.0032170861959457397,0.0001672208309173584,0.003384307026863098,-0.0032170861959457397,-0.00011263450141996145,-0.0008024522685445845,0.0006898177671246231
68#4,PC_ON,rapid_20Hz,H1_off,probability,0.022845566272735596,-0.02722245454788208,0.050068020820617676,0.022845566272735596,0.02722245454788208,-0.004376888275146484,2333.3333333333335,340.0,1993.3333333333335,2033.3333333333335,40.0,1993.3333333333335,0.023631718009710312,0.004383798688650131,0.01924791932106018,0.004838436841964722,-0.04905000329017639,0.05388844013214111,0.0001966375857591629,0.00014723697677254677,4.9400608986616135e-05,-0.008351925760507584,-0.01321098580956459,0.004859060049057007,0.021334664896130562,0.01679028384387493,0.0045443810522556305,-0.008351925760507584,-0.01321098580956459,0.004859060049057007,-0.00737568736076355,-0.01808614656329155,0.010710459202528,5.5563348723808303e-05,0.0006036939448677003,-0.000548130596143892,-8.663535118103027e-05,-0.0018260478973388672,0.001739412546157837,8.663535118103027e-05,0.0018260478973388672,-0.001739412546157837,-0.00011183003516634926,-0.0010159960947930813,0.000904166059626732
68#4,PC_ON,transient_50ms,H1_off,probability,0.040428951382637024,-0.034287288784980774,0.0747162401676178,0.040428951382637024,0.034287288784980774,0.00614166259765625,1353.3333333333335,353.33333333333337,1000.0000000000001,1053.3333333333335,53.33333333333337,1000.0000000000001,0.023660577833652496,0.004401649348437786,0.01925892848521471,0.02242182195186615,-0.056114837527275085,0.07853665947914124,0.00022549740970134735,0.00016508763656020164,6.0409773141145706e-05,-0.013456733897328377,-0.014714621007442474,0.0012578871101140976,0.01336812786757946,0.011067254468798637,0.0023008733987808228,-0.013456733897328377,-0.014714621007442474,0.0012578871101140976,-0.014793487265706062,-0.02395840920507908,0.009164921939373016,5.714873623219319e-05,0.0006020051660016179,-0.0005448564297694247,-0.00017021596431732178,-0.0027116388082504272,0.0025414228439331055,0.00017021596431732178,0.0027116388082504272,-0.0025414228439331055,-0.00011038273805752397,-0.0010182909900322556,0.0009079082519747317
68#4,PC_ON,large_field_50ms,H1_off,probability,0.03460527956485748,0.04122215509414673,-0.006616875529289246,0.03460527956485748,0.04122215509414673,-0.006616875529289246,1353.3333333333335,1353.3333333333335,0.0,1053.3333333333335,1053.3333333333335,0.0,0.0002000214735744521,0.0002895263023674488,-8.95048287929967e-05,0.01696687936782837,0.02038167417049408,-0.0034147948026657104,0.00014618010027334094,0.00016687832248862833,-2.0698222215287387e-05,-0.013456733897328377,-0.014714621007442474,0.0012578871101140976,-0.013370850123465061,-0.015913991257548332,0.002543141134083271,-0.013456733897328377,-0.014714621007442474,0.0012578871101140976,-0.013370850123465061,-0.015913991257548332,0.002543141134083271,2.5800614821491763e-05,0.00042927489266730845,-0.0004034742778458167,0.00041791796684265137,0.007878318428993225,-0.007460400462150574,0.00041791796684265137,0.007878318428993225,-0.007460400462150574,2.239048626506701e-06,8.949389302870259e-05,-8.725484440219589e-05
68#4,PC_ON,slow_step,AC_off,logit,0.33215463161468506,0.2918679714202881,0.04028666019439697,0.33215463161468506,0.2918679714202881,0.04028666019439697,1966.6666666666667,1460.0,506.66666666666674,1666.6666666666667,1160.0,506.66666666666674,0.6583700776100159,0.5440884828567505,0.11428159475326538,0.0010207891464233398,0.018230438232421875,-0.017209649085998535,1.1324882507324219e-06,-6.4373016357421875e-06,7.569789886474609e-06,0.09049166738986969,0.017170995473861694,0.073320671916008,0.24164490401744843,0.2728913128376007,-0.031246408820152283,0.09049166738986969,0.017170995473861694,0.073320671916008,0.3265012502670288,0.2540509104728699,0.07245033979415894,0.24705307185649872,0.2509794235229492,-0.0039263516664505005,0.47360002994537354,0.39829421043395996,0.07530581951141357,0.47360002994537354,0.39829421043395996,0.07530581951141357,0.4946766793727875,0.5064328908920288,-0.011756211519241333
68#4,PC_ON,slow_1Hz,AC_off,logit,0.3321521282196045,0.29186952114105225,0.040282607078552246,0.3321521282196045,0.29186952114105225,0.040282607078552246,1300.0,960.0,340.0,1000.0,660.0,340.0,0.6583700776100159,0.5440891981124878,0.11428087949752808,0.0010182857513427734,0.018231987953186035,-0.01721370220184326,1.1324882507324219e-06,-5.7220458984375e-06,6.854534149169922e-06,0.09049166738986969,0.017170995473861694,0.073320671916008,0.24164317548274994,0.2728928029537201,-0.031249627470970154,0.09049166738986969,0.017170995473861694,0.073320671916008,0.32651185989379883,0.2540592551231384,0.0724526047706604,0.24703176319599152,0.2509765923023224,-0.003944829106330872,0.47368669509887695,0.39829421043395996,0.07539248466491699,0.47368669509887695,0.39829421043395996,0.07539248466491699,0.4946327805519104,0.5064266324043274,-0.011793851852416992
68#4,PC_ON,slow_2Hz,AC_off,logit,0.33196425437927246,0.2919025421142578,0.04006171226501465,0.33196425437927246,0.2919025421142578,0.04006171226501465,806.6666666666667,706.6666666666667,100.0,506.66666666666674,406.66666666666674,100.0,0.6583699584007263,0.5440908074378967,0.11427915096282959,0.0008304119110107422,0.0182650089263916,-0.01743459701538086,1.0132789611816406e-06,-4.112720489501953e-06,5.125999450683594e-06,0.09049166738986969,0.017170995473861694,0.073320671916008,0.24149037897586823,0.2729242146015167,-0.0314338356256485,0.09049166738986969,0.017170995473861694,0.073320671916008,0.3268141746520996,0.2540556490421295,0.07275852560997009,0.24700546264648438,0.25097769498825073,-0.003972232341766357,0.4736514091491699,0.39829421043395996,0.07535719871520996,0.4736514091491699,0.39829421043395996,0.07535719871520996,0.4945436120033264,0.5064134001731873,-0.01186978816986084
68#4,PC_ON,rapid_10Hz,AC_off,logit,0.33074021339416504,0.2798811197280884,0.05085909366607666,0.33074021339416504,0.2798811197280884,0.05085909366607666,420.0,453.33333333333337,-33.33333333333337,120.0,153.33333333333337,-33.33333333333337,0.6583691835403442,0.5440951585769653,0.1142740249633789,-0.0003936290740966797,0.006243586540222168,-0.006637215614318848,2.384185791015625e-07,2.384185791015625e-07,0.0,0.09049166738986969,0.017170995473861694,0.073320671916008,0.2389972060918808,0.254464328289032,-0.015467122197151184,0.09049166738986969,0.017170995473861694,0.073320671916008,0.23296736180782318,0.15515735745429993,0.07781000435352325,0.24577400088310242,0.25041091442108154,-0.004636913537979126,0.3986889123916626,0.36144769191741943,0.037241220474243164,0.3986889123916626,0.36144769191741943,0.037241220474243164,0.49417975544929504,0.5063541531562805,-0.012174397706985474
68#4,PC_ON,rapid_20Hz,AC_off,logit,0.33092665672302246,0.2749786376953125,0.05594801902770996,0.33092665672302246,0.2749786376953125,0.05594801902770996,420.0,433.33333333333337,-13.333333333333371,120.0,133.33333333333337,-13.333333333333371,0.6583690643310547,0.5440950989723206,0.11427396535873413,-0.0002071857452392578,0.001341104507446289,-0.0015482902526855469,1.1920928955078125e-07,1.7881393432617188e-07,-5.960464477539063e-08,0.0905337780714035,0.01729905605316162,0.07323472201824188,0.23894602060317993,0.2547273635864258,-0.01578134298324585,0.0905337780714035,0.01729905605316162,0.07323472201824188,0.1678987741470337,0.07625973224639893,0.09163904190063477,0.24432383477687836,0.24914860725402832,-0.004824772477149963,0.3044264316558838,0.296541690826416,0.007884740829467773,0.3044264316558838,0.296541690826416,0.007884740829467773,0.4940967559814453,0.506336510181427,-0.01223975419998169
68#4,PC_ON,transient_50ms,AC_off,logit,0.3302147388458252,0.2854604721069336,0.0447542667388916,0.3302147388458252,0.2854604721069336,0.0447542667388916,1420.0,1400.0,20.0,1120.0,1100.0,20.0,0.6583688259124756,0.5440933108329773,0.11427551507949829,-0.0009191036224365234,0.011822938919067383,-0.012742042541503906,-1.1920928955078125e-07,-1.6093254089355469e-06,1.4901161193847656e-06,0.09049166738986969,0.017170995473861694,0.073320671916008,0.23881468176841736,0.25404787063598633,-0.01523318886756897,0.09049166738986969,0.017170995473861694,0.073320671916008,0.23280198872089386,0.15438318252563477,0.0784188061952591,0.2426919788122177,0.24809570610523224,-0.005403727293014526,0.3948103189468384,0.3507879972457886,0.044022321701049805,0.3948103189468384,0.3507879972457886,0.044022321701049805,0.49410519003868103,0.5063228607177734,-0.012217670679092407
68#4,PC_ON,large_field_50ms,AC_off,logit,0.15733134746551514,0.16265559196472168,-0.005324244499206543,0.15733134746551514,0.16265559196472168,-0.005324244499206543,353.33333333333337,400.0,-46.66666666666663,53.33333333333337,100.0,-46.66666666666663,-1.5894572324981482e-09,-7.947286162490741e-10,-7.947286162490741e-10,0.3159741163253784,-0.031156539916992188,0.3471306562423706,-7.947286162490741e-10,1.5894571214758457e-09,-2.38418573772492e-09,0.09026391804218292,0.016027048230171204,0.07423686981201172,0.13954810798168182,0.1261906772851944,0.013357430696487427,0.09026391804218292,0.016027048230171204,0.07423686981201172,0.13954810798168182,0.1261906772851944,0.013357430696487427,0.023492522537708282,0.017791222780942917,0.005701299756765366,0.3857616186141968,0.3100857734680176,0.0756758451461792,0.3857616186141968,0.3100857734680176,0.0756758451461792,-1.5894572324981482e-09,-7.947286162490741e-10,-7.947286162490741e-10
68#4,PC_ON,slow_step,AC_off,probability,0.05152851343154907,0.04399441182613373,0.007534101605415344,0.05152851343154907,0.04399441182613373,0.007534101605415344,1966.6666666666667,1460.0,506.66666666666674,1666.6666666666667,1160.0,506.66666666666674,0.10185202956199646,0.08144511282444,0.020406916737556458,0.0001745671033859253,0.002985745668411255,-0.0028111785650253296,-4.932284355163574e-06,3.086775541305542e-05,-3.5800039768218994e-05,0.013124343007802963,0.002383740618824959,0.010740602388978004,0.03657033294439316,0.04090913385152817,-0.00433880090713501,0.013124343007802963,0.002383740618824959,0.010740602388978004,0.05056310445070267,0.03783661127090454,0.012726493179798126,0.03673342615365982,0.03647905960679054,0.00025436654686927795,0.0701206624507904,0.05662442743778229,0.013496235013008118,0.0701206624507904,0.05662442743778229,0.013496235013008118,0.07356119155883789,0.07366810739040375,-0.00010691583156585693
68#4,PC_ON,slow_1Hz,AC_off,probability,0.05152806639671326,0.04399466514587402,0.007533401250839233,0.05152806639671326,0.04399466514587402,0.007533401250839233,1300.0,960.0,340.0,1000.0,660.0,340.0,0.10185191035270691,0.08144324272871017,0.020408667623996735,0.00017412006855010986,0.0029859989881515503,-0.0028118789196014404,-5.0514936447143555e-06,2.899765968322754e-05,-3.4049153327941895e-05,0.013124343007802963,0.002383740618824959,0.010740602388978004,0.036570049822330475,0.04090938717126846,-0.004339337348937988,0.013124343007802963,0.002383740618824959,0.010740602388978004,0.05056491494178772,0.037837959825992584,0.012726955115795135,0.036859627813100815,0.03653761371970177,0.00032201409339904785,0.0701206624507904,0.05662442743778229,0.013496235013008118,0.0701206624507904,0.05662442743778229,0.013496235013008118,0.07381338626146317,0.07378511875867844,2.8267502784729004e-05
68#4,PC_ON,slow_2Hz,AC_off,probability,0.051495954394340515,0.04400010406970978,0.007495850324630737,0.051495954394340515,0.04400010406970978,0.007495850324630737,806.6666666666667,706.6666666666667,100.0,506.66666666666674,406.66666666666674,100.0,0.10185188800096512,0.08143942803144455,0.02041245996952057,0.00014200806617736816,0.0029914379119873047,-0.0028494298458099365,-5.073845386505127e-06,2.518296241760254e-05,-3.0256807804107666e-05,0.013124343007802963,0.002383740618824959,0.010740602388978004,0.036545053124427795,0.04091451317071915,-0.004369460046291351,0.013124343007802963,0.002383740618824959,0.010740602388978004,0.05061645060777664,0.03783730790019035,0.012779142707586288,0.03712018206715584,0.036658454686403275,0.0004617273807525635,0.0701206624507904,0.05662442743778229,0.013496235013008118,0.0701206624507904,0.05662442743778229,0.013496235013008118,0.07432890683412552,0.07402452826499939,0.00030437856912612915
68#4,PC_ON,rapid_10Hz,AC_off,probability,0.05128668248653412,0.042027637362480164,0.009259045124053955,0.05128668248653412,0.042027637362480164,0.009259045124053955,420.0,453.33333333333337,-33.33333333333337,120.0,153.33333333333337,-33.33333333333337,0.10185549408197403,0.0814141258597374,0.020441368222236633,-6.726384162902832e-05,0.0010189712047576904,-0.0010862350463867188,-1.4677643775939941e-06,-1.1920928955078125e-07,-1.3485550880432129e-06,0.013124343007802963,0.002383740618824959,0.010740602388978004,0.03613997995853424,0.03791368752717972,-0.0017737075686454773,0.013124343007802963,0.002383740618824959,0.010740602388978004,0.03512217849493027,0.02250303328037262,0.012619145214557648,0.03836311399936676,0.037351809442043304,0.0010113045573234558,0.06052137911319733,0.05285163223743439,0.0076697468757629395,0.06052137911319733,0.05285163223743439,0.0076697468757629395,0.07715139538049698,0.07556545734405518,0.001585938036441803
68#4,PC_ON,rapid_20Hz,AC_off,probability,0.051318541169166565,0.04122720658779144,0.010091334581375122,0.051318541169166565,0.04122720658779144,0.010091334581375122,420.0,433.33333333333337,-13.333333333333371,120.0,133.33333333333337,-13.333333333333371,0.10185622423887253,0.08141332119703293,0.0204429030418396,-3.540515899658203e-05,0.00021854043006896973,-0.00025394558906555176,-7.37607479095459e-07,-9.238719940185547e-07,1.862645149230957e-07,0.013130813837051392,0.002401888370513916,0.010728925466537476,0.03613146394491196,0.03796287998557091,-0.0018314160406589508,0.013130813837051392,0.002401888370513916,0.010728925466537476,0.024803632870316505,0.010836523026227951,0.013967109844088554,0.038625482469797134,0.03739115968346596,0.0012343227863311768,0.047570958733558655,0.04414007067680359,0.003430888056755066,0.047570958733558655,0.04414007067680359,0.003430888056755066,0.07811267673969269,0.07601352781057358,0.00209914892911911
68#4,PC_ON,transient_50ms,AC_off,probability,0.05119688808917999,0.0429413765668869,0.00825551152229309,0.05119688808917999,0.0429413765668869,0.00825551152229309,1420.0,1400.0,20.0,1120.0,1100.0,20.0,0.10185739398002625,0.08141963183879852,0.020437762141227722,-0.0001570582389831543,0.0019327104091644287,-0.002089768648147583,4.3213367462158203e-07,5.386769771575928e-06,-4.954636096954346e-06,0.013124343007802963,0.002383740618824959,0.010740602388978004,0.036110542714595795,0.037855859845876694,-0.001745317131280899,0.013124343007802963,0.002383740618824959,0.010740602388978004,0.03509489446878433,0.02238197810947895,0.012712916359305382,0.038367342203855515,0.03723052889108658,0.0011368133127689362,0.054378971457481384,0.04662647843360901,0.0077524930238723755,0.054378971457481384,0.04662647843360901,0.0077524930238723755,0.07808642834424973,0.0759996846318245,0.002086743712425232
68#4,PC_ON,large_field_50ms,AC_off,probability,0.02309630811214447,0.023520290851593018,-0.00042398273944854736,0.02309630811214447,0.023520290851593018,-0.00042398273944854736,353.33333333333337,400.0,-46.66666666666663,53.33333333333337,100.0,-46.66666666666663,0.0001917707995744422,0.00012557418085634708,6.619661871809512e-05,-0.00020234286785125732,-0.004790574312210083,0.004588231444358826,-4.8616493586450815e-06,-5.2304661949165165e-05,4.7443012590520084e-05,0.013089703395962715,0.002222888171672821,0.010866815224289894,0.020372996106743813,0.018075603991746902,0.00229739211499691,0.013089703395962715,0.002222888171672821,0.010866815224289894,0.020372996106743813,0.018075603991746902,0.00229739211499691,0.0032777362503111362,0.0024397496599704027,0.0008379865903407335,-0.055109456181526184,-0.04424767196178436,-0.010861784219741821,0.055109456181526184,0.04424767196178436,0.010861784219741821,-6.011625373503193e-06,-7.445822120644152e-05,6.844659583293833e-05
68#7,PC_ON,slow_step,normal,logit,0.5280873775482178,0.5077817440032959,0.020305633544921875,0.5280873775482178,0.5077817440032959,0.020305633544921875,1560.0,1520.0,40.0,1260.0,1220.0,40.0,0.5991548299789429,0.5627012848854065,0.03645354509353638,0.19875383377075195,0.1992264986038208,-0.00047266483306884766,-0.0009167194366455078,-0.0009097456932067871,-6.973743438720703e-06,0.07977895438671112,0.07615360617637634,0.003625348210334778,0.41693198680877686,0.37291115522384644,0.04402083158493042,0.07977895438671112,0.07615360617637634,0.003625348210334778,0.10288532078266144,0.1141633540391922,-0.011278033256530762,0.0,0.0,0.0,0.0,0.0,0.0,0.0,0.0,0.0,0.0,0.0,0.0
68#7,PC_ON,slow_1Hz,normal,logit,0.5280871391296387,0.5077815055847168,0.020305633544921875,0.5280871391296387,0.5077815055847168,0.020305633544921875,1060.0,1020.0,40.0,760.0,720.0,40.0,0.5992680788040161,0.5628087520599365,0.03645932674407959,0.19875359535217285,0.1992262601852417,-0.00047266483306884766,-0.0008034706115722656,-0.0008022785186767578,-1.1920928955078125e-06,0.07977895438671112,0.07615360617637634,0.003625348210334778,0.4169491231441498,0.3729258179664612,0.0440233051776886,0.07977895438671112,0.07615360617637634,0.003625348210334778,0.10288242995738983,0.11416091024875641,-0.011278480291366577,0.0,0.0,0.0,0.0,0.0,0.0,0.0,0.0,0.0,0.0,0.0,0.0
68#7,PC_ON,slow_2Hz,normal,logit,0.5280835628509521,0.5077745914459229,0.020308971405029297,0.5280835628509521,0.5077745914459229,0.020308971405029297,806.6666666666667,766.6666666666667,40.0,506.66666666666674,466.66666666666674,40.0,0.599492609500885,0.5630221962928772,0.03647041320800781,0.19875001907348633,0.19921934604644775,-0.0004693269729614258,-0.0005789399147033691,-0.000588834285736084,9.894371032714844e-06,0.07977895438671112,0.07615360617637634,0.003625348210334778,0.41721048951148987,0.37321436405181885,0.04399612545967102,0.07977895438671112,0.07615360617637634,0.003625348210334778,0.09879262000322342,0.11013449728488922,-0.011341877281665802,0.0,0.0,0.0,0.0,0.0,0.0,0.0,0.0,0.0,0.0,0.0,0.0
68#7,PC_ON,rapid_10Hz,normal,logit,0.380839467048645,0.3606104850769043,0.020228981971740723,0.380839467048645,0.3606104850769043,0.020228981971740723,426.6666666666667,420.0,6.666666666666686,126.66666666666669,120.0,6.666666666666686,0.6000726819038391,0.5636109709739685,0.036461710929870605,0.0515059232711792,0.0520552396774292,-0.00054931640625,1.1324882507324219e-06,-5.960464477539063e-08,1.1920928955078125e-06,0.07977895438671112,0.07615360617637634,0.003625348210334778,0.2630004286766052,0.2489045411348343,0.014095887541770935,0.07977895438671112,0.07615360617637634,0.003625348210334778,0.18834851682186127,0.19545374810695648,-0.007105231285095215,0.0,0.0,0.0,0.0,0.0,0.0,0.0,0.0,0.0,0.0,0.0,0.0
68#7,PC_ON,rapid_20Hz,normal,logit,0.32505571842193604,0.3059723377227783,0.019083380699157715,0.32505571842193604,0.3059723377227783,0.019083380699157715,426.6666666666667,420.0,6.666666666666686,126.66666666666669,120.0,6.666666666666686,0.6000787615776062,0.5636172294616699,0.03646153211593628,-0.004277825355529785,-0.0025829076766967773,-0.0016949176788330078,7.212162017822266e-06,6.198883056640625e-06,1.0132789611816406e-06,0.08035944402217865,0.08126844465732574,-0.0009090006351470947,0.2195955514907837,0.20027916133403778,0.01931639015674591,0.08035944402217865,0.08126844465732574,-0.0009090006351470947,0.19465596973896027,0.20911307632923126,-0.014457106590270996,0.0,0.0,0.0,0.0,0.0,0.0,0.0,0.0,0.0,0.0,0.0,0.0
68#7,PC_ON,transient_50ms,normal,logit,0.4432954788208008,0.4248431921005249,0.01845228672027588,0.4432954788208008,0.4248431921005249,0.01845228672027588,1380.0,1373.3333333333335,6.666666666666515,1080.0,1073.3333333333335,6.666666666666515,0.6000466346740723,0.5635863542556763,0.036460280418395996,0.11396193504333496,0.1162879467010498,-0.0023260116577148438,-2.491474151611328e-05,-2.467632293701172e-05,-2.384185791015625e-07,0.07977895438671112,0.07615360617637634,0.003625348210334778,0.20466706156730652,0.17642664909362793,0.02824041247367859,0.07977895438671112,0.07615360617637634,0.003625348210334778,0.17459194362163544,0.16802380979061127,0.00656813383102417,0.0,0.0,0.0,0.0,0.0,0.0,0.0,0.0,0.0,0.0,0.0,0.0
68#7,PC_ON,large_field_50ms,normal,logit,0.17919504642486572,0.17425060272216797,0.004944443702697754,0.17919504642486572,0.17425060272216797,0.004944443702697754,353.33333333333337,346.6666666666667,6.666666666666686,53.33333333333337,46.666666666666686,6.666666666666686,0.0,7.947286162490741e-10,-7.947286162490741e-10,-0.09842932224273682,-0.1179955005645752,0.01956617832183838,0.0,1.5894572324981482e-09,-1.5894572324981482e-09,0.07960854470729828,0.07605774700641632,0.003550797700881958,0.08179092407226562,0.06524304300546646,0.016547881066799164,0.07960854470729828,0.07605774700641632,0.003550797700881958,0.08179092407226562,0.06524304300546646,0.016547881066799164,0.0,0.0,0.0,0.0,0.0,0.0,0.0,0.0,0.0,0.0,0.0,0.0
68#7,PC_ON,slow_step,normal,probability,0.08532357215881348,0.07663542032241821,0.008688151836395264,0.08532357215881348,0.07663542032241821,0.008688151836395264,1560.0,1520.0,40.0,1260.0,1220.0,40.0,0.09471346437931061,0.08330686390399933,0.01140660047531128,0.03524278104305267,0.03298176825046539,0.0022610127925872803,0.004329755902290344,0.004274584352970123,5.517154932022095e-05,0.011430956423282623,0.01018872857093811,0.001242227852344513,0.06573066115379333,0.05471344664692879,0.011017214506864548,0.011430956423282623,0.01018872857093811,0.001242227852344513,0.014627637341618538,0.01529768668115139,-0.0006700493395328522,0.0,0.0,0.0,0.0,0.0,0.0,0.0,0.0,0.0,0.0,0.0,0.0
68#7,PC_ON,slow_1Hz,normal,probability,0.08532354235649109,0.07663537561893463,0.008688166737556458,0.08532354235649109,0.07663537561893463,0.008688166737556458,1060.0,1020.0,40.0,760.0,720.0,40.0,0.09439229965209961,0.08301392942667007,0.011378370225429535,0.035242751240730286,0.03298172354698181,0.002261027693748474,0.004008591175079346,0.003981649875640869,2.6941299438476562e-05,0.011430956423282623,0.01018872857093811,0.001242227852344513,0.06573369354009628,0.054715849459171295,0.011017844080924988,0.011430956423282623,0.01018872857093811,0.001242227852344513,0.014627212658524513,0.015297351405024529,-0.0006701387465000153,0.0,0.0,0.0,0.0,0.0,0.0,0.0,0.0,0.0,0.0,0.0,0.0
68#7,PC_ON,slow_2Hz,normal,probability,0.08532285690307617,0.07663416862487793,0.008688688278198242,0.08532285690307617,0.07663416862487793,0.008688688278198242,806.6666666666667,766.6666666666667,40.0,506.66666666666674,466.66666666666674,40.0,0.0937398374080658,0.08241824060678482,0.011321596801280975,0.03524206578731537,0.03298051655292511,0.002261549234390259,0.0033561289310455322,0.0033859610557556152,-2.9832124710083008e-05,0.011430956423282623,0.01018872857093811,0.001242227852344513,0.06577994674444199,0.05476324260234833,0.011016704142093658,0.011430956423282623,0.01018872857093811,0.001242227852344513,0.014004023745656013,0.01470237784087658,-0.0006983540952205658,0.0,0.0,0.0,0.0,0.0,0.0,0.0,0.0,0.0,0.0,0.0,0.0
68#7,PC_ON,rapid_10Hz,normal,probability,0.058850958943367004,0.051903218030929565,0.006947740912437439,0.058850958943367004,0.051903218030929565,0.006947740912437439,426.6666666666667,420.0,6.666666666666686,126.66666666666669,120.0,6.666666666666686,0.09056222438812256,0.0791960060596466,0.011366218328475952,0.008770167827606201,0.008249565958976746,0.0005206018686294556,0.00017851591110229492,0.00016372650861740112,1.4789402484893799e-05,0.011430956423282623,0.01018872857093811,0.001242227852344513,0.03933597356081009,0.034824155271053314,0.004511818289756775,0.011430956423282623,0.01018872857093811,0.001242227852344513,0.027407754212617874,0.02667311020195484,0.0007346440106630325,0.0,0.0,0.0,0.0,0.0,0.0,0.0,0.0,0.0,0.0,0.0,0.0
68#7,PC_ON,rapid_20Hz,normal,probability,0.0493638813495636,0.04325108230113983,0.006112799048423767,0.0493638813495636,0.04325108230113983,0.006112799048423767,426.6666666666667,420.0,6.666666666666686,126.66666666666669,120.0,6.666666666666686,0.0903467908501625,0.07899592071771622,0.011350870132446289,-0.0007169097661972046,-0.0004025697708129883,-0.0003143399953842163,-3.691762685775757e-05,-3.635883331298828e-05,-5.587935447692871e-07,0.011520031839609146,0.010925617069005966,0.0005944147706031799,0.03244948387145996,0.02764778397977352,0.0048016998916864395,0.011520031839609146,0.010925617069005966,0.0005944147706031799,0.02850729040801525,0.028810173273086548,-0.0003028828650712967,0.0,0.0,0.0,0.0,0.0,0.0,0.0,0.0,0.0,0.0,0.0,0.0
68#7,PC_ON,transient_50ms,normal,probability,0.06982718408107758,0.0624413788318634,0.007385805249214172,0.06982718408107758,0.0624413788318634,0.007385805249214172,1380.0,1373.3333333333335,6.666666666666515,1080.0,1073.3333333333335,6.666666666666515,0.0904870256781578,0.07913282513618469,0.011354200541973114,0.019746392965316772,0.018787726759910583,0.000958666205406189,0.00010331720113754272,0.00010054558515548706,2.771615982055664e-06,0.011430956423282623,0.01018872857093811,0.001242227852344513,0.03030148334801197,0.02435130439698696,0.005950178951025009,0.011430956423282623,0.01018872857093811,0.001242227852344513,0.025269564241170883,0.02267542853951454,0.0025941357016563416,0.0,0.0,0.0,0.0,0.0,0.0,0.0,0.0,0.0,0.0,0.0,0.0
68#7,PC_ON,large_field_50ms,normal,probability,0.025971010327339172,0.023561924695968628,0.0024090856313705444,0.025971010327339172,0.023561924695968628,0.0024090856313705444,353.33333333333337,346.6666666666667,6.666666666666686,53.33333333333337,46.666666666666686,6.666666666666686,0.00013196369400247931,0.00012350738688837737,8.456307114101946e-06,-0.015561729669570923,-0.017560482025146484,0.0019987523555755615,-0.0001612062333151698,-0.00017155265959445387,1.034642627928406e-05,0.01140514574944973,0.01017504557967186,0.0012301001697778702,0.011778597719967365,0.008853324688971043,0.0029252730309963226,0.01140514574944973,0.01017504557967186,0.0012301001697778702,0.011778597719967365,0.008853324688971043,0.0029252730309963226,0.0,0.0,0.0,0.0,0.0,0.0,0.0,0.0,0.0,0.0,0.0,0.0
68#7,PC_ON,slow_step,H1_off,logit,0.5277577638626099,0.5074847936630249,0.02027297019958496,0.5277577638626099,0.5074847936630249,0.02027297019958496,1560.0,1520.0,40.0,1260.0,1220.0,40.0,0.5997447967529297,0.5632264018058777,0.036518394947052,0.1980198621749878,0.1985095739364624,-0.0004897117614746094,-0.0009110569953918457,-0.0009049177169799805,-6.139278411865234e-06,0.07997351884841919,0.07626910507678986,0.0037044137716293335,0.4166940748691559,0.3726804256439209,0.044013649225234985,0.07997351884841919,0.07626910507678986,0.0037044137716293335,0.10351765155792236,0.11480249464511871,-0.01128484308719635,0.0006452635861933231,0.0005868319422006607,5.843164399266243e-05,0.0013221502304077148,0.0013997554779052734,-7.76052474975586e-05,0.0013221502304077148,0.0013997554779052734,-7.76052474975586e-05,0.0005899930256418884,0.0005251201218925416,6.487290374934673e-05
68#7,PC_ON,slow_1Hz,H1_off,logit,0.5277576446533203,0.5074846744537354,0.02027297019958496,0.5277576446533203,0.5074846744537354,0.02027297019958496,1060.0,1020.0,40.0,760.0,720.0,40.0,0.5998576879501343,0.5633338093757629,0.03652387857437134,0.19801974296569824,0.19850945472717285,-0.0004897117614746094,-0.0007981657981872559,-0.0007975101470947266,-6.556510925292969e-07,0.07997351884841919,0.07626910507678986,0.0037044137716293335,0.4167112112045288,0.37269508838653564,0.044016122817993164,0.07997351884841919,0.07626910507678986,0.0037044137716293335,0.10351473093032837,0.11480005085468292,-0.011285319924354553,0.000691804860252887,0.0006495285197161138,4.2276340536773205e-05,0.0015066862106323242,0.0016608238220214844,-0.00015413761138916016,0.0015066862106323242,0.0016608238220214844,-0.00015413761138916016,0.0005896695656701922,0.0005250509711913764,6.46185944788158e-05
68#7,PC_ON,slow_2Hz,H1_off,logit,0.5277531147003174,0.5074794292449951,0.020273685455322266,0.5277531147003174,0.5074794292449951,0.020273685455322266,813.3333333333334,773.3333333333334,40.0,513.3333333333334,473.33333333333337,40.0,0.6000815629959106,0.5635470151901245,0.03653454780578613,0.1980152130126953,0.19850420951843262,-0.0004889965057373047,-0.0005742907524108887,-0.0005843043327331543,1.0013580322265625e-05,0.07997351884841919,0.07626910507678986,0.0037044137716293335,0.41696175932884216,0.37298089265823364,0.04398086667060852,0.07997351884841919,0.07626910507678986,0.0037044137716293335,0.09945910423994064,0.1108073815703392,-0.01134827733039856,0.0007832404226064682,0.000774455489590764,8.784933015704155e-06,0.0015060901641845703,0.0016607046127319336,-0.00015461444854736328,0.0015060901641845703,0.0016607046127319336,-0.00015461444854736328,0.0005889630410820246,0.0005247601075097919,6.420293357223272e-05
68#7,PC_ON,rapid_10Hz,H1_off,logit,0.3806006908416748,0.3600914478302002,0.02050924301147461,0.3806006908416748,0.3600914478302002,0.02050924301147461,426.6666666666667,420.0,6.666666666666686,126.66666666666669,120.0,6.666666666666686,0.6006572842597961,0.5641313791275024,0.0365259051322937,0.050862789154052734,0.051116228103637695,-0.00025343894958496094,1.430511474609375e-06,5.960464477539063e-08,1.3709068298339844e-06,0.07997351884841919,0.07626910507678986,0.0037044137716293335,0.2627992630004883,0.2485472708940506,0.014251992106437683,0.07997351884841919,0.07626910507678986,0.0037044137716293335,0.18922260403633118,0.19654513895511627,-0.007322534918785095,0.0003877190756611526,0.0005820210790261626,-0.00019430200336501002,0.00106048583984375,0.001323103904724121,-0.0002626180648803711,0.00106048583984375,0.001323103904724121,-0.0002626180648803711,0.0005845793057233095,0.0005204200861044228,6.415921961888671e-05
68#7,PC_ON,rapid_20Hz,H1_off,logit,0.3252279758453369,0.30638158321380615,0.01884639263153076,0.3252279758453369,0.30638158321380615,0.01884639263153076,426.6666666666667,420.0,6.666666666666686,126.66666666666669,120.0,6.666666666666686,0.6006631851196289,0.5641373991966248,0.03652578592300415,-0.004509925842285156,-0.0025936365127563477,-0.0019162893295288086,7.331371307373047e-06,6.079673767089844e-06,1.2516975402832031e-06,0.08054305613040924,0.08138410747051239,-0.0008410513401031494,0.2197103053331375,0.2004183977842331,0.01929190754890442,0.08054305613040924,0.08138410747051239,-0.0008410513401031494,0.1950603723526001,0.20957858860492706,-0.014518216252326965,0.00029432971496134996,0.00026658494607545435,2.774476888589561e-05,0.0005997419357299805,0.0008432865142822266,-0.0002435445785522461,0.0005997419357299805,0.0008432865142822266,-0.0002435445785522461,0.0005843989201821387,0.0005202062893658876,6.419263081625104e-05
68#7,PC_ON,transient_50ms,H1_off,logit,0.4428788423538208,0.42418599128723145,0.018692851066589355,0.4428788423538208,0.42418599128723145,0.018692851066589355,1380.0,1373.3333333333335,6.666666666666515,1080.0,1073.3333333333335,6.666666666666515,0.6006311774253845,0.5641067028045654,0.03652447462081909,0.11314094066619873,0.11521077156066895,-0.002069830894470215,-2.467632293701172e-05,-2.4616718292236328e-05,-5.960464477539063e-08,0.07997351884841919,0.07626910507678986,0.0037044137716293335,0.204901322722435,0.17665228247642517,0.028249040246009827,0.07997351884841919,0.07626910507678986,0.0037044137716293335,0.175588920712471,0.16918019950389862,0.006408721208572388,0.00030980148585513234,0.00028732139617204666,2.248008968308568e-05,0.0011131763458251953,0.0013507604598999023,-0.00023758411407470703,0.0011131763458251953,0.0013507604598999023,-0.00023758411407470703,0.0005845237174071372,0.0005204113549552858,6.411236245185137e-05
68#7,PC_ON,large_field_50ms,H1_off,logit,0.18071317672729492,0.17525768280029297,0.005455493927001953,0.18071317672729492,0.17525768280029297,0.005455493927001953,353.33333333333337,346.6666666666667,6.666666666666686,53.33333333333337,46.666666666666686,6.666666666666686,0.0,0.0,0.0,0.4586305618286133,-0.1173022985458374,0.5759328603744507,3.1789144649962964e-09,0.0,3.1789144649962964e-09,0.07997351884841919,0.07626910507678986,0.0037044137716293335,0.0834200382232666,0.06720813363790512,0.01621190458536148,0.07997351884841919,0.07626910507678986,0.0037044137716293335,0.0834200382232666,0.06720813363790512,0.01621190458536148,0.00015738884394522756,0.00017885486886370927,-2.1466024918481708e-05,0.0019050836563110352,0.002331256866455078,-0.00042617321014404297,0.0019050836563110352,0.002331256866455078,-0.00042617321014404297,0.0,-7.947286162490741e-10,7.947286162490741e-10
68#7,PC_ON,slow_step,H1_off,probability,0.08526203036308289,0.07658341526985168,0.008678615093231201,0.08526203036308289,0.07658341526985168,0.008678615093231201,1560.0,1520.0,40.0,1260.0,1220.0,40.0,0.09478349983692169,0.0833631306886673,0.011420369148254395,0.0351133793592453,0.03286425769329071,0.00224912166595459,0.004303164780139923,0.004250720143318176,5.2444636821746826e-05,0.01146044209599495,0.010205212980508804,0.001255229115486145,0.06568777561187744,0.05467521399259567,0.011012561619281769,0.01146044209599495,0.010205212980508804,0.001255229115486145,0.014718778431415558,0.015384320169687271,-0.0006655417382717133,0.00010016933083534241,8.475829963572323e-05,1.5411031199619174e-05,0.00019660592079162598,0.00019322335720062256,3.382563591003418e-06,0.00019660592079162598,0.00019322335720062256,3.382563591003418e-06,7.002552592894062e-05,5.6267879699589685e-05,1.375764622935094e-05
68#7,PC_ON,slow_1Hz,H1_off,probability,0.08526203036308289,0.0765833854675293,0.008678644895553589,0.08526203036308289,0.0765833854675293,0.008678644895553589,1060.0,1020.0,40.0,760.0,720.0,40.0,0.09446235001087189,0.08306922763586044,0.011393122375011444,0.0351133793592453,0.03286422789096832,0.0022491514682769775,0.003982014954090118,0.003956817090511322,2.5197863578796387e-05,0.01146044209599495,0.010205212980508804,0.001255229115486145,0.06569083780050278,0.05467763543128967,0.011013202369213104,0.01146044209599495,0.010205212980508804,0.001255229115486145,0.014718348160386086,0.015383988618850708,-0.0006656404584646225,0.000108271291537676,9.466463961871341e-05,1.3606651918962598e-05,0.00022529065608978271,0.00023205578327178955,-6.765127182006836e-06,0.00022529065608978271,0.00023205578327178955,-6.765127182006836e-06,7.004946382949129e-05,5.5288874136749655e-05,1.4760589692741632e-05
68#7,PC_ON,slow_2Hz,H1_off,probability,0.08526116609573364,0.07658249139785767,0.008678674697875977,0.08526116609573364,0.07658249139785767,0.008678674697875977,813.3333333333334,773.3333333333334,40.0,513.3333333333334,473.33333333333337,40.0,0.09381000697612762,0.08247162401676178,0.011338382959365845,0.03511251509189606,0.03286333382129669,0.0022491812705993652,0.0033296719193458557,0.0033592134714126587,-2.954155206680298e-05,0.01146044209599495,0.010205212980508804,0.001255229115486145,0.06573512405157089,0.0547245517373085,0.01101057231426239,0.01146044209599495,0.010205212980508804,0.001255229115486145,0.014100263826549053,0.014793849550187588,-0.0006935857236385345,0.00012419918493833393,0.00011440470552770421,9.79447941062972e-06,0.00022520124912261963,0.0002320706844329834,-6.8694353103637695e-06,0.00022520124912261963,0.0002320706844329834,-6.8694353103637695e-06,7.016698509687558e-05,5.3372383263194934e-05,1.6794601833680645e-05
68#7,PC_ON,rapid_10Hz,H1_off,probability,0.05880969762802124,0.05181966722011566,0.006990030407905579,0.05880969762802124,0.05181966722011566,0.006990030407905579,426.6666666666667,420.0,6.666666666666686,126.66666666666669,120.0,6.666666666666686,0.09065509587526321,0.07927032560110092,0.011384770274162292,0.008661046624183655,0.008100509643554688,0.0005605369806289673,0.0001747608184814453,0.00015791505575180054,1.6845762729644775e-05,0.01146044209599495,0.010205212980508804,0.001255229115486145,0.03930419310927391,0.03477226570248604,0.004531927406787872,0.01146044209599495,0.010205212980508804,0.001255229115486145,0.027542224153876305,0.02683146484196186,0.000710759311914444,6.25921311439015e-05,8.808096026768908e-05,-2.5488829123787582e-05,0.00016167759895324707,0.00019213557243347168,-3.045797348022461e-05,0.00016167759895324707,0.00019213557243347168,-3.045797348022461e-05,9.287705324823037e-05,7.431954145431519e-05,1.8557511793915182e-05
68#7,PC_ON,rapid_20Hz,H1_off,probability,0.049392715096473694,0.04331481456756592,0.006077900528907776,0.049392715096473694,0.04331481456756592,0.006077900528907776,426.6666666666667,420.0,6.666666666666686,126.66666666666669,120.0,6.666666666666686,0.09044306725263596,0.07907617092132568,0.011366896331310272,-0.0007559359073638916,-0.00040434300899505615,-0.00035159289836883545,-3.726780414581299e-05,-3.62396240234375e-05,-1.0281801223754883e-06,0.011547870934009552,0.010942352935671806,0.0006055179983377457,0.03246891498565674,0.027670584619045258,0.004798330366611481,0.011547870934009552,0.010942352935671806,0.0006055179983377457,0.028570208698511124,0.028879938647150993,-0.0003097299486398697,4.8335343308281153e-05,4.0912331314757466e-05,7.423011993523687e-06,9.320676326751709e-05,0.00012767314910888672,-3.446638584136963e-05,9.320676326751709e-05,0.00012767314910888672,-3.446638584136963e-05,9.627144027035683e-05,8.02449430921115e-05,1.6026497178245336e-05
68#7,PC_ON,transient_50ms,H1_off,probability,0.06975272297859192,0.06233154237270355,0.007421180605888367,0.06975272297859192,0.06233154237270355,0.007421180605888367,1380.0,1373.3333333333335,6.666666666666515,1080.0,1073.3333333333335,6.666666666666515,0.09058266878128052,0.07921193540096283,0.011370733380317688,0.019604071974754333,0.018612384796142578,0.0009916871786117554,0.00010233372449874878,9.95248556137085e-05,2.808868885040283e-06,0.01146044209599495,0.010205212980508804,0.001255229115486145,0.030338581651449203,0.024384142830967903,0.0059544388204813,0.01146044209599495,0.010205212980508804,0.001255229115486145,0.02542203664779663,0.022840412333607674,0.002581624314188957,5.0831287808250636e-05,4.391466427478008e-05,6.916623533470556e-06,0.00016921758651733398,0.00019209086894989014,-2.2873282432556152e-05,0.00016921758651733398,0.00019209086894989014,-2.2873282432556152e-05,9.565174696035683e-05,7.91121565271169e-05,1.6539590433239937e-05
68#7,PC_ON,large_field_50ms,H1_off,probability,0.02620398998260498,0.023706257343292236,0.002497732639312744,0.02620398998260498,0.023706257343292236,0.002497732639312744,353.33333333333337,346.6666666666667,6.666666666666686,53.33333333333337,46.666666666666686,6.666666666666686,0.00013395548739936203,0.00012512336252257228,8.832124876789749e-06,-0.015376463532447815,-0.017464622855186462,0.0020881593227386475,-0.0001598869712324813,-0.00017059460515156388,1.0707633919082582e-05,0.01146044209599495,0.010205212980508804,0.001255229115486145,0.012014827691018581,0.009115142747759819,0.0028996849432587624,0.01146044209599495,0.010205212980508804,0.001255229115486145,0.012014827691018581,0.009115142747759819,0.0028996849432587624,2.151469379896298e-05,2.2792368326918222e-05,-1.2776745279552415e-06,0.00028508901596069336,0.0003120899200439453,-2.7000904083251953e-05,0.00028508901596069336,0.0003120899200439453,-2.7000904083251953e-05,1.9917886220355285e-06,1.6159813185367966e-06,3.758073034987319e-07
68#7,PC_ON,slow_step,AC_off,logit,0.4990929365158081,0.5825486183166504,-0.08345568180084229,0.4990929365158081,0.5825486183166504,-0.08345568180084229,1600.0,1520.0,80.0,1300.0,1220.0,80.0,0.9928334951400757,1.1582224369049072,-0.16538894176483154,0.00023698806762695312,0.0006154775619506836,-0.00037848949432373047,8.344650268554688e-07,1.430511474609375e-06,-5.960464477539062e-07,0.10919396579265594,0.14397147297859192,-0.034777507185935974,0.3901234269142151,0.439131498336792,-0.049008071422576904,0.10919396579265594,0.14397147297859192,-0.034777507185935974,0.4939548671245575,0.575789213180542,-0.0818343460559845,0.22243183851242065,0.2953663766384125,-0.07293453812599182,0.42269301414489746,0.5208045244216919,-0.09811151027679443,0.42269301414489746,0.5208045244216919,-0.09811151027679443,0.3936786651611328,0.595521092414856,-0.20184242725372314
68#7,PC_ON,slow_1Hz,AC_off,logit,0.49909329414367676,0.5825498104095459,-0.08345651626586914,0.49909329414367676,0.5825498104095459,-0.08345651626586914,1093.3333333333335,1020.0,73.33333333333348,793.3333333333335,720.0,73.33333333333348,0.9928334951400757,1.1582224369049072,-0.16538894176483154,0.00023734569549560547,0.0006166696548461914,-0.00037932395935058594,8.344650268554688e-07,1.430511474609375e-06,-5.960464477539062e-07,0.10919396579265594,0.14397147297859192,-0.034777507185935974,0.3901236355304718,0.4391317069530487,-0.049008071422576904,0.10919396579265594,0.14397147297859192,-0.034777507185935974,0.49396777153015137,0.5758036971092224,-0.08183592557907104,0.21907447278499603,0.29531344771385193,-0.0762389749288559,0.422701358795166,0.5208045244216919,-0.09810316562652588,0.422701358795166,0.5208045244216919,-0.09810316562652588,0.39356541633605957,0.5954136252403259,-0.20184820890426636
68#7,PC_ON,slow_2Hz,AC_off,logit,0.49910640716552734,0.5825815200805664,-0.08347511291503906,0.49910640716552734,0.5825815200805664,-0.08347511291503906,793.3333333333334,746.6666666666667,46.66666666666663,493.33333333333337,446.66666666666674,46.66666666666663,0.9928334951400757,1.1582224369049072,-0.16538894176483154,0.0002504587173461914,0.0006483793258666992,-0.0003979206085205078,8.344650268554688e-07,1.430511474609375e-06,-5.960464477539062e-07,0.10919396579265594,0.14397147297859192,-0.034777507185935974,0.39012429118156433,0.43913733959198,-0.04901304841041565,0.10919396579265594,0.14397147297859192,-0.034777507185935974,0.494223415851593,0.5760791897773743,-0.08185577392578125,0.21220248937606812,0.2952226400375366,-0.0830201506614685,0.42269301414489746,0.5208045244216919,-0.09811151027679443,0.42269301414489746,0.5208045244216919,-0.09811151027679443,0.3933408856391907,0.5952001810073853,-0.20185929536819458
68#7,PC_ON,rapid_10Hz,AC_off,logit,0.4990651607513428,0.5824916362762451,-0.08342647552490234,0.4990651607513428,0.5824916362762451,-0.08342647552490234,420.0,433.33333333333337,-13.333333333333371,120.0,133.33333333333337,-13.333333333333371,0.9928329586982727,1.15822172164917,-0.16538876295089722,0.0002092123031616211,0.0005584955215454102,-0.00034928321838378906,2.980232238769531e-07,7.152557373046875e-07,-4.172325134277344e-07,0.10919396579265594,0.14397147297859192,-0.034777507185935974,0.38802415132522583,0.436393141746521,-0.048368990421295166,0.10919396579265594,0.14397147297859192,-0.034777507185935974,0.4163806736469269,0.5039759278297424,-0.08759525418281555,0.1926308125257492,0.2913151979446411,-0.0986843854188919,0.2736912965774536,0.3692753314971924,-0.09558403491973877,0.2736912965774536,0.3692753314971924,-0.09558403491973877,0.3927602469921112,0.5946106910705566,-0.20185044407844543
68#7,PC_ON,rapid_20Hz,AC_off,logit,0.49876952171325684,0.581627607345581,-0.08285808563232422,0.49876952171325684,0.581627607345581,-0.08285808563232422,420.0,426.6666666666667,-6.666666666666686,120.0,126.66666666666669,-6.666666666666686,0.9928328394889832,1.15822172164917,-0.16538888216018677,-8.64267349243164e-05,-0.00030553340911865234,0.00021910667419433594,1.7881393432617188e-07,7.152557373046875e-07,-5.364418029785156e-07,0.10920530557632446,0.14397189021110535,-0.034766584634780884,0.3877023458480835,0.43589067459106445,-0.04818832874298096,0.10920530557632446,0.14397189021110535,-0.034766584634780884,0.2938350737094879,0.3710560202598572,-0.07722094655036926,0.19061335921287537,0.2893642783164978,-0.09875091910362244,0.2155851125717163,0.31292152404785156,-0.09733641147613525,0.2155851125717163,0.31292152404785156,-0.09733641147613525,0.39275410771369934,0.5946043133735657,-0.20185020565986633
68#7,PC_ON,transient_50ms,AC_off,logit,0.4978533983230591,0.581296443939209,-0.0834430456161499,0.4978533983230591,0.581296443939209,-0.0834430456161499,1386.6666666666667,1386.6666666666667,0.0,1086.6666666666667,1086.6666666666667,0.0,0.9928324818611145,1.158220887184143,-0.16538840532302856,-0.0010025501251220703,-0.0006366968154907227,-0.00036585330963134766,-1.7881393432617188e-07,-1.1920928955078125e-07,-5.960464477539063e-08,0.10919396579265594,0.14397147297859192,-0.034777507185935974,0.3875519633293152,0.43574991822242737,-0.04819795489311218,0.10919396579265594,0.14397147297859192,-0.034777507185935974,0.4162345826625824,0.5038692355155945,-0.08763465285301208,0.18928463757038116,0.2879783511161804,-0.09869371354579926,0.2874056100845337,0.3776378631591797,-0.090232253074646,0.2874056100845337,0.3776378631591797,-0.090232253074646,0.39278581738471985,0.5946345329284668,-0.20184871554374695
68#7,PC_ON,large_field_50ms,AC_off,logit,-0.3712453842163086,0.45590996742248535,-0.827155351638794,0.3712453842163086,0.45590996742248535,-0.08466458320617676,1366.6666666666667,360.0,1006.6666666666667,1066.6666666666667,60.0,1006.6666666666667,-4.76837147544984e-09,-2.38418573772492e-09,-2.38418573772492e-09,0.002856016159057617,-0.003069639205932617,0.005925655364990234,-1.5894570104535433e-09,-7.947285052267716e-10,-7.947285052267716e-10,0.1089765876531601,0.14379693567752838,-0.034820348024368286,0.3107406795024872,0.3641481399536133,-0.0534074604511261,0.1089765876531601,0.14379693567752838,-0.034820348024368286,0.3107406795024872,0.3641481399536133,-0.0534074604511261,0.021057024598121643,0.02594258263707161,-0.004885558038949966,0.2658330202102661,0.32949602603912354,-0.06366300582885742,0.2658330202102661,0.32949602603912354,-0.06366300582885742,-4.76837147544984e-09,-3.1789144649962964e-09,-1.5894570104535433e-09
68#7,PC_ON,slow_step,AC_off,probability,0.07994803786277771,0.08999581634998322,-0.010047778487205505,0.07994803786277771,0.08999581634998322,-0.010047778487205505,1600.0,1520.0,80.0,1300.0,1220.0,80.0,0.15862177312374115,0.17837101221084595,-0.019749239087104797,4.361569881439209e-05,0.00011213123798370361,-6.851553916931152e-05,-3.2782554626464844e-06,-4.798173904418945e-06,1.519918441772461e-06,0.016017546877264977,0.02019312232732773,-0.004175575450062752,0.06101725995540619,0.0657878965139389,-0.004770636558532715,0.016017546877264977,0.02019312232732773,-0.004175575450062752,0.0790037214756012,0.08876605331897736,-0.00976233184337616,0.03667662292718887,0.04715264216065407,-0.010476019233465195,0.06903858482837677,0.08165283501148224,-0.012614250183105469,0.06903858482837677,0.08165283501148224,-0.012614250183105469,0.06390829384326935,0.09506415575742722,-0.031155861914157867
68#7,PC_ON,slow_1Hz,AC_off,probability,0.07994808256626129,0.08999603986740112,-0.010047957301139832,0.07994808256626129,0.08999603986740112,-0.010047957301139832,1093.3333333333335,1020.0,73.33333333333348,793.3333333333335,720.0,73.33333333333348,0.15862171351909637,0.17837093770503998,-0.019749224185943604,4.366040229797363e-05,0.00011235475540161133,-6.86943531036377e-05,-3.337860107421875e-06,-4.872679710388184e-06,1.5348196029663086e-06,0.016017546877264977,0.02019312232732773,-0.004175575450062752,0.061017319560050964,0.06578794121742249,-0.004770621657371521,0.016017546877264977,0.02019312232732773,-0.004175575450062752,0.07900608330965042,0.08876869827508926,-0.009762614965438843,0.03622480854392052,0.04729918763041496,-0.011074379086494446,0.06903858482837677,0.08165283501148224,-0.012614250183105469,0.06903858482837677,0.08165283501148224,-0.012614250183105469,0.06422941386699677,0.0953570231795311,-0.031127609312534332
68#7,PC_ON,slow_2Hz,AC_off,probability,0.07995051145553589,0.09000182151794434,-0.010051310062408447,0.07995051145553589,0.09000182151794434,-0.010051310062408447,793.3333333333334,746.6666666666667,46.66666666666663,493.33333333333337,446.66666666666674,46.66666666666663,0.15862159430980682,0.17837080359458923,-0.01974920928478241,4.60892915725708e-05,0.00011813640594482422,-7.204711437225342e-05,-3.4570693969726562e-06,-5.0067901611328125e-06,1.5497207641601562e-06,0.016017546877264977,0.02019312232732773,-0.004175575450062752,0.061017416417598724,0.06578890234231949,-0.004771485924720764,0.016017546877264977,0.02019312232732773,-0.004175575450062752,0.07905299961566925,0.08881872147321701,-0.00976572185754776,0.035296324640512466,0.04759927839040756,-0.012302953749895096,0.06903858482837677,0.08165283501148224,-0.012614250183105469,0.06903858482837677,0.08165283501148224,-0.012614250183105469,0.06488175690174103,0.09595254808664322,-0.03107079118490219
68#7,PC_ON,rapid_10Hz,AC_off,probability,0.07994292676448822,0.08998546004295349,-0.010042533278465271,0.07994292676448822,0.08998546004295349,-0.010042533278465271,420.0,433.33333333333337,-13.333333333333371,120.0,133.33333333333337,-13.333333333333371,0.15862314403057098,0.17837245762348175,-0.019749313592910767,3.8504600524902344e-05,0.00010177493095397949,-6.327033042907715e-05,-1.9073486328125e-06,-3.3527612686157227e-06,1.4454126358032227e-06,0.016017546877264977,0.02019312232732773,-0.004175575450062752,0.06064710021018982,0.06531447917222977,-0.0046673789620399475,0.016017546877264977,0.02019312232732773,-0.004175575450062752,0.06516243517398834,0.07607366144657135,-0.010911226272583008,0.033401601016521454,0.04864287003874779,-0.015241269022226334,0.04672667384147644,0.06066372990608215,-0.013937056064605713,0.04672667384147644,0.06066372990608215,-0.013937056064605713,0.06806092709302902,0.09917641431093216,-0.031115487217903137
68#7,PC_ON,rapid_20Hz,AC_off,probability,0.07988853752613068,0.0898280143737793,-0.00993947684764862,0.07988853752613068,0.0898280143737793,-0.00993947684764862,420.0,426.6666666666667,-6.666666666666686,120.0,126.66666666666669,-6.666666666666686,0.15862418711185455,0.1783742606639862,-0.019750073552131653,-1.58846378326416e-05,-5.5670738220214844e-05,3.978610038757324e-05,-8.642673492431641e-07,-1.5497207641601562e-06,6.854534149169922e-07,0.016019398346543312,0.0201931893825531,-0.0041737910360097885,0.06059293448925018,0.0652347207069397,-0.004641786217689514,0.016019398346543312,0.0201931893825531,-0.0041737910360097885,0.04469703882932663,0.054267801344394684,-0.009570762515068054,0.03320575878024101,0.048468250781297684,-0.015262492001056671,0.03741113841533661,0.05225454270839691,-0.014843404293060303,0.03741113841533661,0.05225454270839691,-0.014843404293060303,0.06827738136053085,0.0993783175945282,-0.031100936233997345
68#7,PC_ON,transient_50ms,AC_off,probability,0.07971996068954468,0.0897676944732666,-0.010047733783721924,0.07971996068954468,0.0897676944732666,-0.010047733783721924,1386.6666666666667,1386.6666666666667,0.0,1086.6666666666667,1086.6666666666667,0.0,0.15862563252449036,0.17837639153003693,-0.01975075900554657,-0.00018446147441864014,-0.00011599063873291016,-6.847083568572998e-05,5.811452865600586e-07,5.811452865600586e-07,0.0,0.016017546877264977,0.02019312232732773,-0.004175575450062752,0.060569122433662415,0.06521615386009216,-0.0046470314264297485,0.016017546877264977,0.02019312232732773,-0.004175575450062752,0.06513601541519165,0.07605449110269547,-0.010918475687503815,0.03294874727725983,0.048215847462415695,-0.015267100185155869,0.048387691378593445,0.06138703227043152,-0.012999340891838074,0.048387691378593445,0.06138703227043152,-0.012999340891838074,0.06813859939575195,0.09924357384443283,-0.031104974448680878
68#7,PC_ON,large_field_50ms,AC_off,probability,0.05719795823097229,0.06768067181110382,-0.01048271358013153,0.05719795823097229,0.06768067181110382,-0.01048271358013153,366.6666666666667,360.0,6.666666666666686,66.66666666666669,60.0,6.666666666666686,0.000588086259085685,0.0008127623586915433,-0.00022467609960585833,-0.0004911571741104126,-0.0005227327346801758,3.1575560569763184e-05,-1.0791700333356857e-05,-1.58725306391716e-05,5.080830305814743e-06,0.01598293147981167,0.020165348425507545,-0.004182416945695877,0.04712533950805664,0.052834365516901016,-0.005709026008844376,0.01598293147981167,0.020165348425507545,-0.004182416945695877,0.04712533950805664,0.052834365516901016,-0.005709026008844376,0.0028827108908444643,0.0033182629849761724,-0.00043555209413170815,0.04042728245258331,0.049321070313453674,-0.008893787860870361,0.04042728245258331,0.049321070313453674,-0.008893787860870361,0.0004561225650832057,0.0006892549572512507,-0.00023313239216804504
68#10,MC_ON,slow_step,normal,logit,0.4420843720436096,0.5091631412506104,-0.06707876920700073,0.4420843720436096,0.5091631412506104,-0.06707876920700073,1526.6666666666667,1493.3333333333335,33.33333333333326,1226.6666666666667,1193.3333333333335,33.33333333333326,0.4408208727836609,0.5074635148048401,-0.0666426420211792,0.1991901993751526,0.23599779605865479,-0.0368075966835022,-0.0008842051029205322,-0.0011809468269348145,0.0002967417240142822,0.050221651792526245,0.04461608827114105,0.005605563521385193,0.35579991340637207,0.38878118991851807,-0.032981276512145996,0.050221651792526245,0.04461608827114105,0.005605563521385193,0.03508922457695007,0.07455825805664062,-0.03946903347969055,0.0,0.0,0.0,0.0,0.0,0.0,0.0,0.0,0.0,0.0,0.0,0.0
68#10,MC_ON,slow_1Hz,normal,logit,0.4420841336250305,0.5091627836227417,-0.06707864999771118,0.4420841336250305,0.5091627836227417,-0.06707864999771118,1026.6666666666667,993.3333333333334,33.33333333333337,726.6666666666667,693.3333333333334,33.33333333333337,0.44092032313346863,0.5075963139533997,-0.06667599081993103,0.1991899609565735,0.23599743843078613,-0.036807477474212646,-0.000784754753112793,-0.0010481476783752441,0.00026339292526245117,0.050221651792526245,0.04461608827114105,0.005605563521385193,0.3558149039745331,0.3887968361377716,-0.032981932163238525,0.050221651792526245,0.04461608827114105,0.005605563521385193,0.03508587181568146,0.07455536723136902,-0.03946949541568756,0.0,0.0,0.0,0.0,0.0,0.0,0.0,0.0,0.0,0.0,0.0,0.0
68#10,MC_ON,slow_2Hz,normal,logit,0.4420762062072754,0.5093329548835754,-0.06725674867630005,0.4420762062072754,0.5093329548835754,-0.06725674867630005,780.0,2313.3333333333335,-1533.3333333333335,480.0,2013.3333333333335,-1533.3333333333335,0.4411179721355438,0.5078604817390442,-0.06674250960350037,0.19918203353881836,0.23616760969161987,-0.036985576152801514,-0.0005871057510375977,-0.0007839798927307129,0.00019687414169311523,0.050221651792526245,0.04461608827114105,0.005605563521385193,0.356097936630249,0.38912105560302734,-0.03302311897277832,0.050221651792526245,0.04461608827114105,0.005605563521385193,0.030310017988085747,0.06993259489536285,-0.03962257690727711,0.0,0.0,0.0,0.0,0.0,0.0,0.0,0.0,0.0,0.0,0.0,0.0
68#10,MC_ON,rapid_10Hz,normal,logit,0.32534337043762207,0.34684574604034424,-0.021502375602722168,0.32534337043762207,0.34684574604034424,-0.021502375602722168,426.6666666666667,420.0,6.666666666666686,126.66666666666669,120.0,6.666666666666686,0.441691130399704,0.5086337327957153,-0.06694260239601135,0.08244919776916504,0.07368040084838867,0.008768796920776367,-1.3947486877441406e-05,-1.0728836059570312e-05,-3.2186508178710938e-06,0.050221651792526245,0.04461608827114105,0.005605563521385193,0.226949080824852,0.26192742586135864,-0.03497834503650665,0.050221651792526245,0.04461608827114105,0.005605563521385193,0.106086865067482,0.14485026895999908,-0.03876340389251709,0.0,0.0,0.0,0.0,0.0,0.0,0.0,0.0,0.0,0.0,0.0,0.0
68#10,MC_ON,rapid_20Hz,normal,logit,0.2496577501296997,0.277907133102417,-0.028249382972717285,0.2496577501296997,0.277907133102417,-0.028249382972717285,433.33333333333337,2313.3333333333335,-1880.0,133.33333333333337,2013.3333333333335,-1880.0,0.4417089521884918,0.5086485743522644,-0.06693962216377258,0.006763577461242676,0.004741787910461426,0.00202178955078125,3.874301910400391e-06,4.112720489501953e-06,-2.384185791015625e-07,0.05096593499183655,0.05203397572040558,-0.0010680407285690308,0.16968266665935516,0.202051043510437,-0.03236837685108185,0.05096593499183655,0.05203397572040558,-0.0010680407285690308,0.13453496992588043,0.16468048095703125,-0.030145511031150818,0.0,0.0,0.0,0.0,0.0,0.0,0.0,0.0,0.0,0.0,0.0,0.0
68#10,MC_ON,transient_50ms,normal,logit,0.3763890266418457,0.4208035469055176,-0.044414520263671875,0.3763890266418457,0.4208035469055176,-0.044414520263671875,1380.0,1373.3333333333335,6.666666666666515,1080.0,1073.3333333333335,6.666666666666515,0.4416821002960205,0.5086120963096619,-0.06692999601364136,0.13349485397338867,0.147638201713562,-0.01414334774017334,-2.2977590560913086e-05,-3.236532211303711e-05,9.387731552124023e-06,0.050221651792526245,0.04461608827114105,0.005605563521385193,0.15274102985858917,0.17203466594219208,-0.019293636083602905,0.050221651792526245,0.04461608827114105,0.005605563521385193,0.09044962376356125,0.10932077467441559,-0.01887115091085434,0.0,0.0,0.0,0.0,0.0,0.0,0.0,0.0,0.0,0.0,0.0,0.0
68#10,MC_ON,large_field_50ms,normal,logit,0.11829638481140137,0.11275303363800049,0.005543351173400879,0.11829638481140137,0.11275303363800049,0.005543351173400879,346.6666666666667,346.6666666666667,0.0,46.666666666666686,46.666666666666686,0.0,0.0,0.0,0.0,-0.09833776950836182,-0.14407670497894287,0.045738935470581055,1.5894572324981482e-09,1.5894572324981482e-09,0.0,0.05012728273868561,0.044470638036727905,0.005656644701957703,0.0254982877522707,0.02642168290913105,-0.0009233951568603516,0.05012728273868561,0.044470638036727905,0.005656644701957703,0.0254982877522707,0.02642168290913105,-0.0009233951568603516,0.0,0.0,0.0,0.0,0.0,0.0,0.0,0.0,0.0,0.0,0.0,0.0
68#10,MC_ON,slow_step,normal,probability,0.07822437584400177,0.09171265363693237,-0.013488277792930603,0.07822437584400177,0.09171265363693237,-0.013488277792930603,1526.6666666666667,1493.3333333333335,33.33333333333326,1226.6666666666667,1193.3333333333335,33.33333333333326,0.07764725387096405,0.09096679091453552,-0.013319537043571472,0.03754661977291107,0.045555323362350464,-0.008008703589439392,0.004148349165916443,0.005493044853210449,-0.0013446956872940063,0.00806371308863163,0.00716022402048111,0.0009034890681505203,0.06192741170525551,0.06853536516427994,-0.006607953459024429,0.00806371308863163,0.00716022402048111,0.0009034890681505203,0.005638906732201576,0.012167312204837799,-0.006528405472636223,0.0,0.0,0.0,0.0,0.0,0.0,0.0,0.0,0.0,0.0,0.0,0.0
68#10,MC_ON,slow_1Hz,normal,probability,0.07822434604167938,0.09171256422996521,-0.013488218188285828,0.07822434604167938,0.09171256422996521,-0.013488218188285828,1026.6666666666667,993.3333333333334,33.33333333333337,726.6666666666667,693.3333333333334,33.33333333333337,0.077394038438797,0.09062287956476212,-0.013228841125965118,0.037546589970588684,0.0455552339553833,-0.008008643984794617,0.0038951337337493896,0.005149133503437042,-0.0012539997696876526,0.00806371308863163,0.00716022402048111,0.0009034890681505203,0.061930276453495026,0.06853841245174408,-0.006608135998249054,0.00806371308863163,0.00716022402048111,0.0009034890681505203,0.005638366565108299,0.012166844680905342,-0.006528478115797043,0.0,0.0,0.0,0.0,0.0,0.0,0.0,0.0,0.0,0.0,0.0,0.0
68#10,MC_ON,slow_2Hz,normal,probability,0.07822276651859283,0.09174725413322449,-0.013524487614631653,0.07822276651859283,0.09174725413322449,-0.013524487614631653,773.3333333333334,2313.3333333333335,-1540.0,473.33333333333337,2013.3333333333335,-1540.0,0.07687769085168839,0.08992259204387665,-0.013044901192188263,0.037545010447502136,0.04558992385864258,-0.008044913411140442,0.0033787861466407776,0.004448845982551575,-0.0010700598359107971,0.00806371308863163,0.00716022402048111,0.0009034890681505203,0.06198432296514511,0.06860153377056122,-0.006617210805416107,0.00806371308863163,0.00716022402048111,0.0009034890681505203,0.0048443651758134365,0.011350949294865131,-0.006506584119051695,0.0,0.0,0.0,0.0,0.0,0.0,0.0,0.0,0.0,0.0,0.0,0.0
68#10,MC_ON,rapid_10Hz,normal,probability,0.05576904118061066,0.059827446937561035,-0.004058405756950378,0.05576904118061066,0.059827446937561035,-0.004058405756950378,426.6666666666667,420.0,6.666666666666686,126.66666666666669,120.0,6.666666666666686,0.07390093803405762,0.08579092472791672,-0.0118899866938591,0.015091285109519958,0.013670116662979126,0.0014211684465408325,0.00040203332901000977,0.0003171786665916443,8.485466241836548e-05,0.00806371308863163,0.00716022402048111,0.0009034890681505203,0.037950776517391205,0.04434524476528168,-0.006394468247890472,0.00806371308863163,0.00716022402048111,0.0009034890681505203,0.017100298777222633,0.02368067018687725,-0.006580371409654617,0.0,0.0,0.0,0.0,0.0,0.0,0.0,0.0,0.0,0.0,0.0,0.0
68#10,MC_ON,rapid_20Hz,normal,probability,0.04189145565032959,0.04702165722846985,-0.005130201578140259,0.04189145565032959,0.04702165722846985,-0.005130201578140259,433.33333333333337,2313.3333333333335,-1880.0,133.33333333333337,2013.3333333333335,-1880.0,0.07349271327257156,0.08545280247926712,-0.011960089206695557,0.0012136995792388916,0.0008643269538879395,0.00034937262535095215,-6.191432476043701e-06,-2.094358205795288e-05,1.475214958190918e-05,0.008188314735889435,0.008407551795244217,-0.0002192370593547821,0.027911987155675888,0.033671487122774124,-0.005759499967098236,0.008188314735889435,0.008407551795244217,-0.0002192370593547821,0.021932609379291534,0.02719619683921337,-0.005263587459921837,0.0,0.0,0.0,0.0,0.0,0.0,0.0,0.0,0.0,0.0,0.0,0.0
68#10,MC_ON,transient_50ms,normal,probability,0.0654328316450119,0.0740584135055542,-0.008625581860542297,0.0654328316450119,0.0740584135055542,-0.008625581860542297,1380.0,1373.3333333333335,6.666666666666515,1080.0,1073.3333333333335,6.666666666666515,0.07360570132732391,0.08561909198760986,-0.01201339066028595,0.024755075573921204,0.02790108323097229,-0.0031460076570510864,0.00010679662227630615,0.00014534592628479004,-3.854930400848389e-05,0.00806371308863163,0.00716022402048111,0.0009034890681505203,0.025166748091578484,0.02858523651957512,-0.0034184884279966354,0.00806371308863163,0.00716022402048111,0.0009034890681505203,0.014493335969746113,0.017620161175727844,-0.0031268252059817314,0.0,0.0,0.0,0.0,0.0,0.0,0.0,0.0,0.0,0.0,0.0,0.0
68#10,MC_ON,large_field_50ms,normal,probability,0.01910296082496643,0.018183410167694092,0.0009195506572723389,0.01910296082496643,0.018183410167694092,0.0009195506572723389,346.6666666666667,346.6666666666667,0.0,46.666666666666686,46.666666666666686,0.0,6.707261491101235e-05,6.370207120198756e-05,3.370543709024787e-06,-0.016903936862945557,-0.02501264214515686,0.008108705282211304,-0.00011518091196194291,-0.00018120506138075143,6.602414941880852e-05,0.008047997951507568,0.007135864347219467,0.0009121336042881012,0.004223921336233616,0.004372905474156141,-0.0001489841379225254,0.008047997951507568,0.007135864347219467,0.0009121336042881012,0.004223921336233616,0.004372905474156141,-0.0001489841379225254,0.0,0.0,0.0,0.0,0.0,0.0,0.0,0.0,0.0,0.0,0.0,0.0
68#10,MC_ON,slow_step,H1_off,logit,0.4421481490135193,0.5098598599433899,-0.0677117109298706,0.4421481490135193,0.5098598599433899,-0.0677117109298706,1526.6666666666667,1506.6666666666667,20.0,1226.6666666666667,1206.6666666666667,20.0,0.4413362741470337,0.5127118229866028,-0.07137554883956909,0.19881302118301392,0.23196393251419067,-0.03315091133117676,-0.0008823573589324951,-0.0011603236198425293,0.0002779662609100342,0.05032578110694885,0.04488834738731384,0.00543743371963501,0.35588163137435913,0.3895770311355591,-0.03369539976119995,0.05032578110694885,0.04488834738731384,0.00543743371963501,0.03541862964630127,0.0787343978881836,-0.043315768241882324,0.00028156954795122147,0.002851237542927265,-0.0025696679949760437,0.0008418560028076172,0.009417176246643066,-0.00857532024383545,0.0008418560028076172,0.009417176246643066,-0.00857532024383545,0.0005154315731488168,0.005248301662504673,-0.004732870089355856
68#10,MC_ON,slow_1Hz,H1_off,logit,0.4421479105949402,0.509859561920166,-0.06771165132522583,0.4421479105949402,0.509859561920166,-0.06771165132522583,1026.6666666666667,1006.6666666666667,20.0,726.6666666666667,706.6666666666667,20.0,0.44143587350845337,0.5128450989723206,-0.07140922546386719,0.19881278276443481,0.2319636344909668,-0.03315085172653198,-0.0007827579975128174,-0.0010270476341247559,0.0002442896366119385,0.05032578110694885,0.04488834738731384,0.00543743371963501,0.35589659214019775,0.38959288597106934,-0.03369629383087158,0.05032578110694885,0.04488834738731384,0.00543743371963501,0.03541526198387146,0.07873137295246124,-0.04331611096858978,0.00030927101033739746,0.0031102311331778765,-0.002800960122840479,0.00087738037109375,0.009673476219177246,-0.008796095848083496,0.00087738037109375,0.009673476219177246,-0.008796095848083496,0.0005155070684850216,0.005248865112662315,-0.004733358044177294
68#10,MC_ON,slow_2Hz,H1_off,logit,0.44214171171188354,0.5101388096809387,-0.06799709796905518,0.44214171171188354,0.5101388096809387,-0.06799709796905518,780.0,2313.3333333333335,-1533.3333333333335,480.0,2013.3333333333335,-1533.3333333333335,0.4416336119174957,0.5131100416183472,-0.07147642970085144,0.19880658388137817,0.2322428822517395,-0.03343629837036133,-0.000585019588470459,-0.0007621049880981445,0.00017708539962768555,0.05032578110694885,0.04488834738731384,0.00543743371963501,0.3561745882034302,0.389914333820343,-0.03373974561691284,0.05032578110694885,0.04488834738731384,0.00543743371963501,0.03065931797027588,0.07421256601810455,-0.043553248047828674,0.00036439139512367547,0.0036217228043824434,-0.003257331409258768,0.0008767843246459961,0.009674549102783203,-0.008797764778137207,0.0008767843246459961,0.009674549102783203,-0.008797764778137207,0.0005156262777745724,0.005249633453786373,-0.004734007176011801
68#10,MC_ON,rapid_10Hz,H1_off,logit,0.3253093957901001,0.34653234481811523,-0.021222949028015137,0.3253093957901001,0.34653234481811523,-0.021222949028015137,426.6666666666667,420.0,6.666666666666686,126.66666666666669,120.0,6.666666666666686,0.44220495223999023,0.513863205909729,-0.07165825366973877,0.08197426795959473,0.06863641738891602,0.013337850570678711,-1.3679265975952148e-05,-8.940696716308594e-06,-4.738569259643555e-06,0.05032578110694885,0.04488834738731384,0.00543743371963501,0.22689995169639587,0.2616821229457855,-0.03478217124938965,0.05032578110694885,0.04488834738731384,0.00543743371963501,0.10676383972167969,0.15251362323760986,-0.045749783515930176,0.00028937339084222913,0.003731460077688098,-0.003442086686845869,0.0008003711700439453,0.009435892105102539,-0.008635520935058594,0.0008003711700439453,0.009435892105102539,-0.008635520935058594,0.000513775332365185,0.005229498725384474,-0.004715723393019289
68#10,MC_ON,rapid_20Hz,H1_off,logit,0.24987614154815674,0.2822432518005371,-0.03236711025238037,0.24987614154815674,0.2822432518005371,-0.03236711025238037,433.33333333333337,2313.3333333333335,-1880.0,133.33333333333337,2013.3333333333335,-1880.0,0.44222256541252136,0.5138763189315796,-0.07165375351905823,0.006541013717651367,0.004347324371337891,0.0021936893463134766,3.933906555175781e-06,4.172325134277344e-06,-2.384185791015625e-07,0.051069244742393494,0.05230693519115448,-0.0012376904487609863,0.16983775794506073,0.20426546037197113,-0.0344277024269104,0.051069244742393494,0.05230693519115448,-0.0012376904487609863,0.13487562537193298,0.16792014241218567,-0.033044517040252686,0.00026073932531289756,0.0026358168106526136,-0.002375077485339716,0.0005342960357666016,0.0069925785064697266,-0.006458282470703125,0.0005342960357666016,0.0069925785064697266,-0.006458282470703125,0.0005136323161423206,0.005227684509009123,-0.004714052192866802
68#10,MC_ON,transient_50ms,H1_off,logit,0.3762853145599365,0.4192204475402832,-0.04293513298034668,0.3762853145599365,0.4192204475402832,-0.04293513298034668,1380.0,1373.3333333333335,6.666666666666515,1080.0,1073.3333333333335,6.666666666666515,0.44219574332237244,0.5138406753540039,-0.07164493203163147,0.13295018672943115,0.14132452011108398,-0.008374333381652832,-2.288818359375e-05,-3.147125244140625e-05,8.58306884765625e-06,0.05032578110694885,0.04488834738731384,0.00543743371963501,0.15294493734836578,0.17450794577598572,-0.021563008427619934,0.05032578110694885,0.04488834738731384,0.00543743371963501,0.09117015451192856,0.11706529557704926,-0.025895141065120697,0.0002633285475894809,0.002680480945855379,-0.0024171523982658982,0.0008070468902587891,0.009381413459777832,-0.008574366569519043,0.0008070468902587891,0.009381413459777832,-0.008574366569519043,0.0005136577528901398,0.005228552967309952,-0.004714895214419812
68#10,MC_ON,large_field_50ms,H1_off,logit,0.11909377574920654,0.11611080169677734,0.0029829740524291992,0.11909377574920654,0.11611080169677734,0.0029829740524291992,346.6666666666667,346.6666666666667,0.0,46.666666666666686,46.666666666666686,0.0,0.0,0.0,0.0,0.3360813856124878,-0.14390873908996582,0.4799901247024536,2.38418573772492e-09,1.5894572324981482e-09,7.947285052267716e-10,0.05032578110694885,0.04488834738731384,0.00543743371963501,0.026580333709716797,0.038608670234680176,-0.012028336524963379,0.05032578110694885,0.04488834738731384,0.00543743371963501,0.026580333709716797,0.038608670234680176,-0.012028336524963379,0.00012542247714009136,0.0012772249756380916,-0.0011518024984980002,0.0013267993927001953,0.014965295791625977,-0.013638496398925781,0.0013267993927001953,0.014965295791625977,-0.013638496398925781,0.0,0.0,0.0
68#10,MC_ON,slow_step,H1_off,probability,0.07823698222637177,0.09185463190078735,-0.013617649674415588,0.07823698222637177,0.09185463190078735,-0.013617649674415588,1526.6666666666667,1506.6666666666667,20.0,1226.6666666666667,1206.6666666666667,20.0,0.07772990316152573,0.09181265532970428,-0.014082752168178558,0.03748023509979248,0.04483500123023987,-0.007354766130447388,0.004139728844165802,0.005392417311668396,-0.001252688467502594,0.008081059902906418,0.007205722853541374,0.0008753370493650436,0.061942946165800095,0.06868897378444672,-0.006746027618646622,0.008081059902906418,0.007205722853541374,0.0008753370493650436,0.0056906696408987045,0.01284540630877018,-0.007154736667871475,4.592984987539239e-05,0.0004683070001192391,-0.0004223771502438467,0.00013540685176849365,0.0015163570642471313,-0.0013809502124786377,0.00013540685176849365,0.0015163570642471313,-0.0013809502124786377,8.264998905360699e-05,0.0008458798401989043,-0.0007632298511452973
68#10,MC_ON,slow_1Hz,H1_off,probability,0.07823695242404938,0.09185454249382019,-0.013617590069770813,0.07823695242404938,0.09185454249382019,-0.013617590069770813,1026.6666666666667,1006.6666666666667,20.0,726.6666666666667,706.6666666666667,20.0,0.07747591286897659,0.09145983308553696,-0.013983920216560364,0.03748020529747009,0.044834911823272705,-0.007354706525802612,0.0038857385516166687,0.005039595067501068,-0.0011538565158843994,0.008081059902906418,0.007205722853541374,0.0008753370493650436,0.06194579601287842,0.06869205832481384,-0.006746262311935425,0.008081059902906418,0.007205722853541374,0.0008753370493650436,0.0056901294738054276,0.012844916433095932,-0.0071547869592905045,5.082527786726132e-05,0.0005149864591658115,-0.0004641611812985502,0.00014525651931762695,0.001596108078956604,-0.001450851559638977,0.00014525651931762695,0.001596108078956604,-0.001450851559638977,8.187264756998047e-05,0.0008369525312446058,-0.0007550798836746253
68#10,MC_ON,slow_2Hz,H1_off,probability,0.0782357007265091,0.09191146492958069,-0.013675764203071594,0.0782357007265091,0.09191146492958069,-0.013675764203071594,780.0,2313.3333333333335,-1533.3333333333335,480.0,2013.3333333333335,-1533.3333333333335,0.07695804536342621,0.09074186533689499,-0.01378381997346878,0.03747895359992981,0.0448918342590332,-0.0074128806591033936,0.003367871046066284,0.0043216273188591,-0.0009537562727928162,0.008081059902906418,0.007205722853541374,0.0008753370493650436,0.0619988739490509,0.068754643201828,-0.0067557692527771,0.008081059902906418,0.007205722853541374,0.0008753370493650436,0.004899344407021999,0.012045689858496189,-0.00714634545147419,6.0578484408324584e-05,0.0006071793031878769,-0.0005466008187795524,0.00014518201351165771,0.0015964359045028687,-0.001451253890991211,0.00014518201351165771,0.0015964359045028687,-0.001451253890991211,8.036405051825568e-05,0.0008192741079255939,-0.0007389100574073382
68#10,MC_ON,rapid_10Hz,H1_off,probability,0.05576269328594208,0.0597681999206543,-0.004005506634712219,0.05576269328594208,0.0597681999206543,-0.004005506634712219,426.6666666666667,420.0,6.666666666666686,126.66666666666669,120.0,6.666666666666686,0.07398878782987595,0.08670485019683838,-0.012716062366962433,0.015005946159362793,0.012748569250106812,0.0022573769092559814,0.00039861351251602173,0.00028461217880249023,0.0001140013337135315,0.008081059902906418,0.007205722853541374,0.0008753370493650436,0.03794224187731743,0.04431098699569702,-0.006368745118379593,0.008081059902906418,0.007205722853541374,0.0008753370493650436,0.017212461680173874,0.02498842217028141,-0.007775960490107536,4.9771864723879844e-05,0.0006619267514906824,-0.0006121548867668025,0.00013084709644317627,0.0016262531280517578,-0.0014954060316085815,0.00013084709644317627,0.0016262531280517578,-0.0014954060316085815,8.785516547504812e-05,0.0009139365283772349,-0.0008260813629021868
68#10,MC_ON,rapid_20Hz,H1_off,probability,0.04193072021007538,0.04781389236450195,-0.005883172154426575,0.04193072021007538,0.04781389236450195,-0.005883172154426575,433.33333333333337,2313.3333333333335,-1880.0,133.33333333333337,2013.3333333333335,-1880.0,0.07358356565237045,0.08640226721763611,-0.012818701565265656,0.0011739730834960938,0.0007942616939544678,0.000379711389541626,-6.6086649894714355e-06,-1.7970800399780273e-05,1.1362135410308838e-05,0.008205551654100418,0.00845424085855484,-0.000248689204454422,0.02793939970433712,0.03407089784741402,-0.006131498143076897,0.008205551654100418,0.00845424085855484,-0.000248689204454422,0.02199065499007702,0.027771413326263428,-0.005780758336186409,4.596287908498198e-05,0.00047681693104095757,-0.0004308540519559756,9.383261203765869e-05,0.0012543350458145142,-0.0011605024337768555,9.383261203765869e-05,0.0012543350458145142,-0.0011605024337768555,9.086231875699013e-05,0.0009494655532762408,-0.0008586032345192507
68#10,MC_ON,transient_50ms,H1_off,probability,0.06541295349597931,0.07374852895736694,-0.008335575461387634,0.06541295349597931,0.07374852895736694,-0.008335575461387634,1380.0,1373.3333333333335,6.666666666666515,1080.0,1073.3333333333335,6.666666666666515,0.07369642704725266,0.0865594819188118,-0.012863054871559143,0.024656206369400024,0.026728898286819458,-0.0020726919174194336,0.00010625272989273071,0.00013924390077590942,-3.299117088317871e-05,0.008081059902906418,0.007205722853541374,0.0008753370493650436,0.025201993063092232,0.029013771563768387,-0.003811778500676155,0.008081059902906418,0.007205722853541374,0.0008753370493650436,0.014611780643463135,0.01891195774078369,-0.004300177097320557,4.638617247110233e-05,0.0004813029954675585,-0.0004349168229964562,0.0001316070556640625,0.0015716254711151123,-0.0014400184154510498,0.0001316070556640625,0.0015716254711151123,-0.0014400184154510498,9.072641842067242e-05,0.0009403926087543368,-0.0008496661903336644
68#10,MC_ON,large_field_50ms,H1_off,probability,0.01923629641532898,0.018743664026260376,0.0004926323890686035,0.01923629641532898,0.018743664026260376,0.0004926323890686035,346.6666666666667,346.6666666666667,0.0,46.666666666666686,46.666666666666686,0.0,6.795505760237575e-05,6.963839405216277e-05,-1.6833364497870207e-06,-0.01683303713798523,-0.025028645992279053,0.008195608854293823,-0.0001149341551354155,-0.00018221954815089703,6.728539301548153e-05,0.008081059902906418,0.007205722853541374,0.0008753370493650436,0.004396336618810892,0.006302047986537218,-0.001905711367726326,0.008081059902906418,0.007205722853541374,0.0008753370493650436,0.004396336618810892,0.006302047986537218,-0.001905711367726326,1.9544511815183796e-05,0.00019908879767172039,-0.0001795442858565366,0.00021570920944213867,-0.0023411959409713745,0.002556905150413513,0.00021570920944213867,0.0023411959409713745,-0.002125486731529236,8.824467840895522e-07,5.9363246691646054e-06,-5.053877885075053e-06
68#10,MC_ON,slow_step,AC_off,logit,0.45837754011154175,0.5353139638900757,-0.07693642377853394,0.45837754011154175,0.5353139638900757,-0.07693642377853394,1600.0,1480.0,120.0,1300.0,1180.0,120.0,0.9129682779312134,1.0323354005813599,-0.11936712265014648,-0.0005336999893188477,0.015095770359039307,-0.015629470348358154,5.960464477539062e-07,-5.960464477539062e-07,1.1920928955078125e-06,0.08746640384197235,0.12354597449302673,-0.03607957065105438,0.37117764353752136,0.41154173016548157,-0.040364086627960205,0.08746640384197235,0.12354597449302673,-0.03607957065105438,0.4546375870704651,0.4977760910987854,-0.04313850402832031,0.23551814258098602,0.26163798570632935,-0.026119843125343323,0.4558855891227722,0.4987533688545227,-0.04286777973175049,0.4558855891227722,0.4987533688545227,-0.04286777973175049,0.4721474349498749,0.5248719453811646,-0.05272451043128967
68#10,MC_ON,slow_1Hz,AC_off,logit,0.4583779573440552,0.5353156924247742,-0.076937735080719,0.4583779573440552,0.5353156924247742,-0.076937735080719,1100.0,980.0,120.0,800.0,680.0,120.0,0.9129682779312134,1.0323362350463867,-0.11936795711517334,-0.0005332827568054199,0.015097498893737793,-0.015630781650543213,5.960464477539062e-07,2.384185791015625e-07,3.5762786865234375e-07,0.08746640384197235,0.12354597449302673,-0.03607957065105438,0.3711778521537781,0.41154319047927856,-0.04036533832550049,0.08746640384197235,0.12354597449302673,-0.03607957065105438,0.4546496868133545,0.49778836965560913,-0.04313868284225464,0.23546923696994781,0.2615727484226227,-0.026103511452674866,0.4558855891227722,0.4987533688545227,-0.04286777973175049,0.4558855891227722,0.4987533688545227,-0.04286777973175049,0.47204798460006714,0.5247399210929871,-0.05269193649291992
68#10,MC_ON,slow_2Hz,AC_off,logit,0.45839059352874756,0.5353530645370483,-0.07696247100830078,0.45839059352874756,0.5353530645370483,-0.07696247100830078,793.3333333333334,726.6666666666667,66.66666666666663,493.33333333333337,426.66666666666674,66.66666666666663,0.9129683375358582,1.0323376655578613,-0.11936932802200317,-0.0005206465721130371,0.015134871006011963,-0.015655517578125,6.556510925292969e-07,1.6689300537109375e-06,-1.0132789611816406e-06,0.08746640384197235,0.12354597449302673,-0.03607957065105438,0.37117800116539,0.41157451272010803,-0.04039651155471802,0.08746640384197235,0.12354597449302673,-0.03607957065105438,0.454898864030838,0.4978439509868622,-0.04294508695602417,0.235386461019516,0.26145750284194946,-0.02607104182243347,0.4558855891227722,0.4987533688545227,-0.04286777973175049,0.4558855891227722,0.4987533688545227,-0.04286777973175049,0.47185030579566956,0.5244771242141724,-0.05262681841850281
68#10,MC_ON,rapid_10Hz,AC_off,logit,0.4589206576347351,0.5269460082054138,-0.06802535057067871,0.4589206576347351,0.5269460082054138,-0.06802535057067871,426.6666666666667,440.0,-13.333333333333314,126.66666666666669,140.0,-13.333333333333314,0.9129679799079895,1.0323383808135986,-0.11937040090560913,9.417533874511719e-06,0.006727814674377441,-0.00671839714050293,2.980232238769531e-07,2.384185791015625e-06,-2.086162567138672e-06,0.08746640384197235,0.12354597449302673,-0.03607957065105438,0.36957210302352905,0.3959101140499115,-0.026338011026382446,0.08746640384197235,0.12354597449302673,-0.03607957065105438,0.3851254880428314,0.44707104563713074,-0.061945557594299316,0.23130013048648834,0.25787460803985596,-0.026574477553367615,0.33491694927215576,0.3479376435279846,-0.013020694255828857,0.33491694927215576,0.3479376435279846,-0.013020694255828857,0.47127681970596313,0.5237047076225281,-0.05242788791656494
68#10,MC_ON,rapid_20Hz,AC_off,logit,0.45870447158813477,0.5206400156021118,-0.06193554401397705,0.45870447158813477,0.5206400156021118,-0.06193554401397705,420.0,440.0,-20.0,120.0,140.0,-20.0,0.9129678606987,1.0323373079299927,-0.11936944723129272,-0.00020676851272583008,0.00042182207107543945,-0.0006285905838012695,1.7881393432617188e-07,1.3113021850585938e-06,-1.1324882507324219e-06,0.08746732771396637,0.12354597449302673,-0.036078646779060364,0.36937838792800903,0.3933548331260681,-0.023976445198059082,0.08746732771396637,0.12354597449302673,-0.036078646779060364,0.26201993227005005,0.329240620136261,-0.06722068786621094,0.2291141301393509,0.2557559907436371,-0.026641860604286194,0.2606413960456848,0.28161555528640747,-0.020974159240722656,0.2606413960456848,0.28161555528640747,-0.020974159240722656,0.4712589681148529,0.5236886739730835,-0.05242970585823059
68#10,MC_ON,transient_50ms,AC_off,logit,0.458030104637146,0.5298296213150024,-0.07179951667785645,0.458030104637146,0.5298296213150024,-0.07179951667785645,420.0,1393.3333333333335,-973.3333333333335,120.0,1093.3333333333335,-973.3333333333335,0.9129675626754761,1.0323344469070435,-0.11936688423156738,-0.0008811354637145996,0.009611427783966064,-0.010492563247680664,-1.1920928955078125e-07,-1.5497207641601562e-06,1.430511474609375e-06,0.08746640384197235,0.12354597449302673,-0.03607957065105438,0.36930644512176514,0.39279478788375854,-0.023488342761993408,0.08746640384197235,0.12354597449302673,-0.03607957065105438,0.38506630063056946,0.4467869699001312,-0.06172066926956177,0.22784315049648285,0.2542683482170105,-0.02642519772052765,0.3427544832229614,0.36405766010284424,-0.021303176879882812,0.3427544832229614,0.36405766010284424,-0.021303176879882812,0.47128552198410034,0.523722231388092,-0.0524367094039917
68#10,MC_ON,large_field_50ms,AC_off,logit,0.35996735095977783,0.3983025550842285,-0.038335204124450684,0.35996735095977783,0.3983025550842285,-0.038335204124450684,366.6666666666667,360.0,6.666666666666686,66.66666666666669,60.0,6.666666666666686,-1.5894572324981482e-09,-7.947286162490741e-10,-7.947286162490741e-10,-0.0024132728576660156,-0.02417290210723877,0.021759629249572754,0.0,1.5894571214758457e-09,-1.5894571214758457e-09,0.08732157945632935,0.12274609506130219,-0.03542451560497284,0.30220651626586914,0.3090478479862213,-0.006841331720352173,0.08732157945632935,0.12274609506130219,-0.03542451560497284,0.30220651626586914,0.3090478479862213,-0.006841331720352173,0.022660942748188972,0.022903040051460266,-0.00024209730327129364,0.31975698471069336,0.31540095806121826,0.004356026649475098,0.31975698471069336,0.31540095806121826,0.004356026649475098,-1.5894572324981482e-09,-7.947286162490741e-10,-7.947286162490741e-10
68#10,MC_ON,slow_step,AC_off,probability,0.08145759999752045,0.0970701277256012,-0.01561252772808075,0.08145759999752045,0.0970701277256012,-0.01561252772808075,1600.0,1480.0,120.0,1300.0,1180.0,120.0,0.16193674504756927,0.18601927161216736,-0.024082526564598083,-0.00010630488395690918,0.0030999183654785156,-0.003206223249435425,-2.4437904357910156e-06,2.16066837310791e-06,-4.604458808898926e-06,0.01444658637046814,0.020755592733621597,-0.006309006363153458,0.06487081944942474,0.07299032807350159,-0.008119508624076843,0.01444658637046814,0.020755592733621597,-0.006309006363153458,0.08071333169937134,0.089398592710495,-0.008685261011123657,0.042042504996061325,0.047376275062561035,-0.00533377006649971,0.08092552423477173,0.08955065906047821,-0.008625134825706482,0.08092552423477173,0.08955065906047821,-0.008625134825706482,0.08428949862718582,0.09505249559879303,-0.010762996971607208
68#10,MC_ON,slow_1Hz,AC_off,probability,0.08145768940448761,0.09707048535346985,-0.015612795948982239,0.08145768940448761,0.09707048535346985,-0.015612795948982239,1100.0,980.0,120.0,800.0,680.0,120.0,0.16193674504756927,0.1860177367925644,-0.024080991744995117,-0.0001062154769897461,0.003100275993347168,-0.003206491470336914,-2.4437904357910156e-06,6.258487701416016e-07,-3.069639205932617e-06,0.01444658637046814,0.020755592733621597,-0.006309006363153458,0.06487086415290833,0.07299059629440308,-0.008119732141494751,0.01444658637046814,0.020755592733621597,-0.006309006363153458,0.08071573823690414,0.08940108120441437,-0.008685342967510223,0.042169239372015,0.047547597438097,-0.005378358066082001,0.08092552423477173,0.08955065906047821,-0.008625134825706482,0.08092552423477173,0.08955065906047821,-0.008625134825706482,0.08454269915819168,0.09539487212896347,-0.01085217297077179
68#10,MC_ON,slow_2Hz,AC_off,probability,0.08146019279956818,0.09707817435264587,-0.015617981553077698,0.08146019279956818,0.09707817435264587,-0.015617981553077698,786.6666666666667,726.6666666666667,60.0,486.66666666666674,426.66666666666674,60.0,0.1619366705417633,0.1860145777463913,-0.02407790720462799,-0.00010371208190917969,0.0031079649925231934,-0.003211677074432373,-2.518296241760254e-06,-2.5331974029541016e-06,1.4901161193847656e-08,0.01444658637046814,0.020755592733621597,-0.006309006363153458,0.06487087160348892,0.07299678027629852,-0.0081259086728096,0.01444658637046814,0.020755592733621597,-0.006309006363153458,0.08076528459787369,0.08941229432821274,-0.00864700973033905,0.04243018478155136,0.04789898917078972,-0.0054688043892383575,0.08092552423477173,0.08955065906047821,-0.008625134825706482,0.08092552423477173,0.08955065906047821,-0.008625134825706482,0.08505899459123611,0.09609196335077286,-0.011032968759536743
68#10,MC_ON,rapid_10Hz,AC_off,probability,0.08156578242778778,0.09534931182861328,-0.0137835294008255,0.08156578242778778,0.09534931182861328,-0.0137835294008255,426.6666666666667,440.0,-13.333333333333314,126.66666666666669,140.0,-13.333333333333314,0.16193778812885284,0.18600225448608398,-0.02406446635723114,1.8775463104248047e-06,0.0013791024684906006,-0.0013772249221801758,-1.4007091522216797e-06,-1.4856457710266113e-05,1.3455748558044434e-05,0.01444658637046814,0.020755592733621597,-0.006309006363153458,0.06456033140420914,0.06988846510648727,-0.005328133702278137,0.01444658637046814,0.020755592733621597,-0.006309006363153458,0.06720398366451263,0.07929832488298416,-0.012094341218471527,0.04322144389152527,0.04935825616121292,-0.006136812269687653,0.06144478917121887,0.06556783616542816,-0.0041230469942092896,0.06144478917121887,0.06556783616542816,-0.0041230469942092896,0.08803685754537582,0.10021132975816727,-0.012174472212791443
68#10,MC_ON,rapid_20Hz,AC_off,probability,0.08152271807193756,0.09405657649040222,-0.01253385841846466,0.08152271807193756,0.09405657649040222,-0.01253385841846466,420.0,440.0,-20.0,120.0,140.0,-20.0,0.16193853318691254,0.18600913882255554,-0.024070605635643005,-4.118680953979492e-05,8.636713027954102e-05,-0.00012755393981933594,-6.556510925292969e-07,-7.972121238708496e-06,7.316470146179199e-06,0.01444675400853157,0.020755592733621597,-0.006308838725090027,0.06452477723360062,0.06943398714065552,-0.004909209907054901,0.01444675400853157,0.020755592733621597,-0.006308838725090027,0.044665127992630005,0.057097017765045166,-0.012431889772415161,0.04305436834692955,0.04916513338685036,-0.006110765039920807,0.04873746633529663,0.05403001606464386,-0.005292549729347229,0.04873746633529663,0.05403001606464386,-0.005292549729347229,0.08844582736492157,0.10055633634328842,-0.012110508978366852
68#10,MC_ON,transient_50ms,AC_off,probability,0.08138839900493622,0.09594160318374634,-0.01455320417881012,0.08138839900493622,0.09594160318374634,-0.01455320417881012,420.0,1393.3333333333335,-973.3333333333335,120.0,1093.3333333333335,-973.3333333333335,0.16193945705890656,0.18601974844932556,-0.024080291390419006,-0.0001755058765411377,0.0019713938236236572,-0.002146899700164795,2.682209014892578e-07,2.637505531311035e-06,-2.3692846298217773e-06,0.01444658637046814,0.020755592733621597,-0.006309006363153458,0.06451253592967987,0.06934887915849686,-0.004836343228816986,0.01444658637046814,0.020755592733621597,-0.006309006363153458,0.06719232350587845,0.07924088090658188,-0.01204855740070343,0.04279455915093422,0.04884170740842819,-0.006047148257493973,0.06181900203227997,0.0670376718044281,-0.005218669772148132,0.06181900203227997,0.0670376718044281,-0.005218669772148132,0.08833376318216324,0.1004006415605545,-0.012066878378391266
68#10,MC_ON,large_field_50ms,AC_off,probability,0.06229744851589203,0.06967541575431824,-0.0073779672384262085,0.06229744851589203,0.06967541575431824,-0.0073779672384262085,366.6666666666667,360.0,6.666666666666686,66.66666666666669,60.0,6.666666666666686,0.0005443551344797015,0.0006297752261161804,-8.54200916364789e-05,-0.0004591941833496094,-0.004710525274276733,0.004251331090927124,-9.483774192631245e-06,-0.00010313722304999828,9.365344885736704e-05,0.014420894905924797,0.020606612786650658,-0.006185717880725861,0.05159387364983559,0.0531139001250267,-0.0015200264751911163,0.014420894905924797,0.020606612786650658,-0.006185717880725861,0.05159387364983559,0.0531139001250267,-0.0015200264751911163,0.0035333705600351095,0.003572996472939849,-3.962591290473938e-05,0.054351791739463806,0.056336984038352966,-0.00198519229888916,0.054351791739463806,0.056336984038352966,-0.00198519229888916,0.00047728250501677394,0.0005660731694661081,-8.879066444933414e-05
68#11,PC_OFF,slow_step,normal,logit,0.6560912132263184,0.6757584810256958,-0.01966726779937744,0.6560912132263184,0.6757584810256958,-0.01966726779937744,1546.6666666666667,1520.0,26.666666666666742,1246.6666666666667,1220.0,26.666666666666742,1.0262885093688965,1.1040059328079224,-0.07771742343902588,0.11815190315246582,0.0958108901977539,0.022341012954711914,-0.00031554698944091797,-0.0002319812774658203,-8.356571197509766e-05,0.20605282485485077,0.198372945189476,0.007679879665374756,0.436050146818161,0.4590541124343872,-0.023003965616226196,0.20605282485485077,0.198372945189476,0.007679879665374756,0.38527756929397583,0.4476528763771057,-0.06237530708312988,0.0,0.0,0.0,0.0,0.0,0.0,0.0,0.0,0.0,0.0,0.0,0.0
68#11,PC_OFF,slow_1Hz,normal,logit,0.6560914516448975,0.675758957862854,-0.019667506217956543,0.6560914516448975,0.675758957862854,-0.019667506217956543,1046.6666666666667,1020.0,26.666666666666742,746.6666666666667,720.0,26.666666666666742,1.0263314247131348,1.104037880897522,-0.07770645618438721,0.11815214157104492,0.09581136703491211,0.022340774536132812,-0.0002726316452026367,-0.00020003318786621094,-7.259845733642578e-05,0.20605282485485077,0.198372945189476,0.007679879665374756,0.43606072664260864,0.4590628743171692,-0.023002147674560547,0.20605282485485077,0.198372945189476,0.007679879665374756,0.38528183102607727,0.4476591944694519,-0.062377363443374634,0.0,0.0,0.0,0.0,0.0,0.0,0.0,0.0,0.0,0.0,0.0,0.0
68#11,PC_OFF,slow_2Hz,normal,logit,0.6560962200164795,0.675769567489624,-0.01967334747314453,0.6560962200164795,0.675769567489624,-0.01967334747314453,793.3333333333334,766.6666666666667,26.66666666666663,493.33333333333337,466.66666666666674,26.66666666666663,1.026416301727295,1.1041009426116943,-0.07768464088439941,0.11815690994262695,0.09582197666168213,0.022334933280944824,-0.00018775463104248047,-0.00013697147369384766,-5.078315734863281e-05,0.20605282485485077,0.198372945189476,0.007679879665374756,0.43624573945999146,0.45924144983291626,-0.022995710372924805,0.20605282485485077,0.198372945189476,0.007679879665374756,0.3828963339328766,0.4457645118236542,-0.06286817789077759,0.0,0.0,0.0,0.0,0.0,0.0,0.0,0.0,0.0,0.0,0.0,0.0
68#11,PC_OFF,rapid_10Hz,normal,logit,0.5762957334518433,0.5953375101089478,-0.019041776657104492,0.5762957334518433,0.5953375101089478,-0.019041776657104492,433.33333333333337,433.33333333333337,0.0,133.33333333333337,133.33333333333337,0.0,1.0266191959381104,1.1042537689208984,-0.07763457298278809,0.03835642337799072,0.01538991928100586,0.022966504096984863,1.5139579772949219e-05,1.5854835510253906e-05,-7.152557373046875e-07,0.20605282485485077,0.198372945189476,0.007679879665374756,0.3379778265953064,0.3752843141555786,-0.03730648756027222,0.20605282485485077,0.198372945189476,0.007679879665374756,0.45779547095298767,0.5121868252754211,-0.05439135432243347,0.0,0.0,0.0,0.0,0.0,0.0,0.0,0.0,0.0,0.0,0.0,0.0
68#11,PC_OFF,rapid_20Hz,normal,logit,0.5360658168792725,0.5696907043457031,-0.033624887466430664,0.5360658168792725,0.5696907043457031,-0.033624887466430664,386.6666666666667,380.0,6.666666666666686,86.66666666666669,80.0,6.666666666666686,1.0266146659851074,1.104246973991394,-0.07763230800628662,-0.0018734931945800781,-0.01025688648223877,0.008383393287658691,1.0609626770019531e-05,9.059906005859375e-06,1.5497207641601562e-06,0.20614780485630035,0.19922710955142975,0.0069206953048706055,0.30817949771881104,0.3536551892757416,-0.04547569155693054,0.20614780485630035,0.19922710955142975,0.0069206953048706055,0.4312869608402252,0.4580004811286926,-0.026713520288467407,0.0,0.0,0.0,0.0,0.0,0.0,0.0,0.0,0.0,0.0,0.0,0.0
68#11,PC_OFF,transient_50ms,normal,logit,0.6092132329940796,0.6304060220718384,-0.02119278907775879,0.6092132329940796,0.6304060220718384,-0.02119278907775879,1386.6666666666667,1380.0,6.6666666666667425,1086.6666666666667,1080.0,6.6666666666667425,1.0265899896621704,1.1042248010635376,-0.07763481140136719,0.07127392292022705,0.050458431243896484,0.020815491676330566,-1.4066696166992188e-05,-1.3113021850585938e-05,-9.5367431640625e-07,0.20605282485485077,0.198372945189476,0.007679879665374756,0.30055928230285645,0.3449656367301941,-0.044406354427337646,0.20605282485485077,0.198372945189476,0.007679879665374756,0.4515412747859955,0.5035629868507385,-0.05202171206474304,0.0,0.0,0.0,0.0,0.0,0.0,0.0,0.0,0.0,0.0,0.0,0.0
68#11,PC_OFF,large_field_50ms,normal,logit,-0.4626169204711914,0.5062292814254761,-0.9688462018966675,0.4626169204711914,0.5062292814254761,-0.04361236095428467,1353.3333333333335,360.0,993.3333333333335,1053.3333333333335,60.0,993.3333333333335,-7.947286162490741e-10,0.0,-7.947286162490741e-10,-0.9743156433105469,-0.058028459548950195,-0.9162871837615967,2.3841858487472223e-09,3.1789144649962964e-09,-7.947286162490741e-10,0.20592744648456573,0.1982821226119995,0.007645323872566223,0.24122904241085052,0.30210453271865845,-0.06087549030780792,0.20592744648456573,0.1982821226119995,0.007645323872566223,0.24122904241085052,0.30210453271865845,-0.06087549030780792,0.0,0.0,0.0,0.0,0.0,0.0,0.0,0.0,0.0,0.0,0.0,0.0
68#11,PC_OFF,slow_step,normal,probability,0.10335616767406464,0.10659107565879822,-0.0032349079847335815,0.10335616767406464,0.10659107565879822,-0.0032349079847335815,1546.6666666666667,1520.0,26.666666666666742,1246.6666666666667,1220.0,26.666666666666742,0.1561577320098877,0.16868853569030762,-0.012530803680419922,0.02164052426815033,0.017757579684257507,0.0038829445838928223,0.001491442322731018,0.0010908246040344238,0.00040061771869659424,0.029521320015192032,0.02844471111893654,0.0010766088962554932,0.06591582298278809,0.06973206996917725,-0.00381624698638916,0.029521320015192032,0.02844471111893654,0.0010766088962554932,0.05575380101799965,0.06577663123607635,-0.010022830218076706,0.0,0.0,0.0,0.0,0.0,0.0,0.0,0.0,0.0,0.0,0.0,0.0
68#11,PC_OFF,slow_1Hz,normal,probability,0.10335619747638702,0.10659116506576538,-0.003234967589378357,0.10335619747638702,0.10659116506576538,-0.003234967589378357,1046.6666666666667,1020.0,26.666666666666742,746.6666666666667,720.0,26.666666666666742,0.15604303777217865,0.16860343515872955,-0.012560397386550903,0.021640554070472717,0.01775766909122467,0.003882884979248047,0.0013767480850219727,0.0010057240724563599,0.0003710240125656128,0.029521320015192032,0.02844471111893654,0.0010766088962554932,0.06591762602329254,0.06973357498645782,-0.003815948963165283,0.029521320015192032,0.02844471111893654,0.0010766088962554932,0.05575450509786606,0.06577768176794052,-0.010023176670074463,0.0,0.0,0.0,0.0,0.0,0.0,0.0,0.0,0.0,0.0,0.0,0.0
68#11,PC_OFF,slow_2Hz,normal,probability,0.10335709154605865,0.10659319162368774,-0.0032361000776290894,0.10335709154605865,0.10659319162368774,-0.0032361000776290894,793.3333333333334,766.6666666666667,26.66666666666663,493.33333333333337,466.66666666666674,26.66666666666663,0.15580907464027405,0.1684298813343048,-0.012620806694030762,0.021641448140144348,0.017759695649147034,0.0038817524909973145,0.0011427849531173706,0.0008321702480316162,0.0003106147050857544,0.029521320015192032,0.02844471111893654,0.0010766088962554932,0.06594909727573395,0.06976441293954849,-0.0038153156638145447,0.029521320015192032,0.02844471111893654,0.0010766088962554932,0.055357396602630615,0.0654517188668251,-0.010094322264194489,0.0,0.0,0.0,0.0,0.0,0.0,0.0,0.0,0.0,0.0,0.0,0.0
68#11,PC_OFF,rapid_10Hz,normal,probability,0.08859586715698242,0.09162741899490356,-0.0030315518379211426,0.08859586715698242,0.09162741899490356,-0.0030315518379211426,433.33333333333337,433.33333333333337,0.0,133.33333333333337,133.33333333333337,0.0,0.15466149151325226,0.16752669215202332,-0.012865200638771057,0.006880223751068115,0.002793923020362854,0.004086300730705261,-4.798173904418945e-06,-7.101893424987793e-05,6.622076034545898e-05,0.029521320015192032,0.02844471111893654,0.0010766088962554932,0.04926607757806778,0.05527923256158829,-0.006013154983520508,0.029521320015192032,0.02844471111893654,0.0010766088962554932,0.0677972286939621,0.07680457085371017,-0.009007342159748077,0.0,0.0,0.0,0.0,0.0,0.0,0.0,0.0,0.0,0.0,0.0,0.0
68#11,PC_OFF,rapid_20Hz,normal,probability,0.08138318359851837,0.08698394894599915,-0.005600765347480774,0.08138318359851837,0.08698394894599915,-0.005600765347480774,386.6666666666667,380.0,6.666666666666686,86.66666666666669,80.0,6.666666666666686,0.15459518134593964,0.16753143072128296,-0.012936249375343323,-0.00033245980739593506,-0.001849547028541565,0.0015170872211456299,-7.110834121704102e-05,-6.628036499023438e-05,-4.827976226806641e-06,0.029537389054894447,0.028590241447091103,0.0009471476078033447,0.04478030651807785,0.052002206444740295,-0.007221899926662445,0.029537389054894447,0.028590241447091103,0.0009471476078033447,0.06365151703357697,0.06806835532188416,-0.00441683828830719,0.0,0.0,0.0,0.0,0.0,0.0,0.0,0.0,0.0,0.0,0.0,0.0
68#11,PC_OFF,transient_50ms,normal,probability,0.0946120172739029,0.0980776697397232,-0.0034656524658203125,0.0946120172739029,0.0980776697397232,-0.0034656524658203125,1386.6666666666667,1380.0,6.6666666666667425,1086.6666666666667,1080.0,6.6666666666667425,0.15470096468925476,0.16762451827526093,-0.012923553586006165,0.012896373867988586,0.009244173765182495,0.0036522001028060913,3.4675002098083496e-05,2.6807188987731934e-05,7.867813110351562e-06,0.029521320015192032,0.02844471111893654,0.0010766088962554932,0.043888695538043976,0.05083426833152771,-0.006945572793483734,0.029521320015192032,0.02844471111893654,0.0010766088962554932,0.06673774868249893,0.07530127465724945,-0.008563525974750519,0.0,0.0,0.0,0.0,0.0,0.0,0.0,0.0,0.0,0.0,0.0,0.0
68#11,PC_OFF,large_field_50ms,normal,probability,0.06861425936222076,0.0757637619972229,-0.007149502635002136,0.06861425936222076,0.0757637619972229,-0.007149502635002136,353.33333333333337,360.0,-6.666666666666629,53.33333333333337,60.0,-6.666666666666629,0.0007321303710341454,0.000871653959620744,-0.00013952358858659863,-0.008475437760353088,-0.010244563221931458,0.0017691254615783691,-0.00018580799223855138,-0.0002058164100162685,2.0008417777717113e-05,0.029500465840101242,0.028429612517356873,0.0010708533227443695,0.03476779907941818,0.0438818596303463,-0.009114060550928116,0.029500465840101242,0.028429612517356873,0.0010708533227443695,0.03476779907941818,0.0438818596303463,-0.009114060550928116,0.0,0.0,0.0,0.0,0.0,0.0,0.0,0.0,0.0,0.0,0.0,0.0
68#11,PC_OFF,slow_step,H1_off,logit,0.6551698446273804,0.675368070602417,-0.02019822597503662,0.6551698446273804,0.675368070602417,-0.02019822597503662,1546.6666666666667,1520.0,26.666666666666742,1246.6666666666667,1220.0,26.666666666666742,1.0277023315429688,1.1045929193496704,-0.07689058780670166,0.11671388149261475,0.09515595436096191,0.021557927131652832,-0.0003075599670410156,-0.0002288818359375,-7.867813110351562e-05,0.20618948340415955,0.19847238063812256,0.007717102766036987,0.4351915419101715,0.4587090015411377,-0.023517459630966187,0.20618948340415955,0.19847238063812256,0.007717102766036987,0.38741135597229004,0.4484848976135254,-0.06107354164123535,0.0015593910356983542,0.0006616258760914207,0.0008977651596069336,0.0023407936096191406,0.0010099411010742188,0.0013308525085449219,0.0023407936096191406,0.0010099411010742188,0.0013308525085449219,0.0014138277620077133,0.0005870707682333887,0.0008267569937743247
68#11,PC_OFF,slow_1Hz,H1_off,logit,0.6551700830459595,0.6753685474395752,-0.020198464393615723,0.6551700830459595,0.6753685474395752,-0.020198464393615723,1046.6666666666667,1020.0,26.666666666666742,746.6666666666667,720.0,26.666666666666742,1.0277444124221802,1.104624629020691,-0.07688021659851074,0.11671411991119385,0.09515643119812012,0.02155768871307373,-0.00026547908782958984,-0.0001971721649169922,-6.830692291259766e-05,0.20618948340415955,0.19847238063812256,0.007717102766036987,0.43520206212997437,0.4587176740169525,-0.02351561188697815,0.20618948340415955,0.19847238063812256,0.007717102766036987,0.3874157667160034,0.44849127531051636,-0.06107550859451294,0.001508222077973187,0.0006493651890195906,0.0008588568889535964,0.002349257469177246,0.0010262727737426758,0.0013229846954345703,0.002349257469177246,0.0010262727737426758,0.0013229846954345703,0.0014129591872915626,0.000586793408729136,0.0008261657785624266
68#11,PC_OFF,slow_2Hz,H1_off,logit,0.6551744937896729,0.675378680229187,-0.02020418643951416,0.6551744937896729,0.675378680229187,-0.02020418643951416,793.3333333333334,766.6666666666667,26.66666666666663,493.33333333333337,466.66666666666674,26.66666666666663,1.0278273820877075,1.1046870946884155,-0.07685971260070801,0.11671853065490723,0.09516656398773193,0.021551966667175293,-0.0001825094223022461,-0.0001347064971923828,-4.780292510986328e-05,0.20618948340415955,0.19847238063812256,0.007717102766036987,0.4353804588317871,0.4588944911956787,-0.0235140323638916,0.20618948340415955,0.19847238063812256,0.007717102766036987,0.3850659430027008,0.44661638140678406,-0.06155043840408325,0.0014032562030479312,0.0006235468317754567,0.0007797093712724745,0.0023488998413085938,0.001026153564453125,0.0013227462768554688,0.0023488998413085938,0.001026153564453125,0.0013227462768554688,0.0014110620832070708,0.0005861790850758553,0.0008248829981312156
68#11,PC_OFF,rapid_10Hz,H1_off,logit,0.576277494430542,0.5952484607696533,-0.018970966339111328,0.576277494430542,0.5952484607696533,-0.018970966339111328,433.33333333333337,433.33333333333337,0.0,133.33333333333337,133.33333333333337,0.0,1.0280252695083618,1.1048378944396973,-0.07681262493133545,0.03782153129577637,0.015036344528198242,0.022785186767578125,1.537799835205078e-05,1.609325408935547e-05,-7.152557373046875e-07,0.20618948340415955,0.19847238063812256,0.007717102766036987,0.3381715714931488,0.3752402067184448,-0.03706863522529602,0.20618948340415955,0.19847238063812256,0.007717102766036987,0.4591263234615326,0.5128515362739563,-0.053725212812423706,0.0007081691292114556,0.0003342016425449401,0.00037396748666651547,0.0016050338745117188,0.0007944107055664062,0.0008106231689453125,0.0016050338745117188,0.0007944107055664062,0.0008106231689453125,0.0014059003442525864,0.0005841366364620626,0.0008217637077905238
68#11,PC_OFF,rapid_20Hz,H1_off,logit,0.5366270542144775,0.5699194669723511,-0.033292412757873535,0.5366270542144775,0.5699194669723511,-0.033292412757873535,386.6666666666667,380.0,6.666666666666686,86.66666666666669,80.0,6.666666666666686,1.0280206203460693,1.1048310995101929,-0.07681047916412354,-0.001828908920288086,-0.010292649269104004,0.008463740348815918,1.0728836059570312e-05,9.298324584960938e-06,1.430511474609375e-06,0.20628312230110168,0.19932468235492706,0.006958439946174622,0.30874747037887573,0.3538523316383362,-0.04510486125946045,0.20628312230110168,0.19932468235492706,0.006958439946174622,0.4318053722381592,0.45828139781951904,-0.026476025581359863,0.0006878884742036462,0.00028794369427487254,0.00039994477992877364,0.0008958578109741211,0.00043523311614990234,0.00046062469482421875,0.0008958578109741211,0.00043523311614990234,0.00046062469482421875,0.0014057914959266782,0.000584069115575403,0.0008217223803512752
68#11,PC_OFF,transient_50ms,H1_off,logit,0.6087789535522461,0.6301370859146118,-0.021358132362365723,0.6087789535522461,0.6301370859146118,-0.021358132362365723,1386.6666666666667,1380.0,6.6666666666667425,1086.6666666666667,1080.0,6.6666666666667425,1.0279960632324219,1.104809045791626,-0.0768129825592041,0.07032299041748047,0.04992496967315674,0.02039802074432373,-1.3828277587890625e-05,-1.2755393981933594e-05,-1.0728836059570312e-06,0.20618948340415955,0.19847238063812256,0.007717102766036987,0.3012232780456543,0.3452288806438446,-0.04400560259819031,0.20618948340415955,0.19847238063812256,0.007717102766036987,0.4529523253440857,0.5042881369590759,-0.051335811614990234,0.0006936983554624021,0.0002938604447990656,0.0003998379106633365,0.0016994476318359375,0.0008270740509033203,0.0008723735809326172,0.0016994476318359375,0.0008270740509033203,0.0008723735809326172,0.0014060299145057797,0.0005842852988280356,0.0008217446156777442
68#11,PC_OFF,large_field_50ms,H1_off,logit,-0.4642453193664551,0.5074471235275269,-0.9716924428939819,0.4642453193664551,0.5074471235275269,-0.04320180416107178,1353.3333333333335,360.0,993.3333333333335,1053.3333333333335,60.0,993.3333333333335,-7.947286162490741e-10,-2.38418573772492e-09,1.5894571214758457e-09,-0.9761984348297119,-0.05700182914733887,-0.919196605682373,1.5894571214758457e-09,-1.5894571214758457e-09,3.1789142429516914e-09,0.20618948340415955,0.19847238063812256,0.007717102766036987,0.24383220076560974,0.30343011021614075,-0.059597909450531006,0.20618948340415955,0.19847238063812256,0.007717102766036987,0.24383220076560974,0.30343011021614075,-0.059597909450531006,0.0002168528299080208,9.801665873965248e-05,0.00011883617116836831,0.0030968189239501953,-0.0015227794647216797,0.004619598388671875,0.0030968189239501953,0.0015227794647216797,0.0015740394592285156,0.0,-2.38418573772492e-09,2.38418573772492e-09
68#11,PC_OFF,slow_step,H1_off,probability,0.10318230092525482,0.10651698708534241,-0.0033346861600875854,0.10318230092525482,0.10651698708534241,-0.0033346861600875854,1546.6666666666667,1520.0,26.666666666666742,1246.6666666666667,1220.0,26.666666666666742,0.15636518597602844,0.1687782257795334,-0.012413039803504944,0.0213748961687088,0.01763567328453064,0.0037392228841781616,0.0014538317918777466,0.0010766983032226562,0.00037713348865509033,0.029544062912464142,0.028461234644055367,0.0010828282684087753,0.06577055901288986,0.06967270374298096,-0.003902144730091095,0.029544062912464142,0.028461234644055367,0.0010828282684087753,0.05610096454620361,0.06591612100601196,-0.00981515645980835,0.00026355317095294595,0.00011440897651482373,0.0001491441944381222,0.0003786534070968628,0.00016964972019195557,0.00020900368690490723,0.0003786534070968628,0.00016964972019195557,0.00020900368690490723,0.00020744682115036994,8.969287591753528e-05,0.00011775394523283467
68#11,PC_OFF,slow_1Hz,H1_off,probability,0.1031823605298996,0.10651707649230957,-0.003334715962409973,0.1031823605298996,0.10651707649230957,-0.003334715962409973,1046.6666666666667,1020.0,26.666666666666742,746.6666666666667,720.0,26.666666666666742,0.1562528759241104,0.16869387030601501,-0.012440994381904602,0.021374955773353577,0.017635762691497803,0.003739193081855774,0.0013415217399597168,0.0009923428297042847,0.00034917891025543213,0.029544062912464142,0.028461234644055367,0.0010828282684087753,0.06577235460281372,0.06967420876026154,-0.003901854157447815,0.029544062912464142,0.028461234644055367,0.0010828282684087753,0.056101687252521515,0.06591717898845673,-0.009815491735935211,0.0002550513599999249,0.00011239931336604059,0.0001426520466338843,0.0003797858953475952,0.00017179548740386963,0.00020799040794372559,0.0003797858953475952,0.00017179548740386963,0.00020799040794372559,0.00020983249123673886,9.043604222824797e-05,0.00011939644900849089
68#11,PC_OFF,slow_2Hz,H1_off,probability,0.10318319499492645,0.10651898384094238,-0.00333578884601593,0.10318319499492645,0.10651898384094238,-0.00333578884601593,793.3333333333334,766.6666666666667,26.66666666666663,493.33333333333337,466.66666666666674,26.66666666666663,0.156023770570755,0.16852182149887085,-0.012498050928115845,0.021375790238380432,0.017637670040130615,0.003738120198249817,0.001112416386604309,0.0008202940225601196,0.00029212236404418945,0.029544062912464142,0.028461234644055367,0.0010828282684087753,0.0658026784658432,0.06970474123954773,-0.003902062773704529,0.029544062912464142,0.028461234644055367,0.0010828282684087753,0.055710118263959885,0.06559451669454575,-0.009884398430585861,0.00023759195755701512,0.00010815302812261507,0.00012943892943440005,0.000379711389541626,0.00017179548740386963,0.00020791590213775635,0.000379711389541626,0.00017179548740386963,0.00020791590213775635,0.00021469414059538394,9.195407619699836e-05,0.00012274006439838558
68#11,PC_OFF,rapid_10Hz,H1_off,probability,0.08859258890151978,0.09161119163036346,-0.003018602728843689,0.08859258890151978,0.09161119163036346,-0.003018602728843689,433.33333333333337,433.33333333333337,0.0,133.33333333333337,133.33333333333337,0.0,0.15490426123142242,0.16762961447238922,-0.012725353240966797,0.006785184144973755,0.0027298778295516968,0.004055306315422058,-7.092952728271484e-06,-7.191300392150879e-05,6.48200511932373e-05,0.029544062912464142,0.028461234644055367,0.0010828282684087753,0.049302615225315094,0.055274687707424164,-0.00597207248210907,0.029544062912464142,0.028461234644055367,0.0010828282684087753,0.06802324205636978,0.07692045718431473,-0.008897215127944946,0.00012199113552924246,5.888819578103721e-05,6.310293974820524e-05,0.00027102231979370117,0.00013825297355651855,0.00013276934623718262,0.00027102231979370117,0.00013825297355651855,0.00013276934623718262,0.00024276177282445133,0.00010291288344888017,0.00013984888937557116
68#11,PC_OFF,rapid_20Hz,H1_off,probability,0.08148275315761566,0.08702507615089417,-0.005542322993278503,0.08148275315761566,0.08702507615089417,-0.005542322993278503,386.6666666666667,380.0,6.666666666666686,86.66666666666669,80.0,6.666666666666686,0.1548408716917038,0.1676354557275772,-0.012794584035873413,-0.0003246515989303589,-0.0018562376499176025,0.0015315860509872437,-7.048249244689941e-05,-6.607174873352051e-05,-4.410743713378906e-06,0.0295599102973938,0.028606479987502098,0.0009534303098917007,0.04487290978431702,0.052036333829164505,-0.007163424044847488,0.0295599102973938,0.028606479987502098,0.0009534303098917007,0.06374038755893707,0.06811707466840744,-0.004376687109470367,0.00012038648128509521,5.124350354890339e-05,6.914297773619182e-05,0.00015661120414733887,7.60108232498169e-05,8.060038089752197e-05,0.00015661120414733887,7.60108232498169e-05,8.060038089752197e-05,0.0002456785296089947,0.00010401278996141627,0.00014166573964757845
68#11,PC_OFF,transient_50ms,H1_off,probability,0.09453199803829193,0.09802773594856262,-0.003495737910270691,0.09453199803829193,0.09802773594856262,-0.003495737910270691,1386.6666666666667,1380.0,6.6666666666667425,1086.6666666666667,1080.0,6.6666666666667425,0.1549452245235443,0.16772794723510742,-0.01278272271156311,0.01272459328174591,0.009146422147750854,0.003578171133995056,3.387033939361572e-05,2.6419758796691895e-05,7.450580596923828e-06,0.029544062912464142,0.028461234644055367,0.0010828282684087753,0.04399245232343674,0.050876643508672714,-0.006884191185235977,0.029544062912464142,0.028461234644055367,0.0010828282684087753,0.06697642803192139,0.0754271149635315,-0.008450686931610107,0.00012128691014368087,5.225479617365636e-05,6.903211397002451e-05,0.0002860426902770996,0.0001433640718460083,0.0001426786184310913,0.0002860426902770996,0.0001433640718460083,0.0001426786184310913,0.0002442443510517478,0.00010342022142140195,0.00014082412963034585
68#11,PC_OFF,large_field_50ms,H1_off,probability,0.06889171898365021,0.0759754627943039,-0.0070837438106536865,0.06889171898365021,0.0759754627943039,-0.0070837438106536865,353.33333333333337,360.0,-6.666666666666629,53.33333333333337,60.0,-6.666666666666629,0.000737010152079165,0.0008754405425861478,-0.0001384303905069828,-0.008242487907409668,-0.010067135095596313,0.0018246471881866455,-0.00018210295820608735,-0.00020278326701372862,2.0680308807641268e-05,0.029544062912464142,0.028461234644055367,0.0010828282684087753,0.035149868577718735,0.044085543602705,-0.008935675024986267,0.029544062912464142,0.028461234644055367,0.0010828282684087753,0.035149868577718735,0.044085543602705,-0.008935675024986267,2.7684793167281896e-05,1.2501850505941547e-05,1.5182942661340348e-05,0.0004372894763946533,0.00023925304412841797,0.00019803643226623535,0.0004372894763946533,0.00023925304412841797,0.00019803643226623535,4.87978286400903e-06,3.786534080063575e-06,1.0932487839454552e-06
68#11,PC_OFF,slow_step,AC_off,logit,0.6492196321487427,0.7304555177688599,-0.08123588562011719,0.6492196321487427,0.7304555177688599,-0.08123588562011719,1740.0,413.33333333333337,1326.6666666666665,1440.0,113.33333333333337,1326.6666666666665,1.2933398485183716,1.4560940265655518,-0.16275417804718018,-0.0005960464477539062,-0.0009970664978027344,0.0004010200500488281,1.6689300537109375e-06,5.960464477539062e-07,1.0728836059570312e-06,0.22063498198986053,0.22157149016857147,-0.0009365081787109375,0.4296824336051941,0.5087943077087402,-0.07911187410354614,0.22063498198986053,0.22157149016857147,-0.0009365081787109375,0.6441282033920288,0.7269753813743591,-0.08284717798233032,0.13938948512077332,0.17416153848171234,-0.034772053360939026,0.2739572525024414,0.2988317012786865,-0.024874448776245117,0.2739572525024414,0.2988317012786865,-0.024874448776245117,0.26705148816108704,0.35208800435066223,-0.0850365161895752
68#11,PC_OFF,slow_1Hz,AC_off,logit,0.6492197513580322,0.7304555177688599,-0.08123576641082764,0.6492197513580322,0.7304555177688599,-0.08123576641082764,1240.0,413.33333333333337,826.6666666666666,940.0,113.33333333333337,826.6666666666666,1.2933398485183716,1.4560940265655518,-0.16275417804718018,-0.0005959272384643555,-0.0009970664978027344,0.0004011392593383789,1.6689300537109375e-06,5.960464477539062e-07,1.0728836059570312e-06,0.22063498198986053,0.22157149016857147,-0.0009365081787109375,0.42968255281448364,0.508794367313385,-0.07911181449890137,0.22063498198986053,0.22157149016857147,-0.0009365081787109375,0.6441425681114197,0.7269921898841858,-0.08284962177276611,0.13854177296161652,0.17414608597755432,-0.035604313015937805,0.27396583557128906,0.2988317012786865,-0.02486586570739746,0.27396583557128906,0.2988317012786865,-0.02486586570739746,0.267008513212204,0.3520561158657074,-0.08504760265350342
68#11,PC_OFF,slow_2Hz,AC_off,logit,0.6492092609405518,0.7304555177688599,-0.0812462568283081,0.6492092609405518,0.7304555177688599,-0.0812462568283081,820.0,413.33333333333337,406.66666666666663,520.0,113.33333333333337,406.66666666666663,1.2933399677276611,1.4560939073562622,-0.16275393962860107,-0.0006064176559448242,-0.0009970664978027344,0.00039064884185791016,1.7881393432617188e-06,4.76837158203125e-07,1.3113021850585938e-06,0.22063498198986053,0.22157149016857147,-0.0009365081787109375,0.4296574592590332,0.5087953209877014,-0.07913786172866821,0.22063498198986053,0.22157149016857147,-0.0009365081787109375,0.6444555521011353,0.7273536920547485,-0.08289813995361328,0.13677020370960236,0.17412425577640533,-0.03735405206680298,0.2739572525024414,0.2988317012786865,-0.024874448776245117,0.2739572525024414,0.2988317012786865,-0.024874448776245117,0.2669236361980438,0.3519929051399231,-0.08506926894187927
68#11,PC_OFF,rapid_10Hz,AC_off,logit,0.6496390104293823,0.7315746545791626,-0.08193564414978027,0.6496390104293823,0.7315746545791626,-0.08193564414978027,420.0,413.33333333333337,6.666666666666629,120.0,113.33333333333337,6.666666666666629,1.2933387756347656,1.4560935497283936,-0.16275477409362793,-0.0001766681671142578,0.0001220703125,-0.0002987384796142578,5.960464477539062e-07,1.1920928955078125e-07,4.76837158203125e-07,0.22063498198986053,0.22157149016857147,-0.0009365081787109375,0.4275335669517517,0.5080618858337402,-0.08052831888198853,0.22063498198986053,0.22157149016857147,-0.0009365081787109375,0.6123843193054199,0.6805925369262695,-0.06820821762084961,0.13064546883106232,0.17155088484287262,-0.0409054160118103,0.1922893524169922,0.21515107154846191,-0.022861719131469727,0.1922893524169922,0.21515107154846191,-0.022861719131469727,0.26671943068504333,0.3518397808074951,-0.08512035012245178
68#11,PC_OFF,rapid_20Hz,AC_off,logit,0.6494662761688232,0.7313481569290161,-0.08188188076019287,0.6494662761688232,0.7313481569290161,-0.08188188076019287,406.6666666666667,413.33333333333337,-6.666666666666686,106.66666666666669,113.33333333333337,-6.666666666666686,1.293338418006897,1.456093430519104,-0.16275501251220703,-0.00034940242767333984,-0.00010442733764648438,-0.00024497509002685547,2.384185791015625e-07,0.0,2.384185791015625e-07,0.2206363081932068,0.22157341241836548,-0.0009371042251586914,0.4272264838218689,0.5078336000442505,-0.08060711622238159,0.2206363081932068,0.22157341241836548,-0.0009371042251586914,0.4957689940929413,0.535549521446228,-0.03978052735328674,0.12934528291225433,0.1705116480588913,-0.04116636514663696,0.14789903163909912,0.18298876285552979,-0.035089731216430664,0.14789903163909912,0.18298876285552979,-0.035089731216430664,0.2667236924171448,0.35184648633003235,-0.08512279391288757
68#11,PC_OFF,transient_50ms,AC_off,logit,0.6486308574676514,0.7310150861740112,-0.08238422870635986,0.6486308574676514,0.7310150861740112,-0.08238422870635986,413.33333333333337,413.33333333333337,0.0,113.33333333333337,113.33333333333337,0.0,1.2933378219604492,1.4560933113098145,-0.16275548934936523,-0.0011848211288452148,-0.0004374980926513672,-0.0007473230361938477,-3.5762786865234375e-07,-1.1920928955078125e-07,-2.384185791015625e-07,0.22063498198986053,0.22157149016857147,-0.0009365081787109375,0.42712926864624023,0.5077623128890991,-0.08063304424285889,0.22063498198986053,0.22157149016857147,-0.0009365081787109375,0.6123034358024597,0.6805280447006226,-0.06822460889816284,0.12853306531906128,0.16977308690547943,-0.04124002158641815,0.19886541366577148,0.22283053398132324,-0.023965120315551758,0.19886541366577148,0.22283053398132324,-0.023965120315551758,0.26674795150756836,0.35186854004859924,-0.08512058854103088
68#11,PC_OFF,large_field_50ms,AC_off,logit,0.5682640075683594,0.6447893381118774,-0.07652533054351807,0.5682640075683594,0.6447893381118774,-0.07652533054351807,360.0,360.0,0.0,60.0,60.0,0.0,0.0,-1.5894572324981482e-09,1.5894572324981482e-09,1.1384611129760742,-0.0011870861053466797,1.139648199081421,3.973643192267673e-09,1.5894572324981482e-09,2.3841859597695247e-09,0.22050747275352478,0.2214728146791458,-0.0009653419256210327,0.39613327383995056,0.46714550256729126,-0.0710122287273407,0.22050747275352478,0.2214728146791458,-0.0009653419256210327,0.39613327383995056,0.46714550256729126,-0.0710122287273407,0.013730044476687908,0.015043131075799465,-0.001313086599111557,0.18559050559997559,0.19030487537384033,-0.004714369773864746,0.18559050559997559,0.19030487537384033,-0.004714369773864746,7.947286162490741e-10,-1.5894572324981482e-09,2.3841858487472223e-09
68#11,PC_OFF,slow_step,AC_off,probability,0.10206149518489838,0.11711317300796509,-0.015051677823066711,0.10206149518489838,0.11711317300796509,-0.015051677823066711,1740.0,413.33333333333337,1326.6666666666665,1440.0,113.33333333333337,1326.6666666666665,0.2027929574251175,0.2328214794397354,-0.03002852201461792,-0.00011211633682250977,-0.00019437074661254883,8.225440979003906e-05,-7.82310962677002e-06,-2.3692846298217773e-06,-5.453824996948242e-06,0.031981997191905975,0.03232857584953308,-0.0003465786576271057,0.06484314799308777,0.07835515588521957,-0.013512007892131805,0.031981997191905975,0.03232857584953308,-0.0003465786576271057,0.10110507905483246,0.11643551290035248,-0.01533043384552002,0.024413619190454483,0.031764086335897446,-0.007350467145442963,0.047835975885391235,0.053967252373695374,-0.006131276488304138,0.047835975885391235,0.053967252373695374,-0.006131276488304138,0.04663523659110069,0.06413295120000839,-0.0174977146089077
68#11,PC_OFF,slow_1Hz,AC_off,probability,0.10206152498722076,0.11711317300796509,-0.015051648020744324,0.10206152498722076,0.11711317300796509,-0.015051648020744324,1240.0,413.33333333333337,826.6666666666666,940.0,113.33333333333337,826.6666666666666,0.2027929276227951,0.2328214794397354,-0.030028551816940308,-0.00011208653450012207,-0.00019437074661254883,8.228421211242676e-05,-7.852911949157715e-06,-2.3692846298217773e-06,-5.4836273193359375e-06,0.031981997191905975,0.03232857584953308,-0.0003465786576271057,0.06484316289424896,0.07835517823696136,-0.013512015342712402,0.031981997191905975,0.03232857584953308,-0.0003465786576271057,0.10110779106616974,0.11643877625465393,-0.015330985188484192,0.024315245449543,0.03180670738220215,-0.007491461932659149,0.047835975885391235,0.053967252373695374,-0.006131276488304138,0.047835975885391235,0.053967252373695374,-0.006131276488304138,0.04674989730119705,0.06421804428100586,-0.017468146979808807
68#11,PC_OFF,slow_2Hz,AC_off,probability,0.10205952823162079,0.11711317300796509,-0.0150536447763443,0.10205952823162079,0.11711317300796509,-0.0150536447763443,820.0,413.33333333333337,406.66666666666663,520.0,113.33333333333337,406.66666666666663,0.20279285311698914,0.23282146453857422,-0.030028611421585083,-0.00011408329010009766,-0.00019437074661254883,8.028745651245117e-05,-7.927417755126953e-06,-2.384185791015625e-06,-5.543231964111328e-06,0.031981997191905975,0.03232857584953308,-0.0003465786576271057,0.06483881175518036,0.0783553496003151,-0.013516537845134735,0.031981997191905975,0.03232857584953308,-0.0003465786576271057,0.1011665090918541,0.11650913208723068,-0.015342622995376587,0.024105899035930634,0.031894929707050323,-0.00778903067111969,0.047835975885391235,0.053967252373695374,-0.006131276488304138,0.047835975885391235,0.053967252373695374,-0.006131276488304138,0.046983782202005386,0.06439156830310822,-0.01740778610110283
68#11,PC_OFF,rapid_10Hz,AC_off,probability,0.1021403819322586,0.11733132600784302,-0.015190944075584412,0.1021403819322586,0.11733132600784302,-0.015190944075584412,420.0,413.33333333333337,6.666666666666629,120.0,113.33333333333337,6.666666666666629,0.20279717445373535,0.23282240331172943,-0.03002522885799408,-3.3229589462280273e-05,2.378225326538086e-05,-5.701184272766113e-05,-3.606081008911133e-06,-1.4454126358032227e-06,-2.16066837310791e-06,0.031981997191905975,0.03232857584953308,-0.0003465786576271057,0.0644739642739296,0.07822240889072418,-0.013748444616794586,0.031981997191905975,0.03232857584953308,-0.0003465786576271057,0.09523682296276093,0.10757603496313095,-0.012339212000370026,0.02361968904733658,0.031928323209285736,-0.008308634161949158,0.0343746691942215,0.0397367924451828,-0.005362123250961304,0.0343746691942215,0.0397367924451828,-0.005362123250961304,0.0481356680393219,0.06529568880796432,-0.017160020768642426
68#11,PC_OFF,rapid_20Hz,AC_off,probability,0.10210789740085602,0.11728718876838684,-0.015179291367530823,0.10210789740085602,0.11728718876838684,-0.015179291367530823,406.6666666666667,413.33333333333337,-6.666666666666686,106.66666666666669,113.33333333333337,-6.666666666666686,0.20279909670352936,0.23282313346862793,-0.030024036765098572,-6.571412086486816e-05,-2.03549861907959e-05,-4.5359134674072266e-05,-1.6838312149047852e-06,-7.152557373046875e-07,-9.685754776000977e-07,0.03198222815990448,0.03232891857624054,-0.00034669041633605957,0.06442685425281525,0.07818373292684555,-0.013756878674030304,0.03198222815990448,0.03232891857624054,-0.00034669041633605957,0.07500520348548889,0.08193185925483704,-0.0069266557693481445,0.023469289764761925,0.031779855489730835,-0.00831056572496891,0.02674947679042816,0.034065961837768555,-0.007316485047340393,0.02674947679042816,0.034065961837768555,-0.007316485047340393,0.04820390045642853,0.06529171019792557,-0.01708780974149704
68#11,PC_OFF,transient_50ms,AC_off,probability,0.10195077955722809,0.11722224950790405,-0.015271469950675964,0.10195077955722809,0.11722224950790405,-0.015271469950675964,413.33333333333337,413.33333333333337,0.0,113.33333333333337,113.33333333333337,0.0,0.2028009444475174,0.23282399773597717,-0.030023053288459778,-0.00022283196449279785,-8.529424667358398e-05,-0.00013753771781921387,1.6391277313232422e-07,1.4901161193847656e-07,1.4901161193847656e-08,0.031981997191905975,0.03232857584953308,-0.0003465786576271057,0.06441452354192734,0.07817395031452179,-0.013759426772594452,0.031981997191905975,0.03232857584953308,-0.0003465786576271057,0.09522169083356857,0.1075635477900505,-0.012341856956481934,0.023315055295825005,0.03163767233490944,-0.008322617039084435,0.03542473912239075,0.041085585951805115,-0.005660846829414368,0.03542473912239075,0.041085585951805115,-0.005660846829414368,0.048099979758262634,0.06519945710897446,-0.017099477350711823
68#11,PC_OFF,large_field_50ms,AC_off,probability,0.08714358508586884,0.10075677931308746,-0.013613194227218628,0.08714358508586884,0.10075677931308746,-0.013613194227218628,360.0,360.0,0.0,60.0,60.0,0.0,0.001158159808255732,0.0014655084814876318,-0.00030734867323189974,-0.00034894049167633057,-0.0002219676971435547,-0.00012697279453277588,-9.752227924764156e-06,-6.501795724034309e-06,-3.250432200729847e-06,0.031960196793079376,0.0323115736246109,-0.00035137683153152466,0.058604516088962555,0.07029803097248077,-0.011693514883518219,0.031960196793079376,0.0323115736246109,-0.00035137683153152466,0.058604516088962555,0.07029803097248077,-0.011693514883518219,0.001755862613208592,0.0019197677029296756,-0.00016390508972108364,0.02732989192008972,0.030065685510635376,-0.0027357935905456543,0.02732989192008972,0.030065685510635376,-0.0027357935905456543,0.0004260293208062649,0.0005938544636592269,-0.00016782514285296202
69#3,PC_OFF,slow_step,normal,logit,0.44032812118530273,0.5224651098251343,-0.08213698863983154,0.44032812118530273,0.5224651098251343,-0.08213698863983154,1533.3333333333335,1513.3333333333335,20.0,1233.3333333333335,1213.3333333333335,20.0,0.5967507362365723,0.6161823272705078,-0.019431591033935547,0.09210023283958435,0.15383285284042358,-0.06173262000083923,-0.0003369450569152832,-0.0008094906806945801,0.0004725456237792969,0.10922941565513611,0.09502647817134857,0.014202937483787537,0.31429848074913025,0.36341655254364014,-0.04911807179450989,0.10922941565513611,0.09502647817134857,0.014202937483787537,0.17362508177757263,0.15833747386932373,0.015287607908248901,0.0,0.0,0.0,0.0,0.0,0.0,0.0,0.0,0.0,0.0,0.0,0.0
69#3,PC_OFF,slow_1Hz,normal,logit,0.44032809138298035,0.5224649310112,-0.0821368396282196,0.44032809138298035,0.5224649310112,-0.0821368396282196,1033.3333333333335,1013.3333333333334,20.000000000000114,733.3333333333335,713.3333333333334,20.000000000000114,0.5967922210693359,0.6162763833999634,-0.01948416233062744,0.09210020303726196,0.15383267402648926,-0.061732470989227295,-0.00029546022415161133,-0.0007154345512390137,0.00041997432708740234,0.10922941565513611,0.09502647817134857,0.014202937483787537,0.31430864334106445,0.3634297251701355,-0.049121081829071045,0.10922941565513611,0.09502647817134857,0.014202937483787537,0.17362475395202637,0.1583356410264969,0.01528911292552948,0.0,0.0,0.0,0.0,0.0,0.0,0.0,0.0,0.0,0.0,0.0,0.0
69#3,PC_OFF,slow_2Hz,normal,logit,0.44032764434814453,0.5224603414535522,-0.08213269710540771,0.44032764434814453,0.5224603414535522,-0.08213269710540771,786.6666666666667,760.0,26.666666666666742,486.66666666666674,460.0,26.666666666666742,0.5968742966651917,0.6164630651473999,-0.019588768482208252,0.09209975600242615,0.15382808446884155,-0.061728328466415405,-0.00021338462829589844,-0.0005287528038024902,0.0003153681755065918,0.10922941565513611,0.09502647817134857,0.014202937483787537,0.3144931197166443,0.3636934459209442,-0.04920032620429993,0.10922941565513611,0.09502647817134857,0.014202937483787537,0.17127473652362823,0.15393255650997162,0.017342180013656616,0.0,0.0,0.0,0.0,0.0,0.0,0.0,0.0,0.0,0.0,0.0,0.0
69#3,PC_OFF,rapid_10Hz,normal,logit,0.3629099130630493,0.40144994854927063,-0.038540035486221313,0.3629099130630493,0.40144994854927063,-0.038540035486221313,433.33333333333337,420.0,13.333333333333371,133.33333333333337,120.0,13.333333333333371,0.5970925688743591,0.6169897317886353,-0.019897162914276123,0.014682024717330933,0.032817691564559937,-0.018135666847229004,4.887580871582031e-06,-2.086162567138672e-06,6.973743438720703e-06,0.10922941565513611,0.09502647817134857,0.014202937483787537,0.22020353376865387,0.2622511386871338,-0.04204760491847992,0.10922941565513611,0.09502647817134857,0.014202937483787537,0.26534536480903625,0.2574525475502014,0.007892817258834839,0.0,0.0,0.0,0.0,0.0,0.0,0.0,0.0,0.0,0.0,0.0,0.0
69#3,PC_OFF,rapid_20Hz,normal,logit,0.3292960524559021,0.35963454842567444,-0.03033849596977234,0.3292960524559021,0.35963454842567444,-0.03033849596977234,386.6666666666667,373.33333333333337,13.333333333333314,86.66666666666669,73.33333333333337,13.333333333333314,0.5970937013626099,0.6169978976249695,-0.01990419626235962,-0.018931835889816284,-0.008997708559036255,-0.00993412733078003,6.020069122314453e-06,6.079673767089844e-06,-5.960464477539063e-08,0.10972167551517487,0.10011589527130127,0.009605780243873596,0.18952526152133942,0.2077520489692688,-0.018226787447929382,0.10972167551517487,0.10011589527130127,0.009605780243873596,0.2611928880214691,0.2694772183895111,-0.008284330368041992,0.0,0.0,0.0,0.0,0.0,0.0,0.0,0.0,0.0,0.0,0.0,0.0
69#3,PC_OFF,transient_50ms,normal,logit,0.3957938253879547,0.45270243287086487,-0.056908607482910156,0.3957938253879547,0.45270243287086487,-0.056908607482910156,1386.6666666666667,1373.3333333333335,13.333333333333258,1086.6666666666667,1073.3333333333335,13.333333333333258,0.5970781445503235,0.6169702410697937,-0.019892096519470215,0.04756593704223633,0.08407017588615417,-0.03650423884391785,-9.5367431640625e-06,-2.1576881408691406e-05,1.2040138244628906e-05,0.10922941565513611,0.09502647817134857,0.014202937483787537,0.18104588985443115,0.18159666657447815,-0.0005507767200469971,0.10922941565513611,0.09502647817134857,0.014202937483787537,0.2580186724662781,0.2275332659482956,0.030485406517982483,0.0,0.0,0.0,0.0,0.0,0.0,0.0,0.0,0.0,0.0,0.0,0.0
69#3,PC_OFF,large_field_50ms,normal,logit,0.26679182052612305,0.2273770272731781,0.039414793252944946,0.26679182052612305,0.2273770272731781,0.039414793252944946,353.33333333333337,346.6666666666667,6.666666666666686,53.33333333333337,46.666666666666686,6.666666666666686,-3.9736430812453705e-10,1.9868215406226852e-10,-5.960464621868056e-10,-0.08143606781959534,-0.14247071743011475,0.06103464961051941,1.986821263066929e-10,7.947285884934985e-10,-5.960464621868056e-10,0.10237345844507217,0.08942694962024689,0.012946508824825287,0.129837304353714,0.09406546503305435,0.03577183932065964,0.10237345844507217,0.08942694962024689,0.012946508824825287,0.129837304353714,0.09406546503305435,0.03577183932065964,0.0,0.0,0.0,0.0,0.0,0.0,0.0,0.0,0.0,0.0,0.0,0.0
69#3,PC_OFF,slow_step,normal,probability,0.10159376263618469,0.12348631024360657,-0.021892547607421875,0.10159376263618469,0.12348631024360657,-0.021892547607421875,1533.3333333333335,1513.3333333333335,20.0,1233.3333333333335,1213.3333333333335,20.0,0.13610897958278656,0.14427554607391357,-0.008166566491127014,0.022189706563949585,0.037744730710983276,-0.015555024147033691,0.0008584707975387573,0.0017648637294769287,-0.0009063929319381714,0.02445721998810768,0.02161601558327675,0.0028412044048309326,0.07183009386062622,0.0850951075553894,-0.013265013694763184,0.02445721998810768,0.02161601558327675,0.0028412044048309326,0.03859565034508705,0.035953912883996964,0.002641737461090088,0.0,0.0,0.0,0.0,0.0,0.0,0.0,0.0,0.0,0.0,0.0,0.0
69#3,PC_OFF,slow_1Hz,normal,probability,0.10159376263618469,0.12348631024360657,-0.021892547607421875,0.10159376263618469,0.12348631024360657,-0.021892547607421875,1033.3333333333335,1013.3333333333334,20.000000000000114,733.3333333333335,713.3333333333334,20.000000000000114,0.13605190813541412,0.1441669464111328,-0.008115038275718689,0.022189706563949585,0.037744730710983276,-0.015555024147033691,0.0008013993501663208,0.001656264066696167,-0.0008548647165298462,0.02445721998810768,0.02161601558327675,0.0028412044048309326,0.07183247804641724,0.08509829640388489,-0.013265818357467651,0.02445721998810768,0.02161601558327675,0.0028412044048309326,0.03859557956457138,0.03595348075032234,0.0026420988142490387,0.0,0.0,0.0,0.0,0.0,0.0,0.0,0.0,0.0,0.0,0.0,0.0
69#3,PC_OFF,slow_2Hz,normal,probability,0.10159364342689514,0.12348511815071106,-0.021891474723815918,0.10159364342689514,0.12348511815071106,-0.021891474723815918,786.6666666666667,760.0,26.666666666666742,486.66666666666674,460.0,26.666666666666742,0.13593511283397675,0.14394479990005493,-0.008009687066078186,0.022189587354660034,0.03774353861808777,-0.015553951263427734,0.0006846040487289429,0.0014341175556182861,-0.0007495135068893433,0.02445721998810768,0.02161601558327675,0.0028412044048309326,0.07187622785568237,0.08516216278076172,-0.013285934925079346,0.02445721998810768,0.02161601558327675,0.0028412044048309326,0.03805305436253548,0.0349036380648613,0.003149416297674179,0.0,0.0,0.0,0.0,0.0,0.0,0.0,0.0,0.0,0.0,0.0,0.0
69#3,PC_OFF,rapid_10Hz,normal,probability,0.08291473984718323,0.09372493624687195,-0.01081019639968872,0.08291473984718323,0.09372493624687195,-0.01081019639968872,433.33333333333337,420.0,13.333333333333371,133.33333333333337,120.0,13.333333333333371,0.13527686893939972,0.14260409772396088,-0.007327228784561157,0.00351068377494812,0.007983356714248657,-0.004472672939300537,2.6360154151916504e-05,9.341537952423096e-05,-6.705522537231445e-05,0.02445721998810768,0.02161601558327675,0.0028412044048309326,0.049579791724681854,0.06060178950428963,-0.011021997779607773,0.02445721998810768,0.02161601558327675,0.0028412044048309326,0.05980629846453667,0.05907348915934563,0.00073280930519104,0.0,0.0,0.0,0.0,0.0,0.0,0.0,0.0,0.0,0.0,0.0,0.0
69#3,PC_OFF,rapid_20Hz,normal,probability,0.07489335536956787,0.08356046676635742,-0.00866711139678955,0.07489335536956787,0.08356046676635742,-0.00866711139678955,386.6666666666667,373.33333333333337,13.333333333333314,86.66666666666669,73.33333333333337,13.333333333333314,0.1352161318063736,0.14248430728912354,-0.007268175482749939,-0.004510700702667236,-0.002181112766265869,-0.002329587936401367,-3.437697887420654e-05,-2.637505531311035e-05,-8.001923561096191e-06,0.02457296848297119,0.022821690887212753,0.0017512775957584381,0.04259507730603218,0.04773032292723656,-0.005135245621204376,0.02457296848297119,0.022821690887212753,0.0017512775957584381,0.05897389352321625,0.06211944669485092,-0.003145553171634674,0.0,0.0,0.0,0.0,0.0,0.0,0.0,0.0,0.0,0.0,0.0,0.0
69#3,PC_OFF,transient_50ms,normal,probability,0.09081569314002991,0.10627329349517822,-0.015457600355148315,0.09081569314002991,0.10627329349517822,-0.015457600355148315,1386.6666666666667,1373.3333333333335,13.333333333333258,1086.6666666666667,1073.3333333333335,13.333333333333258,0.1352645754814148,0.14254401624202728,-0.007279440760612488,0.0114116370677948,0.02053171396255493,-0.009120076894760132,1.4066696166992188e-05,3.333389759063721e-05,-1.926720142364502e-05,0.02445721998810768,0.02161601558327675,0.0028412044048309326,0.04078396037220955,0.04176175221800804,-0.0009777918457984924,0.02445721998810768,0.02161601558327675,0.0028412044048309326,0.05809863284230232,0.0519796721637249,0.006118960678577423,0.0,0.0,0.0,0.0,0.0,0.0,0.0,0.0,0.0,0.0,0.0,0.0
69#3,PC_OFF,large_field_50ms,normal,probability,0.060138553380966187,0.05194023251533508,0.008198320865631104,0.060138553380966187,0.05194023251533508,0.008198320865631104,353.33333333333337,346.6666666666667,6.666666666666686,53.33333333333337,46.666666666666686,6.666666666666686,0.0002308897237526253,0.0001738224527798593,5.706727097276598e-05,-0.01926550269126892,-0.03409624099731445,0.014830738306045532,-0.00013845066132489592,-0.00022104103118181229,8.259036985691637e-05,0.022868655622005463,0.020305085927248,0.0025635696947574615,0.029183728620409966,0.02154379151761532,0.007639937102794647,0.022868655622005463,0.020305085927248,0.0025635696947574615,0.029183728620409966,0.02154379151761532,0.007639937102794647,0.0,0.0,0.0,0.0,0.0,0.0,0.0,0.0,0.0,0.0,0.0,0.0
69#3,PC_OFF,slow_step,H1_off,logit,0.43324699997901917,0.5175190567970276,-0.08427205681800842,0.43324699997901917,0.5175190567970276,-0.08427205681800842,1546.6666666666667,1520.0,26.666666666666742,1246.6666666666667,1220.0,26.666666666666742,0.6080324053764343,0.6246683597564697,-0.0166359543800354,0.0766097903251648,0.1413722038269043,-0.0647624135017395,-0.00026988983154296875,-0.000732123851776123,0.0004622340202331543,0.11676144599914551,0.10170962661504745,0.015051819384098053,0.3102552592754364,0.36115506291389465,-0.05089980363845825,0.11676144599914551,0.10170962661504745,0.015051819384098053,0.18140669167041779,0.16238053143024445,0.01902616024017334,0.013233664445579052,0.009870149195194244,0.0033635152503848076,0.028147459030151367,0.024933457374572754,0.0032140016555786133,0.028147459030151367,0.024933457374572754,0.0032140016555786133,0.011281592771410942,0.008485966362059116,0.0027956264093518257
69#3,PC_OFF,slow_1Hz,H1_off,logit,0.43324699997901917,0.517518937587738,-0.08427193760871887,0.43324699997901917,0.517518937587738,-0.08427193760871887,1046.6666666666667,1020.0,26.666666666666742,746.6666666666667,720.0,26.666666666666742,0.6080666184425354,0.6247568726539612,-0.01669025421142578,0.0766097903251648,0.14137208461761475,-0.06476229429244995,-0.00023567676544189453,-0.000643610954284668,0.00040793418884277344,0.11676144599914551,0.10170962661504745,0.015051819384098053,0.31026533246040344,0.3611683249473572,-0.050902992486953735,0.11676144599914551,0.10170962661504745,0.015051819384098053,0.1814064383506775,0.16237862408161163,0.019027814269065857,0.013950996100902557,0.010791032575070858,0.0031599635258316994,0.03223240375518799,0.029737263917922974,0.0024951398372650146,0.03223240375518799,0.029737263917922974,0.0024951398372650146,0.01127438060939312,0.008480478078126907,0.0027939025312662125
69#3,PC_OFF,slow_2Hz,H1_off,logit,0.43324601650238037,0.5175132751464844,-0.084267258644104,0.43324601650238037,0.5175132751464844,-0.084267258644104,793.3333333333334,773.3333333333334,20.0,493.33333333333337,473.33333333333337,20.0,0.6081342697143555,0.624932587146759,-0.016798317432403564,0.076608806848526,0.14136642217636108,-0.06475761532783508,-0.00016802549362182617,-0.0004678964614868164,0.00029987096786499023,0.11676144599914551,0.10170962661504745,0.015051819384098053,0.3104405403137207,0.36142903566360474,-0.05098849534988403,0.11676144599914551,0.10170962661504745,0.015051819384098053,0.17986740171909332,0.15872372686862946,0.021143674850463867,0.01536187157034874,0.012612822465598583,0.0027490491047501564,0.032230764627456665,0.029738306999206543,0.002492457628250122,0.032230764627456665,0.029738306999206543,0.002492457628250122,0.011260059662163258,0.008469494059681892,0.002790565602481365
69#3,PC_OFF,rapid_10Hz,H1_off,logit,0.3658987581729889,0.3844229280948639,-0.018524169921875,0.3658987581729889,0.3844229280948639,-0.018524169921875,440.0,420.0,20.0,140.0,120.0,20.0,0.6083088517189026,0.6254060864448547,-0.01709723472595215,0.009261548519134521,0.0082760751247406,0.000985473394393921,6.556510925292969e-06,5.602836608886719e-06,9.5367431640625e-07,0.11676144599914551,0.10170962661504745,0.015051819384098053,0.20810675621032715,0.24993453919887543,-0.04182778298854828,0.11676144599914551,0.10170962661504745,0.015051819384098053,0.2822849750518799,0.2721223533153534,0.01016262173652649,0.014660361222922802,0.01392198447138071,0.0007383767515420914,0.027832001447677612,0.02541416883468628,0.002417832612991333,0.027832001447677612,0.02541416883468628,0.002417832612991333,0.011216268874704838,0.008416369557380676,0.0027998993173241615
69#3,PC_OFF,rapid_20Hz,H1_off,logit,0.3369053602218628,0.36018607020378113,-0.023280709981918335,0.3369053602218628,0.36018607020378113,-0.023280709981918335,386.6666666666667,366.6666666666667,20.0,86.66666666666669,66.66666666666669,20.0,0.6083083748817444,0.6254076361656189,-0.01709926128387451,-0.019731849431991577,-0.015960782766342163,-0.003771066665649414,6.079673767089844e-06,7.152557373046875e-06,-1.0728836059570312e-06,0.11676144599914551,0.10647155344486237,0.010289892554283142,0.18850672245025635,0.20600229501724243,-0.017495572566986084,0.11676144599914551,0.10647155344486237,0.010289892554283142,0.2713305652141571,0.278456449508667,-0.007125884294509888,0.0064818584360182285,0.005773618817329407,0.0007082396186888218,0.019642293453216553,0.018260478973388672,0.0013818144798278809,0.019642293453216553,0.018260478973388672,0.0013818144798278809,0.01121471542865038,0.008409751579165459,0.0028049638494849205
69#3,PC_OFF,transient_50ms,H1_off,logit,0.3940626382827759,0.44208934903144836,-0.048026710748672485,0.3940626382827759,0.44208934903144836,-0.048026710748672485,1386.6666666666667,1373.3333333333335,13.333333333333258,1086.6666666666667,1073.3333333333335,13.333333333333258,0.6082949042320251,0.6253815293312073,-0.01708662509918213,0.03742542862892151,0.06594249606132507,-0.028517067432403564,-7.3909759521484375e-06,-1.895427703857422e-05,1.1563301086425781e-05,0.11676144599914551,0.10170962661504745,0.015051819384098053,0.18441224098205566,0.1837950348854065,0.0006172060966491699,0.11676144599914551,0.10170962661504745,0.015051819384098053,0.2798316776752472,0.24649691581726074,0.03333476185798645,0.0061341202817857265,0.004778682254254818,0.0013554380275309086,0.027832001447677612,0.024921655654907227,0.0029103457927703857,0.027832001447677612,0.024921655654907227,0.0029103457927703857,0.011216719634830952,0.00841132365167141,0.002805395983159542
69#3,PC_OFF,large_field_50ms,H1_off,logit,0.31657952070236206,0.26919955015182495,0.04737997055053711,0.31657952070236206,0.26919955015182495,0.04737997055053711,353.33333333333337,353.33333333333337,0.0,53.33333333333337,53.33333333333337,0.0,5.9604643443123e-10,3.9736430812453705e-10,1.986821263066929e-10,0.6731495261192322,-0.10818901658058167,0.7813385426998138,1.7881393032936899e-09,3.9736430812453705e-10,1.3907749951691528e-09,0.11676144599914551,0.10170962661504745,0.015051819384098053,0.16601242125034332,0.12370079010725021,0.04231163114309311,0.11676144599914551,0.10170962661504745,0.015051819384098053,0.16601242125034332,0.12370079010725021,0.04231163114309311,0.0033520786091685295,0.0031092329882085323,0.00024284562095999718,-0.052391648292541504,0.045069217681884766,-0.09746086597442627,0.052391648292541504,0.045069217681884766,0.007322430610656738,9.934107980669182e-10,1.9868215406226852e-10,7.947286440046497e-10
69#3,PC_OFF,slow_step,H1_off,probability,0.09987431764602661,0.122261643409729,-0.022387325763702393,0.09987431764602661,0.122261643409729,-0.022387325763702393,1546.6666666666667,1520.0,26.666666666666742,1246.6666666666667,1220.0,26.666666666666742,0.13857921957969666,0.1461075097322464,-0.007528290152549744,0.018460780382156372,0.03469586372375488,-0.01623508334159851,0.000674903392791748,0.0015738606452941895,-0.0008989572525024414,0.026209957897663116,0.023185867816209793,0.0030240900814533234,0.07085004448890686,0.08452686667442322,-0.013676822185516357,0.026209957897663116,0.023185867816209793,0.0030240900814533234,0.040362123399972916,0.0368485301733017,0.003513593226671219,0.003074688371270895,0.0023074038326740265,0.0007672845385968685,0.0066193342208862305,0.005884110927581787,0.0007352232933044434,0.0066193342208862305,0.005884110927581787,0.0007352232933044434,0.0024702344089746475,0.0018319765804335475,0.0006382578285411
69#3,PC_OFF,slow_1Hz,H1_off,probability,0.09987431764602661,0.12226161360740662,-0.022387295961380005,0.09987431764602661,0.12226161360740662,-0.022387295961380005,1046.6666666666667,1020.0,26.666666666666742,746.6666666666667,720.0,26.666666666666742,0.13853298127651215,0.14600101113319397,-0.007468029856681824,0.018460780382156372,0.034695833921432495,-0.016235053539276123,0.0006286650896072388,0.0014673620462417603,-0.0008386969566345215,0.026209957897663116,0.023185867816209793,0.0030240900814533234,0.07085243612527847,0.08453008532524109,-0.013677649199962616,0.026209957897663116,0.023185867816209793,0.0030240900814533234,0.04036206752061844,0.03684810549020767,0.0035139620304107666,0.0032481097150593996,0.0025315729435533285,0.0007165367715060711,0.007605552673339844,0.007055461406707764,0.0005500912666320801,0.007605552673339844,0.007055461406707764,0.0005500912666320801,0.0024810878094285727,0.0018340524984523654,0.0006470353109762073
69#3,PC_OFF,slow_2Hz,H1_off,probability,0.0998741090297699,0.1222602128982544,-0.022386103868484497,0.0998741090297699,0.1222602128982544,-0.022386103868484497,793.3333333333334,773.3333333333334,20.0,493.33333333333337,473.33333333333337,20.0,0.13843825459480286,0.14578352868556976,-0.007345274090766907,0.018460571765899658,0.03469443321228027,-0.016233861446380615,0.0005339384078979492,0.0012498795986175537,-0.0007159411907196045,0.026209957897663116,0.023185867816209793,0.0030240900814533234,0.07089391350746155,0.08459319174289703,-0.013699278235435486,0.026209957897663116,0.023185867816209793,0.0030240900814533234,0.04000769183039665,0.03597906231880188,0.004028629511594772,0.00358947878703475,0.0029753081034868956,0.0006141706835478544,0.007605403661727905,0.007055997848510742,0.0005494058132171631,0.007605403661727905,0.007055997848510742,0.0005494058132171631,0.0025031480472534895,0.0018387307645753026,0.0006644172826781869
69#3,PC_OFF,rapid_10Hz,H1_off,probability,0.08363071084022522,0.08957752585411072,-0.005946815013885498,0.08363071084022522,0.08957752585411072,-0.005946815013885498,440.0,420.0,20.0,140.0,120.0,20.0,0.13791629672050476,0.14455360174179077,-0.006637305021286011,0.0022171735763549805,0.0020117461681365967,0.0002054274082183838,1.1980533599853516e-05,1.9952654838562012e-05,-7.972121238708496e-06,0.026209957897663116,0.023185867816209793,0.0030240900814533234,0.046766843646764755,0.057662997394800186,-0.010896153748035431,0.026209957897663116,0.023185867816209793,0.0030240900814533234,0.06379161775112152,0.06254715472459793,0.00124446302652359,0.003460485953837633,0.003329219063743949,0.0001312668900936842,0.006568014621734619,0.006001651287078857,0.0005663633346557617,0.006568014621734619,0.006001651287078857,0.0005663633346557617,0.002639422658830881,0.0019494877196848392,0.0006899349391460419
69#3,PC_OFF,rapid_20Hz,H1_off,probability,0.07670411467552185,0.08369404077529907,-0.006989926099777222,0.07670411467552185,0.08369404077529907,-0.006989926099777222,386.6666666666667,366.6666666666667,20.0,86.66666666666669,66.66666666666669,20.0,0.13787168264389038,0.14449836313724518,-0.006626680493354797,-0.004709422588348389,-0.003871738910675049,-0.0008376836776733398,-3.263354301452637e-05,-3.528594970703125e-05,2.652406692504883e-06,0.026209957897663116,0.024318445473909378,0.0018915124237537384,0.042403195053339005,0.047352470457553864,-0.004949275404214859,0.026209957897663116,0.024318445473909378,0.0018915124237537384,0.06134748458862305,0.06424927711486816,-0.002901792526245117,0.0015319832600653172,0.001382747432217002,0.00014923582784831524,0.004635840654373169,0.004358649253845215,0.0002771914005279541,0.004635840654373169,0.004358649253845215,0.0002771914005279541,0.0026555252261459827,0.0020140681881457567,0.000641457038000226
69#3,PC_OFF,transient_50ms,H1_off,probability,0.09039846062660217,0.10366740822792053,-0.01326894760131836,0.09039846062660217,0.10366740822792053,-0.01326894760131836,1386.6666666666667,1373.3333333333335,13.333333333333258,1086.6666666666667,1073.3333333333335,13.333333333333258,0.1379147320985794,0.14456062018871307,-0.006645888090133667,0.008984923362731934,0.01610162854194641,-0.0071167051792144775,1.0415911674499512e-05,2.6971101760864258e-05,-1.6555190086364746e-05,0.026209957897663116,0.023185867816209793,0.0030240900814533234,0.041574299335479736,0.04229184612631798,-0.0007175467908382416,0.026209957897663116,0.023185867816209793,0.0030240900814533234,0.06321904808282852,0.05646013095974922,0.0067589171230793,0.001449048868380487,0.0011460380628705025,0.0003030108055099845,0.006568014621734619,0.00590088963508606,0.0006671249866485596,0.006568014621734619,0.00590088963508606,0.0006671249866485596,0.0026501468382775784,0.002016618615016341,0.0006335282232612371
69#3,PC_OFF,large_field_50ms,H1_off,probability,0.07187405228614807,0.06184348464012146,0.010030567646026611,0.07187405228614807,0.06184348464012146,0.010030567646026611,353.33333333333337,353.33333333333337,0.0,53.33333333333337,53.33333333333337,0.0,0.0003229248686693609,0.00024206221860367805,8.086265006568283e-05,-0.009523391723632812,-0.0260239839553833,0.01650059223175049,-6.39456557109952e-05,-0.00016873439017217606,0.00010478873446118087,0.026209957897663116,0.023185867816209793,0.0030240900814533234,0.03751588240265846,0.028429418802261353,0.00908646360039711,0.026209957897663116,0.023185867816209793,0.0030240900814533234,0.03751588240265846,0.028429418802261353,0.00908646360039711,0.000718281080480665,0.0006823573494330049,3.592373104766011e-05,0.012327045202255249,0.01064920425415039,0.0016778409481048584,0.012327045202255249,0.01064920425415039,0.0016778409481048584,9.203513764077798e-05,6.823977309977636e-05,2.3795364541001618e-05
69#3,PC_OFF,slow_step,AC_off,logit,0.47762468457221985,0.5810953974723816,-0.10347071290016174,0.47762468457221985,0.5810953974723816,-0.10347071290016174,1433.3333333333335,1433.3333333333335,0.0,1133.3333333333335,1133.3333333333335,0.0,0.895133912563324,1.0881439447402954,-0.19301003217697144,0.02797427773475647,0.03443390130996704,-0.006459623575210571,-1.4841556549072266e-05,-2.2411346435546875e-05,7.569789886474609e-06,0.11617819219827652,0.14962920546531677,-0.03345101326704025,0.3507723808288574,0.4181348979473114,-0.06736251711845398,0.11617819219827652,0.14962920546531677,-0.03345101326704025,0.4286191165447235,0.5210565328598022,-0.09243741631507874,0.1477719098329544,0.23388323187828064,-0.08611132204532623,0.26126593351364136,0.4135197401046753,-0.15225380659103394,0.26126593351364136,0.4135197401046753,-0.15225380659103394,0.29838302731513977,0.4719616770744324,-0.1735786497592926
69#3,PC_OFF,slow_1Hz,AC_off,logit,0.47762709856033325,0.5810982584953308,-0.10347115993499756,0.47762709856033325,0.5810982584953308,-0.10347115993499756,933.3333333333334,933.3333333333334,0.0,633.3333333333334,633.3333333333334,0.0,0.8951355218887329,1.088146448135376,-0.19301092624664307,0.027976691722869873,0.03443676233291626,-0.006460070610046387,-1.3232231140136719e-05,-1.990795135498047e-05,6.67572021484375e-06,0.11617819219827652,0.14962920546531677,-0.03345101326704025,0.3507738709449768,0.4181367754936218,-0.06736290454864502,0.11617819219827652,0.14962920546531677,-0.03345101326704025,0.4286288022994995,0.5210681557655334,-0.09243935346603394,0.14775247871875763,0.2338380366563797,-0.08608555793762207,0.26126593351364136,0.4135197401046753,-0.15225380659103394,0.26126593351364136,0.4135197401046753,-0.15225380659103394,0.2983432710170746,0.4718700647354126,-0.173526793718338
69#3,PC_OFF,slow_2Hz,AC_off,logit,0.47767648100852966,0.5811577439308167,-0.10348126292228699,0.47767648100852966,0.5811577439308167,-0.10348126292228699,686.6666666666667,686.6666666666667,0.0,386.66666666666674,386.66666666666674,0.0,0.895138680934906,1.088151216506958,-0.193012535572052,0.028026074171066284,0.0344962477684021,-0.006470173597335815,-1.0073184967041016e-05,-1.5139579772949219e-05,5.066394805908203e-06,0.11617819219827652,0.14962920546531677,-0.03345101326704025,0.35080742835998535,0.41817808151245117,-0.06737065315246582,0.11617819219827652,0.14962920546531677,-0.03345101326704025,0.4279187321662903,0.5201641321182251,-0.09224539995193481,0.14772197604179382,0.2337595820426941,-0.08603760600090027,0.26126593351364136,0.4135197401046753,-0.15225380659103394,0.26126593351364136,0.4135197401046753,-0.15225380659103394,0.29826438426971436,0.47168824076652527,-0.1734238564968109
69#3,PC_OFF,rapid_10Hz,AC_off,logit,0.47043952345848083,0.5727319121360779,-0.10229238867759705,0.47043952345848083,0.5727319121360779,-0.10229238867759705,420.0,420.0,0.0,120.0,120.0,0.0,0.895148754119873,1.0881662368774414,-0.19301748275756836,0.020789116621017456,0.02607041597366333,-0.005281299352645874,0.0,-1.1920928955078125e-07,1.1920928955078125e-07,0.11617819219827652,0.14962920546531677,-0.03345101326704025,0.3429003655910492,0.4089008569717407,-0.06600049138069153,0.11617819219827652,0.14962920546531677,-0.03345101326704025,0.4070780575275421,0.49957555532455444,-0.09249749779701233,0.14496101438999176,0.2307833582162857,-0.08582234382629395,0.20199629664421082,0.29444271326065063,-0.09244641661643982,0.20199629664421082,0.29444271326065063,-0.09244641661643982,0.29805615544319153,0.47117650508880615,-0.17312034964561462
69#3,PC_OFF,rapid_20Hz,AC_off,logit,0.45618221163749695,0.5551184415817261,-0.09893622994422913,0.45618221163749695,0.5551184415817261,-0.09893622994422913,420.0,420.0,0.0,120.0,120.0,0.0,0.8951491713523865,1.0881669521331787,-0.19301778078079224,0.006531804800033569,0.008456945419311523,-0.001925140619277954,4.172325134277344e-07,5.960464477539062e-07,-1.7881393432617188e-07,0.1166703850030899,0.1502484232187271,-0.03357803821563721,0.331040620803833,0.39411598443984985,-0.06307536363601685,0.1166703850030899,0.1502484232187271,-0.03357803821563721,0.31584063172340393,0.39594215154647827,-0.08010151982307434,0.14399926364421844,0.22922001779079437,-0.08522075414657593,0.1630530059337616,0.25005701184272766,-0.08700400590896606,0.1630530059337616,0.25005701184272766,-0.08700400590896606,0.2980554401874542,0.47116899490356445,-0.17311355471611023
69#3,PC_OFF,transient_50ms,AC_off,logit,0.4727957248687744,0.5754453539848328,-0.10264962911605835,0.4727957248687744,0.5754453539848328,-0.10264962911605835,1366.6666666666667,1366.6666666666667,0.0,1066.6666666666667,1066.6666666666667,0.0,0.8951448798179626,1.088160753250122,-0.19301587343215942,0.023145318031311035,0.028783857822418213,-0.005638539791107178,-3.874301910400391e-06,-5.602836608886719e-06,1.7285346984863281e-06,0.11617819219827652,0.14962920546531677,-0.03345101326704025,0.326335072517395,0.3881845474243164,-0.06184947490692139,0.11617819219827652,0.14962920546531677,-0.03345101326704025,0.40203356742858887,0.49319931864738464,-0.09116575121879578,0.14334215223789215,0.228107750415802,-0.08476559817790985,0.19931575655937195,0.2960786819458008,-0.09676292538642883,0.19931575655937195,0.2960786819458008,-0.09676292538642883,0.2980667054653168,0.47119054198265076,-0.17312383651733398
69#3,PC_OFF,large_field_50ms,AC_off,logit,0.34871840476989746,0.4308430552482605,-0.08212465047836304,0.34871840476989746,0.4308430552482605,-0.08212465047836304,360.0,360.0,0.0,60.0,60.0,0.0,-1.9868215406226852e-10,-1.7881394143159923e-09,1.5894572602537238e-09,-0.05584597587585449,-0.06892704963684082,0.013081073760986328,1.5894572602537238e-09,5.960463234089275e-10,9.934109368447963e-10,0.10895524173974991,0.14044682681560516,-0.031491585075855255,0.2595460116863251,0.3105785846710205,-0.051032572984695435,0.10895524173974991,0.14044682681560516,-0.031491585075855255,0.2595460116863251,0.3105785846710205,-0.051032572984695435,0.011795708909630775,0.018629929050803185,-0.006834220141172409,-0.16943395137786865,-0.2388438582420349,0.06940990686416626,0.16943395137786865,0.2388438582420349,-0.06940990686416626,1.9868215406226852e-10,-1.9868215961338365e-09,2.185503750196105e-09
69#3,PC_OFF,slow_step,AC_off,probability,0.11068278551101685,0.13804420828819275,-0.027361422777175903,0.11068278551101685,0.13804420828819275,-0.027361422777175903,1433.3333333333335,1433.3333333333335,0.0,1133.3333333333335,1133.3333333333335,0.0,0.20663408935070038,0.25758811831474304,-0.050954028964042664,0.006822317838668823,0.008558481931686401,-0.0017361640930175781,2.4870038032531738e-05,1.4543533325195312e-05,1.0326504707336426e-05,0.02609238773584366,0.03454088419675827,-0.008448496460914612,0.08048664033412933,0.09837111830711365,-0.017884477972984314,0.02609238773584366,0.03454088419675827,-0.008448496460914612,0.0987551361322403,0.12314054369926453,-0.02438540756702423,0.03493445739150047,0.05616044998168945,-0.02122599259018898,0.061501771211624146,0.09874013066291809,-0.037238359451293945,0.061501771211624146,0.09874013066291809,-0.037238359451293945,0.07052511721849442,0.11331260949373245,-0.04278749227523804
69#3,PC_OFF,slow_1Hz,AC_off,probability,0.1106833815574646,0.13804495334625244,-0.027361571788787842,0.1106833815574646,0.13804495334625244,-0.027361571788787842,933.3333333333334,933.3333333333334,0.0,633.3333333333334,633.3333333333334,0.0,0.2066330909729004,0.25758758187294006,-0.05095449090003967,0.006822913885116577,0.008559226989746094,-0.0017363131046295166,2.3871660232543945e-05,1.4007091522216797e-05,9.864568710327148e-06,0.02609238773584366,0.03454088419675827,-0.008448496460914612,0.08048700541257858,0.09837158024311066,-0.017884574830532074,0.02609238773584366,0.03454088419675827,-0.008448496460914612,0.09875749051570892,0.12314340472221375,-0.024385914206504822,0.034962594509124756,0.056214626878499985,-0.02125203236937523,0.061504095792770386,0.09874013066291809,-0.037236034870147705,0.061504095792770386,0.09874013066291809,-0.037236034870147705,0.07058118283748627,0.11342068016529083,-0.042839497327804565
69#3,PC_OFF,slow_2Hz,AC_off,probability,0.11069545149803162,0.13805976510047913,-0.02736431360244751,0.11069545149803162,0.13805976510047913,-0.02736431360244751,686.6666666666667,686.6666666666667,0.0,386.66666666666674,386.66666666666674,0.0,0.20663093030452728,0.2575864791870117,-0.050955548882484436,0.006834983825683594,0.008574038743972778,-0.0017390549182891846,2.1710991859436035e-05,1.290440559387207e-05,8.806586265563965e-06,0.02609238773584366,0.03454088419675827,-0.008448496460914612,0.08049502968788147,0.0983816459774971,-0.01788661628961563,0.02609238773584366,0.03454088419675827,-0.008448496460914612,0.09858453273773193,0.12291886657476425,-0.024334333837032318,0.03502192720770836,0.05632798373699188,-0.021306056529283524,0.061508506536483765,0.09874013066291809,-0.037231624126434326,0.061508506536483765,0.09874013066291809,-0.037231624126434326,0.07069582492113113,0.1136416494846344,-0.042945824563503265
69#3,PC_OFF,rapid_10Hz,AC_off,probability,0.1089276373386383,0.13596349954605103,-0.02703586220741272,0.1089276373386383,0.13596349954605103,-0.02703586220741272,420.0,420.0,0.0,120.0,120.0,0.0,0.20661230385303497,0.25757354497909546,-0.050961241126060486,0.005067169666290283,0.006477773189544678,-0.0014106035232543945,3.084540367126465e-06,-2.9802322387695312e-08,3.11434268951416e-06,0.02609238773584366,0.03454088419675827,-0.008448496460914612,0.07857853919267654,0.09608893096446991,-0.017510391771793365,0.02609238773584366,0.03454088419675827,-0.008448496460914612,0.09355837851762772,0.11783821135759354,-0.02427983283996582,0.03472176566720009,0.056339964270591736,-0.021618198603391647,0.04811820387840271,0.07136666774749756,-0.02324846386909485,0.04811820387840271,0.07136666774749756,-0.02324846386909485,0.07133542001247406,0.11496943235397339,-0.04363401234149933
69#3,PC_OFF,rapid_20Hz,AC_off,probability,0.10545074939727783,0.13158553838729858,-0.026134788990020752,0.10545074939727783,0.13158553838729858,-0.026134788990020752,420.0,420.0,0.0,120.0,120.0,0.0,0.2066073715686798,0.2575704753398895,-0.05096310377120972,0.0015902817249298096,0.0020998120307922363,-0.0005095303058624268,-1.8477439880371094e-06,-3.0994415283203125e-06,1.2516975402832031e-06,0.026209063827991486,0.03469187766313553,-0.008482813835144043,0.07572998851537704,0.0924605131149292,-0.016730524599552155,0.026209063827991486,0.03469187766313553,-0.008482813835144043,0.07202757894992828,0.09272868931293488,-0.020701110363006592,0.03454069793224335,0.05604209378361702,-0.021501395851373672,0.039091289043426514,0.06100162863731384,-0.02191033959388733,0.039091289043426514,0.06100162863731384,-0.02191033959388733,0.07139122486114502,0.1150861606001854,-0.043694935739040375
69#3,PC_OFF,transient_50ms,AC_off,probability,0.10950300097465515,0.13663843274116516,-0.02713543176651001,0.10950300097465515,0.13663843274116516,-0.02713543176651001,1366.6666666666667,1366.6666666666667,0.0,1066.6666666666667,1066.6666666666667,0.0,0.2066132128238678,0.257576584815979,-0.050963371992111206,0.005642533302307129,0.0071527063846588135,-0.0015101730823516846,3.993511199951172e-06,3.0100345611572266e-06,9.834766387939453e-07,0.02609238773584366,0.03454088419675827,-0.008448496460914612,0.07464005053043365,0.0910540223121643,-0.016413971781730652,0.02609238773584366,0.03454088419675827,-0.008448496460914612,0.09233471006155014,0.11625862121582031,-0.023923911154270172,0.034380536526441574,0.055766861885786057,-0.021386325359344482,0.047460198402404785,0.07183215022087097,-0.024371951818466187,0.047460198402404785,0.07183215022087097,-0.024371951818466187,0.071348637342453,0.11503256857395172,-0.04368393123149872
69#3,PC_OFF,large_field_50ms,AC_off,probability,0.07952117919921875,0.10091012716293335,-0.0213889479637146,0.07952117919921875,0.10091012716293335,-0.0213889479637146,360.0,360.0,0.0,60.0,60.0,0.0,0.0003872871457133442,0.0005497938254848123,-0.00016250667977146804,-0.01341027021408081,-0.016961753368377686,0.003551483154296875,-0.0001375121937599033,-0.00019449269166216254,5.698049790225923e-05,0.024409882724285126,0.032337937504053116,-0.00792805477976799,0.058690883219242096,0.07208875566720963,-0.01339787244796753,0.024409882724285126,0.032337937504053116,-0.00792805477976799,0.058690883219242096,0.07208875566720963,-0.01339787244796753,0.0025342321023344994,0.004080240149050951,-0.0015460080467164516,0.037485361099243164,0.05640247464179993,-0.018917113542556763,0.037485361099243164,0.05640247464179993,-0.018917113542556763,0.00015639742196071893,0.0003759714018087834,-0.00021957397984806448
69#4,MC_ON,slow_step,normal,logit,0.42552733421325684,0.468963623046875,-0.043436288833618164,0.42552733421325684,0.468963623046875,-0.043436288833618164,1513.3333333333335,1473.3333333333335,40.0,1213.3333333333335,1173.3333333333335,40.0,0.34256595373153687,0.3691626191139221,-0.026596665382385254,0.17540347576141357,0.17550909519195557,-0.00010561943054199219,-0.0010450780391693115,-0.0012850165367126465,0.00023993849754333496,0.11360381543636322,0.12139323353767395,-0.00778941810131073,0.2603995203971863,0.2715197801589966,-0.011120259761810303,0.11360381543636322,0.12139323353767395,-0.00778941810131073,-0.030896052718162537,-0.02305123209953308,-0.007844820618629456,0.0,0.0,0.0,0.0,0.0,0.0,0.0,0.0,0.0,0.0,0.0,0.0
69#4,MC_ON,slow_1Hz,normal,logit,0.4255267381668091,0.46896255016326904,-0.04343581199645996,0.4255267381668091,0.46896255016326904,-0.04343581199645996,1013.3333333333334,973.3333333333334,40.0,713.3333333333334,673.3333333333334,40.0,0.34266382455825806,0.3692800998687744,-0.026616275310516357,0.17540287971496582,0.1755080223083496,-0.00010514259338378906,-0.0009472072124481201,-0.0011675357818603516,0.00022032856941223145,0.11360381543636322,0.12139323353767395,-0.00778941810131073,0.2604154348373413,0.27153655886650085,-0.011121124029159546,0.11360381543636322,0.12139323353767395,-0.00778941810131073,-0.030902668833732605,-0.02305831015110016,-0.007844358682632446,0.0,0.0,0.0,0.0,0.0,0.0,0.0,0.0,0.0,0.0,0.0,0.0
69#4,MC_ON,slow_2Hz,normal,logit,0.4255107641220093,0.46893179416656494,-0.043421030044555664,0.4255107641220093,0.46893179416656494,-0.043421030044555664,766.6666666666667,720.0,46.66666666666674,466.66666666666674,420.0,46.66666666666674,0.3428588807582855,0.3695162236690521,-0.0266573429107666,0.17538690567016602,0.1754772663116455,-9.036064147949219e-05,-0.0007521510124206543,-0.0009314119815826416,0.0001792609691619873,0.11360381543636322,0.12139323353767395,-0.00778941810131073,0.2607414126396179,0.27189284563064575,-0.011151432991027832,0.11360381543636322,0.12139323353767395,-0.00778941810131073,-0.03774736449122429,-0.029939839616417885,-0.007807524874806404,0.0,0.0,0.0,0.0,0.0,0.0,0.0,0.0,0.0,0.0,0.0,0.0
69#4,MC_ON,rapid_10Hz,normal,logit,0.3185102939605713,0.3271545171737671,-0.0086442232131958,0.3185102939605713,0.3271545171737671,-0.0086442232131958,426.6666666666667,420.0,6.666666666666686,126.66666666666669,120.0,6.666666666666686,0.34358200430870056,0.37042269110679626,-0.026840686798095703,0.06838643550872803,0.033699989318847656,0.03468644618988037,-2.9027462005615234e-05,-2.4944543838500977e-05,-4.082918167114258e-06,0.11360381543636322,0.12139323353767395,-0.00778941810131073,0.14105552434921265,0.14484013617038727,-0.0037846118211746216,0.11360381543636322,0.12139323353767395,-0.00778941810131073,0.0627657026052475,0.08497916162014008,-0.022213459014892578,0.0,0.0,0.0,0.0,0.0,0.0,0.0,0.0,0.0,0.0,0.0,0.0
69#4,MC_ON,rapid_20Hz,normal,logit,0.21894967555999756,0.2284080982208252,-0.009458422660827637,0.21894967555999756,0.2284080982208252,-0.009458422660827637,426.6666666666667,373.33333333333337,53.333333333333314,126.66666666666669,73.33333333333337,53.333333333333314,0.34361541271209717,0.37045398354530334,-0.026838570833206177,-0.031174182891845703,-0.06504642963409424,0.033872246742248535,4.380941390991211e-06,6.3478946685791016e-06,-1.9669532775878906e-06,0.11422716081142426,0.12518681585788727,-0.010959655046463013,0.056553229689598083,0.059034332633018494,-0.00248110294342041,0.11422716081142426,0.12518681585788727,-0.010959655046463013,0.17530003190040588,0.20842279493808746,-0.03312276303768158,0.0,0.0,0.0,0.0,0.0,0.0,0.0,0.0,0.0,0.0,0.0,0.0
69#4,MC_ON,transient_50ms,normal,logit,0.3642987012863159,0.39322853088378906,-0.028929829597473145,0.3642987012863159,0.39322853088378906,-0.028929829597473145,1373.3333333333335,1373.3333333333335,0.0,1073.3333333333335,1073.3333333333335,0.0,0.34358978271484375,0.3704223036766052,-0.026832520961761475,0.11417484283447266,0.09977400302886963,0.014400839805603027,-2.1249055862426758e-05,-2.5331974029541016e-05,4.082918167114258e-06,0.11360381543636322,0.12139323353767395,-0.00778941810131073,0.032519593834877014,0.026105433702468872,0.006414160132408142,0.11360381543636322,0.12139323353767395,-0.00778941810131073,0.040317434817552567,0.050473570823669434,-0.010156136006116867,0.0,0.0,0.0,0.0,0.0,0.0,0.0,0.0,0.0,0.0,0.0,0.0
69#4,MC_ON,large_field_50ms,normal,logit,-0.22400033473968506,-0.25888192653656006,0.034881591796875,0.22400033473968506,0.25888192653656006,-0.034881591796875,386.6666666666667,386.6666666666667,0.0,86.66666666666669,86.66666666666669,0.0,7.947286162490741e-10,2.38418573772492e-09,-1.5894571214758457e-09,-0.4741241931915283,-0.5523364543914795,0.07821226119995117,7.947286162490741e-10,2.38418573772492e-09,-1.5894571214758457e-09,0.11336992681026459,0.11974908411502838,-0.006379157304763794,-0.10212256014347076,-0.11785655468702316,0.0157339945435524,0.11336992681026459,0.11974908411502838,-0.006379157304763794,-0.10212256014347076,-0.11785655468702316,0.0157339945435524,0.0,0.0,0.0,0.0,0.0,0.0,0.0,0.0,0.0,0.0,0.0,0.0
69#4,MC_ON,slow_step,normal,probability,0.07829855382442474,0.08407379686832428,-0.005775243043899536,0.07829855382442474,0.08407379686832428,-0.005775243043899536,1513.3333333333335,1473.3333333333335,40.0,1213.3333333333335,1173.3333333333335,40.0,0.06458516418933868,0.06833034008741379,-0.0037451758980751038,0.03433302044868469,0.033898770809173584,0.0004342496395111084,0.005396708846092224,0.0067973509430885315,-0.0014006420969963074,0.01953001506626606,0.020115572959184647,-0.0005855578929185867,0.04669073969125748,0.04734064266085625,-0.0006499029695987701,0.01953001506626606,0.020115572959184647,-0.0005855578929185867,-0.004779201000928879,-0.0032226555049419403,-0.0015565454959869385,0.0,0.0,0.0,0.0,0.0,0.0,0.0,0.0,0.0,0.0,0.0,0.0
69#4,MC_ON,slow_1Hz,normal,probability,0.07829843461513519,0.08407358825206757,-0.005775153636932373,0.07829843461513519,0.08407358825206757,-0.005775153636932373,1013.3333333333334,973.3333333333334,40.0,713.3333333333334,673.3333333333334,40.0,0.06428025662899017,0.06795714795589447,-0.003676891326904297,0.03433290123939514,0.03389856219291687,0.0004343390464782715,0.005091801285743713,0.006424158811569214,-0.0013323575258255005,0.01953001506626606,0.020115572959184647,-0.0005855578929185867,0.04669377580285072,0.04734376072883606,-0.0006499849259853363,0.01953001506626606,0.020115572959184647,-0.0005855578929185867,-0.004780253395438194,-0.0032237395644187927,-0.0015565138310194016,0.0,0.0,0.0,0.0,0.0,0.0,0.0,0.0,0.0,0.0,0.0,0.0
69#4,MC_ON,slow_2Hz,normal,probability,0.07829515635967255,0.08406741917133331,-0.005772262811660767,0.07829515635967255,0.08406741917133331,-0.005772262811660767,766.6666666666667,720.0,46.66666666666674,466.66666666666674,420.0,46.66666666666674,0.06365664303302765,0.06719457358121872,-0.0035379305481910706,0.034329622983932495,0.03389239311218262,0.00043722987174987793,0.004468187689781189,0.005661584436893463,-0.0011933967471122742,0.01953001506626606,0.020115572959184647,-0.0005855578929185867,0.04675589129328728,0.04740990325808525,-0.0006540119647979736,0.01953001506626606,0.020115572959184647,-0.0005855578929185867,-0.005948309320956469,-0.004377773962914944,-0.0015705353580415249,0.0,0.0,0.0,0.0,0.0,0.0,0.0,0.0,0.0,0.0,0.0,0.0
69#4,MC_ON,rapid_10Hz,normal,probability,0.057017162442207336,0.05646289885044098,0.0005542635917663574,0.057017162442207336,0.05646289885044098,0.0005542635917663574,426.6666666666667,420.0,6.666666666666686,126.66666666666669,120.0,6.666666666666686,0.05997781828045845,0.06225312873721123,-0.002275310456752777,0.013051629066467285,0.006287872791290283,0.006763756275177002,0.0007893629372119904,0.0007201395928859711,6.922334432601929e-05,0.01953001506626606,0.020115572959184647,-0.0005855578929185867,0.024283001199364662,0.02411748841404915,0.0001655127853155136,0.01953001506626606,0.020115572959184647,-0.0005855578929185867,0.010538960807025433,0.013754235580563545,-0.0032152747735381126,0.0,0.0,0.0,0.0,0.0,0.0,0.0,0.0,0.0,0.0,0.0,0.0
69#4,MC_ON,rapid_20Hz,normal,probability,0.038160815834999084,0.038341984152793884,-0.0001811683177947998,0.038160815834999084,0.038341984152793884,-0.0001811683177947998,426.6666666666667,373.33333333333337,53.333333333333314,126.66666666666669,73.33333333333337,53.333333333333314,0.05919985473155975,0.0614890418946743,-0.0022891871631145477,-0.005804717540740967,-0.011833041906356812,0.006028324365615845,1.1399388313293457e-05,-4.39472496509552e-05,5.534663796424866e-05,0.019641106948256493,0.020777923986315727,-0.0011368170380592346,0.009573975577950478,0.009760865941643715,-0.0001868903636932373,0.019641106948256493,0.020777923986315727,-0.0011368170380592346,0.030217401683330536,0.03479534387588501,-0.004577942192554474,0.0,0.0,0.0,0.0,0.0,0.0,0.0,0.0,0.0,0.0,0.0,0.0
69#4,MC_ON,transient_50ms,normal,probability,0.06599648296833038,0.06909875571727753,-0.0031022727489471436,0.06599648296833038,0.06909875571727753,-0.0031022727489471436,1373.3333333333335,1373.3333333333335,0.0,1073.3333333333335,1073.3333333333335,0.0,0.05930475518107414,0.06166483834385872,-0.0023600831627845764,0.022030949592590332,0.01892372965812683,0.003107219934463501,0.0001162998378276825,0.00013184919953346252,-1.554936170578003e-05,0.01953001506626606,0.020115572959184647,-0.0005855578929185867,0.005880778655409813,0.004830218851566315,0.0010505598038434982,0.01953001506626606,0.020115572959184647,-0.0005855578929185867,0.006731840316206217,0.00809838529676199,-0.0013665449805557728,0.0,0.0,0.0,0.0,0.0,0.0,0.0,0.0,0.0,0.0,0.0,0.0
69#4,MC_ON,large_field_50ms,normal,probability,0.03909504413604736,0.04383566975593567,-0.004740625619888306,0.03909504413604736,0.04383566975593567,-0.004740625619888306,1386.6666666666667,1386.6666666666667,0.0,1086.6666666666667,1086.6666666666667,0.0,0.0002613315009512007,0.00032248726347461343,-6.11557625234127e-05,-0.004870489239692688,-0.006339356303215027,0.0014688670635223389,2.8663474950008094e-05,-1.8727732822299004e-06,3.0536248232237995e-05,0.019487906247377396,0.019828760996460915,-0.000340854749083519,-0.015511289238929749,-0.016922559589147568,0.0014112703502178192,0.019487906247377396,0.019828760996460915,-0.000340854749083519,-0.015511289238929749,-0.016922559589147568,0.0014112703502178192,0.0,0.0,0.0,0.0,0.0,0.0,0.0,0.0,0.0,0.0,0.0,0.0
69#4,MC_ON,slow_step,H1_off,logit,0.42556560039520264,0.4693969488143921,-0.04383134841918945,0.42556560039520264,0.4693969488143921,-0.04383134841918945,1520.0,1500.0,20.0,1220.0,1200.0,20.0,0.34238240122795105,0.3671417832374573,-0.024759382009506226,0.17513537406921387,0.1737598180770874,0.0013755559921264648,-0.0010452866554260254,-0.0012870728969573975,0.00024178624153137207,0.11384183168411255,0.12310115993022919,-0.009259328246116638,0.2605244517326355,0.27236855030059814,-0.011844098567962646,0.11384183168411255,0.12310115993022919,-0.009259328246116638,-0.03144334256649017,-0.027634888887405396,-0.003808453679084778,0.0003042578755412251,0.002544846385717392,-0.002240588510176167,-0.0017532110214233398,-0.01602041721343994,0.014267206192016602,0.0017532110214233398,0.01602041721343994,-0.014267206192016602,-0.00018355927022639662,-0.002020857762545347,0.0018372984923189506
69#4,MC_ON,slow_1Hz,H1_off,logit,0.4255650043487549,0.46939611434936523,-0.04383111000061035,0.4255650043487549,0.46939611434936523,-0.04383111000061035,1020.0,1000.0,20.0,720.0,700.0,20.0,0.3424808979034424,0.36726394295692444,-0.024783045053482056,0.1751347780227661,0.17375898361206055,0.0013757944107055664,-0.0009467899799346924,-0.0011649131774902344,0.000218123197555542,0.11384183168411255,0.12310115993022919,-0.009259328246116638,0.26054054498672485,0.2723861038684845,-0.011845558881759644,0.11384183168411255,0.12310115993022919,-0.009259328246116638,-0.03145007789134979,-0.02764269709587097,-0.003807380795478821,0.00039410233148373663,0.00323641300201416,-0.0028423106705304235,-0.0017533302307128906,-0.016020774841308594,0.014267444610595703,0.0017533302307128906,0.016020774841308594,-0.014267444610595703,-0.00018288771389052272,-0.002016158541664481,0.0018332708277739584
69#4,MC_ON,slow_2Hz,H1_off,logit,0.42555201053619385,0.46937859058380127,-0.04382658004760742,0.42555201053619385,0.46937859058380127,-0.04382658004760742,773.3333333333334,753.3333333333334,20.0,473.33333333333337,453.33333333333337,20.0,0.3426773250102997,0.36750897765159607,-0.024831652641296387,0.17512178421020508,0.17374145984649658,0.001380324363708496,-0.0007503628730773926,-0.0009198784828186035,0.00016951560974121094,0.11384183168411255,0.12310115993022919,-0.009259328246116638,0.26084622740745544,0.2727431058883667,-0.011896878480911255,0.11384183168411255,0.12310115993022919,-0.009259328246116638,-0.038242220878601074,-0.034218497574329376,-0.004023723304271698,0.0005741653731092811,0.004616598132997751,-0.00404243275988847,-0.0017391443252563477,-0.01585078239440918,0.014111638069152832,0.0017391443252563477,0.01585078239440918,-0.014111638069152832,-0.00018159826868213713,-0.0020072103943675756,0.0018256121256854385
69#4,MC_ON,rapid_10Hz,H1_off,logit,0.3177224397659302,0.31717681884765625,0.0005456209182739258,0.3177224397659302,0.31717681884765625,0.0005456209182739258,426.6666666666667,420.0,6.666666666666686,126.66666666666669,120.0,6.666666666666686,0.3433992564678192,0.3684106171131134,-0.02501136064529419,0.0672922134399414,0.021539688110351562,0.045752525329589844,-2.8431415557861328e-05,-1.823902130126953e-05,-1.0192394256591797e-05,0.11384183168411255,0.12310115993022919,-0.009259328246116638,0.1401807814836502,0.13604824244976044,0.0041325390338897705,0.11384183168411255,0.12310115993022919,-0.009259328246116638,0.06391195207834244,0.09537376463413239,-0.03146181255578995,0.0005948376492597163,0.00648394925519824,-0.005889111605938524,0.0014836788177490234,0.01352834701538086,-0.012044668197631836,0.0014836788177490234,0.01352834701538086,-0.012044668197631836,-0.00018270889995619655,-0.0020121296402066946,0.001829420740250498
69#4,MC_ON,rapid_20Hz,H1_off,logit,0.2188960313796997,0.23334205150604248,-0.014446020126342773,0.2188960313796997,0.23334205150604248,-0.014446020126342773,426.6666666666667,373.33333333333337,53.333333333333314,126.66666666666669,73.33333333333337,53.333333333333314,0.34343212842941284,0.3684355616569519,-0.025003433227539062,-0.03153419494628906,-0.06229507923126221,0.030760884284973145,4.4405460357666016e-06,6.705522537231445e-06,-2.2649765014648438e-06,0.1144629567861557,0.12689003348350525,-0.012427076697349548,0.056229740381240845,0.05629788339138031,-6.814301013946533e-05,0.1144629567861557,0.12689003348350525,-0.012427076697349548,0.1759682446718216,0.21441689133644104,-0.038448646664619446,0.00020309488172642887,0.0022550304420292377,-0.002051935560302809,0.001100778579711914,0.010634779930114746,-0.009534001350402832,0.001100778579711914,0.010634779930114746,-0.009534001350402832,-0.00018330653256271034,-0.0020184072200208902,0.0018351006874581799
69#4,MC_ON,transient_50ms,H1_off,logit,0.3635152578353882,0.3858848810195923,-0.0223696231842041,0.3635152578353882,0.3858848810195923,-0.0223696231842041,1373.3333333333335,1373.3333333333335,0.0,1073.3333333333335,1073.3333333333335,0.0,0.34340664744377136,0.3684052526950836,-0.024998605251312256,0.11308503150939941,0.0902477502822876,0.022837281227111816,-2.104043960571289e-05,-2.3603439331054688e-05,2.562999725341797e-06,0.11384183168411255,0.12310115993022919,-0.009259328246116638,0.03230723738670349,0.024227723479270935,0.008079513907432556,0.11384183168411255,0.12310115993022919,-0.009259328246116638,0.04156480357050896,0.061558742076158524,-0.019993938505649567,0.00015430490020662546,0.0015762662515044212,-0.0014219613512977958,0.0014836788177490234,0.013528704643249512,-0.012045025825500488,0.0014836788177490234,0.013528704643249512,-0.012045025825500488,-0.00018314282351639122,-0.0020170656498521566,0.0018339228263357654
69#4,MC_ON,large_field_50ms,H1_off,logit,-0.2228710651397705,-0.24806320667266846,0.02519214153289795,0.2228710651397705,0.24806320667266846,-0.02519214153289795,386.6666666666667,386.6666666666667,0.0,86.66666666666669,86.66666666666669,0.0,1.5894572324981482e-09,7.947286162490741e-10,7.947286162490741e-10,-0.4733012914657593,-0.5437003374099731,0.07039904594421387,1.5894572324981482e-09,7.947286162490741e-10,7.947286162490741e-10,0.11384183168411255,0.12310115993022919,-0.009259328246116638,-0.10018915683031082,-0.10034085810184479,0.00015170127153396606,0.11384183168411255,0.12310115993022919,-0.009259328246116638,-0.10018915683031082,-0.10034085810184479,0.00015170127153396606,0.0003354004875291139,0.002790909493342042,-0.002455509005812928,0.002728700637817383,-0.026738762855529785,0.029467463493347168,0.002728700637817383,0.026738762855529785,-0.024010062217712402,7.947286162490741e-10,-1.5894572324981482e-09,2.3841858487472223e-09
69#4,MC_ON,slow_step,H1_off,probability,0.07830633223056793,0.08416099846363068,-0.005854666233062744,0.07830633223056793,0.08416099846363068,-0.005854666233062744,1520.0,1500.0,20.0,1220.0,1200.0,20.0,0.06455713510513306,0.06803756952285767,-0.0034804344177246094,0.03428328037261963,0.03358195722103119,0.0007013231515884399,0.005400009453296661,0.0068421512842178345,-0.001442141830921173,0.019572889432311058,0.020414408296346664,-0.0008415188640356064,0.04671433940529823,0.04749622195959091,-0.0007818825542926788,0.019572889432311058,0.020414408296346664,-0.0008415188640356064,-0.004869399592280388,-0.0039518289268016815,-0.0009175706654787064,5.28941563970875e-05,0.00042067005415447056,-0.00036777589775738306,-0.00033545494079589844,-0.002984464168548584,0.0026490092277526855,0.00033545494079589844,0.002984464168548584,-0.0026490092277526855,-2.8040012693963945e-05,-0.0002927759487647563,0.0002647359360707924
69#4,MC_ON,slow_1Hz,H1_off,probability,0.07830621302127838,0.08416078984737396,-0.005854576826095581,0.07830621302127838,0.08416078984737396,-0.005854576826095581,1020.0,1000.0,20.0,720.0,700.0,20.0,0.06424713879823685,0.06762516498565674,-0.0033780261874198914,0.03428316116333008,0.033581748604774475,0.000701412558555603,0.005090013146400452,0.006429746747016907,-0.001339733600616455,0.019572889432311058,0.020414408296346664,-0.0008415188640356064,0.04671740159392357,0.04749949276447296,-0.0007820911705493927,0.019572889432311058,0.020414408296346664,-0.0008415188640356064,-0.004870472475886345,-0.0039530228823423386,-0.0009174495935440063,6.96345159667544e-05,0.0005467288428917527,-0.0004770943269249983,-0.00033545494079589844,-0.002984553575515747,0.0026490986347198486,0.00033545494079589844,0.002984553575515747,-0.0026490986347198486,-3.312716944492422e-05,-0.0003319896350149065,0.0002988624655699823
69#4,MC_ON,slow_2Hz,H1_off,probability,0.07830356061458588,0.08415727317333221,-0.005853712558746338,0.07830356061458588,0.08415727317333221,-0.005853712558746338,773.3333333333334,753.3333333333334,20.0,473.33333333333337,453.33333333333337,20.0,0.06361347436904907,0.06678420305252075,-0.0031707286834716797,0.03428050875663757,0.03357823193073273,0.0007022768259048462,0.004456348717212677,0.00558878481388092,-0.0011324360966682434,0.019572889432311058,0.020414408296346664,-0.0008415188640356064,0.04677560180425644,0.047565706074237823,-0.0007901042699813843,0.019572889432311058,0.020414408296346664,-0.0008415188640356064,-0.0060291290283203125,-0.005050531588494778,-0.0009785974398255348,0.00010316346742911264,0.0007981153321452439,-0.0006949518647161312,-0.00033360719680786133,-0.0029816776514053345,0.002648070454597473,0.00033360719680786133,0.0029816776514053345,-0.002648070454597473,-4.316171180107631e-05,-0.0004103568207938224,0.0003671951089927461
69#4,MC_ON,rapid_10Hz,H1_off,probability,0.05686436593532562,0.054590120911598206,0.002274245023727417,0.05686436593532562,0.054590120911598206,0.002274245023727417,426.6666666666667,420.0,6.666666666666686,126.66666666666669,120.0,6.666666666666686,0.05993387848138809,0.06178243085741997,-0.0018485523760318756,0.01284131407737732,0.004011079668998718,0.008830234408378601,0.0007767528295516968,0.0005870126187801361,0.00018974021077156067,0.019572889432311058,0.020414408296346664,-0.0008415188640356064,0.024128496646881104,0.022626535966992378,0.0015019606798887253,0.019572889432311058,0.020414408296346664,-0.0008415188640356064,0.010732695460319519,0.015464295633137226,-0.004731600172817707,0.00010754292452475056,0.0011372390436008573,-0.0010296961190761067,0.0002475827932357788,0.0021888762712478638,-0.001941293478012085,0.0002475827932357788,0.0021888762712478638,-0.001941293478012085,-4.393865674501285e-05,-0.00047069668653421104,0.0004267580297891982
69#4,MC_ON,rapid_20Hz,H1_off,probability,0.03815089166164398,0.03922545909881592,-0.001074567437171936,0.03815089166164398,0.03922545909881592,-0.001074567437171936,426.6666666666667,373.33333333333337,53.333333333333314,126.66666666666669,73.33333333333337,53.333333333333314,0.05916707590222359,0.061145734041929245,-0.001978658139705658,-0.005872160196304321,-0.01135358214378357,0.005481421947479248,9.950250387191772e-06,-4.968419671058655e-05,5.963444709777832e-05,0.01968364045023918,0.021078582853078842,-0.0013949424028396606,0.00952140986919403,0.009347647428512573,0.00017376244068145752,0.01968364045023918,0.021078582853078842,-0.0013949424028396606,0.030337417498230934,0.03585683926939964,-0.005519421771168709,3.6794343031942844e-05,0.00039482489228248596,-0.0003580305492505431,0.0001948028802871704,0.0018824338912963867,-0.0016876310110092163,0.0001948028802871704,0.0018824338912963867,-0.0016876310110092163,-3.2777785236248747e-05,-0.0003433137317188084,0.00031053594648255967
69#4,MC_ON,transient_50ms,H1_off,probability,0.06584124267101288,0.0676744133234024,-0.0018331706523895264,0.06584124267101288,0.0676744133234024,-0.0018331706523895264,1373.3333333333335,1373.3333333333335,0.0,1073.3333333333335,1073.3333333333335,0.0,0.05927206948399544,0.06131507456302643,-0.0020430050790309906,0.021818190813064575,0.017095372080802917,0.004722818732261658,0.00011494383215904236,0.00011965632438659668,-4.712492227554321e-06,0.019572889432311058,0.020414408296346664,-0.0008415188640356064,0.0058465637266635895,0.004541868343949318,0.0013046953827142715,0.019572889432311058,0.020414408296346664,-0.0008415188640356064,0.006940967403352261,0.009896935895085335,-0.002955968491733074,2.7711590519174933e-05,0.0002748995611909777,-0.00024718797067180276,0.0002475827932357788,0.0021835267543792725,-0.0019359439611434937,0.0002475827932357788,0.0021835267543792725,-0.0019359439611434937,-3.269185617682524e-05,-0.0003497502184472978,0.00031705836227047257
69#4,MC_ON,large_field_50ms,H1_off,probability,0.03888595104217529,0.0418751984834671,-0.002989247441291809,0.03888595104217529,0.0418751984834671,-0.002989247441291809,1386.6666666666667,1386.6666666666667,0.0,1086.6666666666667,1086.6666666666667,0.0,0.0002628876827657223,0.00034059039899148047,-7.77027162257582e-05,-0.00513710081577301,-0.008703842759132385,0.003566741943359375,2.935648080892861e-05,6.9765374064445496e-06,2.237994340248406e-05,0.019572889432311058,0.020414408296346664,-0.0008415188640356064,-0.015206790529191494,-0.014286582358181477,-0.0009202081710100174,0.019572889432311058,0.020414408296346664,-0.0008415188640356064,-0.015206790529191494,-0.014286582358181477,-0.0009202081710100174,5.493616117746569e-05,0.00043805400491692126,-0.00038311784373945557,-0.0004623830318450928,0.004400193691253662,-0.004862576723098755,0.0004623830318450928,0.004400193691253662,-0.003937810659408569,1.5561779491690686e-06,1.8103122783941217e-05,-1.6546944834772148e-05
69#4,MC_ON,slow_step,AC_off,logit,0.4465717673301697,0.527151346206665,-0.08057957887649536,0.4465717673301697,0.527151346206665,-0.08057957887649536,1660.0,1513.3333333333335,146.66666666666652,1360.0,1213.3333333333335,146.66666666666652,0.8876944184303284,1.0137357711791992,-0.12604135274887085,0.00043839216232299805,0.016430020332336426,-0.015991628170013428,8.940696716308594e-07,-1.1920928955078125e-07,1.0132789611816406e-06,0.16711074113845825,0.20301027595996857,-0.035899534821510315,0.27987203001976013,0.3230395019054413,-0.04316747188568115,0.16711074113845825,0.20301027595996857,-0.035899534821510315,0.44128498435020447,0.4884915351867676,-0.04720655083656311,0.27189901471138,0.3205398917198181,-0.04864087700843811,0.5241632461547852,0.5864787101745605,-0.06231546401977539,0.5241632461547852,0.5864787101745605,-0.06231546401977539,0.5451284050941467,0.6445731520652771,-0.09944474697113037
69#4,MC_ON,slow_1Hz,AC_off,logit,0.44657188653945923,0.5271522998809814,-0.08058041334152222,0.44657188653945923,0.5271522998809814,-0.08058041334152222,1153.3333333333335,1013.3333333333334,140.0000000000001,853.3333333333335,713.3333333333334,140.0000000000001,0.8876942992210388,1.013736605644226,-0.12604230642318726,0.00043851137161254883,0.016430974006652832,-0.015992462635040283,7.748603820800781e-07,7.152557373046875e-07,5.960464477539063e-08,0.16711074113845825,0.20301027595996857,-0.035899534821510315,0.2798722982406616,0.3230409622192383,-0.04316866397857666,0.16711074113845825,0.20301027595996857,-0.035899534821510315,0.44129478931427,0.488501638174057,-0.04720684885978699,0.27185094356536865,0.32048237323760986,-0.04863142967224121,0.5241632461547852,0.5864787101745605,-0.06231546401977539,0.5241632461547852,0.5864787101745605,-0.06231546401977539,0.5450305342674255,0.6444566249847412,-0.09942609071731567
69#4,MC_ON,slow_2Hz,AC_off,logit,0.44657421112060547,0.5271731615066528,-0.08059895038604736,0.44657421112060547,0.5271731615066528,-0.08059895038604736,820.0,753.3333333333334,66.66666666666663,520.0,453.33333333333337,66.66666666666663,0.8876942992210388,1.0137382745742798,-0.12604397535324097,0.00044083595275878906,0.01645183563232422,-0.01601099967956543,7.748603820800781e-07,2.384185791015625e-06,-1.6093254089355469e-06,0.16711074113845825,0.20301027595996857,-0.035899534821510315,0.2798649072647095,0.32307112216949463,-0.043206214904785156,0.16711074113845825,0.20301027595996857,-0.035899534821510315,0.4414866864681244,0.48833736777305603,-0.04685068130493164,0.271771639585495,0.32038283348083496,-0.048611193895339966,0.5241632461547852,0.5864787101745605,-0.06231546401977539,0.5241632461547852,0.5864787101745605,-0.06231546401977539,0.5448354482650757,0.6442220211029053,-0.09938657283782959
69#4,MC_ON,rapid_10Hz,AC_off,logit,0.4463005065917969,0.5188270807266235,-0.07252657413482666,0.4463005065917969,0.5188270807266235,-0.07252657413482666,426.6666666666667,433.33333333333337,-6.666666666666686,126.66666666666669,133.33333333333337,-6.666666666666686,0.8876935839653015,1.0137385129928589,-0.12604492902755737,0.0001671314239501953,0.008105754852294922,-0.007938623428344727,5.960464477539063e-08,2.6226043701171875e-06,-2.562999725341797e-06,0.16711074113845825,0.20301027595996857,-0.035899534821510315,0.2777368426322937,0.3098348379135132,-0.03209799528121948,0.16711074113845825,0.20301027595996857,-0.035899534821510315,0.4109414219856262,0.47315946221351624,-0.062218040227890015,0.26796212792396545,0.31677791476249695,-0.048815786838531494,0.41455650329589844,0.45221853256225586,-0.03766202926635742,0.41455650329589844,0.45221853256225586,-0.03766202926635742,0.5441116690635681,0.643315851688385,-0.0992041826248169
69#4,MC_ON,rapid_20Hz,AC_off,logit,0.44583702087402344,0.5117624402046204,-0.06592541933059692,0.44583702087402344,0.5117624402046204,-0.06592541933059692,420.0,433.33333333333337,-13.333333333333371,120.0,133.33333333333337,-13.333333333333371,0.8876934051513672,1.0137372016906738,-0.12604379653930664,-0.0002963542938232422,0.001041114330291748,-0.0013374686241149902,-1.1920928955078125e-07,1.3113021850585938e-06,-1.430511474609375e-06,0.16711296141147614,0.20301485061645508,-0.03590188920497894,0.2773475646972656,0.30474406480789185,-0.02739650011062622,0.16711296141147614,0.20301485061645508,-0.03590188920497894,0.34298694133758545,0.41205742955207825,-0.0690704882144928,0.265166312456131,0.31408196687698364,-0.04891565442085266,0.3147147297859192,0.3540859818458557,-0.03937125205993652,0.3147147297859192,0.3540859818458557,-0.03937125205993652,0.5440780520439148,0.6432833075523376,-0.09920525550842285
69#4,MC_ON,transient_50ms,AC_off,logit,0.4453420639038086,0.5213823318481445,-0.07604026794433594,0.4453420639038086,0.5213823318481445,-0.07604026794433594,1386.6666666666667,1380.0,6.6666666666667425,1086.6666666666667,1080.0,6.6666666666667425,0.8876931071281433,1.0137343406677246,-0.1260412335395813,-0.0007913112640380859,0.010661005973815918,-0.011452317237854004,-4.172325134277344e-07,-1.5497207641601562e-06,1.1324882507324219e-06,0.16711074113845825,0.20301027595996857,-0.035899534821510315,0.27722322940826416,0.3036879897117615,-0.026464760303497314,0.16711074113845825,0.20301027595996857,-0.035899534821510315,0.41083455085754395,0.4723683297634125,-0.06153377890586853,0.26373401284217834,0.31247466802597046,-0.048740655183792114,0.41590821743011475,0.4614602327346802,-0.04555201530456543,0.41590821743011475,0.4614602327346802,-0.04555201530456543,0.5441033840179443,0.6433118581771851,-0.09920847415924072
69#4,MC_ON,large_field_50ms,AC_off,logit,0.3736649751663208,-0.4337345361709595,0.8073995113372803,0.3736649751663208,0.4337345361709595,-0.06006956100463867,353.33333333333337,1353.3333333333335,-1000.0000000000001,53.33333333333337,1053.3333333333335,-1000.0000000000001,-1.9868215961338365e-09,-1.19209286886246e-09,-7.947287272713766e-10,0.7496318817138672,-0.8894761800765991,1.6391080617904663,-3.973643636356883e-10,3.973643636356883e-10,-7.947287272713766e-10,0.16685378551483154,0.20100314915180206,-0.03414936363697052,0.24274733662605286,0.24608221650123596,-0.0033348798751831055,0.16685378551483154,0.20100314915180206,-0.03414936363697052,0.24274733662605286,0.24608221650123596,-0.0033348798751831055,0.025940539315342903,0.027007130905985832,-0.001066591590642929,0.3975975513458252,0.4148362874984741,-0.017238736152648926,0.3975975513458252,0.4148362874984741,-0.017238736152648926,-2.781550101360608e-09,-3.5762788286319847e-09,7.947287272713766e-10
69#4,MC_ON,slow_step,AC_off,probability,0.08260320127010345,0.09592647850513458,-0.013323277235031128,0.08260320127010345,0.09592647850513458,-0.013323277235031128,1646.6666666666667,1513.3333333333335,133.33333333333326,1346.6666666666667,1213.3333333333335,133.33333333333326,0.16388967633247375,0.18331211805343628,-0.019422441720962524,9.006261825561523e-05,0.0033767521381378174,-0.003286689519882202,-4.678964614868164e-06,-1.2814998626708984e-06,-3.3974647521972656e-06,0.029552634805440903,0.035144608467817307,-0.005591973662376404,0.05040803551673889,0.057003121823072433,-0.006595086306333542,0.029552634805440903,0.035144608467817307,-0.005591973662376404,0.08151817321777344,0.08801890909671783,-0.006500735878944397,0.04952871426939964,0.05717369168996811,-0.007644977420568466,0.09477956593036652,0.10288970172405243,-0.008110135793685913,0.09477956593036652,0.10288970172405243,-0.008110135793685913,0.09930449724197388,0.1149817556142807,-0.015677258372306824
69#4,MC_ON,slow_1Hz,AC_off,probability,0.08260326087474823,0.09592665731906891,-0.013323396444320679,0.08260326087474823,0.09592665731906891,-0.013323396444320679,1153.3333333333335,1013.3333333333334,140.0000000000001,853.3333333333335,713.3333333333334,140.0000000000001,0.16388960182666779,0.18331024050712585,-0.01942063868045807,9.012222290039062e-05,0.0033769309520721436,-0.003286808729171753,-4.753470420837402e-06,-3.159046173095703e-06,-1.5944242477416992e-06,0.029552634805440903,0.035144608467817307,-0.005591973662376404,0.05040808022022247,0.057003386318683624,-0.006595306098461151,0.029552634805440903,0.035144608467817307,-0.005591973662376404,0.0815201923251152,0.08802095055580139,-0.006500758230686188,0.04968129098415375,0.0573594905436039,-0.0076781995594501495,0.09477956593036652,0.10288970172405243,-0.008110135793685913,0.09477956593036652,0.10288970172405243,-0.008110135793685913,0.09960935264825821,0.11535309255123138,-0.015743739902973175
69#4,MC_ON,slow_2Hz,AC_off,probability,0.08260370790958405,0.09593097865581512,-0.013327270746231079,0.08260370790958405,0.09593097865581512,-0.013327270746231079,820.0,753.3333333333334,66.66666666666663,520.0,453.33333333333337,66.66666666666663,0.16388949751853943,0.18330635130405426,-0.01941685378551483,9.056925773620605e-05,0.0033812522888183594,-0.0032906830310821533,-4.857778549194336e-06,-7.048249244689941e-06,2.1904706954956055e-06,0.029552634805440903,0.035144608467817307,-0.005591973662376404,0.05040663480758667,0.05700913071632385,-0.006602495908737183,0.029552634805440903,0.035144608467817307,-0.005591973662376404,0.08155952394008636,0.08798743784427643,-0.0064279139041900635,0.04999628663063049,0.05774187669157982,-0.0077455900609493256,0.09477956593036652,0.10288970172405243,-0.008110135793685913,0.09477956593036652,0.10288970172405243,-0.008110135793685913,0.10023286193609238,0.11611179262399673,-0.015878930687904358
69#4,MC_ON,rapid_10Hz,AC_off,probability,0.08254747092723846,0.09421272575855255,-0.011665254831314087,0.08254747092723846,0.09421272575855255,-0.011665254831314087,426.6666666666667,433.33333333333337,-6.666666666666686,126.66666666666669,133.33333333333337,-6.666666666666686,0.16389194130897522,0.18329575657844543,-0.019403815269470215,3.4332275390625e-05,0.0016629993915557861,-0.0016286671161651611,-2.4139881134033203e-06,-1.7642974853515625e-05,1.5228986740112305e-05,0.029552634805440903,0.035144608467817307,-0.005591973662376404,0.04999488592147827,0.05444522947072983,-0.004450343549251556,0.029552634805440903,0.035144608467817307,-0.005591973662376404,0.07535619288682938,0.08492797613143921,-0.009571783244609833,0.051196515560150146,0.05963604524731636,-0.008439529687166214,0.07721252739429474,0.08272908627986908,-0.005516558885574341,0.07721252739429474,0.08272908627986908,-0.005516558885574341,0.10391411185264587,0.12104262411594391,-0.017128512263298035
69#4,MC_ON,rapid_20Hz,AC_off,probability,0.08245228230953217,0.09276299178600311,-0.010310709476470947,0.08245228230953217,0.09276299178600311,-0.010310709476470947,420.0,433.33333333333337,-13.333333333333371,120.0,133.33333333333337,-13.333333333333371,0.1638932228088379,0.18330354988574982,-0.019410327076911926,-6.085634231567383e-05,0.00021326541900634766,-0.0002741217613220215,-1.1324882507324219e-06,-9.8496675491333e-06,8.717179298400879e-06,0.029553070664405823,0.03514551371335983,-0.00559244304895401,0.04992324858903885,0.053523994982242584,-0.0036007463932037354,0.029553070664405823,0.03514551371335983,-0.00559244304895401,0.061997294425964355,0.07301266491413116,-0.011015370488166809,0.051107779145240784,0.059581488370895386,-0.008473709225654602,0.060095205903053284,0.06674244999885559,-0.006647244095802307,0.060095205903053284,0.06674244999885559,-0.006647244095802307,0.10469336807727814,0.12181450426578522,-0.01712113618850708
69#4,MC_ON,transient_50ms,AC_off,probability,0.08235062658786774,0.09473814070224762,-0.012387514114379883,0.08235062658786774,0.09473814070224762,-0.012387514114379883,1386.6666666666667,1380.0,6.6666666666667425,1086.6666666666667,1080.0,6.6666666666667425,0.16389453411102295,0.1833152323961258,-0.019420698285102844,-0.00016251206398010254,0.0021884143352508545,-0.002350926399230957,1.7881393432617188e-07,1.8328428268432617e-06,-1.6540288925170898e-06,0.029552634805440903,0.035144608467817307,-0.005591973662376404,0.04990272596478462,0.05337429791688919,-0.0034715719521045685,0.029552634805440903,0.035144608467817307,-0.005591973662376404,0.07533435523509979,0.08476737886667252,-0.009433023631572723,0.05082763358950615,0.059254132211208344,-0.008426498621702194,0.07661309838294983,0.0833415687084198,-0.006728470325469971,0.07661309838294983,0.0833415687084198,-0.006728470325469971,0.1045897826552391,0.12165040522813797,-0.017060622572898865
69#4,MC_ON,large_field_50ms,AC_off,probability,0.06785665452480316,0.07704348862171173,-0.00918683409690857,0.06785665452480316,0.07704348862171173,-0.00918683409690857,353.33333333333337,353.33333333333337,0.0,53.33333333333337,53.33333333333337,0.0,0.0005493983044289052,0.0007019877666607499,-0.00015258946223184466,-0.0004583895206451416,-0.004378706216812134,0.003920316696166992,-1.0185001883655787e-05,-9.425560710951686e-05,8.407060522586107e-05,0.02950260601937771,0.03475239872932434,-0.005249792709946632,0.043081194162368774,0.042524490505456924,0.00055670365691185,0.02950260601937771,0.03475239872932434,-0.005249792709946632,0.043081194162368774,0.042524490505456924,0.00055670365691185,0.004249257035553455,0.004241399932652712,7.857102900743484e-06,0.06673870980739594,0.06991979479789734,-0.003181084990501404,0.06673870980739594,0.06991979479789734,-0.003181084990501404,0.00028806677437387407,0.0003795005031861365,-9.143372881226242e-05
69#6,MC_OFF,slow_step,normal,logit,0.35195791721343994,0.32412755489349365,0.02783036231994629,0.35195791721343994,0.32412755489349365,0.02783036231994629,1480.0,1460.0,20.0,1180.0,1160.0,20.0,0.3703572154045105,0.3181701600551605,0.052187055349349976,0.1248161792755127,0.09494125843048096,0.02987492084503174,-0.0004970133304595947,-0.0004870891571044922,-9.924173355102539e-06,0.08889570832252502,0.08135780692100525,0.007537901401519775,0.24275656044483185,0.19712886214256287,0.04562769830226898,0.08889570832252502,0.08135780692100525,0.007537901401519775,0.03899390995502472,0.03999391198158264,-0.0010000020265579224,0.0,0.0,0.0,0.0,0.0,0.0,0.0,0.0,0.0,0.0,0.0,0.0
69#6,MC_OFF,slow_1Hz,normal,logit,0.35195767879486084,0.32412707805633545,0.02783060073852539,0.35195767879486084,0.32412707805633545,0.02783060073852539,980.0,960.0,20.0,680.0,660.0,20.0,0.3704073131084442,0.3182194232940674,0.05218788981437683,0.1248159408569336,0.09494078159332275,0.02987515926361084,-0.0004469156265258789,-0.00043782591819763184,-9.08970832824707e-06,0.08889570832252502,0.08135780692100525,0.007537901401519775,0.24276673793792725,0.19713813066482544,0.04562860727310181,0.08889570832252502,0.08135780692100525,0.007537901401519775,0.038991883397102356,0.03999137878417969,-0.0009994953870773315,0.0,0.0,0.0,0.0,0.0,0.0,0.0,0.0,0.0,0.0,0.0,0.0
69#6,MC_OFF,slow_2Hz,normal,logit,0.3519505262374878,0.3241136074066162,0.027836918830871582,0.3519505262374878,0.3241136074066162,0.027836918830871582,733.3333333333334,713.3333333333334,20.0,433.33333333333337,413.33333333333337,20.0,0.3705071210861206,0.31831759214401245,0.052189528942108154,0.12480878829956055,0.09492731094360352,0.02988147735595703,-0.0003471076488494873,-0.0003396570682525635,-7.450580596923828e-06,0.08889570832252502,0.08135780692100525,0.007537901401519775,0.2429789900779724,0.19733311235904694,0.045645877718925476,0.08889570832252502,0.08135780692100525,0.007537901401519775,0.034563932567834854,0.03540527820587158,-0.0008413456380367279,0.0,0.0,0.0,0.0,0.0,0.0,0.0,0.0,0.0,0.0,0.0,0.0
69#6,MC_OFF,rapid_10Hz,normal,logit,0.3077641725540161,0.26247262954711914,0.04529154300689697,0.3077641725540161,0.26247262954711914,0.04529154300689697,433.33333333333337,420.0,13.333333333333371,133.33333333333337,120.0,13.333333333333371,0.3708309233188629,0.3186420202255249,0.05218890309333801,0.08062243461608887,0.033286333084106445,0.04733610153198242,-2.3305416107177734e-05,-1.5228986740112305e-05,-8.07642936706543e-06,0.08889570832252502,0.08135780692100525,0.007537901401519775,0.1648658663034439,0.13713505864143372,0.027730807662010193,0.08889570832252502,0.08135780692100525,0.007537901401519775,0.08413229882717133,0.09081157296895981,-0.006679274141788483,0.0,0.0,0.0,0.0,0.0,0.0,0.0,0.0,0.0,0.0,0.0,0.0
69#6,MC_OFF,rapid_20Hz,normal,logit,0.23111188411712646,0.1855790615081787,0.045532822608947754,0.23111188411712646,0.1855790615081787,0.045532822608947754,433.33333333333337,426.6666666666667,6.666666666666686,133.33333333333337,126.66666666666669,6.666666666666686,0.3708558678627014,0.31865987181663513,0.052195996046066284,0.003970146179199219,-0.043607234954833984,0.0475773811340332,1.6391277313232422e-06,2.6226043701171875e-06,-9.834766387939453e-07,0.08889570832252502,0.08316324651241302,0.0057324618101119995,0.09758777916431427,0.07557868957519531,0.022009089589118958,0.08889570832252502,0.08316324651241302,0.0057324618101119995,0.15570591390132904,0.16327080130577087,-0.0075648874044418335,0.0,0.0,0.0,0.0,0.0,0.0,0.0,0.0,0.0,0.0,0.0,0.0
69#6,MC_OFF,transient_50ms,normal,logit,0.3279902935028076,0.29114067554473877,0.03684961795806885,0.3279902935028076,0.29114067554473877,0.03684961795806885,1380.0,1373.3333333333335,6.666666666666515,1080.0,1073.3333333333335,6.666666666666515,0.3708410859107971,0.3186464011669159,0.052194684743881226,0.10084855556488037,0.061954379081726074,0.0388941764831543,-1.3142824172973633e-05,-1.0848045349121094e-05,-2.294778823852539e-06,0.08889570832252502,0.08135780692100525,0.007537901401519775,0.08658424019813538,0.05540373921394348,0.031180500984191895,0.08889570832252502,0.08135780692100525,0.007537901401519775,0.07626749575138092,0.07042287290096283,0.005844622850418091,0.0,0.0,0.0,0.0,0.0,0.0,0.0,0.0,0.0,0.0,0.0,0.0
69#6,MC_OFF,large_field_50ms,normal,logit,0.19691109657287598,0.17303109169006348,0.0238800048828125,0.19691109657287598,0.17303109169006348,0.0238800048828125,340.0,340.0,0.0,40.0,40.0,0.0,0.0,0.0,0.0,-0.03023064136505127,-0.05615520477294922,0.02592456340789795,7.947286162490741e-10,0.0,7.947286162490741e-10,0.08812184631824493,0.08036710321903229,0.0077547430992126465,-0.02819245122373104,-0.04159385710954666,0.01340140588581562,0.08812184631824493,0.08036710321903229,0.0077547430992126465,-0.02819245122373104,-0.04159385710954666,0.01340140588581562,0.0,0.0,0.0,0.0,0.0,0.0,0.0,0.0,0.0,0.0,0.0,0.0
69#6,MC_OFF,slow_step,normal,probability,0.06228137016296387,0.0571475476026535,0.005133822560310364,0.06228137016296387,0.0571475476026535,0.005133822560310364,1480.0,1460.0,20.0,1180.0,1160.0,20.0,0.06504560261964798,0.05601957440376282,0.009026028215885162,0.023435935378074646,0.017775118350982666,0.00566081702709198,0.0023468509316444397,0.0022978782653808594,4.897266626358032e-05,0.014948688447475433,0.013666640967130661,0.0012820474803447723,0.04226143658161163,0.0342918299138546,0.007969606667757034,0.014948688447475433,0.013666640967130661,0.0012820474803447723,0.006373528391122818,0.0066512953490018845,-0.00027776695787906647,0.0,0.0,0.0,0.0,0.0,0.0,0.0,0.0,0.0,0.0,0.0,0.0
69#6,MC_OFF,slow_1Hz,normal,probability,0.06228131055831909,0.05714745819568634,0.0051338523626327515,0.06228131055831909,0.05714745819568634,0.0051338523626327515,980.0,960.0,20.0,680.0,660.0,20.0,0.0649479553103447,0.0559137687087059,0.009034186601638794,0.02343587577342987,0.017775028944015503,0.005660846829414368,0.002249203622341156,0.002192072570323944,5.7131052017211914e-05,0.014948688447475433,0.013666640967130661,0.0012820474803447723,0.04226331040263176,0.034293510019779205,0.007969800382852554,0.014948688447475433,0.013666640967130661,0.0012820474803447723,0.006373194977641106,0.006650881841778755,-0.00027768686413764954,0.0,0.0,0.0,0.0,0.0,0.0,0.0,0.0,0.0,0.0,0.0,0.0
69#6,MC_OFF,slow_2Hz,normal,probability,0.06227993965148926,0.05714486539363861,0.005135074257850647,0.06227993965148926,0.05714486539363861,0.005135074257850647,733.3333333333334,713.3333333333334,20.0,433.33333333333337,413.33333333333337,20.0,0.06474590301513672,0.05569613724946976,0.009049765765666962,0.023434504866600037,0.017772436141967773,0.005662068724632263,0.0020471513271331787,0.001974441111087799,7.271021604537964e-05,0.014948688447475433,0.013666640967130661,0.0012820474803447723,0.042302604764699936,0.034328967332839966,0.00797363743185997,0.014948688447475433,0.013666640967130661,0.0012820474803447723,0.005624119658023119,0.005858827847987413,-0.00023470818996429443,0.0,0.0,0.0,0.0,0.0,0.0,0.0,0.0,0.0,0.0,0.0,0.0
69#6,MC_OFF,rapid_10Hz,normal,probability,0.05381682515144348,0.04550801217556,0.008308812975883484,0.05381682515144348,0.04550801217556,0.008308812975883484,433.33333333333337,420.0,13.333333333333371,133.33333333333337,120.0,13.333333333333371,0.06330268085002899,0.054125912487506866,0.009176768362522125,0.01497139036655426,0.00613558292388916,0.0088358074426651,0.0006039291620254517,0.00040421634912490845,0.0001997128129005432,0.014948688447475433,0.013666640967130661,0.0012820474803447723,0.027920305728912354,0.02332453243434429,0.004595773294568062,0.014948688447475433,0.013666640967130661,0.0012820474803447723,0.013856177218258381,0.015036210417747498,-0.0011800331994891167,0.0,0.0,0.0,0.0,0.0,0.0,0.0,0.0,0.0,0.0,0.0,0.0
69#6,MC_OFF,rapid_20Hz,normal,probability,0.03956831991672516,0.031493380665779114,0.008074939250946045,0.03956831991672516,0.031493380665779114,0.008074939250946045,433.33333333333337,426.6666666666667,6.666666666666686,133.33333333333337,126.66666666666669,6.666666666666686,0.06274961680173874,0.05370746925473213,0.009042147547006607,0.0007228851318359375,-0.007879048585891724,0.008601933717727661,5.0865113735198975e-05,-1.422688364982605e-05,6.509199738502502e-05,0.014948688447475433,0.013984797522425652,0.0009638909250497818,0.01623745635151863,0.012677708640694618,0.0035597477108240128,0.014948688447475433,0.013984797522425652,0.0009638909250497818,0.026132505387067795,0.027549846097826958,-0.001417340710759163,0.0,0.0,0.0,0.0,0.0,0.0,0.0,0.0,0.0,0.0,0.0,0.0
69#6,MC_OFF,transient_50ms,normal,probability,0.0576682984828949,0.0508759468793869,0.006792351603507996,0.0576682984828949,0.0508759468793869,0.006792351603507996,1380.0,1373.3333333333335,6.666666666666515,1080.0,1073.3333333333335,6.666666666666515,0.0627686008810997,0.053773052990436554,0.008995547890663147,0.018822863698005676,0.011503517627716064,0.007319346070289612,6.984919309616089e-05,5.135685205459595e-05,1.849234104156494e-05,0.014948688447475433,0.013666640967130661,0.0012820474803447723,0.014663854613900185,0.009522410109639168,0.005141444504261017,0.014948688447475433,0.013666640967130661,0.0012820474803447723,0.012537862174212933,0.011587977409362793,0.0009498847648501396,0.0,0.0,0.0,0.0,0.0,0.0,0.0,0.0,0.0,0.0,0.0,0.0
69#6,MC_OFF,large_field_50ms,normal,probability,0.03339020907878876,0.02925977110862732,0.004130437970161438,0.03339020907878876,0.02925977110862732,0.004130437970161438,340.0,340.0,0.0,40.0,40.0,0.0,0.0001509544235887006,0.000135620532091707,1.53338914969936e-05,-0.005455225706100464,-0.010112658143043518,0.004657432436943054,-3.4548051189631224e-05,-5.807916750200093e-05,2.3531116312369704e-05,0.014811404049396515,0.013492640107870102,0.001318763941526413,-0.0038777333684265614,-0.006086330395191908,0.0022085970267653465,0.014811404049396515,0.013492640107870102,0.001318763941526413,-0.0038777333684265614,-0.006086330395191908,0.0022085970267653465,0.0,0.0,0.0,0.0,0.0,0.0,0.0,0.0,0.0,0.0,0.0,0.0
69#6,MC_OFF,slow_step,H1_off,logit,0.35240375995635986,0.32465553283691406,0.0277482271194458,0.35240375995635986,0.32465553283691406,0.0277482271194458,1493.3333333333335,1480.0,13.333333333333485,1193.3333333333335,1180.0,13.333333333333485,0.37508702278137207,0.3221757709980011,0.05291125178337097,0.12297475337982178,0.09216535091400146,0.030809402465820312,-0.00048360228538513184,-0.00047588348388671875,-7.718801498413086e-06,0.08967040479183197,0.08239684998989105,0.007273554801940918,0.24327032268047333,0.19778798520565033,0.045482337474823,0.08967040479183197,0.08239684998989105,0.007273554801940918,0.04243363440036774,0.04229961335659027,0.00013402104377746582,0.002647997112944722,0.0025290644261986017,0.00011893268674612045,0.011413335800170898,0.015674948692321777,-0.004261612892150879,0.011413335800170898,0.015674948692321777,-0.004261612892150879,0.004729817155748606,0.004005606286227703,0.0007242108695209026
69#6,MC_OFF,slow_1Hz,H1_off,logit,0.35240352153778076,0.3246551752090454,0.02774834632873535,0.35240352153778076,0.3246551752090454,0.02774834632873535,993.3333333333334,980.0,13.333333333333371,693.3333333333334,680.0,13.333333333333371,0.37513694167137146,0.3222264349460602,0.05291050672531128,0.12297451496124268,0.09216499328613281,0.030809521675109863,-0.0004336833953857422,-0.0004252195358276367,-8.463859558105469e-06,0.08967040479183197,0.08239684998989105,0.007273554801940918,0.24328061938285828,0.197797492146492,0.04548312723636627,0.08967040479183197,0.08239684998989105,0.007273554801940918,0.04243151843547821,0.042296797037124634,0.00013472139835357666,0.0029515218921005726,0.0030798669904470444,-0.0001283450983464718,0.011689424514770508,0.015932321548461914,-0.004242897033691406,0.011689424514770508,0.015932321548461914,-0.004242897033691406,0.004729603882879019,0.004007020033895969,0.0007225838489830494
69#6,MC_OFF,slow_2Hz,H1_off,logit,0.35239672660827637,0.3246450424194336,0.027751684188842773,0.35239672660827637,0.3246450424194336,0.027751684188842773,746.6666666666667,733.3333333333334,13.333333333333371,446.66666666666674,433.33333333333337,13.333333333333371,0.37523630261421204,0.32232731580734253,0.05290898680686951,0.12296772003173828,0.092154860496521,0.030812859535217285,-0.000334322452545166,-0.0003243386745452881,-9.98377799987793e-06,0.08967040479183197,0.08239684998989105,0.007273554801940918,0.243492990732193,0.19799692928791046,0.04549606144428253,0.08967040479183197,0.08239684998989105,0.007273554801940918,0.038213424384593964,0.03801727294921875,0.00019615143537521362,0.003554907627403736,0.004160311538726091,-0.0006054039113223553,0.011690616607666016,0.015935540199279785,-0.0042449235916137695,0.011690616607666016,0.015935540199279785,-0.0042449235916137695,0.004729165229946375,0.004009687341749668,0.0007194778881967068
69#6,MC_OFF,rapid_10Hz,H1_off,logit,0.30363214015960693,0.2530398368835449,0.05059230327606201,0.30363214015960693,0.2530398368835449,0.05059230327606201,433.33333333333337,420.0,13.333333333333371,133.33333333333337,120.0,13.333333333333371,0.3755515217781067,0.32264190912246704,0.05290961265563965,0.07420313358306885,0.020549654960632324,0.05365347862243652,-1.9103288650512695e-05,-9.745359420776367e-06,-9.357929229736328e-06,0.08967040479183197,0.08239684998989105,0.007273554801940918,0.16133007407188416,0.13052307069301605,0.030807003378868103,0.08967040479183197,0.08239684998989105,0.007273554801940918,0.0933951810002327,0.10332179069519043,-0.009926609694957733,0.005606238264590502,0.008059552870690823,-0.002453314606100321,0.011413335800170898,0.015674591064453125,-0.0042612552642822266,0.011413335800170898,0.015674591064453125,-0.0042612552642822266,0.004720636177808046,0.003999846056103706,0.00072079012170434
69#6,MC_OFF,rapid_20Hz,H1_off,logit,0.2304072380065918,0.19271934032440186,0.03768789768218994,0.2304072380065918,0.19271934032440186,0.03768789768218994,433.33333333333337,373.33333333333337,60.0,133.33333333333337,73.33333333333337,60.0,0.37557274103164673,0.3226544260978699,0.052918314933776855,0.000978231430053711,-0.03977084159851074,0.04074907302856445,2.115964889526367e-06,2.771615982055664e-06,-6.556510925292969e-07,0.08967040479183197,0.08420222997665405,0.0054681748151779175,0.09901456534862518,0.07634009420871735,0.022674471139907837,0.08967040479183197,0.08420222997665405,0.0054681748151779175,0.160592719912529,0.17003759741783142,-0.00944487750530243,0.0030645409133285284,0.004142135847359896,-0.0010775949340313673,0.0098801851272583,0.014117717742919922,-0.004237532615661621,0.0098801851272583,0.014117717742919922,-0.004237532615661621,0.004716898780316114,0.0039945244789123535,0.0007223743014037609
69#6,MC_OFF,transient_50ms,H1_off,logit,0.32537734508514404,0.28580760955810547,0.039569735527038574,0.32537734508514404,0.28580760955810547,0.039569735527038574,1380.0,1373.3333333333335,6.666666666666515,1080.0,1073.3333333333335,6.666666666666515,0.37555813789367676,0.32264161109924316,0.052916526794433594,0.09594833850860596,0.05331742763519287,0.042630910873413086,-1.2487173080444336e-05,-1.004338264465332e-05,-2.4437904357910156e-06,0.08967040479183197,0.08239684998989105,0.007273554801940918,0.08855299651622772,0.05687512457370758,0.03167787194252014,0.08967040479183197,0.08239684998989105,0.007273554801940918,0.08580879122018814,0.08329089730978012,0.00251789391040802,0.0024898722767829895,0.0023541629780083895,0.00013570929877460003,0.011413335800170898,0.015674710273742676,-0.004261374473571777,0.011413335800170898,0.015674710273742676,-0.004261374473571777,0.004717039410024881,0.003995196893811226,0.0007218425162136555
69#6,MC_OFF,large_field_50ms,H1_off,logit,0.19991767406463623,0.17653262615203857,0.023385047912597656,0.19991767406463623,0.17653262615203857,0.023385047912597656,340.0,340.0,0.0,40.0,40.0,0.0,0.0,0.0,0.0,-0.029511332511901855,-0.05595755577087402,0.026446223258972168,0.0,0.0,0.0,0.08967040479183197,0.08239684998989105,0.007273554801940918,-0.011306949891149998,-0.019546151161193848,0.00823920127004385,0.08967040479183197,0.08239684998989105,0.007273554801940918,-0.011306949891149998,-0.019546151161193848,0.00823920127004385,0.0015819533728063107,0.0022954170126467943,-0.0007134636398404837,0.021910548210144043,0.02911221981048584,-0.007201671600341797,0.021910548210144043,0.02911221981048584,-0.007201671600341797,0.0,0.0,0.0
69#6,MC_OFF,slow_step,H1_off,probability,0.06236767768859863,0.05724875628948212,0.005118921399116516,0.06236767768859863,0.05724875628948212,0.005118921399116516,1493.3333333333335,1480.0,13.333333333333485,1193.3333333333335,1180.0,13.333333333333485,0.06582223623991013,0.05667145550251007,0.009150780737400055,0.02310594916343689,0.01727202534675598,0.005833923816680908,0.0022809654474258423,0.002240169793367386,4.079565405845642e-05,0.015086395666003227,0.013849664479494095,0.0012367311865091324,0.0423557423055172,0.034410510212183,0.007945232093334198,0.015086395666003227,0.013849664479494095,0.0012367311865091324,0.00693296454846859,0.007021669298410416,-8.870474994182587e-05,0.00044152801274321973,0.0004240904236212373,1.7437589121982455e-05,0.0019145607948303223,0.002620995044708252,-0.0007064342498779297,0.0019145607948303223,0.002620995044708252,-0.0007064342498779297,0.0007766383932903409,0.0006518781301565468,0.00012476026313379407
69#6,MC_OFF,slow_1Hz,H1_off,probability,0.06236761808395386,0.05724869668483734,0.005118921399116516,0.06236761808395386,0.05724869668483734,0.005118921399116516,993.3333333333334,980.0,13.333333333333371,693.3333333333334,680.0,13.333333333333371,0.06571979075670242,0.0565546415746212,0.009165149182081223,0.023105889558792114,0.017271965742111206,0.005833923816680908,0.0021785199642181396,0.0021233558654785156,5.5164098739624023e-05,0.015086395666003227,0.013849664479494095,0.0012367311865091324,0.04235764220356941,0.03441224247217178,0.007945399731397629,0.015086395666003227,0.013849664479494095,0.0012367311865091324,0.006932608783245087,0.007021211087703705,-8.860230445861816e-05,0.0004959621583111584,0.0005209178780205548,-2.4955719709396362e-05,0.0019988268613815308,0.002669781446456909,-0.0006709545850753784,0.0019988268613815308,0.002669781446456909,-0.0006709545850753784,0.000771827413700521,0.0006408820627257228,0.0001309453509747982
69#6,MC_OFF,slow_2Hz,H1_off,probability,0.0623663067817688,0.05724672973155975,0.005119577050209045,0.0623663067817688,0.05724672973155975,0.005119577050209045,746.6666666666667,733.3333333333334,13.333333333333371,446.66666666666674,433.33333333333337,13.333333333333371,0.06550843268632889,0.05631531402468681,0.009193118661642075,0.023104578256607056,0.017269998788833618,0.0058345794677734375,0.0019671618938446045,0.0018840283155441284,8.313357830047607e-05,0.015086395666003227,0.013849664479494095,0.0012367311865091324,0.042396966367959976,0.03444850444793701,0.007948461920022964,0.015086395666003227,0.013849664479494095,0.0012367311865091324,0.0062186759896576405,0.006282512564212084,-6.383657455444336e-05,0.0006041762535460293,0.0007108116406016052,-0.00010663538705557585,0.0019991397857666016,0.002670466899871826,-0.0006713271141052246,0.0019991397857666016,0.002670466899871826,-0.0006713271141052246,0.000762524432502687,0.0006191759603098035,0.0001433484721928835
69#6,MC_OFF,rapid_10Hz,H1_off,probability,0.05303466320037842,0.04375867545604706,0.00927598774433136,0.05303466320037842,0.04375867545604706,0.00927598774433136,433.33333333333337,420.0,13.333333333333371,133.33333333333337,120.0,13.333333333333371,0.0640595480799675,0.05472356453537941,0.009335983544588089,0.013772934675216675,0.003781944513320923,0.009990990161895752,0.0005182772874832153,0.00029227882623672485,0.00022599846124649048,0.015086395666003227,0.013849664479494095,0.0012367311865091324,0.02729453146457672,0.022172806784510612,0.005121724680066109,0.015086395666003227,0.013849664479494095,0.0012367311865091324,0.015415014699101448,0.01715698465704918,-0.001741969957947731,0.000981535529717803,0.0014070910401642323,-0.00042555551044642925,0.0019145607948303223,0.002626270055770874,-0.0007117092609405518,0.0019145607948303223,0.002626270055770874,-0.0007117092609405518,0.0007568676373921335,0.0005976472166366875,0.00015922042075544596
69#6,MC_OFF,rapid_20Hz,H1_off,probability,0.03943990170955658,0.032771095633506775,0.006668806076049805,0.03943990170955658,0.032771095633506775,0.006668806076049805,433.33333333333337,373.33333333333337,60.0,133.33333333333337,73.33333333333337,60.0,0.0635761246085167,0.054416220635175705,0.009159903973340988,0.00017817318439483643,-0.00720563530921936,0.007383808493614197,3.485381603240967e-05,-1.506507396697998e-05,4.991888999938965e-05,0.015086395666003227,0.01416882686316967,0.0009175688028335571,0.016497571021318436,0.01284322701394558,0.003654344007372856,0.015086395666003227,0.01416882686316967,0.0009175688028335571,0.026985354721546173,0.028750451281666756,-0.0017650965601205826,0.0005400240188464522,0.0007298561977222562,-0.00018983217887580395,0.001703515648841858,0.0024981945753097534,-0.0007946789264678955,0.001703515648841858,0.0024981945753097534,-0.0007946789264678955,0.0008265056530945003,0.0007087512058205903,0.00011775444727391005
69#6,MC_OFF,transient_50ms,H1_off,probability,0.0571686327457428,0.04987151920795441,0.007297113537788391,0.0571686327457428,0.04987151920795441,0.007297113537788391,1380.0,1373.3333333333335,6.666666666666515,1080.0,1073.3333333333335,6.666666666666515,0.06360559910535812,0.05447550117969513,0.009130097925662994,0.017906904220581055,0.009894788265228271,0.008012115955352783,6.432831287384033e-05,4.421547055244446e-05,2.0112842321395874e-05,0.015086395666003227,0.013849664479494095,0.0012367311865091324,0.015000369399785995,0.009773299098014832,0.005227070301771164,0.015086395666003227,0.013849664479494095,0.0012367311865091324,0.014138438738882542,0.013750380836427212,0.0003880579024553299,0.0004417861928232014,0.00041371985571458936,2.806633710861206e-05,0.0019145607948303223,0.002623617649078369,-0.0007090568542480469,0.0019145607948303223,0.002623617649078369,-0.0007090568542480469,0.0008369932766072452,0.0007024377700872719,0.00013455550651997328
69#6,MC_OFF,large_field_50ms,H1_off,probability,0.03392885625362396,0.029881566762924194,0.004047289490699768,0.03392885625362396,0.029881566762924194,0.004047289490699768,340.0,340.0,0.0,40.0,40.0,0.0,0.00015787860320415348,0.00014583578740712255,1.2042815797030926e-05,-0.005332872271537781,-0.010095164179801941,0.00476229190826416,-3.339529212098569e-05,-5.5728742154315114e-05,2.2333450033329427e-05,0.015086395666003227,0.013849664479494095,0.0012367311865091324,-0.001175273791886866,-0.002559076528996229,0.001383802737109363,0.015086395666003227,0.013849664479494095,0.0012367311865091324,-0.001175273791886866,-0.002559076528996229,0.001383802737109363,0.00025331959477625787,0.000369109126040712,-0.00011578953126445413,0.0036272555589675903,0.004797190427780151,-0.001169934868812561,0.0036272555589675903,0.004797190427780151,-0.001169934868812561,6.9241723394952714e-06,1.0215242582489736e-05,-3.291070242994465e-06
69#6,MC_OFF,slow_step,AC_off,logit,0.37270569801330566,0.37885767221450806,-0.006151974201202393,0.37270569801330566,0.37885767221450806,-0.006151974201202393,1473.3333333333335,1460.0,13.333333333333485,1173.3333333333335,1160.0,13.333333333333485,0.7199090719223022,0.7214071750640869,-0.001498103141784668,0.010547161102294922,0.016205966472625732,-0.0056588053703308105,-2.980232238769531e-07,-2.2649765014648438e-06,1.9669532775878906e-06,0.10950149595737457,0.13303054869174957,-0.023529052734375,0.2627471089363098,0.24487853050231934,0.01786857843399048,0.10950149595737457,0.13303054869174957,-0.023529052734375,0.34797215461730957,0.34386396408081055,0.0041081905364990234,0.17411339282989502,0.2000671923160553,-0.02595379948616028,0.32882964611053467,0.34857165813446045,-0.01974201202392578,0.32882964611053467,0.34857165813446045,-0.01974201202392578,0.3495519161224365,0.403236985206604,-0.05368506908416748
69#6,MC_OFF,slow_1Hz,AC_off,logit,0.37270689010620117,0.37885892391204834,-0.006152033805847168,0.37270689010620117,0.37885892391204834,-0.006152033805847168,973.3333333333334,960.0,13.333333333333371,673.3333333333334,660.0,13.333333333333371,0.7199093699455261,0.7214077115058899,-0.0014983415603637695,0.01054835319519043,0.016207218170166016,-0.005658864974975586,0.0,-1.7285346984863281e-06,1.7285346984863281e-06,0.10950149595737457,0.13303054869174957,-0.023529052734375,0.26274797320365906,0.24487964808940887,0.017868325114250183,0.10950149595737457,0.13303054869174957,-0.023529052734375,0.34798020124435425,0.3438711166381836,0.004109084606170654,0.17408902943134308,0.20004329085350037,-0.025954261422157288,0.32882964611053467,0.34857165813446045,-0.01974201202392578,0.32882964611053467,0.34857165813446045,-0.01974201202392578,0.3495020568370819,0.4031883478164673,-0.053686290979385376
69#6,MC_OFF,slow_2Hz,AC_off,logit,0.37273240089416504,0.3788878917694092,-0.006155490875244141,0.37273240089416504,0.3788878917694092,-0.006155490875244141,720.0,706.6666666666667,13.333333333333258,420.0,406.66666666666674,13.333333333333258,0.7199100852012634,0.7214087843894958,-0.0014986991882324219,0.010573863983154297,0.016236186027526855,-0.005662322044372559,7.152557373046875e-07,-6.556510925292969e-07,1.3709068298339844e-06,0.10950149595737457,0.13303054869174957,-0.023529052734375,0.26276692748069763,0.24490387737751007,0.01786305010318756,0.10950149595737457,0.13303054869174957,-0.023529052734375,0.3479457497596741,0.34363943338394165,0.004306316375732422,0.17405004799365997,0.20000410079956055,-0.025954052805900574,0.32882964611053467,0.34857165813446045,-0.01974201202392578,0.32882964611053467,0.34857165813446045,-0.01974201202392578,0.34940293431282043,0.4030912518501282,-0.05368831753730774
69#6,MC_OFF,rapid_10Hz,AC_off,logit,0.3685901165008545,0.37606561183929443,-0.007475495338439941,0.3685901165008545,0.37606561183929443,-0.007475495338439941,433.33333333333337,433.33333333333337,0.0,133.33333333333337,133.33333333333337,0.0,0.7199104428291321,0.721410870552063,-0.0015004277229309082,0.00643157958984375,0.01341390609741211,-0.006982326507568359,1.0728836059570312e-06,1.430511474609375e-06,-3.5762786865234375e-07,0.10950149595737457,0.13303054869174957,-0.023529052734375,0.2543105185031891,0.2357425093650818,0.0185680091381073,0.10950149595737457,0.13303054869174957,-0.023529052734375,0.32419607043266296,0.338243305683136,-0.014047235250473022,0.1719573736190796,0.19845585525035858,-0.02649848163127899,0.28889524936676025,0.29058992862701416,-0.0016946792602539062,0.28889524936676025,0.29058992862701416,-0.0016946792602539062,0.34907951951026917,0.40276873111724854,-0.05368921160697937
69#6,MC_OFF,rapid_20Hz,AC_off,logit,0.3641979694366455,0.3686368465423584,-0.004438877105712891,0.3641979694366455,0.3686368465423584,-0.004438877105712891,440.0,440.0,0.0,140.0,140.0,0.0,0.7199099659919739,0.7214102149009705,-0.001500248908996582,0.0020394325256347656,0.005985140800476074,-0.003945708274841309,5.960464477539062e-07,7.748603820800781e-07,-1.7881393432617188e-07,0.10950149595737457,0.13303054869174957,-0.023529052734375,0.25092941522598267,0.2283390909433365,0.02259032428264618,0.10950149595737457,0.13303054869174957,-0.023529052734375,0.2626652121543884,0.296725869178772,-0.034060657024383545,0.16999685764312744,0.19680427014827728,-0.02680741250514984,0.21737051010131836,0.2262275218963623,-0.008857011795043945,0.21737051010131836,0.2262275218963623,-0.008857011795043945,0.34905412793159485,0.4027504026889801,-0.053696274757385254
69#6,MC_OFF,transient_50ms,AC_off,logit,0.36988890171051025,0.3766402006149292,-0.006751298904418945,0.36988890171051025,0.3766402006149292,-0.006751298904418945,1386.6666666666667,1386.6666666666667,0.0,1086.6666666666667,1086.6666666666667,0.0,0.719908595085144,0.7214084267616272,-0.0014998316764831543,0.007730364799499512,0.013988494873046875,-0.006258130073547363,-7.748603820800781e-07,-1.0132789611816406e-06,2.384185791015625e-07,0.10950149595737457,0.13303054869174957,-0.023529052734375,0.2503940761089325,0.2274056375026703,0.022988438606262207,0.10950149595737457,0.13303054869174957,-0.023529052734375,0.3239169716835022,0.3378036618232727,-0.013886690139770508,0.1692032814025879,0.19593003392219543,-0.026726752519607544,0.2882082462310791,0.29054391384124756,-0.002335667610168457,0.2882082462310791,0.29054391384124756,-0.002335667610168457,0.3490675389766693,0.40276196599006653,-0.05369442701339722
69#6,MC_OFF,large_field_50ms,AC_off,logit,0.29792118072509766,0.3172872066497803,-0.019366025924682617,0.29792118072509766,0.3172872066497803,-0.019366025924682617,360.0,353.33333333333337,6.666666666666629,60.0,53.33333333333337,6.666666666666629,0.0,-1.5894572324981482e-09,1.5894572324981482e-09,-0.018140554428100586,-0.028790831565856934,0.010650277137756348,0.0,-7.947286162490741e-10,7.947286162490741e-10,0.10871963202953339,0.1317378282546997,-0.02301819622516632,0.20260438323020935,0.18180081248283386,0.02080357074737549,0.10871963202953339,0.1317378282546997,-0.02301819622516632,0.20260438323020935,0.18180081248283386,0.02080357074737549,0.015163722448050976,0.015529689379036427,-0.00036596693098545074,0.2729278802871704,-0.25970399379730225,0.5326318740844727,0.2729278802871704,0.25970399379730225,0.013223886489868164,0.0,-1.5894572324981482e-09,1.5894572324981482e-09
69#6,MC_OFF,slow_step,AC_off,probability,0.06631731986999512,0.06777475774288177,-0.0014574378728866577,0.06631731986999512,0.06777475774288177,-0.0014574378728866577,1473.3333333333335,1460.0,13.333333333333485,1173.3333333333335,1160.0,13.333333333333485,0.12755218148231506,0.12837234139442444,-0.000820159912109375,0.002056628465652466,0.00317537784576416,-0.0011187493801116943,1.2516975402832031e-06,1.0699033737182617e-05,-9.447336196899414e-06,0.018689937889575958,0.02305981144309044,-0.004369873553514481,0.04596208035945892,0.043079525232315063,0.00288255512714386,0.018689937889575958,0.02305981144309044,-0.004369873553514481,0.06151064857840538,0.06094846874475479,0.000562179833650589,0.0311333816498518,0.035897038877010345,-0.0047636572271585464,0.05842284858226776,0.06168396770954132,-0.0032611191272735596,0.05842284858226776,0.06168396770954132,-0.0032611191272735596,0.06250657141208649,0.07235277444124222,-0.009846203029155731
69#6,MC_OFF,slow_1Hz,AC_off,probability,0.06631755828857422,0.06777499616146088,-0.0014574378728866577,0.06631755828857422,0.06777499616146088,-0.0014574378728866577,973.3333333333334,960.0,13.333333333333371,673.3333333333334,660.0,13.333333333333371,0.12755151093006134,0.12837135791778564,-0.0008198469877243042,0.0020568668842315674,0.0031756162643432617,-0.0011187493801116943,5.811452865600586e-07,9.715557098388672e-06,-9.134411811828613e-06,0.018689937889575958,0.02305981144309044,-0.004369873553514481,0.04596223682165146,0.04307973384857178,0.0028825029730796814,0.018689937889575958,0.02305981144309044,-0.004369873553514481,0.06151220202445984,0.060949862003326416,0.0005623400211334229,0.031181959435343742,0.03594953194260597,-0.00476757250726223,0.05842284858226776,0.06168396770954132,-0.0032611191272735596,0.05842284858226776,0.06168396770954132,-0.0032611191272735596,0.06260354816913605,0.07245759665966034,-0.009854048490524292
69#6,MC_OFF,slow_2Hz,AC_off,probability,0.06632253527641296,0.06778068840503693,-0.0014581531286239624,0.06632253527641296,0.06778068840503693,-0.0014581531286239624,720.0,706.6666666666667,13.333333333333258,420.0,406.66666666666674,13.333333333333258,0.12755011022090912,0.1283693015575409,-0.0008191913366317749,0.0020618438720703125,0.0031813085079193115,-0.001119464635848999,-8.195638656616211e-07,7.659196853637695e-06,-8.478760719299316e-06,0.018689937889575958,0.02305981144309044,-0.004369873553514481,0.04596579074859619,0.04308424890041351,0.0028815418481826782,0.018689937889575958,0.02305981144309044,-0.004369873553514481,0.061505477875471115,0.060904841870069504,0.0006006360054016113,0.03128412738442421,0.03605889528989792,-0.004774767905473709,0.05842284858226776,0.06168396770954132,-0.0032611191272735596,0.05842284858226776,0.06168396770954132,-0.0032611191272735596,0.062804214656353,0.07267314940690994,-0.009868934750556946
69#6,MC_OFF,rapid_10Hz,AC_off,probability,0.06551361083984375,0.06722597777843475,-0.0017123669385910034,0.06551361083984375,0.06722597777843475,-0.0017123669385910034,433.33333333333337,433.33333333333337,0.0,133.33333333333337,133.33333333333337,0.0,0.12754453718662262,0.1283564567565918,-0.0008119195699691772,0.0012529194355010986,0.0026265978813171387,-0.00137367844581604,-6.3925981521606445e-06,-5.185604095458984e-06,-1.2069940567016602e-06,0.018689937889575958,0.02305981144309044,-0.004369873553514481,0.04436349868774414,0.04133104160428047,0.003032457083463669,0.018689937889575958,0.02305981144309044,-0.004369873553514481,0.056953996419906616,0.059863023459911346,-0.0029090270400047302,0.03165009990334511,0.03658671677112579,-0.004936616867780685,0.05204068124294281,0.052405476570129395,-0.00036479532718658447,0.05204068124294281,0.052405476570129395,-0.00036479532718658447,0.06424184143543243,0.07423053681850433,-0.0099886953830719
69#6,MC_OFF,rapid_20Hz,AC_off,probability,0.06465759873390198,0.06576929986476898,-0.0011117011308670044,0.06465759873390198,0.06576929986476898,-0.0011117011308670044,440.0,440.0,0.0,140.0,140.0,0.0,0.12754695117473602,0.1283559650182724,-0.000809013843536377,0.00039690732955932617,0.0011699199676513672,-0.000773012638092041,-3.978610038757324e-06,-5.677342414855957e-06,1.6987323760986328e-06,0.018689937889575958,0.02305981144309044,-0.004369873553514481,0.04375176876783371,0.039979636669158936,0.003772132098674774,0.018689937889575958,0.02305981144309044,-0.004369873553514481,0.04558859020471573,0.052114613354206085,-0.0065260231494903564,0.03159310668706894,0.03651611506938934,-0.004923008382320404,0.03999556601047516,0.04177430272102356,-0.0017787367105484009,0.03999556601047516,0.04177430272102356,-0.0017787367105484009,0.06479734182357788,0.07464849948883057,-0.009851157665252686
69#6,MC_OFF,transient_50ms,AC_off,probability,0.0657670795917511,0.06733886897563934,-0.0015717893838882446,0.0657670795917511,0.06733886897563934,-0.0015717893838882446,1386.6666666666667,1386.6666666666667,0.0,1086.6666666666667,1086.6666666666667,0.0,0.1275521218776703,0.1283629685640335,-0.0008108466863632202,0.0015063881874084473,0.0027394890785217285,-0.0012331008911132812,1.1920928955078125e-06,1.3262033462524414e-06,-1.341104507446289e-07,0.018689937889575958,0.02305981144309044,-0.004369873553514481,0.04367643967270851,0.039866410195827484,0.0038100294768810272,0.018689937889575958,0.02305981144309044,-0.004369873553514481,0.05690017342567444,0.059777915477752686,-0.002877742052078247,0.03146306052803993,0.03634778410196304,-0.004884723573923111,0.05150291323661804,0.052082136273384094,-0.0005792230367660522,0.05150291323661804,0.052082136273384094,-0.0005792230367660522,0.06478352099657059,0.07458990067243576,-0.009806379675865173
69#6,MC_OFF,large_field_50ms,AC_off,probability,0.05195626616477966,0.05583871901035309,-0.0038824528455734253,0.05195626616477966,0.05583871901035309,-0.0038824528455734253,360.0,353.33333333333337,6.666666666666629,60.0,53.33333333333337,6.666666666666629,0.00034330200287513435,0.0003878809220623225,-4.457891918718815e-05,-0.0034359991550445557,-0.0055380165576934814,0.0021020174026489258,-4.9582013161852956e-05,-7.209766772575676e-05,2.251565456390381e-05,0.018544716760516167,0.02281319350004196,-0.004268476739525795,0.03480479121208191,0.0315418466925621,0.003262944519519806,0.018544716760516167,0.02281319350004196,-0.004268476739525795,0.03480479121208191,0.0315418466925621,0.003262944519519806,0.002428625477477908,0.0024978851433843374,-6.925966590642929e-05,0.04471801221370697,0.04566490650177002,-0.0009468942880630493,0.04471801221370697,0.04566490650177002,-0.0009468942880630493,0.00019234756473451853,0.00025226036086678505,-5.991279613226652e-05
69#7,MC_ON,slow_step,normal,logit,0.3716871738433838,0.4313533306121826,-0.05966615676879883,0.3716871738433838,0.4313533306121826,-0.05966615676879883,1500.0,1466.6666666666667,33.33333333333326,1200.0,1166.6666666666667,33.33333333333326,0.319953054189682,0.4032254219055176,-0.08327236771583557,0.14627426862716675,0.1786145567893982,-0.032340288162231445,-0.0007690489292144775,-0.0009441375732421875,0.00017508864402770996,0.0955372005701065,0.09378272294998169,0.001754477620124817,0.23390641808509827,0.26633262634277344,-0.03242620825767517,0.0955372005701065,0.09378272294998169,0.001754477620124817,-0.00909501314163208,0.04367928206920624,-0.05277429521083832,0.0,0.0,0.0,0.0,0.0,0.0,0.0,0.0,0.0,0.0,0.0,0.0
69#7,MC_ON,slow_1Hz,normal,logit,0.37168675661087036,0.43135279417037964,-0.05966603755950928,0.37168675661087036,0.43135279417037964,-0.05966603755950928,1000.0,966.6666666666667,33.33333333333326,700.0,666.6666666666667,33.33333333333326,0.32002177834510803,0.40331709384918213,-0.0832953155040741,0.14627385139465332,0.17861402034759521,-0.032340168952941895,-0.0007003247737884521,-0.0008524656295776367,0.00015214085578918457,0.0955372005701065,0.09378272294998169,0.001754477620124817,0.2339189350605011,0.26634544134140015,-0.03242650628089905,0.0955372005701065,0.09378272294998169,0.001754477620124817,-0.009099170565605164,0.0436759814620018,-0.052775152027606964,0.0,0.0,0.0,0.0,0.0,0.0,0.0,0.0,0.0,0.0,0.0,0.0
69#7,MC_ON,slow_2Hz,normal,logit,0.371675968170166,0.431338369846344,-0.05966240167617798,0.371675968170166,0.431338369846344,-0.05966240167617798,746.6666666666667,720.0,26.666666666666742,446.66666666666674,420.0,26.666666666666742,0.32015907764434814,0.403500497341156,-0.08334141969680786,0.14626306295394897,0.17859959602355957,-0.032336533069610596,-0.0005630254745483398,-0.0006690621376037598,0.00010603666305541992,0.0955372005701065,0.09378272294998169,0.001754477620124817,0.23417048156261444,0.2666136622428894,-0.03244318068027496,0.0955372005701065,0.09378272294998169,0.001754477620124817,-0.015971677377820015,0.037234511226415634,-0.05320618860423565,0.0,0.0,0.0,0.0,0.0,0.0,0.0,0.0,0.0,0.0,0.0,0.0
69#7,MC_ON,rapid_10Hz,normal,logit,0.3162270784378052,0.34523677825927734,-0.029009699821472168,0.3162270784378052,0.34523677825927734,-0.029009699821472168,426.6666666666667,420.0,6.666666666666686,126.66666666666669,120.0,6.666666666666686,0.32068297266960144,0.40413758158683777,-0.08345460891723633,0.09081417322158813,0.09249800443649292,-0.0016838312149047852,-3.9130449295043945e-05,-3.197789192199707e-05,-7.152557373046875e-06,0.0955372005701065,0.09378272294998169,0.001754477620124817,0.15258550643920898,0.18754519522190094,-0.034959688782691956,0.0955372005701065,0.09378272294998169,0.001754477620124817,0.038238201290369034,0.08671613782644272,-0.048477936536073685,0.0,0.0,0.0,0.0,0.0,0.0,0.0,0.0,0.0,0.0,0.0,0.0
69#7,MC_ON,rapid_20Hz,normal,logit,0.21673691272735596,0.24055612087249756,-0.0238192081451416,0.21673691272735596,0.24055612087249756,-0.0238192081451416,433.33333333333337,426.6666666666667,6.666666666666686,133.33333333333337,126.66666666666669,6.666666666666686,0.320722371339798,0.40417322516441345,-0.08345085382461548,-0.008675992488861084,-0.012182652950286865,0.0035066604614257812,2.682209014892578e-07,3.6656856536865234e-06,-3.3974647521972656e-06,0.09567786753177643,0.09713280200958252,-0.0014549344778060913,0.06365464627742767,0.1037280410528183,-0.040073394775390625,0.09567786753177643,0.09713280200958252,-0.0014549344778060913,0.1460617482662201,0.17905491590499878,-0.032993167638778687,0.0,0.0,0.0,0.0,0.0,0.0,0.0,0.0,0.0,0.0,0.0,0.0
69#7,MC_ON,transient_50ms,normal,logit,0.33745670318603516,0.3828674554824829,-0.045410752296447754,0.33745670318603516,0.3828674554824829,-0.045410752296447754,1373.3333333333335,1373.3333333333335,0.0,1073.3333333333335,1073.3333333333335,0.0,0.3207035958766937,0.4041460156440735,-0.08344241976737976,0.11204379796981812,0.1301286816596985,-0.01808488368988037,-1.850724220275879e-05,-2.3543834686279297e-05,5.036592483520508e-06,0.0955372005701065,0.09378272294998169,0.001754477620124817,0.043825551867485046,0.07293062657117844,-0.02910507470369339,0.0955372005701065,0.09378272294998169,0.001754477620124817,0.020535452291369438,0.05437920615077019,-0.03384375385940075,0.0,0.0,0.0,0.0,0.0,0.0,0.0,0.0,0.0,0.0,0.0,0.0
69#7,MC_ON,large_field_50ms,normal,logit,-0.21341800689697266,-0.18925857543945312,-0.02415943145751953,0.21341800689697266,0.18925857543945312,0.02415943145751953,386.6666666666667,386.6666666666667,0.0,86.66666666666669,86.66666666666669,0.0,0.0,3.9736430812453705e-10,-3.9736430812453705e-10,-0.4388309121131897,-0.44199734926223755,0.0031664371490478516,-7.947286162490741e-10,3.9736430812453705e-10,-1.1920929243736111e-09,0.09451419115066528,0.09206162393093109,0.002452567219734192,-0.09981255978345871,-0.08266006410121918,-0.017152495682239532,0.09451419115066528,0.09206162393093109,0.002452567219734192,-0.09981255978345871,-0.08266006410121918,-0.017152495682239532,0.0,0.0,0.0,0.0,0.0,0.0,0.0,0.0,0.0,0.0,0.0,0.0
69#7,MC_ON,slow_step,normal,probability,0.07395748794078827,0.08589376509189606,-0.011936277151107788,0.07395748794078827,0.08589376509189606,-0.011936277151107788,1500.0,1466.6666666666667,33.33333333333326,1200.0,1166.6666666666667,33.33333333333326,0.06440737843513489,0.08056048303842545,-0.016153104603290558,0.030571043491363525,0.03756919503211975,-0.006998151540756226,0.003597050905227661,0.004195190966129303,-0.0005981400609016418,0.018096188083291054,0.017506878823041916,0.0005893092602491379,0.045747026801109314,0.05200912058353424,-0.006262093782424927,0.018096188083291054,0.017506878823041916,0.0005893092602491379,-0.0014624949544668198,0.008249431848526001,-0.00971192680299282,0.0,0.0,0.0,0.0,0.0,0.0,0.0,0.0,0.0,0.0,0.0,0.0
69#7,MC_ON,slow_1Hz,normal,probability,0.0739573985338211,0.0858936756849289,-0.011936277151107788,0.0739573985338211,0.0858936756849289,-0.011936277151107788,1000.0,966.6666666666667,33.33333333333326,700.0,666.6666666666667,33.33333333333326,0.06424634903669357,0.08036258816719055,-0.01611623913049698,0.030570954084396362,0.03756910562515259,-0.006998151540756226,0.0034360215067863464,0.003997296094894409,-0.0005612745881080627,0.018096188083291054,0.017506878823041916,0.0005893092602491379,0.045749589800834656,0.05201174318790436,-0.006262153387069702,0.018096188083291054,0.017506878823041916,0.0005893092602491379,-0.0014632437378168106,0.00824882835149765,-0.00971207208931446,0.0,0.0,0.0,0.0,0.0,0.0,0.0,0.0,0.0,0.0,0.0,0.0
69#7,MC_ON,slow_2Hz,normal,probability,0.07395507395267487,0.0858905166387558,-0.011935442686080933,0.07395507395267487,0.0858905166387558,-0.011935442686080933,746.6666666666667,720.0,26.666666666666742,446.66666666666674,420.0,26.666666666666742,0.0639142096042633,0.07995597273111343,-0.016041763126850128,0.030568629503250122,0.03756594657897949,-0.00699731707572937,0.003103882074356079,0.0035906806588172913,-0.00048679858446121216,0.018096188083291054,0.017506878823041916,0.0005893092602491379,0.045801155269145966,0.05206696689128876,-0.006265811622142792,0.018096188083291054,0.017506878823041916,0.0005893092602491379,-0.002768463222309947,0.006989268120378256,-0.009757731342688203,0.0,0.0,0.0,0.0,0.0,0.0,0.0,0.0,0.0,0.0,0.0,0.0
69#7,MC_ON,rapid_10Hz,normal,probability,0.06215430796146393,0.06744737923145294,-0.005293071269989014,0.06215430796146393,0.06744737923145294,-0.005293071269989014,426.6666666666667,420.0,6.666666666666686,126.66666666666669,120.0,6.666666666666686,0.06170180067420006,0.07712036371231079,-0.015418563038110733,0.018767863512039185,0.019122809171676636,-0.00035494565963745117,0.0008914731442928314,0.0007550716400146484,0.00013640150427818298,0.018096188083291054,0.017506878823041916,0.0005893092602491379,0.029102902859449387,0.035729359835386276,-0.00662645697593689,0.018096188083291054,0.017506878823041916,0.0005893092602491379,0.007105278316885233,0.01602879725396633,-0.008923518937081099,0.0,0.0,0.0,0.0,0.0,0.0,0.0,0.0,0.0,0.0,0.0,0.0
69#7,MC_ON,rapid_20Hz,normal,probability,0.04163096845149994,0.0458613783121109,-0.004230409860610962,0.04163096845149994,0.0458613783121109,-0.004230409860610962,433.33333333333337,426.6666666666667,6.666666666666686,133.33333333333337,126.66666666666669,6.666666666666686,0.06090278923511505,0.0763702318072319,-0.015467442572116852,-0.0017554759979248047,-0.0024631917476654053,0.0007077157497406006,9.246170520782471e-05,4.939734935760498e-06,8.752197027206421e-05,0.018123431131243706,0.018154047429561615,-3.061629831790924e-05,0.011868530884385109,0.019361646845936775,-0.007493115961551666,0.018123431131243706,0.018154047429561615,-3.061629831790924e-05,0.027644064277410507,0.033651094883680344,-0.006007030606269836,0.0,0.0,0.0,0.0,0.0,0.0,0.0,0.0,0.0,0.0,0.0,0.0
69#7,MC_ON,transient_50ms,normal,probability,0.06664259731769562,0.07543395459651947,-0.008791357278823853,0.06664259731769562,0.07543395459651947,-0.008791357278823853,1373.3333333333335,1373.3333333333335,0.0,1073.3333333333335,1073.3333333333335,0.0,0.060910843312740326,0.07647833973169327,-0.015567496418952942,0.023256152868270874,0.027109384536743164,-0.00385323166847229,0.00010051578283309937,0.00011304765939712524,-1.2531876564025879e-05,0.018096188083291054,0.017506878823041916,0.0005893092602491379,0.008502751588821411,0.013884499669075012,-0.005381748080253601,0.018096188083291054,0.017506878823041916,0.0005893092602491379,0.0037983465008437634,0.009923577308654785,-0.006125230807811022,0.0,0.0,0.0,0.0,0.0,0.0,0.0,0.0,0.0,0.0,0.0,0.0
69#7,MC_ON,large_field_50ms,normal,probability,0.04096116125583649,0.03563480079174042,0.005326360464096069,0.04096116125583649,0.03563480079174042,0.005326360464096069,1386.6666666666667,1386.6666666666667,0.0,1086.6666666666667,1086.6666666666667,0.0,0.00018899887800216675,0.00016108453564811498,2.791434235405177e-05,-0.002425283193588257,-0.012689769268035889,0.010264486074447632,1.2657445040531456e-05,-6.941586616449058e-05,8.207331120502204e-05,0.017896005883812904,0.017175182700157166,0.0007208231836557388,-0.017130669206380844,-0.014001039788126945,-0.0031296294182538986,0.017896005883812904,0.017175182700157166,0.0007208231836557388,-0.017130669206380844,-0.014001039788126945,-0.0031296294182538986,0.0,0.0,0.0,0.0,0.0,0.0,0.0,0.0,0.0,0.0,0.0,0.0
69#7,MC_ON,slow_step,H1_off,logit,0.3720216751098633,0.43208152055740356,-0.06005984544754028,0.3720216751098633,0.43208152055740356,-0.06005984544754028,1506.6666666666667,1486.6666666666667,20.0,1206.6666666666667,1186.6666666666667,20.0,0.3202058672904968,0.40657514333724976,-0.08636927604675293,0.14523839950561523,0.17708754539489746,-0.03184914588928223,-0.0007688403129577637,-0.0009345412254333496,0.00016570091247558594,0.09657296538352966,0.09559541940689087,0.000977545976638794,0.23428355157375336,0.26719236373901367,-0.032908812165260315,0.09657296538352966,0.09559541940689087,0.000977545976638794,-0.01025649905204773,0.04435490816831589,-0.05461140722036362,0.000559215375687927,0.002214361447840929,-0.001655146072153002,0.006180882453918457,0.015177607536315918,-0.008996725082397461,0.006180882453918457,0.015177607536315918,-0.008996725082397461,0.00025280119734816253,0.003349713981151581,-0.0030969127838034183
69#7,MC_ON,slow_1Hz,H1_off,logit,0.37202125787734985,0.43208110332489014,-0.06005984544754028,0.37202125787734985,0.43208110332489014,-0.06005984544754028,1006.6666666666667,986.6666666666667,20.0,706.6666666666667,686.6666666666667,20.0,0.3202757239341736,0.4066693186759949,-0.08639359474182129,0.1452379822731018,0.17708712816238403,-0.03184914588928223,-0.0006989836692810059,-0.0008403658866882324,0.00014138221740722656,0.09657296538352966,0.09559541940689087,0.000977545976638794,0.2342962771654129,0.2672054171562195,-0.03290913999080658,0.09657296538352966,0.09559541940689087,0.000977545976638794,-0.010260865092277527,0.04435131698846817,-0.0546121820807457,0.0008682169718667865,0.0027873562648892403,-0.0019191392930224538,0.006417632102966309,0.01564168930053711,-0.0092240571975708,0.006417632102966309,0.01564168930053711,-0.0092240571975708,0.0002539308916311711,0.0033521971199661493,-0.0030982662283349782
69#7,MC_ON,slow_2Hz,H1_off,logit,0.3720099925994873,0.43206703662872314,-0.06005704402923584,0.3720099925994873,0.43206703662872314,-0.06005704402923584,760.0,733.3333333333334,26.66666666666663,460.0,433.33333333333337,26.66666666666663,0.320415198802948,0.4068574011325836,-0.08644220232963562,0.14522671699523926,0.17707306146621704,-0.03184634447097778,-0.0005595088005065918,-0.0006522834300994873,9.277462959289551e-05,0.09657296538352966,0.09559541940689087,0.000977545976638794,0.2345474511384964,0.267477810382843,-0.03293035924434662,0.09657296538352966,0.09559541940689087,0.000977545976638794,-0.016960620880126953,0.03831466659903526,-0.055275287479162216,0.0014851399464532733,0.003907516598701477,-0.0024223766522482038,0.006419539451599121,0.015645503997802734,-0.009225964546203613,0.006419539451599121,0.015645503997802734,-0.009225964546203613,0.00025612275931052864,0.003356932895258069,-0.0031008101359475404
69#7,MC_ON,rapid_10Hz,H1_off,logit,0.3125990629196167,0.3358055353164673,-0.023206472396850586,0.3125990629196167,0.3358055353164673,-0.023206472396850586,426.6666666666667,420.0,6.666666666666686,126.66666666666669,120.0,6.666666666666686,0.32093876600265503,0.407485693693161,-0.08654692769050598,0.08581578731536865,0.08081156015396118,0.005004227161407471,-3.594160079956055e-05,-2.3990869522094727e-05,-1.195073127746582e-05,0.09657296538352966,0.09559541940689087,0.000977545976638794,0.14906878769397736,0.18042604625225067,-0.031357258558273315,0.09657296538352966,0.09559541940689087,0.000977545976638794,0.042283229529857635,0.09790754318237305,-0.05562431365251541,0.003243449842557311,0.007989085279405117,-0.004745635436847806,0.006180882453918457,0.015177607536315918,-0.008996725082397461,0.006180882453918457,0.015177607536315918,-0.008996725082397461,0.0002557571860961616,0.003348079277202487,-0.0030923220911063254
69#7,MC_ON,rapid_20Hz,H1_off,logit,0.21494078636169434,0.24061799049377441,-0.025677204132080078,0.21494078636169434,0.24061799049377441,-0.025677204132080078,433.33333333333337,420.0,13.333333333333371,133.33333333333337,120.0,13.333333333333371,0.32097548246383667,0.40751394629478455,-0.08653846383094788,-0.011842489242553711,-0.01437598466873169,0.0025334954261779785,7.748603820800781e-07,4.26173210144043e-06,-3.4868717193603516e-06,0.0967109203338623,0.09894466400146484,-0.002233743667602539,0.06279213726520538,0.10357591509819031,-0.040783777832984924,0.0967109203338623,0.09894466400146484,-0.002233743667602539,0.14880388975143433,0.18587318062782288,-0.03706929087638855,0.0014034295454621315,0.003935421351343393,-0.002531991805881262,0.005440354347229004,0.01364046335220337,-0.008200109004974365,0.005440354347229004,0.01364046335220337,-0.008200109004974365,0.00025305032613687217,0.003340696217492223,-0.0030876458913553506
69#7,MC_ON,transient_50ms,H1_off,logit,0.3350638151168823,0.37789589166641235,-0.04283207654953003,0.3350638151168823,0.37789589166641235,-0.04283207654953003,1373.3333333333335,1373.3333333333335,0.0,1073.3333333333335,1073.3333333333335,0.0,0.3209567964076996,0.4074874222278595,-0.08653062582015991,0.10828053951263428,0.12290191650390625,-0.014621376991271973,-1.7911195755004883e-05,-2.22623348236084e-05,4.351139068603516e-06,0.09657296538352966,0.09559541940689087,0.000977545976638794,0.04342719912528992,0.0736817866563797,-0.030254587531089783,0.09657296538352966,0.09559541940689087,0.000977545976638794,0.025005562230944633,0.06626027077436447,-0.04125470854341984,0.0003976686857640743,0.0020667279604822397,-0.0016690592747181654,0.006180882453918457,0.015177607536315918,-0.008996725082397461,0.006180882453918457,0.015177607536315918,-0.008996725082397461,0.00025317748077213764,0.003341434057801962,-0.0030882565770298243
69#7,MC_ON,large_field_50ms,H1_off,logit,-0.21233046054840088,0.18669402599334717,-0.39902448654174805,0.21233046054840088,0.18669402599334717,0.02563643455505371,386.6666666666667,333.33333333333337,53.333333333333314,86.66666666666669,33.33333333333337,53.333333333333314,-3.9736430812453705e-10,1.5894572324981482e-09,-1.9868215406226852e-09,-0.4391137361526489,-0.06829994916915894,-0.37081378698349,0.0,1.5894572324981482e-09,-1.5894572324981482e-09,0.09657296538352966,0.09559541940689087,0.000977545976638794,-0.09337791055440903,-0.06452267616987228,-0.028855234384536743,0.09657296538352966,0.09559541940689087,0.000977545976638794,-0.09337791055440903,-0.06452267616987228,-0.028855234384536743,0.0011094699148088694,0.0023566256277263165,-0.001247155712917447,-0.011941790580749512,0.028113961219787598,-0.04005575180053711,0.011941790580749512,0.028113961219787598,-0.016172170639038086,-3.9736430812453705e-10,1.19209286886246e-09,-1.589457176986997e-09
69#7,MC_ON,slow_step,H1_off,probability,0.07402946054935455,0.08605228364467621,-0.012022823095321655,0.07402946054935455,0.08605228364467621,-0.012022823095321655,1506.6666666666667,1486.6666666666667,20.0,1206.6666666666667,1186.6666666666667,20.0,0.06445802748203278,0.08117122203111649,-0.01671319454908371,0.03036510944366455,0.03727027773857117,-0.006905168294906616,0.0035946331918239594,0.004137091338634491,-0.0005424581468105316,0.018299156799912453,0.01785741001367569,0.000441746786236763,0.045823827385902405,0.05218455195426941,-0.006360724568367004,0.018299156799912453,0.01785741001367569,0.000441746786236763,-0.0016819331794977188,0.008351314812898636,-0.010033247992396355,0.00011101007112301886,0.00041877568583004177,-0.0003077656147070229,-0.001257777214050293,0.0028127431869506836,-0.0040705204010009766,0.001257777214050293,0.0028127431869506836,-0.0015549659729003906,5.065600271336734e-05,0.0006107316585257649,-0.0005600756558123976
69#7,MC_ON,slow_1Hz,H1_off,probability,0.074029341340065,0.08605219423770905,-0.012022852897644043,0.074029341340065,0.08605219423770905,-0.012022852897644043,1006.6666666666667,986.6666666666667,20.0,706.6666666666667,686.6666666666667,20.0,0.06428951770067215,0.08095857501029968,-0.016669057309627533,0.030364990234375,0.037270188331604004,-0.006905198097229004,0.003426123410463333,0.003924444317817688,-0.0004983209073543549,0.018299156799912453,0.01785741001367569,0.000441746786236763,0.04582642763853073,0.052187249064445496,-0.006360821425914764,0.018299156799912453,0.01785741001367569,0.000441746786236763,-0.0016827229410409927,0.008350664749741554,-0.010033387690782547,0.00017122308781836182,0.0005311899003572762,-0.0003599668125389144,-0.0012578070163726807,0.0029627978801727295,-0.00422060489654541,0.0012578070163726807,0.0029627978801727295,-0.0017049908638000488,4.315724072512239e-05,0.0005959878326393664,-0.000552830591914244
69#7,MC_ON,slow_2Hz,H1_off,probability,0.0740269273519516,0.0860491544008255,-0.012022227048873901,0.0740269273519516,0.0860491544008255,-0.012022227048873901,760.0,733.3333333333334,26.66666666666663,460.0,433.33333333333337,26.66666666666663,0.06394249200820923,0.0805228054523468,-0.016580313444137573,0.030362576246261597,0.03726714849472046,-0.006904572248458862,0.003079097718000412,0.003488674759864807,-0.00040957704186439514,0.018299156799912453,0.01785741001367569,0.000441746786236763,0.04587791860103607,0.052243322134017944,-0.0063654035329818726,0.018299156799912453,0.01785741001367569,0.000441746786236763,-0.002952950308099389,0.007172335404902697,-0.010125285713002086,0.0002913411008194089,0.0007509373244829476,-0.0004595962236635387,-0.0012409389019012451,0.0029637515544891357,-0.004204690456390381,0.0012409389019012451,0.0029637515544891357,-0.0017228126525878906,2.8284986910875887e-05,0.0005668277735821903,-0.0005385427866713144
69#7,MC_ON,rapid_10Hz,H1_off,probability,0.061391040682792664,0.06546415388584137,-0.004073113203048706,0.061391040682792664,0.06546415388584137,-0.004073113203048706,426.6666666666667,420.0,6.666666666666686,126.66666666666669,120.0,6.666666666666686,0.061697281897068024,0.07764146476984024,-0.015944182872772217,0.01772668957710266,0.016682147979736328,0.001044541597366333,0.0008338876068592072,0.0006073340773582458,0.0002265535295009613,0.018299156799912453,0.01785741001367569,0.000441746786236763,0.028408316895365715,0.03431694954633713,-0.005908632650971413,0.018299156799912453,0.01785741001367569,0.000441746786236763,0.007851428352296352,0.018113750964403152,-0.0102623226121068,0.0006357626407407224,0.0015673681627959013,-0.0009316055220551789,0.0011480152606964111,0.0028127431869506836,-0.0016647279262542725,0.0011480152606964111,0.0028127431869506836,-0.0016647279262542725,-4.525681561062811e-06,0.0005210948293097317,-0.0005256205108707945
69#7,MC_ON,rapid_20Hz,H1_off,probability,0.04126836359500885,0.04587383568286896,-0.004605472087860107,0.04126836359500885,0.04587383568286896,-0.004605472087860107,433.33333333333337,420.0,13.333333333333371,133.33333333333337,120.0,13.333333333333371,0.0609440952539444,0.07703233510255814,-0.01608823984861374,-0.0023959875106811523,-0.002908170223236084,0.0005121827125549316,8.070096373558044e-05,-1.7955899238586426e-06,8.249655365943909e-05,0.018325937911868095,0.018507126718759537,-0.00018118880689144135,0.011716090142726898,0.01937240920960903,-0.0076563190668821335,0.018325937911868095,0.018507126718759537,-0.00018118880689144135,0.028174933046102524,0.03498892858624458,-0.006813995540142059,0.0002756702888291329,0.0007789597730152309,-0.000503289484186098,0.0010378658771514893,0.0026789307594299316,-0.0016410648822784424,0.0010378658771514893,0.0026789307594299316,-0.0016410648822784424,4.13091984228231e-05,0.000662107951939106,-0.0006207987535162829
69#7,MC_ON,transient_50ms,H1_off,probability,0.06613482534885406,0.07437212765216827,-0.008237302303314209,0.06613482534885406,0.07437212765216827,-0.008237302303314209,1373.3333333333335,1373.3333333333335,0.0,1073.3333333333335,1073.3333333333335,0.0,0.06096028909087181,0.0771375223994255,-0.016177233308553696,0.022470474243164062,0.025590121746063232,-0.00311964750289917,9.689480066299438e-05,0.00010339170694351196,-6.496906280517578e-06,0.018299156799912453,0.01785741001367569,0.000441746786236763,0.008433680981397629,0.014034787192940712,-0.005601106211543083,0.018299156799912453,0.01785741001367569,0.000441746786236763,0.004621816333383322,0.01211892906576395,-0.007497112732380629,7.776185520924628e-05,0.00040769990300759673,-0.00032993804779835045,0.0011480152606964111,0.0028127431869506836,-0.0016647279262542725,0.0011480152606964111,0.0028127431869506836,-0.0016647279262542725,4.9452683015260845e-05,0.0006591954734176397,-0.0006097427904023789
69#7,MC_ON,large_field_50ms,H1_off,probability,0.04074190557003021,0.03512977063655853,0.00561213493347168,0.04074190557003021,0.03512977063655853,0.00561213493347168,1386.6666666666667,333.33333333333337,1053.3333333333335,1086.6666666666667,33.33333333333337,1053.3333333333335,0.0001958734792424366,0.0001714016980258748,2.4471781216561794e-05,-0.00292244553565979,-0.013652235269546509,0.010729789733886719,1.6265505109913647e-05,-6.787995516788214e-05,8.414546027779579e-05,0.018299156799912453,0.01785741001367569,0.000441746786236763,-0.015975838527083397,-0.010799179784953594,-0.005176658742129803,0.018299156799912453,0.01785741001367569,0.000441746786236763,-0.015975838527083397,-0.010799179784953594,-0.005176658742129803,0.00020181536092422903,0.0004226001037750393,-0.0002207847428508103,0.0022421181201934814,0.005184471607208252,-0.0029423534870147705,0.0022421181201934814,0.005184471607208252,-0.0029423534870147705,6.87460124026984e-06,1.0317166925233323e-05,-3.4425656849634834e-06
69#7,MC_ON,slow_step,AC_off,logit,0.3919234275817871,0.49382126331329346,-0.10189783573150635,0.3919234275817871,0.49382126331329346,-0.10189783573150635,1506.6666666666667,1466.6666666666667,40.0,1206.6666666666667,1166.6666666666667,40.0,0.7665022611618042,0.9424211978912354,-0.17591893672943115,0.0065596699714660645,0.019487738609313965,-0.0129280686378479,7.748603820800781e-07,-3.159046173095703e-06,3.933906555175781e-06,0.13864478468894958,0.17243850231170654,-0.03379371762275696,0.25265491008758545,0.31979846954345703,-0.06714355945587158,0.13864478468894958,0.17243850231170654,-0.03379371762275696,0.37561267614364624,0.450828492641449,-0.07521581649780273,0.2226671576499939,0.2678850293159485,-0.04521787166595459,0.4263375401496887,0.47680002450942993,-0.05046248435974121,0.4263375401496887,0.47680002450942993,-0.05046248435974121,0.4465491473674774,0.539195716381073,-0.09264656901359558
69#7,MC_ON,slow_1Hz,AC_off,logit,0.39192426204681396,0.4938228726387024,-0.10189861059188843,0.39192426204681396,0.4938228726387024,-0.10189861059188843,1006.6666666666667,966.6666666666667,40.0,706.6666666666667,666.6666666666667,40.0,0.766502320766449,0.942422091960907,-0.175919771194458,0.00656050443649292,0.0194893479347229,-0.01292884349822998,8.344650268554688e-07,-2.2649765014648438e-06,3.0994415283203125e-06,0.13864478468894958,0.17243850231170654,-0.03379371762275696,0.2526555061340332,0.3198000192642212,-0.06714451313018799,0.13864478468894958,0.17243850231170654,-0.03379371762275696,0.37562108039855957,0.4508382976055145,-0.07521721720695496,0.2226335108280182,0.26784029603004456,-0.04520678520202637,0.4263375401496887,0.47680002450942993,-0.05046248435974121,0.4263375401496887,0.47680002450942993,-0.05046248435974121,0.4464806318283081,0.5391049981117249,-0.09262436628341675
69#7,MC_ON,slow_2Hz,AC_off,logit,0.39194345474243164,0.4938560724258423,-0.10191261768341064,0.39194345474243164,0.4938560724258423,-0.10191261768341064,746.6666666666667,720.0,26.666666666666742,446.66666666666674,420.0,26.666666666666742,0.7665026783943176,0.9424240589141846,-0.17592138051986694,0.006579697132110596,0.019522547721862793,-0.012942850589752197,1.1920928955078125e-06,-2.980232238769531e-07,1.4901161193847656e-06,0.13864478468894958,0.17243850231170654,-0.03379371762275696,0.252668172121048,0.31983208656311035,-0.06716391444206238,0.13864478468894958,0.17243850231170654,-0.03379371762275696,0.3756125867366791,0.45051807165145874,-0.07490548491477966,0.22257830202579498,0.2677624821662903,-0.0451841801404953,0.4263375401496887,0.47680002450942993,-0.05046248435974121,0.4263375401496887,0.47680002450942993,-0.05046248435974121,0.4463435411453247,0.5389235019683838,-0.09257996082305908
69#7,MC_ON,rapid_10Hz,AC_off,logit,0.3889070749282837,0.4871060848236084,-0.09819900989532471,0.3889070749282837,0.4871060848236084,-0.09819900989532471,426.6666666666667,433.33333333333337,-6.666666666666686,126.66666666666669,133.33333333333337,-6.666666666666686,0.766502320766449,0.9424266815185547,-0.1759243607521057,0.0035433173179626465,0.012772560119628906,-0.00922924280166626,8.344650268554688e-07,2.3245811462402344e-06,-1.4901161193847656e-06,0.13864478468894958,0.17243850231170654,-0.03379371762275696,0.24740126729011536,0.3071736693382263,-0.05977240204811096,0.13864478468894958,0.17243850231170654,-0.03379371762275696,0.34937435388565063,0.423809289932251,-0.07443493604660034,0.2201586365699768,0.2656302750110626,-0.045471638441085815,0.3674658536911011,0.39677751064300537,-0.029311656951904297,0.3674658536911011,0.39677751064300537,-0.029311656951904297,0.44581931829452515,0.538288950920105,-0.09246963262557983
69#7,MC_ON,rapid_20Hz,AC_off,logit,0.3861403465270996,0.47873586416244507,-0.09259551763534546,0.3861403465270996,0.47873586416244507,-0.09259551763534546,433.33333333333337,433.33333333333337,0.0,133.33333333333337,133.33333333333337,0.0,0.7665019035339355,0.9424256682395935,-0.17592376470565796,0.0007765889167785645,0.004402339458465576,-0.0036257505416870117,4.172325134277344e-07,1.3113021850585938e-06,-8.940696716308594e-07,0.13864749670028687,0.17243918776512146,-0.033791691064834595,0.24503755569458008,0.2995721101760864,-0.05453455448150635,0.13864749670028687,0.17243918776512146,-0.033791691064834595,0.29613083600997925,0.3661092519760132,-0.06997841596603394,0.21754704415798187,0.26332345604896545,-0.04577641189098358,0.27772223949432373,0.3058497905731201,-0.028127551078796387,0.27772223949432373,0.3058497905731201,-0.028127551078796387,0.4457794725894928,0.5382522940635681,-0.09247282147407532
69#7,MC_ON,transient_50ms,AC_off,logit,0.38946986198425293,0.489088773727417,-0.09961891174316406,0.38946986198425293,0.489088773727417,-0.09961891174316406,1380.0,1380.0,0.0,1080.0,1080.0,0.0,0.7665009498596191,0.9424223899841309,-0.17592144012451172,0.004106104373931885,0.0147552490234375,-0.010649144649505615,-5.364418029785156e-07,-1.9669532775878906e-06,1.430511474609375e-06,0.13864478468894958,0.17243850231170654,-0.03379371762275696,0.24449752271175385,0.29831579327583313,-0.053818270564079285,0.13864478468894958,0.17243850231170654,-0.03379371762275696,0.3489324748516083,0.42296934127807617,-0.0740368664264679,0.21648447215557098,0.2620684504508972,-0.04558397829532623,0.36912548542022705,0.39818787574768066,-0.029062390327453613,0.36912548542022705,0.39818787574768066,-0.029062390327453613,0.445797324180603,0.5382763743400574,-0.09247905015945435
69#7,MC_ON,large_field_50ms,AC_off,logit,0.32032281160354614,0.37869417667388916,-0.05837136507034302,0.32032281160354614,0.37869417667388916,-0.05837136507034302,360.0,360.0,0.0,60.0,60.0,0.0,3.9736430812453705e-10,-1.9868215961338365e-09,2.3841859042583735e-09,0.654290497303009,-0.03826707601547241,0.6925575733184814,1.589457176986997e-09,-3.973643636356883e-10,1.9868215406226852e-09,0.1375490128993988,0.17018096148967743,-0.032631948590278625,0.20154587924480438,0.2222205102443695,-0.020674630999565125,0.1375490128993988,0.17018096148967743,-0.032631948590278625,0.20154587924480438,0.2222205102443695,-0.020674630999565125,0.020276091992855072,0.021349705755710602,-0.0010736137628555298,0.3516315221786499,-0.36125099658966064,0.7128825187683105,0.3516315221786499,0.36125099658966064,-0.009619474411010742,3.9736430812453705e-10,-2.38418573772492e-09,2.781550045849457e-09
69#7,MC_ON,slow_step,AC_off,probability,0.07832632958889008,0.09964005649089813,-0.021313726902008057,0.07832632958889008,0.09964005649089813,-0.021313726902008057,1506.6666666666667,1466.6666666666667,40.0,1206.6666666666667,1166.6666666666667,40.0,0.15276874601840973,0.18908756971359253,-0.0363188236951828,0.001419752836227417,0.004320114850997925,-0.002900362014770508,-3.3080577850341797e-06,9.328126907348633e-06,-1.2636184692382812e-05,0.026809869334101677,0.03340098261833191,-0.006591113284230232,0.049597226083278656,0.06314370781183243,-0.013546481728553772,0.026809869334101677,0.03340098261833191,-0.006591113284230232,0.07480252534151077,0.09014798700809479,-0.015345461666584015,0.04405807703733444,0.05391392484307289,-0.009855847805738449,0.08389002084732056,0.09471887350082397,-0.010828852653503418,0.08389002084732056,0.09471887350082397,-0.010828852653503418,0.08836137503385544,0.10852709412574768,-0.020165719091892242
69#7,MC_ON,slow_1Hz,AC_off,probability,0.0783265084028244,0.09964041411876678,-0.021313905715942383,0.0783265084028244,0.09964041411876678,-0.021313905715942383,1006.6666666666667,966.6666666666667,40.0,706.6666666666667,666.6666666666667,40.0,0.15276843309402466,0.1890859454870224,-0.03631751239299774,0.0014199316501617432,0.004320472478866577,-0.002900540828704834,-3.6209821701049805e-06,7.703900337219238e-06,-1.1324882507324219e-05,0.026809869334101677,0.03340098261833191,-0.006591113284230232,0.049597352743148804,0.0631440207362175,-0.013546667993068695,0.026809869334101677,0.03340098261833191,-0.006591113284230232,0.07480432838201523,0.0901501476764679,-0.015345819294452667,0.044138554483652115,0.054012179374694824,-0.00987362489104271,0.08389002084732056,0.09471887350082397,-0.010828852653503418,0.08389002084732056,0.09471887350082397,-0.010828852653503418,0.08852207660675049,0.10872336477041245,-0.020201288163661957
69#7,MC_ON,slow_2Hz,AC_off,probability,0.07833068072795868,0.09964780509471893,-0.021317124366760254,0.07833068072795868,0.09964780509471893,-0.021317124366760254,746.6666666666667,720.0,26.666666666666742,446.66666666666674,420.0,26.666666666666742,0.15276777744293213,0.1890825480222702,-0.036314770579338074,0.0014241039752960205,0.004327863454818726,-0.002903759479522705,-4.276633262634277e-06,4.306435585021973e-06,-8.58306884765625e-06,0.026809869334101677,0.03340098261833191,-0.006591113284230232,0.049599967896938324,0.0631507858633995,-0.013550817966461182,0.026809869334101677,0.03340098261833191,-0.006591113284230232,0.074802465736866,0.0900796577334404,-0.015277191996574402,0.04430687054991722,0.05421626567840576,-0.00990939512848854,0.08389002084732056,0.09471887350082397,-0.010828852653503418,0.08389002084732056,0.09471887350082397,-0.010828852653503418,0.08885356038808823,0.10912656784057617,-0.020273007452487946
69#7,MC_ON,rapid_10Hz,AC_off,probability,0.0776730626821518,0.09814821183681488,-0.020475149154663086,0.0776730626821518,0.09814821183681488,-0.020475149154663086,426.6666666666667,433.33333333333337,-6.666666666666686,126.66666666666669,133.33333333333337,-6.666666666666686,0.1527671217918396,0.1890670508146286,-0.036299929022789,0.0007664859294891357,0.002828270196914673,-0.002061784267425537,-4.932284355163574e-06,-1.119077205657959e-05,6.258487701416016e-06,0.026809869334101677,0.03340098261833191,-0.006591113284230232,0.048499695956707,0.06044638901948929,-0.011946693062782288,0.026809869334101677,0.03340098261833191,-0.006591113284230232,0.06918942928314209,0.08426636457443237,-0.015076935291290283,0.04497412219643593,0.05525471270084381,-0.010280590504407883,0.07346217334270477,0.08073596656322479,-0.0072737932205200195,0.07346217334270477,0.08073596656322479,-0.0072737932205200195,0.09106530994176865,0.11194667965173721,-0.020881369709968567
69#7,MC_ON,rapid_20Hz,AC_off,probability,0.07707448303699493,0.09629340469837189,-0.019218921661376953,0.07707448303699493,0.09629340469837189,-0.019218921661376953,433.33333333333337,433.33333333333337,0.0,133.33333333333337,133.33333333333337,0.0,0.1527693271636963,0.1890701800584793,-0.03630085289478302,0.0001679062843322754,0.0009734630584716797,-0.0008055567741394043,-2.726912498474121e-06,-8.061528205871582e-06,5.334615707397461e-06,0.026810435578227043,0.03340113162994385,-0.0065906960517168045,0.04801703989505768,0.05887163430452347,-0.01085459440946579,0.026810435578227043,0.03340113162994385,-0.0065906960517168045,0.05807728320360184,0.0720512643456459,-0.013973981142044067,0.04487602785229683,0.055190492421388626,-0.010314464569091797,0.05671602487564087,0.06376028060913086,-0.00704425573348999,0.05671602487564087,0.06376028060913086,-0.00704425573348999,0.09186653047800064,0.112699955701828,-0.020833425223827362
69#7,MC_ON,transient_50ms,AC_off,probability,0.07779489457607269,0.09858833253383636,-0.020793437957763672,0.07779489457607269,0.09858833253383636,-0.020793437957763672,1380.0,1380.0,0.0,1080.0,1080.0,0.0,0.15277279913425446,0.18908092379570007,-0.03630812466144562,0.0008883178234100342,0.0032683908939361572,-0.002380073070526123,7.450580596923828e-07,2.682209014892578e-06,-1.9371509552001953e-06,0.026809869334101677,0.03340098261833191,-0.006591113284230232,0.04792265594005585,0.058677468448877335,-0.010754812508821487,0.026809869334101677,0.03340098261833191,-0.006591113284230232,0.06909447908401489,0.08408248424530029,-0.0149880051612854,0.044685445725917816,0.05491534620523453,-0.010229900479316711,0.07300634682178497,0.07958249747753143,-0.00657615065574646,0.07300634682178497,0.07958249747753143,-0.00657615065574646,0.09186196327209473,0.11260257661342621,-0.020740613341331482
69#7,MC_ON,large_field_50ms,AC_off,probability,0.06301729381084442,0.07454250752925873,-0.011525213718414307,0.06301729381084442,0.07454250752925873,-0.011525213718414307,360.0,360.0,0.0,60.0,60.0,0.0,0.0003945101343560964,0.0005559817072935402,-0.00016147157293744385,-0.00288507342338562,-0.008226960897445679,0.005341887474060059,-3.528693923726678e-05,-0.0001097868662327528,7.449992699548602e-05,0.026581691578030586,0.032921385020017624,-0.006339693441987038,0.0390155054628849,0.04295656457543373,-0.003941059112548828,0.026581691578030586,0.032921385020017624,-0.006339693441987038,0.0390155054628849,0.04295656457543373,-0.003941059112548828,0.0036863109562546015,0.0038250256329774857,-0.00013871467672288418,0.06488509476184845,0.06970144808292389,-0.0048163533210754395,0.06488509476184845,0.06970144808292389,-0.0048163533210754395,0.00020551125635392964,0.0003948971861973405,-0.00018938592984341085
69#21,PC_OFF,slow_step,normal,logit,0.3535868525505066,0.4597666263580322,-0.10617977380752563,0.3535868525505066,0.4597666263580322,-0.10617977380752563,1520.0,1500.0,20.0,1220.0,1200.0,20.0,0.44963279366493225,0.5509845018386841,-0.10135170817375183,0.11781644821166992,0.16923439502716064,-0.05141794681549072,-0.0002917945384979248,-0.0006095170974731445,0.0003177225589752197,0.06758414208889008,0.06820576637983322,-0.0006216242909431458,0.24961765110492706,0.32973191142082214,-0.08011426031589508,0.06758414208889008,0.06820576637983322,-0.0006216242909431458,0.13270676136016846,0.15350496768951416,-0.020798206329345703,0.0,0.0,0.0,0.0,0.0,0.0,0.0,0.0,0.0,0.0,0.0,0.0
69#21,PC_OFF,slow_1Hz,normal,logit,0.35358691215515137,0.459766685962677,-0.10617977380752563,0.35358691215515137,0.459766685962677,-0.10617977380752563,1020.0,1000.0,20.0,720.0,700.0,20.0,0.44966763257980347,0.5510539412498474,-0.10138630867004395,0.1178165078163147,0.16923445463180542,-0.05141794681549072,-0.000256955623626709,-0.0005400776863098145,0.00028312206268310547,0.06758414208889008,0.06820576637983322,-0.0006216242909431458,0.24962586164474487,0.3297429382801056,-0.08011707663536072,0.06758414208889008,0.06820576637983322,-0.0006216242909431458,0.13270717859268188,0.15350516140460968,-0.020797982811927795,0.0,0.0,0.0,0.0,0.0,0.0,0.0,0.0,0.0,0.0,0.0,0.0
69#21,PC_OFF,slow_2Hz,normal,logit,0.35358643531799316,0.45976394414901733,-0.10617750883102417,0.35358643531799316,0.45976394414901733,-0.10617750883102417,773.3333333333334,746.6666666666667,26.66666666666663,473.33333333333337,446.66666666666674,26.66666666666663,0.44973674416542053,0.5511918067932129,-0.10145506262779236,0.1178160309791565,0.16923171281814575,-0.05141568183898926,-0.00018784403800964355,-0.00040221214294433594,0.00021436810493469238,0.06758414208889008,0.06820576637983322,-0.0006216242909431458,0.24978989362716675,0.32997551560401917,-0.08018562197685242,0.06758414208889008,0.06820576637983322,-0.0006216242909431458,0.13010264933109283,0.15008781850337982,-0.019985169172286987,0.0,0.0,0.0,0.0,0.0,0.0,0.0,0.0,0.0,0.0,0.0,0.0
69#21,PC_OFF,rapid_10Hz,normal,logit,0.2773078680038452,0.3505762815475464,-0.07326841354370117,0.2773078680038452,0.3505762815475464,-0.07326841354370117,420.0,420.0,0.0,120.0,120.0,0.0,0.44992372393608093,0.5515881776809692,-0.1016644537448883,0.041537463665008545,0.060044050216674805,-0.01850658655166626,-8.642673492431641e-07,-5.841255187988281e-06,4.976987838745117e-06,0.06758414208889008,0.06820576637983322,-0.0006216242909431458,0.18556588888168335,0.24734090268611908,-0.06177501380443573,0.06758414208889008,0.06820576637983322,-0.0006216242909431458,0.16137750446796417,0.18328602612018585,-0.02190852165222168,0.0,0.0,0.0,0.0,0.0,0.0,0.0,0.0,0.0,0.0,0.0,0.0
69#21,PC_OFF,rapid_20Hz,normal,logit,0.24197936058044434,0.2978209853172302,-0.05584162473678589,0.24197936058044434,0.2978209853172302,-0.05584162473678589,420.0,420.0,0.0,120.0,120.0,0.0,0.4499267637729645,0.5515968203544617,-0.10167005658149719,0.006208956241607666,0.007288753986358643,-0.0010797977447509766,2.175569534301758e-06,2.8014183044433594e-06,-6.258487701416016e-07,0.07021576911211014,0.0745314508676529,-0.004315681755542755,0.1543610394001007,0.2010384500026703,-0.04667741060256958,0.07021576911211014,0.0745314508676529,-0.004315681755542755,0.16180533170700073,0.18308405578136444,-0.02127872407436371,0.0,0.0,0.0,0.0,0.0,0.0,0.0,0.0,0.0,0.0,0.0,0.0
69#21,PC_OFF,transient_50ms,normal,logit,0.30952346324920654,0.3986997604370117,-0.08917629718780518,0.30952346324920654,0.3986997604370117,-0.08917629718780518,1373.3333333333335,1366.6666666666667,6.6666666666667425,1073.3333333333335,1066.6666666666667,6.6666666666667425,0.44991421699523926,0.5515726208686829,-0.1016584038734436,0.07375305891036987,0.10816752910614014,-0.034414470195770264,-1.0371208190917969e-05,-2.1398067474365234e-05,1.1026859283447266e-05,0.06758414208889008,0.06820576637983322,-0.0006216242909431458,0.13929671049118042,0.17685478925704956,-0.03755807876586914,0.06758414208889008,0.06820576637983322,-0.0006216242909431458,0.14446592330932617,0.15406234562397003,-0.00959642231464386,0.0,0.0,0.0,0.0,0.0,0.0,0.0,0.0,0.0,0.0,0.0,0.0
69#21,PC_OFF,large_field_50ms,normal,logit,0.13443690538406372,0.132523775100708,0.0019131302833557129,0.13443690538406372,0.132523775100708,0.0019131302833557129,353.33333333333337,346.6666666666667,6.666666666666686,53.33333333333337,46.666666666666686,6.666666666666686,0.0,-3.9736430812453705e-10,3.9736430812453705e-10,-0.06891852617263794,-0.10479390621185303,0.03587538003921509,7.947286162490741e-10,3.9736430812453705e-10,3.9736430812453705e-10,0.06744197010993958,0.06786395609378815,-0.0004219859838485718,0.059514906257390976,0.05557287484407425,0.003942031413316727,0.06744197010993958,0.06786395609378815,-0.0004219859838485718,0.059514906257390976,0.05557287484407425,0.003942031413316727,0.0,0.0,0.0,0.0,0.0,0.0,0.0,0.0,0.0,0.0,0.0,0.0
69#21,PC_OFF,slow_step,normal,probability,0.07426318526268005,0.09861531853675842,-0.02435213327407837,0.07426318526268005,0.09861531853675842,-0.02435213327407837,1520.0,1500.0,20.0,1220.0,1200.0,20.0,0.09322036057710648,0.11652413010597229,-0.023303769528865814,0.025888413190841675,0.03823035955429077,-0.012341946363449097,0.0011399686336517334,0.002263769507408142,-0.0011238008737564087,0.013500895351171494,0.013645555824041367,-0.00014466047286987305,0.05169524624943733,0.06952256709337234,-0.017827320843935013,0.013500895351171494,0.013645555824041367,-0.00014466047286987305,0.026703573763370514,0.03117045760154724,-0.004466883838176727,0.0,0.0,0.0,0.0,0.0,0.0,0.0,0.0,0.0,0.0,0.0,0.0
69#21,PC_OFF,slow_1Hz,normal,probability,0.07426318526268005,0.09861534833908081,-0.024352163076400757,0.07426318526268005,0.09861534833908081,-0.024352163076400757,1020.0,1000.0,20.0,720.0,700.0,20.0,0.09314269572496414,0.11638303101062775,-0.023240335285663605,0.025888413190841675,0.03823038935661316,-0.012341976165771484,0.0010623037815093994,0.0021226704120635986,-0.0010603666305541992,0.013500895351171494,0.013645555824041367,-0.00014466047286987305,0.0516970269382,0.06952503323554993,-0.01782800629734993,0.013500895351171494,0.013645555824041367,-0.00014466047286987305,0.026703666895627975,0.031170491129159927,-0.004466824233531952,0.0,0.0,0.0,0.0,0.0,0.0,0.0,0.0,0.0,0.0,0.0,0.0
69#21,PC_OFF,slow_2Hz,normal,probability,0.07426309585571289,0.09861472249031067,-0.02435162663459778,0.07426309585571289,0.09861472249031067,-0.02435162663459778,773.3333333333334,746.6666666666667,26.66666666666663,473.33333333333337,446.66666666666674,26.66666666666663,0.09298447519540787,0.11609534174203873,-0.02311086654663086,0.02588832378387451,0.03822976350784302,-0.012341439723968506,0.000904083251953125,0.0018349811434745789,-0.0009308978915214539,0.013500895351171494,0.013645555824041367,-0.00014466047286987305,0.05173265561461449,0.06957709789276123,-0.017844442278146744,0.013500895351171494,0.013645555824041367,-0.00014466047286987305,0.026150861755013466,0.030423935502767563,-0.004273073747754097,0.0,0.0,0.0,0.0,0.0,0.0,0.0,0.0,0.0,0.0,0.0,0.0
69#21,PC_OFF,rapid_10Hz,normal,probability,0.057380348443984985,0.07371753454208374,-0.016337186098098755,0.057380348443984985,0.07371753454208374,-0.016337186098098755,420.0,420.0,0.0,120.0,120.0,0.0,0.09214670956134796,0.11441738158464432,-0.022270672023296356,0.009005576372146606,0.013332575559616089,-0.004326999187469482,6.6317617893219e-05,0.00015702098608016968,-9.070336818695068e-05,0.013500895351171494,0.013645555824041367,-0.00014466047286987305,0.03785296529531479,0.05117573216557503,-0.013322766870260239,0.013500895351171494,0.013645555824041367,-0.00014466047286987305,0.03263280168175697,0.03736621141433716,-0.004733409732580185,0.0,0.0,0.0,0.0,0.0,0.0,0.0,0.0,0.0,0.0,0.0,0.0
69#21,PC_OFF,rapid_20Hz,normal,probability,0.04971221089363098,0.061989009380340576,-0.012276798486709595,0.04971221089363098,0.061989009380340576,-0.012276798486709595,420.0,420.0,0.0,120.0,120.0,0.0,0.09207073599100113,0.11424984037876129,-0.022179104387760162,0.0013374388217926025,0.0016040503978729248,-0.00026661157608032227,-9.655952453613281e-06,-1.0520219802856445e-05,8.642673492431641e-07,0.01404612511396408,0.014961615204811096,-0.0009154900908470154,0.031284965574741364,0.041218169033527374,-0.00993320345878601,0.01404612511396408,0.014961615204811096,-0.0009154900908470154,0.032764773815870285,0.037370577454566956,-0.0046058036386966705,0.0,0.0,0.0,0.0,0.0,0.0,0.0,0.0,0.0,0.0,0.0,0.0
69#21,PC_OFF,transient_50ms,normal,probability,0.06445735692977905,0.08459126949310303,-0.020133912563323975,0.06445735692977905,0.08459126949310303,-0.020133912563323975,1373.3333333333335,1366.6666666666667,6.6666666666667425,1073.3333333333335,1066.6666666666667,6.6666666666667425,0.09211412072181702,0.11433329433202744,-0.02221917361021042,0.016082584857940674,0.024206310510635376,-0.008123725652694702,3.372877836227417e-05,7.293373346328735e-05,-3.9204955101013184e-05,0.013500895351171494,0.013645555824041367,-0.00014466047286987305,0.028226841241121292,0.03619066998362541,-0.00796382874250412,0.013500895351171494,0.013645555824041367,-0.00014466047286987305,0.029079314321279526,0.031149527058005333,-0.002070212736725807,0.0,0.0,0.0,0.0,0.0,0.0,0.0,0.0,0.0,0.0,0.0,0.0
69#21,PC_OFF,large_field_50ms,normal,probability,0.02699488401412964,0.02665168046951294,0.0003432035446166992,0.02699488401412964,0.02665168046951294,0.0003432035446166992,353.33333333333337,346.6666666666667,6.666666666666686,53.33333333333337,46.666666666666686,6.666666666666686,6.728708831360564e-05,6.43399398541078e-05,2.9471484594978392e-06,-0.0144481360912323,-0.022146761417388916,0.007698625326156616,-8.880446694092825e-05,-0.00015494824037887156,6.614377343794331e-05,0.013471674174070358,0.01357528567314148,-0.00010361149907112122,0.011889495886862278,0.011116981506347656,0.0007725143805146217,0.013471674174070358,0.01357528567314148,-0.00010361149907112122,0.011889495886862278,0.011116981506347656,0.0007725143805146217,0.0,0.0,0.0,0.0,0.0,0.0,0.0,0.0,0.0,0.0,0.0,0.0
69#21,PC_OFF,slow_step,H1_off,logit,0.35324496030807495,0.45906972885131836,-0.10582476854324341,0.35324496030807495,0.45906972885131836,-0.10582476854324341,1520.0,1506.6666666666667,13.333333333333258,1220.0,1206.6666666666667,13.333333333333258,0.45018088817596436,0.5521100163459778,-0.10192912817001343,0.11718946695327759,0.16792583465576172,-0.05073636770248413,-0.00028884410858154297,-0.0006009340286254883,0.0003120899200439453,0.06775157898664474,0.06862551718950272,-0.0008739382028579712,0.24935580790042877,0.32924318313598633,-0.07988737523555756,0.06775157898664474,0.06862551718950272,-0.0008739382028579712,0.13334861397743225,0.15469729900360107,-0.021348685026168823,0.0005940356058999896,0.001209415029734373,-0.0006153794238343835,0.0009529590606689453,0.0020076632499694824,-0.0010547041893005371,0.0009529590606689453,0.0020076632499694824,-0.0010547041893005371,0.0005481120315380394,0.0011255057761445642,-0.0005773937446065247
69#21,PC_OFF,slow_1Hz,H1_off,logit,0.3532450199127197,0.45906972885131836,-0.10582470893859863,0.3532450199127197,0.45906972885131836,-0.10582470893859863,1020.0,1006.6666666666667,13.333333333333258,720.0,706.6666666666667,13.333333333333258,0.4502154588699341,0.552178680896759,-0.10196322202682495,0.11718952655792236,0.16792583465576172,-0.050736308097839355,-0.0002542734146118164,-0.0005322694778442383,0.0002779960632324219,0.06775157898664474,0.06862551718950272,-0.0008739382028579712,0.24936401844024658,0.329254150390625,-0.07989013195037842,0.06775157898664474,0.06862551718950272,-0.0008739382028579712,0.13334904611110687,0.15469753742218018,-0.021348491311073303,0.0005888821906410158,0.0012092500692233443,-0.0006203678785823286,0.000989079475402832,0.0021103620529174805,-0.0011212825775146484,0.000989079475402832,0.0021103620529174805,-0.0011212825775146484,0.0005478262901306152,0.0011247567599639297,-0.0005769304698333144
69#21,PC_OFF,slow_2Hz,H1_off,logit,0.3532456159591675,0.45907002687454224,-0.10582441091537476,0.3532456159591675,0.45907002687454224,-0.10582441091537476,773.3333333333334,753.3333333333334,20.0,473.33333333333337,453.33333333333337,20.0,0.45028403401374817,0.5523150563240051,-0.10203102231025696,0.11719012260437012,0.1679261326789856,-0.05073601007461548,-0.0001856982707977295,-0.00039589405059814453,0.00021019577980041504,0.06775157898664474,0.06862551718950272,-0.0008739382028579712,0.2495243400335312,0.32948142290115356,-0.07995708286762238,0.06775157898664474,0.06862551718950272,-0.0008739382028579712,0.13076308369636536,0.15131592750549316,-0.020552843809127808,0.0005772749427706003,0.0012062669266015291,-0.0006289919838309288,0.0009886622428894043,0.0021099448204040527,-0.0011212825775146484,0.0009886622428894043,0.0021099448204040527,-0.0011212825775146484,0.0005472819320857525,0.0011232852702960372,-0.0005760033382102847
69#21,PC_OFF,rapid_10Hz,H1_off,logit,0.2772529125213623,0.3504445552825928,-0.07319164276123047,0.2772529125213623,0.3504445552825928,-0.07319164276123047,420.0,420.0,0.0,120.0,120.0,0.0,0.4504689574241638,0.5527053475379944,-0.10223639011383057,0.04119741916656494,0.05930066108703613,-0.01810324192047119,-7.748603820800781e-07,-5.602836608886719e-06,4.827976226806641e-06,0.06775157898664474,0.06862551718950272,-0.0008739382028579712,0.18549489974975586,0.24712735414505005,-0.06163245439529419,0.06775157898664474,0.06862551718950272,-0.0008739382028579712,0.1619417667388916,0.18444769084453583,-0.022505924105644226,0.00028869888046756387,0.0006063046166673303,-0.0003176057361997664,0.0007059574127197266,0.0015066266059875488,-0.0008006691932678223,0.0007059574127197266,0.0015066266059875488,-0.0008006691932678223,0.0005452478071674705,0.0011172676458954811,-0.0005720198387280107
69#21,PC_OFF,rapid_20Hz,H1_off,logit,0.24216783046722412,0.29821038246154785,-0.05604255199432373,0.24216783046722412,0.29821038246154785,-0.05604255199432373,420.0,420.0,0.0,120.0,120.0,0.0,0.4504719078540802,0.5527138710021973,-0.10224196314811707,0.006112337112426758,0.007066488265991211,-0.0009541511535644531,2.175569534301758e-06,2.9206275939941406e-06,-7.450580596923828e-07,0.07036588340997696,0.0748945102095604,-0.004528626799583435,0.15448783338069916,0.2012423276901245,-0.046754494309425354,0.07036588340997696,0.0748945102095604,-0.004528626799583435,0.16208258271217346,0.18369552493095398,-0.021612942218780518,0.0002703942882362753,0.0005560276913456619,-0.00028563340310938656,0.0003973841667175293,0.0008431673049926758,-0.0004457831382751465,0.0003973841667175293,0.0008431673049926758,-0.0004457831382751465,0.0005451770848594606,0.0011170180514454842,-0.0005718409665860236
69#21,PC_OFF,transient_50ms,H1_off,logit,0.30930519104003906,0.3981844186782837,-0.08887922763824463,0.30930519104003906,0.3981844186782837,-0.08887922763824463,1373.3333333333335,1366.6666666666667,6.6666666666667425,1073.3333333333335,1066.6666666666667,6.6666666666667425,0.45045939087867737,0.5526898503303528,-0.10223045945167542,0.0732496976852417,0.10704052448272705,-0.03379082679748535,-1.0341405868530273e-05,-2.110004425048828e-05,1.0758638381958008e-05,0.06775157898664474,0.06862551718950272,-0.0008739382028579712,0.13951924443244934,0.1772872507572174,-0.037768006324768066,0.06775157898664474,0.06862551718950272,-0.0008739382028579712,0.14513924717903137,0.15550093352794647,-0.0103616863489151,0.0002746846294030547,0.0005669415113516152,-0.0002922568819485605,0.0007368922233581543,0.0015854239463806152,-0.0008485317230224609,0.0007368922233581543,0.0015854239463806152,-0.0008485317230224609,0.0005452613113448024,0.0011172016384080052,-0.0005719403270632029
69#21,PC_OFF,large_field_50ms,H1_off,logit,0.1355193853378296,0.13481295108795166,0.0007064342498779297,0.1355193853378296,0.13481295108795166,0.0007064342498779297,353.33333333333337,353.33333333333337,0.0,53.33333333333337,53.33333333333337,0.0,-1.5894572324981482e-09,-7.947286162490741e-10,-7.947286162490741e-10,0.3390798568725586,-0.10296505689620972,0.4420449137687683,1.19209286886246e-09,-3.9736430812453705e-10,1.589457176986997e-09,0.06775157898664474,0.06862551718950272,-0.0008739382028579712,0.06060255318880081,0.05777400732040405,0.002828545868396759,0.06775157898664474,0.06862551718950272,-0.0008739382028579712,0.06060255318880081,0.05777400732040405,0.002828545868396759,8.9311994088348e-05,0.000187849800568074,-9.853780647972599e-05,-0.0012755393981933594,0.0026660561561584473,-0.003941595554351807,0.0012755393981933594,0.0026660561561584473,-0.0013905167579650879,-1.5894572324981482e-09,-3.9736430812453705e-10,-1.1920929243736111e-09
69#21,PC_OFF,slow_step,H1_off,probability,0.0741865336894989,0.09845396876335144,-0.02426743507385254,0.0741865336894989,0.09845396876335144,-0.02426743507385254,1520.0,1506.6666666666667,13.333333333333258,1220.0,1206.6666666666667,13.333333333333258,0.09332544356584549,0.1167352944612503,-0.023409850895404816,0.025750428438186646,0.03793454170227051,-0.012184113264083862,0.0011282935738563538,0.0022307932376861572,-0.0011024996638298035,0.01353532075881958,0.013731896877288818,-0.00019657611846923828,0.051638197153806686,0.06941259652376175,-0.017774399369955063,0.01353532075881958,0.013731896877288818,-0.00019657611846923828,0.026835311204195023,0.031416282057762146,-0.004580970853567123,0.0001241809077328071,0.00025522391661070287,-0.00013104300887789577,0.00019493699073791504,0.00041171908378601074,-0.0002167820930480957,0.00019493699073791504,0.00041171908378601074,-0.0002167820930480957,0.00010508477862458676,0.00021117548749316484,-0.00010609070886857808
69#21,PC_OFF,slow_1Hz,H1_off,probability,0.07418656349182129,0.09845396876335144,-0.02426740527153015,0.07418656349182129,0.09845396876335144,-0.02426740527153015,1020.0,1006.6666666666667,13.333333333333258,720.0,706.6666666666667,13.333333333333258,0.09324824064970016,0.11659528315067291,-0.023347042500972748,0.025750458240509033,0.03793454170227051,-0.012184083461761475,0.001051090657711029,0.0020907819271087646,-0.0010396912693977356,0.01353532075881958,0.013731896877288818,-0.00019657611846923828,0.051639970391988754,0.06941505521535873,-0.01777508482336998,0.01353532075881958,0.013731896877288818,-0.00019657611846923828,0.026835404336452484,0.03141631931066513,-0.0045809149742126465,0.00012323677947279066,0.00025563238887116313,-0.00013239560939837247,0.00020235776901245117,0.0004323124885559082,-0.00022995471954345703,0.00020235776901245117,0.0004323124885559082,-0.00022995471954345703,0.00010555128392297775,0.00021223128715064377,-0.00010668000322766602
69#21,PC_OFF,slow_2Hz,H1_off,probability,0.07418671250343323,0.09845402836799622,-0.02426731586456299,0.07418671250343323,0.09845402836799622,-0.02426731586456299,773.3333333333334,753.3333333333334,20.0,473.33333333333337,453.33333333333337,20.0,0.09309101104736328,0.1163097694516182,-0.023218758404254913,0.02575060725212097,0.03793460130691528,-0.012183994054794312,0.0008938610553741455,0.0018052682280540466,-0.0009114071726799011,0.01353532075881958,0.013731896877288818,-0.00019657611846923828,0.05167478322982788,0.06946589052677155,-0.017791107296943665,0.01353532075881958,0.013731896877288818,-0.00019657611846923828,0.02628648281097412,0.030677510425448418,-0.004391027614474297,0.00012106388749089092,0.00025587607524357736,-0.00013481218775268644,0.00020229816436767578,0.0004322528839111328,-0.00022995471954345703,0.00020229816436767578,0.0004322528839111328,-0.00022995471954345703,0.00010654270590748638,0.00021442573051899672,-0.00010788302461151034
69#21,PC_OFF,rapid_10Hz,H1_off,probability,0.05736836791038513,0.07368803024291992,-0.01631966233253479,0.05736836791038513,0.07368803024291992,-0.01631966233253479,420.0,420.0,0.0,120.0,120.0,0.0,0.09226223081350327,0.11465758085250854,-0.02239535003900528,0.008932262659072876,0.01316860318183899,-0.004236340522766113,6.508082151412964e-05,0.00015307962894439697,-8.799880743026733e-05,0.01353532075881958,0.013731896877288818,-0.00019657611846923828,0.0378383994102478,0.051130205392837524,-0.013291805982589722,0.01353532075881958,0.013731896877288818,-0.00019657611846923828,0.03275041654706001,0.03761015087366104,-0.0048597343266010284,6.119340832810849e-05,0.0001306118501815945,-6.9418441853486e-05,0.00014609098434448242,0.000313490629196167,-0.00016739964485168457,0.00014609098434448242,0.000313490629196167,-0.00016739964485168457,0.00011550943600013852,0.0002401914243819192,-0.00012468198838178068
69#21,PC_OFF,rapid_20Hz,H1_off,probability,0.0497528612613678,0.06207481026649475,-0.012321949005126953,0.0497528612613678,0.06207481026649475,-0.012321949005126953,420.0,420.0,0.0,120.0,120.0,0.0,0.09218743443489075,0.11449374258518219,-0.022306308150291443,0.001316756010055542,0.0015553832054138184,-0.00023862719535827637,-9.715557098388672e-06,-1.0758638381958008e-05,1.043081283569336e-06,0.01407705619931221,0.015036657452583313,-0.0009596012532711029,0.03131202235817909,0.04126295447349548,-0.009950932115316391,0.01407705619931221,0.015036657452583313,-0.0009596012532711029,0.032822754234075546,0.03749952092766762,-0.0046767666935920715,5.78509752813261e-05,0.00012133349810028449,-6.348252281895839e-05,8.475780487060547e-05,0.00018328428268432617,-9.85264778137207e-05,8.475780487060547e-05,0.00018328428268432617,-9.85264778137207e-05,0.0001166800720966421,0.00024389407190028578,-0.00012721399980364367
69#21,PC_OFF,transient_50ms,H1_off,probability,0.06440913677215576,0.08447396755218506,-0.020064830780029297,0.06440913677215576,0.08447396755218506,-0.020064830780029297,1373.3333333333335,1366.6666666666667,6.6666666666667425,1073.3333333333335,1066.6666666666667,6.6666666666667425,0.09223052859306335,0.11457637697458267,-0.022345848381519318,0.015973031520843506,0.023954540491104126,-0.00798150897026062,3.337860107421875e-05,7.187575101852417e-05,-3.849714994430542e-05,0.01353532075881958,0.013731896877288818,-0.00019657611846923828,0.02827322855591774,0.03628255054354668,-0.008009321987628937,0.01353532075881958,0.013731896877288818,-0.00019657611846923828,0.029219070449471474,0.03144976124167442,-0.0022306907922029495,5.8729550801217556e-05,0.0001235445379279554,-6.481498712673783e-05,0.000152587890625,0.0003286898136138916,-0.0001761019229888916,0.000152587890625,0.0003286898136138916,-0.0001761019229888916,0.00011641423043329269,0.0002430625754641369,-0.0001266483450308442
69#21,PC_OFF,large_field_50ms,H1_off,probability,0.02721869945526123,0.027125626802444458,9.307265281677246e-05,0.02721869945526123,0.027125626802444458,9.307265281677246e-05,353.33333333333337,353.33333333333337,0.0,53.33333333333337,53.33333333333337,0.0,6.823638977948576e-05,6.645163375651464e-05,1.7847560229711235e-06,-0.014267891645431519,-0.02177208662033081,0.007504194974899292,-8.817255729809403e-05,-0.00015369673928944394,6.55241819913499e-05,0.01353532075881958,0.013731896877288818,-0.00019657611846923828,0.012107751332223415,0.011559592559933662,0.000548158772289753,0.01353532075881958,0.013731896877288818,-0.00019657611846923828,0.012107751332223415,0.011559592559933662,0.000548158772289753,1.7384290913469158e-05,3.663892493932508e-05,-1.925463402585592e-05,0.0002594292163848877,0.0005438327789306641,-0.00028440356254577637,0.0002594292163848877,0.0005438327789306641,-0.00028440356254577637,9.493033417129482e-07,2.111693220285815e-06,-1.162389878572867e-06
69#21,PC_OFF,slow_step,AC_off,logit,0.361688494682312,0.5331258177757263,-0.1714373230934143,0.361688494682312,0.5331258177757263,-0.1714373230934143,1626.6666666666667,1593.3333333333335,33.33333333333326,1326.6666666666667,1293.3333333333335,33.33333333333326,0.7197577357292175,1.055607557296753,-0.3358498215675354,0.00021266937255859375,0.0026795268058776855,-0.002466857433319092,3.5762786865234375e-07,1.0728836059570312e-06,-7.152557373046875e-07,0.10582595318555832,0.14183244109153748,-0.036006487905979156,0.25590187311172485,0.39097917079925537,-0.13507729768753052,0.10582595318555832,0.14183244109153748,-0.036006487905979156,0.35833609104156494,0.5234148502349854,-0.1650787591934204,0.13491658866405487,0.25023916363716125,-0.11532257497310638,0.2620459794998169,0.43135011196136475,-0.16930413246154785,0.2620459794998169,0.43135011196136475,-0.16930413246154785,0.2701249420642853,0.5046229958534241,-0.2344980537891388
69#21,PC_OFF,slow_1Hz,AC_off,logit,0.36168867349624634,0.5331262350082397,-0.1714375615119934,0.36168867349624634,0.5331262350082397,-0.1714375615119934,1140.0,1086.6666666666667,53.33333333333326,840.0,786.6666666666667,53.33333333333326,0.7197577953338623,1.0556076765060425,-0.3358498811721802,0.00021284818649291992,0.0026799440383911133,-0.0024670958518981934,4.172325134277344e-07,1.1920928955078125e-06,-7.748603820800781e-07,0.10582595318555832,0.14183244109153748,-0.036006487905979156,0.2559019923210144,0.3909795880317688,-0.1350775957107544,0.10582595318555832,0.14183244109153748,-0.036006487905979156,0.35834479331970215,0.5234278440475464,-0.16508305072784424,0.13489960134029388,0.25020503997802734,-0.11530543863773346,0.2620459794998169,0.43135011196136475,-0.16930413246154785,0.2620459794998169,0.43135011196136475,-0.16930413246154785,0.27009013295173645,0.5045536160469055,-0.23446348309516907
69#21,PC_OFF,slow_2Hz,AC_off,logit,0.3616943359375,0.5331388711929321,-0.17144453525543213,0.3616943359375,0.5331388711929321,-0.17144453525543213,806.6666666666667,806.6666666666667,0.0,506.66666666666674,506.66666666666674,0.0,0.7197577357292175,1.0556076765060425,-0.33584994077682495,0.00021851062774658203,0.002692580223083496,-0.002474069595336914,3.5762786865234375e-07,1.1920928955078125e-06,-8.344650268554688e-07,0.10582595318555832,0.14183244109153748,-0.036006487905979156,0.25589969754219055,0.390982061624527,-0.13508236408233643,0.10582595318555832,0.14183244109153748,-0.036006487905979156,0.35851338505744934,0.5236462950706482,-0.16513291001319885,0.13487422466278076,0.25014856457710266,-0.1152743399143219,0.2620459794998169,0.43135011196136475,-0.16930413246154785,0.2620459794998169,0.43135011196136475,-0.16930413246154785,0.2700210213661194,0.5044159293174744,-0.23439490795135498
69#21,PC_OFF,rapid_10Hz,AC_off,logit,0.36171936988830566,0.5311902761459351,-0.1694709062576294,0.36171936988830566,0.5311902761459351,-0.1694709062576294,420.0,420.0,0.0,120.0,120.0,0.0,0.7197574377059937,1.0556069612503052,-0.3358495235443115,0.0002435445785522461,0.0007439851760864258,-0.0005004405975341797,5.960464477539063e-08,4.76837158203125e-07,-4.172325134277344e-07,0.10582595318555832,0.14183244109153748,-0.036006487905979156,0.25464457273483276,0.3873696029186249,-0.13272503018379211,0.10582595318555832,0.14183244109153748,-0.036006487905979156,0.3198395073413849,0.4561224579811096,-0.13628295063972473,0.13288214802742004,0.24766944348812103,-0.11478729546070099,0.18423593044281006,0.32285982370376587,-0.1386238932609558,0.18423593044281006,0.32285982370376587,-0.1386238932609558,0.2698337733745575,0.5040187835693359,-0.23418501019477844
69#21,PC_OFF,rapid_20Hz,AC_off,logit,0.3614518642425537,0.530412495136261,-0.16896063089370728,0.3614518642425537,0.530412495136261,-0.16896063089370728,420.0,420.0,0.0,120.0,120.0,0.0,0.7197573781013489,1.055606722831726,-0.3358493447303772,-2.396106719970703e-05,-3.3795833587646484e-05,9.834766387939453e-06,0.0,2.384185791015625e-07,-2.384185791015625e-07,0.10584677010774612,0.1419183313846588,-0.03607156127691269,0.2543628513813019,0.38655519485473633,-0.13219234347343445,0.10584677010774612,0.1419183313846588,-0.03607156127691269,0.24666066467761993,0.33972251415252686,-0.09306184947490692,0.1317138969898224,0.24604827165603638,-0.11433437466621399,0.14865469932556152,0.26861274242401123,-0.11995804309844971,0.14865469932556152,0.26861274242401123,-0.11995804309844971,0.2698306441307068,0.5040098428726196,-0.23417919874191284
69#21,PC_OFF,transient_50ms,AC_off,logit,0.3608415126800537,0.530692458152771,-0.16985094547271729,0.3608415126800537,0.530692458152771,-0.16985094547271729,1380.0,1380.0,0.0,1080.0,1080.0,0.0,0.7197572588920593,1.0556057691574097,-0.33584851026535034,-0.000634312629699707,0.0002461671829223633,-0.0008804798126220703,-1.1920928955078125e-07,-7.152557373046875e-07,5.960464477539062e-07,0.10582595318555832,0.14183244109153748,-0.036006487905979156,0.25422370433807373,0.38611698150634766,-0.13189327716827393,0.10582595318555832,0.14183244109153748,-0.036006487905979156,0.3196896016597748,0.4556296169757843,-0.13594001531600952,0.13092494010925293,0.2449120581150055,-0.11398711800575256,0.18926799297332764,0.3231867551803589,-0.13391876220703125,0.18926799297332764,0.3231867551803589,-0.13391876220703125,0.26984310150146484,0.5040332078933716,-0.23419010639190674
69#21,PC_OFF,large_field_50ms,AC_off,logit,0.286146879196167,-0.39440250396728516,0.6805493831634521,0.286146879196167,0.39440250396728516,-0.10825562477111816,360.0,1360.0,-1000.0,60.0,1060.0,-1000.0,7.947286162490741e-10,-3.5762788286319847e-09,4.371007444881059e-09,-0.001860499382019043,-0.7944861650466919,0.7926256656646729,3.9736430812453705e-10,-3.973643136756522e-09,4.371007444881059e-09,0.105611152946949,0.1411300152540207,-0.035518862307071686,0.2154703587293625,0.31407657265663147,-0.09860621392726898,0.105611152946949,0.1411300152540207,-0.035518862307071686,0.2154703587293625,0.31407657265663147,-0.09860621392726898,0.013059244491159916,0.021369127556681633,-0.008309883065521717,-0.17465686798095703,0.289389967918396,-0.464046835899353,0.17465686798095703,0.289389967918396,-0.11473309993743896,7.947286162490741e-10,-3.1789144649962964e-09,3.9736430812453705e-09
69#21,PC_OFF,slow_step,AC_off,probability,0.0760815441608429,0.11576995253562927,-0.03968840837478638,0.0760815441608429,0.11576995253562927,-0.03968840837478638,1626.6666666666667,1593.3333333333335,33.33333333333326,1326.6666666666667,1293.3333333333335,33.33333333333326,0.15122446417808533,0.22876040637493134,-0.07753594219684601,4.780292510986328e-05,0.0006321072578430176,-0.0005843043327331543,-1.4901161193847656e-06,-4.1425228118896484e-06,2.652406692504883e-06,0.02149626612663269,0.02923078089952469,-0.007734514772891998,0.053070154041051865,0.0833728089928627,-0.030302654951810837,0.02149626612663269,0.02923078089952469,-0.007734514772891998,0.07532854378223419,0.11348102986812592,-0.038152486085891724,0.028969597071409225,0.05566011369228363,-0.026690516620874405,0.05615884065628052,0.0951264500617981,-0.03896760940551758,0.05615884065628052,0.0951264500617981,-0.03896760940551758,0.05800408869981766,0.11223626881837845,-0.05423218011856079
69#21,PC_OFF,slow_1Hz,AC_off,probability,0.07608157396316528,0.11577007174491882,-0.03968849778175354,0.07608157396316528,0.11577007174491882,-0.03968849778175354,1140.0,1086.6666666666667,53.33333333333326,840.0,786.6666666666667,53.33333333333326,0.15122443437576294,0.22876028716564178,-0.07753585278987885,4.7832727432250977e-05,0.0006322264671325684,-0.0005843937397003174,-1.519918441772461e-06,-4.26173210144043e-06,2.7418136596679688e-06,0.02149626612663269,0.02923078089952469,-0.007734514772891998,0.05307018384337425,0.08337289094924927,-0.030302707105875015,0.02149626612663269,0.02923078089952469,-0.007734514772891998,0.07533049583435059,0.11348409950733185,-0.03815360367298126,0.02900850586593151,0.05573071911931038,-0.026722213253378868,0.05615884065628052,0.0951264500617981,-0.03896760940551758,0.05615884065628052,0.0951264500617981,-0.03896760940551758,0.058081723749637604,0.11237723380327225,-0.054295510053634644
69#21,PC_OFF,slow_2Hz,AC_off,probability,0.07608285546302795,0.11577305197715759,-0.03969019651412964,0.07608285546302795,0.11577305197715759,-0.03969019651412964,806.6666666666667,806.6666666666667,0.0,506.66666666666674,506.66666666666674,0.0,0.15122437477111816,0.2287600189447403,-0.07753564417362213,4.9114227294921875e-05,0.0006352066993713379,-0.000586092472076416,-1.5795230865478516e-06,-4.5299530029296875e-06,2.950429916381836e-06,0.02149626612663269,0.02923078089952469,-0.007734514772891998,0.053069666028022766,0.08337344229221344,-0.030303776264190674,0.02149626612663269,0.02923078089952469,-0.007734514772891998,0.07536833733320236,0.11353550851345062,-0.03816717118024826,0.029089488089084625,0.05587706342339516,-0.02678757533431053,0.05615884065628052,0.0951264500617981,-0.03896760940551758,0.05615884065628052,0.0951264500617981,-0.03896760940551758,0.058239907026290894,0.11266469955444336,-0.054424792528152466
69#21,PC_OFF,rapid_10Hz,AC_off,probability,0.07608848810195923,0.115313321352005,-0.039224833250045776,0.07608848810195923,0.115313321352005,-0.039224833250045776,420.0,420.0,0.0,120.0,120.0,0.0,0.15122513473033905,0.22876174747943878,-0.07753661274909973,5.474686622619629e-05,0.00017547607421875,-0.00012072920799255371,-8.195638656616211e-07,-2.8014183044433594e-06,1.9818544387817383e-06,0.02149626612663269,0.02923078089952469,-0.007734514772891998,0.05279531702399254,0.08254607021808624,-0.029750753194093704,0.02149626612663269,0.02923078089952469,-0.007734514772891998,0.0667649358510971,0.09783579409122467,-0.031070858240127563,0.029102271422743797,0.056213218718767166,-0.02711094729602337,0.04009509086608887,0.07265716791152954,-0.032562077045440674,0.04009509086608887,0.07265716791152954,-0.032562077045440674,0.05907842144370079,0.11434433609247208,-0.055265914648771286
69#21,PC_OFF,rapid_20Hz,AC_off,probability,0.07602834701538086,0.11512982845306396,-0.039101481437683105,0.07602834701538086,0.11512982845306396,-0.039101481437683105,420.0,420.0,0.0,120.0,120.0,0.0,0.15122556686401367,0.22876320779323578,-0.0775376409292221,-5.3942203521728516e-06,-8.016824722290039e-06,2.6226043701171875e-06,-3.8743019104003906e-07,-1.341104507446289e-06,9.5367431640625e-07,0.02150074765086174,0.02924986183643341,-0.0077491141855716705,0.05273473262786865,0.08236347138881683,-0.02962873876094818,0.02150074765086174,0.02924986183643341,-0.0077491141855716705,0.05089809373021126,0.0716610699892044,-0.02076297625899315,0.028899475932121277,0.055956579744815826,-0.02705710381269455,0.0325588583946228,0.060991376638412476,-0.028432518243789673,0.0325588583946228,0.060991376638412476,-0.028432518243789673,0.05915483087301254,0.11451338976621628,-0.055358558893203735
69#21,PC_OFF,transient_50ms,AC_off,probability,0.07589122653007507,0.1151958703994751,-0.039304643869400024,0.07589122653007507,0.1151958703994751,-0.039304643869400024,1380.0,1380.0,0.0,1080.0,1080.0,0.0,0.15122614800930023,0.22876544296741486,-0.07753929495811462,-0.00014251470565795898,5.8025121688842773e-05,-0.00020053982734680176,1.9371509552001953e-07,8.940696716308594e-07,-7.003545761108398e-07,0.02149626612663269,0.02923078089952469,-0.007734514772891998,0.052705660462379456,0.0822676569223404,-0.029561996459960938,0.02149626612663269,0.02923078089952469,-0.007734514772891998,0.06673144549131393,0.09772055596113205,-0.030989110469818115,0.028719564899802208,0.05568300187587738,-0.026963436976075172,0.04077810049057007,0.07186022400856018,-0.031082123517990112,0.04077810049057007,0.07186022400856018,-0.031082123517990112,0.059112049639225006,0.11443213373422623,-0.05532008409500122
69#21,PC_OFF,large_field_50ms,AC_off,probability,0.05931416153907776,0.08361372351646423,-0.024299561977386475,0.05931416153907776,0.08361372351646423,-0.024299561977386475,360.0,360.0,0.0,60.0,60.0,0.0,0.0003223087405785918,0.0006433115340769291,-0.00032100279349833727,-0.00040781497955322266,-0.0012926459312438965,0.0008848309516906738,-5.125300958752632e-06,-2.28972639888525e-05,1.777196303009987e-05,0.021450571715831757,0.029077604413032532,-0.007627032697200775,0.04417935758829117,0.06577180325984955,-0.02159244567155838,0.021450571715831757,0.029077604413032532,-0.007627032697200775,0.04417935758829117,0.06577180325984955,-0.02159244567155838,0.0025393918622285128,0.004158339463174343,-0.0016189476009458303,0.03657791018486023,0.06221368908882141,-0.02563577890396118,0.03657791018486023,0.06221368908882141,-0.02563577890396118,0.0002550216449890286,0.000578971637878567,-0.0003239499928895384
70#1,PC_ON,slow_step,normal,logit,0.31179046630859375,0.3224745988845825,-0.01068413257598877,0.31179046630859375,0.3224745988845825,-0.01068413257598877,1493.3333333333335,1473.3333333333335,20.0,1193.3333333333335,1173.3333333333335,20.0,0.291238009929657,0.30448997020721436,-0.013251960277557373,0.1579275131225586,0.16115820407867432,-0.0032306909561157227,-0.0005019903182983398,-0.0005234777927398682,2.148747444152832e-05,0.01909710466861725,0.020831063389778137,-0.0017339587211608887,0.2480514496564865,0.22524112462997437,0.022810325026512146,0.01909710466861725,0.020831063389778137,-0.0017339587211608887,0.024248361587524414,0.05867674946784973,-0.03442838788032532,0.0,0.0,0.0,0.0,0.0,0.0,0.0,0.0,0.0,0.0,0.0,0.0
70#1,PC_ON,slow_1Hz,normal,logit,0.31179022789001465,0.32247310876846313,-0.010682880878448486,0.31179022789001465,0.32247310876846313,-0.010682880878448486,993.3333333333334,973.3333333333334,20.0,693.3333333333334,673.3333333333334,20.0,0.2912887632846832,0.3045436441898346,-0.013254880905151367,0.1579272747039795,0.16115671396255493,-0.0032294392585754395,-0.0004512369632720947,-0.0004698038101196289,1.856684684753418e-05,0.01909710466861725,0.020831063389778137,-0.0017339587211608887,0.24806161224842072,0.22526238858699799,0.02279922366142273,0.01909710466861725,0.020831063389778137,-0.0017339587211608887,0.024246618151664734,0.058667197823524475,-0.03442057967185974,0.0,0.0,0.0,0.0,0.0,0.0,0.0,0.0,0.0,0.0,0.0,0.0
70#1,PC_ON,slow_2Hz,normal,logit,0.31178319454193115,0.32243406772613525,-0.010650873184204102,0.31178319454193115,0.32243406772613525,-0.010650873184204102,746.6666666666667,726.6666666666667,20.0,446.66666666666674,426.66666666666674,20.0,0.2913902997970581,0.3046514093875885,-0.013261109590530396,0.157920241355896,0.16111767292022705,-0.0031974315643310547,-0.0003497004508972168,-0.00036203861236572266,1.233816146850586e-05,0.01909710466861725,0.020831063389778137,-0.0017339587211608887,0.24828721582889557,0.22570598125457764,0.022581234574317932,0.01909710466861725,0.020831063389778137,-0.0017339587211608887,0.020166771486401558,0.055652208626270294,-0.035485437139868736,0.0,0.0,0.0,0.0,0.0,0.0,0.0,0.0,0.0,0.0,0.0,0.0
70#1,PC_ON,rapid_10Hz,normal,logit,0.2305612564086914,0.2326422929763794,-0.0020810365676879883,0.2305612564086914,0.2326422929763794,-0.0020810365676879883,420.0,413.33333333333337,6.666666666666629,120.0,113.33333333333337,6.666666666666629,0.29172569513320923,0.3050015866756439,-0.013275891542434692,0.07669830322265625,0.07132589817047119,0.005372405052185059,-1.430511474609375e-05,-1.1861324310302734e-05,-2.4437904357910156e-06,0.01909710466861725,0.020831063389778137,-0.0017339587211608887,0.1742098033428192,0.16719599068164825,0.0070138126611709595,0.01909710466861725,0.020831063389778137,-0.0017339587211608887,0.04206966608762741,0.08173907548189163,-0.03966940939426422,0.0,0.0,0.0,0.0,0.0,0.0,0.0,0.0,0.0,0.0,0.0,0.0
70#1,PC_ON,rapid_20Hz,normal,logit,0.16951191425323486,0.17593622207641602,-0.006424307823181152,0.16951191425323486,0.17593622207641602,-0.006424307823181152,426.6666666666667,413.33333333333337,13.333333333333314,126.66666666666669,113.33333333333337,13.333333333333314,0.29174014925956726,0.3050139248371124,-0.013273775577545166,0.015648961067199707,0.014619827270507812,0.0010291337966918945,1.4901161193847656e-07,4.76837158203125e-07,-3.2782554626464844e-07,0.02112145721912384,0.031006529927253723,-0.009885072708129883,0.12396121025085449,0.12141003459692001,0.0025511756539344788,0.02112145721912384,0.031006529927253723,-0.009885072708129883,0.06818505376577377,0.09703060239553452,-0.028845548629760742,0.0,0.0,0.0,0.0,0.0,0.0,0.0,0.0,0.0,0.0,0.0,0.0
70#1,PC_ON,transient_50ms,normal,logit,0.2670562267303467,0.2713741064071655,-0.004317879676818848,0.2670562267303467,0.2713741064071655,-0.004317879676818848,1373.3333333333335,1366.6666666666667,6.6666666666667425,1073.3333333333335,1066.6666666666667,6.6666666666667425,0.29172492027282715,0.3049981892108917,-0.013273268938064575,0.11319327354431152,0.11005771160125732,0.0031355619430541992,-1.5079975128173828e-05,-1.52587890625e-05,1.7881393432617188e-07,0.01909710466861725,0.020831063389778137,-0.0017339587211608887,0.10465304553508759,0.09401906281709671,0.010633982717990875,0.01909710466861725,0.020831063389778137,-0.0017339587211608887,0.02191884256899357,0.04543013125658035,-0.023511288687586784,0.0,0.0,0.0,0.0,0.0,0.0,0.0,0.0,0.0,0.0,0.0,0.0
70#1,PC_ON,large_field_50ms,normal,logit,-0.0451962947845459,-0.04277396202087402,-0.002422332763671875,0.0451962947845459,0.04277396202087402,0.002422332763671875,386.6666666666667,386.6666666666667,0.0,86.66666666666669,86.66666666666669,0.0,7.947286162490741e-10,1.5894572324981482e-09,-7.947286162490741e-10,-0.16286718845367432,-0.18266403675079346,0.01979684829711914,7.947286162490741e-10,1.5894572324981482e-09,-7.947286162490741e-10,0.019041672348976135,0.02068084478378296,-0.0016391724348068237,-0.017837336286902428,-0.012395041063427925,-0.0054422952234745026,0.019041672348976135,0.02068084478378296,-0.0016391724348068237,-0.017837336286902428,-0.012395041063427925,-0.0054422952234745026,0.0,0.0,0.0,0.0,0.0,0.0,0.0,0.0,0.0,0.0,0.0,0.0
70#1,PC_ON,slow_step,normal,probability,0.06252175569534302,0.06504356861114502,-0.002521812915802002,0.06252175569534302,0.06504356861114502,-0.002521812915802002,1493.3333333333335,1473.3333333333335,20.0,1193.3333333333335,1173.3333333333335,20.0,0.05854490399360657,0.06150039657950401,-0.0029554925858974457,0.03274855017662048,0.03365352749824524,-0.0009049773216247559,0.0022166185081005096,0.0022835582494735718,-6.693974137306213e-05,0.0035890303552150726,0.003934552893042564,-0.00034552253782749176,0.04923117905855179,0.04478355497121811,0.004447624087333679,0.0035890303552150726,0.003934552893042564,-0.00034552253782749176,0.0046728383749723434,0.011353805661201477,-0.006680967286229134,0.0,0.0,0.0,0.0,0.0,0.0,0.0,0.0,0.0,0.0,0.0,0.0
70#1,PC_ON,slow_1Hz,normal,probability,0.06252169609069824,0.06504324078559875,-0.0025215446949005127,0.06252169609069824,0.06504324078559875,-0.0025215446949005127,993.3333333333334,973.3333333333334,20.0,693.3333333333334,673.3333333333334,20.0,0.05842304974794388,0.06137336790561676,-0.002950318157672882,0.03274849057197571,0.033653199672698975,-0.0009047091007232666,0.0020947642624378204,0.002156529575586319,-6.176531314849854e-05,0.0035890303552150726,0.003934552893042564,-0.00034552253782749176,0.04923330619931221,0.044787995517253876,0.004445310682058334,0.0035890303552150726,0.003934552893042564,-0.00034552253782749176,0.0046725086867809296,0.011351972818374634,-0.006679464131593704,0.0,0.0,0.0,0.0,0.0,0.0,0.0,0.0,0.0,0.0,0.0,0.0
70#1,PC_ON,slow_2Hz,normal,probability,0.06252017617225647,0.06503483653068542,-0.002514660358428955,0.06252017617225647,0.06503483653068542,-0.002514660358428955,746.6666666666667,726.6666666666667,20.0,446.66666666666674,426.66666666666674,20.0,0.05817404016852379,0.061110664159059525,-0.002936623990535736,0.032746970653533936,0.033644795417785645,-0.000897824764251709,0.0018457546830177307,0.0018938258290290833,-4.807114601135254e-05,0.0035890303552150726,0.003934552893042564,-0.00034552253782749176,0.049280595034360886,0.04488053172826767,0.004400063306093216,0.0035890303552150726,0.003934552893042564,-0.00034552253782749176,0.0038724776823073626,0.010729734785854816,-0.006857257103547454,0.0,0.0,0.0,0.0,0.0,0.0,0.0,0.0,0.0,0.0,0.0,0.0
70#1,PC_ON,rapid_10Hz,normal,probability,0.045411109924316406,0.046012818813323975,-0.0006017088890075684,0.045411109924316406,0.046012818813323975,-0.0006017088890075684,420.0,413.33333333333337,6.666666666666629,120.0,113.33333333333337,6.666666666666629,0.05661715939640999,0.05946005508303642,-0.0028428956866264343,0.015637904405593872,0.014622777700424194,0.0010151267051696777,0.00028887391090393066,0.00024321675300598145,4.565715789794922e-05,0.0035890303552150726,0.003934552893042564,-0.00034552253782749176,0.03392402082681656,0.03271034359931946,0.0012136772274971008,0.0035890303552150726,0.003934552893042564,-0.00034552253782749176,0.007994888350367546,0.015728503465652466,-0.00773361511528492,0.0,0.0,0.0,0.0,0.0,0.0,0.0,0.0,0.0,0.0,0.0,0.0
70#1,PC_ON,rapid_20Hz,normal,probability,0.03292188048362732,0.03435111045837402,-0.001429229974746704,0.03292188048362732,0.03435111045837402,-0.001429229974746704,426.6666666666667,413.33333333333337,13.333333333333314,126.66666666666669,113.33333333333337,13.333333333333314,0.05634365230798721,0.0592259056866169,-0.0028822533786296844,0.003148674964904785,0.002961069345474243,0.000187605619430542,1.5366822481155396e-05,9.067356586456299e-06,6.299465894699097e-06,0.003973506391048431,0.005894260480999947,-0.0019207540899515152,0.023842275142669678,0.0234881229698658,0.0003541521728038788,0.003973506391048431,0.005894260480999947,-0.0019207540899515152,0.012982767075300217,0.018675904721021652,-0.0056931376457214355,0.0,0.0,0.0,0.0,0.0,0.0,0.0,0.0,0.0,0.0,0.0,0.0
70#1,PC_ON,transient_50ms,normal,probability,0.05303040146827698,0.054136067628860474,-0.001105666160583496,0.05303040146827698,0.054136067628860474,-0.001105666160583496,1373.3333333333335,1366.6666666666667,6.6666666666667425,1073.3333333333335,1066.6666666666667,6.6666666666667425,0.05640082061290741,0.059286486357450485,-0.0028856657445430756,0.023257195949554443,0.022746026515960693,0.00051116943359375,7.253512740135193e-05,6.964802742004395e-05,2.8870999813079834e-06,0.0035890303552150726,0.003934552893042564,-0.00034552253782749176,0.020088274031877518,0.01812557876110077,0.0019626952707767487,0.0035890303552150726,0.003934552893042564,-0.00034552253782749176,0.00412196759134531,0.008619295433163643,-0.004497327841818333,0.0,0.0,0.0,0.0,0.0,0.0,0.0,0.0,0.0,0.0,0.0,0.0
70#1,PC_ON,large_field_50ms,normal,probability,0.008519202470779419,0.008090168237686157,0.0004290342330932617,0.008519202470779419,0.008090168237686157,0.0004290342330932617,1386.6666666666667,1386.6666666666667,0.0,1086.6666666666667,1086.6666666666667,0.0,8.836985216476023e-06,1.0184447091887705e-05,-1.3474618754116818e-06,-0.014055877923965454,-0.018994420766830444,0.00493854284286499,-4.904866364086047e-05,-6.475667214544956e-05,1.5708008504589088e-05,0.0035785287618637085,0.0039058811962604523,-0.0003273524343967438,-0.0032809674739837646,-0.0022763076703995466,-0.001004659803584218,0.0035785287618637085,0.0039058811962604523,-0.0003273524343967438,-0.0032809674739837646,-0.0022763076703995466,-0.001004659803584218,0.0,0.0,0.0,0.0,0.0,0.0,0.0,0.0,0.0,0.0,0.0,0.0
70#1,PC_ON,slow_step,H1_off,logit,0.3117164373397827,0.32162797451019287,-0.009911537170410156,0.3117164373397827,0.32162797451019287,-0.009911537170410156,1500.0,2306.666666666667,-806.666666666667,1200.0,2006.666666666667,-806.666666666667,0.29137885570526123,0.3053106367588043,-0.01393178105354309,0.15774261951446533,0.1596912145614624,-0.0019485950469970703,-0.0005015730857849121,-0.000519871711730957,1.8298625946044922e-05,0.019179701805114746,0.021106362342834473,-0.0019266605377197266,0.2480899691581726,0.22531376779079437,0.022776201367378235,0.019179701805114746,0.021106362342834473,-0.0019266605377197266,0.024267882108688354,0.059148162603378296,-0.03488028049468994,0.00010002910858020186,0.0006389234331436455,-0.0005388943245634437,0.0003204345703125,0.0018790960311889648,-0.0015586614608764648,0.0003204345703125,0.0018790960311889648,-0.0015586614608764648,0.00014085174188949168,0.0008206888451240957,-0.000679837103234604
70#1,PC_ON,slow_1Hz,H1_off,logit,0.3117162585258484,0.3216392397880554,-0.009922981262207031,0.3117162585258484,0.3216392397880554,-0.009922981262207031,1000.0,2306.666666666667,-1306.666666666667,700.0,2006.666666666667,-1306.666666666667,0.2914297580718994,0.3053653836250305,-0.013935625553131104,0.157742440700531,0.15970247983932495,-0.0019600391387939453,-0.0004506707191467285,-0.00046512484550476074,1.4454126358032227e-05,0.019179701805114746,0.021106362342834473,-0.0019266605377197266,0.24809999763965607,0.22532306611537933,0.022776931524276733,0.019179701805114746,0.021106362342834473,-0.0019266605377197266,0.02426627278327942,0.059146538376808167,-0.03488026559352875,0.00013730207865592092,0.000881565036252141,-0.0007442629575962201,0.0004379749298095703,0.002451777458190918,-0.0020138025283813477,0.0004379749298095703,0.002451777458190918,-0.0020138025283813477,0.00014098962128628045,0.0008217434515245259,-0.0006807538302382454
70#1,PC_ON,slow_2Hz,H1_off,logit,0.3117102384567261,0.3218700885772705,-0.010159850120544434,0.3117102384567261,0.3218700885772705,-0.010159850120544434,746.6666666666667,2306.666666666667,-1560.0000000000002,446.66666666666674,2006.666666666667,-1560.0000000000002,0.2915315330028534,0.30547454953193665,-0.013943016529083252,0.1577364206314087,0.15993332862854004,-0.0021969079971313477,-0.000348895788192749,-0.0003559589385986328,7.063150405883789e-06,0.019179701805114746,0.021106362342834473,-0.0019266605377197266,0.2483058124780655,0.22551459074020386,0.022791221737861633,0.019179701805114746,0.021106362342834473,-0.0019266605377197266,0.0202082060277462,0.05635039135813713,-0.03614218533039093,0.00020715653954539448,0.0012370188487693667,-0.0010298623092239723,0.0004296302795410156,0.002364039421081543,-0.0019344091415405273,0.0004296302795410156,0.002364039421081543,-0.0019344091415405273,0.00014120778359938413,0.0008231882238760591,-0.0006819804402766749
70#1,PC_ON,rapid_10Hz,H1_off,logit,0.23046600818634033,0.2323666214942932,-0.0019006133079528809,0.23046600818634033,0.2323666214942932,-0.0019006133079528809,420.0,413.33333333333337,6.666666666666629,120.0,113.33333333333337,6.666666666666629,0.29186609387397766,0.3058188855648041,-0.013952791690826416,0.07649219036102295,0.07042986154556274,0.006062328815460205,-1.4334917068481445e-05,-1.1622905731201172e-05,-2.7120113372802734e-06,0.019179701805114746,0.021106362342834473,-0.0019266605377197266,0.17412373423576355,0.16682037711143494,0.007303357124328613,0.019179701805114746,0.021106362342834473,-0.0019266605377197266,0.04227455332875252,0.08305829763412476,-0.04078374430537224,0.00013248463801573962,0.0006372173666022718,-0.0005047327285865322,0.00031125545501708984,0.0016504526138305664,-0.0013391971588134766,0.00031125545501708984,0.0016504526138305664,-0.0013391971588134766,0.00014038840890862048,0.000817321939393878,-0.0006769335304852575
70#1,PC_ON,rapid_20Hz,H1_off,logit,0.1695261001586914,0.17661786079406738,-0.0070917606353759766,0.1695261001586914,0.17661786079406738,-0.0070917606353759766,426.6666666666667,413.33333333333337,13.333333333333314,126.66666666666669,113.33333333333337,13.333333333333314,0.2918804883956909,0.3058308959007263,-0.0139504075050354,0.015552282333374023,0.014681100845336914,0.0008711814880371094,5.960464477539063e-08,3.8743019104003906e-07,-3.2782554626464844e-07,0.021198108792304993,0.03128032386302948,-0.010082215070724487,0.12395896762609482,0.12155570834875107,0.00240325927734375,0.021198108792304993,0.03128032386302948,-0.010082215070724487,0.068302221596241,0.09764799475669861,-0.02934577316045761,7.327397906919941e-05,0.00041850446723401546,-0.00034523048816481605,0.00021064281463623047,0.001009225845336914,-0.0007985830307006836,0.00021064281463623047,0.001009225845336914,-0.0007985830307006836,0.00014033913612365723,0.0008169834036380053,-0.000676644267514348
70#1,PC_ON,transient_50ms,H1_off,logit,0.26694178581237793,0.270663321018219,-0.0037215352058410645,0.26694178581237793,0.270663321018219,-0.0037215352058410645,1373.3333333333335,1366.6666666666667,6.6666666666667425,1073.3333333333335,1066.6666666666667,6.6666666666667425,0.29186534881591797,0.30581530928611755,-0.013949960470199585,0.11296796798706055,0.10872656106948853,0.0042414069175720215,-1.5079975128173828e-05,-1.519918441772461e-05,1.1920928955078125e-07,0.019179701805114746,0.021106362342834473,-0.0019266605377197266,0.10469789057970047,0.09434202313423157,0.010355867445468903,0.019179701805114746,0.021106362342834473,-0.0019266605377197266,0.022176673635840416,0.04691658541560173,-0.024739911779761314,7.703204755671322e-05,0.00044463237281888723,-0.000367600325262174,0.00031304359436035156,0.0016884803771972656,-0.001375436782836914,0.00031304359436035156,0.0016884803771972656,-0.001375436782836914,0.00014040312089491636,0.0008171554654836655,-0.0006767523445887491
70#1,PC_ON,large_field_50ms,H1_off,logit,-0.04523825645446777,0.04266226291656494,-0.08790051937103271,0.04523825645446777,0.04266226291656494,0.002575993537902832,386.6666666666667,340.0,46.666666666666686,86.66666666666669,40.0,46.666666666666686,0.0,0.0,0.0,0.07253170013427734,-0.09769904613494873,0.17023074626922607,7.947286162490741e-10,0.0,7.947286162490741e-10,0.019179701805114746,0.021106362342834473,-0.0019266605377197266,-0.017634306102991104,-0.010678342543542385,-0.006955963559448719,0.019179701805114746,0.021106362342834473,-0.0019266605377197266,-0.017634306102991104,-0.010678342543542385,-0.006955963559448719,6.523489719256759e-05,0.00033637008164077997,-0.0002711351844482124,0.00043487548828125,0.002283453941345215,-0.0018485784530639648,0.00043487548828125,0.002283453941345215,-0.0018485784530639648,-7.947286162490741e-10,-1.5894572324981482e-09,7.947286162490741e-10
70#1,PC_ON,slow_step,H1_off,probability,0.06250590085983276,0.06486111879348755,-0.002355217933654785,0.06250590085983276,0.06486111879348755,-0.002355217933654785,1500.0,2306.666666666667,-806.666666666667,1200.0,2006.666666666667,-806.666666666667,0.05857021361589432,0.06164555996656418,-0.003075346350669861,0.03271046280860901,0.033345818519592285,-0.0006353557109832764,0.002213839441537857,0.0022639967501163483,-5.015730857849121e-05,0.0036046914756298065,0.003987081348896027,-0.0003823898732662201,0.04923902079463005,0.044797684997320175,0.0044413357973098755,0.0036046914756298065,0.003987081348896027,-0.0003823898732662201,0.004675902426242828,0.011441610753536224,-0.006765708327293396,1.902480835269671e-05,0.00012269392027519643,-0.00010366911192249972,-6.142258644104004e-05,0.0003509521484375,-0.00041237473487854004,6.142258644104004e-05,0.0003509521484375,-0.00028952956199645996,2.5311808713013306e-05,0.0001451619464205578,-0.00011985013770754449
70#1,PC_ON,slow_1Hz,H1_off,probability,0.06250587105751038,0.06486353278160095,-0.002357661724090576,0.06250587105751038,0.06486353278160095,-0.002357661724090576,1000.0,2306.666666666667,-1306.666666666667,700.0,2006.666666666667,-1306.666666666667,0.05844764783978462,0.06151288375258446,-0.003065235912799835,0.03271043300628662,0.03334823250770569,-0.0006377995014190674,0.0020912736654281616,0.002131320536136627,-4.0046870708465576e-05,0.0036046914756298065,0.003987081348896027,-0.0003823898732662201,0.049241118133068085,0.04479961469769478,0.004441503435373306,0.0036046914756298065,0.003987081348896027,-0.0003823898732662201,0.004675604403018951,0.011441290378570557,-0.006765685975551605,2.6489198717172258e-05,0.0001716427505016327,-0.00014515355178446043,8.45193862915039e-05,0.00045724213123321533,-0.0003727227449417114,8.45193862915039e-05,0.00045724213123321533,-0.0003727227449417114,2.460231371514965e-05,0.00013951172877568752,-0.00011490941506053787
70#1,PC_ON,slow_2Hz,H1_off,probability,0.0625045895576477,0.0649133026599884,-0.0024087131023406982,0.0625045895576477,0.0649133026599884,-0.0024087131023406982,746.6666666666667,2306.666666666667,-1560.0000000000002,446.66666666666674,2006.666666666667,-1560.0000000000002,0.05819736048579216,0.06124228984117508,-0.0030449293553829193,0.03270915150642395,0.03339800238609314,-0.0006888508796691895,0.0018409863114356995,0.0018607266247272491,-1.9740313291549683e-05,0.0036046914756298065,0.003987081348896027,-0.0003823898732662201,0.04928424954414368,0.04483957588672638,0.004444673657417297,0.0036046914756298065,0.003987081348896027,-0.0003823898732662201,0.0038797941524535418,0.010861552320420742,-0.0069817581679672,4.0511142287869006e-05,0.0002433147601550445,-0.0002028036178671755,8.291006088256836e-05,0.00044089555740356445,-0.0003579854965209961,8.291006088256836e-05,0.00044089555740356445,-0.0003579854965209961,2.3319025785895064e-05,0.0001316307025263086,-0.00010831167674041353
70#1,PC_ON,rapid_10Hz,H1_off,probability,0.04539138078689575,0.04595544934272766,-0.0005640685558319092,0.04539138078689575,0.04595544934272766,-0.0005640685558319092,420.0,413.33333333333337,6.666666666666629,120.0,113.33333333333337,6.666666666666629,0.05664405971765518,0.059618957340717316,-0.002974897623062134,0.015595942735671997,0.014440149068832397,0.0011557936668395996,0.0002876855432987213,0.00023739412426948547,5.029141902923584e-05,0.0036046914756298065,0.003987081348896027,-0.0003823898732662201,0.03390653058886528,0.03263486549258232,0.001271665096282959,0.0036046914756298065,0.003987081348896027,-0.0003823898732662201,0.00803347583860159,0.015984173864126205,-0.007950698025524616,2.6169667762587778e-05,0.00012637262989301234,-0.00010020296213042457,5.830824375152588e-05,0.00031831860542297363,-0.00026001036167144775,5.830824375152588e-05,0.00031831860542297363,-0.00026001036167144775,2.6907622668659315e-05,0.0001589013118064031,-0.00013199368913774379
70#1,PC_ON,rapid_20Hz,H1_off,probability,0.03292471170425415,0.03448963165283203,-0.0015649199485778809,0.03292471170425415,0.03448963165283203,-0.0015649199485778809,426.6666666666667,413.33333333333337,13.333333333333314,126.66666666666669,113.33333333333337,13.333333333333314,0.0563715361058712,0.059390559792518616,-0.003019023686647415,0.0031292736530303955,0.0029743313789367676,0.00015494227409362793,1.516193151473999e-05,8.996576070785522e-06,6.165355443954468e-06,0.003988079726696014,0.005947314202785492,-0.0019592344760894775,0.02384190633893013,0.023518484085798264,0.00032342225313186646,0.003988079726696014,0.005947314202785492,-0.0019592344760894775,0.013005193322896957,0.01879739761352539,-0.005792204290628433,1.4539858057105448e-05,8.412723400397226e-05,-6.958737594686681e-05,4.0143728256225586e-05,0.0001996755599975586,-0.000159531831741333,4.0143728256225586e-05,0.0001996755599975586,-0.000159531831741333,2.7882158974534832e-05,0.00016465505177620798,-0.00013677289280167315
70#1,PC_ON,transient_50ms,H1_off,probability,0.05300632119178772,0.05398586392402649,-0.0009795427322387695,0.05300632119178772,0.05398586392402649,-0.0009795427322387695,1373.3333333333335,1366.6666666666667,6.6666666666667425,1073.3333333333335,1066.6666666666667,6.6666666666667425,0.056428711861371994,0.05945011228322983,-0.003021400421857834,0.023210883140563965,0.022470563650131226,0.0007403194904327393,7.233768701553345e-05,6.854906678199768e-05,3.7886202335357666e-06,0.0036046914756298065,0.003987081348896027,-0.0003823898732662201,0.020097162574529648,0.018189284950494766,0.0019078776240348816,0.0036046914756298065,0.003987081348896027,-0.0003823898732662201,0.0041704559698700905,0.008903712034225464,-0.004733256064355373,1.531948691990692e-05,8.911604527384043e-05,-7.37965583539335e-05,5.848705768585205e-05,0.000321805477142334,-0.00026331841945648193,5.848705768585205e-05,0.000321805477142334,-0.00026331841945648193,2.7884741939487867e-05,0.00016362905444111675,-0.00013574431250162888
70#1,PC_ON,large_field_50ms,H1_off,probability,0.008527189493179321,0.00806879997253418,0.0004583895206451416,0.008527189493179321,0.00806879997253418,0.0004583895206451416,1386.6666666666667,340.0,1046.6666666666667,1086.6666666666667,40.0,1046.6666666666667,8.962551873992197e-06,1.0515551366552245e-05,-1.5529994925600477e-06,-0.014067411422729492,-0.019110053777694702,0.00504264235496521,-4.901429019810166e-05,-6.492167904070811e-05,1.590738884260645e-05,0.0036046914756298065,0.003987081348896027,-0.0003823898732662201,-0.0032430056016892195,-0.001955854007974267,-0.0012871515937149525,0.0036046914756298065,0.003987081348896027,-0.0003823898732662201,-0.0032430056016892195,-0.001955854007974267,-0.0012871515937149525,1.2158255231042858e-05,6.294503691606224e-05,-5.078678168501938e-05,8.186697959899902e-05,0.00042822957038879395,-0.0003463625907897949,8.186697959899902e-05,0.00042822957038879395,-0.0003463625907897949,1.2556712647437962e-07,3.3110381991718896e-07,-2.0553669344280934e-07
70#1,PC_ON,slow_step,AC_off,logit,0.34017157554626465,0.4081000089645386,-0.06792843341827393,0.34017157554626465,0.4081000089645386,-0.06792843341827393,1920.0,2300.0,-380.0,1620.0,2000.0,-380.0,0.6733236908912659,0.7695378065109253,-0.09621411561965942,0.0015910863876342773,0.017348766326904297,-0.01575767993927002,1.0132789611816406e-06,5.602836608886719e-06,-4.589557647705078e-06,0.06723768264055252,0.11182396858930588,-0.04458628594875336,0.27288341522216797,0.2952023148536682,-0.022318899631500244,0.06723768264055252,0.11182396858930588,-0.04458628594875336,0.33338403701782227,0.362876832485199,-0.02949279546737671,0.1902218610048294,0.22979693114757538,-0.03957507014274597,0.3541417121887207,0.3884551525115967,-0.03431344032287598,0.3541417121887207,0.3884551525115967,-0.03431344032287598,0.38208574056625366,0.46504783630371094,-0.08296209573745728
70#1,PC_ON,slow_1Hz,AC_off,logit,0.34017086029052734,0.40795958042144775,-0.06778872013092041,0.34017086029052734,0.40795958042144775,-0.06778872013092041,1313.3333333333335,1313.3333333333335,0.0,1013.3333333333335,1013.3333333333335,0.0,0.6733238101005554,0.7695398926734924,-0.09621608257293701,0.0015903711318969727,0.017208337783813477,-0.015617966651916504,1.1324882507324219e-06,7.68899917602539e-06,-6.556510925292969e-06,0.06723768264055252,0.11182396858930588,-0.04458628594875336,0.2728828489780426,0.29508042335510254,-0.022197574377059937,0.06723768264055252,0.11182396858930588,-0.04458628594875336,0.33339357376098633,0.36297354102134705,-0.029579967260360718,0.19019708037376404,0.22977901995182037,-0.039581939578056335,0.3542414903640747,0.3939048647880554,-0.03966337442398071,0.3542414903640747,0.3939048647880554,-0.03966337442398071,0.3820350170135498,0.4649963080883026,-0.08296129107475281
70#1,PC_ON,slow_2Hz,AC_off,logit,0.34005528688430786,0.4051530361175537,-0.06509774923324585,0.34005528688430786,0.4051530361175537,-0.06509774923324585,813.3333333333334,1820.0,-1006.6666666666666,513.3333333333334,1520.0,-1006.6666666666666,0.6733238101005554,0.7695416808128357,-0.09621787071228027,0.0014747977256774902,0.014401793479919434,-0.012926995754241943,1.1324882507324219e-06,9.47713851928711e-06,-8.344650268554688e-06,0.06723768264055252,0.11182396858930588,-0.04458628594875336,0.2727746367454529,0.2925127148628235,-0.019738078117370605,0.06723768264055252,0.11182396858930588,-0.04458628594875336,0.33364027738571167,0.3649146556854248,-0.031274378299713135,0.19016294181346893,0.22989153861999512,-0.039728596806526184,0.35420382022857666,0.39309418201446533,-0.03889036178588867,0.35420382022857666,0.39309418201446533,-0.03889036178588867,0.3819334805011749,0.4648903012275696,-0.08295682072639465
70#1,PC_ON,rapid_10Hz,AC_off,logit,0.33848363161087036,0.3897331953048706,-0.051249563694000244,0.33848363161087036,0.3897331953048706,-0.051249563694000244,426.6666666666667,426.6666666666667,0.0,126.66666666666669,126.66666666666669,0.0,0.6733229756355286,0.7695351243019104,-0.09621214866638184,-9.685754776000977e-05,-0.0010180473327636719,0.0009211897850036621,2.980232238769531e-07,2.9206275939941406e-06,-2.6226043701171875e-06,0.06723768264055252,0.11182396858930588,-0.04458628594875336,0.26984086632728577,0.2745586633682251,-0.004717797040939331,0.06723768264055252,0.11182396858930588,-0.04458628594875336,0.2761382460594177,0.33923688530921936,-0.06309863924980164,0.18800102174282074,0.22912436723709106,-0.041123345494270325,0.27263355255126953,0.30857396125793457,-0.03594040870666504,0.27263355255126953,0.30857396125793457,-0.03594040870666504,0.38159728050231934,0.4645335078239441,-0.08293622732162476
70#1,PC_ON,rapid_20Hz,AC_off,logit,0.33840644359588623,0.38923490047454834,-0.05082845687866211,0.33840644359588623,0.38923490047454834,-0.05082845687866211,420.0,420.0,0.0,120.0,120.0,0.0,0.673322856426239,0.769533634185791,-0.096210777759552,-0.00017404556274414062,-0.0015163421630859375,0.0013422966003417969,1.7881393432617188e-07,1.430511474609375e-06,-1.2516975402832031e-06,0.06724773347377777,0.11187625676393509,-0.04462852329015732,0.26961708068847656,0.2732574939727783,-0.003640413284301758,0.06724773347377777,0.11187625676393509,-0.04462852329015732,0.19023701548576355,0.2622049152851105,-0.07196789979934692,0.1863236278295517,0.2277832329273224,-0.04145960509777069,0.21234852075576782,0.2533612847328186,-0.04101276397705078,0.21234852075576782,0.2533612847328186,-0.04101276397705078,0.38158267736434937,0.4645196497440338,-0.08293697237968445
70#1,PC_ON,transient_50ms,AC_off,logit,0.33812999725341797,0.3927789330482483,-0.05464893579483032,0.33812999725341797,0.3927789330482483,-0.05464893579483032,1393.3333333333335,1393.3333333333335,0.0,1093.3333333333335,1093.3333333333335,0.0,0.6733224987983704,0.7695311903953552,-0.09620869159698486,-0.00045049190521240234,0.0020276904106140137,-0.002478182315826416,-1.7881393432617188e-07,-1.0132789611816406e-06,8.344650268554688e-07,0.06723768264055252,0.11182396858930588,-0.04458628594875336,0.26948678493499756,0.2725619077682495,-0.003075122833251953,0.06723768264055252,0.11182396858930588,-0.04458628594875336,0.2760111689567566,0.3385631740093231,-0.06255200505256653,0.18534325063228607,0.22681452333927155,-0.041471272706985474,0.2779693603515625,0.30699408054351807,-0.029024720191955566,0.2779693603515625,0.30699408054351807,-0.029024720191955566,0.3815975487232208,0.4645330011844635,-0.08293545246124268
70#1,PC_ON,large_field_50ms,AC_off,logit,0.2501939535140991,-0.297194242477417,0.5473881959915161,0.2501939535140991,0.297194242477417,-0.04700028896331787,366.6666666666667,1360.0,-993.3333333333333,66.66666666666669,1060.0,-993.3333333333333,-2.38418573772492e-09,-1.9868215961338365e-09,-3.9736414159108335e-10,-0.0025887489318847656,-0.6057683229446411,0.6031795740127563,-3.9736414159108335e-10,3.9736414159108335e-10,-7.947282831821667e-10,0.06704937666654587,0.11081802845001221,-0.04376865178346634,0.21104370057582855,0.2207653671503067,-0.00972166657447815,0.06704937666654587,0.11081802845001221,-0.04376865178346634,0.21104370057582855,0.2207653671503067,-0.00972166657447815,0.017573492601513863,0.019522545859217644,-0.0019490532577037811,-0.26073718070983887,-0.2767525911331177,0.01601541042327881,0.26073718070983887,0.2767525911331177,-0.01601541042327881,-3.1789144649962964e-09,-3.5762788286319847e-09,3.973643636356883e-10
70#1,PC_ON,slow_step,AC_off,probability,0.06862801313400269,0.08378437161445618,-0.015156358480453491,0.06862801313400269,0.08378437161445618,-0.015156358480453491,1920.0,2300.0,-380.0,1620.0,2000.0,-380.0,0.13561266660690308,0.15708376467227936,-0.021471098065376282,0.0003440678119659424,0.0038425028324127197,-0.0034984350204467773,-4.32133674621582e-06,-2.8774142265319824e-05,2.4452805519104004e-05,0.012967921793460846,0.021945931017398834,-0.008978009223937988,0.054464176297187805,0.05960715934634209,-0.005142983049154282,0.012967921793460846,0.021945931017398834,-0.008978009223937988,0.06716177612543106,0.07381594926118851,-0.006654173135757446,0.038363732397556305,0.047232501208782196,-0.008868768811225891,0.07104095816612244,0.07895205914974213,-0.00791110098361969,0.07104095816612244,0.07895205914974213,-0.00791110098361969,0.0770677775144577,0.09558337181806564,-0.01851559430360794
70#1,PC_ON,slow_1Hz,AC_off,probability,0.06862783432006836,0.08375316858291626,-0.0151253342628479,0.06862783432006836,0.08375316858291626,-0.0151253342628479,1313.3333333333335,1313.3333333333335,0.0,1013.3333333333335,1013.3333333333335,0.0,0.13561254739761353,0.15707750618457794,-0.021464958786964417,0.0003438889980316162,0.0038112998008728027,-0.0034674108028411865,-4.4405460357666016e-06,-3.503262996673584e-05,3.059208393096924e-05,0.012967921793460846,0.021945931017398834,-0.008978009223937988,0.05446403846144676,0.059581007808446884,-0.005116969347000122,0.012967921793460846,0.021945931017398834,-0.008978009223937988,0.06716382503509521,0.07383710145950317,-0.006673276424407959,0.038424715399742126,0.047294456511735916,-0.00886974111199379,0.071042001247406,0.0801609456539154,-0.0091189444065094,0.071042001247406,0.0801609456539154,-0.0091189444065094,0.07718949764966965,0.09570413827896118,-0.018514640629291534
70#1,PC_ON,slow_2Hz,AC_off,probability,0.06860285997390747,0.08313006162643433,-0.014527201652526855,0.06860285997390747,0.08313006162643433,-0.014527201652526855,813.3333333333334,1320.0,-506.66666666666663,513.3333333333334,1020.0,-506.66666666666663,0.13561244308948517,0.1570715457201004,-0.021459102630615234,0.00031891465187072754,0.003188192844390869,-0.0028692781925201416,-4.544854164123535e-06,-4.09930944442749e-05,3.644824028015137e-05,0.012967921793460846,0.021945931017398834,-0.008978009223937988,0.05444108694791794,0.05903049185872078,-0.004589404910802841,0.012967921793460846,0.021945931017398834,-0.008978009223937988,0.06721704453229904,0.07426171749830246,-0.007044672966003418,0.03855248913168907,0.04745614528656006,-0.008903656154870987,0.07104095816612244,0.0799715667963028,-0.008930608630180359,0.07104095816612244,0.0799715667963028,-0.008930608630180359,0.07743839174509048,0.09596088528633118,-0.018522493541240692
70#1,PC_ON,rapid_10Hz,AC_off,probability,0.06826302409172058,0.07971709966659546,-0.011454075574874878,0.06826302409172058,0.07971709966659546,-0.011454075574874878,426.6666666666667,426.6666666666667,0.0,126.66666666666669,126.66666666666669,0.0,0.13561522960662842,0.1570967584848404,-0.021481528878211975,-2.092123031616211e-05,-0.00022476911544799805,0.00020384788513183594,-1.7583370208740234e-06,-1.5780329704284668e-05,1.4021992683410645e-05,0.012967921793460846,0.021945931017398834,-0.008978009223937988,0.05382056534290314,0.05520514398813248,-0.0013845786452293396,0.012967921793460846,0.021945931017398834,-0.008978009223937988,0.05499375984072685,0.06869698315858841,-0.013703223317861557,0.038920462131500244,0.048164524137973785,-0.009244062006473541,0.055753082036972046,0.06412699818611145,-0.008373916149139404,0.055753082036972046,0.06412699818611145,-0.008373916149139404,0.07899805903434753,0.09763669222593307,-0.01863863319158554
70#1,PC_ON,rapid_20Hz,AC_off,probability,0.06824633479118347,0.07960709929466248,-0.011360764503479004,0.06824633479118347,0.07960709929466248,-0.011360764503479004,420.0,420.0,0.0,120.0,120.0,0.0,0.13561616837978363,0.15710483491420746,-0.021488666534423828,-3.7610530853271484e-05,-0.00033476948738098145,0.00029715895652770996,-8.195638656616211e-07,-7.703900337219238e-06,6.884336471557617e-06,0.012969963252544403,0.021956931799650192,-0.00898696854710579,0.0537743903696537,0.05493667721748352,-0.0011622868478298187,0.012969963252544403,0.021956931799650192,-0.00898696854710579,0.03735126554965973,0.05242028459906578,-0.015069019049406052,0.03872581943869591,0.048018574714660645,-0.009292755275964737,0.04399016499519348,0.05330130457878113,-0.009311139583587646,0.04399016499519348,0.05330130457878113,-0.009311139583587646,0.07927250117063522,0.09787891805171967,-0.018606416881084442
70#1,PC_ON,transient_50ms,AC_off,probability,0.06818658113479614,0.0803898274898529,-0.012203246355056763,0.06818658113479614,0.0803898274898529,-0.012203246355056763,1393.3333333333335,1393.3333333333335,0.0,1093.3333333333335,1093.3333333333335,0.0,0.13561731576919556,0.15711386501789093,-0.021496549248695374,-9.736418724060059e-05,0.00044795870780944824,-0.0005453228950500488,3.2782554626464844e-07,1.3262033462524414e-06,-9.98377799987793e-07,0.012967921793460846,0.021945931017398834,-0.008978009223937988,0.053748052567243576,0.054797835648059845,-0.001049783080816269,0.012967921793460846,0.021945931017398834,-0.008978009223937988,0.05496656522154808,0.06854947656393051,-0.013582911342382431,0.03850837051868439,0.04780387878417969,-0.0092955082654953,0.05577459931373596,0.0626889169216156,-0.006914317607879639,0.05577459931373596,0.0626889169216156,-0.006914317607879639,0.07921648770570755,0.09782738238573074,-0.018610894680023193
70#1,PC_ON,large_field_50ms,AC_off,probability,0.04949590563774109,0.05962076783180237,-0.01012486219406128,0.04949590563774109,0.05962076783180237,-0.01012486219406128,366.6666666666667,360.0,6.666666666666686,66.66666666666669,60.0,6.666666666666686,0.0002722724457271397,0.00035101265530101955,-7.874020957387984e-05,-0.0005410909652709961,-0.002434670925140381,0.0018935799598693848,-7.462978828698397e-06,-3.780078259296715e-05,3.0337803764268756e-05,0.012930195778608322,0.02173716574907303,-0.008806969970464706,0.04143303260207176,0.043742723762989044,-0.002309691160917282,0.012930195778608322,0.02173716574907303,-0.008806969970464706,0.04143303260207176,0.043742723762989044,-0.002309691160917282,0.0032731429673731327,0.0036499372217804193,-0.00037679425440728664,0.051104649901390076,0.05577579140663147,-0.004671141505241394,0.051104649901390076,0.05577579140663147,-0.004671141505241394,0.00026343544595874846,0.00034082820639014244,-7.739276043139398e-05
70#7,PC_ON,slow_step,normal,logit,0.4413067102432251,0.4536515474319458,-0.012344837188720703,0.4413067102432251,0.4536515474319458,-0.012344837188720703,1500.0,2313.3333333333335,-813.3333333333335,1200.0,2013.3333333333335,-813.3333333333335,0.479368656873703,0.4765927195549011,0.00277593731880188,0.18957364559173584,0.17611920833587646,0.013454437255859375,-0.0007291734218597412,-0.0008322596549987793,0.00010308623313903809,0.07401324808597565,0.06572370231151581,0.008289545774459839,0.33810701966285706,0.31461769342422485,0.023489326238632202,0.07401324808597565,0.06572370231151581,0.008289545774459839,0.06759414076805115,0.09673693776130676,-0.029142796993255615,0.0,0.0,0.0,0.0,0.0,0.0,0.0,0.0,0.0,0.0,0.0,0.0
70#7,PC_ON,slow_1Hz,normal,logit,0.441306471824646,0.45366501808166504,-0.012358546257019043,0.441306471824646,0.45366501808166504,-0.012358546257019043,1000.0,2313.3333333333335,-1313.3333333333335,700.0,2013.3333333333335,-1313.3333333333335,0.47944602370262146,0.4766813814640045,0.0027646422386169434,0.18957340717315674,0.1761326789855957,0.013440728187561035,-0.0006518065929412842,-0.0007435977458953857,9.179115295410156e-05,0.07401324808597565,0.06572370231151581,0.008289545774459839,0.33811986446380615,0.31462976336479187,0.023490101099014282,0.07401324808597565,0.06572370231151581,0.008289545774459839,0.06759235262870789,0.09673486649990082,-0.029142513871192932,0.0,0.0,0.0,0.0,0.0,0.0,0.0,0.0,0.0,0.0,0.0,0.0
70#7,PC_ON,slow_2Hz,normal,logit,0.441300630569458,0.4539504051208496,-0.012649774551391602,0.441300630569458,0.4539504051208496,-0.012649774551391602,746.6666666666667,2313.3333333333335,-1566.6666666666667,446.66666666666674,2013.3333333333335,-1566.6666666666667,0.47959986329078674,0.4768578112125397,0.0027420520782470703,0.18956756591796875,0.17641806602478027,0.013149499893188477,-0.000497967004776001,-0.0005671679973602295,6.920099258422852e-05,0.07401324808597565,0.06572370231151581,0.008289545774459839,0.3383844494819641,0.31488436460494995,0.02350008487701416,0.07401324808597565,0.06572370231151581,0.008289545774459839,0.06264074891805649,0.09218638390302658,-0.029545634984970093,0.0,0.0,0.0,0.0,0.0,0.0,0.0,0.0,0.0,0.0,0.0,0.0
70#7,PC_ON,rapid_10Hz,normal,logit,0.36089134216308594,0.3447539806365967,0.016137361526489258,0.36089134216308594,0.3447539806365967,0.016137361526489258,426.6666666666667,420.0,6.666666666666686,126.66666666666669,120.0,6.666666666666686,0.4800768196582794,0.4774104952812195,0.0026663243770599365,0.10915827751159668,0.06722164154052734,0.041936635971069336,-2.1010637283325195e-05,-1.4483928680419922e-05,-6.5267086029052734e-06,0.07401324808597565,0.06572370231151581,0.008289545774459839,0.23287709057331085,0.2313982993364334,0.0014787912368774414,0.07401324808597565,0.06572370231151581,0.008289545774459839,0.12607237696647644,0.1624492108821869,-0.03637683391571045,0.0,0.0,0.0,0.0,0.0,0.0,0.0,0.0,0.0,0.0,0.0,0.0
70#7,PC_ON,rapid_20Hz,normal,logit,0.27881360054016113,0.260852575302124,0.01796102523803711,0.27881360054016113,0.260852575302124,0.01796102523803711,433.33333333333337,373.33333333333337,60.0,133.33333333333337,73.33333333333337,60.0,0.4801013767719269,0.4774291515350342,0.0026722252368927,0.027080535888671875,-0.016679763793945312,0.04376029968261719,3.546476364135742e-06,4.172325134277344e-06,-6.258487701416016e-07,0.0741654485464096,0.0725073367357254,0.001658111810684204,0.16620129346847534,0.16606110334396362,0.00014019012451171875,0.0741654485464096,0.0725073367357254,0.001658111810684204,0.16801024973392487,0.1963692605495453,-0.028359010815620422,0.0,0.0,0.0,0.0,0.0,0.0,0.0,0.0,0.0,0.0,0.0,0.0
70#7,PC_ON,transient_50ms,normal,logit,0.39788520336151123,0.39433753490448,0.00354766845703125,0.39788520336151123,0.39433753490448,0.00354766845703125,1380.0,1366.6666666666667,13.333333333333258,1080.0,1066.6666666666667,13.333333333333258,0.4800770580768585,0.47740259766578674,0.0026744604110717773,0.14615213871002197,0.11680519580841064,0.029346942901611328,-2.0772218704223633e-05,-2.238154411315918e-05,1.6093254089355469e-06,0.07401324808597565,0.06572370231151581,0.008289545774459839,0.15165841579437256,0.13678725063800812,0.014871165156364441,0.07401324808597565,0.06572370231151581,0.008289545774459839,0.11399994790554047,0.128355473279953,-0.014355525374412537,0.0,0.0,0.0,0.0,0.0,0.0,0.0,0.0,0.0,0.0,0.0,0.0
70#7,PC_ON,large_field_50ms,normal,logit,0.17206239700317383,0.1586512327194214,0.013411164283752441,0.17206239700317383,0.1586512327194214,0.013411164283752441,340.0,346.6666666666667,-6.666666666666686,40.0,46.666666666666686,-6.666666666666686,0.0,7.947286162490741e-10,-7.947286162490741e-10,-0.07770657539367676,-0.12135124206542969,0.04364466667175293,7.947286162490741e-10,7.947286162490741e-10,0.0,0.07386426627635956,0.06539614498615265,0.00846812129020691,0.02726052515208721,0.02234356664121151,0.004916958510875702,0.07386426627635956,0.06539614498615265,0.00846812129020691,0.02726052515208721,0.02234356664121151,0.004916958510875702,0.0,0.0,0.0,0.0,0.0,0.0,0.0,0.0,0.0,0.0,0.0,0.0
70#7,PC_ON,slow_step,normal,probability,0.08481043577194214,0.0851178765296936,-0.00030744075775146484,0.08481043577194214,0.0851178765296936,-0.00030744075775146484,1500.0,2313.3333333333335,-813.3333333333335,1200.0,2013.3333333333335,-813.3333333333335,0.09110251069068909,0.08863171935081482,0.0024707913398742676,0.03861647844314575,0.0353112518787384,0.0033052265644073486,0.0032720714807510376,0.0038000643253326416,-0.000527992844581604,0.01321980357170105,0.011361612007021904,0.0018581915646791458,0.06396177411079407,0.05793081969022751,0.006030954420566559,0.01321980357170105,0.011361612007021904,0.0018581915646791458,0.01190563477575779,0.016789911314845085,-0.0048842765390872955,0.0,0.0,0.0,0.0,0.0,0.0,0.0,0.0,0.0,0.0,0.0,0.0
70#7,PC_ON,slow_1Hz,normal,probability,0.08481037616729736,0.08512067794799805,-0.0003103017807006836,0.08481037616729736,0.08512067794799805,-0.0003103017807006836,1000.0,2313.3333333333335,-1313.3333333333335,700.0,2013.3333333333335,-1313.3333333333335,0.09093766659498215,0.08843005448579788,0.002507612109184265,0.03861641883850098,0.03531405329704285,0.00330236554145813,0.003107227385044098,0.0035983994603157043,-0.0004911720752716064,0.01321980357170105,0.011361612007021904,0.0018581915646791458,0.06396438926458359,0.05793321132659912,0.0060311779379844666,0.01321980357170105,0.011361612007021904,0.0018581915646791458,0.011905323714017868,0.016789546236395836,-0.004884222522377968,0.0,0.0,0.0,0.0,0.0,0.0,0.0,0.0,0.0,0.0,0.0,0.0
70#7,PC_ON,slow_2Hz,normal,probability,0.08480915427207947,0.0851801335811615,-0.00037097930908203125,0.08480915427207947,0.0851801335811615,-0.00037097930908203125,746.6666666666667,2313.3333333333335,-1566.6666666666667,446.66666666666674,2013.3333333333335,-1566.6666666666667,0.09059938043355942,0.08801747858524323,0.0025819018483161926,0.03861519694328308,0.0353735089302063,0.0032416880130767822,0.0027689412236213684,0.0031858235597610474,-0.00041688233613967896,0.01321980357170105,0.011361612007021904,0.0018581915646791458,0.06401851028203964,0.0579836368560791,0.006034873425960541,0.01321980357170105,0.011361612007021904,0.0018581915646791458,0.010992207564413548,0.015933271497488022,-0.004941063933074474,0.0,0.0,0.0,0.0,0.0,0.0,0.0,0.0,0.0,0.0,0.0,0.0
70#7,PC_ON,rapid_10Hz,normal,probability,0.06804648041725159,0.06295713782310486,0.0050893425941467285,0.06804648041725159,0.06295713782310486,0.0050893425941467285,426.6666666666667,420.0,6.666666666666686,126.66666666666669,120.0,6.666666666666686,0.08837726712226868,0.0852304995059967,0.0031467676162719727,0.0218525230884552,0.013150513172149658,0.008702009916305542,0.0005468279123306274,0.00039884448051452637,0.00014798343181610107,0.01321980357170105,0.011361612007021904,0.0018581915646791458,0.042738549411296844,0.041469477117061615,0.0012690722942352295,0.01321980357170105,0.011361612007021904,0.0018581915646791458,0.022416189312934875,0.02832835353910923,-0.0059121642261743546,0.0,0.0,0.0,0.0,0.0,0.0,0.0,0.0,0.0,0.0,0.0,0.0
70#7,PC_ON,rapid_20Hz,normal,probability,0.05151557922363281,0.046607792377471924,0.004907786846160889,0.05151557922363281,0.046607792377471924,0.004907786846160889,433.33333333333337,373.33333333333337,60.0,133.33333333333337,73.33333333333337,60.0,0.08784150332212448,0.08480290323495865,0.0030386000871658325,0.005321621894836426,-0.0031988322734832764,0.008520454168319702,1.1064112186431885e-05,-2.8751790523529053e-05,3.981590270996094e-05,0.013248410075902939,0.01260264404118061,0.0006457660347223282,0.029984328895807266,0.029278378933668137,0.0007059499621391296,0.013248410075902939,0.01260264404118061,0.0006457660347223282,0.03024163842201233,0.03467276692390442,-0.00443112850189209,0.0,0.0,0.0,0.0,0.0,0.0,0.0,0.0,0.0,0.0,0.0,0.0
70#7,PC_ON,transient_50ms,normal,probability,0.07569020986557007,0.07291832566261292,0.0027718842029571533,0.07569020986557007,0.07291832566261292,0.0027718842029571533,1380.0,1366.6666666666667,13.333333333333258,1080.0,1066.6666666666667,13.333333333333258,0.08792228996753693,0.0849238783121109,0.0029984116554260254,0.02949625253677368,0.023111701011657715,0.006384551525115967,9.185075759887695e-05,9.222328662872314e-05,-3.725290298461914e-07,0.01321980357170105,0.011361612007021904,0.0018581915646791458,0.02752142958343029,0.02416323684155941,0.00335819274187088,0.01321980357170105,0.011361612007021904,0.0018581915646791458,0.02019977569580078,0.022131459787487984,-0.0019316840916872025,0.0,0.0,0.0,0.0,0.0,0.0,0.0,0.0,0.0,0.0,0.0,0.0
70#7,PC_ON,large_field_50ms,normal,probability,0.030928611755371094,0.02757561206817627,0.0033529996871948242,0.030928611755371094,0.02757561206817627,0.0033529996871948242,340.0,346.6666666666667,-6.666666666666686,40.0,46.666666666666686,-6.666666666666686,0.0001215335723827593,0.00011398315837141126,7.550414011348039e-06,-0.014881998300552368,-0.022706925868988037,0.007824927568435669,-0.00011578600242501125,-0.00017729321552906185,6.15072131040506e-05,0.0131918303668499,0.011302029713988304,0.0018898006528615952,0.005176399368792772,0.004190174397081137,0.0009862249717116356,0.0131918303668499,0.011302029713988304,0.0018898006528615952,0.005176399368792772,0.004190174397081137,0.0009862249717116356,0.0,0.0,0.0,0.0,0.0,0.0,0.0,0.0,0.0,0.0,0.0,0.0
70#7,PC_ON,slow_step,H1_off,logit,0.44056224822998047,0.4518851041793823,-0.011322855949401855,0.44056224822998047,0.4518851041793823,-0.011322855949401855,1506.6666666666667,2313.3333333333335,-806.6666666666667,1206.6666666666667,2013.3333333333335,-806.6666666666667,0.48072776198387146,0.48025381565093994,0.00047394633293151855,0.1877739429473877,0.17120182514190674,0.016572117805480957,-0.0007178783416748047,-0.0007992088794708252,8.133053779602051e-05,0.07417739927768707,0.06618236005306244,0.007995039224624634,0.33749130368232727,0.3130255937576294,0.024465709924697876,0.07417739927768707,0.06618236005306244,0.007995039224624634,0.06940273940563202,0.10152116417884827,-0.03211842477321625,0.0014772912254557014,0.004131263121962547,-0.002653971896506846,0.003798246383666992,0.013786911964416504,-0.009988665580749512,0.003798246383666992,0.013786911964416504,-0.009988665580749512,0.001359111862257123,0.0036610497627407312,-0.0023019379004836082
70#7,PC_ON,slow_1Hz,H1_off,logit,0.44056206941604614,0.4518987536430359,-0.011336684226989746,0.44056206941604614,0.4518987536430359,-0.011336684226989746,1006.6666666666667,2313.3333333333335,-1306.6666666666667,706.6666666666667,2013.3333333333335,-1306.6666666666667,0.48080477118492126,0.4803429841995239,0.00046178698539733887,0.18777376413345337,0.1712154746055603,0.016558289527893066,-0.000640869140625,-0.0007100403308868408,6.917119026184082e-05,0.07417739927768707,0.06618236005306244,0.007995039224624634,0.33750420808792114,0.3130378723144531,0.024466335773468018,0.07417739927768707,0.06618236005306244,0.007995039224624634,0.06940089166164398,0.10151894390583038,-0.0321180522441864,0.0016321599250659347,0.004805267788469791,-0.0031731078634038568,0.004585981369018555,0.017321348190307617,-0.012735366821289062,0.004585981369018555,0.017321348190307617,-0.012735366821289062,0.0013587848516181111,0.003661546390503645,-0.002302761538885534
70#7,PC_ON,slow_2Hz,H1_off,logit,0.440555214881897,0.45218420028686523,-0.011628985404968262,0.440555214881897,0.45218420028686523,-0.011628985404968262,760.0,2313.3333333333335,-1553.3333333333335,460.0,2013.3333333333335,-1553.3333333333335,0.48095789551734924,0.4805201292037964,0.00043776631355285645,0.1877669095993042,0.17150092124938965,0.01626598834991455,-0.0004877448081970215,-0.0005328953266143799,4.51505184173584e-05,0.07417739927768707,0.06618236005306244,0.007995039224624634,0.3377656638622284,0.31329280138015747,0.024472862482070923,0.07417739927768707,0.06618236005306244,0.007995039224624634,0.06451801210641861,0.09721682965755463,-0.03269881755113602,0.0019333946984261274,0.006145942024886608,-0.004212547326460481,0.0045861005783081055,0.017323613166809082,-0.012737512588500977,0.0045861005783081055,0.017323613166809082,-0.012737512588500977,0.0013581255916506052,0.0036623061168938875,-0.0023041805252432823
70#7,PC_ON,rapid_10Hz,H1_off,logit,0.3584718704223633,0.3383643627166748,0.020107507705688477,0.3584718704223633,0.3383643627166748,0.020107507705688477,426.6666666666667,2313.3333333333335,-1886.6666666666667,126.66666666666669,2013.3333333333335,-1886.6666666666667,0.4814264178276062,0.48104339838027954,0.00038301944732666016,0.10568356513977051,0.05768108367919922,0.04800248146057129,-1.9222497940063477e-05,-9.626150131225586e-06,-9.59634780883789e-06,0.07417739927768707,0.06618236005306244,0.007995039224624634,0.2316117286682129,0.22516970336437225,0.006442025303840637,0.07417739927768707,0.06618236005306244,0.007995039224624634,0.12917523086071014,0.17392981052398682,-0.04475457966327667,0.0020365226082503796,0.008522546850144863,-0.0064860242418944836,0.0037745237350463867,0.014701008796691895,-0.010926485061645508,0.0037745237350463867,0.014701008796691895,-0.010926485061645508,0.0013495329767465591,0.00363294524140656,-0.002283412264660001
70#7,PC_ON,rapid_20Hz,H1_off,logit,0.27882182598114014,0.271213173866272,0.007608652114868164,0.27882182598114014,0.271213173866272,0.007608652114868164,433.33333333333337,366.6666666666667,66.66666666666669,133.33333333333337,66.66666666666669,66.66666666666669,0.48144930601119995,0.4810570478439331,0.0003922581672668457,0.026033520698547363,-0.009470105171203613,0.03550362586975098,3.6656856536865234e-06,4.023313522338867e-06,-3.5762786865234375e-07,0.07432959973812103,0.07296666502952576,0.0013629347085952759,0.16663622856140137,0.16708910465240479,-0.00045287609100341797,0.07432959973812103,0.07296666502952576,0.0013629347085952759,0.16932907700538635,0.20135408639907837,-0.03202500939369202,0.0009084498742595315,0.003736762562766671,-0.0028283126885071397,0.0027189254760742188,0.010864973068237305,-0.008146047592163086,0.0027189254760742188,0.010864973068237305,-0.008146047592163086,0.001347954268567264,0.003627859754487872,-0.002279905485920608
70#7,PC_ON,transient_50ms,H1_off,logit,0.39593929052352905,0.3873823881149292,0.008556902408599854,0.39593929052352905,0.3873823881149292,0.008556902408599854,1380.0,1366.6666666666667,13.333333333333258,1080.0,1066.6666666666667,13.333333333333258,0.48142528533935547,0.4810320734977722,0.00039321184158325195,0.14315098524093628,0.10669910907745361,0.036451876163482666,-2.03549861907959e-05,-2.0951032638549805e-05,5.960464477539062e-07,0.07417739927768707,0.06618236005306244,0.007995039224624634,0.15228401124477386,0.13846348226070404,0.013820528984069824,0.07417739927768707,0.06618236005306244,0.007995039224624634,0.11718510091304779,0.14003494381904602,-0.02284984290599823,0.0007475584861822426,0.002216954715549946,-0.0014693962293677032,0.003786325454711914,0.013881325721740723,-0.010095000267028809,0.003786325454711914,0.013881325721740723,-0.010095000267028809,0.0013482129434123635,0.0036294381134212017,-0.002281225170008838
70#7,PC_ON,large_field_50ms,H1_off,logit,0.17290854454040527,0.16466760635375977,0.008240938186645508,0.17290854454040527,0.16466760635375977,0.008240938186645508,346.6666666666667,346.6666666666667,0.0,46.666666666666686,46.666666666666686,0.0,0.0,7.947286162490741e-10,-7.947286162490741e-10,-0.07769107818603516,-0.11848568916320801,0.04079461097717285,7.947286162490741e-10,7.947286162490741e-10,0.0,0.07417739927768707,0.06618236005306244,0.007995039224624634,0.03280087932944298,0.042278952896595,-0.009478073567152023,0.07417739927768707,0.06618236005306244,0.007995039224624634,0.03280087932944298,0.042278952896595,-0.009478073567152023,0.0004894566372968256,0.001816054224036634,-0.0013265975867398083,0.0066258907318115234,0.023869633674621582,-0.01724374294281006,0.0066258907318115234,0.023869633674621582,-0.01724374294281006,0.0,0.0,0.0
70#7,PC_ON,slow_step,H1_off,probability,0.08465275168418884,0.0847502052783966,-9.745359420776367e-05,0.08465275168418884,0.0847502052783966,-9.745359420776367e-05,1506.6666666666667,2313.3333333333335,-806.6666666666667,1206.6666666666667,2013.3333333333335,-806.6666666666667,0.09131263941526413,0.08916334807872772,0.0021492913365364075,0.038252681493759155,0.03433641791343689,0.003916263580322266,0.0032198727130889893,0.0036426857113838196,-0.0004228129982948303,0.013250652700662613,0.01144508644938469,0.0018055662512779236,0.06383590400218964,0.057615675032138824,0.006220228970050812,0.013250652700662613,0.01144508644938469,0.0018055662512779236,0.01222589984536171,0.017622284591197968,-0.005396384745836258,0.00027386884903535247,0.0007446681265719235,-0.000470799277536571,0.0006816089153289795,-0.0027785897254943848,0.0034601986408233643,0.0006816089153289795,0.0027785897254943848,-0.0020969808101654053,0.00021014283993281424,0.0005316254682838917,-0.00032148262835107744
70#7,PC_ON,slow_1Hz,H1_off,probability,0.08465269207954407,0.08475303649902344,-0.00010034441947937012,0.08465269207954407,0.08475303649902344,-0.00010034441947937012,1006.6666666666667,2313.3333333333335,-1306.6666666666667,706.6666666666667,2013.3333333333335,-1306.6666666666667,0.09114529192447662,0.08894657343626022,0.0021987184882164,0.03825262188911438,0.03433924913406372,0.003913372755050659,0.003052525222301483,0.003425911068916321,-0.00037338584661483765,0.013250652700662613,0.01144508644938469,0.0018055662512779236,0.06383852660655975,0.05761810019612312,0.00622042641043663,0.013250652700662613,0.01144508644938469,0.0018055662512779236,0.012225575745105743,0.01762188971042633,-0.005396313965320587,0.0003044044424314052,0.0008733226568438113,-0.0005689182144124061,0.0008352696895599365,0.0030351579189300537,-0.002199888229370117,0.0008352696895599365,0.0030351579189300537,-0.002199888229370117,0.00020761738414876163,0.0005165378097444773,-0.00030892042559571564
70#7,PC_ON,slow_2Hz,H1_off,probability,0.08465123176574707,0.08481243252754211,-0.00016120076179504395,0.08465123176574707,0.08481243252754211,-0.00016120076179504395,760.0,2313.3333333333335,-1553.3333333333335,460.0,2013.3333333333335,-1553.3333333333335,0.09080212563276291,0.08850425481796265,0.0022978708148002625,0.03825116157531738,0.0343986451625824,0.0038525164127349854,0.0027093589305877686,0.002983592450618744,-0.00027423352003097534,0.013250652700662613,0.01144508644938469,0.0018055662512779236,0.06389196217060089,0.057668536901474,0.006223425269126892,0.013250652700662613,0.01144508644938469,0.0018055662512779236,0.011324635706841946,0.01681053452193737,-0.005485898815095425,0.0003638666239567101,0.0011291953269392252,-0.0007653287029825151,0.0008353441953659058,0.0030357539653778076,-0.002200409770011902,0.0008353441953659058,0.0030357539653778076,-0.002200409770011902,0.00020273387781344354,0.0004867779207415879,-0.00028404404292814434
70#7,PC_ON,rapid_10Hz,H1_off,probability,0.0675506591796875,0.06168946623802185,0.005861192941665649,0.0675506591796875,0.06168946623802185,0.005861192941665649,426.6666666666667,2313.3333333333335,-1886.6666666666667,126.66666666666669,2013.3333333333335,-1886.6666666666667,0.08860630542039871,0.08582551777362823,0.0027807876467704773,0.021150588989257812,0.011275678873062134,0.009874910116195679,0.0005135387182235718,0.0003048554062843323,0.0002086833119392395,0.013250652700662613,0.01144508644938469,0.0018055662512779236,0.04249507933855057,0.0403202585875988,0.002174820750951767,0.013250652700662613,0.01144508644938469,0.0018055662512779236,0.022984948009252548,0.03042009472846985,-0.0074351467192173,0.0003902959288097918,0.0016004880890250206,-0.0012101921602152288,0.0006833374500274658,0.0026818662881851196,-0.001998528838157654,0.0006833374500274658,0.0026818662881851196,-0.001998528838157654,0.00022903582430444658,0.0005950095364823937,-0.00036597371217794716
70#7,PC_ON,rapid_20Hz,H1_off,probability,0.051517218351364136,0.04859170317649841,0.0029255151748657227,0.051517218351364136,0.04859170317649841,0.0029255151748657227,433.33333333333337,366.6666666666667,66.66666666666669,133.33333333333337,66.66666666666669,66.66666666666669,0.08810175210237503,0.08550208061933517,0.002599671483039856,0.005117148160934448,-0.0018220841884613037,0.006939232349395752,8.985400199890137e-06,-1.8581748008728027e-05,2.7567148208618164e-05,0.013279270380735397,0.012687897309660912,0.0005913730710744858,0.03007102571427822,0.029500136151909828,0.0005708895623683929,0.013279270380735397,0.012687897309660912,0.0005913730710744858,0.030491679906845093,0.0356198325753212,-0.005128152668476105,0.0001756324345478788,0.0007082761730998755,-0.0005326437385519966,0.000517725944519043,0.0020802319049835205,-0.0015625059604644775,0.000517725944519043,0.0020802319049835205,-0.0015625059604644775,0.00026024619000963867,0.000699178664945066,-0.0004389324749354273
70#7,PC_ON,transient_50ms,H1_off,probability,0.07528519630432129,0.07150790095329285,0.0037772953510284424,0.07528519630432129,0.07150790095329285,0.0037772953510284424,1380.0,1366.6666666666667,13.333333333333258,1080.0,1066.6666666666667,13.333333333333258,0.08818179368972778,0.08560355752706528,0.002578236162662506,0.0288851261138916,0.02109411358833313,0.007791012525558472,8.902698755264282e-05,8.289515972137451e-05,6.1318278312683105e-06,0.013250652700662613,0.01144508644938469,0.0018055662512779236,0.027638379484415054,0.0244660135358572,0.0031723659485578537,0.013250652700662613,0.01144508644938469,0.0018055662512779236,0.020780066028237343,0.02422073669731617,-0.003440670669078827,0.00014470402675215155,0.0004181817057542503,-0.00027347767900209874,0.0006824880838394165,0.0024721473455429077,-0.0017896592617034912,0.0006824880838394165,0.0024721473455429077,-0.0017896592617034912,0.0002595103869680315,0.0006796725792810321,-0.00042016219231300056
70#7,PC_ON,large_field_50ms,H1_off,probability,0.031087666749954224,0.028668686747550964,0.0024189800024032593,0.031087666749954224,0.028668686747550964,0.0024189800024032593,346.6666666666667,346.6666666666667,0.0,46.666666666666686,46.666666666666686,0.0,0.0001237917022081092,0.00012379458348732442,-2.8812792152166367e-09,-0.014885008335113525,-0.022221729159355164,0.007336720824241638,-0.00011501103290356696,-0.000173232561792247,5.822152888868004e-05,0.013250652700662613,0.01144508644938469,0.0018055662512779236,0.00613951263949275,0.00755561888217926,-0.00141610624268651,0.013250652700662613,0.01144508644938469,0.0018055662512779236,0.00613951263949275,0.00755561888217926,-0.00141610624268651,8.394892211072147e-05,0.0003018188872374594,-0.00021786996512673795,0.001163780689239502,0.004074767231941223,-0.002910986542701721,0.001163780689239502,0.004074767231941223,-0.002910986542701721,2.258122094644932e-06,9.811421477934346e-06,-7.5532993832894135e-06
70#7,PC_ON,slow_step,AC_off,logit,0.42894119024276733,0.5403981804847717,-0.1114569902420044,0.42894119024276733,0.5403981804847717,-0.1114569902420044,1513.3333333333335,1466.6666666666667,46.66666666666674,1213.3333333333335,1166.6666666666667,46.66666666666674,0.8423539400100708,1.0174850225448608,-0.17513108253479004,0.005606591701507568,0.028830885887145996,-0.023224294185638428,1.1920928955078125e-06,-9.298324584960938e-06,1.049041748046875e-05,0.10180829465389252,0.14892730116844177,-0.047119006514549255,0.32728445529937744,0.3904370069503784,-0.06315255165100098,0.10180829465389252,0.14892730116844177,-0.047119006514549255,0.41359949111938477,0.4787467420101166,-0.06514725089073181,0.19221115112304688,0.26777029037475586,-0.07555913925170898,0.3753354549407959,0.4538447856903076,-0.07850933074951172,0.3753354549407959,0.4538447856903076,-0.07850933074951172,0.362985223531723,0.5408922433853149,-0.17790701985359192
70#7,PC_ON,slow_1Hz,AC_off,logit,0.42894208431243896,0.5403999090194702,-0.11145782470703125,0.42894208431243896,0.5403999090194702,-0.11145782470703125,1013.3333333333334,966.6666666666667,46.66666666666663,713.3333333333334,666.6666666666667,46.66666666666663,0.8423540592193604,1.017486810684204,-0.17513275146484375,0.005607485771179199,0.028832614421844482,-0.023225128650665283,1.3113021850585938e-06,-7.510185241699219e-06,8.821487426757812e-06,0.10180829465389252,0.14892730116844177,-0.047119006514549255,0.3272850513458252,0.3904391825199127,-0.06315413117408752,0.10180829465389252,0.14892730116844177,-0.047119006514549255,0.4136096239089966,0.478757381439209,-0.0651477575302124,0.19107402861118317,0.26772740483283997,-0.0766533762216568,0.3753354549407959,0.4538447856903076,-0.07850933074951172,0.3753354549407959,0.4538447856903076,-0.07850933074951172,0.3629080355167389,0.5408053994178772,-0.1778973639011383
70#7,PC_ON,slow_2Hz,AC_off,logit,0.42896413803100586,0.5404396057128906,-0.11147546768188477,0.42896413803100586,0.5404396057128906,-0.11147546768188477,753.3333333333334,713.3333333333334,40.0,453.33333333333337,413.33333333333337,40.0,0.8423542380332947,1.0174903869628906,-0.17513614892959595,0.005629539489746094,0.028872311115264893,-0.0232427716255188,1.4901161193847656e-06,-3.933906555175781e-06,5.424022674560547e-06,0.10180829465389252,0.14892730116844177,-0.047119006514549255,0.3272979259490967,0.39048540592193604,-0.06318747997283936,0.10180829465389252,0.14892730116844177,-0.047119006514549255,0.4137628674507141,0.47852474451065063,-0.06476187705993652,0.18869224190711975,0.26765236258506775,-0.078960120677948,0.3753354549407959,0.4538447856903076,-0.07850933074951172,0.3753354549407959,0.4538447856903076,-0.07850933074951172,0.3627544343471527,0.5406325459480286,-0.17787811160087585
70#7,PC_ON,rapid_10Hz,AC_off,logit,0.426180362701416,0.531014621257782,-0.10483425855636597,0.426180362701416,0.531014621257782,-0.10483425855636597,440.0,440.0,0.0,140.0,140.0,0.0,0.8423536419868469,1.0174975395202637,-0.17514389753341675,0.00284576416015625,0.01944732666015625,-0.0166015625,8.940696716308594e-07,3.2186508178710938e-06,-2.3245811462402344e-06,0.10180829465389252,0.14892730116844177,-0.047119006514549255,0.3207395672798157,0.36928242444992065,-0.04854285717010498,0.10180829465389252,0.14892730116844177,-0.047119006514549255,0.3771190643310547,0.4625168442726135,-0.08539777994155884,0.17867349088191986,0.2656770646572113,-0.08700357377529144,0.29810643196105957,0.36405229568481445,-0.06594586372375488,0.29810643196105957,0.36405229568481445,-0.06594586372375488,0.36227676272392273,0.5400869846343994,-0.17781022191047668
70#7,PC_ON,rapid_20Hz,AC_off,logit,0.4235398769378662,0.5175647139549255,-0.09402483701705933,0.4235398769378662,0.5175647139549255,-0.09402483701705933,440.0,440.0,0.0,140.0,140.0,0.0,0.8423531651496887,1.017496109008789,-0.17514294385910034,0.0002052783966064453,0.005997419357299805,-0.005792140960693359,4.172325134277344e-07,1.7881393432617188e-06,-1.3709068298339844e-06,0.10180829465389252,0.14892730116844177,-0.047119006514549255,0.3198138475418091,0.36088502407073975,-0.041071176528930664,0.10180829465389252,0.14892730116844177,-0.047119006514549255,0.27933406829833984,0.3707124590873718,-0.09137839078903198,0.17647336423397064,0.26387515664100647,-0.08740179240703583,0.2160036563873291,0.29317706823349,-0.07717341184616089,0.2160036563873291,0.29317706823349,-0.07717341184616089,0.36225178837776184,0.5400668978691101,-0.17781510949134827
70#7,PC_ON,transient_50ms,AC_off,logit,0.426707923412323,0.5347649455070496,-0.10805702209472656,0.426707923412323,0.5347649455070496,-0.10805702209472656,1393.3333333333335,1386.6666666666667,6.6666666666667425,1093.3333333333335,1086.6666666666667,6.6666666666667425,0.8423522114753723,1.017491340637207,-0.17513912916183472,0.0033733248710632324,0.023197650909423828,-0.019824326038360596,-5.364418029785156e-07,-2.9802322387695312e-06,2.4437904357910156e-06,0.10180829465389252,0.14892730116844177,-0.047119006514549255,0.3196161389350891,0.3596518635749817,-0.04003572463989258,0.10180829465389252,0.14892730116844177,-0.047119006514549255,0.37703269720077515,0.46195173263549805,-0.0849190354347229,0.1754109263420105,0.2627083659172058,-0.08729743957519531,0.3044090270996094,0.35451412200927734,-0.05010509490966797,0.3044090270996094,0.35451412200927734,-0.05010509490966797,0.3622751533985138,0.5400887131690979,-0.1778135597705841
70#7,PC_ON,large_field_50ms,AC_off,logit,0.35691702365875244,-0.42960453033447266,0.7865215539932251,0.35691702365875244,0.42960453033447266,-0.07268750667572021,366.6666666666667,1360.0,-993.3333333333333,66.66666666666669,1060.0,-993.3333333333333,-1.19209286886246e-09,-3.9736430812453705e-10,-7.947285607379229e-10,-0.0079118013381958,0.033564090728759766,-0.041475892066955566,1.5894572324981482e-09,2.384185793236071e-09,-7.947285607379229e-10,0.10164759308099747,0.14786823093891144,-0.04622063785791397,0.27656927704811096,0.29318767786026,-0.016618400812149048,0.10164759308099747,0.14786823093891144,-0.04622063785791397,0.27656927704811096,0.29318767786026,-0.016618400812149048,0.018329830840229988,0.020697064697742462,-0.002367233857512474,0.2927744388580322,0.31517910957336426,-0.02240467071533203,0.2927744388580322,0.31517910957336426,-0.02240467071533203,-1.19209286886246e-09,-1.19209286886246e-09,0.0
70#7,PC_ON,slow_step,AC_off,probability,0.08219709992408752,0.1034955084323883,-0.02129840850830078,0.08219709992408752,0.1034955084323883,-0.02129840850830078,1513.3333333333335,1466.6666666666667,46.66666666666674,1213.3333333333335,1166.6666666666667,46.66666666666674,0.1609635353088379,0.1932758092880249,-0.03231227397918701,0.0011807084083557129,0.006176769733428955,-0.004996061325073242,-5.0514936447143555e-06,3.4481287002563477e-05,-3.953278064727783e-05,0.018546072766184807,0.026912817731499672,-0.008366744965314865,0.0617581345140934,0.07318071275949478,-0.011422578245401382,0.018546072766184807,0.026912817731499672,-0.008366744965314865,0.07897253334522247,0.09037058055400848,-0.01139804720878601,0.03719137981534004,0.051804669201374054,-0.014613289386034012,0.07235220074653625,0.08617106080055237,-0.013818860054016113,0.07235220074653625,0.08617106080055237,-0.013818860054016113,0.06986100971698761,0.10464410483837128,-0.03478309512138367
70#7,PC_ON,slow_1Hz,AC_off,probability,0.08219727873802185,0.10349589586257935,-0.021298617124557495,0.08219727873802185,0.10349589586257935,-0.021298617124557495,1013.3333333333334,966.6666666666667,46.66666666666663,713.3333333333334,666.6666666666667,46.66666666666663,0.1609632521867752,0.19327275454998016,-0.032309502363204956,0.001180887222290039,0.006177157163619995,-0.004996269941329956,-5.334615707397461e-06,3.142654895782471e-05,-3.676116466522217e-05,0.018546072766184807,0.026912817731499672,-0.008366744965314865,0.06175824999809265,0.0731811374425888,-0.011422887444496155,0.018546072766184807,0.026912817731499672,-0.008366744965314865,0.078974649310112,0.09037283062934875,-0.011398181319236755,0.037041496485471725,0.05190405994653702,-0.014862563461065292,0.07235220074653625,0.08617106080055237,-0.013818860054016113,0.07235220074653625,0.08617106080055237,-0.013818860054016113,0.07002559304237366,0.10484269261360168,-0.03481709957122803
70#7,PC_ON,slow_2Hz,AC_off,probability,0.08220192790031433,0.10350444912910461,-0.021302521228790283,0.08220192790031433,0.10350444912910461,-0.021302521228790283,753.3333333333334,713.3333333333334,40.0,453.33333333333337,413.33333333333337,40.0,0.16096271574497223,0.19326630234718323,-0.032303586602211,0.0011855363845825195,0.006185710430145264,-0.005000174045562744,-5.8710575103759766e-06,2.4974346160888672e-05,-3.084540367126465e-05,0.018546072766184807,0.026912817731499672,-0.008366744965314865,0.06176086887717247,0.07319062203168869,-0.01142975315451622,0.018546072766184807,0.026912817731499672,-0.008366744965314865,0.07900675386190414,0.09032364934682846,-0.011316895484924316,0.03672287240624428,0.05210919305682182,-0.015386320650577545,0.07235220074653625,0.08617106080055237,-0.013818860054016113,0.07235220074653625,0.08617106080055237,-0.013818860054016113,0.07036332786083221,0.1052488386631012,-0.03488551080226898
70#7,PC_ON,rapid_10Hz,AC_off,probability,0.08161535859107971,0.10147780179977417,-0.019862443208694458,0.08161535859107971,0.10147780179977417,-0.019862443208694458,440.0,440.0,0.0,140.0,140.0,0.0,0.160962775349617,0.19322647154331207,-0.03226369619369507,0.0005989670753479004,0.004159063100814819,-0.003560096025466919,-5.811452865600586e-06,-1.4856457710266113e-05,9.045004844665527e-06,0.018546072766184807,0.026912817731499672,-0.008366744965314865,0.06041513755917549,0.06877097487449646,-0.008355837315320969,0.018546072766184807,0.026912817731499672,-0.008366744965314865,0.07141511887311935,0.08698000758886337,-0.015564888715744019,0.03579968586564064,0.053153280168771744,-0.017353594303131104,0.05867518484592438,0.07145503163337708,-0.012779846787452698,0.05867518484592438,0.07145503163337708,-0.012779846787452698,0.07258550077676773,0.10799596458673477,-0.03541046380996704
70#7,PC_ON,rapid_20Hz,AC_off,probability,0.08105957508087158,0.09859809279441833,-0.017538517713546753,0.08105957508087158,0.09859809279441833,-0.017538517713546753,440.0,440.0,0.0,140.0,140.0,0.0,0.1609657108783722,0.19322796165943146,-0.032262250781059265,4.318356513977051e-05,0.0012793540954589844,-0.0012361705303192139,-2.8759241104125977e-06,-1.3366341590881348e-05,1.049041748046875e-05,0.018546072766184807,0.026912817731499672,-0.008366744965314865,0.06024370342493057,0.0671570748090744,-0.006913371384143829,0.018546072766184807,0.026912817731499672,-0.008366744965314865,0.05205477029085159,0.06866773962974548,-0.01661296933889389,0.03565753996372223,0.05304047837853432,-0.017382938414812088,0.043372541666030884,0.05885733664035797,-0.015484794974327087,0.043372541666030884,0.05885733664035797,-0.015484794974327087,0.07312420755624771,0.1084250807762146,-0.03530087321996689
70#7,PC_ON,transient_50ms,AC_off,probability,0.08172646164894104,0.10228335857391357,-0.020556896924972534,0.08172646164894104,0.10228335857391357,-0.020556896924972534,1393.3333333333335,1386.6666666666667,6.6666666666667425,1093.3333333333335,1086.6666666666667,6.6666666666667425,0.16096916794776917,0.19324497878551483,-0.032275810837745667,0.0007100701332092285,0.004964619874954224,-0.004254549741744995,5.811452865600586e-07,3.6507844924926758e-06,-3.069639205932617e-06,0.018546072766184807,0.026912817731499672,-0.008366744965314865,0.0602111890912056,0.06697886437177658,-0.006767675280570984,0.018546072766184807,0.026912817731499672,-0.008366744965314865,0.07139705866575241,0.08686099946498871,-0.015463940799236298,0.03543505445122719,0.05278691276907921,-0.01735185831785202,0.05933518707752228,0.06874829530715942,-0.009413108229637146,0.05933518707752228,0.06874829530715942,-0.009413108229637146,0.07304687052965164,0.10832110047340393,-0.03527422994375229
70#7,PC_ON,large_field_50ms,AC_off,probability,0.06723231077194214,0.08013525605201721,-0.012902945280075073,0.06723231077194214,0.08013525605201721,-0.012902945280075073,366.6666666666667,360.0,6.666666666666686,66.66666666666669,60.0,6.666666666666686,0.0004963201354257762,0.0006864686729386449,-0.00019014853751286864,-0.0016221106052398682,-0.006968200206756592,0.005346089601516724,-2.5922665372490883e-05,-0.0001339211594313383,0.00010799849405884743,0.018514303490519524,0.02669919840991497,-0.008184894919395447,0.05136469379067421,0.05363432690501213,-0.002269633114337921,0.018514303490519524,0.02669919840991497,-0.008184894919395447,0.05136469379067421,0.05363432690501213,-0.002269633114337921,0.0031428367365151644,0.003439577529206872,-0.0002967407926917076,0.05363422632217407,0.059956327080726624,-0.006322100758552551,0.05363422632217407,0.059956327080726624,-0.006322100758552551,0.0003747865557670593,0.0005724855582229793,-0.00019769900245591998
70#15,PC_ON,slow_step,normal,logit,0.5093181133270264,0.502579927444458,0.006738185882568359,0.5093181133270264,0.502579927444458,0.006738185882568359,1553.3333333333335,1506.6666666666667,46.66666666666674,1253.3333333333335,1206.6666666666667,46.66666666666674,0.5303236246109009,0.533437192440033,-0.00311356782913208,0.21677052974700928,0.21456587314605713,0.0022046566009521484,-0.0010640621185302734,-0.0010039210319519043,-6.014108657836914e-05,0.05587702989578247,0.051402658224105835,0.004474371671676636,0.4002212882041931,0.3789065182209015,0.021314769983291626,0.05587702989578247,0.051402658224105835,0.004474371671676636,0.07466453313827515,0.10362625122070312,-0.02896171808242798,0.0,0.0,0.0,0.0,0.0,0.0,0.0,0.0,0.0,0.0,0.0,0.0
70#15,PC_ON,slow_1Hz,normal,logit,0.5093178749084473,0.5025798082351685,0.006738066673278809,0.5093178749084473,0.5025798082351685,0.006738066673278809,1053.3333333333335,1006.6666666666667,46.66666666666674,753.3333333333335,706.6666666666667,46.66666666666674,0.5304560661315918,0.5335535407066345,-0.0030974745750427246,0.21677029132843018,0.21456575393676758,0.0022045373916625977,-0.0009316205978393555,-0.0008875727653503418,-4.404783248901367e-05,0.05587702989578247,0.051402658224105835,0.004474371671676636,0.4002387225627899,0.3789212107658386,0.021317511796951294,0.05587702989578247,0.051402658224105835,0.004474371671676636,0.07466112077236176,0.1036243587732315,-0.02896323800086975,0.0,0.0,0.0,0.0,0.0,0.0,0.0,0.0,0.0,0.0,0.0,0.0
70#15,PC_ON,slow_2Hz,normal,logit,0.5093121528625488,0.5025742053985596,0.006737947463989258,0.5093121528625488,0.5025742053985596,0.006737947463989258,800.0,760.0,40.0,500.0,460.0,40.0,0.530718207359314,0.5337844491004944,-0.00306624174118042,0.21676456928253174,0.2145601511001587,0.002204418182373047,-0.0006694793701171875,-0.0006566643714904785,-1.2814998626708984e-05,0.05587702989578247,0.051402658224105835,0.004474371671676636,0.40052348375320435,0.3792226314544678,0.021300852298736572,0.05587702989578247,0.051402658224105835,0.004474371671676636,0.07024306803941727,0.09955094754695892,-0.029307879507541656,0.0,0.0,0.0,0.0,0.0,0.0,0.0,0.0,0.0,0.0,0.0,0.0
70#15,PC_ON,rapid_10Hz,normal,logit,0.3427612781524658,0.34876763820648193,-0.006006360054016113,0.3427612781524658,0.34876763820648193,-0.006006360054016113,420.0,420.0,0.0,120.0,120.0,0.0,0.531384289264679,0.5344340205192566,-0.0030497312545776367,0.05021369457244873,0.060753583908081055,-0.010539889335632324,-3.3974647521972656e-06,-7.092952728271484e-06,3.6954879760742188e-06,0.05587702989578247,0.051402658224105835,0.004474371671676636,0.2526249289512634,0.2597951889038086,-0.007170259952545166,0.05587702989578247,0.051402658224105835,0.004474371671676636,0.14052212238311768,0.15470130741596222,-0.014179185032844543,0.0,0.0,0.0,0.0,0.0,0.0,0.0,0.0,0.0,0.0,0.0,0.0
70#15,PC_ON,rapid_20Hz,normal,logit,0.2914893627166748,0.29207026958465576,-0.000580906867980957,0.2914893627166748,0.29207026958465576,-0.000580906867980957,420.0,420.0,0.0,120.0,120.0,0.0,0.5313923358917236,0.5344446897506714,-0.003052353858947754,-0.0010582208633422852,0.004056215286254883,-0.005114436149597168,4.649162292480469e-06,3.5762786865234375e-06,1.0728836059570312e-06,0.05913335084915161,0.058844298124313354,0.00028905272483825684,0.20596961677074432,0.20807316899299622,-0.002103552222251892,0.05913335084915161,0.058844298124313354,0.00028905272483825684,0.15178634226322174,0.16379417479038239,-0.012007832527160645,0.0,0.0,0.0,0.0,0.0,0.0,0.0,0.0,0.0,0.0,0.0,0.0
70#15,PC_ON,transient_50ms,normal,logit,0.41174066066741943,0.41598236560821533,-0.0042417049407958984,0.41174066066741943,0.41598236560821533,-0.0042417049407958984,1373.3333333333335,1373.3333333333335,0.0,1073.3333333333335,1073.3333333333335,0.0,0.531358540058136,0.5344110727310181,-0.00305253267288208,0.11919307708740234,0.12796831130981445,-0.00877523422241211,-2.9146671295166016e-05,-3.0040740966796875e-05,8.940696716308594e-07,0.05587702989578247,0.051402658224105835,0.004474371671676636,0.18328161537647247,0.1798408478498459,0.003440767526626587,0.05587702989578247,0.051402658224105835,0.004474371671676636,0.11602534353733063,0.12057705968618393,-0.004551716148853302,0.0,0.0,0.0,0.0,0.0,0.0,0.0,0.0,0.0,0.0,0.0,0.0
70#15,PC_ON,large_field_50ms,normal,logit,-0.10535645484924316,0.10615670680999756,-0.21151316165924072,0.10535645484924316,0.10615670680999756,-0.0008002519607543945,1346.6666666666667,346.6666666666667,1000.0,1046.6666666666667,46.666666666666686,1000.0,1.5894572324981482e-09,0.0,1.5894572324981482e-09,-0.32230257987976074,-0.1281287670135498,-0.19417381286621094,2.3841858487472223e-09,7.947286162490741e-10,1.5894572324981482e-09,0.055713802576065063,0.0511627197265625,0.0045510828495025635,0.034865498542785645,0.03449172526597977,0.0003737732768058777,0.055713802576065063,0.0511627197265625,0.0045510828495025635,0.034865498542785645,0.03449172526597977,0.0003737732768058777,0.0,0.0,0.0,0.0,0.0,0.0,0.0,0.0,0.0,0.0,0.0,0.0
70#15,PC_ON,slow_step,normal,probability,0.06833063066005707,0.07048030197620392,-0.0021496713161468506,0.06833063066005707,0.07048030197620392,-0.0021496713161468506,1553.3333333333335,1506.6666666666667,46.66666666666674,1253.3333333333335,1206.6666666666667,46.66666666666674,0.07016389071941376,0.07370021194219589,-0.003536321222782135,0.03197595477104187,0.03295738995075226,-0.0009814351797103882,0.004804693162441254,0.004618778824806213,0.00018591433763504028,0.006449578329920769,0.006237238645553589,0.00021233968436717987,0.05215650051832199,0.05155850946903229,0.0005979910492897034,0.006449578329920769,0.006237238645553589,0.00021233968436717987,0.008725127205252647,0.012873759493231773,-0.004148632287979126,0.0,0.0,0.0,0.0,0.0,0.0,0.0,0.0,0.0,0.0,0.0,0.0
70#15,PC_ON,slow_1Hz,normal,probability,0.06833058595657349,0.07048028707504272,-0.0021497011184692383,0.06833058595657349,0.07048028707504272,-0.0021497011184692383,1053.3333333333335,1006.6666666666667,46.66666666666674,753.3333333333335,706.6666666666667,46.66666666666674,0.069792240858078,0.07339035719633102,-0.0035981163382530212,0.03197591006755829,0.032957375049591064,-0.0009814649820327759,0.004433043301105499,0.004308924078941345,0.00012411922216415405,0.006449578329920769,0.006237238645553589,0.00021233968436717987,0.052159104496240616,0.05156078189611435,0.0005983226001262665,0.006449578329920769,0.006237238645553589,0.00021233968436717987,0.008724726736545563,0.012873521074652672,-0.004148794338107109,0.0,0.0,0.0,0.0,0.0,0.0,0.0,0.0,0.0,0.0,0.0,0.0
70#15,PC_ON,slow_2Hz,normal,probability,0.06832969188690186,0.0704793781042099,-0.0021496862173080444,0.06832969188690186,0.0704793781042099,-0.0021496862173080444,800.0,760.0,40.0,500.0,460.0,40.0,0.06903829425573349,0.07276034355163574,-0.003722049295902252,0.03197501599788666,0.03295646607875824,-0.000981450080871582,0.0036790966987609863,0.0036789104342460632,1.862645149230957e-07,0.006449578329920769,0.006237238645553589,0.00021233968436717987,0.05220135301351547,0.05160720646381378,0.0005941465497016907,0.006449578329920769,0.006237238645553589,0.00021233968436717987,0.008165783248841763,0.012308022938668728,-0.004142239689826965,0.0,0.0,0.0,0.0,0.0,0.0,0.0,0.0,0.0,0.0,0.0,0.0
70#15,PC_ON,rapid_10Hz,normal,probability,0.04336854815483093,0.04641035199165344,-0.0030418038368225098,0.04336854815483093,0.04641035199165344,-0.0030418038368225098,420.0,420.0,0.0,120.0,120.0,0.0,0.06554803997278214,0.06931225955486298,-0.003764219582080841,0.007013872265815735,0.008887439966201782,-0.0018735677003860474,0.00018884241580963135,0.00023082643747329712,-4.198402166366577e-05,0.006449578329920769,0.006237238645553589,0.00021233968436717987,0.031072765588760376,0.03369780629873276,-0.0026250407099723816,0.006449578329920769,0.006237238645553589,0.00021233968436717987,0.016621995717287064,0.01935303397476673,-0.0027310382574796677,0.0,0.0,0.0,0.0,0.0,0.0,0.0,0.0,0.0,0.0,0.0,0.0
70#15,PC_ON,rapid_20Hz,normal,probability,0.03620937466621399,0.03810545802116394,-0.0018960833549499512,0.03620937466621399,0.03810545802116394,-0.0018960833549499512,420.0,420.0,0.0,120.0,120.0,0.0,0.0653434544801712,0.06907011568546295,-0.003726661205291748,-0.0001453012228012085,0.0005825459957122803,-0.0007278472185134888,-1.574307680130005e-05,-1.1317431926727295e-05,-4.425644874572754e-06,0.006844688206911087,0.007191373035311699,-0.0003466848284006119,0.024913836270570755,0.02653135359287262,-0.0016175173223018646,0.006844688206911087,0.007191373035311699,-0.0003466848284006119,0.018058305606245995,0.020601529628038406,-0.002543224021792412,0.0,0.0,0.0,0.0,0.0,0.0,0.0,0.0,0.0,0.0,0.0,0.0
70#15,PC_ON,transient_50ms,normal,probability,0.053387776017189026,0.05665038526058197,-0.0032626092433929443,0.053387776017189026,0.05665038526058197,-0.0032626092433929443,1373.3333333333335,1373.3333333333335,0.0,1073.3333333333335,1073.3333333333335,0.0,0.06548382341861725,0.06921271234750748,-0.0037288889288902283,0.017033100128173828,0.01912747323513031,-0.002094373106956482,0.00012462586164474487,0.00013127923011779785,-6.6533684730529785e-06,0.006449578329920769,0.006237238645553589,0.00021233968436717987,0.02211855910718441,0.022829242050647736,-0.0007106829434633255,0.006449578329920769,0.006237238645553589,0.00021233968436717987,0.013540299609303474,0.01482332218438387,-0.0012830225750803947,0.0,0.0,0.0,0.0,0.0,0.0,0.0,0.0,0.0,0.0,0.0,0.0
70#15,PC_ON,large_field_50ms,normal,probability,0.012228995561599731,0.01296466588973999,-0.0007356703281402588,0.012228995561599731,0.01296466588973999,-0.0007356703281402588,346.6666666666667,346.6666666666667,0.0,46.666666666666686,46.666666666666686,0.0,4.618917955667712e-05,4.33511049777735e-05,2.8380745789036155e-06,-0.014003053307533264,-0.016986578702926636,0.0029835253953933716,-0.00013322835366125219,-0.00015520846864092164,2.1980114979669452e-05,0.006430014967918396,0.006206970661878586,0.00022304430603981018,0.0040357643738389015,0.004219538532197475,-0.00018377415835857391,0.006430014967918396,0.006206970661878586,0.00022304430603981018,0.0040357643738389015,0.004219538532197475,-0.00018377415835857391,0.0,0.0,0.0,0.0,0.0,0.0,0.0,0.0,0.0,0.0,0.0,0.0
70#15,PC_ON,slow_step,H1_off,logit,0.5090937614440918,0.502071738243103,0.0070220232009887695,0.5090937614440918,0.502071738243103,0.0070220232009887695,1553.3333333333335,1513.3333333333335,40.0,1253.3333333333335,1213.3333333333335,40.0,0.5307817459106445,0.534367561340332,-0.0035858154296875,0.216208815574646,0.2134155035018921,0.0027933120727539062,-0.0010594725608825684,-0.0009950995445251465,-6.437301635742188e-05,0.05608119070529938,0.051720380783081055,0.004360809922218323,0.40009957551956177,0.37858492136001587,0.0215146541595459,0.05608119070529938,0.051720380783081055,0.004360809922218323,0.07503889501094818,0.10455814003944397,-0.02951924502849579,0.00047454872401431203,0.0009691353770904243,-0.0004945866530761123,0.0010896921157836914,0.002052903175354004,-0.0009632110595703125,0.0010896921157836914,0.002052903175354004,-0.0009632110595703125,0.00045803707325831056,0.0009303061524406075,-0.000472269079182297
70#15,PC_ON,slow_1Hz,H1_off,logit,0.5090936422348022,0.5020714998245239,0.00702214241027832,0.5090936422348022,0.5020714998245239,0.00702214241027832,1053.3333333333335,1013.3333333333334,40.000000000000114,753.3333333333335,713.3333333333334,40.000000000000114,0.5309138894081116,0.5344834327697754,-0.0035695433616638184,0.21620869636535645,0.213415265083313,0.002793431282043457,-0.0009273290634155273,-0.0008792281150817871,-4.8100948333740234e-05,0.05608119070529938,0.051720380783081055,0.004360809922218323,0.40011709928512573,0.3785996437072754,0.021517455577850342,0.05608119070529938,0.051720380783081055,0.004360809922218323,0.0750354677438736,0.10455618798732758,-0.02952072024345398,0.0005295602604746819,0.001046645687893033,-0.0005170854274183512,0.0012841224670410156,0.0023528337478637695,-0.001068711280822754,0.0012841224670410156,0.0023528337478637695,-0.001068711280822754,0.00045785109978169203,0.0009299429366365075,-0.0004720918368548155
70#15,PC_ON,slow_2Hz,H1_off,logit,0.509089469909668,0.5020668506622314,0.0070226192474365234,0.509089469909668,0.5020668506622314,0.0070226192474365234,806.6666666666667,766.6666666666667,40.0,506.66666666666674,466.66666666666674,40.0,0.5311757326126099,0.5347136855125427,-0.0035379528999328613,0.21620452404022217,0.2134106159210205,0.00279390811920166,-0.0006654858589172363,-0.0006489753723144531,-1.6510486602783203e-05,0.05608119070529938,0.051720380783081055,0.004360809922218323,0.40038782358169556,0.3788924813270569,0.021495342254638672,0.05608119070529938,0.051720380783081055,0.004360809922218323,0.07064536958932877,0.10053478181362152,-0.029889412224292755,0.0006369654438458383,0.001198739162646234,-0.0005617737188003957,0.0012831687927246094,0.002352595329284668,-0.0010694265365600586,0.0012831687927246094,0.002352595329284668,-0.0010694265365600586,0.0004575403581839055,0.000929200672544539,-0.0004716603143606335
70#15,PC_ON,rapid_10Hz,H1_off,logit,0.34268462657928467,0.34825217723846436,-0.0055675506591796875,0.34268462657928467,0.34825217723846436,-0.0055675506591796875,420.0,420.0,0.0,120.0,120.0,0.0,0.5318379998207092,0.5353559255599976,-0.00351792573928833,0.04979968070983887,0.05959594249725342,-0.00979626178741455,-3.2186508178710938e-06,-6.735324859619141e-06,3.516674041748047e-06,0.05608119070529938,0.051720380783081055,0.004360809922218323,0.2524956464767456,0.25941741466522217,-0.0069217681884765625,0.05608119070529938,0.051720380783081055,0.004360809922218323,0.14115755259990692,0.15611542761325836,-0.01495787501335144,0.00025358478887937963,0.0006560766487382352,-0.0004024918598588556,0.000809788703918457,0.0017598867416381836,-0.0009500980377197266,0.000809788703918457,0.0017598867416381836,-0.0009500980377197266,0.000453743152320385,0.0009219145867973566,-0.0004681714344769716
70#15,PC_ON,rapid_20Hz,H1_off,logit,0.2916703224182129,0.29243624210357666,-0.0007659196853637695,0.2916703224182129,0.29243624210357666,-0.0007659196853637695,420.0,420.0,0.0,120.0,120.0,0.0,0.5318459868431091,0.5353662371635437,-0.0035202503204345703,-0.0012146234512329102,0.0037800073623657227,-0.004994630813598633,4.76837158203125e-06,3.5762786865234375e-06,1.1920928955078125e-06,0.05931517481803894,0.0591484010219574,0.00016677379608154297,0.2060207575559616,0.20823979377746582,-0.0022190362215042114,0.05931517481803894,0.0591484010219574,0.00016677379608154297,0.15210658311843872,0.1644618809223175,-0.012355297803878784,0.00023035725462250412,0.00046378851402550936,-0.00023343125940300524,0.00047767162322998047,0.0010368824005126953,-0.0005592107772827148,0.00047767162322998047,0.0010368824005126953,-0.0005592107772827148,0.0004535818297881633,0.0009215768659487367,-0.00046799503616057336
70#15,PC_ON,transient_50ms,H1_off,logit,0.41141843795776367,0.4152151346206665,-0.003796696662902832,0.41141843795776367,0.4152151346206665,-0.003796696662902832,1373.3333333333335,1373.3333333333335,0.0,1073.3333333333335,1073.3333333333335,0.0,0.531812310218811,0.5353330373764038,-0.0035207271575927734,0.11853349208831787,0.12655889987945557,-0.008025407791137695,-2.8908252716064453e-05,-2.962350845336914e-05,7.152557373046875e-07,0.05608119070529938,0.051720380783081055,0.004360809922218323,0.1834469586610794,0.18020564317703247,0.003241315484046936,0.05608119070529938,0.051720380783081055,0.004360809922218323,0.11679407209157944,0.12218941748142242,-0.005395345389842987,0.000242156587773934,0.0004894272424280643,-0.00024727065465413034,0.0008388757705688477,0.001819610595703125,-0.0009807348251342773,0.0008388757705688477,0.001819610595703125,-0.0009807348251342773,0.00045369466533884406,0.0009218812338076532,-0.00046818656846880913
70#15,PC_ON,large_field_50ms,H1_off,logit,0.1064000129699707,0.10807037353515625,-0.0016703605651855469,0.1064000129699707,0.10807037353515625,-0.0016703605651855469,346.6666666666667,346.6666666666667,0.0,46.666666666666686,46.666666666666686,0.0,0.0,0.0,0.0,-0.11078834533691406,0.34285151958465576,-0.4536398649215698,-7.947286162490741e-10,1.5894572324981482e-09,-2.3841858487472223e-09,0.05608119070529938,0.051720380783081055,0.004360809922218323,0.035953931510448456,0.03688032180070877,-0.0009263902902603149,0.05608119070529938,0.051720380783081055,0.004360809922218323,0.035953931510448456,0.03688032180070877,-0.0009263902902603149,0.00013132016465533525,0.00023789961414877325,-0.000106579449493438,0.0013439655303955078,0.002906322479248047,-0.001562356948852539,0.0013439655303955078,0.002906322479248047,-0.001562356948852539,-1.5894572324981482e-09,0.0,-1.5894572324981482e-09
70#15,PC_ON,slow_step,H1_off,probability,0.06829522550106049,0.07039704918861389,-0.0021018236875534058,0.06829522550106049,0.07039704918861389,-0.0021018236875534058,1553.3333333333335,1513.3333333333335,40.0,1253.3333333333335,1213.3333333333335,40.0,0.07020551711320877,0.07379083335399628,-0.003585316240787506,0.03189420700073242,0.032782018184661865,-0.0008878111839294434,0.004784934222698212,0.004578731954097748,0.00020620226860046387,0.006474064663052559,0.006277343258261681,0.0001967214047908783,0.052137769758701324,0.051508042961359024,0.0006297267973423004,0.006474064663052559,0.006277343258261681,0.0001967214047908783,0.008767759427428246,0.012988358736038208,-0.0042205993086099625,5.937675814493559e-05,0.00012770741886924952,-6.833066072431393e-05,0.00012853741645812988,0.0002526789903640747,-0.00012414157390594482,0.00012853741645812988,0.0002526789903640747,-0.00012414157390594482,4.163543417234905e-05,9.062350000021979e-05,-4.898806582787074e-05
70#15,PC_ON,slow_1Hz,H1_off,probability,0.06829521059989929,0.07039700448513031,-0.002101793885231018,0.06829521059989929,0.07039700448513031,-0.002101793885231018,1053.3333333333335,1013.3333333333334,40.000000000000114,753.3333333333335,713.3333333333334,40.000000000000114,0.06983321905136108,0.07347999513149261,-0.0036467760801315308,0.03189419209957123,0.032781973481178284,-0.0008877813816070557,0.004412636160850525,0.004267893731594086,0.0001447424292564392,0.006474064663052559,0.006277343258261681,0.0001967214047908783,0.052140384912490845,0.05151031166315079,0.0006300732493400574,0.006474064663052559,0.006277343258261681,0.0001967214047908783,0.008767351508140564,0.01298811286687851,-0.0042207613587379456,6.715481140417978e-05,0.00013920619676355273,-7.205138535937294e-05,0.0001519620418548584,0.0002920180559158325,-0.00014005601406097412,0.0001519620418548584,0.0002920180559158325,-0.00014005601406097412,4.097620694665238e-05,8.962790161604062e-05,-4.8651694669388235e-05
70#15,PC_ON,slow_2Hz,H1_off,probability,0.06829455494880676,0.07039624452590942,-0.002101689577102661,0.06829455494880676,0.07039624452590942,-0.002101689577102661,806.6666666666667,766.6666666666667,40.0,506.66666666666674,466.66666666666674,40.0,0.06907805800437927,0.07284809648990631,-0.0037700384855270386,0.0318935364484787,0.0327812135219574,-0.0008876770734786987,0.0036574751138687134,0.003635995090007782,2.1480023860931396e-05,0.006474064663052559,0.006277343258261681,0.0001967214047908783,0.052180513739585876,0.05155537277460098,0.0006251409649848938,0.006474064663052559,0.006277343258261681,0.0001967214047908783,0.008211895823478699,0.012429659254848957,-0.004217763431370258,8.233919652411714e-05,0.0001617975503904745,-7.945835386635736e-05,0.00015184283256530762,0.0002919882535934448,-0.0001401454210281372,0.00015184283256530762,0.0002919882535934448,-0.0001401454210281372,3.976702646468766e-05,8.774996240390465e-05,-4.7982935939216986e-05
70#15,PC_ON,rapid_10Hz,H1_off,probability,0.043357670307159424,0.04633347690105438,-0.0029758065938949585,0.043357670307159424,0.04633347690105438,-0.0029758065938949585,420.0,420.0,0.0,120.0,120.0,0.0,0.0656072124838829,0.06943610310554504,-0.00382889062166214,0.00695665180683136,0.008718445897102356,-0.001761794090270996,0.00018662959337234497,0.0002240017056465149,-3.737211227416992e-05,0.006474064663052559,0.006277343258261681,0.0001967214047908783,0.031055916100740433,0.03364568203687668,-0.0025897659361362457,0.006474064663052559,0.006277343258261681,0.0001967214047908783,0.01669989712536335,0.019537221640348434,-0.0028373245149850845,3.321771873743273e-05,9.054283145815134e-05,-5.732511272071861e-05,9.737908840179443e-05,0.00022576749324798584,-0.0001283884048461914,9.737908840179443e-05,0.00022576749324798584,-0.0001283884048461914,5.917688395129517e-05,0.00012384116416797042,-6.466428021667525e-05
70#15,PC_ON,rapid_20Hz,H1_off,probability,0.03623421490192413,0.038158103823661804,-0.001923888921737671,0.03623421490192413,0.038158103823661804,-0.001923888921737671,420.0,420.0,0.0,120.0,120.0,0.0,0.0654044896364212,0.06920046359300613,-0.0037959739565849304,-0.00016680359840393066,0.0005430728197097778,-0.0007098764181137085,-1.609325408935547e-05,-1.163780689239502e-05,-4.455447196960449e-06,0.006866607815027237,0.007230360060930252,-0.00036375224590301514,0.02492111548781395,0.026556294411420822,-0.0016351789236068726,0.006866607815027237,0.007230360060930252,-0.00036375224590301514,0.018098117783665657,0.02069021388888359,-0.0025920961052179337,3.088106677751057e-05,6.540005415445194e-05,-3.451898737694137e-05,6.35981559753418e-05,0.00013870000839233398,-7.510185241699219e-05,6.35981559753418e-05,0.00013870000839233398,-7.510185241699219e-05,6.103406485635787e-05,0.00013035019219387323,-6.931612733751535e-05
70#15,PC_ON,transient_50ms,H1_off,probability,0.05333992838859558,0.05653107166290283,-0.003191143274307251,0.05333992838859558,0.05653107166290283,-0.003191143274307251,1373.3333333333335,1373.3333333333335,0.0,1073.3333333333335,1073.3333333333335,0.0,0.06554435938596725,0.06934172660112381,-0.003797367215156555,0.016938909888267517,0.018916040658950806,-0.0019771307706832886,0.00012377649545669556,0.00012962520122528076,-5.848705768585205e-06,0.006474064663052559,0.006277343258261681,0.0001967214047908783,0.02214004471898079,0.022878749296069145,-0.000738704577088356,0.006474064663052559,0.006277343258261681,0.0001967214047908783,0.01363365538418293,0.015029817819595337,-0.001396162435412407,3.2395175367128104e-05,6.877750274725258e-05,-3.638232738012448e-05,0.00010089576244354248,0.00023145973682403564,-0.00013056397438049316,0.00010089576244354248,0.00023145973682403564,-0.00013056397438049316,6.053875040379353e-05,0.00012899776629637927,-6.845901589258574e-05
70#15,PC_ON,large_field_50ms,H1_off,probability,0.012354880571365356,0.013207480311393738,-0.0008525997400283813,0.012354880571365356,0.013207480311393738,-0.0008525997400283813,346.6666666666667,346.6666666666667,0.0,46.666666666666686,46.666666666666686,0.0,4.707853076979518e-05,4.492183506954461e-05,2.156695700250566e-06,-0.01390877366065979,-0.01681235432624817,0.002903580665588379,-0.0001327590725850314,-0.0001545110862934962,2.17520137084648e-05,0.006474064663052559,0.006277343258261681,0.0001967214047908783,0.004161355551332235,0.004509229678660631,-0.00034787412732839584,0.006474064663052559,0.006277343258261681,0.0001967214047908783,0.004161355551332235,0.004509229678660631,-0.00034787412732839584,1.4667535651824437e-05,2.7973379474133253e-05,-1.3305843822308816e-05,0.00015811622142791748,0.0003592967987060547,-0.0002011805772781372,0.00015811622142791748,0.0003592967987060547,-0.0002011805772781372,8.89350985744386e-07,1.5707314560131636e-06,-6.813804702687776e-07
70#15,PC_ON,slow_step,AC_off,logit,0.46824216842651367,0.5618151426315308,-0.09357297420501709,0.46824216842651367,0.5618151426315308,-0.09357297420501709,1626.6666666666667,1566.6666666666667,60.0,1326.6666666666667,1266.6666666666667,60.0,0.9302929639816284,1.1088554859161377,-0.17856252193450928,0.0007581710815429688,0.004415154457092285,-0.0036569833755493164,7.748603820800781e-07,1.6689300537109375e-06,-8.940696716308594e-07,0.1042841225862503,0.13167259097099304,-0.027388468384742737,0.3640224039554596,0.4299613833427429,-0.06593897938728333,0.1042841225862503,0.13167259097099304,-0.027388468384742737,0.4623872637748718,0.5478262305259705,-0.08543896675109863,0.23650623857975006,0.2859070599079132,-0.04940082132816315,0.44106006622314453,0.5162398815155029,-0.0751798152923584,0.44106006622314453,0.5162398815155029,-0.0751798152923584,0.3999692499637604,0.5754183530807495,-0.17544910311698914
70#15,PC_ON,slow_1Hz,AC_off,logit,0.4682424068450928,0.5618158578872681,-0.09357345104217529,0.4682424068450928,0.5618158578872681,-0.09357345104217529,1113.3333333333335,1066.6666666666667,46.66666666666674,813.3333333333335,766.6666666666667,46.66666666666674,0.9302929639816284,1.1088556051254272,-0.17856264114379883,0.0007584095001220703,0.00441586971282959,-0.0036574602127075195,7.748603820800781e-07,1.7881393432617188e-06,-1.0132789611816406e-06,0.1042841225862503,0.13167259097099304,-0.027388468384742737,0.3640226125717163,0.4299619793891907,-0.06593936681747437,0.1042841225862503,0.13167259097099304,-0.027388468384742737,0.4623996615409851,0.5478403568267822,-0.08544069528579712,0.23184417188167572,0.28584975004196167,-0.05400557816028595,0.44108009338378906,0.5162398815155029,-0.07515978813171387,0.44108009338378906,0.5162398815155029,-0.07515978813171387,0.399836927652359,0.5753021836280823,-0.17546525597572327
70#15,PC_ON,slow_2Hz,AC_off,logit,0.46825098991394043,0.5618323087692261,-0.09358131885528564,0.46825098991394043,0.5618323087692261,-0.09358131885528564,806.6666666666667,793.3333333333334,13.333333333333371,506.66666666666674,493.33333333333337,13.333333333333371,0.9302929639816284,1.108855962753296,-0.17856299877166748,0.0007669925689697266,0.004432320594787598,-0.003665328025817871,7.748603820800781e-07,2.1457672119140625e-06,-1.3709068298339844e-06,0.1042841225862503,0.13167259097099304,-0.027388468384742737,0.36402058601379395,0.4299698770046234,-0.06594929099082947,0.1042841225862503,0.13167259097099304,-0.027388468384742737,0.46264392137527466,0.5480541586875916,-0.0854102373123169,0.22238731384277344,0.28575044870376587,-0.06336313486099243,0.44106030464172363,0.5162398815155029,-0.0751795768737793,0.44106030464172363,0.5162398815155029,-0.0751795768737793,0.39957475662231445,0.5750713348388672,-0.17549657821655273
70#15,PC_ON,rapid_10Hz,AC_off,logit,0.4676159620285034,0.558303952217102,-0.09068799018859863,0.4676159620285034,0.558303952217102,-0.09068799018859863,420.0,426.6666666666667,-6.666666666666686,120.0,126.66666666666669,-6.666666666666686,0.9302924871444702,1.10885488986969,-0.17856240272521973,0.00013196468353271484,0.0009039640426635742,-0.0007719993591308594,2.980232238769531e-07,1.0728836059570312e-06,-7.748603820800781e-07,0.1042841225862503,0.13167259097099304,-0.027388468384742737,0.3615792691707611,0.42429888248443604,-0.06271961331367493,0.1042841225862503,0.13167259097099304,-0.027388468384742737,0.37477031350135803,0.4630785584449768,-0.08830824494361877,0.19621194899082184,0.28209659457206726,-0.08588464558124542,0.272885799407959,0.36305010318756104,-0.09016430377960205,0.272885799407959,0.36305010318756104,-0.09016430377960205,0.39890819787979126,0.5744208097457886,-0.17551261186599731
70#15,PC_ON,rapid_20Hz,AC_off,logit,0.4674208164215088,0.5572293996810913,-0.08980858325958252,0.4674208164215088,0.5572293996810913,-0.08980858325958252,420.0,426.6666666666667,-6.666666666666686,120.0,126.66666666666669,-6.666666666666686,0.9302923083305359,1.1088544130325317,-0.17856210470199585,-6.318092346191406e-05,-0.00017058849334716797,0.0001074075698852539,1.1920928955078125e-07,5.960464477539062e-07,-4.76837158203125e-07,0.10431157052516937,0.13170090317726135,-0.02738933265209198,0.3612806499004364,0.42338675260543823,-0.06210610270500183,0.10431157052516937,0.13170090317726135,-0.02738933265209198,0.2647511959075928,0.33395105600357056,-0.06919986009597778,0.1941201090812683,0.2801187038421631,-0.08599859476089478,0.21845579147338867,0.3054271936416626,-0.08697140216827393,0.21845579147338867,0.3054271936416626,-0.08697140216827393,0.3988999128341675,0.5744097828865051,-0.17550987005233765
70#15,PC_ON,transient_50ms,AC_off,logit,0.46666479110717773,0.5585225820541382,-0.09185779094696045,0.46666479110717773,0.5585225820541382,-0.09185779094696045,1386.6666666666667,1386.6666666666667,0.0,1086.6666666666667,1086.6666666666667,0.0,0.9302918910980225,1.1088531017303467,-0.17856121063232422,-0.0008192062377929688,0.001122593879699707,-0.0019418001174926758,-2.980232238769531e-07,-7.152557373046875e-07,4.172325134277344e-07,0.1042841225862503,0.13167259097099304,-0.027388468384742737,0.3610919117927551,0.4229600131511688,-0.061868101358413696,0.1042841225862503,0.13167259097099304,-0.027388468384742737,0.37456879019737244,0.46266886591911316,-0.08810007572174072,0.19264838099479675,0.2786741256713867,-0.08602574467658997,0.2867985963821411,0.3719977140426636,-0.08519911766052246,0.2867985963821411,0.3719977140426636,-0.08519911766052246,0.3989332616329193,0.5744419693946838,-0.17550870776176453
70#15,PC_ON,large_field_50ms,AC_off,logit,0.3173503875732422,-0.39943087100982666,0.7167812585830688,0.3173503875732422,0.39943087100982666,-0.08208048343658447,360.0,1360.0,-1000.0,60.0,1060.0,-1000.0,-4.76837147544984e-09,-1.5894572324981482e-09,-3.1789142429516914e-09,-0.002678990364074707,-0.8056176900863647,0.80293869972229,-1.5894570104535433e-09,2.3841859597695247e-09,-3.973642970223068e-09,0.10399280488491058,0.13106030225753784,-0.02706749737262726,0.2721477150917053,0.33109065890312195,-0.058942943811416626,0.10399280488491058,0.13106030225753784,-0.02706749737262726,0.2721477150917053,0.33109065890312195,-0.058942943811416626,0.021919256076216698,0.025438131764531136,-0.003518875688314438,0.2637232542037964,0.32527220249176025,-0.06154894828796387,0.2637232542037964,0.32527220249176025,-0.06154894828796387,-6.357828929992593e-09,-1.5894572324981482e-09,-4.7683716974944446e-09
70#15,PC_ON,slow_step,AC_off,probability,0.06192968785762787,0.08035548031330109,-0.018425792455673218,0.06192968785762787,0.08035548031330109,-0.018425792455673218,1626.6666666666667,1566.6666666666667,60.0,1326.6666666666667,1266.6666666666667,60.0,0.12263990193605423,0.15784238278865814,-0.03520248085260391,0.00011661648750305176,0.0007476955652236938,-0.0006310790777206421,-3.3155083656311035e-06,-6.496906280517578e-06,3.1813979148864746e-06,0.012494465336203575,0.0168962050229311,-0.004401739686727524,0.04683341085910797,0.05954644829034805,-0.012713037431240082,0.012494465336203575,0.0168962050229311,-0.004401739686727524,0.06103045120835304,0.0779929980635643,-0.016962546855211258,0.031904466450214386,0.04180263727903366,-0.009898170828819275,0.058629125356674194,0.07423639297485352,-0.015607267618179321,0.058629125356674194,0.07423639297485352,-0.015607267618179321,0.05247601866722107,0.08414216339588165,-0.031666144728660583
70#15,PC_ON,slow_1Hz,AC_off,probability,0.06192973256111145,0.08035561442375183,-0.01842588186264038,0.06192973256111145,0.08035561442375183,-0.01842588186264038,1113.3333333333335,1066.6666666666667,46.66666666666674,813.3333333333335,766.6666666666667,46.66666666666674,0.12263982743024826,0.1578420102596283,-0.035202182829380035,0.0001166611909866333,0.0007478296756744385,-0.0006311684846878052,-3.390014171600342e-06,-6.8694353103637695e-06,3.4794211387634277e-06,0.012494465336203575,0.0168962050229311,-0.004401739686727524,0.04683344438672066,0.05954655259847641,-0.012713108211755753,0.012494465336203575,0.0168962050229311,-0.004401739686727524,0.06103234738111496,0.07799537479877472,-0.01696302741765976,0.03137318417429924,0.04195747897028923,-0.01058429479598999,0.058629125356674194,0.07423639297485352,-0.015607267618179321,0.058629125356674194,0.07423639297485352,-0.015607267618179321,0.05284757539629936,0.08445163816213608,-0.031604062765836716
70#15,PC_ON,slow_2Hz,AC_off,probability,0.0619310587644577,0.08035841584205627,-0.018427357077598572,0.0619310587644577,0.08035841584205627,-0.018427357077598572,806.6666666666667,793.3333333333334,13.333333333333371,506.66666666666674,493.33333333333337,13.333333333333371,0.12263965606689453,0.15784122049808502,-0.03520156443119049,0.00011798739433288574,0.0007506310939788818,-0.0006326436996459961,-3.56137752532959e-06,-7.659196853637695e-06,4.0978193283081055e-06,0.012494465336203575,0.0168962050229311,-0.004401739686727524,0.04683313146233559,0.0595477856695652,-0.012714654207229614,0.012494465336203575,0.0168962050229311,-0.004401739686727524,0.061069805175065994,0.07803131639957428,-0.016961511224508286,0.03029433824121952,0.042274296283721924,-0.011979958042502403,0.058629125356674194,0.07423639297485352,-0.015607267618179321,0.058629125356674194,0.07423639297485352,-0.015607267618179321,0.05360137298703194,0.08508086204528809,-0.03147948905825615
70#15,PC_ON,rapid_10Hz,AC_off,probability,0.06183336675167084,0.07976073026657104,-0.017927363514900208,0.06183336675167084,0.07976073026657104,-0.017927363514900208,420.0,426.6666666666667,-6.666666666666686,120.0,126.66666666666669,-6.666666666666686,0.12264139950275421,0.15784336626529694,-0.035201966762542725,2.0295381546020508e-05,0.00015294551849365234,-0.00013265013694763184,-1.817941665649414e-06,-5.513429641723633e-06,3.6954879760742188e-06,0.012494465336203575,0.0168962050229311,-0.004401739686727524,0.04647645354270935,0.05864056572318077,-0.01216411218047142,0.012494465336203575,0.0168962050229311,-0.004401739686727524,0.048075489699840546,0.06421492993831635,-0.0161394402384758,0.028094979003071785,0.043508898466825485,-0.0154139194637537,0.03842887282371521,0.055018723011016846,-0.016589850187301636,0.03842887282371521,0.055018723011016846,-0.016589850187301636,0.05709336698055267,0.08853109925985336,-0.03143773227930069
70#15,PC_ON,rapid_20Hz,AC_off,probability,0.061803340911865234,0.0795789361000061,-0.01777559518814087,0.061803340911865234,0.0795789361000061,-0.01777559518814087,420.0,426.6666666666667,-6.666666666666686,120.0,126.66666666666669,-6.666666666666686,0.12264234572649002,0.15784628689289093,-0.03520394116640091,-9.73045825958252e-06,-2.8848648071289062e-05,1.9118189811706543e-05,-8.717179298400879e-07,-2.592802047729492e-06,1.7210841178894043e-06,0.012498123571276665,0.01690036430954933,-0.004402240738272667,0.0464346744120121,0.0585026778280735,-0.012068003416061401,0.012498123571276665,0.01690036430954933,-0.004402240738272667,0.03291637450456619,0.04476461559534073,-0.011848241090774536,0.027935437858104706,0.043368373066186905,-0.015432935208082199,0.03131243586540222,0.04713080823421478,-0.01581837236881256,0.03131243586540222,0.04713080823421478,-0.01581837236881256,0.05729889124631882,0.08877618610858917,-0.031477294862270355
70#15,PC_ON,transient_50ms,AC_off,probability,0.06168711185455322,0.07979772984981537,-0.018110617995262146,0.06168711185455322,0.07979772984981537,-0.018110617995262146,1386.6666666666667,1386.6666666666667,0.0,1086.6666666666667,1086.6666666666667,0.0,0.12264393270015717,0.1578507423400879,-0.035206809639930725,-0.00012595951557159424,0.00018994510173797607,-0.0003159046173095703,7.152557373046875e-07,1.862645149230957e-06,-1.1473894119262695e-06,0.012494465336203575,0.0168962050229311,-0.004401739686727524,0.04640942066907883,0.058443453162908554,-0.012034032493829727,0.012494465336203575,0.0168962050229311,-0.004401739686727524,0.048045363277196884,0.0641472190618515,-0.016101855784654617,0.027691246941685677,0.04311635345220566,-0.015425106510519981,0.03924967348575592,0.055166661739349365,-0.015916988253593445,0.03924967348575592,0.055166661739349365,-0.015916988253593445,0.057160113006830215,0.08863803744316101,-0.031477924436330795
70#15,PC_ON,large_field_50ms,AC_off,probability,0.03978990018367767,0.05408883094787598,-0.014298930764198303,0.03978990018367767,0.05408883094787598,-0.014298930764198303,360.0,360.0,0.0,60.0,60.0,0.0,0.0004303583991713822,0.0006474371766671538,-0.00021707877749577165,-0.0003744661808013916,-0.0010424256324768066,0.000667959451675415,-1.0029994882643223e-05,-3.0435912776738405e-05,2.0405917894095182e-05,0.012456648051738739,0.01680893637239933,-0.004352288320660591,0.03364827111363411,0.04397555813193321,-0.010327287018299103,0.012456648051738739,0.01680893637239933,-0.004352288320660591,0.03364827111363411,0.04397555813193321,-0.010327287018299103,0.0024546568747609854,0.0030031204223632812,-0.0005484635476022959,0.03304778039455414,0.04492558538913727,-0.01187780499458313,0.03304778039455414,0.04492558538913727,-0.01187780499458313,0.0003841692232526839,0.0006040860898792744,-0.0002199168666265905
70#34,MC_ON,slow_step,normal,logit,0.3839142322540283,0.4486759901046753,-0.06476175785064697,0.3839142322540283,0.4486759901046753,-0.06476175785064697,1513.3333333333335,1486.6666666666667,26.666666666666742,1213.3333333333335,1186.6666666666667,26.666666666666742,0.3465175926685333,0.42508089542388916,-0.07856330275535583,0.14979183673858643,0.14535701274871826,0.004434823989868164,-0.0007746517658233643,-0.00098419189453125,0.00020954012870788574,0.09261180460453033,0.108347088098526,-0.015735283493995667,0.26400214433670044,0.28587594628334045,-0.021873801946640015,0.09261180460453033,0.108347088098526,-0.015735283493995667,-0.009750112891197205,0.0314142107963562,-0.041164323687553406,0.0,0.0,0.0,0.0,0.0,0.0,0.0,0.0,0.0,0.0,0.0,0.0
70#34,MC_ON,slow_1Hz,normal,logit,0.38391387462615967,0.448675274848938,-0.06476140022277832,0.38391387462615967,0.448675274848938,-0.06476140022277832,1013.3333333333334,986.6666666666667,26.66666666666663,713.3333333333334,686.6666666666667,26.66666666666663,0.3465927839279175,0.4251842796802521,-0.0785914957523346,0.14979147911071777,0.14535629749298096,0.004435181617736816,-0.000699460506439209,-0.000880807638168335,0.00018134713172912598,0.09261180460453033,0.108347088098526,-0.015735283493995667,0.26401570439338684,0.2858904004096985,-0.021874696016311646,0.09261180460453033,0.108347088098526,-0.015735283493995667,-0.009754762053489685,0.03140929341316223,-0.041164055466651917,0.0,0.0,0.0,0.0,0.0,0.0,0.0,0.0,0.0,0.0,0.0,0.0
70#34,MC_ON,slow_2Hz,normal,logit,0.383902907371521,0.44865870475769043,-0.06475579738616943,0.383902907371521,0.44865870475769043,-0.06475579738616943,760.0,740.0,20.0,460.0,440.0,20.0,0.3467431664466858,0.4253906011581421,-0.0786474347114563,0.1497805118560791,0.1453397274017334,0.004440784454345703,-0.0005490779876708984,-0.0006744861602783203,0.00012540817260742188,0.09261180460453033,0.108347088098526,-0.015735283493995667,0.26428207755088806,0.2861901521682739,-0.021908074617385864,0.09261180460453033,0.108347088098526,-0.015735283493995667,-0.015140141360461712,0.026017069816589355,-0.04115721117705107,0.0,0.0,0.0,0.0,0.0,0.0,0.0,0.0,0.0,0.0,0.0,0.0
70#34,MC_ON,rapid_10Hz,normal,logit,0.3081684112548828,0.32459044456481934,-0.016422033309936523,0.3081684112548828,0.32459044456481934,-0.016422033309936523,426.6666666666667,426.6666666666667,0.0,126.66666666666669,126.66666666666669,0.0,0.3472655117511749,0.4260532855987549,-0.07878777384757996,0.07404601573944092,0.021271467208862305,0.05277454853057861,-2.6732683181762695e-05,-1.1801719665527344e-05,-1.4930963516235352e-05,0.09261180460453033,0.108347088098526,-0.015735283493995667,0.1552843600511551,0.16959846019744873,-0.01431410014629364,0.09261180460453033,0.108347088098526,-0.015735283493995667,0.06957173347473145,0.13615135848522186,-0.06657962501049042,0.0,0.0,0.0,0.0,0.0,0.0,0.0,0.0,0.0,0.0,0.0,0.0
70#34,MC_ON,rapid_20Hz,normal,logit,0.22235095500946045,0.24906766414642334,-0.02671670913696289,0.22235095500946045,0.24906766414642334,-0.02671670913696289,433.33333333333337,373.33333333333337,60.0,133.33333333333337,73.33333333333337,60.0,0.3472949266433716,0.4260715842247009,-0.07877665758132935,-0.011771440505981445,-0.05425131320953369,0.042479872703552246,2.682209014892578e-06,6.496906280517578e-06,-3.814697265625e-06,0.09261180460453033,0.1108575314283371,-0.018245726823806763,0.08151613175868988,0.1017911434173584,-0.020275011658668518,0.09261180460453033,0.1108575314283371,-0.018245726823806763,0.1588297039270401,0.2217041254043579,-0.06287442147731781,0.0,0.0,0.0,0.0,0.0,0.0,0.0,0.0,0.0,0.0,0.0,0.0
70#34,MC_ON,transient_50ms,normal,logit,0.3426254987716675,0.38272857666015625,-0.04010307788848877,0.3426254987716675,0.38272857666015625,-0.04010307788848877,1380.0,1373.3333333333335,6.666666666666515,1080.0,1073.3333333333335,6.666666666666515,0.34727534651756287,0.4260457158088684,-0.07877036929130554,0.10850310325622559,0.07940959930419922,0.029093503952026367,-1.6897916793823242e-05,-1.9371509552001953e-05,2.473592758178711e-06,0.09261180460453033,0.108347088098526,-0.015735283493995667,0.06750902533531189,0.07765673100948334,-0.010147705674171448,0.09261180460453033,0.108347088098526,-0.015735283493995667,0.05859318748116493,0.11161459982395172,-0.05302141234278679,0.0,0.0,0.0,0.0,0.0,0.0,0.0,0.0,0.0,0.0,0.0,0.0
70#34,MC_ON,large_field_50ms,normal,logit,0.19414246082305908,0.22469544410705566,-0.030552983283996582,0.19414246082305908,0.22469544410705566,-0.030552983283996582,340.0,340.0,0.0,40.0,40.0,0.0,0.0,0.0,0.0,-0.03997993469238281,0.5280145406723022,-0.5679944753646851,0.0,2.38418573772492e-09,-2.38418573772492e-09,0.09233523905277252,0.10711652040481567,-0.014781281352043152,-0.048026781529188156,-0.03361019119620323,-0.014416590332984924,0.09233523905277252,0.10711652040481567,-0.014781281352043152,-0.048026781529188156,-0.03361019119620323,-0.014416590332984924,0.0,0.0,0.0,0.0,0.0,0.0,0.0,0.0,0.0,0.0,0.0,0.0
70#34,MC_ON,slow_step,normal,probability,0.06027872860431671,0.06766153872013092,-0.007382810115814209,0.06027872860431671,0.06766153872013092,-0.007382810115814209,1513.3333333333335,1486.6666666666667,26.666666666666742,1213.3333333333335,1186.6666666666667,26.666666666666742,0.054843880236148834,0.06422843039035797,-0.009384550154209137,0.025195389986038208,0.024014145135879517,0.0011812448501586914,0.0037545524537563324,0.004632674157619476,-0.0008781217038631439,0.01358005590736866,0.015037273988127708,-0.0014572180807590485,0.04058155417442322,0.0420503243803978,-0.0014687702059745789,0.01358005590736866,0.015037273988127708,-0.0014572180807590485,-0.0012579001486301422,0.004315529018640518,-0.00557342916727066,0.0,0.0,0.0,0.0,0.0,0.0,0.0,0.0,0.0,0.0,0.0,0.0
70#34,MC_ON,slow_1Hz,normal,probability,0.06027865409851074,0.06766138970851898,-0.00738273561000824,0.06027865409851074,0.06766138970851898,-0.00738273561000824,1013.3333333333334,986.6666666666667,26.66666666666663,713.3333333333334,686.6666666666667,26.66666666666663,0.054652851074934006,0.06396769732236862,-0.009314846247434616,0.02519531548023224,0.024013996124267578,0.0011813193559646606,0.003563523292541504,0.004371941089630127,-0.000808417797088623,0.01358005590736866,0.015037273988127708,-0.0014572180807590485,0.04058379679918289,0.042052626609802246,-0.0014688298106193542,0.01358005590736866,0.015037273988127708,-0.0014572180807590485,-0.0012585408985614777,0.004314877092838287,-0.005573417991399765,0.0,0.0,0.0,0.0,0.0,0.0,0.0,0.0,0.0,0.0,0.0,0.0
70#34,MC_ON,slow_2Hz,normal,probability,0.06027674674987793,0.06765854358673096,-0.007381796836853027,0.06027674674987793,0.06765854358673096,-0.007381796836853027,760.0,740.0,20.0,460.0,440.0,20.0,0.054260943084955215,0.06343500316143036,-0.009174060076475143,0.025193408131599426,0.024011150002479553,0.001182258129119873,0.0031716153025627136,0.003839246928691864,-0.0006676316261291504,0.01358005590736866,0.015037273988127708,-0.0014572180807590485,0.040627941489219666,0.04210039973258972,-0.0014724582433700562,0.01358005590736866,0.015037273988127708,-0.0014572180807590485,-0.0020356178283691406,0.0035495373886078596,-0.005585155216977,0.0,0.0,0.0,0.0,0.0,0.0,0.0,0.0,0.0,0.0,0.0,0.0
70#34,MC_ON,rapid_10Hz,normal,probability,0.04726839065551758,0.04703474044799805,0.00023365020751953125,0.04726839065551758,0.04703474044799805,0.00023365020751953125,426.6666666666667,426.6666666666667,0.0,126.66666666666669,126.66666666666669,0.0,0.05179731920361519,0.06002143397927284,-0.008224114775657654,0.012185052037239075,0.003387346863746643,0.008797705173492432,0.0007079914212226868,0.00042567774653434753,0.00028231367468833923,0.01358005590736866,0.015037273988127708,-0.0014572180807590485,0.022883262485265732,0.023782486096024513,-0.0008992236107587814,0.01358005590736866,0.015037273988127708,-0.0014572180807590485,0.009942765347659588,0.01856767013669014,-0.008624904789030552,0.0,0.0,0.0,0.0,0.0,0.0,0.0,0.0,0.0,0.0,0.0,0.0
70#34,MC_ON,rapid_20Hz,normal,probability,0.033194780349731445,0.03520438075065613,-0.0020096004009246826,0.033194780349731445,0.03520438075065613,-0.0020096004009246826,433.33333333333337,373.33333333333337,60.0,133.33333333333337,73.33333333333337,60.0,0.051127560436725616,0.059543780982494354,-0.008416220545768738,-0.001888558268547058,-0.008443012833595276,0.006554454565048218,3.8232654333114624e-05,-5.1975250244140625e-05,9.020790457725525e-05,0.01358005590736866,0.015414929017424583,-0.0018348731100559235,0.01177363283932209,0.014111308380961418,-0.002337675541639328,0.01358005590736866,0.015414929017424583,-0.0018348731100559235,0.023263104259967804,0.031090155243873596,-0.007827050983905792,0.0,0.0,0.0,0.0,0.0,0.0,0.0,0.0,0.0,0.0,0.0,0.0
70#34,MC_ON,transient_50ms,normal,probability,0.053118497133255005,0.056514665484428406,-0.003396168351173401,0.053118497133255005,0.056514665484428406,-0.003396168351173401,1380.0,1373.3333333333335,6.666666666666515,1080.0,1073.3333333333335,6.666666666666515,0.05118116736412048,0.059683267027139664,-0.00850209966301918,0.0180351585149765,0.012867271900177002,0.0051678866147994995,9.183958172798157e-05,8.751079440116882e-05,4.328787326812744e-06,0.01358005590736866,0.015037273988127708,-0.0014572180807590485,0.010038426145911217,0.011080671101808548,-0.0010422449558973312,0.01358005590736866,0.015037273988127708,-0.0014572180807590485,0.00835961289703846,0.015117049217224121,-0.006757436320185661,0.0,0.0,0.0,0.0,0.0,0.0,0.0,0.0,0.0,0.0,0.0,0.0
70#34,MC_ON,large_field_50ms,normal,probability,0.028723254799842834,0.03150281310081482,-0.002779558300971985,0.028723254799842834,0.03150281310081482,-0.002779558300971985,340.0,340.0,0.0,40.0,40.0,0.0,0.0001872270368039608,0.00024102459428831935,-5.379755748435855e-05,-0.006360083818435669,-0.012144580483436584,0.0057844966650009155,-6.76473428029567e-06,-8.385509136132896e-05,7.709035708103329e-05,0.013537030667066574,0.014853173866868019,-0.001316143199801445,-0.00587229011580348,-0.003404057351872325,-0.002468232763931155,0.013537030667066574,0.014853173866868019,-0.001316143199801445,-0.00587229011580348,-0.003404057351872325,-0.002468232763931155,0.0,0.0,0.0,0.0,0.0,0.0,0.0,0.0,0.0,0.0,0.0,0.0
70#34,MC_ON,slow_step,H1_off,logit,0.3840763568878174,0.4494210481643677,-0.06534469127655029,0.3840763568878174,0.4494210481643677,-0.06534469127655029,1520.0,1506.6666666666667,13.333333333333258,1220.0,1206.6666666666667,13.333333333333258,0.3469593822956085,0.42878231406211853,-0.08182293176651001,0.14921915531158447,0.14226317405700684,0.006955981254577637,-0.0007735192775726318,-0.0009710192680358887,0.00019749999046325684,0.09288938343524933,0.10963521897792816,-0.016745835542678833,0.2641921639442444,0.28671663999557495,-0.022524476051330566,0.09288938343524933,0.10963521897792816,-0.016745835542678833,-0.009776711463928223,0.03298310935497284,-0.04275982081890106,0.00038158774259500206,0.0026541133411228657,-0.0022725255985278636,0.00313723087310791,0.01853013038635254,-0.015392899513244629,0.00313723087310791,0.01853013038635254,-0.015392899513244629,0.0004418015596456826,0.0037013832479715347,-0.003259581688325852
70#34,MC_ON,slow_1Hz,H1_off,logit,0.38407599925994873,0.4494205713272095,-0.06534457206726074,0.38407599925994873,0.4494205713272095,-0.06534457206726074,1020.0,1006.6666666666667,13.333333333333258,720.0,706.6666666666667,13.333333333333258,0.34703528881073,0.42888906598091125,-0.08185377717018127,0.14921879768371582,0.14226269721984863,0.0069561004638671875,-0.0006976127624511719,-0.0008642673492431641,0.0001666545867919922,0.09288938343524933,0.10963521897792816,-0.016745835542678833,0.26420581340789795,0.2867316007614136,-0.022525787353515625,0.09288938343524933,0.10963521897792816,-0.016745835542678833,-0.009781479835510254,0.032977744936943054,-0.04275922477245331,0.0005508438916876912,0.0034916456788778305,-0.0029408017871901393,0.0032546520233154297,0.018837809562683105,-0.015583157539367676,0.0032546520233154297,0.018837809562683105,-0.015583157539367676,0.0004424627695698291,0.0037047513760626316,-0.0032622886064928025
70#34,MC_ON,slow_2Hz,H1_off,logit,0.3840665817260742,0.44940805435180664,-0.06534147262573242,0.3840665817260742,0.44940805435180664,-0.06534147262573242,766.6666666666667,753.3333333333334,13.333333333333371,466.66666666666674,453.33333333333337,13.333333333333371,0.34718701243400574,0.42910176515579224,-0.0819147527217865,0.1492093801498413,0.1422501802444458,0.006959199905395508,-0.000545889139175415,-0.0006515681743621826,0.00010567903518676758,0.09288938343524933,0.10963521897792816,-0.016745835542678833,0.26447051763534546,0.28703686594963074,-0.02256634831428528,0.09288938343524933,0.10963521897792816,-0.016745835542678833,-0.015101960860192776,0.027930447831749916,-0.04303240869194269,0.0008877519867382944,0.005164165981113911,-0.004276413994375616,0.003255486488342285,0.018842697143554688,-0.015587210655212402,0.003255486488342285,0.018842697143554688,-0.015587210655212402,0.0004437708994373679,0.0037111840210855007,-0.003267413121648133
70#34,MC_ON,rapid_10Hz,H1_off,logit,0.30633437633514404,0.31359803676605225,-0.007263660430908203,0.30633437633514404,0.31359803676605225,-0.007263660430908203,426.6666666666667,426.6666666666667,0.0,126.66666666666669,126.66666666666669,0.0,0.3477076590061188,0.4297482371330261,-0.08204057812690735,0.07147717475891113,0.006440162658691406,0.06503701210021973,-2.524256706237793e-05,-5.0961971282958984e-06,-2.014636993408203e-05,0.09288938343524933,0.10963521897792816,-0.016745835542678833,0.15383665263652802,0.16173270344734192,-0.007896050810813904,0.09288938343524933,0.10963521897792816,-0.016745835542678833,0.07211586087942123,0.1514294147491455,-0.07931355386972427,0.0014693832490593195,0.008939223363995552,-0.007469840114936233,0.00313723087310791,0.01852703094482422,-0.015389800071716309,0.00313723087310791,0.01852703094482422,-0.015389800071716309,0.00044212897773832083,0.003694909391924739,-0.003252780414186418
70#34,MC_ON,rapid_20Hz,H1_off,logit,0.22195518016815186,0.25890886783599854,-0.03695368766784668,0.22195518016815186,0.25890886783599854,-0.03695368766784668,433.33333333333337,373.33333333333337,60.0,133.33333333333337,73.33333333333337,60.0,0.34773582220077515,0.42975983023643494,-0.08202400803565979,-0.012902021408081055,-0.048249006271362305,0.03534698486328125,2.9206275939941406e-06,6.496906280517578e-06,-3.5762786865234375e-06,0.09288938343524933,0.11214558780193329,-0.01925620436668396,0.0814318060874939,0.10214528441429138,-0.020713478326797485,0.09288938343524933,0.11214558780193329,-0.01925620436668396,0.16018855571746826,0.22956380248069763,-0.06937524676322937,0.0005968463374301791,0.003851095912978053,-0.003254249575547874,0.002605915069580078,0.0156630277633667,-0.013057112693786621,0.002605915069580078,0.0156630277633667,-0.013057112693786621,0.00044086616253480315,0.0036882616113871336,-0.0032473954488523304
70#34,MC_ON,transient_50ms,H1_off,logit,0.3414672613143921,0.3755974769592285,-0.034130215644836426,0.3414672613143921,0.3755974769592285,-0.034130215644836426,1380.0,1373.3333333333335,6.666666666666515,1080.0,1073.3333333333335,6.666666666666515,0.3477163314819336,0.4297352135181427,-0.0820188820362091,0.10661005973815918,0.06843960285186768,0.038170456886291504,-1.6570091247558594e-05,-1.811981201171875e-05,1.5497207641601562e-06,0.09288938343524933,0.10963521897792816,-0.016745835542678833,0.06758914887905121,0.0788494348526001,-0.01126028597354889,0.09288938343524933,0.10963521897792816,-0.016745835542678833,0.06124303862452507,0.1273547112941742,-0.06611167266964912,0.0003285483398940414,0.002386976033449173,-0.0020584276935551316,0.00313723087310791,0.01852858066558838,-0.015391349792480469,0.00313723087310791,0.01852858066558838,-0.015391349792480469,0.000441000476712361,0.0036895324010401964,-0.0032485319243278354
70#34,MC_ON,large_field_50ms,H1_off,logit,0.19541800022125244,0.22993648052215576,-0.03451848030090332,0.19541800022125244,0.22993648052215576,-0.03451848030090332,340.0,340.0,0.0,40.0,40.0,0.0,1.5894572324981482e-09,2.38418573772492e-09,-7.947285052267716e-10,-0.03943920135498047,-0.07722139358520508,0.03778219223022461,2.3841858487472223e-09,7.947285052267716e-10,1.5894573435204506e-09,0.09288938343524933,0.10963521897792816,-0.016745835542678833,-0.04351816698908806,-0.006287642754614353,-0.037230524234473705,0.09288938343524933,0.10963521897792816,-0.016745835542678833,-0.04351816698908806,-0.006287642754614353,-0.037230524234473705,0.0005609353538602591,0.0029962463304400444,-0.0024353109765797853,0.005934715270996094,0.034238219261169434,-0.02830350399017334,0.005934715270996094,0.034238219261169434,-0.02830350399017334,1.5894572324981482e-09,2.38418573772492e-09,-7.947285052267716e-10
70#34,MC_ON,slow_step,H1_off,probability,0.06030717492103577,0.06778985261917114,-0.007482677698135376,0.06030717492103577,0.06778985261917114,-0.007482677698135376,1520.0,1506.6666666666667,13.333333333333258,1220.0,1206.6666666666667,13.333333333333258,0.05490654706954956,0.0647164061665535,-0.009809859097003937,0.02510550618171692,0.023534342646598816,0.001571163535118103,0.0037469491362571716,0.0045561231672763824,-0.0008091740310192108,0.013623273000121117,0.015230726450681686,-0.0016074534505605698,0.04061273857951164,0.04218249395489693,-0.0015697553753852844,0.013623273000121117,0.015230726450681686,-0.0016074534505605698,-0.0012635421007871628,0.0045110248029232025,-0.005774566903710365,5.8056117268279195e-05,0.0003746570728253573,-0.0003166009555570781,-0.000463336706161499,0.0025702714920043945,-0.0030336081981658936,0.000463336706161499,0.0025702714920043945,-0.0021069347858428955,6.267071148613468e-05,0.0004879712068941444,-0.00042530049540800974
70#34,MC_ON,slow_1Hz,H1_off,probability,0.0603071004152298,0.06778977811336517,-0.007482677698135376,0.0603071004152298,0.06778977811336517,-0.007482677698135376,1020.0,1006.6666666666667,13.333333333333258,720.0,706.6666666666667,13.333333333333258,0.05471133068203926,0.06443413347005844,-0.00972280278801918,0.02510543167591095,0.023534268140792847,0.001571163535118103,0.003551732748746872,0.004273850470781326,-0.0007221177220344543,0.013623273000121117,0.015230726450681686,-0.0016074534505605698,0.040615014731884,0.042184874415397644,-0.0015698596835136414,0.013623273000121117,0.015230726450681686,-0.0016074534505605698,-0.0012641996145248413,0.004510316997766495,-0.005774516612291336,8.396292832912877e-05,0.0004993960610590875,-0.00041543313272995874,0.000481337308883667,0.002646714448928833,-0.002165377140045166,0.000481337308883667,0.002646714448928833,-0.002165377140045166,5.848259024787694e-05,0.00046643338282592595,-0.000407950792578049
70#34,MC_ON,slow_2Hz,H1_off,probability,0.060305461287498474,0.06778760254383087,-0.0074821412563323975,0.060305461287498474,0.06778760254383087,-0.0074821412563323975,766.6666666666667,753.3333333333334,13.333333333333371,466.66666666666674,453.33333333333337,13.333333333333371,0.0543111190199852,0.06385869532823563,-0.009547576308250427,0.025103792548179626,0.023532092571258545,0.0015716999769210815,0.00315152108669281,0.0036984123289585114,-0.0005468912422657013,0.013623273000121117,0.015230726450681686,-0.0016074534505605698,0.04065887629985809,0.04223354160785675,-0.0015746653079986572,0.013623273000121117,0.015230726450681686,-0.0016074534505605698,-0.002031513722613454,0.0037949830293655396,-0.005826496751978993,0.0001354984997306019,0.0007482935325242579,-0.000612795032793656,0.00048151612281799316,0.00264778733253479,-0.002166271209716797,0.00048151612281799316,0.00264778733253479,-0.002166271209716797,5.017648436478339e-05,0.00042368652066215873,-0.00037351003629737534
70#34,MC_ON,rapid_10Hz,H1_off,probability,0.046960219740867615,0.04527886211872101,0.0016813576221466064,0.046960219740867615,0.04527886211872101,0.0016813576221466064,426.6666666666667,426.6666666666667,0.0,126.66666666666669,126.66666666666669,0.0,0.051840394735336304,0.06044832244515419,-0.008607927709817886,0.011758551001548767,0.0010233521461486816,0.010735198855400085,0.0006807968020439148,0.0002880394458770752,0.0003927573561668396,0.013623273000121117,0.015230726450681686,-0.0016074534505605698,0.02266077883541584,0.022650081664323807,1.0697171092033386e-05,0.013623273000121117,0.015230726450681686,-0.0016074534505605698,0.010311818681657314,0.020746471360325813,-0.010434652678668499,0.00022599200019612908,0.0013254433870315552,-0.001099451386835426,0.0004533827304840088,0.0025923550128936768,-0.002138972282409668,0.0004533827304840088,0.0025923550128936768,-0.002138972282409668,4.3074491259176284e-05,0.0004268893681000918,-0.00038381487684091553
70#34,MC_ON,rapid_20Hz,H1_off,probability,0.03313152492046356,0.0367150753736496,-0.003583550453186035,0.03313152492046356,0.0367150753736496,-0.003583550453186035,433.33333333333337,373.33333333333337,60.0,133.33333333333337,73.33333333333337,60.0,0.05119398981332779,0.060107141733169556,-0.008913151919841766,-0.0020701438188552856,-0.0075404345989227295,0.005470290780067444,3.439188003540039e-05,-5.3141266107559204e-05,8.75331461429596e-05,0.013623273000121117,0.015610015019774437,-0.0019867420196533203,0.011765813454985619,0.014207301661372185,-0.002441488206386566,0.013623273000121117,0.015610015019774437,-0.0019867420196533203,0.02347099408507347,0.03228764235973358,-0.00881664827466011,9.203085937770084e-05,0.000577111670281738,-0.0004850808109040372,0.00039277970790863037,0.002383485436439514,-0.001990705728530884,0.00039277970790863037,0.002383485436439514,-0.001990705728530884,6.642937660217285e-05,0.0005633611581288278,-0.000496931781526655
70#34,MC_ON,transient_50ms,H1_off,probability,0.05291999876499176,0.055334389209747314,-0.002414390444755554,0.05291999876499176,0.055334389209747314,-0.002414390444755554,1380.0,1373.3333333333335,6.666666666666515,1080.0,1073.3333333333335,6.666666666666515,0.051249437034130096,0.060236476361751556,-0.00898703932762146,0.017718330025672913,0.011078879237174988,0.006639450788497925,8.983910083770752e-05,7.619336247444153e-05,1.3645738363265991e-05,0.013623273000121117,0.015230726450681686,-0.0016074534505605698,0.010051693767309189,0.01125412993133068,-0.001202436164021492,0.013623273000121117,0.015230726450681686,-0.0016074534505605698,0.00874203909188509,0.017330875620245934,-0.008588836528360844,5.0715505494736135e-05,0.0003563766076695174,-0.00030566110217478126,0.0004533827304840088,0.0025747865438461304,-0.0021214038133621216,0.0004533827304840088,0.0025747865438461304,-0.0021214038133621216,6.82607278577052e-05,0.0005532100913114846,-0.00048494936345377937
70#34,MC_ON,large_field_50ms,H1_off,probability,0.02892380952835083,0.032294049859046936,-0.003370240330696106,0.02892380952835083,0.032294049859046936,-0.003370240330696106,340.0,340.0,0.0,40.0,40.0,0.0,0.00019008925301022828,0.000263324094703421,-7.323484169319272e-05,-0.006277859210968018,-0.01196146011352539,0.005683600902557373,-5.587338819168508e-06,-7.435426232405007e-05,6.876692350488156e-05,0.013623273000121117,0.015230726450681686,-0.0016074534505605698,-0.00525455828756094,0.00014694035053253174,-0.0054014986380934715,0.013623273000121117,0.015230726450681686,-0.0016074534505605698,-0.00525455828756094,0.00014694035053253174,-0.0054014986380934715,7.793486292939633e-05,0.0003896874259226024,-0.0003117525629932061,0.000842168927192688,0.004684463143348694,-0.003842294216156006,0.000842168927192688,0.004684463143348694,-0.003842294216156006,2.862215069399099e-06,2.2299489501165226e-05,-1.9437274431766127e-05
70#34,MC_ON,slow_step,AC_off,logit,0.4020003080368042,0.5085986852645874,-0.1065983772277832,0.4020003080368042,0.5085986852645874,-0.1065983772277832,1513.3333333333335,1460.0,53.333333333333485,1213.3333333333335,1160.0,53.333333333333485,0.7953676581382751,0.9735776782035828,-0.17821002006530762,0.002292156219482422,0.018880844116210938,-0.016588687896728516,8.940696716308594e-07,-2.7418136596679688e-06,3.635883331298828e-06,0.12077616155147552,0.16828778386116028,-0.04751162230968475,0.2813781499862671,0.33939725160598755,-0.05801910161972046,0.12077616155147552,0.16828778386116028,-0.04751162230968475,0.3935861885547638,0.46653616428375244,-0.07294997572898865,0.2238290160894394,0.27239251136779785,-0.04856349527835846,0.430789589881897,0.48866546154022217,-0.057875871658325195,0.430789589881897,0.48866546154022217,-0.057875871658325195,0.448850154876709,0.5484967231750488,-0.09964656829833984
70#34,MC_ON,slow_1Hz,AC_off,logit,0.40200114250183105,0.5086005926132202,-0.10659945011138916,0.40200114250183105,0.5086005926132202,-0.10659945011138916,1013.3333333333334,960.0,53.33333333333337,713.3333333333334,660.0,53.33333333333337,0.7953677177429199,0.9735785126686096,-0.1782107949256897,0.0022929906845092773,0.01888275146484375,-0.016589760780334473,9.5367431640625e-07,-1.9073486328125e-06,2.86102294921875e-06,0.12077616155147552,0.16828778386116028,-0.04751162230968475,0.28137844800949097,0.3393986225128174,-0.058020174503326416,0.12077616155147552,0.16828778386116028,-0.04751162230968475,0.3935953378677368,0.46654629707336426,-0.07295095920562744,0.223792165517807,0.2723419666290283,-0.048549801111221313,0.430789589881897,0.48866546154022217,-0.057875871658325195,0.430789589881897,0.48866546154022217,-0.057875871658325195,0.44877493381500244,0.5483942031860352,-0.09961926937103271
70#34,MC_ON,slow_2Hz,AC_off,logit,0.4020214080810547,0.5086380243301392,-0.10661661624908447,0.4020214080810547,0.5086380243301392,-0.10661661624908447,746.6666666666667,713.3333333333334,33.33333333333337,446.66666666666674,413.33333333333337,33.33333333333337,0.7953677773475647,0.9735802412033081,-0.1782124638557434,0.00231325626373291,0.018920183181762695,-0.016606926918029785,1.0132789611816406e-06,-1.7881393432617188e-07,1.1920928955078125e-06,0.12077616155147552,0.16828778386116028,-0.04751162230968475,0.281385213136673,0.33942922949790955,-0.05804401636123657,0.12077616155147552,0.16828778386116028,-0.04751162230968475,0.39373472332954407,0.4663359820842743,-0.07260125875473022,0.2237316071987152,0.27225443720817566,-0.04852283000946045,0.430789589881897,0.48866546154022217,-0.057875871658325195,0.430789589881897,0.48866546154022217,-0.057875871658325195,0.4486246407032013,0.5481895804405212,-0.09956493973731995
70#34,MC_ON,rapid_10Hz,AC_off,logit,0.40106070041656494,0.5037002563476562,-0.10263955593109131,0.40106070041656494,0.5037002563476562,-0.10263955593109131,433.33333333333337,433.33333333333337,0.0,133.33333333333337,133.33333333333337,0.0,0.7953673601150513,0.9735825061798096,-0.1782151460647583,0.001352548599243164,0.013982415199279785,-0.012629866600036621,5.960464477539062e-07,2.086162567138672e-06,-1.4901161193847656e-06,0.12077616155147552,0.16828778386116028,-0.04751162230968475,0.2781849503517151,0.326784610748291,-0.04859966039657593,0.12077616155147552,0.16828778386116028,-0.04751162230968475,0.36273398995399475,0.45177608728408813,-0.08904209733009338,0.22040848433971405,0.2689894139766693,-0.04858092963695526,0.3563225269317627,0.37220191955566406,-0.015879392623901367,0.3563225269317627,0.37220191955566406,-0.015879392623901367,0.44810181856155396,0.5475292801856995,-0.09942746162414551
70#34,MC_ON,rapid_20Hz,AC_off,logit,0.39959871768951416,0.494350790977478,-0.09475207328796387,0.39959871768951416,0.494350790977478,-0.09475207328796387,440.0,440.0,0.0,140.0,140.0,0.0,0.7953671216964722,0.9735815525054932,-0.178214430809021,-0.00010943412780761719,0.0046329498291015625,-0.00474238395690918,3.5762786865234375e-07,1.1324882507324219e-06,-7.748603820800781e-07,0.12077616155147552,0.16828778386116028,-0.04751162230968475,0.27733850479125977,0.3194284439086914,-0.04208993911743164,0.12077616155147552,0.16828778386116028,-0.04751162230968475,0.2887831926345825,0.3824158012866974,-0.09363260865211487,0.21799646317958832,0.26686009764671326,-0.04886363446712494,0.2683391571044922,0.2974398136138916,-0.029100656509399414,0.2683391571044922,0.2974398136138916,-0.029100656509399414,0.448072224855423,0.5475099086761475,-0.09943768382072449
70#34,MC_ON,transient_50ms,AC_off,logit,0.4007173776626587,0.5049768686294556,-0.10425949096679688,0.4007173776626587,0.5049768686294556,-0.10425949096679688,1386.6666666666667,1386.6666666666667,0.0,1086.6666666666667,1086.6666666666667,0.0,0.7953665852546692,0.9735785126686096,-0.17821192741394043,0.001009225845336914,0.015259027481079102,-0.014249801635742188,-1.7881393432617188e-07,-1.9073486328125e-06,1.7285346984863281e-06,0.12077616155147552,0.16828778386116028,-0.04751162230968475,0.27717044949531555,0.31838446855545044,-0.04121401906013489,0.12077616155147552,0.16828778386116028,-0.04751162230968475,0.3626270294189453,0.45122092962265015,-0.08859390020370483,0.21689102053642273,0.265565425157547,-0.04867440462112427,0.35535264015197754,0.37748873233795166,-0.02213609218597412,0.35535264015197754,0.37748873233795166,-0.02213609218597412,0.4480912387371063,0.5475327372550964,-0.09944149851799011
70#34,MC_ON,large_field_50ms,AC_off,logit,-0.34069669246673584,0.4181736707687378,-0.7588703632354736,0.34069669246673584,0.4181736707687378,-0.07747697830200195,1360.0,360.0,1000.0,1060.0,60.0,1000.0,-3.973643192267673e-09,-7.947286162490741e-10,-3.178914576018599e-09,-0.6867542266845703,0.8715968132019043,-1.5583510398864746,-2.3841859597695247e-09,7.947286162490741e-10,-3.178914576018599e-09,0.1204921305179596,0.16671516001224518,-0.046223029494285583,0.24148312211036682,0.2578374445438385,-0.01635432243347168,0.1204921305179596,0.16671516001224518,-0.046223029494285583,0.24148312211036682,0.2578374445438385,-0.01635432243347168,0.021069779992103577,0.02200983092188835,-0.0009400509297847748,0.3437544107437134,0.3309367895126343,0.012817621231079102,0.3437544107437134,0.3309367895126343,0.012817621231079102,-3.973643192267673e-09,-7.947286162490741e-10,-3.178914576018599e-09
70#34,MC_ON,slow_step,AC_off,probability,0.06346665322780609,0.07815223932266235,-0.014685586094856262,0.06346665322780609,0.07815223932266235,-0.014685586094856262,1513.3333333333335,1460.0,53.333333333333485,1213.3333333333335,1160.0,53.333333333333485,0.12525513768196106,0.14842844009399414,-0.02317330241203308,0.00040574371814727783,0.0033425986766815186,-0.0029368549585342407,-3.7848949432373047e-06,1.33514404296875e-05,-1.7136335372924805e-05,0.018105188384652138,0.024379035457968712,-0.006273847073316574,0.043461862951517105,0.05069097876548767,-0.007229115813970566,0.018105188384652138,0.024379035457968712,-0.006273847073316574,0.061979684978723526,0.07075275480747223,-0.008773069828748703,0.03510991483926773,0.04181297495961189,-0.006703060120344162,0.06708942353725433,0.07356487214565277,-0.0064754486083984375,0.06708942353725433,0.07356487214565277,-0.0064754486083984375,0.07041125744581223,0.08420001715421677,-0.013788759708404541
70#34,MC_ON,slow_1Hz,AC_off,probability,0.06346680223941803,0.07815256714820862,-0.014685764908790588,0.06346680223941803,0.07815256714820862,-0.014685764908790588,1013.3333333333334,960.0,53.33333333333337,713.3333333333334,660.0,53.33333333333337,0.1252550482749939,0.14842668175697327,-0.02317163348197937,0.0004058927297592163,0.003342926502227783,-0.002937033772468567,-3.874301910400391e-06,1.1593103408813477e-05,-1.5467405319213867e-05,0.018105188384652138,0.024379035457968712,-0.006273847073316574,0.04346192255616188,0.050691209733486176,-0.007229287177324295,0.018105188384652138,0.024379035457968712,-0.006273847073316574,0.06198129430413246,0.0707545131444931,-0.008773218840360641,0.03520549088716507,0.04194256663322449,-0.006737075746059418,0.06708942353725433,0.07356487214565277,-0.0064754486083984375,0.06708942353725433,0.07356487214565277,-0.0064754486083984375,0.07060219347476959,0.08445899188518524,-0.01385679841041565
70#34,MC_ON,slow_2Hz,AC_off,probability,0.06347039341926575,0.07815924286842346,-0.014688849449157715,0.06347039341926575,0.07815924286842346,-0.014688849449157715,746.6666666666667,713.3333333333334,33.33333333333337,446.66666666666674,413.33333333333337,33.33333333333337,0.125254824757576,0.14842304587364197,-0.02316822111606598,0.0004094839096069336,0.003349602222442627,-0.0029401183128356934,-4.0978193283081055e-06,7.957220077514648e-06,-1.2055039405822754e-05,0.018105188384652138,0.024379035457968712,-0.006273847073316574,0.04346305504441261,0.05069625377655029,-0.00723319873213768,0.018105188384652138,0.024379035457968712,-0.006273847073316574,0.06200585886836052,0.0707177147269249,-0.008711855858564377,0.03540356829762459,0.04220921918749809,-0.006805650889873505,0.06708942353725433,0.07356487214565277,-0.0064754486083984375,0.06708942353725433,0.07356487214565277,-0.0064754486083984375,0.07099389284849167,0.08498804271221161,-0.01399414986371994
70#34,MC_ON,rapid_10Hz,AC_off,probability,0.06330026686191559,0.07728177309036255,-0.01398150622844696,0.06330026686191559,0.07728177309036255,-0.01398150622844696,433.33333333333337,433.33333333333337,0.0,133.33333333333337,133.33333333333337,0.0,0.12525568902492523,0.14840306341648102,-0.023147374391555786,0.0002393573522567749,0.002472132444381714,-0.002232775092124939,-3.2335519790649414e-06,-1.2025237083435059e-05,8.791685104370117e-06,0.018105188384652138,0.024379035457968712,-0.006273847073316574,0.042919643223285675,0.04854913428425789,-0.005629491060972214,0.018105188384652138,0.024379035457968712,-0.006273847073316574,0.05660458281636238,0.06820300966501236,-0.011598426848649979,0.036142971366643906,0.04345349222421646,-0.0073105208575725555,0.05684147775173187,0.05843009054660797,-0.0015886127948760986,0.05684147775173187,0.05843009054660797,-0.0015886127948760986,0.07345835864543915,0.08838164061307907,-0.014923281967639923
70#34,MC_ON,rapid_20Hz,AC_off,probability,0.063041552901268,0.0756266862154007,-0.01258513331413269,0.063041552901268,0.0756266862154007,-0.01258513331413269,440.0,440.0,0.0,140.0,140.0,0.0,0.12525734305381775,0.14840559661388397,-0.023148253560066223,-1.9356608390808105e-05,0.0008170455694198608,-0.0008364021778106689,-1.5795230865478516e-06,-9.492039680480957e-06,7.912516593933105e-06,0.018105188384652138,0.024379035457968712,-0.006273847073316574,0.042785365134477615,0.04739531874656677,-0.004609953612089157,0.018105188384652138,0.024379035457968712,-0.006273847073316574,0.04430396482348442,0.056827567517757416,-0.012523602694272995,0.03612269088625908,0.04340118542313576,-0.0072784945368766785,0.043958961963653564,0.04811888933181763,-0.0041599273681640625,0.043958961963653564,0.04811888933181763,-0.0041599273681640625,0.07412978261709213,0.08886180818080902,-0.014732025563716888
70#34,MC_ON,transient_50ms,AC_off,probability,0.06323949992656708,0.07750838994979858,-0.014268890023231506,0.06323949992656708,0.07750838994979858,-0.014268890023231506,1386.6666666666667,1386.6666666666667,0.0,1086.6666666666667,1086.6666666666667,0.0,0.12525929510593414,0.14841750264167786,-0.023158207535743713,0.00017859041690826416,0.002698749303817749,-0.002520158886909485,3.725290298461914e-07,2.4139881134033203e-06,-2.041459083557129e-06,0.018105188384652138,0.024379035457968712,-0.006273847073316574,0.04276393726468086,0.0472964346408844,-0.004532497376203537,0.018105188384652138,0.024379035457968712,-0.006273847073316574,0.05658580735325813,0.06810640543699265,-0.011520598083734512,0.03594871610403061,0.04317241534590721,-0.007223699241876602,0.05619359016418457,0.058637022972106934,-0.0024434328079223633,0.05619359016418457,0.058637022972106934,-0.0024434328079223633,0.07407811284065247,0.0887342318892479,-0.014656119048595428
70#34,MC_ON,large_field_50ms,AC_off,probability,0.052787989377975464,0.062453821301460266,-0.009665831923484802,0.052787989377975464,0.062453821301460266,-0.009665831923484802,360.0,360.0,0.0,60.0,60.0,0.0,0.00043249974260106683,0.000619210593868047,-0.00018671085126698017,-0.0009194612503051758,-0.006026223301887512,0.005106762051582336,-1.7396931070834398e-05,-0.00010832311818376184,9.092618711292744e-05,0.018058035522699356,0.02411651238799095,-0.0060584768652915955,0.03666626289486885,0.037547461688518524,-0.0008811987936496735,0.018058035522699356,0.02411651238799095,-0.0060584768652915955,0.03666626289486885,0.037547461688518524,-0.0008811987936496735,0.0029302092734724283,0.0028698169626295567,6.0392310842871666e-05,0.048919886350631714,0.04834747314453125,0.0005724132061004639,0.048919886350631714,0.04834747314453125,0.0005724132061004639,0.0002452727349009365,0.0003781859704758972,-0.0001329132355749607
