source_artifact,tracked,official_url,bytes,sha256,payload_path,payload_sha256,kind,access_status,searched_fields,matching_line_count,note
data\real\schottdorf_lee_2021_repository\data\Cell List.docx,True,https://gin.g-node.org/Manuel/Macaque-ganglion-cells/src/cffefb08c760f04c9a951da46061b361d2288e9b/data/Cell List.docx,94011,515dd0c69fe51818fea77040bd1cdb798725d2883157255ad331fcb44c2f9c5f,data\real\schottdorf_lee_2021_repository\data\Cell List.docx,515dd0c69fe51818fea77040bd1cdb798725d2883157255ad331fcb44c2f9c5f,.docx,READ,RF center | RF centre | receptive field position | x/y position | screen position | spot position | stimulus displacement | centering error | cell position | tangent screen | DoG | Gaussian | fit center | response map | reverse corr | RevCorr | MxX | MxY | xoff | yoff | x0 | y0 | position | center | centre | peak | smoothing | regulariz | deconvol | fft | least | eccentricity,0,Complete document text; cell/recording catalog and acquisition notes.
data\real\schottdorf_lee_2021_repository\data\CellsList.docx,True,https://gin.g-node.org/Manuel/Macaque-ganglion-cells/src/cffefb08c760f04c9a951da46061b361d2288e9b/data/CellsList.docx,141510,dc2ef780a2a31a1b4e01ff63072c2f524389d2604ad03503860d931e6966ec67,data\real\schottdorf_lee_2021_repository\data\CellsList.docx,dc2ef780a2a31a1b4e01ff63072c2f524389d2604ad03503860d931e6966ec67,.docx,READ,RF center | RF centre | receptive field position | x/y position | screen position | spot position | stimulus displacement | centering error | cell position | tangent screen | DoG | Gaussian | fit center | response map | reverse corr | RevCorr | MxX | MxY | xoff | yoff | x0 | y0 | position | center | centre | peak | smoothing | regulariz | deconvol | fft | least | eccentricity,1,Complete document text; cell/recording catalog and acquisition notes.
data\real\schottdorf_lee_2021_repository\data\lSS01071.txt,True,https://gin.g-node.org/Manuel/Macaque-ganglion-cells/src/cffefb08c760f04c9a951da46061b361d2288e9b/data/lSS01071.txt,307455,b912e43cb384d511a364de6ac216225664fcc0f76b209fb83d938547496fff56,data\real\schottdorf_lee_2021_repository\data\lSS01071.txt,b912e43cb384d511a364de6ac216225664fcc0f76b209fb83d938547496fff56,.txt,READ,RF center | RF centre | receptive field position | x/y position | screen position | spot position | stimulus displacement | centering error | cell position | tangent screen | DoG | Gaussian | fit center | response map | reverse corr | RevCorr | MxX | MxY | xoff | yoff | x0 | y0 | position | center | centre | peak | smoothing | regulariz | deconvol | fft | least | eccentricity,0,Complete text scanned.
data\real\schottdorf_lee_2021_repository\data\lSS01078.txt,True,https://gin.g-node.org/Manuel/Macaque-ganglion-cells/src/cffefb08c760f04c9a951da46061b361d2288e9b/data/lSS01078.txt,126667,8ea079af74184c5b699a55452ab689947b37ca56accc3cd3110eceb36fe76fa5,data\real\schottdorf_lee_2021_repository\data\lSS01078.txt,8ea079af74184c5b699a55452ab689947b37ca56accc3cd3110eceb36fe76fa5,.txt,READ,RF center | RF centre | receptive field position | x/y position | screen position | spot position | stimulus displacement | centering error | cell position | tangent screen | DoG | Gaussian | fit center | response map | reverse corr | RevCorr | MxX | MxY | xoff | yoff | x0 | y0 | position | center | centre | peak | smoothing | regulariz | deconvol | fft | least | eccentricity,0,Complete text scanned.
data\real\schottdorf_lee_2021_repository\data\lSS01079.txt,True,https://gin.g-node.org/Manuel/Macaque-ganglion-cells/src/cffefb08c760f04c9a951da46061b361d2288e9b/data/lSS01079.txt,338296,b5c9c293f7c6a7457319c482b23a42b52560256c0e2a8e97304f506ac4b32a9a,data\real\schottdorf_lee_2021_repository\data\lSS01079.txt,b5c9c293f7c6a7457319c482b23a42b52560256c0e2a8e97304f506ac4b32a9a,.txt,READ,RF center | RF centre | receptive field position | x/y position | screen position | spot position | stimulus displacement | centering error | cell position | tangent screen | DoG | Gaussian | fit center | response map | reverse corr | RevCorr | MxX | MxY | xoff | yoff | x0 | y0 | position | center | centre | peak | smoothing | regulariz | deconvol | fft | least | eccentricity,0,Complete text scanned.
data\real\schottdorf_lee_2021_repository\data\lSS01086.txt,True,https://gin.g-node.org/Manuel/Macaque-ganglion-cells/src/cffefb08c760f04c9a951da46061b361d2288e9b/data/lSS01086.txt,147844,6a0b1802d861a71b17188feb938b6860100fc84bb818109212a9abfa28d46139,data\real\schottdorf_lee_2021_repository\data\lSS01086.txt,6a0b1802d861a71b17188feb938b6860100fc84bb818109212a9abfa28d46139,.txt,READ,RF center | RF centre | receptive field position | x/y position | screen position | spot position | stimulus displacement | centering error | cell position | tangent screen | DoG | Gaussian | fit center | response map | reverse corr | RevCorr | MxX | MxY | xoff | yoff | x0 | y0 | position | center | centre | peak | smoothing | regulariz | deconvol | fft | least | eccentricity,0,Complete text scanned.
data\real\schottdorf_lee_2021_repository\data\lSS01087.txt,True,https://gin.g-node.org/Manuel/Macaque-ganglion-cells/src/cffefb08c760f04c9a951da46061b361d2288e9b/data/lSS01087.txt,381513,b14ae8121e35329a00ffeb3964f433ad753e8bb092427b30c062bfe715b011b8,data\real\schottdorf_lee_2021_repository\data\lSS01087.txt,b14ae8121e35329a00ffeb3964f433ad753e8bb092427b30c062bfe715b011b8,.txt,READ,RF center | RF centre | receptive field position | x/y position | screen position | spot position | stimulus displacement | centering error | cell position | tangent screen | DoG | Gaussian | fit center | response map | reverse corr | RevCorr | MxX | MxY | xoff | yoff | x0 | y0 | position | center | centre | peak | smoothing | regulariz | deconvol | fft | least | eccentricity,0,Complete text scanned.
data\real\schottdorf_lee_2021_repository\data\lSS01110.txt,True,https://gin.g-node.org/Manuel/Macaque-ganglion-cells/src/cffefb08c760f04c9a951da46061b361d2288e9b/data/lSS01110.txt,128357,a26245459dd0af5422c3e2e4075d02b787943734aa80432246802b8efa07270a,data\real\schottdorf_lee_2021_repository\data\lSS01110.txt,a26245459dd0af5422c3e2e4075d02b787943734aa80432246802b8efa07270a,.txt,READ,RF center | RF centre | receptive field position | x/y position | screen position | spot position | stimulus displacement | centering error | cell position | tangent screen | DoG | Gaussian | fit center | response map | reverse corr | RevCorr | MxX | MxY | xoff | yoff | x0 | y0 | position | center | centre | peak | smoothing | regulariz | deconvol | fft | least | eccentricity,0,Complete text scanned.
data\real\schottdorf_lee_2021_repository\data\lSS01112.txt,True,https://gin.g-node.org/Manuel/Macaque-ganglion-cells/src/cffefb08c760f04c9a951da46061b361d2288e9b/data/lSS01112.txt,341264,2f235ecdb35fef636dee5644cb956f20f416db86482b5fc2e3ab607ab84f8e08,data\real\schottdorf_lee_2021_repository\data\lSS01112.txt,2f235ecdb35fef636dee5644cb956f20f416db86482b5fc2e3ab607ab84f8e08,.txt,READ,RF center | RF centre | receptive field position | x/y position | screen position | spot position | stimulus displacement | centering error | cell position | tangent screen | DoG | Gaussian | fit center | response map | reverse corr | RevCorr | MxX | MxY | xoff | yoff | x0 | y0 | position | center | centre | peak | smoothing | regulariz | deconvol | fft | least | eccentricity,0,Complete text scanned.
data\real\schottdorf_lee_2021_repository\data\lSS01130.txt,True,https://gin.g-node.org/Manuel/Macaque-ganglion-cells/src/cffefb08c760f04c9a951da46061b361d2288e9b/data/lSS01130.txt,61451,8aa1e7cd3e84de3728485173d7fd40fe23f4c1ef47a32b18e9028a2567a0e4cc,data\real\schottdorf_lee_2021_repository\data\lSS01130.txt,8aa1e7cd3e84de3728485173d7fd40fe23f4c1ef47a32b18e9028a2567a0e4cc,.txt,READ,RF center | RF centre | receptive field position | x/y position | screen position | spot position | stimulus displacement | centering error | cell position | tangent screen | DoG | Gaussian | fit center | response map | reverse corr | RevCorr | MxX | MxY | xoff | yoff | x0 | y0 | position | center | centre | peak | smoothing | regulariz | deconvol | fft | least | eccentricity,0,Complete text scanned.
data\real\schottdorf_lee_2021_repository\data\lSS01131.txt,True,https://gin.g-node.org/Manuel/Macaque-ganglion-cells/src/cffefb08c760f04c9a951da46061b361d2288e9b/data/lSS01131.txt,140808,88d200c534da7179f47611feb976716a46eaa349f26a1f1200e377dcbed9e727,data\real\schottdorf_lee_2021_repository\data\lSS01131.txt,88d200c534da7179f47611feb976716a46eaa349f26a1f1200e377dcbed9e727,.txt,READ,RF center | RF centre | receptive field position | x/y position | screen position | spot position | stimulus displacement | centering error | cell position | tangent screen | DoG | Gaussian | fit center | response map | reverse corr | RevCorr | MxX | MxY | xoff | yoff | x0 | y0 | position | center | centre | peak | smoothing | regulariz | deconvol | fft | least | eccentricity,0,Complete text scanned.
data\real\schottdorf_lee_2021_repository\data\lSS01141.txt,True,https://gin.g-node.org/Manuel/Macaque-ganglion-cells/src/cffefb08c760f04c9a951da46061b361d2288e9b/data/lSS01141.txt,153686,a72d545a2c71eac7f14d4fad5408629076566d1e3b94f43a1fc63763d473b914,data\real\schottdorf_lee_2021_repository\data\lSS01141.txt,a72d545a2c71eac7f14d4fad5408629076566d1e3b94f43a1fc63763d473b914,.txt,READ,RF center | RF centre | receptive field position | x/y position | screen position | spot position | stimulus displacement | centering error | cell position | tangent screen | DoG | Gaussian | fit center | response map | reverse corr | RevCorr | MxX | MxY | xoff | yoff | x0 | y0 | position | center | centre | peak | smoothing | regulariz | deconvol | fft | least | eccentricity,0,Complete text scanned.
data\real\schottdorf_lee_2021_repository\data\lSS01142.txt,True,https://gin.g-node.org/Manuel/Macaque-ganglion-cells/src/cffefb08c760f04c9a951da46061b361d2288e9b/data/lSS01142.txt,357547,4aebc3b4e76eff4b58f85b2227c33a2e0b7a2cc7435e739509bed197ebbfdc74,data\real\schottdorf_lee_2021_repository\data\lSS01142.txt,4aebc3b4e76eff4b58f85b2227c33a2e0b7a2cc7435e739509bed197ebbfdc74,.txt,READ,RF center | RF centre | receptive field position | x/y position | screen position | spot position | stimulus displacement | centering error | cell position | tangent screen | DoG | Gaussian | fit center | response map | reverse corr | RevCorr | MxX | MxY | xoff | yoff | x0 | y0 | position | center | centre | peak | smoothing | regulariz | deconvol | fft | least | eccentricity,0,Complete text scanned.
data\real\schottdorf_lee_2021_repository\data\lSS01159.txt,True,https://gin.g-node.org/Manuel/Macaque-ganglion-cells/src/cffefb08c760f04c9a951da46061b361d2288e9b/data/lSS01159.txt,225144,28b5a076d39ad1bba8a71f3d9d6f5732882229eb4b21fdf5e02f7f1a54e5aae6,data\real\schottdorf_lee_2021_repository\data\lSS01159.txt,28b5a076d39ad1bba8a71f3d9d6f5732882229eb4b21fdf5e02f7f1a54e5aae6,.txt,READ,RF center | RF centre | receptive field position | x/y position | screen position | spot position | stimulus displacement | centering error | cell position | tangent screen | DoG | Gaussian | fit center | response map | reverse corr | RevCorr | MxX | MxY | xoff | yoff | x0 | y0 | position | center | centre | peak | smoothing | regulariz | deconvol | fft | least | eccentricity,0,Complete text scanned.
data\real\schottdorf_lee_2021_repository\data\lSS01160.txt,True,https://gin.g-node.org/Manuel/Macaque-ganglion-cells/src/cffefb08c760f04c9a951da46061b361d2288e9b/data/lSS01160.txt,583584,74e5456b5d65c45d4c5c99f1d962c390b6f63c4a11ea83391cb744ee2f4350a5,data\real\schottdorf_lee_2021_repository\data\lSS01160.txt,74e5456b5d65c45d4c5c99f1d962c390b6f63c4a11ea83391cb744ee2f4350a5,.txt,READ,RF center | RF centre | receptive field position | x/y position | screen position | spot position | stimulus displacement | centering error | cell position | tangent screen | DoG | Gaussian | fit center | response map | reverse corr | RevCorr | MxX | MxY | xoff | yoff | x0 | y0 | position | center | centre | peak | smoothing | regulariz | deconvol | fft | least | eccentricity,0,Complete text scanned.
data\real\schottdorf_lee_2021_repository\data\lSS01167.txt,True,https://gin.g-node.org/Manuel/Macaque-ganglion-cells/src/cffefb08c760f04c9a951da46061b361d2288e9b/data/lSS01167.txt,98120,f530368663d7869b757211daf26ac0b239bcc51fb85c0d69c775471d94cdb6bf,data\real\schottdorf_lee_2021_repository\data\lSS01167.txt,f530368663d7869b757211daf26ac0b239bcc51fb85c0d69c775471d94cdb6bf,.txt,READ,RF center | RF centre | receptive field position | x/y position | screen position | spot position | stimulus displacement | centering error | cell position | tangent screen | DoG | Gaussian | fit center | response map | reverse corr | RevCorr | MxX | MxY | xoff | yoff | x0 | y0 | position | center | centre | peak | smoothing | regulariz | deconvol | fft | least | eccentricity,0,Complete text scanned.
data\real\schottdorf_lee_2021_repository\data\lSS01168.txt,True,https://gin.g-node.org/Manuel/Macaque-ganglion-cells/src/cffefb08c760f04c9a951da46061b361d2288e9b/data/lSS01168.txt,274829,3124a9a8003a1eac28495a817d385e7aca74a8d0daed8a29a9b14bdd85e50add,data\real\schottdorf_lee_2021_repository\data\lSS01168.txt,3124a9a8003a1eac28495a817d385e7aca74a8d0daed8a29a9b14bdd85e50add,.txt,READ,RF center | RF centre | receptive field position | x/y position | screen position | spot position | stimulus displacement | centering error | cell position | tangent screen | DoG | Gaussian | fit center | response map | reverse corr | RevCorr | MxX | MxY | xoff | yoff | x0 | y0 | position | center | centre | peak | smoothing | regulariz | deconvol | fft | least | eccentricity,0,Complete text scanned.
data\real\schottdorf_lee_2021_repository\data\lSS01178.txt,True,https://gin.g-node.org/Manuel/Macaque-ganglion-cells/src/cffefb08c760f04c9a951da46061b361d2288e9b/data/lSS01178.txt,41944,ae4a0e93f3945a82e72f90567a3f678b9a8f522a04ecf743109bbec415f063dd,data\real\schottdorf_lee_2021_repository\data\lSS01178.txt,ae4a0e93f3945a82e72f90567a3f678b9a8f522a04ecf743109bbec415f063dd,.txt,READ,RF center | RF centre | receptive field position | x/y position | screen position | spot position | stimulus displacement | centering error | cell position | tangent screen | DoG | Gaussian | fit center | response map | reverse corr | RevCorr | MxX | MxY | xoff | yoff | x0 | y0 | position | center | centre | peak | smoothing | regulariz | deconvol | fft | least | eccentricity,0,Complete text scanned.
data\real\schottdorf_lee_2021_repository\data\lSS01180.txt,True,https://gin.g-node.org/Manuel/Macaque-ganglion-cells/src/cffefb08c760f04c9a951da46061b361d2288e9b/data/lSS01180.txt,111012,27cc90cdd6506563440478fe6972725a87a6a7a013863abdac7399d1de5f84f0,data\real\schottdorf_lee_2021_repository\data\lSS01180.txt,27cc90cdd6506563440478fe6972725a87a6a7a013863abdac7399d1de5f84f0,.txt,READ,RF center | RF centre | receptive field position | x/y position | screen position | spot position | stimulus displacement | centering error | cell position | tangent screen | DoG | Gaussian | fit center | response map | reverse corr | RevCorr | MxX | MxY | xoff | yoff | x0 | y0 | position | center | centre | peak | smoothing | regulariz | deconvol | fft | least | eccentricity,0,Complete text scanned.
data\real\schottdorf_lee_2021_repository\data\lSS01181.txt,True,https://gin.g-node.org/Manuel/Macaque-ganglion-cells/src/cffefb08c760f04c9a951da46061b361d2288e9b/data/lSS01181.txt,190602,5f63376c7b52f9e4aea3a60488ef81caeb6d0b8fc4361b0c7cf8969bdb6e3404,data\real\schottdorf_lee_2021_repository\data\lSS01181.txt,5f63376c7b52f9e4aea3a60488ef81caeb6d0b8fc4361b0c7cf8969bdb6e3404,.txt,READ,RF center | RF centre | receptive field position | x/y position | screen position | spot position | stimulus displacement | centering error | cell position | tangent screen | DoG | Gaussian | fit center | response map | reverse corr | RevCorr | MxX | MxY | xoff | yoff | x0 | y0 | position | center | centre | peak | smoothing | regulariz | deconvol | fft | least | eccentricity,0,Complete text scanned.
data\real\schottdorf_lee_2021_repository\data\lSS01183.txt,True,https://gin.g-node.org/Manuel/Macaque-ganglion-cells/src/cffefb08c760f04c9a951da46061b361d2288e9b/data/lSS01183.txt,479677,834cd5c12c8f734ffe6c073579a52f46f608dec04be96b93ef2cb378cc3222ab,data\real\schottdorf_lee_2021_repository\data\lSS01183.txt,834cd5c12c8f734ffe6c073579a52f46f608dec04be96b93ef2cb378cc3222ab,.txt,READ,RF center | RF centre | receptive field position | x/y position | screen position | spot position | stimulus displacement | centering error | cell position | tangent screen | DoG | Gaussian | fit center | response map | reverse corr | RevCorr | MxX | MxY | xoff | yoff | x0 | y0 | position | center | centre | peak | smoothing | regulariz | deconvol | fft | least | eccentricity,0,Complete text scanned.
data\real\schottdorf_lee_2021_repository\data\lSS01184.txt,True,https://gin.g-node.org/Manuel/Macaque-ganglion-cells/src/cffefb08c760f04c9a951da46061b361d2288e9b/data/lSS01184.txt,100514,e6f873105275ba94c9bdb48447651e93d9ec77eb5f107bf3ef9a176946bc3710,data\real\schottdorf_lee_2021_repository\data\lSS01184.txt,e6f873105275ba94c9bdb48447651e93d9ec77eb5f107bf3ef9a176946bc3710,.txt,READ,RF center | RF centre | receptive field position | x/y position | screen position | spot position | stimulus displacement | centering error | cell position | tangent screen | DoG | Gaussian | fit center | response map | reverse corr | RevCorr | MxX | MxY | xoff | yoff | x0 | y0 | position | center | centre | peak | smoothing | regulariz | deconvol | fft | least | eccentricity,0,Complete text scanned.
data\real\schottdorf_lee_2021_repository\data\lSS01194.txt,True,https://gin.g-node.org/Manuel/Macaque-ganglion-cells/src/cffefb08c760f04c9a951da46061b361d2288e9b/data/lSS01194.txt,112035,f7ff1b87e8bc0220d1c875e8b738957733fff6d41c524c5517d075b4be054e3f,data\real\schottdorf_lee_2021_repository\data\lSS01194.txt,f7ff1b87e8bc0220d1c875e8b738957733fff6d41c524c5517d075b4be054e3f,.txt,READ,RF center | RF centre | receptive field position | x/y position | screen position | spot position | stimulus displacement | centering error | cell position | tangent screen | DoG | Gaussian | fit center | response map | reverse corr | RevCorr | MxX | MxY | xoff | yoff | x0 | y0 | position | center | centre | peak | smoothing | regulariz | deconvol | fft | least | eccentricity,0,Complete text scanned.
data\real\schottdorf_lee_2021_repository\data\lSS01196.txt,True,https://gin.g-node.org/Manuel/Macaque-ganglion-cells/src/cffefb08c760f04c9a951da46061b361d2288e9b/data/lSS01196.txt,354110,2a314def8f0b1b3db16ec4928f4317ccc1f9bbbfdf59241dc545110215da83b1,data\real\schottdorf_lee_2021_repository\data\lSS01196.txt,2a314def8f0b1b3db16ec4928f4317ccc1f9bbbfdf59241dc545110215da83b1,.txt,READ,RF center | RF centre | receptive field position | x/y position | screen position | spot position | stimulus displacement | centering error | cell position | tangent screen | DoG | Gaussian | fit center | response map | reverse corr | RevCorr | MxX | MxY | xoff | yoff | x0 | y0 | position | center | centre | peak | smoothing | regulariz | deconvol | fft | least | eccentricity,0,Complete text scanned.
data\real\schottdorf_lee_2021_repository\data\lSS01221.txt,True,https://gin.g-node.org/Manuel/Macaque-ganglion-cells/src/cffefb08c760f04c9a951da46061b361d2288e9b/data/lSS01221.txt,311825,7a892d39d3decf76d50705175ca5ed31ae8141b4a859deedfec1e115d8f35e53,data\real\schottdorf_lee_2021_repository\data\lSS01221.txt,7a892d39d3decf76d50705175ca5ed31ae8141b4a859deedfec1e115d8f35e53,.txt,READ,RF center | RF centre | receptive field position | x/y position | screen position | spot position | stimulus displacement | centering error | cell position | tangent screen | DoG | Gaussian | fit center | response map | reverse corr | RevCorr | MxX | MxY | xoff | yoff | x0 | y0 | position | center | centre | peak | smoothing | regulariz | deconvol | fft | least | eccentricity,0,Complete text scanned.
data\real\schottdorf_lee_2021_repository\data\lSS01225.txt,True,https://gin.g-node.org/Manuel/Macaque-ganglion-cells/src/cffefb08c760f04c9a951da46061b361d2288e9b/data/lSS01225.txt,87090,77b8590967d4c87443f9a2051cc615e96c3d789aa88d6159e4ea0dc1d1ed6a4c,data\real\schottdorf_lee_2021_repository\data\lSS01225.txt,77b8590967d4c87443f9a2051cc615e96c3d789aa88d6159e4ea0dc1d1ed6a4c,.txt,READ,RF center | RF centre | receptive field position | x/y position | screen position | spot position | stimulus displacement | centering error | cell position | tangent screen | DoG | Gaussian | fit center | response map | reverse corr | RevCorr | MxX | MxY | xoff | yoff | x0 | y0 | position | center | centre | peak | smoothing | regulariz | deconvol | fft | least | eccentricity,0,Complete text scanned.
data\real\schottdorf_lee_2021_repository\data\lSS01227.txt,True,https://gin.g-node.org/Manuel/Macaque-ganglion-cells/src/cffefb08c760f04c9a951da46061b361d2288e9b/data/lSS01227.txt,269888,f968087b85a4584a9c75e8d8a24c8da5e8a724b856aa1cc14f06131998026b99,data\real\schottdorf_lee_2021_repository\data\lSS01227.txt,f968087b85a4584a9c75e8d8a24c8da5e8a724b856aa1cc14f06131998026b99,.txt,READ,RF center | RF centre | receptive field position | x/y position | screen position | spot position | stimulus displacement | centering error | cell position | tangent screen | DoG | Gaussian | fit center | response map | reverse corr | RevCorr | MxX | MxY | xoff | yoff | x0 | y0 | position | center | centre | peak | smoothing | regulariz | deconvol | fft | least | eccentricity,0,Complete text scanned.
data\real\schottdorf_lee_2021_repository\data\lSS01229.txt,True,https://gin.g-node.org/Manuel/Macaque-ganglion-cells/src/cffefb08c760f04c9a951da46061b361d2288e9b/data/lSS01229.txt,76463,48be9e7907e940edceae3dc8794bba16c1e8b2f4dbe4c4e752cf412d1bd0778b,data\real\schottdorf_lee_2021_repository\data\lSS01229.txt,48be9e7907e940edceae3dc8794bba16c1e8b2f4dbe4c4e752cf412d1bd0778b,.txt,READ,RF center | RF centre | receptive field position | x/y position | screen position | spot position | stimulus displacement | centering error | cell position | tangent screen | DoG | Gaussian | fit center | response map | reverse corr | RevCorr | MxX | MxY | xoff | yoff | x0 | y0 | position | center | centre | peak | smoothing | regulariz | deconvol | fft | least | eccentricity,0,Complete text scanned.
data\real\schottdorf_lee_2021_repository\data\lSS01231.txt,True,https://gin.g-node.org/Manuel/Macaque-ganglion-cells/src/cffefb08c760f04c9a951da46061b361d2288e9b/data/lSS01231.txt,192064,5be23305cb2316e753ce377bcb2abf7dd2925bf8cdca25f5843bd1db6f5b836d,data\real\schottdorf_lee_2021_repository\data\lSS01231.txt,5be23305cb2316e753ce377bcb2abf7dd2925bf8cdca25f5843bd1db6f5b836d,.txt,READ,RF center | RF centre | receptive field position | x/y position | screen position | spot position | stimulus displacement | centering error | cell position | tangent screen | DoG | Gaussian | fit center | response map | reverse corr | RevCorr | MxX | MxY | xoff | yoff | x0 | y0 | position | center | centre | peak | smoothing | regulariz | deconvol | fft | least | eccentricity,0,Complete text scanned.
data\real\schottdorf_lee_2021_repository\data\lSS01251.txt,True,https://gin.g-node.org/Manuel/Macaque-ganglion-cells/src/cffefb08c760f04c9a951da46061b361d2288e9b/data/lSS01251.txt,186069,7accbb5ca931a6dab0a0abc31d3fa26c2e7c64f0a282bc6199d93196cdd9464b,data\real\schottdorf_lee_2021_repository\data\lSS01251.txt,7accbb5ca931a6dab0a0abc31d3fa26c2e7c64f0a282bc6199d93196cdd9464b,.txt,READ,RF center | RF centre | receptive field position | x/y position | screen position | spot position | stimulus displacement | centering error | cell position | tangent screen | DoG | Gaussian | fit center | response map | reverse corr | RevCorr | MxX | MxY | xoff | yoff | x0 | y0 | position | center | centre | peak | smoothing | regulariz | deconvol | fft | least | eccentricity,0,Complete text scanned.
data\real\schottdorf_lee_2021_repository\data\lSS01252.txt,True,https://gin.g-node.org/Manuel/Macaque-ganglion-cells/src/cffefb08c760f04c9a951da46061b361d2288e9b/data/lSS01252.txt,464938,15124cd47349640fe0a9b0436cce5a4ca57d9dbfc552d8d334c723aac0d4fc71,data\real\schottdorf_lee_2021_repository\data\lSS01252.txt,15124cd47349640fe0a9b0436cce5a4ca57d9dbfc552d8d334c723aac0d4fc71,.txt,READ,RF center | RF centre | receptive field position | x/y position | screen position | spot position | stimulus displacement | centering error | cell position | tangent screen | DoG | Gaussian | fit center | response map | reverse corr | RevCorr | MxX | MxY | xoff | yoff | x0 | y0 | position | center | centre | peak | smoothing | regulariz | deconvol | fft | least | eccentricity,0,Complete text scanned.
data\real\schottdorf_lee_2021_repository\data\lSS01254.txt,True,https://gin.g-node.org/Manuel/Macaque-ganglion-cells/src/cffefb08c760f04c9a951da46061b361d2288e9b/data/lSS01254.txt,159028,4069314bcafe9a28f8e329bb4d72f77773ebc0d5523c4e1a355cc09ea89bdf12,data\real\schottdorf_lee_2021_repository\data\lSS01254.txt,4069314bcafe9a28f8e329bb4d72f77773ebc0d5523c4e1a355cc09ea89bdf12,.txt,READ,RF center | RF centre | receptive field position | x/y position | screen position | spot position | stimulus displacement | centering error | cell position | tangent screen | DoG | Gaussian | fit center | response map | reverse corr | RevCorr | MxX | MxY | xoff | yoff | x0 | y0 | position | center | centre | peak | smoothing | regulariz | deconvol | fft | least | eccentricity,0,Complete text scanned.
data\real\schottdorf_lee_2021_repository\data\lSS01256.txt,True,https://gin.g-node.org/Manuel/Macaque-ganglion-cells/src/cffefb08c760f04c9a951da46061b361d2288e9b/data/lSS01256.txt,136398,74790a90e633d2f76ab35e58937d3ea60c56587bff1050061d3cc150c99dbf68,data\real\schottdorf_lee_2021_repository\data\lSS01256.txt,74790a90e633d2f76ab35e58937d3ea60c56587bff1050061d3cc150c99dbf68,.txt,READ,RF center | RF centre | receptive field position | x/y position | screen position | spot position | stimulus displacement | centering error | cell position | tangent screen | DoG | Gaussian | fit center | response map | reverse corr | RevCorr | MxX | MxY | xoff | yoff | x0 | y0 | position | center | centre | peak | smoothing | regulariz | deconvol | fft | least | eccentricity,0,Complete text scanned.
data\real\schottdorf_lee_2021_repository\data\lSS01257.txt,True,https://gin.g-node.org/Manuel/Macaque-ganglion-cells/src/cffefb08c760f04c9a951da46061b361d2288e9b/data/lSS01257.txt,366798,56f59ff3df7839be095d5d6329a27e771b5fe8f0ee5d3b4169f43bb3ad2cf2e0,data\real\schottdorf_lee_2021_repository\data\lSS01257.txt,56f59ff3df7839be095d5d6329a27e771b5fe8f0ee5d3b4169f43bb3ad2cf2e0,.txt,READ,RF center | RF centre | receptive field position | x/y position | screen position | spot position | stimulus displacement | centering error | cell position | tangent screen | DoG | Gaussian | fit center | response map | reverse corr | RevCorr | MxX | MxY | xoff | yoff | x0 | y0 | position | center | centre | peak | smoothing | regulariz | deconvol | fft | least | eccentricity,0,Complete text scanned.
data\real\schottdorf_lee_2021_repository\data\lSS01258.txt,True,https://gin.g-node.org/Manuel/Macaque-ganglion-cells/src/cffefb08c760f04c9a951da46061b361d2288e9b/data/lSS01258.txt,164915,926b3ef523f3dd10bab6e003bd47645f5b4065c960eb1353d3d5b1fed3c6fb16,data\real\schottdorf_lee_2021_repository\data\lSS01258.txt,926b3ef523f3dd10bab6e003bd47645f5b4065c960eb1353d3d5b1fed3c6fb16,.txt,READ,RF center | RF centre | receptive field position | x/y position | screen position | spot position | stimulus displacement | centering error | cell position | tangent screen | DoG | Gaussian | fit center | response map | reverse corr | RevCorr | MxX | MxY | xoff | yoff | x0 | y0 | position | center | centre | peak | smoothing | regulariz | deconvol | fft | least | eccentricity,0,Complete text scanned.
data\real\schottdorf_lee_2021_repository\data\lSS01259.txt,True,https://gin.g-node.org/Manuel/Macaque-ganglion-cells/src/cffefb08c760f04c9a951da46061b361d2288e9b/data/lSS01259.txt,456641,ff52fe98da0b5e734ee5cb20e9664be30fc1a1125957c49f1d4bbcbf63682c61,data\real\schottdorf_lee_2021_repository\data\lSS01259.txt,ff52fe98da0b5e734ee5cb20e9664be30fc1a1125957c49f1d4bbcbf63682c61,.txt,READ,RF center | RF centre | receptive field position | x/y position | screen position | spot position | stimulus displacement | centering error | cell position | tangent screen | DoG | Gaussian | fit center | response map | reverse corr | RevCorr | MxX | MxY | xoff | yoff | x0 | y0 | position | center | centre | peak | smoothing | regulariz | deconvol | fft | least | eccentricity,0,Complete text scanned.
data\real\schottdorf_lee_2021_repository\data\lSS01270.txt,True,https://gin.g-node.org/Manuel/Macaque-ganglion-cells/src/cffefb08c760f04c9a951da46061b361d2288e9b/data/lSS01270.txt,152317,f63f15687683b0d53365e57304ea91649279eaef92a978a1c91f03ca227d6b46,data\real\schottdorf_lee_2021_repository\data\lSS01270.txt,f63f15687683b0d53365e57304ea91649279eaef92a978a1c91f03ca227d6b46,.txt,READ,RF center | RF centre | receptive field position | x/y position | screen position | spot position | stimulus displacement | centering error | cell position | tangent screen | DoG | Gaussian | fit center | response map | reverse corr | RevCorr | MxX | MxY | xoff | yoff | x0 | y0 | position | center | centre | peak | smoothing | regulariz | deconvol | fft | least | eccentricity,0,Complete text scanned.
data\real\schottdorf_lee_2021_repository\data\lSS01278.txt,True,https://gin.g-node.org/Manuel/Macaque-ganglion-cells/src/cffefb08c760f04c9a951da46061b361d2288e9b/data/lSS01278.txt,119771,86f4dff94fa25c167d0515090a2902a992c9db1944734980a6dbc0d8a014ac86,data\real\schottdorf_lee_2021_repository\data\lSS01278.txt,86f4dff94fa25c167d0515090a2902a992c9db1944734980a6dbc0d8a014ac86,.txt,READ,RF center | RF centre | receptive field position | x/y position | screen position | spot position | stimulus displacement | centering error | cell position | tangent screen | DoG | Gaussian | fit center | response map | reverse corr | RevCorr | MxX | MxY | xoff | yoff | x0 | y0 | position | center | centre | peak | smoothing | regulariz | deconvol | fft | least | eccentricity,0,Complete text scanned.
data\real\schottdorf_lee_2021_repository\data\lSS01284.txt,True,https://gin.g-node.org/Manuel/Macaque-ganglion-cells/src/cffefb08c760f04c9a951da46061b361d2288e9b/data/lSS01284.txt,130091,29d57670e3f9e33143d46770d5caf6410cfae6e4a1407497fdfe1be946635112,data\real\schottdorf_lee_2021_repository\data\lSS01284.txt,29d57670e3f9e33143d46770d5caf6410cfae6e4a1407497fdfe1be946635112,.txt,READ,RF center | RF centre | receptive field position | x/y position | screen position | spot position | stimulus displacement | centering error | cell position | tangent screen | DoG | Gaussian | fit center | response map | reverse corr | RevCorr | MxX | MxY | xoff | yoff | x0 | y0 | position | center | centre | peak | smoothing | regulariz | deconvol | fft | least | eccentricity,0,Complete text scanned.
data\real\schottdorf_lee_2021_repository\data\lSS01285.txt,True,https://gin.g-node.org/Manuel/Macaque-ganglion-cells/src/cffefb08c760f04c9a951da46061b361d2288e9b/data/lSS01285.txt,344674,ded8786133475525b9e7bdcd3999e0c8c108437715bb92d96ec4abde3f374f29,data\real\schottdorf_lee_2021_repository\data\lSS01285.txt,ded8786133475525b9e7bdcd3999e0c8c108437715bb92d96ec4abde3f374f29,.txt,READ,RF center | RF centre | receptive field position | x/y position | screen position | spot position | stimulus displacement | centering error | cell position | tangent screen | DoG | Gaussian | fit center | response map | reverse corr | RevCorr | MxX | MxY | xoff | yoff | x0 | y0 | position | center | centre | peak | smoothing | regulariz | deconvol | fft | least | eccentricity,0,Complete text scanned.
data\real\schottdorf_lee_2021_repository\data\lSS01287.txt,True,https://gin.g-node.org/Manuel/Macaque-ganglion-cells/src/cffefb08c760f04c9a951da46061b361d2288e9b/data/lSS01287.txt,87016,a983945596e5b67a4752700ce6dd573211d6da5d9e7d1e8e19456243db740d4c,data\real\schottdorf_lee_2021_repository\data\lSS01287.txt,a983945596e5b67a4752700ce6dd573211d6da5d9e7d1e8e19456243db740d4c,.txt,READ,RF center | RF centre | receptive field position | x/y position | screen position | spot position | stimulus displacement | centering error | cell position | tangent screen | DoG | Gaussian | fit center | response map | reverse corr | RevCorr | MxX | MxY | xoff | yoff | x0 | y0 | position | center | centre | peak | smoothing | regulariz | deconvol | fft | least | eccentricity,0,Complete text scanned.
data\real\schottdorf_lee_2021_repository\data\lSS01299.txt,True,https://gin.g-node.org/Manuel/Macaque-ganglion-cells/src/cffefb08c760f04c9a951da46061b361d2288e9b/data/lSS01299.txt,125572,f26bdf244b693b5dff575392e2a886878f3ad677baaed185b500db12ad17005b,data\real\schottdorf_lee_2021_repository\data\lSS01299.txt,f26bdf244b693b5dff575392e2a886878f3ad677baaed185b500db12ad17005b,.txt,READ,RF center | RF centre | receptive field position | x/y position | screen position | spot position | stimulus displacement | centering error | cell position | tangent screen | DoG | Gaussian | fit center | response map | reverse corr | RevCorr | MxX | MxY | xoff | yoff | x0 | y0 | position | center | centre | peak | smoothing | regulariz | deconvol | fft | least | eccentricity,0,Complete text scanned.
data\real\schottdorf_lee_2021_repository\data\lSS01300.txt,True,https://gin.g-node.org/Manuel/Macaque-ganglion-cells/src/cffefb08c760f04c9a951da46061b361d2288e9b/data/lSS01300.txt,345140,ade77687b9c32bf2ad6d80bb92a1dc29617fb860a643b770e793c43282c2afe6,data\real\schottdorf_lee_2021_repository\data\lSS01300.txt,ade77687b9c32bf2ad6d80bb92a1dc29617fb860a643b770e793c43282c2afe6,.txt,READ,RF center | RF centre | receptive field position | x/y position | screen position | spot position | stimulus displacement | centering error | cell position | tangent screen | DoG | Gaussian | fit center | response map | reverse corr | RevCorr | MxX | MxY | xoff | yoff | x0 | y0 | position | center | centre | peak | smoothing | regulariz | deconvol | fft | least | eccentricity,0,Complete text scanned.
data\real\schottdorf_lee_2021_repository\data\lSS01302.txt,True,https://gin.g-node.org/Manuel/Macaque-ganglion-cells/src/cffefb08c760f04c9a951da46061b361d2288e9b/data/lSS01302.txt,107158,f764e0e19ed5eb2dc3bf54359d0f52cb0efcb05185a26ab2c7123c94359c2a2c,data\real\schottdorf_lee_2021_repository\data\lSS01302.txt,f764e0e19ed5eb2dc3bf54359d0f52cb0efcb05185a26ab2c7123c94359c2a2c,.txt,READ,RF center | RF centre | receptive field position | x/y position | screen position | spot position | stimulus displacement | centering error | cell position | tangent screen | DoG | Gaussian | fit center | response map | reverse corr | RevCorr | MxX | MxY | xoff | yoff | x0 | y0 | position | center | centre | peak | smoothing | regulariz | deconvol | fft | least | eccentricity,0,Complete text scanned.
data\real\schottdorf_lee_2021_repository\data\lSS01303.txt,True,https://gin.g-node.org/Manuel/Macaque-ganglion-cells/src/cffefb08c760f04c9a951da46061b361d2288e9b/data/lSS01303.txt,326881,8a61b8e2ffebb404b0f4c91a8a99ae8bba019784f1ea71dbcad383e0aa42e730,data\real\schottdorf_lee_2021_repository\data\lSS01303.txt,8a61b8e2ffebb404b0f4c91a8a99ae8bba019784f1ea71dbcad383e0aa42e730,.txt,READ,RF center | RF centre | receptive field position | x/y position | screen position | spot position | stimulus displacement | centering error | cell position | tangent screen | DoG | Gaussian | fit center | response map | reverse corr | RevCorr | MxX | MxY | xoff | yoff | x0 | y0 | position | center | centre | peak | smoothing | regulariz | deconvol | fft | least | eccentricity,0,Complete text scanned.
data\real\schottdorf_lee_2021_repository\datacite.yml,True,https://gin.g-node.org/Manuel/Macaque-ganglion-cells/src/cffefb08c760f04c9a951da46061b361d2288e9b/datacite.yml,2630,a1cd5bdcfb3e3e4dacbc17d8c9155f20ec5da7083d63e4394a9dfcc449a54aa7,data\real\schottdorf_lee_2021_repository\datacite.yml,a1cd5bdcfb3e3e4dacbc17d8c9155f20ec5da7083d63e4394a9dfcc449a54aa7,.yml,READ,RF center | RF centre | receptive field position | x/y position | screen position | spot position | stimulus displacement | centering error | cell position | tangent screen | DoG | Gaussian | fit center | response map | reverse corr | RevCorr | MxX | MxY | xoff | yoff | x0 | y0 | position | center | centre | peak | smoothing | regulariz | deconvol | fft | least | eccentricity,1,Complete text scanned.
data\real\schottdorf_lee_2021_repository\exampleRFs\Fig2publication.xlsx,True,https://gin.g-node.org/Manuel/Macaque-ganglion-cells/src/cffefb08c760f04c9a951da46061b361d2288e9b/exampleRFs/Fig2publication.xlsx,64,1022ac83f32fedddd621a5b4c35a1c5d21383544b91a9f91772231ef69123f6d,output\audits\schottdorf_official_rf_center_recovery_20260905\Fig2publication.xlsx,adfed0e6a534ab0a3b2b4a883306e1b4e948ec66a2f2bf98bf6e1f0cbed953d6,.xlsx,READ,RF center | RF centre | receptive field position | x/y position | screen position | spot position | stimulus displacement | centering error | cell position | tangent screen | DoG | Gaussian | fit center | response map | reverse corr | RevCorr | MxX | MxY | xoff | yoff | x0 | y0 | position | center | centre | peak | smoothing | regulariz | deconvol | fft | least | eccentricity,12,"All sheet labels, hidden-sheet status, cached extrema and chart XML; formulas/defined names separately in workbook_inventory.json. External link Fig3PCLum.xlsx: off272 cached data; RF fit sheet has zero cached cells."
data\real\schottdorf_lee_2021_repository\exampleRFs\Fig3publication.xlsx,True,https://gin.g-node.org/Manuel/Macaque-ganglion-cells/src/cffefb08c760f04c9a951da46061b361d2288e9b/exampleRFs/Fig3publication.xlsx,3092078,d9d02a8927c1bf20609d9d5e2214cfb05f2a9a41464a2c015ddc721ddcf753f2,data\real\schottdorf_lee_2021_repository\exampleRFs\Fig3publication.xlsx,d9d02a8927c1bf20609d9d5e2214cfb05f2a9a41464a2c015ddc721ddcf753f2,.xlsx,READ,RF center | RF centre | receptive field position | x/y position | screen position | spot position | stimulus displacement | centering error | cell position | tangent screen | DoG | Gaussian | fit center | response map | reverse corr | RevCorr | MxX | MxY | xoff | yoff | x0 | y0 | position | center | centre | peak | smoothing | regulariz | deconvol | fft | least | eccentricity,22,"All sheet labels, hidden-sheet status, cached extrema and chart XML; formulas/defined names separately in workbook_inventory.json. External link Fig5BlOn.xlsx: only time-fit and record 231 cached data; 178 sheet empty."
data\real\schottdorf_lee_2021_repository\LICENSE,True,https://gin.g-node.org/Manuel/Macaque-ganglion-cells/src/cffefb08c760f04c9a951da46061b361d2288e9b/LICENSE,13231,b7489a7df44753526b3a62ad05c31940f5e56c288e9895d7537e42f8849b3a79,data\real\schottdorf_lee_2021_repository\LICENSE,b7489a7df44753526b3a62ad05c31940f5e56c288e9895d7537e42f8849b3a79,,READ,RF center | RF centre | receptive field position | x/y position | screen position | spot position | stimulus displacement | centering error | cell position | tangent screen | DoG | Gaussian | fit center | response map | reverse corr | RevCorr | MxX | MxY | xoff | yoff | x0 | y0 | position | center | centre | peak | smoothing | regulariz | deconvol | fft | least | eccentricity,0,Complete text scanned.
data\real\schottdorf_lee_2021_repository\README.md,True,https://gin.g-node.org/Manuel/Macaque-ganglion-cells/src/cffefb08c760f04c9a951da46061b361d2288e9b/README.md,11859,aec20c21a4b00d58afaa4144f44c77b8b850f555871e20dc57f1562b4a831ef2,data\real\schottdorf_lee_2021_repository\README.md,aec20c21a4b00d58afaa4144f44c77b8b850f555871e20dc57f1562b4a831ef2,.md,READ,RF center | RF centre | receptive field position | x/y position | screen position | spot position | stimulus displacement | centering error | cell position | tangent screen | DoG | Gaussian | fit center | response map | reverse corr | RevCorr | MxX | MxY | xoff | yoff | x0 | y0 | position | center | centre | peak | smoothing | regulariz | deconvol | fft | least | eccentricity,5,Complete text scanned.
data\real\schottdorf_lee_2021_repository\retinatools\__init__.py,True,https://gin.g-node.org/Manuel/Macaque-ganglion-cells/src/cffefb08c760f04c9a951da46061b361d2288e9b/retinatools/__init__.py,1024,5f70bf18a086007016e948b04aed3b82103a36bea41755b6cddfaf10ace3c6ef,data\real\schottdorf_lee_2021_repository\retinatools\__init__.py,5f70bf18a086007016e948b04aed3b82103a36bea41755b6cddfaf10ace3c6ef,.py,READ,RF center | RF centre | receptive field position | x/y position | screen position | spot position | stimulus displacement | centering error | cell position | tangent screen | DoG | Gaussian | fit center | response map | reverse corr | RevCorr | MxX | MxY | xoff | yoff | x0 | y0 | position | center | centre | peak | smoothing | regulariz | deconvol | fft | least | eccentricity,0,Complete text scanned.
data\real\schottdorf_lee_2021_repository\retinatools\__pycache__\__init__.cpython-37.pyc,True,https://gin.g-node.org/Manuel/Macaque-ganglion-cells/src/cffefb08c760f04c9a951da46061b361d2288e9b/retinatools/__pycache__/__init__.cpython-37.pyc,165,36cfd17e5c380ba1b2d42fbcec1ac92c4be355d845cf05794a60baea246eafc9,data\real\schottdorf_lee_2021_repository\retinatools\__pycache__\__init__.cpython-37.pyc,36cfd17e5c380ba1b2d42fbcec1ac92c4be355d845cf05794a60baea246eafc9,.pyc,BINARY_NOT_COORDINATE_TABLE,RF center | RF centre | receptive field position | x/y position | screen position | spot position | stimulus displacement | centering error | cell position | tangent screen | DoG | Gaussian | fit center | response map | reverse corr | RevCorr | MxX | MxY | xoff | yoff | x0 | y0 | position | center | centre | peak | smoothing | regulariz | deconvol | fft | least | eccentricity,0,"Inventory only: gun-spectra image, video, or compiled duplicate of Python source."
data\real\schottdorf_lee_2021_repository\retinatools\__pycache__\__init__.cpython-38.pyc,True,https://gin.g-node.org/Manuel/Macaque-ganglion-cells/src/cffefb08c760f04c9a951da46061b361d2288e9b/retinatools/__pycache__/__init__.cpython-38.pyc,117,6e9afc0e3c55f519468ef21a30cd3a1a1d08a1aeee70d0a57bda099d8ea66e9c,data\real\schottdorf_lee_2021_repository\retinatools\__pycache__\__init__.cpython-38.pyc,6e9afc0e3c55f519468ef21a30cd3a1a1d08a1aeee70d0a57bda099d8ea66e9c,.pyc,BINARY_NOT_COORDINATE_TABLE,RF center | RF centre | receptive field position | x/y position | screen position | spot position | stimulus displacement | centering error | cell position | tangent screen | DoG | Gaussian | fit center | response map | reverse corr | RevCorr | MxX | MxY | xoff | yoff | x0 | y0 | position | center | centre | peak | smoothing | regulariz | deconvol | fft | least | eccentricity,0,"Inventory only: gun-spectra image, video, or compiled duplicate of Python source."
data\real\schottdorf_lee_2021_repository\retinatools\__pycache__\__init__.cpython-39.pyc,True,https://gin.g-node.org/Manuel/Macaque-ganglion-cells/src/cffefb08c760f04c9a951da46061b361d2288e9b/retinatools/__pycache__/__init__.cpython-39.pyc,117,720ed993a1e5d84cfc814c0c148c417d3711188bb64c992d3a0da2a8ec9e0ad8,data\real\schottdorf_lee_2021_repository\retinatools\__pycache__\__init__.cpython-39.pyc,720ed993a1e5d84cfc814c0c148c417d3711188bb64c992d3a0da2a8ec9e0ad8,.pyc,BINARY_NOT_COORDINATE_TABLE,RF center | RF centre | receptive field position | x/y position | screen position | spot position | stimulus displacement | centering error | cell position | tangent screen | DoG | Gaussian | fit center | response map | reverse corr | RevCorr | MxX | MxY | xoff | yoff | x0 | y0 | position | center | centre | peak | smoothing | regulariz | deconvol | fft | least | eccentricity,0,"Inventory only: gun-spectra image, video, or compiled duplicate of Python source."
data\real\schottdorf_lee_2021_repository\retinatools\__pycache__\library.cpython-37.pyc,True,https://gin.g-node.org/Manuel/Macaque-ganglion-cells/src/cffefb08c760f04c9a951da46061b361d2288e9b/retinatools/__pycache__/library.cpython-37.pyc,8282,3ca27cde26cddf3a7e0ba432e8b74d9c94a31638a4afa729660a73c4f9975f56,data\real\schottdorf_lee_2021_repository\retinatools\__pycache__\library.cpython-37.pyc,3ca27cde26cddf3a7e0ba432e8b74d9c94a31638a4afa729660a73c4f9975f56,.pyc,BINARY_NOT_COORDINATE_TABLE,RF center | RF centre | receptive field position | x/y position | screen position | spot position | stimulus displacement | centering error | cell position | tangent screen | DoG | Gaussian | fit center | response map | reverse corr | RevCorr | MxX | MxY | xoff | yoff | x0 | y0 | position | center | centre | peak | smoothing | regulariz | deconvol | fft | least | eccentricity,0,"Inventory only: gun-spectra image, video, or compiled duplicate of Python source."
data\real\schottdorf_lee_2021_repository\retinatools\__pycache__\library.cpython-38.pyc,True,https://gin.g-node.org/Manuel/Macaque-ganglion-cells/src/cffefb08c760f04c9a951da46061b361d2288e9b/retinatools/__pycache__/library.cpython-38.pyc,8047,14fe1e7c75ce892dfb6dffe5f006f3bcc26979c23bc19f5723ec257843688765,data\real\schottdorf_lee_2021_repository\retinatools\__pycache__\library.cpython-38.pyc,14fe1e7c75ce892dfb6dffe5f006f3bcc26979c23bc19f5723ec257843688765,.pyc,BINARY_NOT_COORDINATE_TABLE,RF center | RF centre | receptive field position | x/y position | screen position | spot position | stimulus displacement | centering error | cell position | tangent screen | DoG | Gaussian | fit center | response map | reverse corr | RevCorr | MxX | MxY | xoff | yoff | x0 | y0 | position | center | centre | peak | smoothing | regulariz | deconvol | fft | least | eccentricity,0,"Inventory only: gun-spectra image, video, or compiled duplicate of Python source."
data\real\schottdorf_lee_2021_repository\retinatools\__pycache__\library.cpython-39.pyc,True,https://gin.g-node.org/Manuel/Macaque-ganglion-cells/src/cffefb08c760f04c9a951da46061b361d2288e9b/retinatools/__pycache__/library.cpython-39.pyc,8047,eb95e639607e7677e2ad9716d02678cb6a4f51146a94a53a60f295f9a7a9427b,data\real\schottdorf_lee_2021_repository\retinatools\__pycache__\library.cpython-39.pyc,eb95e639607e7677e2ad9716d02678cb6a4f51146a94a53a60f295f9a7a9427b,.pyc,BINARY_NOT_COORDINATE_TABLE,RF center | RF centre | receptive field position | x/y position | screen position | spot position | stimulus displacement | centering error | cell position | tangent screen | DoG | Gaussian | fit center | response map | reverse corr | RevCorr | MxX | MxY | xoff | yoff | x0 | y0 | position | center | centre | peak | smoothing | regulariz | deconvol | fft | least | eccentricity,0,"Inventory only: gun-spectra image, video, or compiled duplicate of Python source."
data\real\schottdorf_lee_2021_repository\retinatools\library.py,True,https://gin.g-node.org/Manuel/Macaque-ganglion-cells/src/cffefb08c760f04c9a951da46061b361d2288e9b/retinatools/library.py,11252,92fc28ac16177bd314910254c41e346334adec374e60b2f3cc369f8ccfb0a50f,data\real\schottdorf_lee_2021_repository\retinatools\library.py,92fc28ac16177bd314910254c41e346334adec374e60b2f3cc369f8ccfb0a50f,.py,READ,RF center | RF centre | receptive field position | x/y position | screen position | spot position | stimulus displacement | centering error | cell position | tangent screen | DoG | Gaussian | fit center | response map | reverse corr | RevCorr | MxX | MxY | xoff | yoff | x0 | y0 | position | center | centre | peak | smoothing | regulariz | deconvol | fft | least | eccentricity,29,Complete text scanned.
data\real\schottdorf_lee_2021_repository\run_model\.ipynb_checkpoints\BlueOn-checkpoint.ipynb,True,https://gin.g-node.org/Manuel/Macaque-ganglion-cells/src/cffefb08c760f04c9a951da46061b361d2288e9b/run_model/.ipynb_checkpoints/BlueOn-checkpoint.ipynb,83080,173482f0dd5fcc53adbd490c11e8798392a04d8f99d4e393a9f1ed0313a7d99e,data\real\schottdorf_lee_2021_repository\run_model\.ipynb_checkpoints\BlueOn-checkpoint.ipynb,173482f0dd5fcc53adbd490c11e8798392a04d8f99d4e393a9f1ed0313a7d99e,.ipynb,READ,RF center | RF centre | receptive field position | x/y position | screen position | spot position | stimulus displacement | centering error | cell position | tangent screen | DoG | Gaussian | fit center | response map | reverse corr | RevCorr | MxX | MxY | xoff | yoff | x0 | y0 | position | center | centre | peak | smoothing | regulariz | deconvol | fft | least | eccentricity,3,All code/markdown cells and text outputs; embedded raster outputs not used to infer centers.
data\real\schottdorf_lee_2021_repository\run_model\.ipynb_checkpoints\MC_off-checkpoint.ipynb,True,https://gin.g-node.org/Manuel/Macaque-ganglion-cells/src/cffefb08c760f04c9a951da46061b361d2288e9b/run_model/.ipynb_checkpoints/MC_off-checkpoint.ipynb,109215,91e5e3ca9d37dd6c73f76a3ab1d3ef604f233c5caaed485a551e5678cd057940,data\real\schottdorf_lee_2021_repository\run_model\.ipynb_checkpoints\MC_off-checkpoint.ipynb,91e5e3ca9d37dd6c73f76a3ab1d3ef604f233c5caaed485a551e5678cd057940,.ipynb,READ,RF center | RF centre | receptive field position | x/y position | screen position | spot position | stimulus displacement | centering error | cell position | tangent screen | DoG | Gaussian | fit center | response map | reverse corr | RevCorr | MxX | MxY | xoff | yoff | x0 | y0 | position | center | centre | peak | smoothing | regulariz | deconvol | fft | least | eccentricity,9,All code/markdown cells and text outputs; embedded raster outputs not used to infer centers.
data\real\schottdorf_lee_2021_repository\run_model\.ipynb_checkpoints\MC_on-checkpoint.ipynb,True,https://gin.g-node.org/Manuel/Macaque-ganglion-cells/src/cffefb08c760f04c9a951da46061b361d2288e9b/run_model/.ipynb_checkpoints/MC_on-checkpoint.ipynb,119931,81c6be4465f663da5039081af054eb550f7fb031e19d7a427b28f3453e2b7785,data\real\schottdorf_lee_2021_repository\run_model\.ipynb_checkpoints\MC_on-checkpoint.ipynb,81c6be4465f663da5039081af054eb550f7fb031e19d7a427b28f3453e2b7785,.ipynb,READ,RF center | RF centre | receptive field position | x/y position | screen position | spot position | stimulus displacement | centering error | cell position | tangent screen | DoG | Gaussian | fit center | response map | reverse corr | RevCorr | MxX | MxY | xoff | yoff | x0 | y0 | position | center | centre | peak | smoothing | regulariz | deconvol | fft | least | eccentricity,9,All code/markdown cells and text outputs; embedded raster outputs not used to infer centers.
data\real\schottdorf_lee_2021_repository\run_model\.ipynb_checkpoints\PC_Gon-checkpoint.ipynb,True,https://gin.g-node.org/Manuel/Macaque-ganglion-cells/src/cffefb08c760f04c9a951da46061b361d2288e9b/run_model/.ipynb_checkpoints/PC_Gon-checkpoint.ipynb,121146,383488c4a4f794ac08d2c2ecce201fc990351e951e95a420cb22754e5105e51c,data\real\schottdorf_lee_2021_repository\run_model\.ipynb_checkpoints\PC_Gon-checkpoint.ipynb,383488c4a4f794ac08d2c2ecce201fc990351e951e95a420cb22754e5105e51c,.ipynb,READ,RF center | RF centre | receptive field position | x/y position | screen position | spot position | stimulus displacement | centering error | cell position | tangent screen | DoG | Gaussian | fit center | response map | reverse corr | RevCorr | MxX | MxY | xoff | yoff | x0 | y0 | position | center | centre | peak | smoothing | regulariz | deconvol | fft | least | eccentricity,3,All code/markdown cells and text outputs; embedded raster outputs not used to infer centers.
data\real\schottdorf_lee_2021_repository\run_model\.ipynb_checkpoints\PC_off-checkpoint.ipynb,True,https://gin.g-node.org/Manuel/Macaque-ganglion-cells/src/cffefb08c760f04c9a951da46061b361d2288e9b/run_model/.ipynb_checkpoints/PC_off-checkpoint.ipynb,88896,8479a33938bd4c5c8a2beed47ca8b1ec91fdb9a9727f47b40d64fdb46948b8c9,data\real\schottdorf_lee_2021_repository\run_model\.ipynb_checkpoints\PC_off-checkpoint.ipynb,8479a33938bd4c5c8a2beed47ca8b1ec91fdb9a9727f47b40d64fdb46948b8c9,.ipynb,READ,RF center | RF centre | receptive field position | x/y position | screen position | spot position | stimulus displacement | centering error | cell position | tangent screen | DoG | Gaussian | fit center | response map | reverse corr | RevCorr | MxX | MxY | xoff | yoff | x0 | y0 | position | center | centre | peak | smoothing | regulariz | deconvol | fft | least | eccentricity,1,All code/markdown cells and text outputs; embedded raster outputs not used to infer centers.
data\real\schottdorf_lee_2021_repository\run_model\.ipynb_checkpoints\PC_Ron-checkpoint.ipynb,True,https://gin.g-node.org/Manuel/Macaque-ganglion-cells/src/cffefb08c760f04c9a951da46061b361d2288e9b/run_model/.ipynb_checkpoints/PC_Ron-checkpoint.ipynb,104099,bf97ebd99a2cbb9384d7c7eba9f537aa6e82cfbf4318657e53fd6c271ebf9b4a,data\real\schottdorf_lee_2021_repository\run_model\.ipynb_checkpoints\PC_Ron-checkpoint.ipynb,bf97ebd99a2cbb9384d7c7eba9f537aa6e82cfbf4318657e53fd6c271ebf9b4a,.ipynb,READ,RF center | RF centre | receptive field position | x/y position | screen position | spot position | stimulus displacement | centering error | cell position | tangent screen | DoG | Gaussian | fit center | response map | reverse corr | RevCorr | MxX | MxY | xoff | yoff | x0 | y0 | position | center | centre | peak | smoothing | regulariz | deconvol | fft | least | eccentricity,3,All code/markdown cells and text outputs; embedded raster outputs not used to infer centers.
data\real\schottdorf_lee_2021_repository\run_model\.ipynb_checkpoints\Piecharts-checkpoint.ipynb,True,https://gin.g-node.org/Manuel/Macaque-ganglion-cells/src/cffefb08c760f04c9a951da46061b361d2288e9b/run_model/.ipynb_checkpoints/Piecharts-checkpoint.ipynb,10359,0b6dd9c2a458484d47f80b31baedf4d8c50db72eae1d93c8da93ec12cbcf881c,data\real\schottdorf_lee_2021_repository\run_model\.ipynb_checkpoints\Piecharts-checkpoint.ipynb,0b6dd9c2a458484d47f80b31baedf4d8c50db72eae1d93c8da93ec12cbcf881c,.ipynb,READ,RF center | RF centre | receptive field position | x/y position | screen position | spot position | stimulus displacement | centering error | cell position | tangent screen | DoG | Gaussian | fit center | response map | reverse corr | RevCorr | MxX | MxY | xoff | yoff | x0 | y0 | position | center | centre | peak | smoothing | regulariz | deconvol | fft | least | eccentricity,15,All code/markdown cells and text outputs; embedded raster outputs not used to infer centers.
data\real\schottdorf_lee_2021_repository\run_model\078Moff.pdf,True,https://gin.g-node.org/Manuel/Macaque-ganglion-cells/src/cffefb08c760f04c9a951da46061b361d2288e9b/run_model/078Moff.pdf,22770,1354b27de31aa835d74af52ec9f509f425864f09fd860ca160f0c018128dacdb,data\real\schottdorf_lee_2021_repository\run_model\078Moff.pdf,1354b27de31aa835d74af52ec9f509f425864f09fd860ca160f0c018128dacdb,.pdf,READ,RF center | RF centre | receptive field position | x/y position | screen position | spot position | stimulus displacement | centering error | cell position | tangent screen | DoG | Gaussian | fit center | response map | reverse corr | RevCorr | MxX | MxY | xoff | yoff | x0 | y0 | position | center | centre | peak | smoothing | regulariz | deconvol | fft | least | eccentricity,1,"Extracted every page: response-time model-fit plots, not RF position tables."
data\real\schottdorf_lee_2021_repository\run_model\078Moff_time_cell_fit.csv,True,https://gin.g-node.org/Manuel/Macaque-ganglion-cells/src/cffefb08c760f04c9a951da46061b361d2288e9b/run_model/078Moff_time_cell_fit.csv,282063,0bf0619787d609312a541b157aac3f96d71fc85a3d1ebe6b1ed9ede37077052f,data\real\schottdorf_lee_2021_repository\run_model\078Moff_time_cell_fit.csv,0bf0619787d609312a541b157aac3f96d71fc85a3d1ebe6b1ed9ede37077052f,.csv,READ,RF center | RF centre | receptive field position | x/y position | screen position | spot position | stimulus displacement | centering error | cell position | tangent screen | DoG | Gaussian | fit center | response map | reverse corr | RevCorr | MxX | MxY | xoff | yoff | x0 | y0 | position | center | centre | peak | smoothing | regulariz | deconvol | fft | least | eccentricity,0,Complete text scanned.
data\real\schottdorf_lee_2021_repository\run_model\110Ron.pdf,True,https://gin.g-node.org/Manuel/Macaque-ganglion-cells/src/cffefb08c760f04c9a951da46061b361d2288e9b/run_model/110Ron.pdf,23293,cbf0160dcbe5702fafbf1407c761e6720dd32cdcb713e2b99aebf50e014e5c1c,data\real\schottdorf_lee_2021_repository\run_model\110Ron.pdf,cbf0160dcbe5702fafbf1407c761e6720dd32cdcb713e2b99aebf50e014e5c1c,.pdf,READ,RF center | RF centre | receptive field position | x/y position | screen position | spot position | stimulus displacement | centering error | cell position | tangent screen | DoG | Gaussian | fit center | response map | reverse corr | RevCorr | MxX | MxY | xoff | yoff | x0 | y0 | position | center | centre | peak | smoothing | regulariz | deconvol | fft | least | eccentricity,1,"Extracted every page: response-time model-fit plots, not RF position tables."
data\real\schottdorf_lee_2021_repository\run_model\110Ron_time_cell_fit.csv,True,https://gin.g-node.org/Manuel/Macaque-ganglion-cells/src/cffefb08c760f04c9a951da46061b361d2288e9b/run_model/110Ron_time_cell_fit.csv,282171,2b066fcebcce76b5d8982cd210ab009cf2ef7f75c4b24fa89ebc52f6fa120825,data\real\schottdorf_lee_2021_repository\run_model\110Ron_time_cell_fit.csv,2b066fcebcce76b5d8982cd210ab009cf2ef7f75c4b24fa89ebc52f6fa120825,.csv,READ,RF center | RF centre | receptive field position | x/y position | screen position | spot position | stimulus displacement | centering error | cell position | tangent screen | DoG | Gaussian | fit center | response map | reverse corr | RevCorr | MxX | MxY | xoff | yoff | x0 | y0 | position | center | centre | peak | smoothing | regulariz | deconvol | fft | least | eccentricity,0,Complete text scanned.
data\real\schottdorf_lee_2021_repository\run_model\130Gon.pdf,True,https://gin.g-node.org/Manuel/Macaque-ganglion-cells/src/cffefb08c760f04c9a951da46061b361d2288e9b/run_model/130Gon.pdf,23310,cf754ed177ae300ed1acab6b9badfae3fd540ed78959ea615d4ba965162593e8,data\real\schottdorf_lee_2021_repository\run_model\130Gon.pdf,cf754ed177ae300ed1acab6b9badfae3fd540ed78959ea615d4ba965162593e8,.pdf,READ,RF center | RF centre | receptive field position | x/y position | screen position | spot position | stimulus displacement | centering error | cell position | tangent screen | DoG | Gaussian | fit center | response map | reverse corr | RevCorr | MxX | MxY | xoff | yoff | x0 | y0 | position | center | centre | peak | smoothing | regulariz | deconvol | fft | least | eccentricity,1,"Extracted every page: response-time model-fit plots, not RF position tables."
data\real\schottdorf_lee_2021_repository\run_model\130Gon_time_cell_fit.csv,True,https://gin.g-node.org/Manuel/Macaque-ganglion-cells/src/cffefb08c760f04c9a951da46061b361d2288e9b/run_model/130Gon_time_cell_fit.csv,282152,95ffae88ddf21bc7a5504c4d41625b32b611014033322366f3336c4db2eef89c,data\real\schottdorf_lee_2021_repository\run_model\130Gon_time_cell_fit.csv,95ffae88ddf21bc7a5504c4d41625b32b611014033322366f3336c4db2eef89c,.csv,READ,RF center | RF centre | receptive field position | x/y position | screen position | spot position | stimulus displacement | centering error | cell position | tangent screen | DoG | Gaussian | fit center | response map | reverse corr | RevCorr | MxX | MxY | xoff | yoff | x0 | y0 | position | center | centre | peak | smoothing | regulariz | deconvol | fft | least | eccentricity,0,Complete text scanned.
data\real\schottdorf_lee_2021_repository\run_model\178Bon.pdf,True,https://gin.g-node.org/Manuel/Macaque-ganglion-cells/src/cffefb08c760f04c9a951da46061b361d2288e9b/run_model/178Bon.pdf,21371,8043c3bc22065daff60c4865ab45138af56f72b91b70a46868312862d939faf7,data\real\schottdorf_lee_2021_repository\run_model\178Bon.pdf,8043c3bc22065daff60c4865ab45138af56f72b91b70a46868312862d939faf7,.pdf,READ,RF center | RF centre | receptive field position | x/y position | screen position | spot position | stimulus displacement | centering error | cell position | tangent screen | DoG | Gaussian | fit center | response map | reverse corr | RevCorr | MxX | MxY | xoff | yoff | x0 | y0 | position | center | centre | peak | smoothing | regulariz | deconvol | fft | least | eccentricity,1,"Extracted every page: response-time model-fit plots, not RF position tables."
data\real\schottdorf_lee_2021_repository\run_model\178Bon_time_cell_fit.csv,True,https://gin.g-node.org/Manuel/Macaque-ganglion-cells/src/cffefb08c760f04c9a951da46061b361d2288e9b/run_model/178Bon_time_cell_fit.csv,284389,d52e7c22e2aee431e7a248f17d069efa319c382c15be40ab1a2e580e3a13a926,data\real\schottdorf_lee_2021_repository\run_model\178Bon_time_cell_fit.csv,d52e7c22e2aee431e7a248f17d069efa319c382c15be40ab1a2e580e3a13a926,.csv,READ,RF center | RF centre | receptive field position | x/y position | screen position | spot position | stimulus displacement | centering error | cell position | tangent screen | DoG | Gaussian | fit center | response map | reverse corr | RevCorr | MxX | MxY | xoff | yoff | x0 | y0 | position | center | centre | peak | smoothing | regulariz | deconvol | fft | least | eccentricity,0,Complete text scanned.
data\real\schottdorf_lee_2021_repository\run_model\299Mon.pdf,True,https://gin.g-node.org/Manuel/Macaque-ganglion-cells/src/cffefb08c760f04c9a951da46061b361d2288e9b/run_model/299Mon.pdf,22244,7f20952972fed48fbe9cc4d6a7d2514f64778d85d2303e45f17606d2b537af54,data\real\schottdorf_lee_2021_repository\run_model\299Mon.pdf,7f20952972fed48fbe9cc4d6a7d2514f64778d85d2303e45f17606d2b537af54,.pdf,READ,RF center | RF centre | receptive field position | x/y position | screen position | spot position | stimulus displacement | centering error | cell position | tangent screen | DoG | Gaussian | fit center | response map | reverse corr | RevCorr | MxX | MxY | xoff | yoff | x0 | y0 | position | center | centre | peak | smoothing | regulariz | deconvol | fft | least | eccentricity,1,"Extracted every page: response-time model-fit plots, not RF position tables."
data\real\schottdorf_lee_2021_repository\run_model\299Mon_time_cell_fit.csv,True,https://gin.g-node.org/Manuel/Macaque-ganglion-cells/src/cffefb08c760f04c9a951da46061b361d2288e9b/run_model/299Mon_time_cell_fit.csv,283180,41afc68fce5ab4975ced402ca24b1e0f2dac438ffe35cffd467db9cfe12d8d37,data\real\schottdorf_lee_2021_repository\run_model\299Mon_time_cell_fit.csv,41afc68fce5ab4975ced402ca24b1e0f2dac438ffe35cffd467db9cfe12d8d37,.csv,READ,RF center | RF centre | receptive field position | x/y position | screen position | spot position | stimulus displacement | centering error | cell position | tangent screen | DoG | Gaussian | fit center | response map | reverse corr | RevCorr | MxX | MxY | xoff | yoff | x0 | y0 | position | center | centre | peak | smoothing | regulariz | deconvol | fft | least | eccentricity,0,Complete text scanned.
data\real\schottdorf_lee_2021_repository\run_model\BlueOn.ipynb,True,https://gin.g-node.org/Manuel/Macaque-ganglion-cells/src/cffefb08c760f04c9a951da46061b361d2288e9b/run_model/BlueOn.ipynb,83080,173482f0dd5fcc53adbd490c11e8798392a04d8f99d4e393a9f1ed0313a7d99e,data\real\schottdorf_lee_2021_repository\run_model\BlueOn.ipynb,173482f0dd5fcc53adbd490c11e8798392a04d8f99d4e393a9f1ed0313a7d99e,.ipynb,READ,RF center | RF centre | receptive field position | x/y position | screen position | spot position | stimulus displacement | centering error | cell position | tangent screen | DoG | Gaussian | fit center | response map | reverse corr | RevCorr | MxX | MxY | xoff | yoff | x0 | y0 | position | center | centre | peak | smoothing | regulariz | deconvol | fft | least | eccentricity,3,All code/markdown cells and text outputs; embedded raster outputs not used to infer centers.
data\real\schottdorf_lee_2021_repository\run_model\data\File078Moff.txt,True,https://gin.g-node.org/Manuel/Macaque-ganglion-cells/src/cffefb08c760f04c9a951da46061b361d2288e9b/run_model/data/File078Moff.txt,150318,767be8aba603b830a8e8ffc93c5227943492d906ce4df902bb466816a7206cae,data\real\schottdorf_lee_2021_repository\run_model\data\File078Moff.txt,767be8aba603b830a8e8ffc93c5227943492d906ce4df902bb466816a7206cae,.txt,READ,RF center | RF centre | receptive field position | x/y position | screen position | spot position | stimulus displacement | centering error | cell position | tangent screen | DoG | Gaussian | fit center | response map | reverse corr | RevCorr | MxX | MxY | xoff | yoff | x0 | y0 | position | center | centre | peak | smoothing | regulariz | deconvol | fft | least | eccentricity,0,Complete text scanned.
data\real\schottdorf_lee_2021_repository\run_model\data\File110Ron.txt,True,https://gin.g-node.org/Manuel/Macaque-ganglion-cells/src/cffefb08c760f04c9a951da46061b361d2288e9b/run_model/data/File110Ron.txt,146987,1ceb40aa40ab4b4048bf5bb2a34d9c139c4db9ec14431e8453d51a74a554b65a,data\real\schottdorf_lee_2021_repository\run_model\data\File110Ron.txt,1ceb40aa40ab4b4048bf5bb2a34d9c139c4db9ec14431e8453d51a74a554b65a,.txt,READ,RF center | RF centre | receptive field position | x/y position | screen position | spot position | stimulus displacement | centering error | cell position | tangent screen | DoG | Gaussian | fit center | response map | reverse corr | RevCorr | MxX | MxY | xoff | yoff | x0 | y0 | position | center | centre | peak | smoothing | regulariz | deconvol | fft | least | eccentricity,0,Complete text scanned.
data\real\schottdorf_lee_2021_repository\run_model\data\File130Gn.txt,True,https://gin.g-node.org/Manuel/Macaque-ganglion-cells/src/cffefb08c760f04c9a951da46061b361d2288e9b/run_model/data/File130Gn.txt,141871,2d93c8b2ad24208126f8592edc5e2834c8a2007deafc6fc8f205e54c908fb91c,data\real\schottdorf_lee_2021_repository\run_model\data\File130Gn.txt,2d93c8b2ad24208126f8592edc5e2834c8a2007deafc6fc8f205e54c908fb91c,.txt,READ,RF center | RF centre | receptive field position | x/y position | screen position | spot position | stimulus displacement | centering error | cell position | tangent screen | DoG | Gaussian | fit center | response map | reverse corr | RevCorr | MxX | MxY | xoff | yoff | x0 | y0 | position | center | centre | peak | smoothing | regulariz | deconvol | fft | least | eccentricity,0,Complete text scanned.
data\real\schottdorf_lee_2021_repository\run_model\data\File167Ron.txt,True,https://gin.g-node.org/Manuel/Macaque-ganglion-cells/src/cffefb08c760f04c9a951da46061b361d2288e9b/run_model/data/File167Ron.txt,149451,61487e76ac3124529c28de7ca8c623e1a15b1ebfd929662def5eeb203b052363,data\real\schottdorf_lee_2021_repository\run_model\data\File167Ron.txt,61487e76ac3124529c28de7ca8c623e1a15b1ebfd929662def5eeb203b052363,.txt,READ,RF center | RF centre | receptive field position | x/y position | screen position | spot position | stimulus displacement | centering error | cell position | tangent screen | DoG | Gaussian | fit center | response map | reverse corr | RevCorr | MxX | MxY | xoff | yoff | x0 | y0 | position | center | centre | peak | smoothing | regulariz | deconvol | fft | least | eccentricity,0,Complete text scanned.
data\real\schottdorf_lee_2021_repository\run_model\data\File178Bon.txt,True,https://gin.g-node.org/Manuel/Macaque-ganglion-cells/src/cffefb08c760f04c9a951da46061b361d2288e9b/run_model/data/File178Bon.txt,126870,14d9a89c0b24cae9884403f2bfd84a11449980264d6ea66c063092ba98ede56b,data\real\schottdorf_lee_2021_repository\run_model\data\File178Bon.txt,14d9a89c0b24cae9884403f2bfd84a11449980264d6ea66c063092ba98ede56b,.txt,READ,RF center | RF centre | receptive field position | x/y position | screen position | spot position | stimulus displacement | centering error | cell position | tangent screen | DoG | Gaussian | fit center | response map | reverse corr | RevCorr | MxX | MxY | xoff | yoff | x0 | y0 | position | center | centre | peak | smoothing | regulariz | deconvol | fft | least | eccentricity,0,Complete text scanned.
data\real\schottdorf_lee_2021_repository\run_model\data\File181Moff.txt,True,https://gin.g-node.org/Manuel/Macaque-ganglion-cells/src/cffefb08c760f04c9a951da46061b361d2288e9b/run_model/data/File181Moff.txt,155317,f876e5faee6cc9483eaf83f2f3bbdd9a74f487b4ae1e7ad599fc99d62d01f38a,data\real\schottdorf_lee_2021_repository\run_model\data\File181Moff.txt,f876e5faee6cc9483eaf83f2f3bbdd9a74f487b4ae1e7ad599fc99d62d01f38a,.txt,READ,RF center | RF centre | receptive field position | x/y position | screen position | spot position | stimulus displacement | centering error | cell position | tangent screen | DoG | Gaussian | fit center | response map | reverse corr | RevCorr | MxX | MxY | xoff | yoff | x0 | y0 | position | center | centre | peak | smoothing | regulariz | deconvol | fft | least | eccentricity,0,Complete text scanned.
data\real\schottdorf_lee_2021_repository\run_model\data\File194Ron.txt,True,https://gin.g-node.org/Manuel/Macaque-ganglion-cells/src/cffefb08c760f04c9a951da46061b361d2288e9b/run_model/data/File194Ron.txt,151008,ed30deee042d7e0b8c0742dc9844de5865c6d4c5395c519c91a8ac8c0b8439c8,data\real\schottdorf_lee_2021_repository\run_model\data\File194Ron.txt,ed30deee042d7e0b8c0742dc9844de5865c6d4c5395c519c91a8ac8c0b8439c8,.txt,READ,RF center | RF centre | receptive field position | x/y position | screen position | spot position | stimulus displacement | centering error | cell position | tangent screen | DoG | Gaussian | fit center | response map | reverse corr | RevCorr | MxX | MxY | xoff | yoff | x0 | y0 | position | center | centre | peak | smoothing | regulariz | deconvol | fft | least | eccentricity,0,Complete text scanned.
data\real\schottdorf_lee_2021_repository\run_model\data\File225+L-Moff.txt,True,https://gin.g-node.org/Manuel/Macaque-ganglion-cells/src/cffefb08c760f04c9a951da46061b361d2288e9b/run_model/data/File225+L-Moff.txt,156585,4b0f574c905b6d67b53c97730a5ea00f740f48968f3b18b0d3e48f3c1108c940,data\real\schottdorf_lee_2021_repository\run_model\data\File225+L-Moff.txt,4b0f574c905b6d67b53c97730a5ea00f740f48968f3b18b0d3e48f3c1108c940,.txt,READ,RF center | RF centre | receptive field position | x/y position | screen position | spot position | stimulus displacement | centering error | cell position | tangent screen | DoG | Gaussian | fit center | response map | reverse corr | RevCorr | MxX | MxY | xoff | yoff | x0 | y0 | position | center | centre | peak | smoothing | regulariz | deconvol | fft | least | eccentricity,0,Complete text scanned.
data\real\schottdorf_lee_2021_repository\run_model\data\File229Bon.txt,True,https://gin.g-node.org/Manuel/Macaque-ganglion-cells/src/cffefb08c760f04c9a951da46061b361d2288e9b/run_model/data/File229Bon.txt,149714,d7332e86d2f377077bc01c4cec1b158bad1f0909a326bee03475289d7e65e765,data\real\schottdorf_lee_2021_repository\run_model\data\File229Bon.txt,d7332e86d2f377077bc01c4cec1b158bad1f0909a326bee03475289d7e65e765,.txt,READ,RF center | RF centre | receptive field position | x/y position | screen position | spot position | stimulus displacement | centering error | cell position | tangent screen | DoG | Gaussian | fit center | response map | reverse corr | RevCorr | MxX | MxY | xoff | yoff | x0 | y0 | position | center | centre | peak | smoothing | regulariz | deconvol | fft | least | eccentricity,0,Complete text scanned.
data\real\schottdorf_lee_2021_repository\run_model\data\File254Mon.txt,True,https://gin.g-node.org/Manuel/Macaque-ganglion-cells/src/cffefb08c760f04c9a951da46061b361d2288e9b/run_model/data/File254Mon.txt,143981,8f42404aad8826849c13a699e9395efdcc20bf89747b80fb984a6c50afe438e1,data\real\schottdorf_lee_2021_repository\run_model\data\File254Mon.txt,8f42404aad8826849c13a699e9395efdcc20bf89747b80fb984a6c50afe438e1,.txt,READ,RF center | RF centre | receptive field position | x/y position | screen position | spot position | stimulus displacement | centering error | cell position | tangent screen | DoG | Gaussian | fit center | response map | reverse corr | RevCorr | MxX | MxY | xoff | yoff | x0 | y0 | position | center | centre | peak | smoothing | regulariz | deconvol | fft | least | eccentricity,0,Complete text scanned.
data\real\schottdorf_lee_2021_repository\run_model\data\File256Moff.txt,True,https://gin.g-node.org/Manuel/Macaque-ganglion-cells/src/cffefb08c760f04c9a951da46061b361d2288e9b/run_model/data/File256Moff.txt,151039,e1b9703eb40006cddfbcc5f1bf036aa45b3e1deb9524cdf9e0f9d26f9b477de7,data\real\schottdorf_lee_2021_repository\run_model\data\File256Moff.txt,e1b9703eb40006cddfbcc5f1bf036aa45b3e1deb9524cdf9e0f9d26f9b477de7,.txt,READ,RF center | RF centre | receptive field position | x/y position | screen position | spot position | stimulus displacement | centering error | cell position | tangent screen | DoG | Gaussian | fit center | response map | reverse corr | RevCorr | MxX | MxY | xoff | yoff | x0 | y0 | position | center | centre | peak | smoothing | regulariz | deconvol | fft | least | eccentricity,0,Complete text scanned.
data\real\schottdorf_lee_2021_repository\run_model\data\File258Mon.txt,True,https://gin.g-node.org/Manuel/Macaque-ganglion-cells/src/cffefb08c760f04c9a951da46061b361d2288e9b/run_model/data/File258Mon.txt,147178,40277b9277af116aff495e24acb845a6aee3778e0f7d42133152b7e658c04453,data\real\schottdorf_lee_2021_repository\run_model\data\File258Mon.txt,40277b9277af116aff495e24acb845a6aee3778e0f7d42133152b7e658c04453,.txt,READ,RF center | RF centre | receptive field position | x/y position | screen position | spot position | stimulus displacement | centering error | cell position | tangent screen | DoG | Gaussian | fit center | response map | reverse corr | RevCorr | MxX | MxY | xoff | yoff | x0 | y0 | position | center | centre | peak | smoothing | regulariz | deconvol | fft | least | eccentricity,0,Complete text scanned.
data\real\schottdorf_lee_2021_repository\run_model\data\File284Gon.txt,True,https://gin.g-node.org/Manuel/Macaque-ganglion-cells/src/cffefb08c760f04c9a951da46061b361d2288e9b/run_model/data/File284Gon.txt,161686,82cebfcf8a170e69b7fe865cf5c894aac9a1a645004ef51747e75b430d198699,data\real\schottdorf_lee_2021_repository\run_model\data\File284Gon.txt,82cebfcf8a170e69b7fe865cf5c894aac9a1a645004ef51747e75b430d198699,.txt,READ,RF center | RF centre | receptive field position | x/y position | screen position | spot position | stimulus displacement | centering error | cell position | tangent screen | DoG | Gaussian | fit center | response map | reverse corr | RevCorr | MxX | MxY | xoff | yoff | x0 | y0 | position | center | centre | peak | smoothing | regulariz | deconvol | fft | least | eccentricity,0,Complete text scanned.
data\real\schottdorf_lee_2021_repository\run_model\data\File287Gon.txt,True,https://gin.g-node.org/Manuel/Macaque-ganglion-cells/src/cffefb08c760f04c9a951da46061b361d2288e9b/run_model/data/File287Gon.txt,155114,0c1ff3bc98b3ccda3abed62206b7581f4d940fe1b4354749d5f75a2f0115cd8c,data\real\schottdorf_lee_2021_repository\run_model\data\File287Gon.txt,0c1ff3bc98b3ccda3abed62206b7581f4d940fe1b4354749d5f75a2f0115cd8c,.txt,READ,RF center | RF centre | receptive field position | x/y position | screen position | spot position | stimulus displacement | centering error | cell position | tangent screen | DoG | Gaussian | fit center | response map | reverse corr | RevCorr | MxX | MxY | xoff | yoff | x0 | y0 | position | center | centre | peak | smoothing | regulariz | deconvol | fft | least | eccentricity,0,Complete text scanned.
data\real\schottdorf_lee_2021_repository\run_model\data\File299Mon.txt,True,https://gin.g-node.org/Manuel/Macaque-ganglion-cells/src/cffefb08c760f04c9a951da46061b361d2288e9b/run_model/data/File299Mon.txt,142003,684ef44119e8a478b40871e3b74e9336f244bf915e4568fda9e02ec0279cd97c,data\real\schottdorf_lee_2021_repository\run_model\data\File299Mon.txt,684ef44119e8a478b40871e3b74e9336f244bf915e4568fda9e02ec0279cd97c,.txt,READ,RF center | RF centre | receptive field position | x/y position | screen position | spot position | stimulus displacement | centering error | cell position | tangent screen | DoG | Gaussian | fit center | response map | reverse corr | RevCorr | MxX | MxY | xoff | yoff | x0 | y0 | position | center | centre | peak | smoothing | regulariz | deconvol | fft | least | eccentricity,0,Complete text scanned.
data\real\schottdorf_lee_2021_repository\run_model\data\File302Bon.txt,True,https://gin.g-node.org/Manuel/Macaque-ganglion-cells/src/cffefb08c760f04c9a951da46061b361d2288e9b/run_model/data/File302Bon.txt,163864,cfacd7670777c0245a5470403695ba18927efb61aeccac27f87f21c5c7c1e0a2,data\real\schottdorf_lee_2021_repository\run_model\data\File302Bon.txt,cfacd7670777c0245a5470403695ba18927efb61aeccac27f87f21c5c7c1e0a2,.txt,READ,RF center | RF centre | receptive field position | x/y position | screen position | spot position | stimulus displacement | centering error | cell position | tangent screen | DoG | Gaussian | fit center | response map | reverse corr | RevCorr | MxX | MxY | xoff | yoff | x0 | y0 | position | center | centre | peak | smoothing | regulariz | deconvol | fft | least | eccentricity,0,Complete text scanned.
data\real\schottdorf_lee_2021_repository\run_model\MC_off.ipynb,True,https://gin.g-node.org/Manuel/Macaque-ganglion-cells/src/cffefb08c760f04c9a951da46061b361d2288e9b/run_model/MC_off.ipynb,108731,8a8c5a5c22f569060b6cfb561387d2bb3e7ad9e51d178a6df0c7d8bcfb5bf598,data\real\schottdorf_lee_2021_repository\run_model\MC_off.ipynb,8a8c5a5c22f569060b6cfb561387d2bb3e7ad9e51d178a6df0c7d8bcfb5bf598,.ipynb,READ,RF center | RF centre | receptive field position | x/y position | screen position | spot position | stimulus displacement | centering error | cell position | tangent screen | DoG | Gaussian | fit center | response map | reverse corr | RevCorr | MxX | MxY | xoff | yoff | x0 | y0 | position | center | centre | peak | smoothing | regulariz | deconvol | fft | least | eccentricity,9,All code/markdown cells and text outputs; embedded raster outputs not used to infer centers.
data\real\schottdorf_lee_2021_repository\run_model\MC_on.ipynb,True,https://gin.g-node.org/Manuel/Macaque-ganglion-cells/src/cffefb08c760f04c9a951da46061b361d2288e9b/run_model/MC_on.ipynb,119568,b50214c03d2ac540c1b6f1facdc1812c9dda8f390ffe378c97a2e2871227e023,data\real\schottdorf_lee_2021_repository\run_model\MC_on.ipynb,b50214c03d2ac540c1b6f1facdc1812c9dda8f390ffe378c97a2e2871227e023,.ipynb,READ,RF center | RF centre | receptive field position | x/y position | screen position | spot position | stimulus displacement | centering error | cell position | tangent screen | DoG | Gaussian | fit center | response map | reverse corr | RevCorr | MxX | MxY | xoff | yoff | x0 | y0 | position | center | centre | peak | smoothing | regulariz | deconvol | fft | least | eccentricity,9,All code/markdown cells and text outputs; embedded raster outputs not used to infer centers.
data\real\schottdorf_lee_2021_repository\run_model\PC_Gon.ipynb,True,https://gin.g-node.org/Manuel/Macaque-ganglion-cells/src/cffefb08c760f04c9a951da46061b361d2288e9b/run_model/PC_Gon.ipynb,121146,383488c4a4f794ac08d2c2ecce201fc990351e951e95a420cb22754e5105e51c,data\real\schottdorf_lee_2021_repository\run_model\PC_Gon.ipynb,383488c4a4f794ac08d2c2ecce201fc990351e951e95a420cb22754e5105e51c,.ipynb,READ,RF center | RF centre | receptive field position | x/y position | screen position | spot position | stimulus displacement | centering error | cell position | tangent screen | DoG | Gaussian | fit center | response map | reverse corr | RevCorr | MxX | MxY | xoff | yoff | x0 | y0 | position | center | centre | peak | smoothing | regulariz | deconvol | fft | least | eccentricity,3,All code/markdown cells and text outputs; embedded raster outputs not used to infer centers.
data\real\schottdorf_lee_2021_repository\run_model\PC_off.ipynb,True,https://gin.g-node.org/Manuel/Macaque-ganglion-cells/src/cffefb08c760f04c9a951da46061b361d2288e9b/run_model/PC_off.ipynb,88896,f723c51b697c4bdcb435c05dcdd912d9ab0e3aa6d83faa42a1fb9b363f1803cb,data\real\schottdorf_lee_2021_repository\run_model\PC_off.ipynb,f723c51b697c4bdcb435c05dcdd912d9ab0e3aa6d83faa42a1fb9b363f1803cb,.ipynb,READ,RF center | RF centre | receptive field position | x/y position | screen position | spot position | stimulus displacement | centering error | cell position | tangent screen | DoG | Gaussian | fit center | response map | reverse corr | RevCorr | MxX | MxY | xoff | yoff | x0 | y0 | position | center | centre | peak | smoothing | regulariz | deconvol | fft | least | eccentricity,1,All code/markdown cells and text outputs; embedded raster outputs not used to infer centers.
data\real\schottdorf_lee_2021_repository\run_model\PC_Ron.ipynb,True,https://gin.g-node.org/Manuel/Macaque-ganglion-cells/src/cffefb08c760f04c9a951da46061b361d2288e9b/run_model/PC_Ron.ipynb,104099,bf97ebd99a2cbb9384d7c7eba9f537aa6e82cfbf4318657e53fd6c271ebf9b4a,data\real\schottdorf_lee_2021_repository\run_model\PC_Ron.ipynb,bf97ebd99a2cbb9384d7c7eba9f537aa6e82cfbf4318657e53fd6c271ebf9b4a,.ipynb,READ,RF center | RF centre | receptive field position | x/y position | screen position | spot position | stimulus displacement | centering error | cell position | tangent screen | DoG | Gaussian | fit center | response map | reverse corr | RevCorr | MxX | MxY | xoff | yoff | x0 | y0 | position | center | centre | peak | smoothing | regulariz | deconvol | fft | least | eccentricity,3,All code/markdown cells and text outputs; embedded raster outputs not used to infer centers.
data\real\schottdorf_lee_2021_repository\run_model\Piecharts.ipynb,True,https://gin.g-node.org/Manuel/Macaque-ganglion-cells/src/cffefb08c760f04c9a951da46061b361d2288e9b/run_model/Piecharts.ipynb,10359,0b6dd9c2a458484d47f80b31baedf4d8c50db72eae1d93c8da93ec12cbcf881c,data\real\schottdorf_lee_2021_repository\run_model\Piecharts.ipynb,0b6dd9c2a458484d47f80b31baedf4d8c50db72eae1d93c8da93ec12cbcf881c,.ipynb,READ,RF center | RF centre | receptive field position | x/y position | screen position | spot position | stimulus displacement | centering error | cell position | tangent screen | DoG | Gaussian | fit center | response map | reverse corr | RevCorr | MxX | MxY | xoff | yoff | x0 | y0 | position | center | centre | peak | smoothing | regulariz | deconvol | fft | least | eccentricity,15,All code/markdown cells and text outputs; embedded raster outputs not used to infer centers.
data\real\schottdorf_lee_2021_repository\run_model_HPC\Bon-cell.mp4,True,https://gin.g-node.org/Manuel/Macaque-ganglion-cells/src/cffefb08c760f04c9a951da46061b361d2288e9b/run_model_HPC/Bon-cell.mp4,64,5ceefcb29cda7031e5428cc1ee71812d95c09124288f9e36b112ad8d039d4e96,data\real\schottdorf_lee_2021_repository\run_model_HPC\Bon-cell.mp4,5ceefcb29cda7031e5428cc1ee71812d95c09124288f9e36b112ad8d039d4e96,.mp4,ANNEX_POINTER_ONLY,RF center | RF centre | receptive field position | x/y position | screen position | spot position | stimulus displacement | centering error | cell position | tangent screen | DoG | Gaussian | fit center | response map | reverse corr | RevCorr | MxX | MxY | xoff | yoff | x0 | y0 | position | center | centre | peak | smoothing | regulariz | deconvol | fft | least | eccentricity,0,"Pointer inspected; payload not searched. Stimulus or model-visualization video, not coordinate table."
data\real\schottdorf_lee_2021_repository\run_model_HPC\data\19796315.out,True,https://gin.g-node.org/Manuel/Macaque-ganglion-cells/src/cffefb08c760f04c9a951da46061b361d2288e9b/run_model_HPC/data/19796315.out,88585,021cf4c1a85ebb3b90672a9f843e4e76cda0234cebcc42d11b8b18149c54ba25,data\real\schottdorf_lee_2021_repository\run_model_HPC\data\19796315.out,021cf4c1a85ebb3b90672a9f843e4e76cda0234cebcc42d11b8b18149c54ba25,.out,READ,RF center | RF centre | receptive field position | x/y position | screen position | spot position | stimulus displacement | centering error | cell position | tangent screen | DoG | Gaussian | fit center | response map | reverse corr | RevCorr | MxX | MxY | xoff | yoff | x0 | y0 | position | center | centre | peak | smoothing | regulariz | deconvol | fft | least | eccentricity,4,Complete text scanned.
data\real\schottdorf_lee_2021_repository\run_model_HPC\data\19796884.out,True,https://gin.g-node.org/Manuel/Macaque-ganglion-cells/src/cffefb08c760f04c9a951da46061b361d2288e9b/run_model_HPC/data/19796884.out,88582,d4d1a0bf140239ca68ad2f1d9470004401478ef0365af66db845a726b59b0c2b,data\real\schottdorf_lee_2021_repository\run_model_HPC\data\19796884.out,d4d1a0bf140239ca68ad2f1d9470004401478ef0365af66db845a726b59b0c2b,.out,READ,RF center | RF centre | receptive field position | x/y position | screen position | spot position | stimulus displacement | centering error | cell position | tangent screen | DoG | Gaussian | fit center | response map | reverse corr | RevCorr | MxX | MxY | xoff | yoff | x0 | y0 | position | center | centre | peak | smoothing | regulariz | deconvol | fft | least | eccentricity,4,Complete text scanned.
data\real\schottdorf_lee_2021_repository\run_model_HPC\data\19829503.out,True,https://gin.g-node.org/Manuel/Macaque-ganglion-cells/src/cffefb08c760f04c9a951da46061b361d2288e9b/run_model_HPC/data/19829503.out,88578,9beb6579f4bf0dfe557a93e2222ec2278b0d5cf567c0d4f216aa70fb0e55d63e,data\real\schottdorf_lee_2021_repository\run_model_HPC\data\19829503.out,9beb6579f4bf0dfe557a93e2222ec2278b0d5cf567c0d4f216aa70fb0e55d63e,.out,READ,RF center | RF centre | receptive field position | x/y position | screen position | spot position | stimulus displacement | centering error | cell position | tangent screen | DoG | Gaussian | fit center | response map | reverse corr | RevCorr | MxX | MxY | xoff | yoff | x0 | y0 | position | center | centre | peak | smoothing | regulariz | deconvol | fft | least | eccentricity,4,Complete text scanned.
data\real\schottdorf_lee_2021_repository\run_model_HPC\Gon-cell.mp4,True,https://gin.g-node.org/Manuel/Macaque-ganglion-cells/src/cffefb08c760f04c9a951da46061b361d2288e9b/run_model_HPC/Gon-cell.mp4,64,2f1451d7f7e8f173c2b8ddab8d2746f9a40104aaccb0a0786678263c130bf0d5,data\real\schottdorf_lee_2021_repository\run_model_HPC\Gon-cell.mp4,2f1451d7f7e8f173c2b8ddab8d2746f9a40104aaccb0a0786678263c130bf0d5,.mp4,ANNEX_POINTER_ONLY,RF center | RF centre | receptive field position | x/y position | screen position | spot position | stimulus displacement | centering error | cell position | tangent screen | DoG | Gaussian | fit center | response map | reverse corr | RevCorr | MxX | MxY | xoff | yoff | x0 | y0 | position | center | centre | peak | smoothing | regulariz | deconvol | fft | least | eccentricity,0,"Pointer inspected; payload not searched. Stimulus or model-visualization video, not coordinate table."
data\real\schottdorf_lee_2021_repository\run_model_HPC\make_movie_BO.py,True,https://gin.g-node.org/Manuel/Macaque-ganglion-cells/src/cffefb08c760f04c9a951da46061b361d2288e9b/run_model_HPC/make_movie_BO.py,4832,fb84bd881de39f4f2995129525077f722c39c4370e8d218dfb7493ec98fbcd49,data\real\schottdorf_lee_2021_repository\run_model_HPC\make_movie_BO.py,fb84bd881de39f4f2995129525077f722c39c4370e8d218dfb7493ec98fbcd49,.py,READ,RF center | RF centre | receptive field position | x/y position | screen position | spot position | stimulus displacement | centering error | cell position | tangent screen | DoG | Gaussian | fit center | response map | reverse corr | RevCorr | MxX | MxY | xoff | yoff | x0 | y0 | position | center | centre | peak | smoothing | regulariz | deconvol | fft | least | eccentricity,8,Complete text scanned.
data\real\schottdorf_lee_2021_repository\run_model_HPC\make_movie_from_files.ipynb,True,https://gin.g-node.org/Manuel/Macaque-ganglion-cells/src/cffefb08c760f04c9a951da46061b361d2288e9b/run_model_HPC/make_movie_from_files.ipynb,6060,5755efd38ec3890f8c72915fbdbfa9926e29def60736d8c2fb48cda11f80e3e7,data\real\schottdorf_lee_2021_repository\run_model_HPC\make_movie_from_files.ipynb,5755efd38ec3890f8c72915fbdbfa9926e29def60736d8c2fb48cda11f80e3e7,.ipynb,READ,RF center | RF centre | receptive field position | x/y position | screen position | spot position | stimulus displacement | centering error | cell position | tangent screen | DoG | Gaussian | fit center | response map | reverse corr | RevCorr | MxX | MxY | xoff | yoff | x0 | y0 | position | center | centre | peak | smoothing | regulariz | deconvol | fft | least | eccentricity,2,All code/markdown cells and text outputs; embedded raster outputs not used to infer centers.
data\real\schottdorf_lee_2021_repository\run_model_HPC\make_movie_MC.py,True,https://gin.g-node.org/Manuel/Macaque-ganglion-cells/src/cffefb08c760f04c9a951da46061b361d2288e9b/run_model_HPC/make_movie_MC.py,5101,0cb28385b91f0072354d54ef0b320ab6ea6dc844d69a0dc9e7aae722b7228077,data\real\schottdorf_lee_2021_repository\run_model_HPC\make_movie_MC.py,0cb28385b91f0072354d54ef0b320ab6ea6dc844d69a0dc9e7aae722b7228077,.py,READ,RF center | RF centre | receptive field position | x/y position | screen position | spot position | stimulus displacement | centering error | cell position | tangent screen | DoG | Gaussian | fit center | response map | reverse corr | RevCorr | MxX | MxY | xoff | yoff | x0 | y0 | position | center | centre | peak | smoothing | regulariz | deconvol | fft | least | eccentricity,12,Complete text scanned.
data\real\schottdorf_lee_2021_repository\run_model_HPC\make_movie_PC.py,True,https://gin.g-node.org/Manuel/Macaque-ganglion-cells/src/cffefb08c760f04c9a951da46061b361d2288e9b/run_model_HPC/make_movie_PC.py,4929,9c682e05dace8d0cd24f316835f7a33d5f0d79e2cc2b65e19b652932d1545076,data\real\schottdorf_lee_2021_repository\run_model_HPC\make_movie_PC.py,9c682e05dace8d0cd24f316835f7a33d5f0d79e2cc2b65e19b652932d1545076,.py,READ,RF center | RF centre | receptive field position | x/y position | screen position | spot position | stimulus displacement | centering error | cell position | tangent screen | DoG | Gaussian | fit center | response map | reverse corr | RevCorr | MxX | MxY | xoff | yoff | x0 | y0 | position | center | centre | peak | smoothing | regulariz | deconvol | fft | least | eccentricity,9,Complete text scanned.
data\real\schottdorf_lee_2021_repository\run_model_HPC\off-cell.mp4,True,https://gin.g-node.org/Manuel/Macaque-ganglion-cells/src/cffefb08c760f04c9a951da46061b361d2288e9b/run_model_HPC/off-cell.mp4,64,30f34286f2617106b295c57e602ccee2715099ff0e3228b4a30b10a904ade540,data\real\schottdorf_lee_2021_repository\run_model_HPC\off-cell.mp4,30f34286f2617106b295c57e602ccee2715099ff0e3228b4a30b10a904ade540,.mp4,ANNEX_POINTER_ONLY,RF center | RF centre | receptive field position | x/y position | screen position | spot position | stimulus displacement | centering error | cell position | tangent screen | DoG | Gaussian | fit center | response map | reverse corr | RevCorr | MxX | MxY | xoff | yoff | x0 | y0 | position | center | centre | peak | smoothing | regulariz | deconvol | fft | least | eccentricity,0,"Pointer inspected; payload not searched. Stimulus or model-visualization video, not coordinate table."
data\real\schottdorf_lee_2021_repository\run_model_HPC\on-cell.mp4,True,https://gin.g-node.org/Manuel/Macaque-ganglion-cells/src/cffefb08c760f04c9a951da46061b361d2288e9b/run_model_HPC/on-cell.mp4,64,49b2f4cc9503d9f7e3d51b24b0c526850935708d86508220a20f91414264158c,data\real\schottdorf_lee_2021_repository\run_model_HPC\on-cell.mp4,49b2f4cc9503d9f7e3d51b24b0c526850935708d86508220a20f91414264158c,.mp4,ANNEX_POINTER_ONLY,RF center | RF centre | receptive field position | x/y position | screen position | spot position | stimulus displacement | centering error | cell position | tangent screen | DoG | Gaussian | fit center | response map | reverse corr | RevCorr | MxX | MxY | xoff | yoff | x0 | y0 | position | center | centre | peak | smoothing | regulariz | deconvol | fft | least | eccentricity,0,"Pointer inspected; payload not searched. Stimulus or model-visualization video, not coordinate table."
data\real\schottdorf_lee_2021_repository\run_model_HPC\Ron-cell.mp4,True,https://gin.g-node.org/Manuel/Macaque-ganglion-cells/src/cffefb08c760f04c9a951da46061b361d2288e9b/run_model_HPC/Ron-cell.mp4,64,877f54c12809fcccb2081da1f23601d041a3f11ce306631249619ece193970fb,data\real\schottdorf_lee_2021_repository\run_model_HPC\Ron-cell.mp4,877f54c12809fcccb2081da1f23601d041a3f11ce306631249619ece193970fb,.mp4,ANNEX_POINTER_ONLY,RF center | RF centre | receptive field position | x/y position | screen position | spot position | stimulus displacement | centering error | cell position | tangent screen | DoG | Gaussian | fit center | response map | reverse corr | RevCorr | MxX | MxY | xoff | yoff | x0 | y0 | position | center | centre | peak | smoothing | regulariz | deconvol | fft | least | eccentricity,0,"Pointer inspected; payload not searched. Stimulus or model-visualization video, not coordinate table."
data\real\schottdorf_lee_2021_repository\run_model_HPC\run_python.sh,True,https://gin.g-node.org/Manuel/Macaque-ganglion-cells/src/cffefb08c760f04c9a951da46061b361d2288e9b/run_model_HPC/run_python.sh,827,12512aae73626cacf52c56f9f6cc0ee0f0a4e6849d170ee338718d7ad93e18f4,data\real\schottdorf_lee_2021_repository\run_model_HPC\run_python.sh,12512aae73626cacf52c56f9f6cc0ee0f0a4e6849d170ee338718d7ad93e18f4,.sh,READ,RF center | RF centre | receptive field position | x/y position | screen position | spot position | stimulus displacement | centering error | cell position | tangent screen | DoG | Gaussian | fit center | response map | reverse corr | RevCorr | MxX | MxY | xoff | yoff | x0 | y0 | position | center | centre | peak | smoothing | regulariz | deconvol | fft | least | eccentricity,0,Complete text scanned.
data\real\schottdorf_lee_2021_repository\stimuli\1x10_256.mpg,True,https://gin.g-node.org/Manuel/Macaque-ganglion-cells/src/cffefb08c760f04c9a951da46061b361d2288e9b/stimuli/1x10_256.mpg,65,24d59ae9bd0d0daecf6157af2aef7d4342a44649035e24b1ab373f989ece4dc4,data\real\schottdorf_lee_2021_repository\stimuli\1x10_256.mpg,24d59ae9bd0d0daecf6157af2aef7d4342a44649035e24b1ab373f989ece4dc4,.mpg,ANNEX_POINTER_ONLY,RF center | RF centre | receptive field position | x/y position | screen position | spot position | stimulus displacement | centering error | cell position | tangent screen | DoG | Gaussian | fit center | response map | reverse corr | RevCorr | MxX | MxY | xoff | yoff | x0 | y0 | position | center | centre | peak | smoothing | regulariz | deconvol | fft | least | eccentricity,0,"Pointer inspected; payload not searched. Stimulus or model-visualization video, not coordinate table."
data\real\schottdorf_lee_2021_repository\stimuli\GunSpectra.jpg,True,https://gin.g-node.org/Manuel/Macaque-ganglion-cells/src/cffefb08c760f04c9a951da46061b361d2288e9b/stimuli/GunSpectra.jpg,56395,214bd94f6d79484de89be12ab7971b9fdf44a438efe1ffa0f4fe842c06a69190,data\real\schottdorf_lee_2021_repository\stimuli\GunSpectra.jpg,214bd94f6d79484de89be12ab7971b9fdf44a438efe1ffa0f4fe842c06a69190,.jpg,BINARY_NOT_COORDINATE_TABLE,RF center | RF centre | receptive field position | x/y position | screen position | spot position | stimulus displacement | centering error | cell position | tangent screen | DoG | Gaussian | fit center | response map | reverse corr | RevCorr | MxX | MxY | xoff | yoff | x0 | y0 | position | center | centre | peak | smoothing | regulariz | deconvol | fft | least | eccentricity,0,"Inventory only: gun-spectra image, video, or compiled duplicate of Python source."
data\real\schottdorf_lee_2021_repository\stimuli\GunSpectra.txt,True,https://gin.g-node.org/Manuel/Macaque-ganglion-cells/src/cffefb08c760f04c9a951da46061b361d2288e9b/stimuli/GunSpectra.txt,39938,0c570201ba48f280e1c3916e9b0145225edd804ec7c16586b0db51a82dbfbd6f,data\real\schottdorf_lee_2021_repository\stimuli\GunSpectra.txt,0c570201ba48f280e1c3916e9b0145225edd804ec7c16586b0db51a82dbfbd6f,.txt,READ,RF center | RF centre | receptive field position | x/y position | screen position | spot position | stimulus displacement | centering error | cell position | tangent screen | DoG | Gaussian | fit center | response map | reverse corr | RevCorr | MxX | MxY | xoff | yoff | x0 | y0 | position | center | centre | peak | smoothing | regulariz | deconvol | fft | least | eccentricity,0,Complete text scanned.
data\real\schottdorf_lee_2021_repository\stimuli\Spaceflowershow.mpg,True,https://gin.g-node.org/Manuel/Macaque-ganglion-cells/src/cffefb08c760f04c9a951da46061b361d2288e9b/stimuli/Spaceflowershow.mpg,64,4fe163ccb53cac4c348dcee2351d6b889370ff384e44c80af3058e801f4ed392,data\real\schottdorf_lee_2021_repository\stimuli\Spaceflowershow.mpg,4fe163ccb53cac4c348dcee2351d6b889370ff384e44c80af3058e801f4ed392,.mpg,ANNEX_POINTER_ONLY,RF center | RF centre | receptive field position | x/y position | screen position | spot position | stimulus displacement | centering error | cell position | tangent screen | DoG | Gaussian | fit center | response map | reverse corr | RevCorr | MxX | MxY | xoff | yoff | x0 | y0 | position | center | centre | peak | smoothing | regulariz | deconvol | fft | least | eccentricity,0,"Pointer inspected; payload not searched. Stimulus or model-visualization video, not coordinate table."
data\real\schottdorf_lee_2021_repository\stimuli\timeflowershow.mpg,True,https://gin.g-node.org/Manuel/Macaque-ganglion-cells/src/cffefb08c760f04c9a951da46061b361d2288e9b/stimuli/timeflowershow.mpg,1281132,d686f19fd34a2807ec7da64736bedc4b02d7df1a0e879bcde6ab12a9a65adbf8,data\real\schottdorf_lee_2021_repository\stimuli\timeflowershow.mpg,d686f19fd34a2807ec7da64736bedc4b02d7df1a0e879bcde6ab12a9a65adbf8,.mpg,BINARY_NOT_COORDINATE_TABLE,RF center | RF centre | receptive field position | x/y position | screen position | spot position | stimulus displacement | centering error | cell position | tangent screen | DoG | Gaussian | fit center | response map | reverse corr | RevCorr | MxX | MxY | xoff | yoff | x0 | y0 | position | center | centre | peak | smoothing | regulariz | deconvol | fft | least | eccentricity,0,"Inventory only: gun-spectra image, video, or compiled duplicate of Python source."
paper.html,,https://pmc.ncbi.nlm.nih.gov/articles/PMC8998785/,332403,244e89288430fe989e8fff924223186017668765d279b50bb83e90d850ffdd07,output\audits\schottdorf_official_rf_center_recovery_20260905\paper.html,,,READ,Required centering/localization fields,,"Original full paper; Methods, RC fitting, centering statistics and model optimization."
paper_bioc.xml,,https://www.ncbi.nlm.nih.gov/research/bionlp/RESTful/pmcoa.cgi/BioC_xml/PMC8998785/unicode,184511,4ced77e8bb10e3c61c70c050c0271a6267cba47bf00286800751132ac232a367,output\audits\schottdorf_official_rf_center_recovery_20260905\paper_bioc.xml,,,READ,Required centering/localization fields,,Official NCBI text corroboration.
official_repository.html,,https://gin.g-node.org/Manuel/Macaque-ganglion-cells,39309,8a26eb2fcdc395de867f73444a30f7afe39ca19346baf38e2346fa47078db52e,output\audits\schottdorf_official_rf_center_recovery_20260905\official_repository.html,,,READ,Required centering/localization fields,,Live repository HEAD matches local snapshot.
official_archive.html,,https://gin.g-node.org/doi/Macaque-ganglion-cells,38764,81f0d12a3ddc319d21e14f59d6413c6bc41d2aecbfa81158b36830a88ee839fc,output\audits\schottdorf_official_rf_center_recovery_20260905\official_archive.html,,,READ,Required centering/localization fields,,Published archive root inventory; not a full archive payload scan.
Statistical_Summary_Document.xlsx.response.html,,https://pmc.ncbi.nlm.nih.gov/articles/instance/8998785/bin/NIHMS1782518-supplement-Statistical_Summary_Document.xlsx,1817,705a311fb72ba31cee4d45aaf40913d682f6fdab0a12a7c9af592d41b635b463,output\audits\schottdorf_official_rf_center_recovery_20260905\Statistical_Summary_Document.xlsx.response.html,,,UNVERIFIED_ACCESS_BLOCKED,NOT_SEARCHED_PAYLOAD_UNAVAILABLE,,"HTML download challenge, not XLSX. Browser initially displayed reCAPTCHA, then blank; no readable workbook obtained."
,,https://physoc.onlinelibrary.wiley.com/action/downloadSupplement?doi=10.1113%2FJP281200&file=tjp14666-sup-0006-s08.xlsx,,,,,,UNVERIFIED_HTTP_403,NOT_SEARCHED_PAYLOAD_UNAVAILABLE,,Publisher identifies 55.2 KB Statistical Summary Document; payload not inspected.
statistical_epmc.zip.response.html,,https://www.ebi.ac.uk/europepmc/webservices/rest/PMC8998785/supplementaryFiles,164,8ac3dd2526b03432acfa7abe640c3a9cd9a9eba71336cc6525f9e28d37c4b710,output\audits\schottdorf_official_rf_center_recovery_20260905\statistical_epmc.zip.response.html,,,UNAVAILABLE_VIA_THIS_API,NOT_SEARCHED_PAYLOAD_UNAVAILABLE,,API error says article not open access; not a supplementary ZIP.
