cohort,cell_id,fit_A,fit_B,pathway,cosine,relative_l2,norm_A,norm_B,rmse,center_displacement_deg,temporal_marginal_cosine,nonzero_element_sign_agreement,center_x_deg_A,center_y_deg_A,rms_extent_deg_A,temporal_signed_marginal_A,temporal_energy_marginal_A,center_x_deg_B,center_y_deg_B,rms_extent_deg_B,temporal_signed_marginal_B,temporal_energy_marginal_B
alignment_nuisance,67#4,zero,aligned,global,-0.09323045304715562,1.6507004390925701,0.24700825436716684,0.30218878279943867,0.005996126969755466,0.10736580091331258,0.9746479927016666,0.6640478862701085,-1.5992996774016096e-16,5.435841903523915e-15,0.044413018056132375,"[-0.0018320660568270641, -0.0001263553755583846, 0.0015906318167213662, 0.002709786128322733, 0.002097649287732928, -0.002274583111178008, -0.013681865780100999, -0.03681586429771655, -0.0771643920721643, -0.1381853344976648, -0.21363022208015095, -0.27203521380408985, -0.23918881067046818, -0.039588713062689414, 0.0, 0.0]","[0.0001007170736240395, 0.00011965817199948803, 0.00015031683411953524, 0.00020392843519106296, 0.0003038114258706711, 0.0005032307372119048, 0.0009274650456196291, 0.001861763653606673, 0.0038793033840088397, 0.007818674907391115, 0.013855249529595926, 0.01844301648474867, 0.01251198095603315, 0.0003339610864942533, 0.0, 0.0]",0.07908378978659414,-0.0726165917593634,0.04080551410248344,"[0.014813132989069722, 0.017226976631594226, 0.019223211892477554, 0.019963937532143206, 0.018054668407666563, 0.011339838169896588, -0.003307743360281279, -0.029894584358195697, -0.0725207964461354, -0.13297414733118473, -0.20520626791985003, -0.26533526966385923, -0.26105478262202275, -0.1337704478563746, 0.0, 0.0]","[0.00012738452158954355, 0.0001800912458048906, 0.00026398797026922096, 0.0004034625963989517, 0.000646522068000791, 0.0010898052683792209, 0.0019272512274871364, 0.003524396250305404, 0.006475586878813292, 0.011438309694093127, 0.018198883533619953, 0.02337235745392581, 0.01910462418297567, 0.004565397558143315, 0.0, 0.0]"
alignment_nuisance,67#4,zero,aligned,H1,0.7570542410471444,1.1676833626186691,0.00033132017510590896,0.0005714753664860408,5.689368473104032e-06,0.11740951846040185,0.9980291290174844,0.7096894874672652,-1.9037929932133307e-09,3.025512676413179e-09,0.11680105036509882,"[0.00019546288573557558, 0.0002448330154416478, 0.00031085024420063334, 0.0003972036764725573, 0.0005062155167783189, 0.0006372102479116348, 0.0007831861558846853, 0.0009261984069210971, 0.0010322049805737699, 0.0010491359386847199, 0.0009170153011881232, 0.0006087211312415103, 0.00021762068527825425, 2.5528584397188875e-05, 0.0, 0.0]","[9.146989929565826e-10, 1.3781438170228508e-09, 2.1308181780580517e-09, 3.3427531933201316e-09, 5.23186301085563e-09, 8.018211247038642e-09, 1.1761351822523422e-08, 1.6028834548788045e-08, 1.9454462856478574e-08, 1.9675374918743937e-08, 1.4714929027123206e-08, 6.325825793289145e-09, 7.849928507417291e-10, 1.0798175270232737e-11, 0.0, 0.0]",0.08167087289159383,-0.08434964567120502,0.11508724091924945,"[0.00018941808709715957, 0.00029289384643860217, 0.0004290917777152181, 0.0006025780574283601, 0.0008146381240925482, 0.0010599105343311876, 0.0013219344415773548, 0.0015672083487818789, 0.0017401134208718805, 0.0017636787377008911, 0.001557055127348328, 0.0010887355761099171, 0.0004782312430961187, 6.72548277298457e-05, 0.0, 0.0]","[1.6401232048083965e-09, 2.9776035983111073e-09, 5.313437116250013e-09, 9.213420608522048e-09, 1.534974068885548e-08, 2.4257608726619255e-08, 3.5806487164569445e-08, 4.8302587489250614e-08, 5.760739686084658e-08, 5.7546898189890764e-08, 4.372675969940088e-08, 2.082910426304034e-08, 3.915640843905896e-09, 9.728604608397768e-11, 0.0, 0.0]"
alignment_nuisance,67#4,zero,aligned,direct_BC,0.0,1.5556800269098094,0.28943032515944106,0.3449130809579256,0.006621484941655208,0.10821117865716355,0.9901249529956351,nan,0.0,0.0,0.04256327243106334,"[-0.03567909635603428, -0.04005398880690336, -0.045994690619409084, -0.05432891100645065, -0.06620834767818451, -0.08329823426902294, -0.10780465602874756, -0.1422250047326088, -0.188340712338686, -0.24445798993110657, -0.2992602288722992, -0.32106783241033554, -0.24937335401773453, -0.04020041786134243, 0.0, 0.0]","[0.00026165227563307997, 0.00033014616819929295, 0.00043597134282134884, 0.0006092943829234428, 0.0009064885770802555, 0.001437356971225691, 0.0024112391807065703, 0.004201983241019891, 0.007375194350990669, 0.012431771405958969, 0.018635866638300413, 0.021453531541194837, 0.012942929621902188, 0.00033648742394313397, 0.0, 0.0]",0.07927720070849446,-0.07365313730044128,0.037396639891591255,"[-0.03425412345677614, -0.040811617858707905, -0.04946352168917656, -0.061024597845971584, -0.07659371942281723, -0.097530173137784, -0.12533997558057308, -0.16139279305934906, -0.20599724724888802, -0.25643685832619667, -0.3031926900148392, -0.32400231063365936, -0.27933237701654434, -0.13240292109549046, 0.0, 0.0]","[0.00029872499478483545, 0.00042412787923152683, 0.0006231352186461415, 0.0009486377608661474, 0.0014946728221382072, 0.00242378741354839, 0.004003483546872858, 0.00663827101664094, 0.010814948364018542, 0.016759727904550006, 0.023428285731280307, 0.02675420791056793, 0.019885263644312146, 0.00446775920843057, 0.0, 0.0]"
alignment_nuisance,67#4,zero,aligned,AC,0.488874714643666,1.163976211965104,0.07199754339481125,0.0906797744042852,0.0012324033504630234,0.09615276289032355,0.9969114988391383,0.9774436090225563,-6.5361940657553295e-19,6.5361940657553295e-19,0.058705040645203536,"[0.033651566598564386, 0.03968280181288719, 0.04727446846663952, 0.056641495786607265, 0.0677997786551714, 0.08038644213229418, 0.09333960339426994, 0.10448294598609209, 0.1101440992206335, 0.10522352624684572, 0.08471300080418587, 0.04842390166595578, 0.009966911748051643, 0.00058617620379664, 0.0, 0.0]","[7.770044512962732e-05, 0.00010954649300811846, 0.00015746386056511292, 0.00022861614304545716, 0.0003306121907737515, 0.0004680301561274685, 0.0006340103675347129, 0.0007963989728852464, 0.0008851479152429528, 0.0008056062628184093, 0.0005182307458791902, 0.00016592779876929833, 6.3349736128510435e-06, 1.9929495532201033e-08, 0.0, 0.0]",0.07630215215559577,-0.05850927608394325,0.06354487857173656,"[0.04887783993035555, 0.057745701633393764, 0.06825764011591673, 0.08038595435209572, 0.09383374778553843, 0.10781010170467198, 0.12071030167862773, 0.129931008676067, 0.13173633557744324, 0.12169902608729899, 0.09642937732860446, 0.05757830443326384, 0.017799350258428603, -0.0014347797259688377, 0.0, 0.0]","[0.00017242501788467836, 0.00024111709487943114, 0.000337408578060323, 0.00046846935841517054, 0.000638819516690644, 0.000843744009006464, 0.0010575930991103485, 0.0012240779743068638, 0.0012554205059645447, 0.0010666214352550976, 0.0006637850433845488, 0.00023193723364715472, 2.0877975056875024e-05, 5.246443499124127e-07, 0.0, 0.0]"
alignment_nuisance,67#6,zero,aligned,global,0.1869176337832945,1.7227999936386216,0.1991040875889133,0.31900132245219487,0.0050443606004647555,0.13129511855714854,0.9869159360720635,0.7985294117647059,-9.721063167471207e-11,5.5313811084468476e-11,0.06755014810535215,"[-0.014734850210494699, -0.007733668960902662, 0.004735850816288689, 0.025252724693906714, 0.05616272918771159, 0.09750556410691047, 0.14251490345492357, 0.17004541578517873, 0.1394546322018808, 0.0057170787602842665, -0.22090528571124413, -0.39428960531949997, -0.28251221403479576, 0.0, 0.0, 0.0]","[4.1264934890067234e-05, 3.369221511943286e-05, 3.502123146026067e-05, 6.935875460676542e-05, 0.0001855043238673164, 0.00044905239498771996, 0.0008663156128058912, 0.0012026542308128, 0.0010714680959367714, 0.0016323537069291997, 0.007742455684028943, 0.017386939765680676, 0.00892635674348781, 0.0, 0.0, 0.0]",-0.12044423338567095,-0.05226466127995782,0.06971261374240117,"[-0.004212805789826746, 0.0032181835317928176, 0.016934666948600352, 0.040626301968174516, 0.07960661755025455, 0.13823256850723453, 0.21351366798894844, 0.28000093257194436, 0.27225341241917533, 0.09144394060959588, -0.289626199555471, -0.645141971585037, -0.576056219637394, 0.0, 0.0, 0.0]","[1.0649612046617376e-05, 1.706780667101571e-05, 4.7238846795765145e-05, 0.00014308326943977064, 0.0003975617128990415, 0.0009680806579784162, 0.0019649065022796855, 0.0029654517103133667, 0.0026738153843289723, 0.002384315307449806, 0.014476050329156123, 0.042150004019296895, 0.03356361856759371, 0.0, 0.0, 0.0]"
alignment_nuisance,67#6,zero,aligned,H1,0.5648807577624597,2.0293106605091396,0.00737761486399509,0.017845323968530825,0.00022016871312699888,0.13128050207107322,0.7473779323653963,0.8607843137254902,-1.5768836717415258e-09,4.710501476609782e-09,0.1219976135236617,"[-0.008269976900898257, -0.010257507736135096, -0.011074716996589018, -0.009504631072580594, -0.004093661353614664, 0.006200080042987111, 0.020341669245738103, 0.032586065326366764, 0.03300800368487522, 0.017157519074174843, 0.0007082031473215622, -1.3440847396850586e-05, 4.563480615615845e-06, 0.0, 0.0, 0.0]","[8.493661263686362e-07, 1.3053849124272046e-06, 1.4760663641021656e-06, 9.935647963290823e-07, 1.340922759883237e-07, 1.0669535926773368e-06, 7.6265281874853884e-06, 1.804198477694401e-05, 1.8060305036362536e-05, 4.867061675006777e-06, 7.870805051035223e-09, 2.0203453493516932e-11, 2.3292453035783645e-12, 0.0, 0.0, 0.0]",-0.1201045918014048,-0.0530043123875701,0.124362757946937,"[-0.013915271359543624, -0.019439937540006724, -0.025215518873210385, -0.029613734412535564, -0.02955365214764072, -0.0204307028370323, 0.0022395495934262044, 0.038083841499407356, 0.07414156700595242, 0.08417874349643956, 0.05154534117190224, 0.0003609980375749444, -3.7007033824920654e-05, 0.0, 0.0, 0.0]","[2.4924172547666815e-06, 4.885041032652501e-06, 8.18508898369487e-06, 1.1116014549480327e-05, 1.0634787056088909e-05, 4.443035214020889e-06, 8.999639481731818e-07, 2.6955906592965693e-05, 9.119009713350591e-05, 0.00011476963719923112, 4.2880272512252763e-05, 3.187550111125001e-09, 1.3851487665195172e-10, 0.0, 0.0, 0.0]"
alignment_nuisance,67#6,zero,aligned,direct_BC,0.18806673941773627,1.6800523197596717,0.2069922157771277,0.32107209710142975,0.005114084592478793,0.1308095989448387,0.9854194490229085,1.0,0.0,0.0,0.05964021607181007,"[-0.026463420363143086, -0.02684097527526319, -0.027389795053750277, -0.02843022858723998, -0.030583968851715326, -0.03531698044389486, -0.04571556951850653, -0.06777045223861933, -0.11158877890557051, -0.1895508673042059, -0.30188729614019394, -0.3911343030631542, -0.28066492453217506, 0.0, 0.0, 0.0]","[7.822766877309289e-05, 8.047569939675128e-05, 8.380107358545727e-05, 9.029144418016481e-05, 0.00010449764543071305, 0.00013936392378481534, 0.00023356659353734703, 0.000513423439998102, 0.0013922860780719902, 0.004017886022796919, 0.010192179543520752, 0.017109774975183525, 0.008810003284065365, 0.0, 0.0, 0.0]",-0.11977588802501586,-0.05258220063793843,0.06321992414620525,"[-0.01622685801703483, -0.017158366972580552, -0.01838043425232172, -0.020147913601249456, -0.02317074965685606, -0.02916614548303187, -0.042091730050742626, -0.07044747238978744, -0.13051509112119675, -0.24717098474502563, -0.4378223679959774, -0.6417878791689873, -0.5728336572647095, 0.0, 0.0, 0.0]","[2.6579090716552357e-05, 2.9718157306249518e-05, 3.4102772063900326e-05, 4.097931281547653e-05, 5.420602679242115e-05, 8.591038712882463e-05, 0.00017900098474566003, 0.0005016183069796929, 0.0017222655719321255, 0.006178107448033994, 0.01938653624690058, 0.04165912007092179, 0.033189147160772675, 0.0, 0.0, 0.0]"
alignment_nuisance,67#6,zero,aligned,AC,0.44486711268374945,1.3080204605171908,0.09640492067834021,0.13479238318003675,0.0018544060109089088,0.13331780847553473,0.9990719641175524,1.0,0.0,0.0,0.08570305793896851,"[0.019998544710688293, 0.029364813584834337, 0.04320035898126662, 0.06318758660927415, 0.09084035456180573, 0.12662246637046337, 0.1678888015449047, 0.20522979367524385, 0.21803539898246527, 0.17811044212430716, 0.0802738037891686, -0.0031419135630130768, -0.001851845532655716, 0.0, 0.0, 0.0]","[1.967480918609198e-05, 4.253847188124101e-05, 9.226172675010097e-05, 0.0001977469251878629, 0.00040920702335784016, 0.0007955700199646799, 0.001398830300309596, 0.002090357420001997, 0.002358453922127278, 0.0015711264412174705, 0.0003166540983867022, 1.1040339687358458e-06, 3.835386574758959e-07, 0.0, 0.0, 0.0]",-0.12322659786217735,-0.050880680380991264,0.08947690249712839,"[0.025929323979653418, 0.03981648827902973, 0.06053062004502863, 0.0903879520483315, 0.13233101787045598, 0.18782942555844784, 0.25336585054174066, 0.3123645596206188, 0.3286269214004278, 0.2544361692853272, 0.09665083489380777, -0.0037150848656892776, -0.003185524605214596, 0.0, 0.0, 0.0]","[2.952106219628951e-05, 6.98772114643455e-05, 0.00016192299925719676, 0.0003611792479915097, 0.0007741421021603024, 0.001559751503351105, 0.002840092939890982, 0.004318748736656719, 0.004780295805078553, 0.002861603840587591, 0.0004094288172697438, 1.395934531885426e-06, 1.026362917630301e-06, 0.0, 0.0, 0.0]"
alignment_nuisance,67#7,zero,aligned,global,0.45587059625194426,1.0659042431673353,0.20851559612881662,0.21734832307738602,0.0032684949805922357,0.08780647960017669,0.9984405365059744,0.8775,-5.2138867368237194e-11,2.687360627943968e-11,0.071372186535853,"[-0.00457034608227147, -0.015322180041586364, -0.031884849768410106, -0.05610119352726173, -0.08950531003414852, -0.13145650336892345, -0.17593619375164593, -0.20650195408347471, -0.19124114532893532, -0.0868824147505391, 0.1271689306588648, 0.36060901445229465, 0.36122801527380943, 0.047588549088686705, 0.0, 0.0]","[2.0852841363161067e-05, 3.3674023998680365e-05, 7.583117666102419e-05, 0.00018400133636867916, 0.0004190721011620897, 0.0008484677322925875, 0.0014592116043973414, 0.001978746090072268, 0.0018663961336838543, 0.0015086540562955406, 0.004959390820699648, 0.015277086567468198, 0.014594074019761552, 0.0002532953247311369, 0.0, 0.0]",0.0836561844718129,0.026676218849464983,0.07854906165019983,"[-0.0047855697902292604, -0.01675893978237397, -0.03570211780321131, -0.06425272753932632, -0.104252669816006, -0.15484797455259525, -0.2085140274974293, -0.24367770622322737, -0.21930161757314792, -0.08299120189392156, 0.18086277275741125, 0.44331068834681364, 0.4314258508384228, 0.03747898596338928, 0.0, 0.0]","[1.2858390571759367e-05, 2.8751940000113795e-05, 7.993341934489333e-05, 0.0002126206340674624, 0.000503331465632793, 0.0010340545847284085, 0.0017781158629271748, 0.0023422799883079685, 0.001969479842553905, 0.001204497539296068, 0.005279948481586992, 0.016966188001657154, 0.015709673505063762, 0.00011855988881332612, 0.0, 0.0]"
alignment_nuisance,67#7,zero,aligned,H1,0.8823301776377134,0.8015079621828641,0.003420267032035956,0.005236821656158424,4.031428322012312e-05,0.08684670579623674,0.9965686765549789,0.92625,-3.929972672703328e-09,4.482850582962182e-09,0.12546503452986477,"[0.006210737741259464, 0.007269579210877453, 0.007826521819644938, 0.007392599546314216, 0.005388343493684999, 0.0013553044255729674, -0.004570285637406357, -0.010923422372112412, -0.014443999322215184, -0.011759640695777118, -0.004472657049280571, -0.0004153146954726239, 1.6926787793636322e-05, 1.6184058040380478e-06, 0.0, 0.0]","[4.960209140620646e-07, 6.74969635643744e-07, 7.678619134286604e-07, 6.564147130473962e-07, 3.105478945539854e-07, 1.8832672630496044e-08, 4.908253188427044e-07, 2.1475559107503923e-06, 3.519501942253437e-06, 2.2868856441413013e-06, 3.26219509386946e-07, 2.558160985831214e-09, 3.204773686010798e-11, 2.929682321392568e-13, 0.0, 0.0]",0.08260860728151655,0.026798654847507347,0.12760734234013135,"[0.009136318289264977, 0.010804831465140552, 0.011791943007793293, 0.011110989604446786, 0.007823095568355143, 0.00112995795085169, -0.00865940408750987, -0.0186835144106432, -0.02324750313688284, -0.017380440023291477, -0.0050609821786729015, -0.0004380994917445591, -8.982233703136444e-05, -7.757567800581455e-06, 0.0, 0.0]","[1.0395062927837836e-06, 1.4429596489038055e-06, 1.706924447821832e-06, 1.4600964947768186e-06, 6.468570162934755e-07, 2.9009183168655017e-08, 1.494940200117849e-06, 5.818169347625855e-06, 8.609092087627839e-06, 4.765084456884778e-06, 4.066382084605563e-07, 4.3376395825607495e-09, 6.809550215369775e-10, 5.079340505869442e-12, 0.0, 0.0]"
alignment_nuisance,67#7,zero,aligned,direct_BC,0.4794146803994164,1.0367181066566948,0.2132526622017327,0.219936253720451,0.003251219061724707,0.08726066837159312,0.9994315560207493,1.0,0.0,0.0,0.0596283618834154,"[0.021265321178361773, 0.022220243467018008, 0.023553716717287898, 0.025592535734176636, 0.029062362853437662, 0.03542218171060085, 0.047454425133764744, 0.07010314892977476, 0.11113557871431112, 0.1798451729118824, 0.2786042056977749, 0.37651222571730614, 0.3590087927877903, 0.04730137204751372, 0.0, 0.0]","[5.0518933957490874e-05, 5.5158719848885445e-05, 6.197971807295747e-05, 7.317865151072484e-05, 9.437715683459141e-05, 0.0001402258254023655, 0.00025172254149757704, 0.0005494581298338738, 0.0013811372538895502, 0.0036172059955873193, 0.00868110430690873, 0.01585507719142644, 0.01441530602182918, 0.0002502474895266229, 0.0, 0.0]",0.08306427901880341,0.026734804950542028,0.06855897625525968,"[0.020466212183237076, 0.021450415486469865, 0.022869688807986677, 0.025099551305174828, 0.029006529366597533, 0.03634930425323546, 0.05051651014946401, 0.07758489763364196, 0.1271857339888811, 0.21096188016235828, 0.33209094032645226, 0.4522751048207283, 0.428321298211813, 0.03721124981530011, 0.0, 0.0]","[3.531193371846813e-05, 3.879046775576026e-05, 4.4095125941430465e-05, 5.311698723420896e-05, 7.094916088192606e-05, 0.00011143666177372834, 0.00021527726222162277, 0.000507895731567359, 0.001365091456287602, 0.0037560539120994225, 0.009308030207458344, 0.01726464220060847, 0.015484392550822665, 0.00011687204221559096, 0.0, 0.0]"
alignment_nuisance,67#7,zero,aligned,AC,0.6685901683183667,0.8366283486256796,0.13125193825137543,0.13806962843899462,0.0016148395934289397,0.08866725978708122,0.9993400675546315,1.0,0.0,-1.5733988585981626e-18,0.08546156818750544,"[-0.03204640559852123, -0.044812005246058106, -0.06326509220525622, -0.08908632956445217, -0.12395602557808161, -0.16823398135602474, -0.21882035955786705, -0.26568169705569744, -0.2879327032715082, -0.2549679595977068, -0.14696260169148445, -0.015487901167944074, 0.0022022584453225136, 0.0002855559578165412, 0.0, 0.0]","[5.075042532777052e-05, 9.942867911564164e-05, 0.00019854779246517777, 0.00039408248604088356, 0.0007634321200572971, 0.0014067404802065994, 0.0023800738966379097, 0.0035080665336328434, 0.0041183548978431656, 0.0032267138888936314, 0.001068829835083585, 1.1498700796973638e-05, 5.424384373698202e-07, 9.120204025816364e-09, 0.0, 0.0]",0.08458826742248694,0.026583979623291627,0.090227513294149,"[-0.034388100379146636, -0.04901418706867844, -0.0703637502156198, -0.10046327230520546, -0.14108229940757155, -0.1923272251151502, -0.25037113716825843, -0.30257908906787634, -0.3232398573309183, -0.2765726437792182, -0.14616720005869865, -0.008526317833457142, 0.0031943893991410732, 0.0002754922606982291, 0.0, 0.0]","[5.192725115367557e-05, 0.00010559301951835867, 0.00021796595923429972, 0.00044490408689332677, 0.0008781690428654972, 0.0016324505508329994, 0.0027669944941639967, 0.0040413133377271366, 0.004610554360379587, 0.003371673102874854, 0.0009376943926097015, 3.115040388069423e-06, 8.612527276363486e-07, 6.405912893551053e-09, 0.0, 0.0]"
alignment_nuisance,67#14,zero,aligned,global,0.20891037181703448,1.4655777663417993,0.2568564964777298,0.334041146139585,0.005535928976150169,0.07468075458678507,0.9925245575294495,0.8479616306954436,-4.852802438200776e-15,4.313291757380825e-14,0.047875097138760876,"[-0.0112335113600599, -0.01995234207820129, -0.03220466026806612, -0.048480008406381, -0.06826926492256824, -0.08877324086311411, -0.10280599730432916, -0.09628983032467042, -0.04761970479021005, 0.06425370143693243, 0.22971695268836712, 0.35426630079746246, 0.27770689129829407, 0.0, 0.0, 0.0]","[8.209724514844248e-05, 9.391195781658076e-05, 0.00012320681278026028, 0.00018838697023181085, 0.00031096698243644706, 0.0004948440849839456, 0.0006944958052771142, 0.0008741871491545257, 0.0015160914753032612, 0.004917654565043401, 0.014855067076469445, 0.02590482909410885, 0.01591952056405993, 0.0, 0.0, 0.0]",0.06984635958096908,0.026432955925117237,0.042412345823435914,"[-0.01802383304735411, -0.030638627372790772, -0.04882377836542062, -0.07373683158483146, -0.105169021888317, -0.13945945255483583, -0.16553994399251515, -0.16074746388490313, -0.08958824202603742, 0.07745450088881967, 0.30096639726809116, 0.402850866317749, 0.3486302047967911, 0.0, 0.0, 0.0]","[6.501512723957761e-05, 0.0001029049893218791, 0.0001968401450301116, 0.0004017753510200864, 0.0007834876943297615, 0.0013481349595790627, 0.0018736531683874566, 0.0018704373927242934, 0.0017015548866959954, 0.006271697435284166, 0.02414332657064603, 0.04163787142807196, 0.031186788165917245, 0.0, 0.0, 0.0]"
alignment_nuisance,67#14,zero,aligned,H1,0.8719210754366663,0.8304395687511095,0.0010135616859620138,0.0015635701406662098,1.2377966608719737e-05,0.07709202645611485,0.989781896187586,0.8959232613908873,-4.8738492473898293e-11,3.427760701465144e-09,0.11825209376723284,"[0.0009623808062864114, 0.001115816190261576, 0.0011624410387280903, 0.0010024254902472052, 0.0005135889422636097, -0.0004088456083568559, -0.001761666733016698, -0.003286048230214167, -0.004334766818007152, -0.004020496197377099, -0.002077986775358198, 2.0463019609451294e-05, 1.3120472431182861e-05, 0.0, 0.0, 0.0]","[1.1631741102796085e-08, 1.557440406716645e-08, 1.638609547995889e-08, 1.1116955686199711e-08, 2.166352886418219e-09, 7.81059702995859e-09, 6.658944146331332e-08, 2.0250760215653888e-07, 3.354666322185531e-07, 2.829800770921305e-07, 7.495542893308937e-08, 8.641812265786086e-11, 3.5545011378701474e-11, 0.0, 0.0, 0.0]",0.07233990045683482,0.026648067859423735,0.11870343938497736,"[0.0020689850237802787, 0.0023696730063607063, 0.0024267360161154272, 0.0020397031522563225, 0.001052369931100472, -0.0006996085497279481, -0.002962200816144289, -0.0053752987414132924, -0.0064959675324995775, -0.005348005565934955, -0.0025609355124132094, 1.4314427971839905e-05, 4.429370164871216e-06, 0.0, 0.0, 0.0]","[6.497139273674963e-08, 8.378519185839617e-08, 8.459574568769258e-08, 5.642583244263277e-08, 1.8316088140943726e-08, 3.2718541737601345e-08, 1.7977650498841022e-07, 5.342234186362874e-07, 7.596816705179527e-07, 5.132135580099531e-07, 1.1698601464617025e-07, 5.259095589571494e-11, 5.034424266359139e-12, 0.0, 0.0, 0.0]"
alignment_nuisance,67#14,zero,aligned,direct_BC,0.22924304112919458,1.369514382521118,0.2843131769383961,0.33908154319763806,0.005726043896432424,0.0771032334635075,0.9890361435168821,1.0,0.0,0.0,0.04326245654434895,"[0.035101705230772495, 0.03799832332879305, 0.04159778542816639, 0.04643138591200113, 0.05336378049105406, 0.0640297532081604, 0.08122524060308933, 0.10930988565087318, 0.15394290536642075, 0.21928464993834496, 0.2984071895480156, 0.3508375510573387, 0.27542293071746826, 0.0, 0.0, 0.0]","[0.00025253347419079177, 0.00029597733635118757, 0.0003547997139339322, 0.00044223469612166087, 0.0005845293527872936, 0.0008423092684507055, 0.0013569813731842198, 0.0024604503400707245, 0.004884848258050634, 0.009918838487147155, 0.018375921954414676, 0.02540581637465983, 0.015658741951440902, 0.0, 0.0, 0.0]",0.07239941504749575,0.026518546553470645,0.037164257425475425,"[0.02391731459647417, 0.025779821444302797, 0.02811991050839424, 0.031261805444955826, 0.03596687223762274, 0.043781583197414875, 0.057696323841810226, 0.08306513540446758, 0.12826173938810825, 0.202867079526186, 0.3070654645562172, 0.39995478093624115, 0.3463370054960251, 0.0, 0.0, 0.0]","[0.00014581282717620204, 0.0001694205066316496, 0.00020160781145967368, 0.00024925321762805366, 0.00033010138335352055, 0.0004895332949010596, 0.0008510811131122193, 0.0017661395532627376, 0.004215227540391293, 0.010552482973096702, 0.02418641785091341, 0.0410413543105389, 0.03077786055482623, 0.0, 0.0, 0.0]"
alignment_nuisance,67#14,zero,aligned,AC,0.7371921306973117,0.8122492230506239,0.11629552313060983,0.1381556378201779,0.0013891315927515252,0.0625197369397536,0.9832829988002569,0.9862068965517241,0.0,1.0020613072076421e-18,0.0614771057687026,"[-0.04729759832844138, -0.05906647723168135, -0.07496488373726606, -0.09591382183134556, -0.12214662414044142, -0.15239415504038334, -0.18226957321166992, -0.20231367833912373, -0.1972278468310833, -0.15101046301424503, -0.06661228556185961, 0.0034082606434822083, 0.002270825207233429, 0.0, 0.0, 0.0]","[0.00014730948577933829, 0.00023189828623167033, 0.00037659900587884106, 0.0006209684456193333, 0.0010126201864869655, 0.0015820815300642151, 0.0022677514047574985, 0.002794794709014209, 0.0026510111329205365, 0.0015439795002295045, 0.0002921728822185254, 2.3976843686497606e-06, 1.064446652921519e-06, 0.0, 0.0, 0.0]",0.056865471877630726,0.025981447518380888,0.05974671655203039,"[-0.04401013453025371, -0.05878812074661255, -0.07937042461708188, -0.10703833657316864, -0.14218825940042734, -0.1825414253398776, -0.22027407959103584, -0.23843730753287673, -0.21135402051731944, -0.1200645724311471, -0.0035381386551307514, 0.0028817933052778244, 0.00228876993060112, 0.0, 0.0, 0.0]","[0.0001502152641576133, 0.0002696857055825039, 0.0004943721173497799, 0.0009030930036015186, 0.0015988064701833765, 0.0026409100544659706, 0.003850039272300365, 0.004509741341744864, 0.00353539798071214, 0.001130035662931787, 1.2085172861622055e-06, 2.1307305106167684e-06, 1.3441406734662764e-06, 0.0, 0.0, 0.0]"
alignment_nuisance,67#21,zero,aligned,global,0.26778714355515765,1.3920177324679222,0.17544275733179557,0.2232487606806374,0.003591462194690088,0.06865859752975047,0.9984777670904824,0.8492349234923492,-4.109766939263774e-15,5.9758212800505336e-12,0.046683843930815726,"[-0.012002789860058982, -0.018620269754095364, -0.026616150486890255, -0.03543936483347254, -0.043575940067849483, -0.047849011698287036, -0.04261568388726045, -0.019429740821611863, 0.031090004746292393, 0.11127768897765497, 0.19674100046279674, 0.21061020845081657, 0.07118160277605057, 0.0, 0.0, 0.0]","[6.348006145510455e-05, 7.097163689940601e-05, 8.93080806424602e-05, 0.00012345341392812207, 0.00017639294082332136, 0.00025211992341083416, 0.0003902623414054248, 0.0007977650470530485, 0.0021250383354943485, 0.005481480688852782, 0.010347720418746376, 0.009801559086212714, 0.001060609125259366, 0.0, 0.0, 0.0]",0.05557378531630603,0.040318201855375414,0.04521728211495308,"[-0.011654912388275207, -0.019395953600527704, -0.028928193794730106, -0.039614451463254596, -0.04968295567094394, -0.05549142967607246, -0.05076427545181872, -0.026498756499268694, 0.026647127732635112, 0.1098538968059846, 0.19761607565056938, 0.2176531601289753, 0.08423858508467674, 0.0, 0.0, 0.0]","[0.0001064651145987245, 0.00013301979474662415, 0.00018166042726945174, 0.00026654660296297143, 0.0004088683609398112, 0.0006512497585655401, 0.0011152927697233657, 0.0021583251953477107, 0.004604675563614541, 0.009462336470967331, 0.015276396508646333, 0.013643169472205376, 0.001832003105852728, 0.0, 0.0, 0.0]"
alignment_nuisance,67#21,zero,aligned,H1,0.9139734843213015,2.025500466175692,0.0006638754736460009,0.0019241852157366624,1.9774707078714458e-05,0.06718964998081452,0.9982744297456599,0.8744374437443745,-6.13295923732695e-10,5.6501176005204236e-09,0.11449251193644959,"[9.934588807780642e-05, -0.0001148662731371708, -0.00044596450149736455, -0.000903152791032813, -0.0014621689950859995, -0.002036616646234002, -0.0024498634954117637, -0.0024439671306356603, -0.0018111046827839206, -0.0007481174698360793, -0.00011602663550691616, 4.448695108294487e-06, 1.5632249414920807e-06, 0.0, 0.0, 0.0]","[3.7688357443092553e-10, 1.6273247746352146e-09, 6.65892375208916e-09, 1.9594095748618694e-08, 4.457227496256747e-08, 8.02789913078398e-08, 1.1124975776367835e-07, 1.0788339551615328e-07, 5.8391281070165394e-08, 9.864992791636572e-09, 2.2782578438729343e-10, 4.385680476754242e-12, 5.117820230104986e-13, 0.0, 0.0, 0.0]",0.05421541131797712,0.039688016102478955,0.11320288524718217,"[0.000654177831512115, 6.965506728739967e-05, -0.0008867159848371386, -0.0022497920106765434, -0.00394931703929835, -0.005722381984702096, -0.007032845284719258, -0.007104594548355436, -0.005307044043670772, -0.0021817161771788413, -0.00030637795383636757, 1.802839688025415e-05, 7.546506822109222e-06, 0.0, 0.0, 0.0]","[4.462794169791785e-09, 8.891668580125892e-09, 4.2416744509286527e-08, 1.4362922417965025e-07, 3.541448922331547e-07, 6.678596657328111e-07, 9.49879740545673e-07, 9.347995972273472e-07, 5.098892250884532e-07, 8.479794594537734e-08, 1.6081278134366353e-09, 9.441617159212071e-11, 1.4702262844668024e-11, 0.0, 0.0, 0.0]"
alignment_nuisance,67#21,zero,aligned,direct_BC,0.3552848214568722,1.2990866008645487,0.2148507605840492,0.2701582888449659,0.004104555062651403,0.06842156811546553,0.9988546700489886,1.0,0.0,0.0,0.04228526247650652,"[0.03297318238765001, 0.03534073103219271, 0.03886583540588617, 0.044315969571471214, 0.052870532497763634, 0.06632045656442642, 0.08716672286391258, 0.1182703971862793, 0.1612221784889698, 0.21161288768053055, 0.24866100400686264, 0.22137857228517532, 0.07061829417943954, 0.0, 0.0, 0.0]","[0.00022324093321404205, 0.00025664764945140285, 0.000310768588245006, 0.00040473024603460833, 0.000577363198131748, 0.0009108728448205712, 0.0015777310821509932, 0.0029115772750406, 0.005420598079778599, 0.009351054593754182, 0.012923200218893094, 0.010249175637595642, 0.0010438889764339404, 0.0, 0.0, 0.0]",0.05538386358539976,0.04017634425545858,0.03961200085189028,"[0.03240734664723277, 0.03653830708935857, 0.04238464869558811, 0.05085404496639967, 0.06328341830521822, 0.08154327794909477, 0.1079473439604044, 0.14463653415441513, 0.19163399189710617, 0.24212246015667915, 0.2733839079737663, 0.2369401417672634, 0.08343359269201756, 0.0, 0.0, 0.0]","[0.0002683960478227622, 0.00034140093241290096, 0.0004597921353007659, 0.000662623636000839, 0.0010273933346641078, 0.0017080357108233482, 0.0029969228292415807, 0.005385932247557318, 0.009462440695443719, 0.015114122996174609, 0.019276789557628404, 0.01448449412862797, 0.0017971567799416992, 0.0, 0.0, 0.0]"
alignment_nuisance,67#21,zero,aligned,AC,0.6867277004525624,0.8839226312858771,0.0872986605028645,0.10385340318009428,0.001134783260285654,0.06979233694899867,0.9977200113016663,1.0,0.0,8.89150199967317e-19,0.05684655948679638,"[-0.045075320173054934, -0.05384613526985049, -0.06503602443262935, -0.07885219249874353, -0.09498430415987968, -0.11213283985853195, -0.1273325365036726, -0.13525617308914661, -0.1283210776746273, -0.09958708751946688, -0.051803985144943, -0.01077279495075345, 0.0005617416463792324, 0.0, 0.0, 0.0]","[0.00014366876182769967, 0.0002086655763323568, 0.0003093601689614422, 0.0004613121876672737, 0.0006773899889525108, 0.0009528171632562136, 0.0012367714446460698, 0.0014010928078253635, 0.001262526204580637, 0.000757760187487633, 0.00020169677996498595, 7.928801133115062e-06, 6.605295909409628e-08, 0.0, 0.0, 0.0]",0.05655734427221365,0.040892995802177,0.059508766145656845,"[-0.044716437289025635, -0.056003915378823876, -0.0704261272912845, -0.08821870747487992, -0.10901706083677709, -0.1313123176805675, -0.15167876821942627, -0.16403070860542357, -0.15967981074936688, -0.1300868485122919, -0.075461465283297, -0.019305004214402288, 0.0007974468171596527, 0.0, 0.0, 0.0]","[0.00014322606622592745, 0.00022700703898225004, 0.00036228862316496635, 0.0005728265383977504, 0.0008799396085466346, 0.0012820454010253602, 0.0017149674238289001, 0.002007352778905226, 0.0018997821339623796, 0.0012545503008888964, 0.00041589082718365505, 2.548843581876603e-05, 1.641751565055992e-07, 0.0, 0.0, 0.0]"
alignment_nuisance,67#26,zero,aligned,global,0.3806925607693087,1.1392745283890091,0.18121770112370175,0.18958629985417316,0.0030361281026977313,0.05316868003144214,0.9967991531886704,0.8824300699300699,-1.5731565563679593e-15,3.067242599566952e-14,0.04728267548905446,"[0.010359981296497622, 0.005181858688874996, -0.0023522924974805903, -0.012768515452190599, -0.026165787118541672, -0.04146849367188166, -0.055065940552700976, -0.05884266887040335, -0.03859268827179152, 0.0233897677593497, 0.13158117904857214, 0.23263470036908984, 0.17812088504433632, 0.0, 0.0, 0.0]","[9.896221424691111e-05, 8.740967205907192e-05, 7.649013346219173e-05, 7.439715772826505e-05, 9.513815119657651e-05, 0.0001540602285100028, 0.00025605088881067644, 0.0004097956693942926, 0.0008274905267522599, 0.00257114547387116, 0.007742677642586111, 0.013822821814448409, 0.00662341562749337, 0.0, 0.0, 0.0]",0.05316313778763444,-0.000767669758851206,0.047480142237851464,"[0.004558183457512577, -0.0010154525269268078, -0.00923099761752777, -0.020665936775807303, -0.035360760186040174, -0.051927319542845574, -0.06598821343165806, -0.06800984329250581, -0.04173459811035252, 0.0316130597249929, 0.15175776700002785, 0.250511675956659, 0.17297583632171154, 0.0, 0.0, 0.0]","[5.625583539945737e-05, 5.127437113081676e-05, 5.025461232058185e-05, 6.282200588779469e-05, 0.00010384191957772023, 0.00018624825427193366, 0.0003059297960973648, 0.00046506668298614565, 0.0009353259584118914, 0.003044527954109731, 0.009133446106570032, 0.015317261942222849, 0.00623070965341015, 0.0, 0.0, 0.0]"
alignment_nuisance,67#26,zero,aligned,H1,0.9404400517428592,1.0779363318713013,0.0006626126185874818,0.0013009500276964217,1.0503738463703347e-05,0.05374063545363568,0.995139952737192,0.9165209790209791,-4.869891924453779e-10,5.5285264696424135e-09,0.11445034349447403,"[0.00022542927312407812, 0.00025049209390104465, 0.00018867731622762562, -8.075331717094514e-06, -0.0003879087914793189, -0.0009737860806029452, -0.0017148906882691328, -0.002417990021405192, -0.0027064630976103565, -0.0021658415004047193, -0.0009071205782849034, 5.64532820135355e-06, 4.563480615615845e-06, 0.0, 0.0, 0.0]","[4.1187201143551375e-10, 5.120461934482994e-10, 4.372617699347846e-10, 1.1401424029611218e-09, 6.313426371450733e-09, 2.3716226945917623e-08, 6.147167386178249e-08, 1.1236170465163725e-07, 1.3448316494964298e-07, 8.379368700420331e-08, 1.4401701140341677e-08, 8.229456907458054e-12, 4.345551696260941e-12, 0.0, 0.0, 0.0]",0.053740369645189086,-0.00016886429425176308,0.1149835385362993,"[0.0007668256667523465, 0.0007809270566117021, 0.0005958207471445931, 0.00010727215714378957, -0.0007811797982411051, -0.0020945899055719863, -0.0036708339687470115, -0.005016129594272334, -0.00528721936179033, -0.0037963148450154693, -0.0013285034966870057, 9.225666872225702e-06, 5.670823156833649e-06, 0.0, 0.0, 0.0]","[5.432497124857142e-09, 5.3490912658894974e-09, 2.8543947582437916e-09, 3.0313527032074713e-09, 2.4866676637100688e-08, 1.0532996075009632e-07, 2.7454379000780494e-07, 4.758214585042096e-07, 5.081755159553167e-07, 2.562199426626936e-07, 3.081917129614279e-08, 2.0424810360416594e-11, 6.69808739722777e-12, 0.0, 0.0, 0.0]"
alignment_nuisance,67#26,zero,aligned,direct_BC,0.48877383972542315,1.023613647010578,0.22446628230341248,0.2298991191929531,0.0033789227920515003,0.05328109460481518,0.9993653129764096,1.0,0.0,0.0,0.04245721869694495,"[0.03121092077344656, 0.03243986889719963, 0.03412632457911968, 0.03670473210513592, 0.04096443671733141, 0.04841969255357981, 0.061741363257169724, 0.0851896833628416, 0.12430143356323242, 0.18264256417751312, 0.25073590129613876, 0.2817445620894432, 0.1767866052687168, 0.0, 0.0, 0.0]","[0.00019939627659700844, 0.00021545148600700392, 0.00023853528208345534, 0.0002761665607260303, 0.0003444776990761695, 0.0004823546933279835, 0.0007866584696416025, 0.0015026353492030887, 0.003208655309129463, 0.006942793662589042, 0.013103565063056544, 0.016559865363102166, 0.006524556676575713, 0.0, 0.0, 0.0]",0.0532771306324533,-0.0006499183485418239,0.0426261243040559,"[0.025601163040846586, 0.02720250329002738, 0.02933854702860117, 0.032475792802870274, 0.037473407573997974, 0.04596893675625324, 0.06083510257303715, 0.08660831954330206, 0.1290562804788351, 0.19148920103907585, 0.2626073434948921, 0.29067740216851234, 0.1716820951551199, 0.0, 0.0, 0.0]","[0.00013410058473957496, 0.00015143785325940728, 0.0001762395835600253, 0.00021613911639546375, 0.00028820958232952205, 0.0004346647249634985, 0.000763395924399184, 0.0015517433420685145, 0.0034540383581297927, 0.007617692518201255, 0.014342920575255796, 0.017585167719677983, 0.006137855122715644, 0.0, 0.0, 0.0]"
alignment_nuisance,67#26,zero,aligned,AC,0.8027718636781188,0.6317875732790755,0.09388690681812976,0.09497352481491221,0.0008723026620780133,0.052734735773696494,0.9985504195678279,1.0,0.0,-7.687413256519605e-19,0.057152655657616395,"[-0.02107636840082705, -0.027508505852892995, -0.03666729247197509, -0.04946516640484333, -0.06674231635406613, -0.08891439996659756, -0.11509241536259651, -0.14161436259746552, -0.16018765978515148, -0.15708696097135544, -0.11824760306626558, -0.04911549063399434, 0.0013297302648425102, 0.0, 0.0, 0.0]","[3.07797079774937e-05, 5.360080558381411e-05, 9.704544365606507e-05, 0.0001793716110655693, 0.00033037735452467375, 0.0005911863076765312, 0.0009958926123494818, 0.0015123724662580618, 0.001937258319275504, 0.0018610650505829812, 0.0010486662363690389, 0.00017676622554512405, 3.6913101184466585e-07, 0.0, 0.0, 0.0]",0.05272050762868201,-0.0012249214242828288,0.05808927983023324,"[-0.021809802536154166, -0.028998882160522044, -0.0391653657425195, -0.053249002899974585, -0.07205298403277993, -0.09580166835803539, -0.12315248185768723, -0.149602031102404, -0.16550365556031466, -0.15607981896027923, -0.1095210777129978, -0.04017497831955552, 0.0012880535796284676, 0.0, 0.0, 0.0]","[3.271416211082912e-05, 5.890813065184764e-05, 0.00010911687535492252, 0.00020422333144507455, 0.0003773544585250984, 0.0006713280968245632, 0.0011139820182444438, 0.001648196534661862, 0.0020192782988982406, 0.0017930930505949331, 0.0008769451201827735, 0.00011448484927234471, 3.454890018157221e-07, 0.0, 0.0, 0.0]"
alignment_nuisance,67#33,zero,aligned,global,0.4055286848017415,1.2068199588790747,0.306842997133586,0.36621110721293354,0.00544565078210421,0.09845473910987755,0.9984101600671427,0.873446847676024,-8.406737209266106e-13,2.729971445150825e-11,0.06201272431656079,"[0.019011335493583914, 0.030882612433927648, 0.049069919371458326, 0.07572734141920634, 0.1118756281550759, 0.154337286709346, 0.18969710637467596, 0.18615722540982305, 0.09222223988468835, -0.1341086680574648, -0.42903221310546424, -0.5953167006373405, -0.45173222571611404, 0.0, 0.0, 0.0]","[2.390232474956108e-05, 5.798107986547222e-05, 0.00013571531075295856, 0.0003020154573196793, 0.0006202942967642966, 0.0011170952229025487, 0.0016015564817648958, 0.0014871358666262418, 0.000789190153326952, 0.004297758960794004, 0.02098416221290445, 0.039811710928108535, 0.02292410659404226, 0.0, 0.0, 0.0]",-0.0007496616715202851,0.09845188502994233,0.06519194369676982,"[0.016131189317256656, 0.029387554941671112, 0.05124913549500576, 0.08533603483177643, 0.1340993440704743, 0.19409726137325833, 0.24647353759805668, 0.2448576548673036, 0.11708400591817836, -0.18855494468400025, -0.562230179363084, -0.759506244212389, -0.5147896893322468, 0.0, 0.0, 0.0]","[2.321767895746718e-05, 6.2076134538974e-05, 0.00015878284709482516, 0.000382074438807952, 0.0008394092555066921, 0.0015955456591942743, 0.0023649325849664418, 0.0021811655947993557, 0.0011127050815297004, 0.00706890923266236, 0.032640996747085496, 0.05870845299119733, 0.02697230679978184, 0.0, 0.0, 0.0]"
alignment_nuisance,67#33,zero,aligned,H1,0.8493574811230087,1.5439673483357141,0.004896434004030364,0.011263282511662597,0.00011117550331622918,0.09824003768712417,0.9990772476202402,0.9217671421997239,2.0641380965997283e-10,6.7354203339731295e-09,0.12127356161312992,"[-0.005302127033477433, -0.005819373055416577, -0.00546252071676534, -0.003500832580375146, 0.0008422257717484172, 0.007822607753336541, 0.016098913480543153, 0.021811669820288704, 0.0204553837582011, 0.011364777475378673, 0.0008319404842689337, -7.802620530128479e-05, -5.2648596465587616e-05, 0.0, 0.0, 0.0]","[3.817152311985485e-07, 4.505967046731972e-07, 3.7910267779695236e-07, 1.330883877850883e-07, 4.583687142796457e-08, 1.1506520674102953e-06, 4.422954138782805e-06, 7.92005009100699e-06, 6.944130756683974e-06, 2.1354119248918427e-06, 1.0531804552740427e-08, 6.83903478987391e-10, 3.1139613543978983e-10, 0.0, 0.0, 0.0]",-0.00039448887255390865,0.09823925237143971,0.12248139380644861,"[-0.011491599623532522, -0.013221985294627814, -0.01317792506031168, -0.009509510166175517, -7.132325606917789e-05, 0.016178035111238387, 0.036301855594636834, 0.05079583295861356, 0.04860121763852576, 0.026765675477946616, 0.00287555037694176, -0.00031847693026065826, -0.0002017812803387642, 0.0, 0.0, 0.0]","[1.7731003545844352e-06, 2.3096119176732538e-06, 2.2136888596076902e-06, 1.0312796636727466e-06, 7.727617411598312e-08, 4.916017472029964e-06, 2.2114177137388994e-05, 4.220426302034489e-05, 3.848452703008778e-05, 1.1600808644330286e-05, 1.2231596862704686e-07, 1.0322701183423932e-08, 4.1439938780821195e-09, 0.0, 0.0, 0.0]"
alignment_nuisance,67#33,zero,aligned,direct_BC,0.40114198517237376,1.2132658745234304,0.3038495180247386,0.3636198537888711,0.005421327223673635,0.09840920172779113,0.9985458579560639,1.0,0.0,0.0,0.058827753969663846,"[-0.0026445720286574215, -0.003238181088818237, -0.004220167698804289, -0.005904189019929618, -0.009189254604279995, -0.016138273058459163, -0.03125641494989395, -0.06365063320845366, -0.1294463835656643, -0.25008320063352585, -0.43133797496557236, -0.5910499915480614, -0.44918475672602654, 0.0, 0.0, 0.0]","[7.800066825244511e-07, 1.169726086945691e-06, 1.987860238121611e-06, 3.89437730328374e-06, 9.445510196948032e-06, 2.9173149561541605e-05, 0.00010956127129890976, 0.00045470216388586535, 0.0018814850015506507, 0.007024210811738818, 0.020898754237533346, 0.039243082987560796, 0.022666282500228188, 0.0, 0.0, 0.0]",-0.0006658126822304793,0.09840694933882094,0.062073083158549244,"[-0.003809547401033342, -0.004561204113997519, -0.005692497390555218, -0.007696563843637705, -0.011758775217458606, -0.020623940275982022, -0.04031913145445287, -0.08304850989952683, -0.17031774297356606, -0.32997296191751957, -0.565652959048748, -0.7549904026091099, -0.5119999758899212, 0.0, 0.0, 0.0]","[1.4616312116630264e-06, 2.096156171335912e-06, 3.2673380323468464e-06, 5.98067255657559e-06, 1.3986473392489418e-05, 4.311605653211579e-05, 0.00016506750338571703, 0.0007011019350611702, 0.0029505596769561857, 0.011078522967324738, 0.03256107689204307, 0.05801239486731992, 0.026680765899452633, 0.0, 0.0, 0.0]"
alignment_nuisance,67#33,zero,aligned,AC,0.6093887637600873,0.9657987618490963,0.1008252610416479,0.11704413954312898,0.001432013415840228,0.09878080505132836,0.9996980028422133,0.9668874172185431,-6.665789276562691e-19,0.0,0.082084585958385,"[0.026958034140989184, 0.03994016768410802, 0.05875260941684246, 0.0851323613896966, 0.12022265698760748, 0.16265296377241611, 0.20485461130738258, 0.2279961872845888, 0.20121321454644203, 0.10460976464673877, 0.0014737777528353035, -0.004188641905784607, -0.0024947840720415115, 0.0, 0.0, 0.0]","[3.680409752543026e-05, 8.097264673453817e-05, 0.000175590232380904, 0.0003692601833324865, 0.0007372488248347025, 0.00135045689739336, 0.002142731936296308, 0.0026532226833825383, 0.0020629086838341113, 0.0005532188729811137, 6.481153196719775e-07, 1.9708986777507154e-06, 6.991914235296437e-07, 0.0, 0.0, 0.0]",-0.0014400754762472102,0.09877030742693499,0.08434975739926227,"[0.03143233613809571, 0.04717074439395219, 0.07011956057976931, 0.10254210769198835, 0.14592944993637502, 0.19854316487908363, 0.2504908093251288, 0.2771103368140757, 0.23880053078755736, 0.11465235892683268, 0.0005472135017043911, -0.004197345115244389, -0.002587932161986828, 0.0, 0.0, 0.0]","[4.633499338828219e-05, 0.00010468828800480169, 0.00023190475877455275, 0.0004968918814881125, 0.001007796904579654, 0.0018675663116229798, 0.0029751504506697266, 0.00364296241716464, 0.002703790245819876, 0.0006193439606128349, 4.256987404596686e-07, 1.7930366033843195e-06, 6.81653922147106e-07, 0.0, 0.0, 0.0]"
alignment_nuisance,67#34,zero,aligned,global,0.19474120409127876,1.3751098233472812,0.21775567109330723,0.2522722209012322,0.004403499447205682,0.08574910090315731,0.9992901779522165,0.8554913294797688,-1.8977955191695742e-15,1.9130007483291858e-14,0.04625668675596624,"[-0.0072197011282522094, -0.017772028895488567, -0.03286527265711037, -0.05309636788319505, -0.0775657871880342, -0.10181364878088894, -0.11466728454539232, -0.09541580484040504, -0.017583923169458913, 0.12673786418032584, 0.2695900148793682, 0.3013373464345932, 0.1118219643831253, 0.0, 0.0, 0.0]","[5.1284931641955604e-05, 5.329765914474699e-05, 8.338691308168504e-05, 0.00017378917366452377, 0.000356792945212255, 0.0006099574691975629, 0.0007659872853939294, 0.0006331862286773337, 0.0010873043013371283, 0.005850086295790154, 0.01618477610667792, 0.018955653683422558, 0.002612029300054844, 0.0, 0.0, 0.0]",-0.02113915288599902,-0.08310261440507823,0.043222337766783456,"[-0.007651478759171049, -0.020037851177775234, -0.03760084242328032, -0.0608841340368067, -0.08861063891265708, -0.11532323945684442, -0.1279745004550933, -0.10342628569213982, -0.014087481029203569, 0.1429146210114478, 0.28429787537238527, 0.30948641151189804, 0.11571180447936058, 0.0, 0.0, 0.0]","[8.450472419283667e-05, 8.768170342885495e-05, 0.0001286464302122551, 0.00024876323555237187, 0.00048665916333740845, 0.0008087639410605072, 0.0010138211051521882, 0.0009551840099979126, 0.001980752060190728, 0.008760315486881923, 0.02156634178943809, 0.024144390716200614, 0.0033754490727943773, 0.0, 0.0, 0.0]"
alignment_nuisance,67#34,zero,aligned,H1,0.8704273571211721,0.6583756910358024,0.0006076356649179356,0.0007945321742042532,5.883125746887429e-06,0.0853056218909921,0.9978492173947159,0.903179190751445,-2.635183651908368e-10,4.5652376605860634e-09,0.11799185558222113,"[0.0008084202749334413, 0.0008426763781601565, 0.000716041107333254, 0.00034137644229748076, -0.00034066877819194374, -0.0012801858364483998, -0.0022093569961344484, -0.002624052590936926, -0.0021353592044214484, -0.0009272492445564495, -0.00014346154405742162, 5.666166543960571e-06, 2.0917505025863647e-06, 0.0, 0.0, 0.0]","[8.805794372899745e-09, 9.362849697347608e-09, 6.292157722774083e-09, 1.0439791554943277e-09, 3.77363943464945e-09, 3.262432974288317e-08, 8.916827194176792e-08, 1.2238330003731357e-07, 8.034957499791333e-08, 1.5063253617813138e-08, 3.463360037177243e-10, 6.70000166458351e-12, 9.145540227906146e-13, 0.0, 0.0, 0.0]",-0.023628825100024196,-0.08196784134433005,0.1173453204711302,"[0.0011387195032606101, 0.0011789032745501693, 0.0009867988896350433, 0.0004448227914131131, -0.0005148735264146609, -0.001790985217300145, -0.0029712963561906447, -0.003361331590158695, -0.002575709438754653, -0.0009736645467572913, -0.00010109959480386621, 3.688037395477295e-06, 1.5068799257278442e-06, 0.0, 0.0, 0.0]","[1.7584387756028834e-08, 1.8448492175872156e-08, 1.2093458305632256e-08, 2.063051549115409e-09, 8.917871196987464e-09, 6.532697474658082e-08, 1.645716599213723e-07, 2.052652869113632e-07, 1.1975959766172633e-07, 1.706878364656822e-08, 1.778120955036477e-10, 3.4274735827288794e-12, 5.724054043254601e-13, 0.0, 0.0, 0.0]"
alignment_nuisance,67#34,zero,aligned,direct_BC,0.20466331409439953,1.3547327151031172,0.23486554374068094,0.26803944683694964,0.004679118172882098,0.08569375477967614,0.999946239699064,1.0,0.0,0.0,0.04238929083195707,"[0.029519325587898493, 0.030675632879137993, 0.03223690204322338, 0.034644258208572865, 0.038811346516013145, 0.046573407016694546, 0.0613195076584816, 0.0886420663446188, 0.13589487224817276, 0.20721164345741272, 0.2862301766872406, 0.29938723146915436, 0.11113672703504562, 0.0, 0.0, 0.0]","[0.00017832313226269947, 0.00019260147591285224, 0.0002127962988778334, 0.0002459815685727385, 0.00030921980241425256, 0.00044645603754879266, 0.000776680472561065, 0.0016290755041626116, 0.0038404901949552483, 0.008947128998651133, 0.01709185666602786, 0.018711098833220863, 0.0025801146514377593, 0.0, 0.0, 0.0]",-0.022503201205572993,-0.08268630807903304,0.0378127256959131,"[0.03040067618712783, 0.031596307177096605, 0.033230077009648085, 0.03583221044391394, 0.040413898415863514, 0.04892649967223406, 0.06492064613848925, 0.09411166980862617, 0.14374837651848793, 0.21728958189487457, 0.2968578636646271, 0.307334303855896, 0.1149460207670927, 0.0, 0.0, 0.0]","[0.00023225973493140963, 0.00025089671518197247, 0.0002775349612346497, 0.0003227519435120901, 0.00041068002279678797, 0.0006021680192306771, 0.0010608011987277054, 0.002230464089865998, 0.005206001830435805, 0.01189872756818694, 0.022212172736919, 0.023809766925021347, 0.0033309193146135833, 0.0, 0.0, 0.0]"
alignment_nuisance,67#34,zero,aligned,AC,0.551142529948858,0.982528820199178,0.10431770884537987,0.1116106888539439,0.0015072816970254771,0.08636421606307922,0.9991521582821856,1.0,0.0,0.0,0.056794489277916915,"[-0.037547447718679905, -0.04929034551605582, -0.06581822177395225, -0.08808200899511576, -0.11603646539151669, -0.14710686914622784, -0.17377742566168308, -0.18143381737172604, -0.15134344343096018, -0.07954652234911919, -0.016496675671078265, 0.0019444599747657776, 0.0006831656210124493, 0.0, 0.0, 0.0]","[0.00010065597162749136, 0.0001769203437072159, 0.00032052809784196683, 0.0005809286224661436, 0.0010165198387819315, 0.0016424960124924387, 0.0022989949465569053, 0.002508006068911402, 0.0017415560994625118, 0.00047588810842800284, 1.880346597804074e-05, 7.89309120785564e-07, 9.749337460973097e-08, 0.0, 0.0, 0.0]",-0.014976920410423438,-0.0850556857077178,0.059824158298621054,"[-0.03919087472604588, -0.05281306221149862, -0.07181771821342409, -0.09716116497293115, -0.12850966048426926, -0.16245875507593155, -0.1899238545447588, -0.19417662639170885, -0.15526014543138444, -0.07340131455566734, -0.012458911165595055, 0.0021484699100255966, 0.0007642898708581924, 0.0, 0.0, 0.0]","[0.00011223450156969891, 0.00020614006283788935, 0.0003844306246197739, 0.0007080776078484742, 0.0012441875245662723, 0.0019938454490267066, 0.0027286218153692032, 0.0028515979880918145, 0.0018169351241947788, 0.0003994308197082476, 1.0133512119509019e-05, 1.1635738972649856e-06, 1.4726260224662627e-07, 0.0, 0.0, 0.0]"
alignment_nuisance,68#3,zero,aligned,global,0.07672581765814888,1.7758547266725229,0.1944865120366569,0.3007277826767081,0.005079114583446319,0.1546310004607135,0.9934075691302895,0.8070422535211268,1.3075190400860442e-12,2.4677134344229977e-12,0.06875290034090542,"[0.011083120157270088, 0.021054183458392828, 0.0352103881438488, 0.054301761404190074, 0.07808030780349995, 0.10393721963725966, 0.12484211943751689, 0.12628043947286827, 0.08488264518364752, -0.02509590806187912, -0.20263272127105036, -0.3593073183238644, -0.30293627828359604, -0.0017130169726442546, 0.0, 0.0]","[2.8552034482250436e-05, 4.646710488313012e-05, 8.735635662124682e-05, 0.00017131552399771705, 0.0003226459963964584, 0.0005500398319583308, 0.0008045399862589393, 0.0009582199190955943, 0.001037944523137852, 0.0021248306216308096, 0.006986921684364867, 0.01444930538196404, 0.010256536434239405, 3.2796515403637804e-07, 0.0, 0.0]",-0.15066794969181238,0.034783835885714966,0.07438614353747176,"[0.009300414849960248, 0.02036150122810909, 0.039820341888066935, 0.0716785815156129, 0.1194530441975985, 0.18365165721539967, 0.2525361885001516, 0.28815080701402884, 0.22158117081035988, -0.012091347067761899, -0.39317725359572364, -0.6249086998326869, -0.6110205352306366, -0.003904541867086664, 0.0, 0.0]","[1.6825480380911125e-05, 4.5343103144189115e-05, 0.00011906080767231418, 0.0002958657682015925, 0.0006740992162004634, 0.0013697702148447956, 0.002309261431147763, 0.002760634187306249, 0.001720568924640991, 0.0020422541004529787, 0.014430549241917745, 0.033058360454592955, 0.031593316222802564, 1.2901203438267977e-06, 0.0, 0.0]"
alignment_nuisance,68#3,zero,aligned,H1,0.6452477471632394,7.010257527081036,0.002027798576459553,0.015439156009735767,0.00020904985638279107,0.15543730589149324,0.9708771854769679,0.884037558685446,-7.881827533486836e-10,2.108436812914412e-09,0.12115034325001522,"[-0.002730938790630688, -0.0028144479166876124, -0.0024848901678815594, -0.001524583996229012, 0.00025854323237339827, 0.0028879970612933903, 0.005973750759721952, 0.008440438346116963, 0.008610940203475304, 0.005483193232399977, 0.0011089546702232056, -9.100828812377837e-06, -8.199363946914673e-06, -4.617686499841511e-08, 0.0, 0.0]","[8.716111938134178e-08, 8.944277898550027e-08, 6.41779983839028e-08, 1.9267274009549573e-08, 1.6936659371694596e-08, 1.930178985327455e-07, 6.624936685717374e-07, 1.2270383539052696e-06, 1.2353463404930657e-06, 4.970300624021324e-07, 2.002589703868074e-08, 2.1502009088478628e-11, 7.51336839965866e-12, 2.382830867917333e-16, 0.0, 0.0]",-0.1513674849712547,0.03533611387661376,0.12538773619430846,"[-0.019165950246431862, -0.023027502350231543, -0.02500244739353974, -0.02282770258997857, -0.013146828106528119, 0.006232580308882518, 0.03523356139535139, 0.06329674604145374, 0.0709023948386045, 0.051565864479489895, 0.01014390198403703, -0.0002666771630824294, -0.00030271708965301514, -1.933534804265946e-06, 0.0, 0.0]","[4.841637815545003e-06, 6.8800879267599775e-06, 7.871067931695689e-06, 6.215313849660599e-06, 1.7544281869112824e-06, 1.4452689290630906e-06, 2.176087528385737e-05, 6.489142593627717e-05, 7.931094692646817e-05, 4.180607315180517e-05, 1.5744093143724095e-06, 8.248126109332838e-09, 7.754598062639784e-09, 3.1637214787746083e-13, 0.0, 0.0]"
alignment_nuisance,68#3,zero,aligned,direct_BC,0.0725208649548844,1.68486602986028,0.20799754626271666,0.29753478311601805,0.005153647058710931,0.15378633192257637,0.9753526863859235,1.0,0.0,0.0,0.05978255494013583,"[-0.023319638101384044, -0.025606224546208978, -0.028667125618085265, -0.033071435522288084, -0.03971270052716136, -0.050242362543940544, -0.06745773926377296, -0.09573760069906712, -0.14092695526778698, -0.20795909129083157, -0.2920878119766712, -0.35685576871037483, -0.30067475885152817, -0.0017002382810460404, 0.0, 0.0]","[6.0753034237704935e-05, 7.325190250751201e-05, 9.181260096801405e-05, 0.00012219420425685747, 0.00017620536733166663, 0.000282047078773451, 0.0005084754562848523, 0.0010242284050833647, 0.002219433466311059, 0.004833115593616547, 0.00953478014877536, 0.014232387794585147, 0.010103971108253576, 3.2309032584382786e-07, 0.0, 0.0]",-0.14969515313174275,0.03523630251693448,0.06907649651164648,"[-0.007785285415593535, -0.009334685164503753, -0.01148959354031831, -0.014609552221372724, -0.019653532654047012, -0.028677949914708734, -0.045923427445814013, -0.07958736969158053, -0.14384815841913223, -0.25821732729673386, -0.43403079360723495, -0.6236632689833641, -0.6093457899987698, -0.0038938314537517726, 0.0, 0.0]","[5.121770642200943e-06, 7.36348925587002e-06, 1.1156433148377429e-05, 1.8040204235324247e-05, 3.265326340864182e-05, 6.954125303281188e-05, 0.00017837008043517774, 0.0005358373281071835, 0.001750722400223637, 0.005641807012376807, 0.01594078364481228, 0.03291390170543115, 0.03142036552650802, 1.283052278396953e-06, 0.0, 0.0]"
alignment_nuisance,68#3,zero,aligned,AC,0.2931865092704198,1.3272681373922723,0.10411817181107065,0.12638258610489003,0.002032246058358358,0.15801243298133522,0.9863418851198547,0.9418604651162791,0.0,1.250164661596814e-18,0.08639363477657154,"[0.037133693462237716, 0.049474854255095124, 0.06636240612715483, 0.08889778330922127, 0.11753446888178587, 0.1512915911152959, 0.18632610328495502, 0.21357759460806847, 0.21719866804778576, 0.1773800104856491, 0.08834614930674434, -0.0024424673902103677, -0.002253318205475807, -1.2732485629385337e-05, 0.0, 0.0]","[6.782311168871443e-05, 0.00012053876524993357, 0.00021708610042583888, 0.0003899616438781423, 0.0006821743451690988, 0.00113063048100682, 0.0017150196869517142, 0.0022530035342803213, 0.0023291666112059163, 0.00155122081912291, 0.00038258382309836175, 8.17290645861278e-07, 5.674704371344888e-07, 1.8118865977936084e-11, 0.0, 0.0]",-0.1545517662398102,0.03288891194363249,0.09106011501704919,"[0.03625164949335158, 0.05272368830628693, 0.07631238107569516, 0.10911583877168596, 0.152253407984972, 0.20609702495858073, 0.26322605879977345, 0.30444143153727055, 0.2945269476622343, 0.19456011801958084, 0.030709643790032715, -0.00097876206791625, -0.0013720262795686722, -8.77690763445571e-06, 0.0, 0.0]","[5.566027665457153e-05, 0.00011789307969835904, 0.00024739956212209375, 0.0005063208812382492, 0.0009852133868675202, 0.0018066867972146249, 0.002949311794503002, 0.003948417267094734, 0.003699287382962069, 0.0016155982828027203, 4.0515309348983645e-05, 9.474597561918985e-08, 1.5929755852253646e-07, 6.5188728082457395e-12, 0.0, 0.0]"
alignment_nuisance,68#4,zero,aligned,global,0.779586442977912,0.8025221169519012,0.13349156421809827,0.17105342007933821,0.0015754401869342493,0.013569356662483819,0.9998373384975278,0.9695067264573991,2.5979482993951553e-15,5.531667727064011e-14,0.06458034611951351,"[0.07917163574701025, 0.07440293685766486, 0.067788207604349, 0.05861499452148111, 0.045883751716252696, 0.028223960630596512, 0.0038898441032153563, -0.02903393091616735, -0.07188442215629554, -0.1235379353512438, -0.1766486821158284, -0.21217883172917862, -0.1971506128855398, -0.10315511297121988, 0.008402518428758093, 0.0]","[0.0015983231888738608, 0.0014647485127467033, 0.0012968471996010135, 0.001091767304391501, 0.0008516607034979942, 0.0005908443217334293, 0.00035034198309547487, 0.00021942951146583194, 0.0003521563156838142, 0.0009265081078374528, 0.001932035253402617, 0.002758160496213289, 0.002306026071108488, 0.0011214247045008394, 0.0009597240432423647, 0.0]",-0.009350191220904622,0.009833685187520064,0.0567673730683534,"[0.07985563880426882, 0.07515700517476853, 0.06864145804359767, 0.05961069577792122, 0.04708435275070988, 0.029719320348542855, 0.005804578856657194, -0.02653850111974876, -0.06862592090256037, -0.11936926206128096, -0.1715845463464749, -0.20659610580202892, -0.19197168839697998, -0.09963924681079267, 0.010322999177576196, 0.0]","[0.0028280236221903303, 0.0026242472956014467, 0.0023705348229532052, 0.002063154379579991, 0.0017039803825153262, 0.0013081008100679632, 0.0009195900789798126, 0.0006345225552978409, 0.000619128087275753, 0.0010704415869632255, 0.0020108364791533457, 0.002917422008275061, 0.002936332964741173, 0.002814155321544206, 0.0024388021256998944, 0.0]"
alignment_nuisance,68#4,zero,aligned,H1,0.998490737273768,0.06318242328379299,0.0005157428556975902,0.00049885403240333,4.792041678570195e-07,0.0007953930868814013,0.9999594652689603,0.9799701046337818,2.409169225581728e-09,6.800306970828618e-09,0.13204375832845308,"[0.00021268411172403745, 0.00046055368846831257, 0.0007179690210934453, 0.0009785652277014556, 0.0012320623445765122, 0.0014630799116575055, 0.001649200062930678, 0.0017596113008302439, 0.0017556211088907148, 0.0015967560119567459, 0.0012585716161450655, 0.0007705369078765401, 0.0002671296871850082, -1.7565297096677757e-05, -4.0632310479085665e-07, 0.0]","[3.5963063674258853e-10, 2.1872224366029263e-09, 6.1820439200469e-09, 1.2401918505399878e-08, 2.055223020275426e-08, 2.9791534235167074e-08, 3.85140296212457e-08, 4.428532308635842e-08, 4.424341949280204e-08, 3.64488858000943e-08, 2.22524601526193e-08, 7.93581825502704e-09, 8.000265324237284e-10, 3.456517101287158e-11, 1.5851548084220964e-12, 0.0]",-7.48281569858415e-06,0.0007953646657156199,0.1330588012672996,"[0.00018334169069378348, 0.00042971107402900444, 0.0006852208193177667, 0.0009435051284909513, 0.0011944143986624134, 0.0014227202962708851, 0.0016063206378360562, 0.001714872890342889, 0.001710360128344135, 0.0015530734204558527, 0.001219451996240295, 0.0007396433733706242, 0.00024704668951880393, -2.6422308391615967e-05, -1.5183716903927058e-07, 0.0]","[5.266057067605693e-10, 1.9472335914544203e-09, 5.52417879165586e-09, 1.1315411404775937e-08, 1.9035700796800733e-08, 2.7862678749690534e-08, 3.623212764061358e-08, 4.177817103911906e-08, 4.173465440012034e-08, 3.42502753427076e-08, 2.0700604102209392e-08, 7.207694877400886e-09, 6.748095859913751e-10, 6.1710573861296e-11, 3.489041900933837e-12, 0.0]"
alignment_nuisance,68#4,zero,aligned,direct_BC,0.82184132860079,0.731351785237958,0.15470735501625266,0.19809110086292855,0.0016639044158908668,0.020588996130290586,0.9999688026657325,1.0,0.0,0.0,0.04321094506124503,"[0.09510251693427563, 0.0926093403249979, 0.08952877670526505, 0.08581336587667465, 0.08140111900866032, 0.07630459032952785, 0.07063599303364754, 0.06476157531142235, 0.05960175208747387, 0.05713729094713926, 0.06095554679632187, 0.07629434764385223, 0.10656672902405262, 0.14099127799272537, 0.11687317118048668, 0.0]","[0.0018505518939175743, 0.0017547969685708688, 0.0016399998321400405, 0.0015067212095113552, 0.0013557941117413666, 0.0011914095283003558, 0.0010211340093869287, 0.0008587187674449805, 0.0007281238730675391, 0.0006708416647200665, 0.0007671008754252424, 0.0012089798149104158, 0.0023696382102516463, 0.0041548975205732, 0.002855657416163254, 0.0]",-0.014446748182338187,0.014669636280740878,0.03384742606958685,"[0.09569969028234482, 0.09320346266031265, 0.09011555090546608, 0.08638799004256725, 0.08195661008358002, 0.07683174684643745, 0.07112077623605728, 0.06518020294606686, 0.05991160869598389, 0.057263124734163284, 0.060770731419324875, 0.07562701404094696, 0.10530348122119904, 0.13940438628196716, 0.1164279580116272, 0.0]","[0.0030922255037180713, 0.0029330066644295827, 0.0027418757196387075, 0.0025197408928807376, 0.0022678819707340966, 0.0019931729896347575, 0.0017080016348093655, 0.0014348685804372423, 0.0012128916910589538, 0.0011093333974323341, 0.0012521670893572215, 0.0019447362966846793, 0.0037787432349910832, 0.0066278362766301335, 0.00462360229864997, 0.0]"
alignment_nuisance,68#4,zero,aligned,AC,0.9855553034056626,0.16951227384811582,0.16919589045688366,0.16799139906593052,0.00042177617819269216,0.01196730015009204,0.9999996277852846,1.0,-9.468270591811776e-19,9.468270591811776e-19,0.056488239251833494,"[-0.01614355738274753, -0.01866694912314415, -0.02245854283683002, -0.028176939114928246, -0.03674942720681429, -0.04954370157793164, -0.06839534314349294, -0.09555510897189379, -0.13324179872870445, -0.18227197974920273, -0.23886281438171864, -0.2892437241971493, -0.30398447066545486, -0.2441288474947214, -0.10847023781388998, 0.0]","[1.60610140239381e-05, 2.2110718584253892e-05, 3.307415035589146e-05, 5.386075753693589e-05, 9.452125885410183e-05, 0.00017642869423631818, 0.000343384074511699, 0.0006807835039676377, 0.0013384708346843477, 0.0025243838035565224, 0.004357940758694495, 0.006411611692608746, 0.007094932671907779, 0.004577506494793166, 0.0009021789191819504, 0.0]",-0.008186040834216788,0.008729548003357809,0.056908328126804186,"[-0.016027400270104408, -0.01847617086605169, -0.022159313200972974, -0.027720808517187834, -0.03606667707208544, -0.04853515361901373, -0.06692251574713737, -0.09343358059413731, -0.1302478879224509, -0.1781854636501521, -0.2335747261531651, -0.2829627743922174, -0.29752221796661615, -0.239017216488719, -0.10610480478499085, 0.0]","[1.6605721993967224e-05, 2.2621930795258112e-05, 3.349870313103217e-05, 5.4079510052113475e-05, 9.424524180665188e-05, 0.00017502030461151262, 0.00033947086790788155, 0.0006715753202284713, 0.001318844187422273, 0.0024865546806497173, 0.004293467002254989, 0.006319624912087228, 0.0069959335257806276, 0.0045129777423131645, 0.0008865905090938317, 0.0]"
alignment_nuisance,68#7,zero,aligned,global,-0.030491321536211344,1.5826684963364304,0.21254072432853235,0.25432763185019963,0.004946786890930798,0.14043683765093906,0.9323276389218451,0.7137137137137137,-2.7480931352071013e-16,8.933102750428674e-15,0.05016996063447847,"[-0.014939145668595444, -0.019783233219783813, -0.02478613903581106, -0.02909457909496238, -0.03121964475399963, -0.028752463628121117, -0.018193875808424576, 0.004872053544249688, 0.04465448945357675, 0.10193096545642966, 0.16703269729971126, 0.2085440644744026, 0.16797133968648298, 0.01851371981972494, 0.0, 0.0]","[0.00022653364747718976, 0.0002782360063725463, 0.0003549738289672275, 0.00047170513371348505, 0.0006544305906720231, 0.0009537185948123579, 0.0014728751408124507, 0.00241424686565359, 0.004107566743010983, 0.006849143890958138, 0.01014000262650807, 0.011197646315755469, 0.005981905396550646, 7.05747168329498e-05, 0.0, 0.0]",-0.0914859786480568,0.10654961792613556,0.047548819205353,"[-0.0031808264635539985, -0.013342602960412897, -0.027086462426979097, -0.04442062178702866, -0.0640363206457204, -0.08201086764494114, -0.09002363042367234, -0.07391543776759946, -0.015522200476577153, 0.09587222256431195, 0.23262770783004072, 0.2853015827422496, 0.14877364039421082, 0.0, 0.0, 0.0]","[0.0002902311281619762, 0.00030383108751327897, 0.0003425951959564642, 0.0004326207527834457, 0.0006052994943033609, 0.000884729272289973, 0.0012957225785577642, 0.0020230909821959023, 0.0039581547983320396, 0.00926774276694406, 0.018620118190969925, 0.021015878241705477, 0.005642529832817017, 0.0, 0.0, 0.0]"
alignment_nuisance,68#7,zero,aligned,H1,0.5551690131669044,2.0415943696411802,0.0004209501642765045,0.0010185555478846877,1.2638374783624133e-05,0.14228648883075273,0.847599071590662,0.7322322322322322,8.926676516482134e-10,3.2398782447531467e-09,0.1131435828662721,"[1.8682196550656727e-05, -4.576744700601765e-05, -0.00014478912412130285, -0.0002853717198010308, -0.0004711074780594515, -0.0006985023995418338, -0.0009512443991073205, -0.0011933276809488191, -0.0013636621128094717, -0.0013789969764018695, -0.001159934963815057, -0.0007044735382137207, -0.0002000913969820049, -1.623175269327426e-05, 0.0, 0.0]","[3.69232757579481e-10, 7.256371619564224e-10, 1.5461071931644758e-09, 3.269146541011774e-09, 6.518149927511874e-09, 1.1948830548797794e-08, 1.9766070540387326e-08, 2.8824468384571127e-08, 3.569379365128733e-08, 3.511498212458916e-08, 2.4093867381511237e-08, 8.65100608603283e-09, 6.733782044472635e-10, 4.370301567908951e-12, 0.0, 0.0]",-0.09322087689831687,0.10749564430342207,0.11393558299209573,"[0.0010480584727563524, 0.0011574368438482807, 0.0010818014181666058, 0.0007066963954658334, -7.479508163843462e-05, -0.0012877009463512223, -0.0027337762380166275, -0.003883606843036347, -0.0040886238936461705, -0.002943378405516707, -0.001028752356425855, 1.485859502281528e-05, 7.611699402332306e-06, 0.0, 0.0, 0.0]","[1.2938879172222918e-08, 1.5613925764628678e-08, 1.2820967165689027e-08, 4.923542481421334e-09, 5.999864297546121e-09, 5.110769527434402e-08, 1.6770150938313878e-07, 2.929402373466304e-07, 3.014319585047639e-07, 1.5344563064173648e-07, 1.845944980975578e-08, 5.697486560370797e-11, 1.4769419194593514e-11, 0.0, 0.0, 0.0]"
alignment_nuisance,68#7,zero,aligned,direct_BC,0.0,1.4684161033835885,0.26817797614665095,0.2883687553611628,0.005791130275684738,0.14119797365185627,0.9863697197072195,nan,0.0,0.0,0.04365382029575304,"[0.05586038623005152, 0.06260911002755165, 0.07123471237719059, 0.08239365555346012, 0.09692198783159256, 0.11580471880733967, 0.13993824273347855, 0.1697699837386608, 0.2042800597846508, 0.23895658552646637, 0.26222827285528183, 0.2508207634091377, 0.17069312930107117, 0.018309098668396473, 0.0, 0.0]","[0.0006392846434678497, 0.0008033448134649179, 0.0010403254633197315, 0.001392340784760894, 0.001927434208847792, 0.0027526998515858304, 0.004021000799855914, 0.005919883842719756, 0.008573215460273634, 0.011732770104668777, 0.014130817250477323, 0.01292902805897811, 0.005988366106562504, 6.891550113065207e-05, 0.0, 0.0]",-0.0922086687639365,0.10693189032357438,0.04075762377725158,"[0.04811504948884249, 0.05072108004242182, 0.05428073648363352, 0.059476498514413834, 0.06750047951936722, 0.08028014563024044, 0.1006917655467987, 0.1324200015515089, 0.17858579009771347, 0.23718589916825294, 0.2901875488460064, 0.2862032577395439, 0.14774985797703266, 0.0, 0.0, 0.0]","[0.0005905734405453932, 0.000656276157791214, 0.0007516126229384053, 0.0009023591209479792, 0.0011621951905421025, 0.0016437974823455513, 0.0025857051686666646, 0.004471522234136622, 0.008132108830325141, 0.014343522438733006, 0.021469023213958563, 0.02088270404956044, 0.005565139118055094, 0.0, 0.0, 0.0]"
alignment_nuisance,68#7,zero,aligned,AC,0.25906549371040816,1.2817676610833146,0.1065243462490334,0.1173585268435848,0.0020079332667654807,0.13710794107163135,0.9821190125777728,0.9534883720930233,-1.1943250215713067e-18,-1.1943250215713067e-18,0.06415007989289581,"[-0.07081820908933878, -0.08234658185392618, -0.0958760567009449, -0.11120287608355284, -0.12767052091658115, -0.1438586749136448, -0.1571808736771345, -0.16370461136102676, -0.15826190821826458, -0.135646628215909, -0.09403560031205416, -0.04157225089147687, -0.002521682472433895, 0.00022085313685238361, 0.0, 0.0]","[0.00031990376153229986, 0.0004344447094752318, 0.0005911736697655136, 0.0007976995274941124, 0.0010539009534686833, 0.0013403811392069163, 0.001601283144845948, 0.0017361314375993891, 0.0016191948931222767, 0.0011837690841266873, 0.0005627070263590093, 0.00010639611897289108, 4.408503668928003e-07, 1.0027448106242017e-08, 0.0, 0.0]",-0.08823578098627011,0.10494300576334238,0.06562878308468555,"[-0.052343943854793906, -0.06522111804224551, -0.0824489975348115, -0.10460381768643856, -0.13146200962364674, -0.16100331768393517, -0.1879816153086722, -0.2024518409743905, -0.19001937936991453, -0.13837028434500098, -0.05653108668047935, -0.0009165597293758765, 0.0010161679238080978, 0.0, 0.0, 0.0]","[0.00018507181454110007, 0.00028779053210006904, 0.00046073988036648343, 0.0007427980287863238, 0.001174739684836734, 0.001763722626796351, 0.00240566316933131, 0.0027901389893825327, 0.0024545054357868164, 0.001295246414149427, 0.0002118765917705341, 4.674144084255822e-07, 2.6324064031184313e-07, 0.0, 0.0, 0.0]"
alignment_nuisance,68#10,zero,aligned,global,-1.4947143491522181e-05,2.1678374340997046,0.1415264843635132,0.27221182229944985,0.0045118589811728,0.41731024799224087,0.9105442114236856,0.6537162162162162,6.153859158328327e-16,1.4602813453000763e-14,0.07791469022220097,"[-0.0122578913019602, -0.021356388320111108, -0.031837712509287464, -0.04278429518549132, -0.05227852429321089, -0.05694841837272335, -0.051671182087562606, -0.029892425560959612, 0.014294781500399978, 0.08011054435477116, 0.14807011838381967, 0.16499149105681588, 0.06378117192070931, 0.0, 0.0, 0.0]","[0.00011195491719995339, 0.0001460089512969583, 0.00020444038677021982, 0.0002980679626083296, 0.0004387714993524191, 0.0006421296085034171, 0.0009432355478420869, 0.0014379645968123256, 0.002324584833616207, 0.0037577064151594164, 0.005108041657173693, 0.004094818364183982, 0.0005220210357767545, 0.0, 0.0, 0.0]",-0.24624299558390922,0.336915761289403,0.07660448556119939,"[-0.001955838509807961, -0.018270783461133533, -0.04764911653968795, -0.09577909919862293, -0.16633241888091277, -0.2535462467178746, -0.32887431765784214, -0.3297285390660848, -0.17958328920207633, 0.14651129625602266, 0.4535166421747787, 0.5530663654208183, 0.2978946100920439, 0.0, 0.0, 0.0]","[2.4361838778569536e-05, 5.2717695323939814e-05, 0.00015934046842686414, 0.00047212942876120406, 0.001213936688685586, 0.002559786770932486, 0.004046401048046183, 0.0039495981302601815, 0.0016845225385420488, 0.004589297459734301, 0.019033460580451696, 0.028147682563152893, 0.008166040988491306, 0.0, 0.0, 0.0]"
alignment_nuisance,68#10,zero,aligned,H1,0.025610472835405913,52.662606804080575,0.0003171285428335921,0.016705928327169807,0.0002456002317293601,0.42487242885527965,0.8336230385635549,0.7018581081081081,-1.690928112419496e-08,2.6510180530395566e-08,0.11652438093734724,"[0.000303688980675787, 0.0002841775083091136, 0.00021498591945512402, 8.246108095733007e-05, -0.00012185229511985085, -0.00039367947489310495, -0.0007055294028814885, -0.0009952653624201169, -0.001161798125206559, -0.001086875314707969, -0.0007141730810157343, -0.00020455424503873498, 1.5349651221185923e-06, 0.0, 0.0, 0.0]","[7.18520239959685e-10, 6.488384137073238e-10, 5.235947098336225e-10, 7.378882519272682e-10, 2.138406009443267e-09, 5.8873590556487746e-09, 1.2649171035045612e-08, 2.0930693699764727e-08, 2.57508758387704e-08, 2.1151169717064767e-08, 8.744091153991152e-09, 6.89602338291694e-10, 3.0221630916979286e-13, 0.0, 0.0, 0.0]",-0.25734176617623195,0.3380707364003018,0.11689651637222706,"[0.024057922463192938, 0.029144195010218255, 0.03123861394793437, 0.026790793182229322, 0.011967683709670496, -0.014158078277674235, -0.044431985550268394, -0.06119737758922683, -0.053102963320218896, -0.02297977499799231, -0.0005950115882145113, -6.80806115269661e-05, -2.9622577130794525e-05, 0.0, 0.0, 0.0]","[1.113112105543622e-05, 1.627983233757189e-05, 1.8490065509416364e-05, 1.3127066809186782e-05, 2.2349326988908875e-06, 6.174740754978575e-06, 4.717597427041298e-05, 8.684086323582705e-05, 6.536392187778844e-05, 1.2259727483195446e-05, 9.287967694176309e-09, 4.2652313712171486e-10, 8.074899863347307e-11, 0.0, 0.0, 0.0]"
alignment_nuisance,68#10,zero,aligned,direct_BC,0.0,1.6955432879324264,0.19020735359697913,0.2604429107530907,0.004742717672158053,0.41919656771770936,0.8489009435973344,nan,0.0,0.0,0.059868015849619635,"[0.048808809369802475, 0.05458713974803686, 0.06265221070498228, 0.07398960087448359, 0.08988286554813385, 0.1117826234549284, 0.1409979946911335, 0.1778303161263466, 0.2195917461067438, 0.2568313702940941, 0.26760880276560783, 0.21448078006505966, 0.072156747803092, 0.0, 0.0, 0.0]","[0.0002661353842930642, 0.00033287938242808086, 0.00043850991918170136, 0.0006115737399305082, 0.0009025318141828477, 0.0013959145688658865, 0.0022209451220022436, 0.003532850716421676, 0.005387004734177612, 0.007369075177549561, 0.008000535529036928, 0.005139211721261527, 0.0005816695530346189, 0.0, 0.0, 0.0]",-0.2455949869706776,0.3397188024840262,0.06690037897835058,"[0.0249997116625309, 0.026141191832721233, 0.027642914792522788, 0.029940076638013124, 0.03410804341547191, 0.04255944211035967, 0.06034795893356204, 0.09712589113041759, 0.16856617107987404, 0.2916117422282696, 0.45721637457609177, 0.5537735335528851, 0.29820453375577927, 0.0, 0.0, 0.0]","[5.754011737276322e-05, 6.291377982523016e-05, 7.034836045838024e-05, 8.252360051020421e-05, 0.00010709349924701948, 0.0001667275137175187, 0.00033519669767887567, 0.0008681763374934249, 0.0026148919416564397, 0.00782544120501813, 0.019236905683725825, 0.028219709569169707, 0.008183041455668817, 0.0, 0.0, 0.0]"
alignment_nuisance,68#10,zero,aligned,AC,0.0,1.674602465090215,0.11068107983842448,0.14867124208399604,0.0027256883696510676,0.41278007107027526,0.9372744270004744,nan,0.0,0.0,0.08720076755076549,"[-0.0613703872077167, -0.07622770080342889, -0.09470490971580148, -0.11685635661706328, -0.14203953929245472, -0.16833735909312963, -0.1919636558741331, -0.20672747120261192, -0.20413515996187925, -0.17563394270837307, -0.11882450338453054, -0.049284740816801786, -0.008377113263122737, 0.0, 0.0, 0.0]","[0.00018456987872709552, 0.0002850086595738877, 0.0004402528914925418, 0.0006707019754859918, 0.0009914465181322498, 0.0013930359654184639, 0.001811717160636309, 0.0021007540402461743, 0.002047128100993883, 0.00151342084405022, 0.0006908336581242314, 0.00011805538044093477, 3.3763608777201557e-06, 0.0, 0.0, 0.0]",-0.2472620029000709,0.33052819697361197,0.09182625082015065,"[-0.05101347318850458, -0.07355617010034621, -0.10653064656071365, -0.15250996872782707, -0.21240814588963985, -0.28194761369377375, -0.3447902835905552, -0.3656570538878441, -0.295046498067677, -0.12212066701613367, -0.003104716139205266, -0.0006390949711203575, -0.0002803024835884571, 0.0, 0.0, 0.0]","[0.00010995914272485965, 0.00022855833874353373, 0.0004798891853958057, 0.0009842256786689791, 0.00191009460444168, 0.003366871259246681, 0.005034648865712362, 0.005662948523819386, 0.003691072908766393, 0.0006343292572496193, 4.956427031674889e-07, 3.7585306130426266e-08, 7.230019557222592e-09, 0.0, 0.0, 0.0]"
alignment_nuisance,68#11,zero,aligned,global,0.2467572651928595,1.455792777958188,0.38532340196772275,0.5136890316926591,0.008249279790630743,0.06792703758184108,0.9688998324234822,0.7852891156462585,-8.397641716243766e-16,6.7093506164215415e-15,0.04400658746738482,"[0.02911783028685988, 0.03428503599036503, 0.03878929126754316, 0.0410880735901078, 0.03850562840962224, 0.026727627513377983, -0.0005554796452592603, -0.051422133913132884, -0.13373004091484564, -0.24908172107329168, -0.3794126518405564, -0.4659292050184347, -0.40662716784271624, -0.1382620520889759, 0.0, 0.0]","[4.710702450001199e-05, 6.710947007337767e-05, 9.274937399877574e-05, 0.00012895694528042038, 0.00020135564829969085, 0.0004087865122781253, 0.001059732078314004, 0.002953641504786351, 0.007757526502690329, 0.017861189679266355, 0.033681224243560764, 0.0460700319796681, 0.034191222214875, 0.003953490926387929, 0.0, 0.0]",-0.015254923567460908,0.06619191598372637,0.03372194211758664,"[0.028719408449803696, 0.0321874190404515, 0.03370647703632168, 0.03117090530856076, 0.0211816175222303, -0.001247514598996996, -0.042689058473198205, -0.11027771483510568, -0.2082546808593535, -0.3297553029640625, -0.4418475422965411, -0.4704474674838042, -0.3397892788052559, -0.010395829565823078, 0.0, 0.0]","[6.000737245288693e-05, 8.848353427689169e-05, 0.00013985932302049007, 0.000258327570166627, 0.0005782185206724374, 0.001467495733414635, 0.0038212383488328305, 0.009509789428045624, 0.02159187155712144, 0.04270005391329049, 0.06830338751729484, 0.07579833671588569, 0.03952234886967082, 3.700287719606932e-05, 0.0, 0.0]"
alignment_nuisance,68#11,zero,aligned,H1,0.8763888145275393,0.654027081462057,0.0006308219351898701,0.0008319857958699244,6.067273958742321e-06,0.0719838565771907,0.967454350546953,0.8065476190476191,8.588411172720032e-10,4.203724793259102e-09,0.11955160899036468,"[0.0006257015193210647, 0.0008002066334711344, 0.0010074743021084576, 0.0012434060001755842, 0.0014949956341311355, 0.0017352669545515065, 0.0019176181149710425, 0.001973283140119575, 0.0018201384874982907, 0.0013991994687398458, 0.0007571130190454642, 0.00014681583143394406, -5.314395520112335e-05, -1.7564743757247925e-05, 0.0, 0.0]","[8.12178396903983e-09, 1.2793285792694287e-08, 1.9647707397977376e-08, 2.9131094427435352e-08, 4.1136560731596384e-08, 5.42779346540211e-08, 6.501937451666258e-08, 6.755641784485203e-08, 5.632382638521465e-08, 3.2560442707387936e-08, 9.613500240947282e-09, 1.0869434082206477e-09, 6.036369764729391e-10, 6.380486416990294e-11, 0.0, 0.0]",-0.017302478266278253,0.0698734599923887,0.1167858092372609,"[0.0011529785746529075, 0.0014195561917177135, 0.0017150976280394525, 0.002020123824938491, 0.002298582964427698, 0.0024924514514918783, 0.0025214150863657747, 0.0022969100812001014, 0.0017666752613521063, 0.001001072776685413, 0.0002577763718409898, -3.9605780667140156e-05, -3.839842975139618e-05, -1.1795200407505035e-06, 0.0, 0.0]","[2.6182420399766527e-08, 3.88416869768343e-08, 5.5680192011311716e-08, 7.607046677261163e-08, 9.722902019229365e-08, 1.1311409038882104e-07, 1.1476458368543354e-07, 9.456976548734788e-08, 5.556765404510928e-08, 1.762284580386446e-08, 1.2910031403657087e-09, 7.614359339619e-10, 5.047233776755977e-10, 4.763139142545218e-13, 0.0, 0.0]"
alignment_nuisance,68#11,zero,aligned,direct_BC,0.27453680988639023,1.3987534273354458,0.40802481338275914,0.5264958569260713,0.008393030972897647,0.06801894777348165,0.985026870194032,1.0,0.0,0.0,0.043066562628045445,"[-0.01515630492940545, -0.020156603306531906, -0.027540273033082485, -0.03864567633718252, -0.055358230136334896, -0.08034329488873482, -0.1171453632414341, -0.1697976104915142, -0.24138333648443222, -0.3302169442176819, -0.42155060917139053, -0.47323282063007355, -0.4031379967927933, -0.13713600859045982, 0.0, 0.0]","[4.719431815473777e-05, 8.355713489711166e-05, 0.00015615071277768656, 0.00030778714272487826, 0.0006321280349834433, 0.0013324924859396715, 0.0028344500992021626, 0.0059575539986048975, 0.012043393832605276, 0.022543317932570972, 0.036742648091371566, 0.04630740050778259, 0.0336068175551445, 0.003889356489275936, 0.0, 0.0]",-0.015300021852087958,0.06627583713192355,0.03323352989479952,"[-0.013517334358766675, -0.019364021252840757, -0.028209091164171696, -0.04164805542677641, -0.06179647147655487, -0.0915917158126831, -0.13463101908564568, -0.19448330998420715, -0.2726544588804245, -0.3638105094432831, -0.4463011473417282, -0.46760523319244385, -0.33781202882528305, -0.01033564074896276, 0.0, 0.0]","[6.213610439989716e-05, 0.00012767135940575168, 0.0002712543319269333, 0.0005918643653284256, 0.0013041260281762765, 0.0028667611293257053, 0.0061971396789507055, 0.012936972993920742, 0.02543407311618784, 0.04529283587043753, 0.06817070896044641, 0.07484204499743585, 0.03906372277791009, 3.65756464659126e-05, 0.0, 0.0]"
alignment_nuisance,68#11,zero,aligned,AC,0.7334732327859197,0.6856633350947035,0.07418297395544837,0.061094775049670064,0.0007480080195520038,0.06004918086642264,0.9733554918554174,0.9647058823529412,-1.231350838806032e-18,0.0,0.06147535557981954,"[0.04364843154326081, 0.053641426376998425, 0.06532208807766438, 0.07849033921957016, 0.09236886538565159, 0.10533565934747458, 0.11467226035892963, 0.1164022022858262, 0.10583313554525375, 0.07973603717982769, 0.04138083942234516, 0.007156796054914594, -0.0034360066056251526, -0.0011084852740168571, 0.0, 0.0]","[0.0001288025465921065, 0.00019527967866147156, 0.0002903848529227337, 0.00042035177294192803, 0.0005833798108169483, 0.00075948193370365, 0.0008998443116731438, 0.0009251000788159825, 0.0007602103079812543, 0.00042520579074671117, 0.00010939620378614751, 2.980864485965142e-06, 2.441354153184805e-06, 2.541175935033904e-07, 0.0, 0.0]",-0.011345703050247437,0.05896761098284333,0.05661152652489315,"[0.04108376085059717, 0.05013188242446631, 0.06020047323545441, 0.07079883466940373, 0.08067950431723148, 0.08785175334196538, 0.08942053723149002, 0.08190869039390236, 0.0626330827944912, 0.033054154831916094, 0.004195817644358613, -0.002802669491074994, -0.0019388794898986816, -5.9010053519159555e-05, 0.0, 0.0]","[0.00013306142126453808, 0.00019915350658947917, 0.0002882237105409103, 0.00040024280838981264, 0.0005212156260270384, 0.0006187896686140107, 0.0006404874614666122, 0.0005348102841469017, 0.00030838795122455163, 8.20701614461665e-05, 1.899338730119151e-06, 2.941564822447749e-06, 1.2868428514722918e-06, 1.1922557277144338e-09, 0.0, 0.0]"
alignment_nuisance,69#3,zero,aligned,global,0.688902055741871,0.8614467486463588,0.2819306216222453,0.32545713832941514,0.003571591431475441,0.036802458098445144,0.9947965164876393,0.932648401826484,9.072712391847133e-12,8.594305472542918e-12,0.04336756041622626,"[0.035263085252561055, 0.043523680396640785, 0.05224117763703262, 0.059902545304645116, 0.06350281606700037, 0.05777109663575786, 0.03464037366280692, -0.015988518530335227, -0.10162333865046591, -0.214369055511054, -0.3083212101544247, -0.3001360849537491, -0.11932989565465846, 0.0, 0.0, 0.0]","[0.00011430895537775792, 0.00016570380537497158, 0.00022297370502490874, 0.00026910468094603403, 0.0002828695941227985, 0.00029338698510632613, 0.0005684019393070625, 0.0020295610447773576, 0.006650833892594561, 0.016236352227652184, 0.026465610079157632, 0.02271417428553137, 0.003471594213332669, 0.0, 0.0, 0.0]",0.01959372822105774,-0.0311529571037357,0.03841466894551227,"[0.03824652614456969, 0.046591038277211894, 0.05593090687707658, 0.06528778154288517, 0.07217903580183815, 0.07137238531661261, 0.053408471601887, 0.004295540359842809, -0.08925654218386869, -0.22086238504133104, -0.33518085980688284, -0.3463227791692134, -0.09024826191418356, 0.0, 0.0, 0.0]","[0.00019691482400178439, 0.0002807319522385249, 0.0003812456397083603, 0.00047525108487397834, 0.000505245389472655, 0.00039407332932550534, 0.0002279257092140211, 0.0009420242184136209, 0.0056670424503088195, 0.019232191083481554, 0.037952808803808046, 0.03720201657606583, 0.002464877828659338, 0.0, 0.0, 0.0]"
alignment_nuisance,69#3,zero,aligned,H1,0.9702428544902965,0.31556919053425014,0.011808332211116289,0.013846645722336409,5.479920349149234e-05,0.03716847620613826,0.9963193493952159,0.9471080669710806,-1.1242480244344034e-09,3.4723406994054398e-09,0.11845385097803465,"[-0.008785055344153747, -0.00958957148421824, -0.009676957164057143, -0.008467134430397039, -0.005207200216148067, 0.0009191605244147638, 0.010475668998662258, 0.023154630337543836, 0.03686069510549217, 0.046902731073930504, 0.04677257424304326, 0.03255862620989092, 0.010382476432283738, 0.0, 0.0, 0.0]","[1.1439276521364794e-06, 1.3437480191313597e-06, 1.3317835460758344e-06, 9.612114253460736e-07, 3.008980822048515e-07, 1.0599227573357682e-07, 2.390150702815972e-06, 1.0175048507101564e-05, 2.4558331531999713e-05, 3.880132111585239e-05, 3.811025658706686e-05, 1.8353557969027246e-05, 1.860482193594482e-06, 0.0, 0.0, 0.0]",0.023100543066086582,-0.029118040445420393,0.1180501842039903,"[-0.010652923889217014, -0.011810637108327526, -0.012348643009861604, -0.011639637830647587, -0.008766033590489997, -0.002573347656175784, 0.008014728180586683, 0.0231953966406111, 0.040852293515633686, 0.05503954489969731, 0.0566418638649111, 0.03964215461360254, 0.008947326465914784, 0.0, 0.0, 0.0]","[1.7902032224136675e-06, 2.187978367608672e-06, 2.36501692211435e-06, 2.053529825217224e-06, 1.0977529631734874e-06, 7.603639554081538e-08, 1.442091365629982e-06, 1.0152533705324788e-05, 3.023129688786709e-05, 5.408771172479739e-05, 5.7014646341318635e-05, 2.7816382609514566e-05, 1.4144174293765442e-06, 0.0, 0.0, 0.0]"
alignment_nuisance,69#3,zero,aligned,direct_BC,0.7009879791867463,0.8087301510470143,0.30836533924356335,0.3337558341655092,0.0036674168732957466,0.03683171834439004,0.9807951141341623,1.0,0.0,0.0,0.04156586842356949,"[-0.009332016576081514, -0.013357951072975993, -0.01964958803728223, -0.02960298303514719, -0.045277005061507225, -0.0695940162986517, -0.1063260342925787, -0.1592494249343872, -0.22939767688512802, -0.30828528851270676, -0.3647885397076607, -0.33020463585853577, -0.12878820300102234, 0.0, 0.0, 0.0]","[1.8056553187217677e-05, 3.710104687956506e-05, 8.05032212934831e-05, 0.00018318077576687415, 0.0004294458115266589, 0.0010163897538377556, 0.0023756785803633225, 0.005334685235684589, 0.01107790541696324, 0.020018054966129573, 0.028039477335017493, 0.02298167950456631, 0.0034970242455818062, 0.0, 0.0, 0.0]",0.02001739112892534,-0.03091730144420917,0.037270935640561026,"[-0.0010018299508374184, -0.0019031155679840595, -0.0037622900563292205, -0.007476230734027922, -0.014779792632907629, -0.028858757577836514, -0.05511907581239939, -0.10164524614810944, -0.1775062493979931, -0.28401177003979683, -0.3895275890827179, -0.38410816341638565, -0.09874703735113144, 0.0, 0.0, 0.0]","[2.528221231747554e-07, 9.166256062977674e-07, 3.5958068001200784e-06, 1.423479612469289e-05, 5.571987104684389e-05, 0.00021264185299832818, 0.0007761597750980927, 0.002640433438828166, 0.0080542118316662, 0.02062188166643382, 0.03879459590736256, 0.037724934831589174, 0.0024933776138374233, 0.0, 0.0, 0.0]"
alignment_nuisance,69#3,zero,aligned,AC,0.8646431697174262,0.5027449406630082,0.08739037979112577,0.07390271990785179,0.0006461039897442247,0.0369337340203329,0.9832501556843762,0.9777777777777777,8.872847903484413e-19,8.872847903484413e-19,0.05454115908586275,"[0.05338015453889966, 0.06647120276466012, 0.08156772423535585, 0.09797266684472561, 0.11398702021688223, 0.12644595373421907, 0.1304907463490963, 0.12010626588016748, 0.09091366734355688, 0.047013524919748306, 0.009694768581539392, -0.0024900250136852264, -0.0009241998195648193, 0.0, 0.0, 0.0]","[0.00022555971569354773, 0.0003521801181350889, 0.0005333616950737609, 0.0007733168649758588, 0.0010511375642219703, 0.0012973279263018944, 0.0013837492288761707, 0.001171370238235634, 0.0006672142750936546, 0.00017407635656244234, 6.29755269551673e-06, 1.3068585325709536e-06, 1.8008563909283765e-07, 0.0, 0.0, 0.0]",0.014221079871936658,-0.034086090945731715,0.0508244329232669,"[0.04990128066856414, 0.06030478875618428, 0.07204184040892869, 0.08440364850685, 0.09572486096294597, 0.10280449292622507, 0.1005128204706125, 0.0827453865786083, 0.0473974245833233, 0.008109841473924462, -0.0022951513528823853, -0.001856805756688118, -0.0004485594108700752, 0.0, 0.0, 0.0]","[0.00023577100575409275, 0.00034503109120001356, 0.0004933373905864539, 0.0006782292003992847, 0.0008733174955219577, 0.0010076156201335549, 0.000962212266611357, 0.0006492720109152561, 0.00020938562913451461, 5.160417239510638e-06, 1.346865154523702e-06, 8.815677339617245e-07, 5.144939391145062e-08, 0.0, 0.0, 0.0]"
alignment_nuisance,69#4,zero,aligned,global,0.5666707309944973,0.9322538338037782,0.1885236834783525,0.18905245510785817,0.0025845871571397666,0.05871128948408782,0.9992150025108779,0.9073624595469255,-5.129430825352979e-13,5.547154357446387e-13,0.07529195736784243,"[-0.02388170087564312, -0.037143008222598084, -0.054806309533701025, -0.07730511033671483, -0.10427087258846157, -0.13341909685784792, -0.15912710454784662, -0.17059225669346123, -0.1505893897864441, -0.07802810010689887, 0.059114201540520384, 0.23096619917816996, 0.32240286096930504, 0.19787256233394146, 0.0, 0.0]","[4.797035894808848e-05, 8.712909688279218e-05, 0.00016532090234409254, 0.0003083263081200176, 0.0005443377051797964, 0.0008819650176602551, 0.0012665022087946084, 0.001539690724188571, 0.0015341294983223911, 0.001573685950459403, 0.003275382301383874, 0.008326077480980073, 0.011615372194933374, 0.004375289484048698, 0.0, 0.0]",0.05800038568265668,0.009108829425235632,0.07777432823573593,"[-0.026930941513352735, -0.04145976967904019, -0.060846228516188816, -0.08560680362870876, -0.1152715041471497, -0.14731560272424904, -0.175551301916538, -0.18811948521121646, -0.16633611632171252, -0.08777449166354445, 0.05905354013662922, 0.239868398579, 0.33901709131896496, 0.2315603904426098, 0.0, 0.0]","[4.7341046929169446e-05, 9.30192398095932e-05, 0.00018397059189824744, 0.0003499808304551164, 0.0006224277584867863, 0.0010078134234047691, 0.0014337871059255135, 0.0016957266747105629, 0.0015561346738271285, 0.0013089648984897172, 0.0027053276915986503, 0.007708984457630592, 0.011610573123603422, 0.005416779265539462, 0.0, 0.0]"
alignment_nuisance,69#4,zero,aligned,H1,0.9449379028388071,0.3527276819813762,0.0006855225129509492,0.000738006328508759,3.555923043224063e-06,0.05765209578866787,0.9994332743321542,0.933252427184466,-1.078673417763366e-09,2.859242961409016e-09,0.1253955089922255,"[0.001507553534031203, 0.0014825677141505622, 0.0013263928269271474, 0.0009950857004472624, 0.0004593168402031722, -0.0002733657989448801, -0.0011498019891265088, -0.0020285047239747556, -0.0025998235813746717, -0.002519806643981659, -0.0016747335098479255, -0.0005597954844911435, 5.554407835006714e-06, 1.1296942830085754e-06, 0.0, 0.0]","[2.6024759658600624e-08, 2.4366227772844684e-08, 1.8312484552253743e-08, 9.061906471378942e-09, 1.926156085386765e-09, 6.123247707982037e-09, 3.106134766434707e-08, 7.78292226256108e-08, 1.1768629022440646e-07, 1.0634230635618045e-07, 4.612244623513713e-08, 5.0811302819956425e-09, 3.4475096388764115e-12, 1.4261682113048124e-13, 0.0, 0.0]",0.05693901329674363,0.009039515610591114,0.12700434664972335,"[0.0017045087362141942, 0.0016709632918541217, 0.001491142538847967, 0.001116763590742309, 0.0005112372518665254, -0.00032495565041390506, -0.0013152180476470043, -0.0022613383416389965, -0.0028291341139485837, -0.0026659205015627796, -0.0017172704451144938, -0.000546590776485889, 1.926906406879425e-06, -2.0917505025863647e-06, 0.0, 0.0]","[3.393910328709443e-08, 3.1763484585993526e-08, 2.4062043962444817e-08, 1.2160716280765767e-08, 2.324883384679182e-09, 6.6281921077486374e-09, 3.764011200245654e-08, 9.24925101296238e-08, 1.3503992714612507e-07, 1.162282514888403e-07, 4.75971417694458e-08, 4.7761575212447806e-09, 3.7520594270423757e-13, 4.4204657295709993e-13, 0.0, 0.0]"
alignment_nuisance,69#4,zero,aligned,direct_BC,0.6527890624788206,0.8230855186426185,0.20340071861179296,0.19824731240752444,0.0024620027348657195,0.0566094098284867,0.9982731491903194,1.0,0.0,0.0,0.059808526396350536,"[0.02449005749076605, 0.02661759126931429, 0.0295657969545573, 0.03388983057811856, 0.04045029962435365, 0.050667188595980406, 0.06671591848134995, 0.09167743846774101, 0.1292920485138893, 0.1824954841285944, 0.2489975281059742, 0.3111764155328274, 0.3199789263308048, 0.19647797383368015, 0.0, 0.0]","[6.70035012708067e-05, 7.91518206635733e-05, 9.765871070658829e-05, 0.00012831651483814657, 0.0001828111266248269, 0.00028683389409335015, 0.0004973403247247044, 0.0009391507622967393, 0.0018679524503486047, 0.0037216374438976026, 0.00692825634821774, 0.010820533814904235, 0.011441372125804664, 0.004313833493402201, 0.0, 0.0]",0.055680300441535914,0.010214177591458956,0.06342076198813301,"[0.022911675390787423, 0.02486889692954719, 0.027587069431319833, 0.03160392539575696, 0.03774605435319245, 0.047400535084307194, 0.06272434582933784, 0.08683822629973292, 0.12368249520659447, 0.17676638066768646, 0.24512682110071182, 0.3136580605059862, 0.3363489806652069, 0.22992647625505924, 0.0, 0.0]","[5.299572956826792e-05, 6.243835152222821e-05, 7.683643536700058e-05, 0.00010084727919282787, 0.0001438665194912234, 0.00022689443603373998, 0.0003973487364920009, 0.0007616570523602429, 0.0015451973641143237, 0.003156367243475266, 0.006069913282846284, 0.009938489689433807, 0.011428538494940209, 0.00534060626196917, 0.0, 0.0]"
alignment_nuisance,69#4,zero,aligned,AC,0.8014989601637982,0.6346808011025274,0.13788990291189188,0.13984099241396034,0.0012870010888833717,0.06053498236135804,0.9996541602087521,1.0,0.0,0.0,0.08629456643131185,"[-0.049879309022799134, -0.06524316454306245, -0.08569849235937, -0.11219003424048424, -0.14518049452453852, -0.18381292745471, -0.22469322476536036, -0.26024117693305016, -0.2772816065698862, -0.2580037787556648, -0.18820859491825104, -0.07965046120807528, 0.0024183597415685654, 0.0013934518210589886, 0.0, 0.0]","[0.00012261661845799058, 0.00020998892670553732, 0.00036256207212719644, 0.0006216495259587385, 0.0010413608512628908, 0.0016696772581257773, 0.0024951841938567554, 0.0033469960862634873, 0.0037987489523034663, 0.0032868896773040022, 0.0017462794648739396, 0.00031080117072989234, 6.535471298411977e-07, 2.1697995145346545e-07, 0.0, 0.0]",0.05997807085088428,0.00819238100287303,0.08757852632618518,"[-0.05154712579678744, -0.06799963070079684, -0.08992443978786469, -0.11832749075256288, -0.15352879976853728, -0.19439117889851332, -0.23696043621748686, -0.27269638143479824, -0.2871894799172878, -0.2618749598041177, -0.1843560179695487, -0.07324306713417172, 0.002666190732270479, 0.0016359989531338215, 0.0, 0.0]","[0.00012606882380099374, 0.00021949741235073638, 0.000384024903340671, 0.0006652147339961435, 0.0011202059839174204, 0.0017961355122646208, 0.0026690637777814, 0.0035345583566066454, 0.003919292077163685, 0.0032567570644205, 0.0016112140309604995, 0.0002524819866659699, 7.181135027979017e-07, 2.703825492343919e-07, 0.0, 0.0]"
alignment_nuisance,69#6,zero,aligned,global,0.4555336923781953,1.0679854907500175,0.17369179082122585,0.18160120130961946,0.002727945771462592,0.07988072097908894,0.9971693566771791,0.8736092567868269,-3.725841989323363e-11,9.818205190300492e-11,0.07026442972813127,"[-0.006270175131625422, 0.002987959685505359, 0.01848015655852464, 0.042465586146903433, 0.07616525058443102, 0.11706387038896793, 0.15396072176651998, 0.1611943825773121, 0.0998200443614401, -0.056449543861674556, -0.2565100938678775, -0.3306441344320774, -0.1399333830922842, 0.0, 0.0, 0.0]","[3.143263680218947e-05, 3.40351263723651e-05, 5.735883044840281e-05, 0.00013451747306745393, 0.000318857219684247, 0.0006519947708699332, 0.001052176129101014, 0.0011969499696999914, 0.0010011478873303316, 0.002462274931097184, 0.008804386757654981, 0.012232626804426619, 0.0021910796621297593, 0.0, 0.0, 0.0]",0.03728454053989251,-0.07064554199818696,0.07879310247195934,"[-0.0025850612126205874, 0.007828550117437771, 0.026079504255363872, 0.05547036302715469, 0.09809708978361442, 0.1508318325181932, 0.19806546125710867, 0.2035428666685526, 0.1144430677942736, -0.09768538232061985, -0.34474545272496115, -0.41328176483511925, -0.14240315183997154, 0.0, 0.0, 0.0]","[9.804155797516555e-06, 2.0455421524477734e-05, 6.256617145275161e-05, 0.00018239751885928444, 0.0004546790208597468, 0.0009305976453729363, 0.0014527677470886234, 0.0014598124617332018, 0.0007767347123862234, 0.0023898232628326364, 0.010234600977681332, 0.013412205858916955, 0.0015925513625912567, 0.0, 0.0, 0.0]"
alignment_nuisance,69#6,zero,aligned,H1,0.8938069836344532,0.8384989444736101,0.00600600976589449,0.00962346780534295,7.405930660589298e-05,0.08052121270994436,0.9994564836840654,0.9292389853137517,1.7591577682760192e-10,5.047958051261734e-09,0.12318811036361178,"[-0.009321452221605853, -0.01109510919055623, -0.011565009238239554, -0.009531775616011373, -0.003745125757582457, 0.006215525992168125, 0.01834163305018066, 0.026764532602035374, 0.02394817490541712, 0.010520945708265117, 0.0013809384530354407, -1.713912934064865e-05, -2.8838403522968292e-06, 0.0, 0.0, 0.0]","[1.0967367945559688e-06, 1.544781311257202e-06, 1.6307822416227854e-06, 1.0158045888487454e-06, 1.1081597381888097e-07, 1.0144500268824158e-06, 6.137443883892761e-06, 1.2140547634124564e-05, 9.52346452246887e-06, 1.8266872718511784e-06, 3.0605255132071045e-08, 3.287301073712223e-11, 9.305538110904177e-13, 0.0, 0.0, 0.0]",0.035816837347873345,-0.07211670502174482,0.12658221545534795,"[-0.014859928660179378, -0.01800091588415853, -0.019270243152817557, -0.016585545198438467, -0.007604706926876759, 0.008746087606155584, 0.029377013140226893, 0.044153252191730274, 0.04000825251401774, 0.017407048699837446, 0.0026086094676465166, -2.403371036052704e-05, -3.3031683415174484e-06, 0.0, 0.0, 0.0]","[2.835417334662354e-06, 4.136226954545365e-06, 4.649061078206352e-06, 3.2651202176113243e-06, 5.558987294746207e-07, 1.838913801881801e-06, 1.452605974036517e-05, 3.094728784123405e-05, 2.50383607884522e-05, 4.715151403092445e-06, 1.0358849449093829e-07, 4.5359599756822355e-11, 8.568558731471276e-13, 0.0, 0.0, 0.0]"
alignment_nuisance,69#6,zero,aligned,direct_BC,0.4900799808378915,1.027321547291097,0.18376066249217937,0.1899610400781442,0.0027761954135691585,0.08071744882029644,0.9979927603579949,1.0,0.0,0.0,0.059558253978098545,"[-0.02627317188307643, -0.027655032463371754, -0.029493848327547312, -0.03222573874518275, -0.03674840135499835, -0.044900798704475164, -0.06015215301886201, -0.0884021120145917, -0.13782226108014584, -0.2141573280096054, -0.30285730957984924, -0.3282717429101467, -0.13900154270231724, 0.0, 0.0, 0.0]","[7.711298071227122e-05, 8.543903367059656e-05, 9.718185815881723e-05, 0.00011602686449213779, 0.00015089896387411724, 0.00022532450470864212, 0.00040450405163218917, 0.0008739198744698905, 0.0021246619862328106, 0.005130859745384131, 0.010262339638376708, 0.012057716311365943, 0.0021619952664864092, 0.0, 0.0, 0.0]",0.03532999519075211,-0.07257477512110257,0.07032951331066212,"[-0.021664605592377484, -0.023359947139397264, -0.025713027687743306, -0.029291278100572526, -0.035282668424770236, -0.046118711587041616, -0.06639833794906735, -0.10395234962925315, -0.16957296524196863, -0.27046182937920094, -0.38554864190518856, -0.40993231162428856, -0.14131705649197102, 0.0, 0.0, 0.0]","[3.663728646508643e-05, 4.259865167812162e-05, 5.162198244781799e-05, 6.70127382228812e-05, 9.728989993530924e-05, 0.0001663750853842552, 0.00034523277723100504, 0.0008470397394295898, 0.002255713298943178, 0.005741224959836245, 0.011670411576457564, 0.013195687230315029, 0.0015683515212242295, 0.0, 0.0, 0.0]"
alignment_nuisance,69#6,zero,aligned,AC,0.7195487227919648,0.7952924128805986,0.10187284478736199,0.11278926079921497,0.0011914514784992915,0.07885052500885831,0.9988836228285269,1.0,0.0,0.0,0.08510949561328245,"[0.029324447736144066, 0.04173810314387083, 0.05953901633620262, 0.08422309625893831, 0.11665877047926188, 0.1557491421699524, 0.19577124062925577, 0.2228319514542818, 0.21369413007050753, 0.14718683157116175, 0.04496629536151886, -0.0023552756756544113, -0.0009289486333727837, 0.0, 0.0, 0.0]","[4.252621961652617e-05, 8.633892730754129e-05, 0.00017602038756481752, 0.0003527648764294997, 0.0006774844237577189, 0.0012083538351822442, 0.0019098266715337807, 0.002474288283434753, 0.0022741859750334036, 0.0010764291966337937, 9.914044666212585e-05, 6.207015512578462e-07, 9.656036248535671e-08, 0.0, 0.0, 0.0]",0.040044175095163885,-0.06792546897239979,0.0881359092967004,"[0.0339394744951278, 0.049189414363354445, 0.07106277626007795, 0.10134718543849885, 0.14098446816205978, 0.18820445844903588, 0.23508678749203682, 0.2633419632911682, 0.24400778068229556, 0.15536939771845937, 0.038194585242308676, -0.003325423691421747, -0.001082787523046136, 0.0, 0.0, 0.0]","[5.126383934242892e-05, 0.00010791226046633887, 0.00022563540077109222, 0.0004595957393950131, 0.0008903190500335805, 0.0015876996659924347, 0.002478141617434076, 0.003109548022862521, 0.0026678609615452065, 0.0010785771944244909, 6.390315481834037e-05, 8.683696845529412e-07, 9.207486325609566e-08, 0.0, 0.0, 0.0]"
alignment_nuisance,69#7,zero,aligned,global,0.4727519144362402,1.1645997392835705,0.1893449161649693,0.23368747366912063,0.003242809411770481,0.07773707511412875,0.9794817516227767,0.8741427995159339,-3.092326944903829e-13,1.6122312676918088e-12,0.0734053847022836,"[0.0036517198534191664, -0.005874159024017445, -0.020720384512387113, -0.04286962803476513, -0.07399713142726938, -0.11410790203569832, -0.15872110897536373, -0.1939911442468336, -0.191102654413136, -0.10695766839606213, 0.08854116243056698, 0.3260462750537334, 0.3244160445083253, 0.03620197298005223, 0.0, 0.0]","[3.449847511895325e-05, 3.659023765131089e-05, 5.880011733537516e-05, 0.00013179881686359735, 0.0003105776147318183, 0.0006656741976830569, 0.001218387839631945, 0.001778807695188862, 0.0018535341127599691, 0.0014811095056875335, 0.003806902010437847, 0.012559899801558092, 0.01176840840336503, 0.00014650844950584796, 0.0, 0.0]",0.06751986405548986,-0.03852428850818513,0.07653618496039558,"[0.0007849974394957826, -0.007292990120085108, -0.022125892165313132, -0.04787837177676124, -0.08973992075517856, -0.15190526860796183, -0.2313651433757542, -0.3043355960930043, -0.3082051798855723, -0.14502056529862228, 0.21839965819908969, 0.5205304380276117, 0.3487777505069971, 0.0, 0.0, 0.0]","[5.6358103246666955e-06, 2.0249405235158447e-05, 6.936753354466119e-05, 0.0002078295896640263, 0.0005505410712191195, 0.0012824194035300528, 0.0025243188622853237, 0.0037975353377342957, 0.0034433581118232578, 0.0014283684976034404, 0.007629184821759488, 0.023230270558139816, 0.010420756346992657, 0.0, 0.0, 0.0]"
alignment_nuisance,69#7,zero,aligned,H1,0.868607186227905,3.3363678823901592,0.0034309607593706686,0.014300159253402321,0.00016833746004860664,0.07738693961080603,0.9618501476949631,0.9177087535296491,-1.6604787846589908e-11,3.6841867289360823e-09,0.12981279297750337,"[0.006072433054409743, 0.0073003279482577454, 0.008194447364658686, 0.008175842225085717, 0.006730253347676296, 0.003340685400530674, -0.0021371016590947534, -0.008737276600154331, -0.01382644841405778, -0.013486242403159765, -0.00665800390087323, -0.0006015317425118738, 2.5835638098214986e-05, 2.4205073714256287e-06, 0.0, 0.0]","[4.5241850816588294e-07, 6.51294623689926e-07, 8.16776129839245e-07, 7.841885265779953e-07, 4.877392228501788e-07, 9.331281970968003e-08, 1.9423428451400216e-07, 1.4528132707911181e-06, 3.207486941035306e-06, 2.937957419772279e-06, 6.878764944224556e-07, 5.318203593672082e-09, 7.463244332676483e-11, 6.549362831578809e-13, 0.0, 0.0]",0.06693063775222166,-0.038846207845184874,0.12880966300964636,"[0.017559770000389108, 0.023891871141778154, 0.030554340746057562, 0.03595170647210466, 0.037155947464256656, 0.029847619092024047, 0.00976253167418406, -0.02272959064648461, -0.05529790745729812, -0.06198852188070658, -0.030431412061986407, 0.00018241626702875102, 5.595153197646141e-05, 0.0, 0.0, 0.0]","[4.1181007787826225e-06, 7.62054713929715e-06, 1.2401856525465307e-05, 1.699201943190011e-05, 1.7767178559047073e-05, 1.0823575090053632e-05, 8.172080462114683e-07, 9.992450623829357e-06, 4.9563351219072366e-05, 6.0131281474219344e-05, 1.4250277143368702e-05, 1.644045515102588e-08, 2.6818626984968785e-10, 0.0, 0.0, 0.0]"
alignment_nuisance,69#7,zero,aligned,direct_BC,0.4987005746741542,1.1006411754799612,0.19521357021702135,0.2297697033634583,0.0031597072557838575,0.07705236438467834,0.9815004563274221,1.0,0.0,0.0,0.05973343213556245,"[0.027422273764386773, 0.028226264752447605, 0.029344369424507022, 0.03106452338397503, 0.03403214830905199, 0.03954877285286784, 0.05010474333539605, 0.07013498526066542, 0.10661285277456045, 0.16786050610244274, 0.25584692880511284, 0.34219101443886757, 0.3224791958928108, 0.03597929887473583, 0.0, 0.0]","[8.400833930384332e-05, 8.900746873200254e-05, 9.620039138983515e-05, 0.00010781274991826539, 0.00012940242843461768, 0.0001747694780782872, 0.0002805466474121046, 0.0005497533575673074, 0.0012704575652603108, 0.003149678880533833, 0.007317201269522261, 0.013089670041344051, 0.011625117698692289, 0.0001447116806869112, 0.0, 0.0]",0.06728839650723194,-0.037541158116856016,0.06716492090100161,"[0.011167897668201476, 0.011358296556863934, 0.011773228063248098, 0.01281039696186781, 0.015250659314915538, 0.02101786294952035, 0.034305166685953736, 0.06352476635947824, 0.1233231108635664, 0.2322795521467924, 0.3917285203933716, 0.5168759189546108, 0.34675172716379166, 0.0, 0.0, 0.0]","[1.0528342283670166e-05, 1.0890222318720036e-05, 1.1703005909687629e-05, 1.386691290581694e-05, 1.9687782180842668e-05, 3.750223306391045e-05, 0.00010024055733412186, 0.0003446299573809572, 0.0013008901541426542, 0.004618764399380882, 0.013141495481930256, 0.022883876370146203, 0.0103000411647539, 0.0, 0.0, 0.0]"
alignment_nuisance,69#7,zero,aligned,AC,0.7190689498544792,0.8580183382780878,0.12849827469139988,0.15706524561715424,0.0016213805312105323,0.07851722953444841,0.994622961547232,0.918918918918919,6.155834799974285e-19,0.0,0.08589316447103193,"[-0.029842987656593323, -0.04140075505711138, -0.0582592049613595, -0.08210999052971601, -0.11475953785702586, -0.15699734911322594, -0.20668875146657228, -0.25538885593414307, -0.28388902731239796, -0.2613319158554077, -0.16064775362610817, -0.015543170040473342, 0.0019109999429929303, 0.00022025383077561855, 0.0, 0.0]","[4.3872542777756906e-05, 8.458986750842082e-05, 0.00016780278039765437, 0.00033364582414750787, 0.0006521612059620541, 0.0012210697641701204, 0.002116736997863516, 0.0032317890140472136, 0.003992381112903173, 0.0033807586641365385, 0.001274984032676881, 1.1581732115723971e-05, 4.2763689317152575e-07, 5.423066727576324e-09, 0.0, 0.0]",0.06780073325949657,-0.03959818055466506,0.08465588946353389,"[-0.027942670683842152, -0.04254315746948123, -0.06445346295367926, -0.09664047439582646, -0.14214652800001204, -0.20277075236663222, -0.2754328455775976, -0.34513078164309263, -0.37623037211596966, -0.3153116013854742, -0.14289745315909386, 0.0034721093252301216, 0.001970062032341957, 0.0, 0.0, 0.0]","[3.586020912458005e-05, 8.330471774924242e-05, 0.00019151395893978143, 0.00043113568028542605, 0.0009335653955447354, 0.0019006747522549796, 0.0035081016448586287, 0.005509088469247179, 0.0065451614002968485, 0.004591849680593779, 0.0009378703513698249, 1.0326433739988108e-06, 3.3247713798235934e-07, 0.0, 0.0, 0.0]"
alignment_nuisance,69#21,zero,aligned,global,6.646049957624731e-05,2.1685932537628285,0.1594070869894012,0.3067521103973626,0.005083663727164705,0.2546554254607953,0.8749553300387319,0.5400500625782227,-6.282928578178131e-13,-1.2500501540552111e-12,0.04671875174144075,"[0.004941594758718915, 0.006670153089750164, 0.008564810707220483, 0.01039777828834576, 0.011687919900625676, 0.011515922249268673, 0.00826042660516646, -0.0007261589505871413, -0.019293060753108326, -0.0517775913430103, -0.09938898991116901, -0.1499758304823275, -0.15881801267427303, -0.0556069972297053, 0.0, 0.0]","[4.487661522680514e-05, 5.811934325724724e-05, 7.792831274869221e-05, 0.00010867227680236088, 0.00015846368983056929, 0.00024357002118062372, 0.0003990436721738522, 0.0007037032872601976, 0.0013304612696120727, 0.0026042677895129337, 0.004866678160555811, 0.007455990983797093, 0.006612125431393804, 0.0007467185290944711, 0.0, 0.0]",0.24389811535879305,-0.07323315533912314,0.03984920591989989,"[0.01841161233315347, 0.02733444709786248, 0.03890965886227349, 0.05250492268778828, 0.0657646402408858, 0.07327344667085711, 0.06506184361968081, 0.026250376700413636, -0.05868612299914311, -0.19039525333407079, -0.3242229218573165, -0.3478606701391982, -0.15743577480316162, 0.0, 0.0, 0.0]","[2.6371611426770293e-05, 5.0706113268428124e-05, 9.126338276450733e-05, 0.00015116568319803193, 0.00022911142135091038, 0.00033945826601132164, 0.000635459999494528, 0.0018172033316784194, 0.005907126407065083, 0.016129608330067324, 0.03095218775333343, 0.03145937136472444, 0.006307823568852539, 0.0, 0.0, 0.0]"
alignment_nuisance,69#21,zero,aligned,H1,0.19009499746676978,26.960613580848253,0.0002813856752882081,0.007634788915776659,0.00011156368321516793,0.26213802180365575,0.7584143521538473,0.5775969962453066,2.257857791787283e-09,2.681252419106516e-09,0.1126313610416054,"[9.399882489413702e-05, 0.0001312906690384974, 0.00018198136448455138, 0.00024908590701033795, 0.0003351922162004861, 0.00044137727094062384, 0.0005651656818106421, 0.0006972167304555299, 0.0008163934167610964, 0.0008846250167391378, 0.0008464063282718759, 0.0006519651245240898, 0.00032641856192698604, 7.037084308758254e-05, 0.0, 0.0]","[4.0793048053891905e-10, 6.537256319007613e-10, 1.066105476871818e-09, 1.7479456857422383e-09, 2.8440067945577833e-09, 4.528311083310821e-09, 6.938693840180862e-09, 1.0008956293822043e-08, 1.3151969172915517e-08, 1.4925753866461506e-08, 1.3272194137360203e-08, 7.670996905091335e-09, 1.8757383434492667e-09, 8.557054519784288e-11, 0.0, 0.0]",0.24965995050652673,-0.07991403060205667,0.11567346226880601,"[-0.002074468409404062, -0.00020973840680404976, 0.0030135979030703197, 0.007873390949228565, 0.014309727166036623, 0.021527042188456136, 0.02754413867695149, 0.029122894149263612, 0.023163660135969266, 0.01100454525824894, 0.0018931715625249979, -0.0001701547735137865, -6.529316306114197e-05, 0.0, 0.0, 0.0]","[5.6610634310391245e-08, 3.915550063446452e-08, 3.239216335066044e-07, 1.4758319001198188e-06, 4.303456766319909e-06, 9.193893543324154e-06, 1.458500219161731e-05, 1.600696511373542e-05, 1.0007606987982918e-05, 2.224415360569134e-06, 6.455433879549785e-08, 7.50284141554374e-09, 1.0849761349768228e-09, 0.0, 0.0, 0.0]"
alignment_nuisance,69#21,zero,aligned,direct_BC,0.0,1.8895402945171251,0.2083150931588545,0.3339780522382093,0.005788525918819768,0.2547529816359532,0.9494561745402549,nan,0.0,0.0,0.042411703578112234,"[-0.026059969794005156, -0.030260076746344566, -0.035630643367767334, -0.042605066671967506, -0.051757524721324444, -0.06387940235435963, -0.08004654571413994, -0.10160861164331436, -0.12992161884903908, -0.16523246094584465, -0.20331664755940437, -0.22750402987003326, -0.19684621691703796, -0.0637866910547018, 0.0, 0.0]","[0.00013944432843704412, 0.00018820922456938647, 0.000261267789139652, 0.00037410318570573007, 0.0005530055554131769, 0.0008438828214664476, 0.0013275757943225254, 0.0021431154943252345, 0.0035100138853829954, 0.00568597681693675, 0.008619974869063698, 0.01080346231218976, 0.008094588608422992, 0.0008505573524068312, 0.0, 0.0]",0.24380280401211332,-0.07388690281937238,0.03745433187573981,"[-0.0048145088367164135, -0.007379962597042322, -0.011715071741491556, -0.01904839789494872, -0.03134297486394644, -0.051655844785273075, -0.08429223112761974, -0.1343300510197878, -0.2052069865167141, -0.2917588837444782, -0.36516526341438293, -0.35208575427532196, -0.1562870815396309, 0.0, 0.0, 0.0]","[5.869557469300818e-06, 1.3806683260828771e-05, 3.4826268545452865e-05, 9.214996403637756e-05, 0.0002496529677118984, 0.0006784200352294529, 0.00180708231149938, 0.004590362366222667, 0.010713966231127983, 0.021659939059799863, 0.03393252271670921, 0.031546629169831975, 0.006216112045383665, 0.0, 0.0, 0.0]"
alignment_nuisance,69#21,zero,aligned,AC,0.0,1.4583173976692898,0.0757369873200632,0.0803915078827731,0.0016242436214103909,0.2533942837776316,0.9061097084429902,nan,0.0,1.1813381769370812e-18,0.05755486033556544,"[0.030907563166692853, 0.036798938643187284, 0.04401347320526838, 0.05275376234203577, 0.06311025843024254, 0.07495395466685295, 0.08774181269109249, 0.10018523875623941, 0.10981216933578253, 0.11257024109363556, 0.10308126825839281, 0.07687623612582684, 0.03770177625119686, 0.008109325193800032, 0.0, 0.0]","[6.555063275852421e-05, 9.429409090067463e-05, 0.00013683756234017543, 0.00019933473466065432, 0.0002890000421489189, 0.00041235498190709435, 0.000570588904281342, 0.0007497185170335877, 0.0009058446758799168, 0.0009551908064966701, 0.0008019387515033781, 0.00044494929729435096, 0.00010568189207611054, 4.806359038015094e-06, 0.0, 0.0]",0.24524065189233152,-0.06376272979259266,0.05817877470864631,"[0.025300590321421623, 0.03492414811626077, 0.047611132613383234, 0.0636799291241914, 0.0827978819143027, 0.10340224578976631, 0.12180993054062128, 0.13145752646960318, 0.12335719913244247, 0.0903590836096555, 0.03904913767473772, 0.00439524618559517, -0.001083390787243843, 0.0, 0.0, 0.0]","[4.9456887710225094e-05, 9.46240454799662e-05, 0.00017652275381851832, 0.00031682141294585666, 0.0005368199869718156, 0.0008383098792679564, 0.001163602612604152, 0.0013536485166546818, 0.0011876614790276318, 0.0006306334702804567, 0.00011309390389083328, 1.3008857740053367e-06, 2.987052398709805e-07, 0.0, 0.0, 0.0]"
alignment_nuisance,70#1,zero,aligned,global,0.0004063285742606744,1.8302509509055374,0.10811533306082022,0.16577520445474367,0.002909973399147576,0.3024003123825099,0.6607860050883484,0.5209713024282561,-2.4116209060248007e-16,4.1554083303811955e-15,0.05838295191044877,"[0.01224285690618565, 0.0060034548453011816, -0.0019163961135975072, -0.01142012049308283, -0.02195742724287575, -0.03221889417604906, -0.03975713906153322, -0.04073499149113324, -0.030273848676613202, -0.004447237357690925, 0.03426119629991231, 0.06708670220045576, 0.05525340975211037, 0.0, 0.0, 0.0]","[0.0001885367272503392, 0.00018220321721252323, 0.0001828894820145425, 0.00019917243030635984, 0.0002422941267692525, 0.00032489907528897657, 0.0004618397526491842, 0.0006811301346706812, 0.0010532158500704263, 0.0016986361770306795, 0.0025697173930541496, 0.002789330700866472, 0.0011150601756684977, 0.0, 0.0, 0.0]",0.0131270168889006,-0.30211526005257594,0.04812099057891466,"[-0.015103404146245225, -0.030675828880127654, -0.05105137467513288, -0.07509445444002338, -0.09886596058801445, -0.11405413932905972, -0.1072509692952277, -0.06297620814893409, 0.024427288521365033, 0.1297643358352989, 0.1864660605317569, 0.13197580352425575, 0.005338154733181, 0.0, 0.0, 0.0]","[7.440305152157146e-05, 0.00013003211529943895, 0.00024530412632703017, 0.0004312176370519969, 0.000659614080557449, 0.0008441386541733092, 0.0009250504065026624, 0.0012130267484332287, 0.0028093958468938572, 0.006561235936938012, 0.009082140273875623, 0.00449849520001195, 7.364334425941766e-06, 0.0, 0.0, 0.0]"
alignment_nuisance,70#1,zero,aligned,H1,0.01460807738995045,50.7135531785865,0.00013266589999601702,0.00672858932761758,9.89405760946036e-05,0.31149807280177993,0.24332678640047625,0.6004415011037527,-1.5993443147233796e-10,2.758924722850006e-09,0.12716002556729025,"[0.00012584426944961535, 0.0001796964145222013, 0.00021476726185465367, 0.00022446270236509136, 0.00020120434638792872, 0.00013207369497614252, 1.8210138238661244e-05, -0.0001314641575458353, -0.0002910322486671113, -0.00041390280444919547, -0.00043992264430048333, -0.0003291124134676693, -0.00013025305750744703, 0.0, 0.0, 0.0]","[2.450665770767155e-10, 3.1886858941039443e-10, 4.107598104547065e-10, 4.389621117029069e-10, 3.704779778056484e-10, 3.065208906054197e-10, 5.073876109050355e-10, 1.3228930129131528e-09, 2.8128601788640127e-09, 4.2348359209952784e-09, 4.155769586844166e-09, 2.153292893789511e-09, 3.225458603862298e-10, 0.0, 0.0, 0.0]",0.016730469008908493,-0.31104845128097786,0.11606338340606503,"[0.014666145378399165, 0.013895116941633034, 0.010386301461714709, 0.0035175831741973695, -0.00640966098013962, -0.017311389008941802, -0.024788642875455125, -0.023391681473180798, -0.012090598767572317, -0.000515714191768879, 3.391667291923611e-05, 1.2683216482400894e-05, 4.794273991137743e-07, 0.0, 0.0, 0.0]","[3.937179569096032e-06, 3.4924944339752895e-06, 1.9084159082404662e-06, 2.821095379291236e-07, 1.2554579341375643e-06, 6.760057010407717e-06, 1.3109173422217218e-05, 1.1467963455534229e-05, 3.055242346294229e-06, 5.421223330804004e-09, 3.5789342446927414e-10, 4.15457332165331e-11, 5.940884364178311e-14, 0.0, 0.0, 0.0]"
alignment_nuisance,70#1,zero,aligned,direct_BC,0.0,1.462562209058607,0.1840075041234566,0.1963876683897237,0.003957682672267108,0.3005205049152801,0.9684348092636811,nan,0.0,0.0,0.042455955508399194,"[0.04590770322829485, 0.04948345199227333, 0.05427311360836029, 0.060780731961131096, 0.06967491284012794, 0.08177033998072147, 0.09788968227803707, 0.1185341514647007, 0.14296601340174675, 0.167280625551939, 0.18099327385425568, 0.16341229155659676, 0.09116356819868088, 0.0, 0.0, 0.0]","[0.0004320036681217743, 0.0005023871610236354, 0.0006051050942844256, 0.0007601411307949849, 0.0010008630956317745, 0.0013816711792378825, 0.0019849733916859937, 0.002917717545799739, 0.004254424366319745, 0.005837015485381208, 0.006846383185615201, 0.005591625785684423, 0.001744450484163107, 0.0, 0.0, 0.0]",0.018489041928849655,-0.29995121137126307,0.03700380573424667,"[0.030696489848196507, 0.03399221086874604, 0.038956490345299244, 0.04638997931033373, 0.05737314932048321, 0.07323984708636999, 0.09533929638564587, 0.12390737235546112, 0.15656418539583683, 0.18456196412444115, 0.18731524795293808, 0.13108756206929684, 0.0053024382796138525, 0.0, 0.0, 0.0]","[0.00023977338821314044, 0.00029433554090579146, 0.0003871168100918849, 0.0005498571690333532, 0.0008425774338944921, 0.0013755680732922696, 0.002334895997060032, 0.003949578818136644, 0.006313397151783199, 0.008781939892725174, 0.009053663927399286, 0.004438145975281419, 7.266117735407843e-06, 0.0, 0.0, 0.0]"
alignment_nuisance,70#1,zero,aligned,AC,0.0,1.430960343607961,0.11513559466107998,0.1178466387268722,0.002422859854378322,0.3042698589036643,0.8096104998751386,nan,0.0,0.0,0.05539380643114801,"[-0.03379069524817169, -0.043659685645252466, -0.05640428327023983, -0.072425308637321, -0.09183354396373034, -0.11412130575627089, -0.13766501378268003, -0.15913768950849771, -0.1729488279670477, -0.1713139396160841, -0.14629217237234116, -0.09599647857248783, -0.035779892234131694, 0.0, 0.0, 0.0]","[8.481944246835697e-05, 0.00014408141773833752, 0.00024380199734533726, 0.00040624167091599843, 0.0006583418653689232, 0.0010225554989309576, 0.001493808217056529, 0.0020008636743033227, 0.0023657536059019943, 0.002320897602030303, 0.0016898808017923044, 0.0007251434950190834, 0.00010001586908906533, 0.0, 0.0, 0.0]",0.007641160143174975,-0.30417389715247123,0.05445468968508454,"[-0.06046604085713625, -0.07856315816752613, -0.10039416886866093, -0.12500201666262, -0.14982944237999618, -0.1699825911782682, -0.17780162952840328, -0.1634919042699039, -0.1200462841661647, -0.05428191024111584, -0.0008831087397993542, 0.0008755591697990894, 3.523685154505074e-05, 0.0, 0.0, 0.0]","[0.0003060535070279789, 0.0005205681491877735, 0.0008548206502786861, 0.0013306545653148933, 0.001917282740939477, 0.002472921982881553, 0.002710435766686673, 0.0022928021440519883, 0.0012330770247400528, 0.0002488767904083455, 1.3862293313322124e-07, 1.9799388982174627e-07, 3.2088156204665923e-10, 0.0, 0.0, 0.0]"
alignment_nuisance,70#7,zero,aligned,global,0.7746265120047618,0.8063120700296798,0.22055362154520236,0.28116437362010827,0.002615221281480216,0.020845257482884096,0.99865214029417,0.9331103678929766,-6.639760120757368e-15,1.1547253854857258e-13,0.05011885456154725,"[-0.010004599162204642, -0.020626408965634724, -0.03473287823734772, -0.05210303092393609, -0.0710169530085567, -0.08695270757337958, -0.09101595827095288, -0.06900838824370448, -0.004192014966252988, 0.10951583433962245, 0.23688413048489831, 0.2657416940201074, 0.07264748401939869, 0.0, 0.0, 0.0]","[5.1078728146943566e-05, 6.580735548327338e-05, 0.00010612038170326133, 0.00018883255120916034, 0.00032594959622885347, 0.0005140596642121907, 0.0007661088905882027, 0.0013264919393326919, 0.003236849110724984, 0.00857026151311107, 0.016754646359620737, 0.015648800801137324, 0.001088893085205659, 0.0, 0.0, 0.0]",0.017440421088000844,0.01141737587203627,0.04008146440062669,"[-0.008968791806925225, -0.019534971476002028, -0.03410716401882041, -0.05270881030262231, -0.07371619097008875, -0.09226170266489042, -0.09826899829174884, -0.07540485819806086, -0.005210867104284422, 0.11602932005255182, 0.24291544586379654, 0.2539337596972473, 0.061748920008540154, 0.0, 0.0, 0.0]","[0.00010026626372581495, 0.00012451622233147427, 0.00018379174822166295, 0.00030542637179211025, 0.0005204041794004132, 0.0008606612741341754, 0.0014224241322173866, 0.002692930007773564, 0.00632083193090466, 0.015146724975925098, 0.02708569450004525, 0.02299665619227694, 0.0012930771944392773, 0.0, 0.0, 0.0]"
alignment_nuisance,70#7,zero,aligned,H1,0.9810288318520217,0.9262719215987733,0.0016500764502429925,0.0031133422328556903,2.2476757122815576e-05,0.023693028642689053,0.9962579499679731,0.9456521739130435,-1.2837895570740273e-09,4.5483667568901505e-09,0.1159341591273857,"[0.002027351068971228, 0.00184927173451932, 0.0012265214653854883, 1.9405354359847138e-05, -0.0018120144687872042, -0.004063538167917713, -0.006112818664485431, -0.006877520041629115, -0.00530854221070165, -0.0019519801990054153, -0.00024475078703023456, 1.0239484254270792e-05, 2.8382055461406708e-06, 0.0, 0.0, 0.0]","[4.63301302137201e-08, 3.516321423735989e-08, 1.2440662829573305e-08, 9.744701993940814e-09, 9.969917290848932e-08, 3.576021445288437e-07, 7.228200896882321e-07, 8.678084825276133e-07, 5.030725633026378e-07, 6.7038299988038e-08, 1.0079006231653254e-09, 2.3266668760369677e-11, 1.6621361405289026e-12, 0.0, 0.0, 0.0]",0.017807191594722577,0.01562893567147145,0.11570435084202234,"[0.004238233917188694, 0.004152702373051653, 0.003188359459130652, 0.000989409114506401, -0.00260508385596836, -0.007214313080529777, -0.011521503678229905, -0.013092569580811286, -0.009649651892647104, -0.002948521985014191, -0.00026768328313142575, 1.434523073839955e-05, 3.4640543162822723e-06, 0.0, 0.0, 0.0]","[2.2847105224860082e-07, 2.0843487043597932e-07, 1.0933652247463002e-07, 2.490087971272407e-08, 2.524862872773448e-07, 1.168608214361632e-06, 2.6219207207113675e-06, 3.2129309986279904e-06, 1.706913164613403e-06, 1.5755790746755572e-07, 1.2617999461811949e-09, 7.337116007322526e-11, 4.0698453721704775e-12, 0.0, 0.0, 0.0]"
alignment_nuisance,70#7,zero,aligned,direct_BC,0.8184760159146572,0.6764719431511776,0.2691597487412852,0.31641656489709497,0.0026776326213102932,0.021574373605368215,0.9998478529723855,1.0,0.0,0.0,0.04332747022170165,"[0.027969856280833483, 0.030947799794375896, 0.03545536007732153, 0.04259312152862549, 0.05406214389950037, 0.07247334718704224, 0.10144687071442604, 0.14502165094017982, 0.20515991374850273, 0.2748820334672928, 0.32397493720054626, 0.281659297645092, 0.07195440866053104, 0.0, 0.0, 0.0]","[0.00016018504768906057, 0.0001961954670444627, 0.00025767647356056585, 0.0003721982353697695, 0.0006002647837085326, 0.0010799251530563166, 0.0021181173789876218, 0.004331979957871782, 0.008674741167026337, 0.015578719302200117, 0.021645575411351203, 0.016363176380165545, 0.0010682155844404587, 0.0, 0.0, 0.0]",0.017549078073088864,0.012549241222027743,0.0340152001072813,"[0.024834551848471165, 0.027362952940165997, 0.03120845928788185, 0.03735658340156078, 0.047363474033772945, 0.06367524527013302, 0.08977288752794266, 0.12970201298594475, 0.18579250946640968, 0.25208936631679535, 0.3002467378973961, 0.26171284914016724, 0.061250800266861916, 0.0, 0.0, 0.0]","[0.00020815608863424245, 0.0002527613009943681, 0.0003289245173873478, 0.00047154244339600755, 0.0007585133096733665, 0.0013719118304330487, 0.0027287229305474406, 0.005698900716503433, 0.011698205305611067, 0.02154182023123974, 0.03056335735406296, 0.023224327320504057, 0.0012722991922904277, 0.0, 0.0, 0.0]"
alignment_nuisance,70#7,zero,aligned,AC,0.9690276223750998,0.2471982225701884,0.11946016564000433,0.11444345785588857,0.0004342697149139612,0.017300993311083385,0.9971800744664063,1.0,0.0,0.0,0.06185440900121902,"[-0.04000181285664439, -0.05342348664999008, -0.0714147612452507, -0.09471556078642607, -0.1232670983299613, -0.15536251105368137, -0.1863500028848648, -0.20715253613889217, -0.20404338091611862, -0.16341417282819748, -0.0868460088968277, -0.015927844448015094, 0.0006902390159666538, 0.0, 0.0, 0.0]","[0.00010547742060501166, 0.0001896030205007801, 0.00034091525680980444, 0.0006027459311834283, 0.001024768433324917, 0.0016318421582851433, 0.0023506663008351966, 0.0029047935037385493, 0.002812693408828778, 0.0017940272672207274, 0.0004979555657694393, 1.5144609963274242e-05, 9.829767222868831e-08, 0.0, 0.0, 0.0]",0.016699067120948353,0.004523884043630393,0.060192215228936134,"[-0.03804157528793439, -0.05105062748771161, -0.06850398692768067, -0.09105480392463505, -0.11847457848489285, -0.1487226360477507, -0.17652039136737585, -0.19201431144028902, -0.18135371897369623, -0.13311151741072536, -0.05706361378543079, -0.007793410928570665, 0.0004946584813296795, 0.0, 0.0, 0.0]","[0.0001057806768285794, 0.00019199516442366927, 0.00034788098335029936, 0.0006178330595758358, 0.0010500482568701064, 0.001658953208344935, 0.002339875199605798, 0.0027673304240478577, 0.0024620713792761844, 0.0013163464411156459, 0.0002351142128597187, 3.993059097332493e-06, 8.298061658228335e-08, 0.0, 0.0, 0.0]"
alignment_nuisance,70#15,zero,aligned,global,-0.036258007324184674,1.5586737861830486,0.17362288478228194,0.20138406903507722,0.00397972704693563,0.14277000790765035,0.8089452645069011,0.6614710180224063,-1.2408389928865074e-16,6.928916868973497e-15,0.054077276498933166,"[0.0018403254608232444, -0.0016366798421540985, -0.005754961119704305, -0.01030577598713922, -0.014787754321493818, -0.01819311402996826, -0.018711527159056995, -0.013420916388253268, 0.001784097094846171, 0.031246654370427063, 0.07587564410341008, 0.12365002738104569, 0.13476680782385353, 0.05256572283563012, 0.0, 0.0]","[0.00044808346367019236, 0.0004946804346055142, 0.0005562359421723429, 0.0006411309566062185, 0.0007622978986083496, 0.0009405287889460562, 0.001211364227007146, 0.0016394367292019874, 0.0023428979372563056, 0.003500181172093445, 0.0051834208066104314, 0.00660718597449627, 0.005153438164774199, 0.0006640236240730671, 0.0, 0.0]",-0.1061500167245788,-0.09547486112752868,0.04438730739851166,"[-0.02021916688425396, -0.027428445496370912, -0.03573899457677143, -0.04433876588429708, -0.051442392720746355, -0.05375569820223225, -0.04603141394152166, -0.021216049344949806, 0.02745224850540151, 0.09980336153345999, 0.17406147593916305, 0.1888609354791697, 0.06423342103880714, 0.0, 0.0, 0.0]","[5.702161838393278e-05, 8.363545880242229e-05, 0.00012788607558021888, 0.00019762373039584313, 0.0003060177470624071, 0.0004899508892100919, 0.0008706909222851627, 0.0017913407217764231, 0.0039654786115398515, 0.008106009939403984, 0.012673969356626222, 0.010768512578954411, 0.001117405611103776, 0.0, 0.0, 0.0]"
alignment_nuisance,70#15,zero,aligned,H1,0.4559974582612844,2.674655027706742,0.0003211524667591289,0.0009564694892942977,1.2631942057025385e-05,0.14201672437698448,0.6620006387746783,0.6950803701899659,-3.6536349450839254e-11,1.0255494702385262e-08,0.1096639444294129,"[-4.447818076425136e-05, -5.360492413730711e-05, -8.108066368883726e-05, -0.00013348735511886645, -0.00021738493631096034, -0.0003376660801266418, -0.0004943639986136894, -0.0006775222648629509, -0.0008597758889075102, -0.0009889349736273978, -0.000989714640406536, -0.0007920761706550206, -0.00041777368407514004, -9.818751257104422e-05, 0.0, 0.0]","[8.907452366887026e-10, 1.039126494002433e-09, 1.3306952190272792e-09, 1.8809875881290895e-09, 2.8937820974138903e-09, 4.681137463008212e-09, 7.605257178165625e-09, 1.1830025125150142e-08, 1.6749137609895093e-08, 2.0258777734628196e-08, 1.9038480979221083e-08, 1.164258661693203e-08, 3.129419055114384e-09, 1.6874850809720668e-10, 0.0, 0.0]",-0.10799142570762425,-0.09223123165468598,0.11271945183871909,"[0.0003448255545839274, -8.210659034446621e-06, -0.0005223801546740958, -0.0012002007379328106, -0.0020013287113034295, -0.00279879628266988, -0.0033699685515542477, -0.003410088209640616, -0.0026651926379733792, -0.0012876916578796055, -0.0002608251461767956, -5.517431418411434e-07, -7.889047992648557e-08, 0.0, 0.0, 0.0]","[1.5164237719631534e-09, 3.2428963863736347e-09, 1.3549159783101162e-08, 4.067817346178461e-08, 9.208535587620708e-08, 1.6236862716872892e-07, 2.214870458395755e-07, 2.1832896187452611e-07, 1.3029055116953335e-07, 3.00538230882437e-08, 1.2327773957820174e-09, 8.644618788712267e-14, 1.6888876454395258e-15, 0.0, 0.0, 0.0]"
alignment_nuisance,70#15,zero,aligned,direct_BC,0.0,1.4636293168110608,0.2365453146220596,0.2528060581054143,0.005091392018163861,0.14255420722134773,0.939522626288087,nan,0.0,0.0,0.04393404976194001,"[0.07120588794350624, 0.07611741311848164, 0.08205545879900455, 0.08934536576271057, 0.09842188842594624, 0.10986083745956421, 0.12433479726314545, 0.14253522083163261, 0.1648026444017887, 0.1899826042354107, 0.2126585803925991, 0.2177329771220684, 0.17491299286484718, 0.05967068113386631, 0.0, 0.0]","[0.0010381052938774477, 0.0011863373341397011, 0.0013787617366185258, 0.0016347645300671676, 0.0019839592864434076, 0.0024721370939468496, 0.0031666913803706925, 0.004161896371835533, 0.005564056186602301, 0.007394264984415103, 0.009264577186958348, 0.009711629565758564, 0.006267143947317436, 0.0007293609712980854, 0.0, 0.0]",-0.10638933773531208,-0.09488419685463251,0.03874539298410411,"[0.023800457827746868, 0.027870274614542723, 0.03381276782602072, 0.04259517602622509, 0.055601151660084724, 0.07463708147406578, 0.10177784413099289, 0.13863837905228138, 0.18434663116931915, 0.23103372752666473, 0.2558450512588024, 0.21381354704499245, 0.06598850153386593, 0.0, 0.0, 0.0]","[0.00014522947927185937, 0.00019949280628678572, 0.00029425736704548084, 0.0004680738844673356, 0.0007994803911822619, 0.0014438393939529906, 0.002689903710865249, 0.004998478251543485, 0.008847214595942149, 0.013906087224816094, 0.017061642509984612, 0.011920831915650312, 0.001136371483789483, 0.0, 0.0, 0.0]"
alignment_nuisance,70#15,zero,aligned,AC,0.20688127829301473,1.2473662002190937,0.1066204739944744,0.10455766174065774,0.001955805522235974,0.143365490239895,0.97298212749905,1.0,5.960862070262476e-19,5.960862070262476e-19,0.06592769175411063,"[-0.06932109221816063, -0.07770049199461937, -0.08772933483123779, -0.09951766859740019, -0.1129922540858388, -0.12771627120673656, -0.14255195669829845, -0.1552786212414503, -0.16215878911316395, -0.1577470488846302, -0.13579322397708893, -0.09329086076468229, -0.03972839890047908, -0.007006773026660085, 0.0, 0.0]","[0.0002984146883324018, 0.0003757069974959406, 0.00047989421348224037, 0.0006185745177971359, 0.0007985519537763322, 0.0010214648333445584, 0.0012735829275718979, 0.0015114247730770936, 0.00164737873843788, 0.0015565073261391655, 0.0011494808150883714, 0.0005384352722304006, 9.56445742401057e-05, 2.863843792875987e-06, 0.0, 0.0]",-0.10533932490964548,-0.09724860111747403,0.05572065935147846,"[-0.044364448403939605, -0.055290509655606, -0.06902938627172261, -0.08573373930994421, -0.10504221986047924, -0.1255939924158156, -0.1444392877165228, -0.1564443400129676, -0.15422919788397849, -0.12994267721660435, -0.08152273192536086, -0.024952056322945282, -0.0017550043885421474, 0.0, 0.0, 0.0]","[0.00014831575634374514, 0.00023398620155081238, 0.0003696060396383027, 0.0005764267652020829, 0.0008729786277240062, 0.0012564021353470805, 0.0016695785270255136, 0.0019642062934951254, 0.001910646953803278, 0.0013535315381263476, 0.0005285467546579201, 4.7872316864145286e-05, 2.0671889544570636e-07, 0.0, 0.0, 0.0]"
alignment_nuisance,70#34,zero,aligned,global,0.36951488962929463,1.2048645099775068,0.1793455227456079,0.20382309782635458,0.003177750814405098,0.08968618924991485,0.9910623449672995,0.8771689497716895,-1.302832407463767e-11,1.3268608612700106e-11,0.07313692454679933,"[-0.013624826784903732, -0.02688809498735978, -0.04546104828536812, -0.07008791204087572, -0.10023521907851674, -0.13226081388843625, -0.15673863607512573, -0.15566753975119307, -0.10274070467005725, 0.0249289005507336, 0.20877193368234792, 0.3269217349588871, 0.21067767962813377, 0.0, 0.0, 0.0]","[3.7625211769979245e-05, 6.410845405590033e-05, 0.0001293612320803925, 0.00026581316655320623, 0.0005094545707009907, 0.0008630405682889034, 0.001222164203910338, 0.0013528329072734196, 0.0012655017764913578, 0.0023406757723613723, 0.007209496864143834, 0.011944363048304443, 0.0049603787529612225, 0.0, 0.0, 0.0]",-0.05023472151173572,0.07429727653212122,0.07872593707035307,"[-0.012361713293156384, -0.027927763948532913, -0.05141577175881906, -0.08485783587746454, -0.1285363969749156, -0.17760428295139263, -0.21684991147780863, -0.21578362518964944, -0.13110979108754672, 0.06545728528966777, 0.31368187650332224, 0.4147453159093857, 0.20190125238150358, 0.0, 0.0, 0.0]","[2.5044132354511675e-05, 5.6926392638749107e-05, 0.00014285307145787642, 0.00033788415135589634, 0.0007122126683595691, 0.0012820081008642278, 0.0018419851447904873, 0.0018835671091132242, 0.0013875713706912797, 0.0031380930586408125, 0.011151451016871193, 0.015832306748028047, 0.003751952242365836, 0.0, 0.0, 0.0]"
alignment_nuisance,70#34,zero,aligned,H1,0.8701018828773934,2.2631538280722556,0.0015901729817927373,0.004896038816597524,5.292361869178391e-05,0.08950102634038329,0.9926130313359857,0.9324200913242009,-8.147693778091048e-10,6.84454890715801e-09,0.12468258728256516,"[0.003223357885476119, 0.0033916285689450376, 0.003193214767954089, 0.0024115983255939, 0.0008225266706141099, -0.0015305760766324283, -0.004245808921361061, -0.006336358208245185, -0.006427972452573094, -0.004004530005474294, -0.0010289897936477388, 3.564078360795975e-05, 2.0863022655248642e-05, 0.0, 0.0, 0.0]","[1.255837300599055e-07, 1.351345743951571e-07, 1.1449536640771907e-07, 5.849607607158452e-08, 6.066474868976515e-09, 7.080057958744782e-08, 3.4779150980653417e-07, 6.980445056583056e-07, 6.909788283107401e-07, 2.6416855170906213e-07, 1.689930967817844e-08, 1.4196061427079743e-10, 4.864485572166066e-11, 0.0, 0.0, 0.0]",-0.05020824699860567,0.0740916104925013,0.12827436792239758,"[0.009669308298672519, 0.011145888057221498, 0.011566863610006806, 0.009949904190598602, 0.005320368950968657, -0.002592436365262074, -0.012399116894854956, -0.02005484163571758, -0.020144251531782897, -0.011489948000743766, -0.002585068914415345, 0.00011065928265452385, 5.0276052206754684e-05, 0.0, 0.0, 0.0]","[1.1483176464940308e-06, 1.5044488511562443e-06, 1.5802669550357529e-06, 1.096380559281113e-06, 2.4760966339327457e-07, 2.89433619581225e-07, 2.821205847795181e-06, 6.609178458479636e-06, 6.479472725339648e-06, 2.0919752580895444e-06, 1.0154676412521895e-07, 1.1270969316277274e-09, 2.326479271817089e-10, 0.0, 0.0, 0.0]"
alignment_nuisance,70#34,zero,aligned,direct_BC,0.41988989343827215,1.136909308849587,0.1920256131908896,0.21211743336672156,0.0032105251055040062,0.08887079162781897,0.9946802318799508,1.0,0.0,0.0,0.05979040597828766,"[0.02649183664470911, 0.02806811244226992, 0.030409129802137613, 0.03418011777102947, 0.04051083140075207, 0.05140590388327837, 0.07012292928993702, 0.10139084700495005, 0.15057013928890228, 0.21951458975672722, 0.2947658784687519, 0.32458777725696564, 0.20925248041749, 0.0, 0.0, 0.0]","[7.840307907726091e-05, 8.801169752043343e-05, 0.00010330728552842205, 0.00013052233404255262, 0.0001833586264384417, 0.00029526474609796894, 0.000549456595710659, 0.0011487744750980017, 0.002533567614944738, 0.005385086515775753, 0.009710164149122097, 0.011774425535582778, 0.004893493466398044, 0.0, 0.0, 0.0]",-0.04970221870846593,0.07367297374214671,0.06687269937971439,"[0.02232954977080226, 0.023659864207729697, 0.025751015171408653, 0.029313648818060756, 0.035786188673228025, 0.047858901089057326, 0.0702437786385417, 0.11032211780548096, 0.1772451950237155, 0.27539204247295856, 0.3835958018898964, 0.41318950057029724, 0.20114014763385057, 0.0, 0.0, 0.0]","[4.589071708329569e-05, 5.152205562243271e-05, 6.103265018335901e-05, 7.908954079174322e-05, 0.00011787350512812629, 0.00021082184514605078, 0.00045415941171172503, 0.0011202566719057533, 0.0028916067109810125, 0.006980557388939931, 0.01354352957967294, 0.015713747349712787, 0.0037237181112064104, 0.0, 0.0, 0.0]"
alignment_nuisance,70#34,zero,aligned,AC,0.6621677237341929,0.8609873105269317,0.12033596207877596,0.13070351154751197,0.0015236431816158258,0.09083723095352372,0.9972778947938647,1.0,0.0,-9.358999352425745e-19,0.08621578127993,"[-0.043340024538338184, -0.05834783660247922, -0.07906338619068265, -0.1066796206869185, -0.14156857784837484, -0.18213614542037249, -0.22261573560535908, -0.25072200782597065, -0.24688285030424595, -0.19058115873485804, -0.08496497012674809, 0.0022983215749263763, 0.0014043310657143593, 0.0, 0.0, 0.0]","[9.248721063023134e-05, 0.00016783715090199977, 0.00030850670227996774, 0.000562188712672423, 0.0009906374479557705, 0.0016403996516902676, 0.002450925342093239, 0.003108232457273149, 0.003012057328231333, 0.0017923373766359886, 0.000354323653186229, 5.903333130941046e-07, 2.204025609155863e-07, 0.0, 0.0, 0.0]",-0.05099276557012856,0.0751740672493761,0.09186156087349252,"[-0.04436057072598487, -0.06273351772688329, -0.08873364538885653, -0.12412138539366424, -0.16964295133948326, -0.22287074662745, -0.2746945763938129, -0.30605090130120516, -0.2882107337936759, -0.19844480929896235, -0.06732886610552669, 0.0014451676979660988, 0.0007108289282768965, 0.0, 0.0, 0.0]","[8.286849538278832e-05, 0.0001659621210656006, 0.0003324985067672149, 0.0006512650629350491, 0.0012175332085206884, 0.0021027560930877744, 0.0031949565162978193, 0.003965143280454902, 0.003514781777458749, 0.0016647278589406688, 0.00019067627538142727, 1.9222850424025634e-07, 4.6506053672835685e-08, 0.0, 0.0, 0.0]"
zero_center_seed,67#4,primary,fresh_1,global,0.9976550278139757,0.07002075555865203,0.24700825436716684,0.25007991192318957,0.00025434859705901074,8.8390993932341e-16,0.996529492313137,0.9937616968184654,-1.5992996774016096e-16,5.435841903523915e-15,0.044413018056132375,"[-0.0018320660568270641, -0.0001263553755583846, 0.0015906318167213662, 0.002709786128322733, 0.002097649287732928, -0.002274583111178008, -0.013681865780100999, -0.03681586429771655, -0.0771643920721643, -0.1381853344976648, -0.21363022208015095, -0.27203521380408985, -0.23918881067046818, -0.039588713062689414, 0.0, 0.0]","[0.0001007170736240395, 0.00011965817199948803, 0.00015031683411953524, 0.00020392843519106296, 0.0003038114258706711, 0.0005032307372119048, 0.0009274650456196291, 0.001861763653606673, 0.0038793033840088397, 0.007818674907391115, 0.013855249529595926, 0.01844301648474867, 0.01251198095603315, 0.0003339610864942533, 0.0, 0.0]",-3.6059192140841235e-16,4.575010002869232e-15,0.044846807765856825,"[-0.004277599892824613, -0.002258259469424706, -7.41774258494754e-05, 0.0017024650450607748, 0.0019636477895211835, -0.0012917094562864273, -0.011332810294904516, -0.03288756856254371, -0.07159058343298819, -0.13135147674853742, -0.20715853955601055, -0.270439100485125, -0.2516770600009453, -0.07326152505793998, 0.0, 0.0]","[0.00012099740851425917, 0.000140289905025542, 0.00017107707838478085, 0.00022445529033150838, 0.0003229355522189513, 0.0005167268180411901, 0.0009230958069835046, 0.0018102789974105394, 0.003725706372711686, 0.007502564489063911, 0.013453145624856944, 0.018527120592753653, 0.013973362518339695, 0.0011282058928740889, 0.0, 0.0]"
zero_center_seed,67#4,primary,fresh_1,H1,0.9989975249572554,0.04731371711803183,0.00033132017510590896,0.00032591285543191,2.3052925059496695e-07,4.026649946441444e-09,0.9990320682714856,0.9934497816593887,-1.9037929932133307e-09,3.025512676413179e-09,0.11680105036509882,"[0.00019546288573557558, 0.0002448330154416478, 0.00031085024420063334, 0.0003972036764725573, 0.0005062155167783189, 0.0006372102479116348, 0.0007831861558846853, 0.0009261984069210971, 0.0010322049805737699, 0.0010491359386847199, 0.0009170153011881232, 0.0006087211312415103, 0.00021762068527825425, 2.5528584397188875e-05, 0.0, 0.0]","[9.146989929565826e-10, 1.3781438170228508e-09, 2.1308181780580517e-09, 3.3427531933201316e-09, 5.23186301085563e-09, 8.018211247038642e-09, 1.1761351822523422e-08, 1.6028834548788045e-08, 1.9454462856478574e-08, 1.9675374918743937e-08, 1.4714929027123206e-08, 6.325825793289145e-09, 7.849928507417291e-10, 1.0798175270232737e-11, 0.0, 0.0]",1.9415813838504767e-09,1.8309392415009457e-09,0.11672215263149967,"[0.00023539698565033795, 0.0002834413742969222, 0.00034652484624531077, 0.00042770760858412693, 0.0005287265025210042, 0.0006483788903141052, 0.0007795834475227137, 0.0009053711730327985, 0.0009945164094111725, 0.001000245819736123, 0.0008700731023709163, 0.0005817639424303411, 0.00021974570380058414, 3.227956967039058e-05, 0.0, 0.0]","[1.27835618438678e-09, 1.8018336427658428e-09, 2.608582955262994e-09, 3.844643425162702e-09, 5.6866656610035536e-09, 8.291974618485403e-09, 1.1652446157127623e-08, 1.531823722610584e-08, 1.8057336311747725e-08, 1.787054948590517e-08, 1.3226681854168764e-08, 5.764237566034692e-09, 7.997368863399562e-10, 1.7907361284071937e-11, 0.0, 0.0]"
zero_center_seed,67#4,primary,fresh_1,direct_BC,0.9982789261230572,0.05968803663540251,0.28943032515944106,0.2921483376417738,0.00025405188016931144,0.0,0.9983367506262133,1.0,0.0,0.0,0.04256327243106334,"[-0.03567909635603428, -0.04005398880690336, -0.045994690619409084, -0.05432891100645065, -0.06620834767818451, -0.08329823426902294, -0.10780465602874756, -0.1422250047326088, -0.188340712338686, -0.24445798993110657, -0.2992602288722992, -0.32106783241033554, -0.24937335401773453, -0.04020041786134243, 0.0, 0.0]","[0.00026165227563307997, 0.00033014616819929295, 0.00043597134282134884, 0.0006092943829234428, 0.0009064885770802555, 0.001437356971225691, 0.0024112391807065703, 0.004201983241019891, 0.007375194350990669, 0.012431771405958969, 0.018635866638300413, 0.021453531541194837, 0.012942929621902188, 0.00033648742394313397, 0.0, 0.0]",0.0,0.0,0.042881266426302155,"[-0.03731443174183369, -0.04153250437229872, -0.04722638241946697, -0.055200083181262016, -0.06659436598420143, -0.08305047638714314, -0.10676577687263489, -0.14026135578751564, -0.185444213449955, -0.24103600531816483, -0.2968556433916092, -0.32377707958221436, -0.2651126757264137, -0.0735638327896595, 0.0, 0.0]","[0.00028547393561679374, 0.00035390534142265735, 0.0004580111173979086, 0.0006264513014972474, 0.0009130058179680628, 0.001422082708715678, 0.0023536604713639275, 0.004067590702129878, 0.007118263795332702, 0.012036209559650735, 0.018268189479561103, 0.021741972021409428, 0.014582363057857928, 0.001123471876927809, 0.0, 0.0]"
zero_center_seed,67#4,primary,fresh_1,AC,0.9994465902468739,0.03385112095480296,0.07199754339481125,0.07240953845419734,3.584114043980044e-05,9.243574294093728e-19,0.9997395164870927,0.9829931972789115,-6.5361940657553295e-19,6.5361940657553295e-19,0.058705040645203536,"[0.033651566598564386, 0.03968280181288719, 0.04727446846663952, 0.056641495786607265, 0.0677997786551714, 0.08038644213229418, 0.09333960339426994, 0.10448294598609209, 0.1101440992206335, 0.10522352624684572, 0.08471300080418587, 0.04842390166595578, 0.009966911748051643, 0.00058617620379664, 0.0, 0.0]","[7.770044512962732e-05, 0.00010954649300811846, 0.00015746386056511292, 0.00022861614304545716, 0.0003306121907737515, 0.0004680301561274685, 0.0006340103675347129, 0.0007963989728852464, 0.0008851479152429528, 0.0008056062628184093, 0.0005182307458791902, 0.00016592779876929833, 6.3349736128510435e-06, 1.9929495532201033e-08, 0.0, 0.0]",0.0,0.0,0.06011679246664583,"[0.03280143439769745, 0.0389908030629158, 0.046805677469819784, 0.0564748365432024, 0.06802929239347577, 0.08111039083451033, 0.09465337544679642, 0.10646840836852789, 0.11285910569131374, 0.10868427064269781, 0.08882703445851803, 0.05275623174384236, 0.013215864542871714, 0.00027002813294529915, 0.0, 0.0]","[7.152731414254755e-05, 0.00010227707979815047, 0.00014906801722103035, 0.00021930533527372929, 0.0003211216171826741, 0.0004598619526007641, 0.0006297340940917076, 0.0007996818476533076, 0.0008999890617645582, 0.0008337306225884252, 0.0005537804692167885, 0.00019196100395911568, 1.1083670265485694e-05, 1.9173391600549428e-08, 0.0, 0.0]"
zero_center_seed,67#4,primary,fresh_2,global,0.9925212402719357,0.12363273266804879,0.24700825436716684,0.24999791929014736,0.00044909272763201947,3.122483851269736e-15,0.9957739328234597,0.950093574547723,-1.5992996774016096e-16,5.435841903523915e-15,0.044413018056132375,"[-0.0018320660568270641, -0.0001263553755583846, 0.0015906318167213662, 0.002709786128322733, 0.002097649287732928, -0.002274583111178008, -0.013681865780100999, -0.03681586429771655, -0.0771643920721643, -0.1381853344976648, -0.21363022208015095, -0.27203521380408985, -0.23918881067046818, -0.039588713062689414, 0.0, 0.0]","[0.0001007170736240395, 0.00011965817199948803, 0.00015031683411953524, 0.00020392843519106296, 0.0003038114258706711, 0.0005032307372119048, 0.0009274650456196291, 0.001861763653606673, 0.0038793033840088397, 0.007818674907391115, 0.013855249529595926, 0.01844301648474867, 0.01251198095603315, 0.0003339610864942533, 0.0, 0.0]",-5.117519438362021e-16,2.333241913422684e-15,0.043301886420538074,"[-0.0001361073293357773, 0.0015272389108519357, 0.003241894504886933, 0.0045003709333817365, 0.004248701086027318, 0.0005302400341547497, -0.009938096846205335, -0.03208729445826841, -0.07211555724609492, -0.13494310083353112, -0.21657621462856846, -0.2875539042171333, -0.27144213002870976, -0.07712454003948431, 0.0, 0.0]","[4.992895327854593e-05, 5.7081791577945584e-05, 6.989711762732365e-05, 9.435825987386676e-05, 0.00014436224416866812, 0.0002558812195921705, 0.0005265518991011215, 0.0012125891432963666, 0.0029086081677615464, 0.006672947439856891, 0.013302205317894205, 0.01993881693080543, 0.01601620137886306, 0.0012495297857059186, 0.0, 0.0]"
zero_center_seed,67#4,primary,fresh_2,H1,0.9949061153112023,0.24744365032285828,0.00033132017510590896,0.0002547610445492529,1.2056334346149225e-06,3.1079684408906883e-09,0.9941638700577254,0.9485339987523393,-1.9037929932133307e-09,3.025512676413179e-09,0.11680105036509882,"[0.00019546288573557558, 0.0002448330154416478, 0.00031085024420063334, 0.0003972036764725573, 0.0005062155167783189, 0.0006372102479116348, 0.0007831861558846853, 0.0009261984069210971, 0.0010322049805737699, 0.0010491359386847199, 0.0009170153011881232, 0.0006087211312415103, 0.00021762068527825425, 2.5528584397188875e-05, 0.0, 0.0]","[9.146989929565826e-10, 1.3781438170228508e-09, 2.1308181780580517e-09, 3.3427531933201316e-09, 5.23186301085563e-09, 8.018211247038642e-09, 1.1761351822523422e-08, 1.6028834548788045e-08, 1.9454462856478574e-08, 1.9675374918743937e-08, 1.4714929027123206e-08, 6.325825793289145e-09, 7.849928507417291e-10, 1.0798175270232737e-11, 0.0, 0.0]",-3.617050439609811e-09,5.61862215191542e-09,0.117568896282448,"[0.00022051418706703352, 0.0002631665964815122, 0.0003160384950627315, 0.0003805513211394551, 0.00045716255320399357, 0.000544210454850591, 0.0006357981034245674, 0.0007190743192599935, 0.0007711252186462514, 0.0007581631883870621, 0.0006429607930643344, 0.0004127186083458384, 0.00013828964542760783, 1.6394420264362664e-05, 0.0, 0.0]","[1.0100168721702985e-09, 1.410665921318487e-09, 1.994769956136823e-09, 2.836221960802597e-09, 4.015222127479779e-09, 5.585676638835095e-09, 7.490597945065316e-09, 9.421541781027265e-09, 1.065884555678858e-08, 1.0132144971763972e-08, 7.149899197436649e-09, 2.874142265209682e-09, 3.178946720380462e-10, 5.5499537539178945e-12, 0.0, 0.0]"
zero_center_seed,67#4,primary,fresh_2,direct_BC,0.9918269944716823,0.12851184672127922,0.28943032515944106,0.28261772683063696,0.0005469886115202955,0.0,0.9919355402501223,1.0,0.0,0.0,0.04256327243106334,"[-0.03567909635603428, -0.04005398880690336, -0.045994690619409084, -0.05432891100645065, -0.06620834767818451, -0.08329823426902294, -0.10780465602874756, -0.1422250047326088, -0.188340712338686, -0.24445798993110657, -0.2992602288722992, -0.32106783241033554, -0.24937335401773453, -0.04020041786134243, 0.0, 0.0]","[0.00026165227563307997, 0.00033014616819929295, 0.00043597134282134884, 0.0006092943829234428, 0.0009064885770802555, 0.001437356971225691, 0.0024112391807065703, 0.004201983241019891, 0.007375194350990669, 0.012431771405958969, 0.018635866638300413, 0.021453531541194837, 0.012942929621902188, 0.00033648742394313397, 0.0, 0.0]",0.0,0.0,0.04220286827715024,"[-0.025691650807857513, -0.02847953327000141, -0.03246636502444744, -0.0384269617497921, -0.047520983032882214, -0.0615253672003746, -0.08300220966339111, -0.11522728949785233, -0.1614060252904892, -0.22204217314720154, -0.2884063422679901, -0.32992810755968094, -0.2807675153017044, -0.07693031616508961, 0.0, 0.0]","[0.00013541108464542196, 0.00016658069652947596, 0.00021682479517787928, 0.0003043768356635092, 0.00046664369141193474, 0.0007842978272304402, 0.0014310881197447528, 0.002764130947551513, 0.005432998848492743, 0.010294772046444578, 0.017383262863292614, 0.022762249762890596, 0.016491395128938935, 0.001238746870902148, 0.0, 0.0]"
zero_center_seed,67#4,primary,fresh_2,AC,0.9987466594921177,0.1968607667219734,0.07199754339481125,0.05819956146281665,0.00020843369992354556,7.398586039636848e-19,0.9992359897507924,0.9829931972789115,-6.5361940657553295e-19,6.5361940657553295e-19,0.058705040645203536,"[0.033651566598564386, 0.03968280181288719, 0.04727446846663952, 0.056641495786607265, 0.0677997786551714, 0.08038644213229418, 0.09333960339426994, 0.10448294598609209, 0.1101440992206335, 0.10522352624684572, 0.08471300080418587, 0.04842390166595578, 0.009966911748051643, 0.00058617620379664, 0.0, 0.0]","[7.770044512962732e-05, 0.00010954649300811846, 0.00015746386056511292, 0.00022861614304545716, 0.0003306121907737515, 0.0004680301561274685, 0.0006340103675347129, 0.0007963989728852464, 0.0008851479152429528, 0.0008056062628184093, 0.0005182307458791902, 0.00016592779876929833, 6.3349736128510435e-06, 1.9929495532201033e-08, 0.0, 0.0]",-1.0002783531021455e-18,0.0,0.057318317668381524,"[0.025335029931738973, 0.02974360529333353, 0.03539222083054483, 0.042546781711280346, 0.051312520168721676, 0.06151139410212636, 0.07242831727489829, 0.08242092281579971, 0.08851934876292944, 0.08634092006832361, 0.07118715904653072, 0.04196149855852127, 0.009187112213112414, -0.00021061317056592088, 0.0, 0.0]","[4.412359020110965e-05, 6.191050850803793e-05, 8.916120579074853e-05, 0.00013098036550368675, 0.0001933180527611269, 0.0002811983405701797, 0.0003935868071053233, 0.0005131596056750305, 0.0005943010666069699, 0.0005658699225837259, 0.0003830526315766542, 0.00013083852441772708, 5.663854919124066e-06, 2.44782447295282e-08, 0.0, 0.0]"
zero_center_seed,67#4,fresh_1,fresh_2,global,0.995872523231346,0.09084247088709387,0.25007991192318957,0.24999791929014736,0.0003340864282107257,2.2468585890618916e-15,0.9997056991244778,0.9563318777292577,-3.6059192140841235e-16,4.575010002869232e-15,0.044846807765856825,"[-0.004277599892824613, -0.002258259469424706, -7.41774258494754e-05, 0.0017024650450607748, 0.0019636477895211835, -0.0012917094562864273, -0.011332810294904516, -0.03288756856254371, -0.07159058343298819, -0.13135147674853742, -0.20715853955601055, -0.270439100485125, -0.2516770600009453, -0.07326152505793998, 0.0, 0.0]","[0.00012099740851425917, 0.000140289905025542, 0.00017107707838478085, 0.00022445529033150838, 0.0003229355522189513, 0.0005167268180411901, 0.0009230958069835046, 0.0018102789974105394, 0.003725706372711686, 0.007502564489063911, 0.013453145624856944, 0.018527120592753653, 0.013973362518339695, 0.0011282058928740889, 0.0, 0.0]",-5.117519438362021e-16,2.333241913422684e-15,0.043301886420538074,"[-0.0001361073293357773, 0.0015272389108519357, 0.003241894504886933, 0.0045003709333817365, 0.004248701086027318, 0.0005302400341547497, -0.009938096846205335, -0.03208729445826841, -0.07211555724609492, -0.13494310083353112, -0.21657621462856846, -0.2875539042171333, -0.27144213002870976, -0.07712454003948431, 0.0, 0.0]","[4.992895327854593e-05, 5.7081791577945584e-05, 6.989711762732365e-05, 9.435825987386676e-05, 0.00014436224416866812, 0.0002558812195921705, 0.0005265518991011215, 0.0012125891432963666, 0.0029086081677615464, 0.006672947439856891, 0.013302205317894205, 0.01993881693080543, 0.01601620137886306, 0.0012495297857059186, 0.0, 0.0]"
zero_center_seed,67#4,fresh_1,fresh_2,H1,0.998187151480444,0.2247126742947088,0.00032591285543191,0.0002547610445492529,1.077011019575431e-06,6.726435131526306e-09,0.997742825382159,0.9550842170929508,1.9415813838504767e-09,1.8309392415009457e-09,0.11672215263149967,"[0.00023539698565033795, 0.0002834413742969222, 0.00034652484624531077, 0.00042770760858412693, 0.0005287265025210042, 0.0006483788903141052, 0.0007795834475227137, 0.0009053711730327985, 0.0009945164094111725, 0.001000245819736123, 0.0008700731023709163, 0.0005817639424303411, 0.00021974570380058414, 3.227956967039058e-05, 0.0, 0.0]","[1.27835618438678e-09, 1.8018336427658428e-09, 2.608582955262994e-09, 3.844643425162702e-09, 5.6866656610035536e-09, 8.291974618485403e-09, 1.1652446157127623e-08, 1.531823722610584e-08, 1.8057336311747725e-08, 1.787054948590517e-08, 1.3226681854168764e-08, 5.764237566034692e-09, 7.997368863399562e-10, 1.7907361284071937e-11, 0.0, 0.0]",-3.617050439609811e-09,5.61862215191542e-09,0.117568896282448,"[0.00022051418706703352, 0.0002631665964815122, 0.0003160384950627315, 0.0003805513211394551, 0.00045716255320399357, 0.000544210454850591, 0.0006357981034245674, 0.0007190743192599935, 0.0007711252186462514, 0.0007581631883870621, 0.0006429607930643344, 0.0004127186083458384, 0.00013828964542760783, 1.6394420264362664e-05, 0.0, 0.0]","[1.0100168721702985e-09, 1.410665921318487e-09, 1.994769956136823e-09, 2.836221960802597e-09, 4.015222127479779e-09, 5.585676638835095e-09, 7.490597945065316e-09, 9.421541781027265e-09, 1.065884555678858e-08, 1.0132144971763972e-08, 7.149899197436649e-09, 2.874142265209682e-09, 3.178946720380462e-10, 5.5499537539178945e-12, 0.0, 0.0]"
zero_center_seed,67#4,fresh_1,fresh_2,direct_BC,0.9952808562467907,0.10096838513521163,0.2921483376417738,0.28261772683063696,0.000433790380465095,0.0,0.9954947074258703,1.0,0.0,0.0,0.042881266426302155,"[-0.03731443174183369, -0.04153250437229872, -0.04722638241946697, -0.055200083181262016, -0.06659436598420143, -0.08305047638714314, -0.10676577687263489, -0.14026135578751564, -0.185444213449955, -0.24103600531816483, -0.2968556433916092, -0.32377707958221436, -0.2651126757264137, -0.0735638327896595, 0.0, 0.0]","[0.00028547393561679374, 0.00035390534142265735, 0.0004580111173979086, 0.0006264513014972474, 0.0009130058179680628, 0.001422082708715678, 0.0023536604713639275, 0.004067590702129878, 0.007118263795332702, 0.012036209559650735, 0.018268189479561103, 0.021741972021409428, 0.014582363057857928, 0.001123471876927809, 0.0, 0.0]",0.0,0.0,0.04220286827715024,"[-0.025691650807857513, -0.02847953327000141, -0.03246636502444744, -0.0384269617497921, -0.047520983032882214, -0.0615253672003746, -0.08300220966339111, -0.11522728949785233, -0.1614060252904892, -0.22204217314720154, -0.2884063422679901, -0.32992810755968094, -0.2807675153017044, -0.07693031616508961, 0.0, 0.0]","[0.00013541108464542196, 0.00016658069652947596, 0.00021682479517787928, 0.0003043768356635092, 0.00046664369141193474, 0.0007842978272304402, 0.0014310881197447528, 0.002764130947551513, 0.005432998848492743, 0.010294772046444578, 0.017383262863292614, 0.022762249762890596, 0.016491395128938935, 0.001238746870902148, 0.0, 0.0]"
zero_center_seed,67#4,fresh_1,fresh_2,AC,0.9986141022651999,0.2018409460796974,0.07240953845419734,0.05819956146281665,0.00021492955509984447,1.0002783531021455e-18,0.9997752878901812,1.0,0.0,0.0,0.06011679246664583,"[0.03280143439769745, 0.0389908030629158, 0.046805677469819784, 0.0564748365432024, 0.06802929239347577, 0.08111039083451033, 0.09465337544679642, 0.10646840836852789, 0.11285910569131374, 0.10868427064269781, 0.08882703445851803, 0.05275623174384236, 0.013215864542871714, 0.00027002813294529915, 0.0, 0.0]","[7.152731414254755e-05, 0.00010227707979815047, 0.00014906801722103035, 0.00021930533527372929, 0.0003211216171826741, 0.0004598619526007641, 0.0006297340940917076, 0.0007996818476533076, 0.0008999890617645582, 0.0008337306225884252, 0.0005537804692167885, 0.00019196100395911568, 1.1083670265485694e-05, 1.9173391600549428e-08, 0.0, 0.0]",-1.0002783531021455e-18,0.0,0.057318317668381524,"[0.025335029931738973, 0.02974360529333353, 0.03539222083054483, 0.042546781711280346, 0.051312520168721676, 0.06151139410212636, 0.07242831727489829, 0.08242092281579971, 0.08851934876292944, 0.08634092006832361, 0.07118715904653072, 0.04196149855852127, 0.009187112213112414, -0.00021061317056592088, 0.0, 0.0]","[4.412359020110965e-05, 6.191050850803793e-05, 8.916120579074853e-05, 0.00013098036550368675, 0.0001933180527611269, 0.0002811983405701797, 0.0003935868071053233, 0.0005131596056750305, 0.0005943010666069699, 0.0005658699225837259, 0.0003830526315766542, 0.00013083852441772708, 5.663854919124066e-06, 2.44782447295282e-08, 0.0, 0.0]"
zero_center_seed,67#6,primary,fresh_1,global,0.9940421118918983,0.10910103989568433,0.1991040875889133,0.19696803312895816,0.00031944798534458614,1.1545229517227259e-10,0.9944250303755412,0.9881584320130665,-9.721063167471207e-11,5.5313811084468476e-11,0.06755014810535215,"[-0.014734850210494699, -0.007733668960902662, 0.004735850816288689, 0.025252724693906714, 0.05616272918771159, 0.09750556410691047, 0.14251490345492357, 0.17004541578517873, 0.1394546322018808, 0.0057170787602842665, -0.22090528571124413, -0.39428960531949997, -0.28251221403479576, 0.0, 0.0, 0.0]","[4.1264934890067234e-05, 3.369221511943286e-05, 3.502123146026067e-05, 6.935875460676542e-05, 0.0001855043238673164, 0.00044905239498771996, 0.0008663156128058912, 0.0012026542308128, 0.0010714680959367714, 0.0016323537069291997, 0.007742455684028943, 0.017386939765680676, 0.00892635674348781, 0.0, 0.0, 0.0]",4.9192566668400675e-12,1.4740639835798248e-12,0.06989418417110431,"[-0.014176466291448975, -0.004665000553430332, 0.01054540269407056, 0.03335271345932256, 0.06495226033373314, 0.1039981583965357, 0.1434088740462265, 0.1651963225523536, 0.13705153178035234, 0.021416277533489847, -0.18352778593152497, -0.3645417280495167, -0.3193749561905861, 0.0, 0.0, 0.0]","[7.40751562088989e-05, 6.613033906131969e-05, 7.214696570535448e-05, 0.0001213581069271364, 0.0002645205787397476, 0.0005566944997792995, 0.0009820422269532728, 0.0013198580203351187, 0.0012559834385079012, 0.0016335854992264366, 0.0061983036459540685, 0.014851946207699931, 0.011399761389591867, 0.0, 0.0, 0.0]"
zero_center_seed,67#6,primary,fresh_1,H1,0.997464454983989,0.42304978497731427,0.00737761486399509,0.0042822887469568145,4.589850561556708e-05,1.649026492729558e-09,0.9968268550962649,0.9918334013883218,-1.5768836717415258e-09,4.710501476609782e-09,0.1219976135236617,"[-0.008269976900898257, -0.010257507736135096, -0.011074716996589018, -0.009504631072580594, -0.004093661353614664, 0.006200080042987111, 0.020341669245738103, 0.032586065326366764, 0.03300800368487522, 0.017157519074174843, 0.0007082031473215622, -1.3440847396850586e-05, 4.563480615615845e-06, 0.0, 0.0, 0.0]","[8.493661263686362e-07, 1.3053849124272046e-06, 1.4760663641021656e-06, 9.935647963290823e-07, 1.340922759883237e-07, 1.0669535926773368e-06, 7.6265281874853884e-06, 1.804198477694401e-05, 1.8060305036362536e-05, 4.867061675006777e-06, 7.870805051035223e-09, 2.0203453493516932e-11, 2.3292453035783645e-12, 0.0, 0.0, 0.0]",-5.59562829966055e-10,3.412677652428243e-09,0.12288461636290474,"[-0.005744973190505931, -0.006866473791959038, -0.007184505839440192, -0.006027299214252935, -0.0026688827062812948, 0.003276994081062412, 0.011077807572373644, 0.017915243872400843, 0.01898891903420863, 0.011477923628035569, 0.0011226074459989022, -1.8812716007232666e-07, 1.5242956578731537e-05, 0.0, 0.0, 0.0]","[3.9269939839806457e-07, 5.611832281982426e-07, 5.974190565989873e-07, 3.843066874736195e-07, 5.587530370489746e-08, 3.4183994634202996e-07, 2.324549633595435e-06, 5.497537731898486e-06, 5.984423878876446e-06, 2.177635142175776e-06, 2.0500931823082588e-08, 3.972516759986888e-15, 2.596925539194439e-11, 0.0, 0.0, 0.0]"
zero_center_seed,67#6,primary,fresh_1,direct_BC,0.9941524446597505,0.10818465733782605,0.2069922157771277,0.20713920825207457,0.00032931444022714574,0.0,0.9941643648794704,1.0,0.0,0.0,0.05964021607181007,"[-0.026463420363143086, -0.02684097527526319, -0.027389795053750277, -0.02843022858723998, -0.030583968851715326, -0.03531698044389486, -0.04571556951850653, -0.06777045223861933, -0.11158877890557051, -0.1895508673042059, -0.30188729614019394, -0.3911343030631542, -0.28066492453217506, 0.0, 0.0, 0.0]","[7.822766877309289e-05, 8.047569939675128e-05, 8.380107358545727e-05, 9.029144418016481e-05, 0.00010449764543071305, 0.00013936392378481534, 0.00023356659353734703, 0.000513423439998102, 0.0013922860780719902, 0.004017886022796919, 0.010192179543520752, 0.017109774975183525, 0.008810003284065365, 0.0, 0.0, 0.0]",0.0,0.0,0.05978527867809,"[-0.03636609623208642, -0.03756589349359274, -0.039091702084988356, -0.04134970065206289, -0.0450160289183259, -0.051519480999559164, -0.0635536490008235, -0.08582162391394377, -0.1254971418529749, -0.19055068865418434, -0.28075918927788734, -0.36131032183766365, -0.3169214352965355, 0.0, 0.0, 0.0]","[0.00014774314103373318, 0.0001576529466576469, 0.0001707206551264898, 0.00019101488807021262, 0.00022639549200077595, 0.00029654811557737926, 0.0004512950671759176, 0.0008230104818368273, 0.0017599884187531993, 0.004057757874531859, 0.008809432996568806, 0.014589809090875663, 0.011225282427087813, 0.0, 0.0, 0.0]"
zero_center_seed,67#6,primary,fresh_1,AC,0.9991572472793886,0.15731852303872795,0.09640492067834021,0.11096463511344119,0.000223033525511503,0.0,0.9992239322886447,1.0,0.0,0.0,0.08570305793896851,"[0.019998544710688293, 0.029364813584834337, 0.04320035898126662, 0.06318758660927415, 0.09084035456180573, 0.12662246637046337, 0.1678888015449047, 0.20522979367524385, 0.21803539898246527, 0.17811044212430716, 0.0802738037891686, -0.0031419135630130768, -0.001851845532655716, 0.0, 0.0, 0.0]","[1.967480918609198e-05, 4.253847188124101e-05, 9.226172675010097e-05, 0.0001977469251878629, 0.00040920702335784016, 0.0007955700199646799, 0.001398830300309596, 0.002090357420001997, 0.002358453922127278, 0.0015711264412174705, 0.0003166540983867022, 1.1040339687358458e-06, 3.835386574758959e-07, 0.0, 0.0, 0.0]",0.0,0.0,0.08638961042145378,"[0.027934601181186736, 0.03976736543700099, 0.05682160682044923, 0.08072970621287823, 0.11263717338442802, 0.15224064234644175, 0.19588472787290812, 0.2331027016043663, 0.24355973489582539, 0.2004890339449048, 0.09610875649377704, -0.0032311929389834404, -0.0024687349796295166, 0.0, 0.0, 0.0]","[3.825378215776839e-05, 7.770789926599662e-05, 0.0001589486520890201, 0.0003213825463585791, 0.0006263284281901871, 0.0011447126301835945, 0.0018954265657118155, 0.0026840568581326454, 0.0029293904411683835, 0.0019822754879746324, 0.0004528189532104702, 1.1668509124701867e-06, 6.811505035841936e-07, 0.0, 0.0, 0.0]"
zero_center_seed,67#6,primary,fresh_2,global,0.9969652484657039,0.09833852617258686,0.1991040875889133,0.18653674478722182,0.00028793533130046147,1.0202010636104238e-10,0.9959207062961584,0.9885667619436505,-9.721063167471207e-11,5.5313811084468476e-11,0.06755014810535215,"[-0.014734850210494699, -0.007733668960902662, 0.004735850816288689, 0.025252724693906714, 0.05616272918771159, 0.09750556410691047, 0.14251490345492357, 0.17004541578517873, 0.1394546322018808, 0.0057170787602842665, -0.22090528571124413, -0.39428960531949997, -0.28251221403479576, 0.0, 0.0, 0.0]","[4.1264934890067234e-05, 3.369221511943286e-05, 3.502123146026067e-05, 6.935875460676542e-05, 0.0001855043238673164, 0.00044905239498771996, 0.0008663156128058912, 0.0012026542308128, 0.0010714680959367714, 0.0016323537069291997, 0.007742455684028943, 0.017386939765680676, 0.00892635674348781, 0.0, 0.0, 0.0]",-1.9326513306965613e-12,1.8841786689272198e-11,0.06809227678985677,"[-0.014232549232048086, -0.006924057261258554, 0.006413757688221722, 0.028698337974816468, 0.06255866479131811, 0.10785570569532865, 0.15632651199079461, 0.1834593641058344, 0.14522878323397648, -0.0011080209043541345, -0.22562490590525996, -0.3720031678676605, -0.2353872936218977, 0.0, 0.0, 0.0]","[2.9303902211878093e-05, 2.3005113161729855e-05, 2.8188216214754158e-05, 7.332959154117127e-05, 0.00021638443593496678, 0.0005340646034805145, 0.0010210705104748677, 0.0013571833113786794, 0.0010396648719750504, 0.001409638055676204, 0.007383440671831654, 0.015481880403410253, 0.006198803468521408, 0.0, 0.0, 0.0]"
zero_center_seed,67#6,primary,fresh_2,H1,0.9970190627454081,0.09249168130033487,0.00737761486399509,0.007731933275865046,1.0034823569959521e-05,1.6591624012399115e-09,0.9967801197899057,0.9885667619436505,-1.5768836717415258e-09,4.710501476609782e-09,0.1219976135236617,"[-0.008269976900898257, -0.010257507736135096, -0.011074716996589018, -0.009504631072580594, -0.004093661353614664, 0.006200080042987111, 0.020341669245738103, 0.032586065326366764, 0.03300800368487522, 0.017157519074174843, 0.0007082031473215622, -1.3440847396850586e-05, 4.563480615615845e-06, 0.0, 0.0, 0.0]","[8.493661263686362e-07, 1.3053849124272046e-06, 1.4760663641021656e-06, 9.935647963290823e-07, 1.340922759883237e-07, 1.0669535926773368e-06, 7.6265281874853884e-06, 1.804198477694401e-05, 1.8060305036362536e-05, 4.867061675006777e-06, 7.870805051035223e-09, 2.0203453493516932e-11, 2.3292453035783645e-12, 0.0, 0.0, 0.0]",4.549583272603734e-11,4.363075776392062e-09,0.12267870118482027,"[-0.010493263687322951, -0.01263555636809599, -0.013341015943353796, -0.011205379402639437, -0.004610869425782482, 0.0073149704021489015, 0.022680562018233985, 0.03451203426334892, 0.032791311079124474, 0.015500872355772799, 0.000616920174525859, -1.044943928718567e-06, 1.1167023330926895e-05, 0.0, 0.0, 0.0]","[1.395099442863311e-06, 2.014859647644036e-06, 2.186798016429302e-06, 1.4235232388698177e-06, 1.699212478206294e-07, 1.3787682086940746e-06, 9.302661284411698e-06, 2.011537037138244e-05, 1.7818442595877782e-05, 3.971344876727712e-06, 5.989178669423982e-09, 1.2210718547400745e-13, 1.3950931772657715e-11, 0.0, 0.0, 0.0]"
zero_center_seed,67#6,primary,fresh_2,direct_BC,0.9987191719475433,0.09509876033694414,0.2069922157771277,0.19005971065068775,0.00028948092823238375,0.0,0.9987210754458998,1.0,0.0,0.0,0.05964021607181007,"[-0.026463420363143086, -0.02684097527526319, -0.027389795053750277, -0.02843022858723998, -0.030583968851715326, -0.03531698044389486, -0.04571556951850653, -0.06777045223861933, -0.11158877890557051, -0.1895508673042059, -0.30188729614019394, -0.3911343030631542, -0.28066492453217506, 0.0, 0.0, 0.0]","[7.822766877309289e-05, 8.047569939675128e-05, 8.380107358545727e-05, 9.029144418016481e-05, 0.00010449764543071305, 0.00013936392378481534, 0.00023356659353734703, 0.000513423439998102, 0.0013922860780719902, 0.004017886022796919, 0.010192179543520752, 0.017109774975183525, 0.008810003284065365, 0.0, 0.0, 0.0]",0.0,0.0,0.05957738927321749,"[-0.022553770570084453, -0.022707658354192972, -0.02299839281477034, -0.023686448112130165, -0.025319177424535155, -0.029228533385321498, -0.03832930838689208, -0.05849392618983984, -0.0999917397275567, -0.1758589744567871, -0.28656599670648575, -0.3695484958589077, -0.2340820375829935, 0.0, 0.0, 0.0]","[5.6815927487652046e-05, 5.7594081899123555e-05, 5.9079166629613666e-05, 6.266970135332482e-05, 7.161427005912096e-05, 9.54551558720286e-05, 0.00016420277387334367, 0.0003825522724551413, 0.0011181989978894776, 0.0034593616517130388, 0.009186663244406312, 0.015278238814749559, 0.006130247554235416, 0.0, 0.0, 0.0]"
zero_center_seed,67#6,primary,fresh_2,AC,0.997984405783294,0.06617824109709117,0.09640492067834021,0.09440077671288859,9.382217769995806e-05,0.0,0.9980093135328385,1.0,0.0,0.0,0.08570305793896851,"[0.019998544710688293, 0.029364813584834337, 0.04320035898126662, 0.06318758660927415, 0.09084035456180573, 0.12662246637046337, 0.1678888015449047, 0.20522979367524385, 0.21803539898246527, 0.17811044212430716, 0.0802738037891686, -0.0031419135630130768, -0.001851845532655716, 0.0, 0.0, 0.0]","[1.967480918609198e-05, 4.253847188124101e-05, 9.226172675010097e-05, 0.0001977469251878629, 0.00040920702335784016, 0.0007955700199646799, 0.001398830300309596, 0.002090357420001997, 0.002358453922127278, 0.0015711264412174705, 0.0003166540983867022, 1.1040339687358458e-06, 3.835386574758959e-07, 0.0, 0.0, 0.0]",0.0,0.0,0.08525249380780817,"[0.01881448389030993, 0.028419158537872136, 0.04275316768325865, 0.06359016569331288, 0.09248870657756925, 0.12976927496492863, 0.17197526525706053, 0.20744125451892614, 0.21242921706289053, 0.15925009083002806, 0.060324170626699924, -0.002453644759953022, -0.001316433772444725, 0.0, 0.0, 0.0]","[1.748218838027021e-05, 3.999138485812148e-05, 9.069107648000999e-05, 0.00020097700087975392, 0.00042557252710075815, 0.0008381442459325979, 0.0014721718079268665, 0.002141843298167579, 0.0022451679552030904, 0.0012595220453701442, 0.0001790757023916532, 6.735283638635917e-07, 1.9388294194514627e-07, 0.0, 0.0, 0.0]"
zero_center_seed,67#6,fresh_1,fresh_2,global,0.985641961732626,0.1732050240602434,0.19696803312895816,0.18653674478722182,0.0005017037193705885,1.8670469602785274e-11,0.9856719666804482,0.976725193956717,4.9192566668400675e-12,1.4740639835798248e-12,0.06989418417110431,"[-0.014176466291448975, -0.004665000553430332, 0.01054540269407056, 0.03335271345932256, 0.06495226033373314, 0.1039981583965357, 0.1434088740462265, 0.1651963225523536, 0.13705153178035234, 0.021416277533489847, -0.18352778593152497, -0.3645417280495167, -0.3193749561905861, 0.0, 0.0, 0.0]","[7.40751562088989e-05, 6.613033906131969e-05, 7.214696570535448e-05, 0.0001213581069271364, 0.0002645205787397476, 0.0005566944997792995, 0.0009820422269532728, 0.0013198580203351187, 0.0012559834385079012, 0.0016335854992264366, 0.0061983036459540685, 0.014851946207699931, 0.011399761389591867, 0.0, 0.0, 0.0]",-1.9326513306965613e-12,1.8841786689272198e-11,0.06809227678985677,"[-0.014232549232048086, -0.006924057261258554, 0.006413757688221722, 0.028698337974816468, 0.06255866479131811, 0.10785570569532865, 0.15632651199079461, 0.1834593641058344, 0.14522878323397648, -0.0011080209043541345, -0.22562490590525996, -0.3720031678676605, -0.2353872936218977, 0.0, 0.0, 0.0]","[2.9303902211878093e-05, 2.3005113161729855e-05, 2.8188216214754158e-05, 7.332959154117127e-05, 0.00021638443593496678, 0.0005340646034805145, 0.0010210705104748677, 0.0013571833113786794, 0.0010396648719750504, 0.001409638055676204, 0.007383440671831654, 0.015481880403410253, 0.006198803468521408, 0.0, 0.0, 0.0]"
zero_center_seed,67#6,fresh_1,fresh_2,H1,0.9938765594150057,0.819170867988415,0.0042822887469568145,0.007731933275865046,5.1587149850318175e-05,1.1266554838692658e-09,0.9937701674451568,0.9804001633319722,-5.59562829966055e-10,3.412677652428243e-09,0.12288461636290474,"[-0.005744973190505931, -0.006866473791959038, -0.007184505839440192, -0.006027299214252935, -0.0026688827062812948, 0.003276994081062412, 0.011077807572373644, 0.017915243872400843, 0.01898891903420863, 0.011477923628035569, 0.0011226074459989022, -1.8812716007232666e-07, 1.5242956578731537e-05, 0.0, 0.0, 0.0]","[3.9269939839806457e-07, 5.611832281982426e-07, 5.974190565989873e-07, 3.843066874736195e-07, 5.587530370489746e-08, 3.4183994634202996e-07, 2.324549633595435e-06, 5.497537731898486e-06, 5.984423878876446e-06, 2.177635142175776e-06, 2.0500931823082588e-08, 3.972516759986888e-15, 2.596925539194439e-11, 0.0, 0.0, 0.0]",4.549583272603734e-11,4.363075776392062e-09,0.12267870118482027,"[-0.010493263687322951, -0.01263555636809599, -0.013341015943353796, -0.011205379402639437, -0.004610869425782482, 0.0073149704021489015, 0.022680562018233985, 0.03451203426334892, 0.032791311079124474, 0.015500872355772799, 0.000616920174525859, -1.044943928718567e-06, 1.1167023330926895e-05, 0.0, 0.0, 0.0]","[1.395099442863311e-06, 2.014859647644036e-06, 2.186798016429302e-06, 1.4235232388698177e-06, 1.699212478206294e-07, 1.3787682086940746e-06, 9.302661284411698e-06, 2.011537037138244e-05, 1.7818442595877782e-05, 3.971344876727712e-06, 5.989178669423982e-09, 1.2210718547400745e-13, 1.3950931772657715e-11, 0.0, 0.0, 0.0]"
zero_center_seed,67#6,fresh_1,fresh_2,direct_BC,0.9879886281343129,0.1698253886859295,0.20713920825207457,0.19005971065068775,0.0005173161257868273,0.0,0.9880119049427402,1.0,0.0,0.0,0.05978527867809,"[-0.03636609623208642, -0.03756589349359274, -0.039091702084988356, -0.04134970065206289, -0.0450160289183259, -0.051519480999559164, -0.0635536490008235, -0.08582162391394377, -0.1254971418529749, -0.19055068865418434, -0.28075918927788734, -0.36131032183766365, -0.3169214352965355, 0.0, 0.0, 0.0]","[0.00014774314103373318, 0.0001576529466576469, 0.0001707206551264898, 0.00019101488807021262, 0.00022639549200077595, 0.00029654811557737926, 0.0004512950671759176, 0.0008230104818368273, 0.0017599884187531993, 0.004057757874531859, 0.008809432996568806, 0.014589809090875663, 0.011225282427087813, 0.0, 0.0, 0.0]",0.0,0.0,0.05957738927321749,"[-0.022553770570084453, -0.022707658354192972, -0.02299839281477034, -0.023686448112130165, -0.025319177424535155, -0.029228533385321498, -0.03832930838689208, -0.05849392618983984, -0.0999917397275567, -0.1758589744567871, -0.28656599670648575, -0.3695484958589077, -0.2340820375829935, 0.0, 0.0, 0.0]","[5.6815927487652046e-05, 5.7594081899123555e-05, 5.9079166629613666e-05, 6.266970135332482e-05, 7.161427005912096e-05, 9.54551558720286e-05, 0.00016420277387334367, 0.0003825522724551413, 0.0011181989978894776, 0.0034593616517130388, 0.009186663244406312, 0.015278238814749559, 0.006130247554235416, 0.0, 0.0, 0.0]"
zero_center_seed,67#6,fresh_1,fresh_2,AC,0.9974662821560322,0.16307358760821544,0.11096463511344119,0.09440077671288859,0.00026610884037625603,0.0,0.9976455600589262,1.0,0.0,0.0,0.08638961042145378,"[0.027934601181186736, 0.03976736543700099, 0.05682160682044923, 0.08072970621287823, 0.11263717338442802, 0.15224064234644175, 0.19588472787290812, 0.2331027016043663, 0.24355973489582539, 0.2004890339449048, 0.09610875649377704, -0.0032311929389834404, -0.0024687349796295166, 0.0, 0.0, 0.0]","[3.825378215776839e-05, 7.770789926599662e-05, 0.0001589486520890201, 0.0003213825463585791, 0.0006263284281901871, 0.0011447126301835945, 0.0018954265657118155, 0.0026840568581326454, 0.0029293904411683835, 0.0019822754879746324, 0.0004528189532104702, 1.1668509124701867e-06, 6.811505035841936e-07, 0.0, 0.0, 0.0]",0.0,0.0,0.08525249380780817,"[0.01881448389030993, 0.028419158537872136, 0.04275316768325865, 0.06359016569331288, 0.09248870657756925, 0.12976927496492863, 0.17197526525706053, 0.20744125451892614, 0.21242921706289053, 0.15925009083002806, 0.060324170626699924, -0.002453644759953022, -0.001316433772444725, 0.0, 0.0, 0.0]","[1.748218838027021e-05, 3.999138485812148e-05, 9.069107648000999e-05, 0.00020097700087975392, 0.00042557252710075815, 0.0008381442459325979, 0.0014721718079268665, 0.002141843298167579, 0.0022451679552030904, 0.0012595220453701442, 0.0001790757023916532, 6.735283638635917e-07, 1.9388294194514627e-07, 0.0, 0.0, 0.0]"
zero_center_seed,68#4,primary,fresh_1,global,0.9936067022098822,0.12403022596622545,0.13349156421809827,0.12578208228749793,0.00024348513050817102,1.565480688424089e-14,0.9990742694472732,0.9938022931515339,2.5979482993951553e-15,5.531667727064011e-14,0.06458034611951351,"[0.07917163574701025, 0.07440293685766486, 0.067788207604349, 0.05861499452148111, 0.045883751716252696, 0.028223960630596512, 0.0038898441032153563, -0.02903393091616735, -0.07188442215629554, -0.1235379353512438, -0.1766486821158284, -0.21217883172917862, -0.1971506128855398, -0.10315511297121988, 0.008402518428758093, 0.0]","[0.0015983231888738608, 0.0014647485127467033, 0.0012968471996010135, 0.001091767304391501, 0.0008516607034979942, 0.0005908443217334293, 0.00035034198309547487, 0.00021942951146583194, 0.0003521563156838142, 0.0009265081078374528, 0.001932035253402617, 0.002758160496213289, 0.002306026071108488, 0.0011214247045008394, 0.0009597240432423647, 0.0]",-3.060664612448286e-15,6.991301511603115e-14,0.06575125748505846,"[0.07683837168572571, 0.0724263074199758, 0.06623836383897741, 0.05761391732052701, 0.04563228632874994, 0.02904273124803991, 0.00626984211458792, -0.02437966758380039, -0.06400139077359768, -0.11132963326461853, -0.1592762254698843, -0.1900361550829508, -0.1735697359079038, -0.08587822804563172, 0.013561892323195934, 0.0]","[0.0015090100402882058, 0.0013946425772031253, 0.0012476863490780722, 0.0010652809604837963, 0.0008487933388656298, 0.0006098607586571767, 0.0003824107617792026, 0.00024012442448654642, 0.0003087953708143656, 0.0007303640327537672, 0.0014897876959316764, 0.002102949115460177, 0.0017780656108156733, 0.0010949487458439136, 0.0010184124421175635, 0.0]"
zero_center_seed,68#4,primary,fresh_1,H1,0.9986301710060511,0.1217122651547198,0.0005157428556975902,0.00045836073241403436,9.231210471223163e-07,3.4295139604601336e-09,0.9991118822122232,0.9910133250697242,2.409169225581728e-09,6.800306970828618e-09,0.13204375832845308,"[0.00021268411172403745, 0.00046055368846831257, 0.0007179690210934453, 0.0009785652277014556, 0.0012320623445765122, 0.0014630799116575055, 0.001649200062930678, 0.0017596113008302439, 0.0017556211088907148, 0.0015967560119567459, 0.0012585716161450655, 0.0007705369078765401, 0.0002671296871850082, -1.7565297096677757e-05, -4.0632310479085665e-07, 0.0]","[3.5963063674258853e-10, 2.1872224366029263e-09, 6.1820439200469e-09, 1.2401918505399878e-08, 2.055223020275426e-08, 2.9791534235167074e-08, 3.85140296212457e-08, 4.428532308635842e-08, 4.424341949280204e-08, 3.64488858000943e-08, 2.22524601526193e-08, 7.93581825502704e-09, 8.000265324237284e-10, 3.456517101287158e-11, 1.5851548084220964e-12, 0.0]",-9.609543747538565e-10,6.164828471230034e-09,0.1338143001815781,"[0.00012826098084550708, 0.00037082645316566243, 0.0006230000852274209, 0.0008779431078842492, 0.0011248091290911866, 0.0013473653285411835, 0.0015222435661681466, 0.0016178040626053658, 0.0015955088225325653, 0.0014178776305144858, 0.0010714555570214834, 0.0006073426597617004, 0.00016965104737232117, -3.6326678101494814e-05, 4.898756742477417e-07, 0.0]","[2.0941956702897024e-10, 1.2668749964804655e-09, 4.369567289698349e-09, 9.58403812115611e-09, 1.6628325973706697e-08, 2.4674183958754467e-08, 3.21531346221556e-08, 3.6735798172688975e-08, 3.583245391731333e-08, 2.8055374134582473e-08, 1.5580349246942126e-08, 4.67128246211638e-09, 2.7642378816668134e-10, 5.601816756695272e-11, 1.3166007726325007e-12, 0.0]"
zero_center_seed,68#4,primary,fresh_1,direct_BC,0.9997930591826143,0.021152923142117974,0.15470735501625266,0.15377847268176065,4.812518809086988e-05,0.0,0.9998170654548993,1.0,0.0,0.0,0.04321094506124503,"[0.09510251693427563, 0.0926093403249979, 0.08952877670526505, 0.08581336587667465, 0.08140111900866032, 0.07630459032952785, 0.07063599303364754, 0.06476157531142235, 0.05960175208747387, 0.05713729094713926, 0.06095554679632187, 0.07629434764385223, 0.10656672902405262, 0.14099127799272537, 0.11687317118048668, 0.0]","[0.0018505518939175743, 0.0017547969685708688, 0.0016399998321400405, 0.0015067212095113552, 0.0013557941117413666, 0.0011914095283003558, 0.0010211340093869287, 0.0008587187674449805, 0.0007281238730675391, 0.0006708416647200665, 0.0007671008754252424, 0.0012089798149104158, 0.0023696382102516463, 0.0041548975205732, 0.002855657416163254, 0.0]",0.0,0.0,0.04338444580610104,"[0.09223035164177418, 0.09016896970570087, 0.08754071407020092, 0.08429736457765102, 0.08037708140909672, 0.07579164765775204, 0.070652911439538, 0.06532668694853783, 0.06072894297540188, 0.05881787743419409, 0.06310605816543102, 0.07861817814409733, 0.10827777348458767, 0.14042070135474205, 0.11451512202620506, 0.0]","[0.0017402557403393588, 0.0016633359956942824, 0.001567788775811197, 0.0014537845697825437, 0.0013217405844150112, 0.0011753000276751926, 0.001021474503201534, 0.0008735821071038687, 0.0007556062492719076, 0.000710201324774268, 0.0008204775502735143, 0.0012792073859634948, 0.0024351318170500354, 0.004101552212210785, 0.0027283798167680173, 0.0]"
zero_center_seed,68#4,primary,fresh_1,AC,0.9995429572007408,0.0910279346359474,0.16919589045688366,0.1545911369153406,0.00022649341848794298,9.651848207755125e-19,0.9999538361770457,1.0,-9.468270591811776e-19,9.468270591811776e-19,0.056488239251833494,"[-0.01614355738274753, -0.01866694912314415, -0.02245854283683002, -0.028176939114928246, -0.03674942720681429, -0.04954370157793164, -0.06839534314349294, -0.09555510897189379, -0.13324179872870445, -0.18227197974920273, -0.23886281438171864, -0.2892437241971493, -0.30398447066545486, -0.2441288474947214, -0.10847023781388998, 0.0]","[1.60610140239381e-05, 2.2110718584253892e-05, 3.307415035589146e-05, 5.386075753693589e-05, 9.452125885410183e-05, 0.00017642869423631818, 0.000343384074511699, 0.0006807835039676377, 0.0013384708346843477, 0.0025243838035565224, 0.004357940758694495, 0.006411611692608746, 0.007094932671907779, 0.004577506494793166, 0.0009021789191819504, 0.0]",-1.1341776883708896e-18,0.0,0.05819060192125922,"[-0.01552023459225893, -0.018113488098606467, -0.02192534855566919, -0.027561378199607134, -0.03586959047242999, -0.04809628752991557, -0.06590530974790454, -0.09132415801286697, -0.12632583361119032, -0.17156540229916573, -0.2234537322074175, -0.26926170103251934, -0.2820171434432268, -0.22626260481774807, -0.10095372889190912, 0.0]","[1.4622416454573426e-05, 2.0430307759974995e-05, 3.0785334999645805e-05, 5.006495224649085e-05, 8.706288199020117e-05, 0.00016014160014209329, 0.00030627730636668477, 0.0005964018799909535, 0.0011530054867325867, 0.0021426481423165657, 0.003653358534060936, 0.00532233268643771, 0.005848577238977133, 0.003764854305447111, 0.0007478565388549226, 0.0]"
zero_center_seed,68#4,primary,fresh_2,global,0.9831644681172186,0.18633075723890868,0.13349156421809827,0.1263730512348745,0.000365788003614186,5.999257078438277e-12,0.997419929915553,0.9895196506550218,2.5979482993951553e-15,5.531667727064011e-14,0.06458034611951351,"[0.07917163574701025, 0.07440293685766486, 0.067788207604349, 0.05861499452148111, 0.045883751716252696, 0.028223960630596512, 0.0038898441032153563, -0.02903393091616735, -0.07188442215629554, -0.1235379353512438, -0.1766486821158284, -0.21217883172917862, -0.1971506128855398, -0.10315511297121988, 0.008402518428758093, 0.0]","[0.0015983231888738608, 0.0014647485127467033, 0.0012968471996010135, 0.001091767304391501, 0.0008516607034979942, 0.0005908443217334293, 0.00035034198309547487, 0.00021942951146583194, 0.0003521563156838142, 0.0009265081078374528, 0.001932035253402617, 0.002758160496213289, 0.002306026071108488, 0.0011214247045008394, 0.0009597240432423647, 0.0]",3.69462141128564e-12,-4.673324590784151e-12,0.06669565752790337,"[0.07751909573878102, 0.07301173176793663, 0.06668880883486228, 0.05786585188644944, 0.04559263002591951, 0.028594295848697104, 0.005301454372250269, -0.025890964731636767, -0.06582063348962341, -0.11269129066440842, -0.15861234593437645, -0.18515248562497355, -0.16338122149490641, -0.07510515796937611, 0.01404839275012676, 0.0]","[0.0015655527737937361, 0.001450069833221481, 0.0013007052530921927, 0.00111437383914013, 0.0008924828807223588, 0.0006473805386464263, 0.00041464345512338675, 0.00026987079321711, 0.0003372402409174452, 0.0007447698983359778, 0.0014472968813249558, 0.001960772655699429, 0.0016459480791438266, 0.0012000368840179739, 0.0009790040720157665, 0.0]"
zero_center_seed,68#4,primary,fresh_2,H1,0.9935808886044337,0.29234126815833283,0.0005157428556975902,0.00037340496007297043,2.2172488305622575e-06,6.73077425955254e-09,0.9957375209984816,0.984570596797671,2.409169225581728e-09,6.800306970828618e-09,0.13204375832845308,"[0.00021268411172403745, 0.00046055368846831257, 0.0007179690210934453, 0.0009785652277014556, 0.0012320623445765122, 0.0014630799116575055, 0.001649200062930678, 0.0017596113008302439, 0.0017556211088907148, 0.0015967560119567459, 0.0012585716161450655, 0.0007705369078765401, 0.0002671296871850082, -1.7565297096677757e-05, -4.0632310479085665e-07, 0.0]","[3.5963063674258853e-10, 2.1872224366029263e-09, 6.1820439200469e-09, 1.2401918505399878e-08, 2.055223020275426e-08, 2.9791534235167074e-08, 3.85140296212457e-08, 4.428532308635842e-08, 4.424341949280204e-08, 3.64488858000943e-08, 2.22524601526193e-08, 7.93581825502704e-09, 8.000265324237284e-10, 3.456517101287158e-11, 1.5851548084220964e-12, 0.0]",-3.268707118259693e-09,1.0414866744452651e-08,0.13498212519817376,"[-1.759745330609519e-05, 0.00018884862484691567, 0.00040703411328824046, 0.0006316670699697546, 0.0008539710455695015, 0.00106040458714185, 0.0012310937512785003, 0.0013387245628355693, 0.001349419110353356, 0.0012289448181017626, 0.0009592481586184753, 0.0005709207541375605, 0.00018130985527409216, -2.321233958568758e-05, -2.1777993166050003e-06, 0.0]","[3.65104417364307e-10, 2.85407578609442e-10, 1.6772063421061037e-09, 4.6933854419330425e-09, 9.258590856440433e-09, 1.4907776136271334e-08, 2.061425827191492e-08, 2.472279729839648e-08, 2.5237552836654028e-08, 2.0809852944381648e-08, 1.2386523729961973e-08, 4.1104423685091676e-09, 3.2561097808323837e-10, 3.649604852428684e-11, 2.5895794625440145e-13, 0.0]"
zero_center_seed,68#4,primary,fresh_2,direct_BC,0.9985251849426009,0.0647766573410436,0.15470735501625266,0.15994577045701033,0.0001473739018239262,0.0,0.9985854872500428,1.0,0.0,0.0,0.04321094506124503,"[0.09510251693427563, 0.0926093403249979, 0.08952877670526505, 0.08581336587667465, 0.08140111900866032, 0.07630459032952785, 0.07063599303364754, 0.06476157531142235, 0.05960175208747387, 0.05713729094713926, 0.06095554679632187, 0.07629434764385223, 0.10656672902405262, 0.14099127799272537, 0.11687317118048668, 0.0]","[0.0018505518939175743, 0.0017547969685708688, 0.0016399998321400405, 0.0015067212095113552, 0.0013557941117413666, 0.0011914095283003558, 0.0010211340093869287, 0.0008587187674449805, 0.0007281238730675391, 0.0006708416647200665, 0.0007671008754252424, 0.0012089798149104158, 0.0023696382102516463, 0.0041548975205732, 0.002855657416163254, 0.0]",0.0,0.0,0.043459126309236186,"[0.09433822520077229, 0.09236246347427368, 0.08981127478182316, 0.08663533069193363, 0.0827802587300539, 0.07827651873230934, 0.0732779111713171, 0.06823439709842205, 0.06421087309718132, 0.06337489373981953, 0.06942862272262573, 0.08721175789833069, 0.11818733811378479, 0.14660188183188438, 0.11046830005943775, 0.0]","[0.0018207084157369387, 0.0017452445196575184, 0.0016501704465035245, 0.0015355446259423707, 0.0014019656860468147, 0.001253645226173359, 0.0010988177399795865, 0.0009531266277847186, 0.0008447846314698672, 0.0008244735493578917, 0.000992644582531732, 0.0015721305761218912, 0.0028954772520674715, 0.004460761761615709, 0.0025331538460972476, 0.0]"
zero_center_seed,68#4,primary,fresh_2,AC,0.9986224999507523,0.09975463001265461,0.16919589045688366,0.15460818591187672,0.0002482069625321775,2.2860492750446164e-18,0.999541339304693,1.0,-9.468270591811776e-19,9.468270591811776e-19,0.056488239251833494,"[-0.01614355738274753, -0.01866694912314415, -0.02245854283683002, -0.028176939114928246, -0.03674942720681429, -0.04954370157793164, -0.06839534314349294, -0.09555510897189379, -0.13324179872870445, -0.18227197974920273, -0.23886281438171864, -0.2892437241971493, -0.30398447066545486, -0.2441288474947214, -0.10847023781388998, 0.0]","[1.60610140239381e-05, 2.2110718584253892e-05, 3.307415035589146e-05, 5.386075753693589e-05, 9.452125885410183e-05, 0.00017642869423631818, 0.000343384074511699, 0.0006807835039676377, 0.0013384708346843477, 0.0025243838035565224, 0.004357940758694495, 0.006411611692608746, 0.007094932671907779, 0.004577506494793166, 0.0009021789191819504, 0.0]",0.0,-1.1339275654524763e-18,0.05902768184291504,"[-0.016801533754915, -0.019539587199687958, -0.02352949813939631, -0.02940113190561533, -0.038041595835238695, -0.05074263131245971, -0.06920755468308926, -0.09546407219022512, -0.1313809221610427, -0.17729513347148895, -0.22900021262466908, -0.27293516881763935, -0.28174985758960247, -0.22168381698429585, -0.09641772694885731, 0.0]","[1.7112425951855122e-05, 2.3686980270487006e-05, 3.523735115027485e-05, 5.647913968965168e-05, 9.686083122261357e-05, 0.0001759667847099594, 0.00033285989568514554, 0.0006413780745665027, 0.0012259251770849937, 0.002246970792765199, 0.0037646643941736104, 0.005361405246457645, 0.005719100695225981, 0.0035384364633203316, 0.0006676068986871924, 0.0]"
zero_center_seed,68#4,fresh_1,fresh_2,global,0.9972131349862511,0.07497994357248705,0.12578208228749793,0.1263730512348745,0.00013869313871097818,6.0142460641749344e-12,0.9993344607002279,0.9913232104121475,-3.060664612448286e-15,6.991301511603115e-14,0.06575125748505846,"[0.07683837168572571, 0.0724263074199758, 0.06623836383897741, 0.05761391732052701, 0.04563228632874994, 0.02904273124803991, 0.00626984211458792, -0.02437966758380039, -0.06400139077359768, -0.11132963326461853, -0.1592762254698843, -0.1900361550829508, -0.1735697359079038, -0.08587822804563172, 0.013561892323195934, 0.0]","[0.0015090100402882058, 0.0013946425772031253, 0.0012476863490780722, 0.0010652809604837963, 0.0008487933388656298, 0.0006098607586571767, 0.0003824107617792026, 0.00024012442448654642, 0.0003087953708143656, 0.0007303640327537672, 0.0014897876959316764, 0.002102949115460177, 0.0017780656108156733, 0.0010949487458439136, 0.0010184124421175635, 0.0]",3.69462141128564e-12,-4.673324590784151e-12,0.06669565752790337,"[0.07751909573878102, 0.07301173176793663, 0.06668880883486228, 0.05786585188644944, 0.04559263002591951, 0.028594295848697104, 0.005301454372250269, -0.025890964731636767, -0.06582063348962341, -0.11269129066440842, -0.15861234593437645, -0.18515248562497355, -0.16338122149490641, -0.07510515796937611, 0.01404839275012676, 0.0]","[0.0015655527737937361, 0.001450069833221481, 0.0013007052530921927, 0.00111437383914013, 0.0008924828807223588, 0.0006473805386464263, 0.00041464345512338675, 0.00026987079321711, 0.0003372402409174452, 0.0007447698983359778, 0.0014472968813249558, 0.001960772655699429, 0.0016459480791438266, 0.0012000368840179739, 0.0009790040720157665, 0.0]"
zero_center_seed,68#4,fresh_1,fresh_2,H1,0.995641052277969,0.20360638194755917,0.00045836073241403436,0.00037340496007297043,1.3724289757890412e-06,4.836170804367419e-09,0.9964460036931833,0.9888441276727611,-9.609543747538565e-10,6.164828471230034e-09,0.1338143001815781,"[0.00012826098084550708, 0.00037082645316566243, 0.0006230000852274209, 0.0008779431078842492, 0.0011248091290911866, 0.0013473653285411835, 0.0015222435661681466, 0.0016178040626053658, 0.0015955088225325653, 0.0014178776305144858, 0.0010714555570214834, 0.0006073426597617004, 0.00016965104737232117, -3.6326678101494814e-05, 4.898756742477417e-07, 0.0]","[2.0941956702897024e-10, 1.2668749964804655e-09, 4.369567289698349e-09, 9.58403812115611e-09, 1.6628325973706697e-08, 2.4674183958754467e-08, 3.21531346221556e-08, 3.6735798172688975e-08, 3.583245391731333e-08, 2.8055374134582473e-08, 1.5580349246942126e-08, 4.67128246211638e-09, 2.7642378816668134e-10, 5.601816756695272e-11, 1.3166007726325007e-12, 0.0]",-3.268707118259693e-09,1.0414866744452651e-08,0.13498212519817376,"[-1.759745330609519e-05, 0.00018884862484691567, 0.00040703411328824046, 0.0006316670699697546, 0.0008539710455695015, 0.00106040458714185, 0.0012310937512785003, 0.0013387245628355693, 0.001349419110353356, 0.0012289448181017626, 0.0009592481586184753, 0.0005709207541375605, 0.00018130985527409216, -2.321233958568758e-05, -2.1777993166050003e-06, 0.0]","[3.65104417364307e-10, 2.85407578609442e-10, 1.6772063421061037e-09, 4.6933854419330425e-09, 9.258590856440433e-09, 1.4907776136271334e-08, 2.061425827191492e-08, 2.472279729839648e-08, 2.5237552836654028e-08, 2.0809852944381648e-08, 1.2386523729961973e-08, 4.1104423685091676e-09, 3.2561097808323837e-10, 3.649604852428684e-11, 2.5895794625440145e-13, 0.0]"
zero_center_seed,68#4,fresh_1,fresh_2,direct_BC,0.9993285139714984,0.05482015512887232,0.15377847268176065,0.15994577045701033,0.00012397293717492902,0.0,0.9993392642491665,1.0,0.0,0.0,0.04338444580610104,"[0.09223035164177418, 0.09016896970570087, 0.08754071407020092, 0.08429736457765102, 0.08037708140909672, 0.07579164765775204, 0.070652911439538, 0.06532668694853783, 0.06072894297540188, 0.05881787743419409, 0.06310605816543102, 0.07861817814409733, 0.10827777348458767, 0.14042070135474205, 0.11451512202620506, 0.0]","[0.0017402557403393588, 0.0016633359956942824, 0.001567788775811197, 0.0014537845697825437, 0.0013217405844150112, 0.0011753000276751926, 0.001021474503201534, 0.0008735821071038687, 0.0007556062492719076, 0.000710201324774268, 0.0008204775502735143, 0.0012792073859634948, 0.0024351318170500354, 0.004101552212210785, 0.0027283798167680173, 0.0]",0.0,0.0,0.043459126309236186,"[0.09433822520077229, 0.09236246347427368, 0.08981127478182316, 0.08663533069193363, 0.0827802587300539, 0.07827651873230934, 0.0732779111713171, 0.06823439709842205, 0.06421087309718132, 0.06337489373981953, 0.06942862272262573, 0.08721175789833069, 0.11818733811378479, 0.14660188183188438, 0.11046830005943775, 0.0]","[0.0018207084157369387, 0.0017452445196575184, 0.0016501704465035245, 0.0015355446259423707, 0.0014019656860468147, 0.001253645226173359, 0.0010988177399795865, 0.0009531266277847186, 0.0008447846314698672, 0.0008244735493578917, 0.000992644582531732, 0.0015721305761218912, 0.0028954772520674715, 0.004460761761615709, 0.0025331538460972476, 0.0]"
zero_center_seed,68#4,fresh_1,fresh_2,AC,0.9996492697610505,0.026486789173666713,0.1545911369153406,0.15460818591187672,6.021504193520695e-05,1.6037926151754518e-18,0.999756972112194,1.0,-1.1341776883708896e-18,0.0,0.05819060192125922,"[-0.01552023459225893, -0.018113488098606467, -0.02192534855566919, -0.027561378199607134, -0.03586959047242999, -0.04809628752991557, -0.06590530974790454, -0.09132415801286697, -0.12632583361119032, -0.17156540229916573, -0.2234537322074175, -0.26926170103251934, -0.2820171434432268, -0.22626260481774807, -0.10095372889190912, 0.0]","[1.4622416454573426e-05, 2.0430307759974995e-05, 3.0785334999645805e-05, 5.006495224649085e-05, 8.706288199020117e-05, 0.00016014160014209329, 0.00030627730636668477, 0.0005964018799909535, 0.0011530054867325867, 0.0021426481423165657, 0.003653358534060936, 0.00532233268643771, 0.005848577238977133, 0.003764854305447111, 0.0007478565388549226, 0.0]",0.0,-1.1339275654524763e-18,0.05902768184291504,"[-0.016801533754915, -0.019539587199687958, -0.02352949813939631, -0.02940113190561533, -0.038041595835238695, -0.05074263131245971, -0.06920755468308926, -0.09546407219022512, -0.1313809221610427, -0.17729513347148895, -0.22900021262466908, -0.27293516881763935, -0.28174985758960247, -0.22168381698429585, -0.09641772694885731, 0.0]","[1.7112425951855122e-05, 2.3686980270487006e-05, 3.523735115027485e-05, 5.647913968965168e-05, 9.686083122261357e-05, 0.0001759667847099594, 0.00033285989568514554, 0.0006413780745665027, 0.0012259251770849937, 0.002246970792765199, 0.0037646643941736104, 0.005361405246457645, 0.005719100695225981, 0.0035384364633203316, 0.0006676068986871924, 0.0]"
zero_center_seed,69#4,primary,fresh_1,global,0.9936619764385402,0.11417188442664217,0.1885236834783525,0.18356144185921608,0.0003165309441437549,8.808740539210123e-13,0.989555716270922,0.9637789395070948,-5.129430825352979e-13,5.547154357446387e-13,0.07529195736784243,"[-0.02388170087564312, -0.037143008222598084, -0.054806309533701025, -0.07730511033671483, -0.10427087258846157, -0.13341909685784792, -0.15912710454784662, -0.17059225669346123, -0.1505893897864441, -0.07802810010689887, 0.059114201540520384, 0.23096619917816996, 0.32240286096930504, 0.19787256233394146, 0.0, 0.0]","[4.797035894808848e-05, 8.712909688279218e-05, 0.00016532090234409254, 0.0003083263081200176, 0.0005443377051797964, 0.0008819650176602551, 0.0012665022087946084, 0.001539690724188571, 0.0015341294983223911, 0.001573685950459403, 0.003275382301383874, 0.008326077480980073, 0.011615372194933374, 0.004375289484048698, 0.0, 0.0]",1.1062015841434992e-13,-6.746458917388105e-14,0.07453850520561621,"[-0.030111163643978145, -0.04401123503564719, -0.06195431536952256, -0.08394821456996837, -0.10894872917431986, -0.13393356890331098, -0.1524404948021596, -0.1532357540147984, -0.12012420378937305, -0.0361081787343856, 0.10181802726108558, 0.2515459566162699, 0.30293135717511177, 0.1648087427020073, 0.0, 0.0]","[6.485284000573645e-05, 0.00011443066459163077, 0.00020576974933156383, 0.00036027334446336537, 0.0005942281332361168, 0.0008959541529819923, 0.0011898572858909735, 0.0013337406725271292, 0.0012859820859175352, 0.001616573900978491, 0.003933906774850436, 0.008808571394047286, 0.010255236162425588, 0.003035425776186512, 0.0, 0.0]"
zero_center_seed,69#4,primary,fresh_1,H1,0.9826492025254628,0.1923945554841053,0.0006855225129509492,0.0006385717317593618,1.939570575787422e-06,1.6930973900543367e-09,0.980658141169976,0.9625327838141626,-1.078673417763366e-09,2.859242961409016e-09,0.1253955089922255,"[0.001507553534031203, 0.0014825677141505622, 0.0013263928269271474, 0.0009950857004472624, 0.0004593168402031722, -0.0002733657989448801, -0.0011498019891265088, -0.0020285047239747556, -0.0025998235813746717, -0.002519806643981659, -0.0016747335098479255, -0.0005597954844911435, 5.554407835006714e-06, 1.1296942830085754e-06, 0.0, 0.0]","[2.6024759658600624e-08, 2.4366227772844684e-08, 1.8312484552253743e-08, 9.061906471378942e-09, 1.926156085386765e-09, 6.123247707982037e-09, 3.106134766434707e-08, 7.78292226256108e-08, 1.1768629022440646e-07, 1.0634230635618045e-07, 4.612244623513713e-08, 5.0811302819956425e-09, 3.4475096388764115e-12, 1.4261682113048124e-13, 0.0, 0.0]",-6.727804486592948e-10,4.5029672904376666e-09,0.12326868049039817,"[0.0012766247887885385, 0.0011821093480861578, 0.0009604679983645781, 0.0005794399451453103, 2.149056073630362e-05, -0.0006945689153585732, -0.0014843944835787326, -0.0021706419231974916, -0.0024877877328886022, -0.002188961203747619, -0.0013112995704638308, -0.0003875686419396729, 2.062879502773285e-06, 0.0, 0.0, 0.0]","[1.786627005023253e-08, 1.4587741578835098e-08, 8.737946146955142e-09, 2.6500284189745485e-09, 1.8872919281729534e-09, 1.4441132330097656e-08, 4.525036654814844e-08, 8.547670714175544e-08, 1.0614886078320776e-07, 7.994697830334142e-08, 2.833061596799428e-08, 2.449441943618394e-09, 4.754608165513652e-13, 0.0, 0.0, 0.0]"
zero_center_seed,69#4,primary,fresh_1,direct_BC,0.997732893654039,0.06943938318123372,0.20340071861179296,0.199459383924879,0.00020770618292680274,0.0,0.9977327850154526,1.0,0.0,0.0,0.059808526396350536,"[0.02449005749076605, 0.02661759126931429, 0.0295657969545573, 0.03388983057811856, 0.04045029962435365, 0.050667188595980406, 0.06671591848134995, 0.09167743846774101, 0.1292920485138893, 0.1824954841285944, 0.2489975281059742, 0.3111764155328274, 0.3199789263308048, 0.19647797383368015, 0.0, 0.0]","[6.70035012708067e-05, 7.91518206635733e-05, 9.765871070658829e-05, 0.00012831651483814657, 0.0001828111266248269, 0.00028683389409335015, 0.0004973403247247044, 0.0009391507622967393, 0.0018679524503486047, 0.0037216374438976026, 0.00692825634821774, 0.010820533814904235, 0.011441372125804664, 0.004313833493402201, 0.0, 0.0]",0.0,0.0,0.059798639704216026,"[0.02593949716538191, 0.028259743005037308, 0.03152485890313983, 0.03635168122127652, 0.04370887437835336, 0.055051688104867935, 0.07255703955888748, 0.09915302228182554, 0.13809958659112453, 0.19126786850392818, 0.2544744275510311, 0.3075961507856846, 0.3006392642855644, 0.1636200025677681, 0.0, 0.0]","[7.516863432767266e-05, 8.9219225481629e-05, 0.00011102998621666292, 0.00014763823272816645, 0.00021345598280361777, 0.00033863457290548606, 0.0005882599498097003, 0.0010985990382125785, 0.002131203490553197, 0.0040882057142904195, 0.007236723171231946, 0.010573478966537167, 0.010100633284626695, 0.0029917955859673495, 0.0, 0.0]"
zero_center_seed,69#4,primary,fresh_1,AC,0.9960579375806924,0.10104376045463172,0.13788990291189188,0.13067431801481358,0.0002048957988079651,0.0,0.9960662235148657,1.0,0.0,0.0,0.08629456643131185,"[-0.049879309022799134, -0.06524316454306245, -0.08569849235937, -0.11219003424048424, -0.14518049452453852, -0.18381292745471, -0.22469322476536036, -0.26024117693305016, -0.2772816065698862, -0.2580037787556648, -0.18820859491825104, -0.07965046120807528, 0.0024183597415685654, 0.0013934518210589886, 0.0, 0.0]","[0.00012261661845799058, 0.00020998892670553732, 0.00036256207212719644, 0.0006216495259587385, 0.0010413608512628908, 0.0016696772581257773, 0.0024951841938567554, 0.0033469960862634873, 0.0037987489523034663, 0.0032868896773040022, 0.0017462794648739396, 0.00031080117072989234, 6.535471298411977e-07, 2.1697995145346545e-07, 0.0, 0.0]",0.0,0.0,0.08626056965264303,"[-0.057327285408973694, -0.07345307944342494, -0.09443963831290603, -0.1208793306723237, -0.1526790913194418, -0.18829069752246141, -0.2235131375491619, -0.2502181362360716, -0.25573602318763733, -0.2251870697364211, -0.15134511794894934, -0.05566262733191252, 0.002290021628141403, 0.0011887382715940475, 0.0, 0.0]","[0.0001620232556920518, 0.0002662250173601319, 0.00044039942438447153, 0.0007218892837837195, 0.0011520580710637955, 0.0017525469881377641, 0.00246974559491717, 0.0030948585798501634, 0.003231777068077764, 0.002503761938753385, 0.0011284774502161648, 0.00015127074628220423, 5.860522249165681e-07, 1.5791789293416458e-07, 0.0, 0.0]"
zero_center_seed,69#4,primary,fresh_2,global,0.9941233578957099,0.11358974982315104,0.1885236834783525,0.19390244212668478,0.00031491703003007316,5.79459084048288e-12,0.9923295031334923,0.9850634802091113,-5.129430825352979e-13,5.547154357446387e-13,0.07529195736784243,"[-0.02388170087564312, -0.037143008222598084, -0.054806309533701025, -0.07730511033671483, -0.10427087258846157, -0.13341909685784792, -0.15912710454784662, -0.17059225669346123, -0.1505893897864441, -0.07802810010689887, 0.059114201540520384, 0.23096619917816996, 0.32240286096930504, 0.19787256233394146, 0.0, 0.0]","[4.797035894808848e-05, 8.712909688279218e-05, 0.00016532090234409254, 0.0003083263081200176, 0.0005443377051797964, 0.0008819650176602551, 0.0012665022087946084, 0.001539690724188571, 0.0015341294983223911, 0.001573685950459403, 0.003275382301383874, 0.008326077480980073, 0.011615372194933374, 0.004375289484048698, 0.0, 0.0]",4.600857206916061e-12,-2.1704138470996233e-12,0.07489116968968151,"[-0.02723229073045097, -0.04230508091089824, -0.062433312635125304, -0.08815606775491247, -0.11885542002130478, -0.15154948049657513, -0.17907170641959347, -0.18795559609339385, -0.15755720930712647, -0.06492376180142312, 0.09565986862528675, 0.2704126648679033, 0.3223884217441082, 0.15774345211684704, 0.0, 0.0]","[5.0080303911017935e-05, 0.000100190872062944, 0.0002009073473243067, 0.0003856738709658547, 0.000688458310919553, 0.0011111071211441373, 0.0015600632164401622, 0.0017990151926485785, 0.0016237325113163748, 0.0016175729574241025, 0.004033399855619056, 0.010027203942488289, 0.011619006566899528, 0.002781744993528446, 0.0, 0.0]"
zero_center_seed,69#4,primary,fresh_2,H1,0.9946755948916102,0.1421438050950493,0.0006855225129509492,0.0007489851337876294,1.4329820363112977e-06,1.574818537174889e-09,0.9946241999178802,0.9817027632561613,-1.078673417763366e-09,2.859242961409016e-09,0.1253955089922255,"[0.001507553534031203, 0.0014825677141505622, 0.0013263928269271474, 0.0009950857004472624, 0.0004593168402031722, -0.0002733657989448801, -0.0011498019891265088, -0.0020285047239747556, -0.0025998235813746717, -0.002519806643981659, -0.0016747335098479255, -0.0005597954844911435, 5.554407835006714e-06, 1.1296942830085754e-06, 0.0, 0.0]","[2.6024759658600624e-08, 2.4366227772844684e-08, 1.8312484552253743e-08, 9.061906471378942e-09, 1.926156085386765e-09, 6.123247707982037e-09, 3.106134766434707e-08, 7.78292226256108e-08, 1.1768629022440646e-07, 1.0634230635618045e-07, 4.612244623513713e-08, 5.0811302819956425e-09, 3.4475096388764115e-12, 1.4261682113048124e-13, 0.0, 0.0]",-2.3114222259537613e-09,3.83923469654499e-09,0.12615498510653234,"[0.0016976853975325668, 0.0016735521862418778, 0.0014986283032207837, 0.0010775345258160485, 0.00041291235390872316, -0.0004850568851875181, -0.001517528367942944, -0.0024486421191394214, -0.0029091570114565535, -0.002561671233364926, -0.001482081300284932, -0.0004064429011538806, 1.8067657947540283e-06, -7.022172212600708e-07, 0.0, 0.0]","[3.2005649669168396e-08, 3.067183084088242e-08, 2.3767865544390376e-08, 1.0713772263140762e-08, 1.630917638337706e-09, 1.0395252495138255e-08, 4.929833058324309e-08, 1.0944805711817794e-07, 1.4501398586588925e-07, 1.0925917752882034e-07, 3.609569301664949e-08, 2.6777779036620696e-09, 3.6500663602723193e-13, 5.516073708911051e-14, 0.0, 0.0]"
zero_center_seed,69#4,primary,fresh_2,direct_BC,0.9970939704514977,0.07679697430027675,0.20340071861179296,0.204783363155121,0.00022971411411599538,0.0,0.9970973162935777,1.0,0.0,0.0,0.059808526396350536,"[0.02449005749076605, 0.02661759126931429, 0.0295657969545573, 0.03388983057811856, 0.04045029962435365, 0.050667188595980406, 0.06671591848134995, 0.09167743846774101, 0.1292920485138893, 0.1824954841285944, 0.2489975281059742, 0.3111764155328274, 0.3199789263308048, 0.19647797383368015, 0.0, 0.0]","[6.70035012708067e-05, 7.91518206635733e-05, 9.765871070658829e-05, 0.00012831651483814657, 0.0001828111266248269, 0.00028683389409335015, 0.0004973403247247044, 0.0009391507622967393, 0.0018679524503486047, 0.0037216374438976026, 0.00692825634821774, 0.010820533814904235, 0.011441372125804664, 0.004313833493402201, 0.0, 0.0]",0.0,0.0,0.05972404694399246,"[0.02141789742745459, 0.023283231304958463, 0.02597152441740036, 0.03006563801318407, 0.03651842009276152, 0.04692105017602444, 0.06375309731811285, 0.09057009965181351, 0.1316968034952879, 0.19036930985748768, 0.26309049874544144, 0.326855581253767, 0.32024119421839714, 0.15673166327178478, 0.0, 0.0]","[5.12474538441235e-05, 6.056430288689697e-05, 7.536064609898097e-05, 0.00010099965804430356, 0.0001490190775814105, 0.0002460358473857973, 0.00045426623205459433, 0.0009168875661053795, 0.0019387661354322919, 0.004051233565041491, 0.007737737737431596, 0.011943185104648382, 0.01146474806856436, 0.002746174430002569, 0.0, 0.0]"
zero_center_seed,69#4,primary,fresh_2,AC,0.9976206201052715,0.07449388565746409,0.13788990291189188,0.141452751411211,0.00015105815677701908,0.0,0.9976535338239446,1.0,0.0,0.0,0.08629456643131185,"[-0.049879309022799134, -0.06524316454306245, -0.08569849235937, -0.11219003424048424, -0.14518049452453852, -0.18381292745471, -0.22469322476536036, -0.26024117693305016, -0.2772816065698862, -0.2580037787556648, -0.18820859491825104, -0.07965046120807528, 0.0024183597415685654, 0.0013934518210589886, 0.0, 0.0]","[0.00012261661845799058, 0.00020998892670553732, 0.00036256207212719644, 0.0006216495259587385, 0.0010413608512628908, 0.0016696772581257773, 0.0024951841938567554, 0.0033469960862634873, 0.0037987489523034663, 0.0032868896773040022, 0.0017462794648739396, 0.00031080117072989234, 6.535471298411977e-07, 2.1697995145346545e-07, 0.0, 0.0]",0.0,0.0,0.08581038372883955,"[-0.05034787277691066, -0.06726187095046043, -0.08990346686914563, -0.11929924227297306, -0.15578675363212824, -0.1979854805395007, -0.24130730144679546, -0.2760770581662655, -0.2863448467105627, -0.2527314219623804, -0.16594852227717638, -0.056036473251879215, 0.00214539747685194, 0.0010124938562512398, 0.0, 0.0]","[0.0001252747128222262, 0.00022383845540973842, 0.00040022749980207686, 0.0007051400681714034, 0.0012029234222524724, 0.0019433284897572801, 0.0028870188631011824, 0.0037785982479981405, 0.004063682667629968, 0.0031633348782977994, 0.0013611115413081779, 0.00015377288321457325, 5.145480589810805e-07, 1.1460397783113335e-07, 0.0, 0.0]"
zero_center_seed,69#4,fresh_1,fresh_2,global,0.9963397091298182,0.10443496717384992,0.18356144185921608,0.19390244212668478,0.0002819151934551734,4.958288447957399e-12,0.9959690148394609,0.9787154592979835,1.1062015841434992e-13,-6.746458917388105e-14,0.07453850520561621,"[-0.030111163643978145, -0.04401123503564719, -0.06195431536952256, -0.08394821456996837, -0.10894872917431986, -0.13393356890331098, -0.1524404948021596, -0.1532357540147984, -0.12012420378937305, -0.0361081787343856, 0.10181802726108558, 0.2515459566162699, 0.30293135717511177, 0.1648087427020073, 0.0, 0.0]","[6.485284000573645e-05, 0.00011443066459163077, 0.00020576974933156383, 0.00036027334446336537, 0.0005942281332361168, 0.0008959541529819923, 0.0011898572858909735, 0.0013337406725271292, 0.0012859820859175352, 0.001616573900978491, 0.003933906774850436, 0.008808571394047286, 0.010255236162425588, 0.003035425776186512, 0.0, 0.0]",4.600857206916061e-12,-2.1704138470996233e-12,0.07489116968968151,"[-0.02723229073045097, -0.04230508091089824, -0.062433312635125304, -0.08815606775491247, -0.11885542002130478, -0.15154948049657513, -0.17907170641959347, -0.18795559609339385, -0.15755720930712647, -0.06492376180142312, 0.09565986862528675, 0.2704126648679033, 0.3223884217441082, 0.15774345211684704, 0.0, 0.0]","[5.0080303911017935e-05, 0.000100190872062944, 0.0002009073473243067, 0.0003856738709658547, 0.000688458310919553, 0.0011111071211441373, 0.0015600632164401622, 0.0017990151926485785, 0.0016237325113163748, 0.0016175729574241025, 0.004033399855619056, 0.010027203942488289, 0.011619006566899528, 0.002781744993528446, 0.0, 0.0]"
zero_center_seed,69#4,fresh_1,fresh_2,H1,0.9897893737906654,0.232053854763052,0.0006385717317593618,0.0007489851337876294,2.179162233786434e-06,1.7679614901038622e-09,0.9894306375639292,0.9775196702884975,-6.727804486592948e-10,4.5029672904376666e-09,0.12326868049039817,"[0.0012766247887885385, 0.0011821093480861578, 0.0009604679983645781, 0.0005794399451453103, 2.149056073630362e-05, -0.0006945689153585732, -0.0014843944835787326, -0.0021706419231974916, -0.0024877877328886022, -0.002188961203747619, -0.0013112995704638308, -0.0003875686419396729, 2.062879502773285e-06, 0.0, 0.0, 0.0]","[1.786627005023253e-08, 1.4587741578835098e-08, 8.737946146955142e-09, 2.6500284189745485e-09, 1.8872919281729534e-09, 1.4441132330097656e-08, 4.525036654814844e-08, 8.547670714175544e-08, 1.0614886078320776e-07, 7.994697830334142e-08, 2.833061596799428e-08, 2.449441943618394e-09, 4.754608165513652e-13, 0.0, 0.0, 0.0]",-2.3114222259537613e-09,3.83923469654499e-09,0.12615498510653234,"[0.0016976853975325668, 0.0016735521862418778, 0.0014986283032207837, 0.0010775345258160485, 0.00041291235390872316, -0.0004850568851875181, -0.001517528367942944, -0.0024486421191394214, -0.0029091570114565535, -0.002561671233364926, -0.001482081300284932, -0.0004064429011538806, 1.8067657947540283e-06, -7.022172212600708e-07, 0.0, 0.0]","[3.2005649669168396e-08, 3.067183084088242e-08, 2.3767865544390376e-08, 1.0713772263140762e-08, 1.630917638337706e-09, 1.0395252495138255e-08, 4.929833058324309e-08, 1.0944805711817794e-07, 1.4501398586588925e-07, 1.0925917752882034e-07, 3.609569301664949e-08, 2.6777779036620696e-09, 3.6500663602723193e-13, 5.516073708911051e-14, 0.0, 0.0]"
zero_center_seed,69#4,fresh_1,fresh_2,direct_BC,0.9985563371119595,0.06063711552167393,0.199459383924879,0.204783363155121,0.00017786237801374705,0.0,0.9985594455697099,1.0,0.0,0.0,0.059798639704216026,"[0.02593949716538191, 0.028259743005037308, 0.03152485890313983, 0.03635168122127652, 0.04370887437835336, 0.055051688104867935, 0.07255703955888748, 0.09915302228182554, 0.13809958659112453, 0.19126786850392818, 0.2544744275510311, 0.3075961507856846, 0.3006392642855644, 0.1636200025677681, 0.0, 0.0]","[7.516863432767266e-05, 8.9219225481629e-05, 0.00011102998621666292, 0.00014763823272816645, 0.00021345598280361777, 0.00033863457290548606, 0.0005882599498097003, 0.0010985990382125785, 0.002131203490553197, 0.0040882057142904195, 0.007236723171231946, 0.010573478966537167, 0.010100633284626695, 0.0029917955859673495, 0.0, 0.0]",0.0,0.0,0.05972404694399246,"[0.02141789742745459, 0.023283231304958463, 0.02597152441740036, 0.03006563801318407, 0.03651842009276152, 0.04692105017602444, 0.06375309731811285, 0.09057009965181351, 0.1316968034952879, 0.19036930985748768, 0.26309049874544144, 0.326855581253767, 0.32024119421839714, 0.15673166327178478, 0.0, 0.0]","[5.12474538441235e-05, 6.056430288689697e-05, 7.536064609898097e-05, 0.00010099965804430356, 0.0001490190775814105, 0.0002460358473857973, 0.00045426623205459433, 0.0009168875661053795, 0.0019387661354322919, 0.004051233565041491, 0.007737737737431596, 0.011943185104648382, 0.01146474806856436, 0.002746174430002569, 0.0, 0.0]"
zero_center_seed,69#4,fresh_1,fresh_2,AC,0.9988374639695,0.0965418381432429,0.13067431801481358,0.141452751411211,0.00018552263028330559,0.0,0.9988666328083218,1.0,0.0,0.0,0.08626056965264303,"[-0.057327285408973694, -0.07345307944342494, -0.09443963831290603, -0.1208793306723237, -0.1526790913194418, -0.18829069752246141, -0.2235131375491619, -0.2502181362360716, -0.25573602318763733, -0.2251870697364211, -0.15134511794894934, -0.05566262733191252, 0.002290021628141403, 0.0011887382715940475, 0.0, 0.0]","[0.0001620232556920518, 0.0002662250173601319, 0.00044039942438447153, 0.0007218892837837195, 0.0011520580710637955, 0.0017525469881377641, 0.00246974559491717, 0.0030948585798501634, 0.003231777068077764, 0.002503761938753385, 0.0011284774502161648, 0.00015127074628220423, 5.860522249165681e-07, 1.5791789293416458e-07, 0.0, 0.0]",0.0,0.0,0.08581038372883955,"[-0.05034787277691066, -0.06726187095046043, -0.08990346686914563, -0.11929924227297306, -0.15578675363212824, -0.1979854805395007, -0.24130730144679546, -0.2760770581662655, -0.2863448467105627, -0.2527314219623804, -0.16594852227717638, -0.056036473251879215, 0.00214539747685194, 0.0010124938562512398, 0.0, 0.0]","[0.0001252747128222262, 0.00022383845540973842, 0.00040022749980207686, 0.0007051400681714034, 0.0012029234222524724, 0.0019433284897572801, 0.0028870188631011824, 0.0037785982479981405, 0.004063682667629968, 0.0031633348782977994, 0.0013611115413081779, 0.00015377288321457325, 5.145480589810805e-07, 1.1460397783113335e-07, 0.0, 0.0]"
historical_shared_BC_synthetic,population_8,teacher,53001,global,0.9999666031549622,0.008172882891103106,1.1542856825330232,1.1541794321757317,0.00014740377665967838,2.7090357415632958e-05,0.9999528903361828,1.0,0.004764471479471315,-0.023400303293512444,0.06754679521864804,"[-0.0007577016804134473, 0.0006327233240881469, 0.0021030952884757426, 0.0035992133744002786, 0.005040824802563293, 0.0063166565814753994, 0.007281542082637316, 0.007760040392895462, 0.0075769665691041155, 0.006636931171669858, 0.005149357996288018, 0.00330071663279341, 0.0014663753374293265, 0.0002624050321884397, 1.0425947039038874e-05, 0.0]","[0.0040390431957380915, 0.0046300139309621265, 0.0052774009097957585, 0.005969059571583764, 0.006681723157863235, 0.007375350031021447, 0.007985077204794307, 0.008410699649368074, 0.008508419966783694, 0.008099735708289407, 0.007042308646929265, 0.0052162839816961475, 0.0028954296781293636, 0.0011088963845504644, 3.402278879028982e-05, 0.0]",0.004760483652229622,-0.023373508057017926,0.06754413660163966,"[-0.0008191166416509077, 0.0005869924825674389, 0.0020621195835701656, 0.003553433016350027, 0.0049841328072943725, 0.00624903285279288, 0.007211844826088054, 0.007708508683208493, 0.007570331386887119, 0.006689634004032996, 0.0051667122897924855, 0.003263341290221433, 0.0013483973559687001, 9.25717799020731e-05, -4.6225856749515515e-05, 0.0]","[0.0040524770022873574, 0.004642381665045003, 0.005288258125874912, 0.005977631037195099, 0.006686751955914649, 0.007375115297129172, 0.007977957666342676, 0.008396956794244539, 0.008492982765016227, 0.008093751810657994, 0.007042216543409789, 0.005252211372661766, 0.002937737436079587, 0.000991202615088154, 5.050301664644416e-05, 0.0]"
historical_shared_BC_synthetic,population_8,teacher,53001,H1,0.9998455098075145,0.04755368126000286,0.050926747358395114,0.04866863416955076,3.783991111702834e-05,1.9177134772707198e-05,0.9998455382667254,0.9918831168831169,-4.051633709218052e-05,-0.0026999551414914635,0.07210712150188005,"[-0.0010836410292540677, -0.001086098072846653, -0.0010595578060019761, -0.0010029728910012636, -0.0009166871641355101, -0.0008033063313632738, -0.000668608470732579, -0.0005224677843216341, -0.00037768624315503985, -0.00024720525107113644, -0.0001438028034499439, -7.47252372548246e-05, -3.484792313201979e-05, -1.6530176793594364e-05, -2.7337910069036298e-06, 0.0]","[2.728574871513462e-05, 2.6090536948361763e-05, 2.425706686665271e-05, 2.179597813088254e-05, 1.8776092233071666e-05, 1.5336876591013346e-05, 1.1694747860974197e-05, 8.137390080778836e-06, 4.98856742879957e-06, 2.535428350116353e-06, 9.609831587053653e-07, 2.225480820333578e-07, 1.3719142680773278e-08, 1.6201832806961375e-10, 4.1740799289542584e-12, 0.0]",-2.154839604112791e-05,-0.0027027799796061824,0.07210959316816704,"[-0.0010086706388392486, -0.0010186142280872446, -0.0010008571407524869, -0.000953925249632448, -0.0008778599694778677, -0.00077466702714446, -0.000649309378786711, -0.000510413721713121, -0.00036997245297243353, -0.0002418750564174843, -0.00013921914251113776, -7.037816158117494e-05, -3.2782469702397066e-05, -1.4464329197494408e-05, -3.007545274158474e-06, 0.0]","[2.3974905989217894e-05, 2.3185348536839986e-05, 2.18061502575572e-05, 1.9828556100059722e-05, 1.729559246440361e-05, 1.4316853648432364e-05, 1.1077297633787326e-05, 7.835330291676857e-06, 4.8964982451508955e-06, 2.5533298586196455e-06, 1.0030507200455519e-06, 2.446260193354925e-07, 2.188209862229659e-08, 3.1999288050843753e-10, 5.138968559427748e-12, 0.0]"
historical_shared_BC_synthetic,population_8,teacher,53001,direct_BC,0.9999713369257169,0.007623354482967973,1.362239199416734,1.3609892104761079,0.00016226300480856658,0.00015865099679194833,0.9999712580450919,1.0,0.005017010825350107,-0.019312273316769372,0.06842479095985256,"[0.0006497755675809458, 0.0006542145201819949, 0.0006510924285976216, 0.0006420898425858468, 0.000627199886366725, 0.000605641514994204, 0.0005765812820754945, 0.0005391272425185889, 0.0004922570078633726, 0.00043480764725245535, 0.00036549961077980697, 0.0002832644822774455, 0.000190770355402492, 0.00010669756375136785, 1.8079759684042074e-05, 0.0]","[0.007275442779427323, 0.00797815774056223, 0.00869575818073107, 0.009405175291802794, 0.010072555566525431, 0.010648565850583923, 0.011061435149413261, 0.011207385145511723, 0.010940395699145051, 0.010071914112586624, 0.008413844200809081, 0.0059377618144172166, 0.003113947692544734, 0.001124765006183505, 3.387304647773884e-05, 0.0]",0.005002889131834836,-0.019470294570261868,0.06837838008889537,"[0.0004933945747325197, 0.0005789447313873097, 0.0006644174354732968, 0.0007479128908016719, 0.0008247245859820396, 0.0008867838623700663, 0.0009231337025994435, 0.0009199041232932359, 0.0008612170931883156, 0.000732181710191071, 0.0005257670927676372, 0.000256502244155854, -1.4001641829963773e-05, -0.00013416416913969442, -3.6990777516621165e-05, 0.0]","[0.007309075697033848, 0.00801111563903921, 0.008725977685300434, 0.009429204755567322, 0.0100851575076143, 0.010642841461558838, 0.011029979995419194, 0.011145502949011841, 0.0108524241661989, 0.009979954088515885, 0.008361141373653125, 0.005963207539430529, 0.0031695515673863402, 0.0010128123533863947, 5.028016040774735e-05, 0.0]"
historical_shared_BC_synthetic,population_8,teacher,53001,AC,0.9997190399321837,0.023804015930218272,0.2538798343629822,0.25436414610050084,9.442749408652508e-05,0.0009766845400613188,0.9997787108662165,1.0,0.003082698678817627,-0.0028714172929825287,0.07237492838667621,"[-0.00032383623329224065, 0.0010646069340509712, 0.0025115606558756554, 0.003960096387345402, 0.0053303121094359085, 0.00651432139602548, 0.0073735692549234955, 0.007743380933334265, 0.007462395807124267, 0.006449328775033791, 0.004927661180772702, 0.003092177387770789, 0.0013104529051588543, 0.0001722376452022445, -4.92002163809957e-06, 0.0]","[0.0005657584370367311, 0.0005378059616490083, 0.0005050196097187487, 0.00046793215519597776, 0.000426987759012414, 0.00038239336097972845, 0.0003340379000582132, 0.0002815866874530397, 0.00022469302766816028, 0.00016301879310940163, 9.500201659557634e-05, 3.7365756175956336e-05, 6.713669047916351e-06, 1.203083202235166e-07, 2.0148986493197433e-10, 0.0]",0.0028976640602076053,-0.0038304141025239545,0.0723625665647226,"[-0.0003038405729967053, 0.001026661981086363, 0.002398559272478451, 0.0037594453779092873, 0.005037268176238285, 0.006136916019386263, 0.006938020505003806, 0.007299018287085346, 0.0070790867498544685, 0.00619932734161921, 0.004780164332714776, 0.003077217207646754, 0.0013951814673873741, 0.00024120027823926193, -6.227533958735876e-06, 0.0]","[0.0005854358442352399, 0.0005553334438258131, 0.0005194603468963347, 0.0004782353030739876, 0.0004321607169497965, 0.00038177803912938695, 0.00032764206258008473, 0.00027038577041970795, 0.00021081922886186184, 0.00014983128920954543, 8.854974347252131e-05, 3.648696998660889e-05, 7.472927436223455e-06, 2.2793435037621824e-07, 3.059123241973355e-10, 0.0]"
historical_shared_BC_synthetic_raw,population_8,teacher,53001_raw,global,0.9967762557770755,0.08778385204509333,1.1542856825330232,1.191682231685506,0.0015832444308320087,,,,,,,,,,,,,
historical_shared_BC_synthetic_raw,population_8,teacher,53001_raw,H1,0.9912448632801255,0.9347393865187833,0.050926747358395114,0.0033549448870290478,0.0007438005716122399,,,,,,,,,,,,,
historical_shared_BC_synthetic_raw,population_8,teacher,53001_raw,direct_BC,0.9987049208920853,0.05563728537046469,1.362239199416734,1.3911488721969854,0.0011842389231372218,,,,,,,,,,,,,
historical_shared_BC_synthetic_raw,population_8,teacher,53001_raw,AC,0.9753522989849204,0.25538553175266354,0.2538798343629822,0.2802671962333441,0.0010130818203135693,,,,,,,,,,,,,
historical_shared_BC_synthetic,population_8,teacher,53002,global,0.9999665158421617,0.008183422399873203,1.1542856825330232,1.1542069187616577,0.00014759386422333865,2.7394355485345366e-05,0.9999526688525502,1.0,0.004764471479471315,-0.023400303293512444,0.06754679521864804,"[-0.0007577016804134473, 0.0006327233240881469, 0.0021030952884757426, 0.0035992133744002786, 0.005040824802563293, 0.0063166565814753994, 0.007281542082637316, 0.007760040392895462, 0.0075769665691041155, 0.006636931171669858, 0.005149357996288018, 0.00330071663279341, 0.0014663753374293265, 0.0002624050321884397, 1.0425947039038874e-05, 0.0]","[0.0040390431957380915, 0.0046300139309621265, 0.0052774009097957585, 0.005969059571583764, 0.006681723157863235, 0.007375350031021447, 0.007985077204794307, 0.008410699649368074, 0.008508419966783694, 0.008099735708289407, 0.007042308646929265, 0.0052162839816961475, 0.0028954296781293636, 0.0011088963845504644, 3.402278879028982e-05, 0.0]",0.00476122772983388,-0.02337310166119475,0.06754423032459107,"[-0.0008277801316580735, 0.000582533044507727, 0.0020611242252925877, 0.003554928225639742, 0.004986928412108682, 0.006251802138649509, 0.007213247148683877, 0.00770741337146319, 0.0075661132232198725, 0.006682753446511924, 0.005159416305104969, 0.0032586618285677105, 0.001348374734106983, 9.732506984505562e-05, -4.4486886508821044e-05, 0.0]","[0.004053169434513773, 0.004642767369812015, 0.0052883794255244075, 0.005977573401926702, 0.0066866476020079465, 0.007375130832692502, 0.007978255566089058, 0.008397630439475326, 0.00849396598691539, 0.008094775415516505, 0.007042855725633858, 0.005252061517091569, 0.0029371162177937522, 0.0009911663621844703, 5.0605410152740344e-05, 0.0]"
historical_shared_BC_synthetic,population_8,teacher,53002,H1,0.9998417936602517,0.04792688441780143,0.050926747358395114,0.04865225070294603,3.813688022531839e-05,1.959867233368913e-05,0.9998418231324938,0.9918831168831169,-4.051633709218052e-05,-0.0026999551414914635,0.07210712150188005,"[-0.0010836410292540677, -0.001086098072846653, -0.0010595578060019761, -0.0010029728910012636, -0.0009166871641355101, -0.0008033063313632738, -0.000668608470732579, -0.0005224677843216341, -0.00037768624315503985, -0.00024720525107113644, -0.0001438028034499439, -7.47252372548246e-05, -3.484792313201979e-05, -1.6530176793594364e-05, -2.7337910069036298e-06, 0.0]","[2.728574871513462e-05, 2.6090536948361763e-05, 2.425706686665271e-05, 2.179597813088254e-05, 1.8776092233071666e-05, 1.5336876591013346e-05, 1.1694747860974197e-05, 8.137390080778836e-06, 4.98856742879957e-06, 2.535428350116353e-06, 9.609831587053653e-07, 2.225480820333578e-07, 1.3719142680773278e-08, 1.6201832806961375e-10, 4.1740799289542584e-12, 0.0]",-2.1141400928070616e-05,-0.00270290807323466,0.07210962412505771,"[-0.0010079640778712928, -0.001018015573208686, -0.0010003301576944068, -0.0009534495366096962, -0.0008774177076702472, -0.0007742604993836721, -0.0006489704592240741, -0.0005101649130665464, -0.00036983908830734435, -0.00024188051429518964, -0.00013931229659647215, -7.048831184874871e-05, -3.282288878381223e-05, -1.4464164863170481e-05, -3.007557097589597e-06, 0.0]","[2.394719728296453e-05, 2.316170257342629e-05, 2.178708123763615e-05, 1.9814309649160202e-05, 1.728597134497533e-05, 1.431128731460609e-05, 1.1074887948616505e-05, 7.834998995590224e-06, 4.897217778358122e-06, 2.5543071317134296e-06, 1.0038112931672797e-06, 2.450206948375244e-07, 2.1972966373474224e-08, 3.2230347673882674e-10, 5.138992878339233e-12, 0.0]"
historical_shared_BC_synthetic,population_8,teacher,53002,direct_BC,0.9999714366733263,0.007606944645322054,1.362239199416734,1.361028629504464,0.00016191372161954571,0.00015688517914368488,0.9999714083411588,1.0,0.005017010825350107,-0.019312273316769372,0.06842479095985256,"[0.0006497755675809458, 0.0006542145201819949, 0.0006510924285976216, 0.0006420898425858468, 0.000627199886366725, 0.000605641514994204, 0.0005765812820754945, 0.0005391272425185889, 0.0004922570078633726, 0.00043480764725245535, 0.00036549961077980697, 0.0002832644822774455, 0.000190770355402492, 0.00010669756375136785, 1.8079759684042074e-05, 0.0]","[0.007275442779427323, 0.00797815774056223, 0.00869575818073107, 0.009405175291802794, 0.010072555566525431, 0.010648565850583923, 0.011061435149413261, 0.011207385145511723, 0.010940395699145051, 0.010071914112586624, 0.008413844200809081, 0.0059377618144172166, 0.003113947692544734, 0.001124765006183505, 3.387304647773884e-05, 0.0]",0.0050054510658693605,-0.019468732037829253,0.06837866363629885,"[0.0004855026927543804, 0.000572918368561659, 0.0006586479139514267, 0.0007407772645819932, 0.0008147308544721454, 0.0008727961394470185, 0.0009046585764735937, 0.0008973927615443245, 0.0008363411470782012, 0.0007078600901877508, 0.0005057640155428089, 0.00024426931486232206, -1.722062734188512e-05, -0.00013017988021601923, -3.524109797581332e-05, 0.0]","[0.007310091901708939, 0.00801176169110025, 0.008726337835895482, 0.009429408748772756, 0.010085372666141512, 0.010643249156014625, 0.011030725462197074, 0.011146628606265818, 0.01085377797225477, 0.009981148742882154, 0.008361667507476505, 0.005962814022657342, 0.003168786410099328, 0.0010127803008380327, 5.038212137055441e-05, 0.0]"
historical_shared_BC_synthetic,population_8,teacher,53002,AC,0.9997217527553658,0.02370144971844961,0.2538798343629822,0.2543959603779271,9.402062701066466e-05,0.0009701946912471975,0.9997803178081774,1.0,0.003082698678817627,-0.0028714172929825287,0.07237492838667621,"[-0.00032383623329224065, 0.0010646069340509712, 0.0025115606558756554, 0.003960096387345402, 0.0053303121094359085, 0.00651432139602548, 0.0073735692549234955, 0.007743380933334265, 0.007462395807124267, 0.006449328775033791, 0.004927661180772702, 0.003092177387770789, 0.0013104529051588543, 0.0001722376452022445, -4.92002163809957e-06, 0.0]","[0.0005657584370367311, 0.0005378059616490083, 0.0005050196097187487, 0.00046793215519597776, 0.000426987759012414, 0.00038239336097972845, 0.0003340379000582132, 0.0002815866874530397, 0.00022469302766816028, 0.00016301879310940163, 9.500201659557634e-05, 3.7365756175956336e-05, 6.713669047916351e-06, 1.203083202235166e-07, 2.0148986493197433e-10, 0.0]",0.0029088811907633408,-0.003825914657971423,0.07236192074844817,"[-0.0003053187483601505, 0.0010276302627971745, 0.002402806526333734, 0.0037676004585591727, 0.005049615296229604, 0.006153266534965951, 0.00695755900869699, 0.0073201855147999595, 0.007099611181274668, 0.006216773871983605, 0.004792964587068127, 0.0030848808253267634, 0.0013984182501189935, 0.00024196911492424533, -6.238231435418129e-06, 0.0]","[0.0005855444520056743, 0.0005554436637454838, 0.0005195758377676714, 0.0004783577948761716, 0.0004322891064076499, 0.0003819072531776773, 0.00032776328824838795, 0.00027048785307162633, 0.0002108904194400471, 0.00014986193461569231, 8.854285613751572e-05, 3.6471284225151956e-05, 7.46738246279125e-06, 2.28108305891374e-07, 3.065505640609046e-10, 0.0]"
historical_shared_BC_synthetic_raw,population_8,teacher,53002_raw,global,0.9967639013492646,0.08793593731659102,1.1542856825330232,1.1917019058650908,0.0015859873972603516,,,,,,,,,,,,,
historical_shared_BC_synthetic_raw,population_8,teacher,53002_raw,H1,0.9912997134148461,0.9347586854614305,0.050926747358395114,0.0033537533149415647,0.0007438159283681224,,,,,,,,,,,,,
historical_shared_BC_synthetic_raw,population_8,teacher,53002_raw,direct_BC,0.9987099399741389,0.0554063240075577,1.362239199416734,1.3906794781401945,0.0011793229134168684,,,,,,,,,,,,,
historical_shared_BC_synthetic_raw,population_8,teacher,53002_raw,AC,0.9749072308763994,0.25616989826684045,0.2538798343629822,0.27969012069681437,0.001016193302199493,,,,,,,,,,,,,
historical_shared_BC_synthetic,population_8,teacher,53003,global,0.9999670603159495,0.00811668318527001,1.1542856825330232,1.1541927519918795,0.0001463901748502142,2.709791728186009e-05,0.999953450219178,1.0,0.004764471479471315,-0.023400303293512444,0.06754679521864804,"[-0.0007577016804134473, 0.0006327233240881469, 0.0021030952884757426, 0.0035992133744002786, 0.005040824802563293, 0.0063166565814753994, 0.007281542082637316, 0.007760040392895462, 0.0075769665691041155, 0.006636931171669858, 0.005149357996288018, 0.00330071663279341, 0.0014663753374293265, 0.0002624050321884397, 1.0425947039038874e-05, 0.0]","[0.0040390431957380915, 0.0046300139309621265, 0.0052774009097957585, 0.005969059571583764, 0.006681723157863235, 0.007375350031021447, 0.007985077204794307, 0.008410699649368074, 0.008508419966783694, 0.008099735708289407, 0.007042308646929265, 0.0052162839816961475, 0.0028954296781293636, 0.0011088963845504644, 3.402278879028982e-05, 0.0]",0.004760083335557856,-0.02337356303708119,0.06754404622927393,"[-0.0008236237335950136, 0.0005829037327202968, 0.0020586512837326154, 0.003550724904926028, 0.004982251688488759, 0.006248038813282619, 0.007211781183286803, 0.007709362373134354, 0.007571936463136808, 0.00669167556497996, 0.0051696266768885835, 0.003266401183054768, 0.0013493010142155981, 9.82356249608074e-05, -4.267855183570646e-05, 0.0]","[0.0040514538855989405, 0.004641467809015324, 0.005287511819321076, 0.00597710545576212, 0.006686484717950989, 0.007375124973427208, 0.007978240189335859, 0.008397489158811677, 0.008493720820491617, 0.008094621442304375, 0.007043188875799037, 0.00525295097485312, 0.002938075736034646, 0.0009921931473004827, 5.0427790905269814e-05, 0.0]"
historical_shared_BC_synthetic,population_8,teacher,53003,H1,0.9998577015531717,0.04781800641527377,0.050926747358395114,0.04864085719353271,3.8050242685824436e-05,1.8850889192403445e-05,0.9998577326926754,0.9918831168831169,-4.051633709218052e-05,-0.0026999551414914635,0.07210712150188005,"[-0.0010836410292540677, -0.001086098072846653, -0.0010595578060019761, -0.0010029728910012636, -0.0009166871641355101, -0.0008033063313632738, -0.000668608470732579, -0.0005224677843216341, -0.00037768624315503985, -0.00024720525107113644, -0.0001438028034499439, -7.47252372548246e-05, -3.484792313201979e-05, -1.6530176793594364e-05, -2.7337910069036298e-06, 0.0]","[2.728574871513462e-05, 2.6090536948361763e-05, 2.425706686665271e-05, 2.179597813088254e-05, 1.8776092233071666e-05, 1.5336876591013346e-05, 1.1694747860974197e-05, 8.137390080778836e-06, 4.98856742879957e-06, 2.535428350116353e-06, 9.609831587053653e-07, 2.225480820333578e-07, 1.3719142680773278e-08, 1.6201832806961375e-10, 4.1740799289542584e-12, 0.0]",-2.1909370777431747e-05,-0.0027029778601197975,0.07210954752769326,"[-0.0010089405404869467, -0.0010187256775679998, -0.001000788190140156, -0.00095365583547391, -0.0008773918852966744, -0.0007740037708572345, -0.0006484995574282948, -0.0005095320157124661, -0.00036910647577315103, -0.0002411361501799547, -0.00013868649011783418, -7.01361807387002e-05, -3.27262041537324e-05, -1.4467197786416364e-05, -3.006524821103085e-06, 0.0]","[2.3974320131391412e-05, 2.3180071702063447e-05, 2.1795975705756648e-05, 1.981357870926392e-05, 1.7276349306437703e-05, 1.42943817281634e-05, 1.1053268242671304e-05, 7.811946877115881e-06, 4.876189219959823e-06, 2.5381573243481325e-06, 9.94034965043866e-07, 2.410347906914693e-07, 2.1194725113217488e-08, 3.0322471068297605e-10, 5.129872008332904e-12, 0.0]"
historical_shared_BC_synthetic,population_8,teacher,53003,direct_BC,0.9999719035459463,0.007543978140688903,1.362239199416734,1.3610454385062039,0.00016057348035608426,0.000157908351336974,0.999971851521431,1.0,0.005017010825350107,-0.019312273316769372,0.06842479095985256,"[0.0006497755675809458, 0.0006542145201819949, 0.0006510924285976216, 0.0006420898425858468, 0.000627199886366725, 0.000605641514994204, 0.0005765812820754945, 0.0005391272425185889, 0.0004922570078633726, 0.00043480764725245535, 0.00036549961077980697, 0.0002832644822774455, 0.000190770355402492, 0.00010669756375136785, 1.8079759684042074e-05, 0.0]","[0.007275442779427323, 0.00797815774056223, 0.00869575818073107, 0.009405175291802794, 0.010072555566525431, 0.010648565850583923, 0.011061435149413261, 0.011207385145511723, 0.010940395699145051, 0.010071914112586624, 0.008413844200809081, 0.0059377618144172166, 0.003113947692544734, 0.001124765006183505, 3.387304647773884e-05, 0.0]",0.005003627592715854,-0.01946961351031895,0.06837846342530511,"[0.0004884411027887836, 0.0005729224867536686, 0.0006564913128386252, 0.0007374203123617917, 0.0008113397343549877, 0.0008707298111403361, 0.0009053686226252466, 0.0009022255981108174, 0.000846125723910518, 0.000722254320862703, 0.000522343470947817, 0.000257931329542771, -1.2192991562187672e-05, -0.00012782479825546034, -3.344968445162522e-05, 0.0]","[0.007306871407218327, 0.008009378097806833, 0.008724824005671018, 0.009428731113989177, 0.010085421935814432, 0.01064385011627091, 0.011031675736024867, 0.011147762149964798, 0.010855040189094322, 0.009982605727192976, 0.008363351713558387, 0.0059644447094100075, 0.0031698669750964675, 0.001013763665715881, 5.020531208087125e-05, 0.0]"
historical_shared_BC_synthetic,population_8,teacher,53003,AC,0.9997275787723141,0.023469931288348712,0.2538798343629822,0.2544361360146413,9.310222293744601e-05,0.0009692684556334162,0.9997855780624335,1.0,0.003082698678817627,-0.0028714172929825287,0.07237492838667621,"[-0.00032383623329224065, 0.0010646069340509712, 0.0025115606558756554, 0.003960096387345402, 0.0053303121094359085, 0.00651432139602548, 0.0073735692549234955, 0.007743380933334265, 0.007462395807124267, 0.006449328775033791, 0.004927661180772702, 0.003092177387770789, 0.0013104529051588543, 0.0001722376452022445, -4.92002163809957e-06, 0.0]","[0.0005657584370367311, 0.0005378059616490083, 0.0005050196097187487, 0.00046793215519597776, 0.000426987759012414, 0.00038239336097972845, 0.0003340379000582132, 0.0002815866874530397, 0.00022469302766816028, 0.00016301879310940163, 9.500201659557634e-05, 3.7365756175956336e-05, 6.713669047916351e-06, 1.203083202235166e-07, 2.0148986493197433e-10, 0.0]",0.0029085972954848494,-0.0038249213818083716,0.07236254599336332,"[-0.0003031243204532075, 0.0010287069007972605, 0.002402948182862019, 0.0037669604244001675, 0.005048303837611456, 0.006151312741167203, 0.006954912108994904, 0.00731666876890813, 0.007094917214089946, 0.006210557372469339, 0.004785969696968095, 0.0030786060347054445, 0.0013942202098178313, 0.0002405276210026841, -6.222342562978156e-06, 0.0]","[0.000585176920255026, 0.0005552293649991689, 0.0005195049448015949, 0.00047841588824561534, 0.00043245681838588815, 0.0003821602950316843, 0.00032807181032788784, 0.0002708172708349644, 0.00021120414022568652, 0.00015012562090649297, 8.87113860256034e-05, 3.6534715947785404e-05, 7.472592155840884e-06, 2.2713333115310447e-07, 3.05404427409872e-10, 0.0]"
historical_shared_BC_synthetic_raw,population_8,teacher,53003_raw,global,0.9968264949979369,0.08721471476852269,1.1542856825330232,1.1917492754363639,0.0015729796338048003,,,,,,,,,,,,,
historical_shared_BC_synthetic_raw,population_8,teacher,53003_raw,H1,0.991327917343013,0.9347384121194733,0.050926747358395114,0.00335469392086886,0.0007437997962530604,,,,,,,,,,,,,
historical_shared_BC_synthetic_raw,population_8,teacher,53003_raw,direct_BC,0.9987387791091237,0.05499189271365339,1.362239199416734,1.3910807633882183,0.001170501748510283,,,,,,,,,,,,,
historical_shared_BC_synthetic_raw,population_8,teacher,53003_raw,AC,0.9755553781729397,0.25386100594389166,0.2538798343629822,0.27994126186974283,0.0010070342209414897,,,,,,,,,,,,,
