cohort,cell_id,fit,quantity,mode,effective_value,lower_bound,upper_bound,u,active_lower_bound,active_u,boundary,unit,median_zero,median_aligned,median_abs_change,median_relative_change,increase_count,decrease_count,rank_correlation,minimum,maximum,range,sample_SD,CV,NLL_spread
alignment_value,67#4,zero,H1_effective_amplitude,0,0.00840990524739027,,,,,,,,,,,,,,,,,,,,
alignment_value,67#4,zero,BC_effective_weights,0,0.02648354135453701,,,,,,,,,,,,,,,,,,,,
alignment_value,67#4,zero,BC_effective_weights,1,0.02884327620267868,,,,,,,,,,,,,,,,,,,,
alignment_value,67#4,zero,BC_effective_weights,2,0.031745098531246185,,,,,,,,,,,,,,,,,,,,
alignment_value,67#4,zero,BC_effective_weights,3,0.02311287447810173,,,,,,,,,,,,,,,,,,,,
alignment_value,67#4,zero,BC_effective_weights,4,0.026601411402225494,,,,,,,,,,,,,,,,,,,,
alignment_value,67#4,zero,BC_effective_weights,5,0.030324695631861687,,,,,,,,,,,,,,,,,,,,
alignment_value,67#4,zero,BC_effective_weights,6,0.20156972110271454,,,,,,,,,,,,,,,,,,,,
alignment_value,67#4,zero,BC_effective_weights,7,0.2914092242717743,,,,,,,,,,,,,,,,,,,,
alignment_value,67#4,zero,BC_effective_weights,8,0.10813689231872559,,,,,,,,,,,,,,,,,,,,
alignment_value,67#4,zero,BC_effective_weights,9,0.10868974030017853,,,,,,,,,,,,,,,,,,,,
alignment_value,67#4,zero,BC_effective_weights,10,0.10159744322299957,,,,,,,,,,,,,,,,,,,,
alignment_value,67#4,zero,BC_effective_weights,11,0.021486055105924606,,,,,,,,,,,,,,,,,,,,
alignment_value,67#4,zero,AC_effective_gates,0,0.5002220869064331,,,,,,,,,,,,,,,,,,,,
alignment_value,67#4,zero,AC_effective_gates,1,0.4997778832912445,,,,,,,,,,,,,,,,,,,,
alignment_value,67#4,zero,cell_BC_gains,0,0.7517321109771729,,,,,,,,,,,,,,,,,,,,
alignment_value,67#4,zero,cell_AC_gains,0,0.7923270463943481,,,,,,,,,,,,,,,,,,,,
alignment_value,67#4,zero,history_gate,0,0.1554955542087555,,,,,,,,,,,,,,,,,,,,
alignment_value,67#4,zero,tau_H1,0,28.483434677124023,10.0,200.0,0.09728123514275802,10.0,0.09728123514275802,interior,ms,,,,,,,,,,,,,
alignment_value,67#4,zero,tau_BC_sustained_basis,0,27.736614227294922,20.0,200.0,0.042981190151638454,20.0,0.042981190151638454,lower,ms,,,,,,,,,,,,,
alignment_value,67#4,zero,tau_BC_sustained_basis,1,48.90256118774414,20.0,200.0,0.16056978437635633,20.0,0.16056978437635633,interior,ms,,,,,,,,,,,,,
alignment_value,67#4,zero,tau_BC_sustained_basis,2,93.09813690185547,20.0,200.0,0.4061007605658637,20.0,0.4061007605658637,interior,ms,,,,,,,,,,,,,
alignment_value,67#4,zero,tau_BC_transient_basis,0,9.778108596801758,5.0,120.0,0.04154877040697181,5.0,0.04154877040697181,lower,ms,,,,,,,,,,,,,
alignment_value,67#4,zero,tau_BC_transient_basis,1,11.228095054626465,5.0,120.0,0.054157348301099695,5.0,0.054157348301099695,interior,ms,,,,,,,,,,,,,
alignment_value,67#4,zero,tau_BC_transient_basis,2,17.10363006591797,5.0,120.0,0.10524895709493885,5.0,0.10524895709493885,interior,ms,,,,,,,,,,,,,
alignment_value,67#4,zero,tau_AC_local_state,0,25.180152893066406,20.0,250.0,0.022522403882897418,20.0,0.022522403882897418,lower,ms,,,,,,,,,,,,,
alignment_value,67#4,zero,tau_AC_transient_state,0,17.315458297729492,15.0,180.0,0.014033080592299952,15.0,0.014033080592299952,lower,ms,,,,,,,,,,,,,
alignment_value,67#4,zero,delay_H1,0,3.968573570251465,0.0,20.0,0.19842867851257323,0.0,0.19842867851257323,interior,ms,,,,,,,,,,,,,
alignment_value,67#4,zero,delay_BC_sustained,0,15.362778663635254,0.0,30.0,0.5120926221211751,12.159403562545776,0.17955538158827303,interior,ms,,,,,,,,,,,,,
alignment_value,67#4,zero,delay_BC_transient,0,12.15939998626709,0.0,20.0,0.6079699993133545,0.0,0.6079699993133545,interior,ms,,,,,,,,,,,,,
alignment_value,67#4,zero,delay_AC_local_downstream,0,8.811447143554688,0.0,40.0,0.22028617858886718,5.78297758102417,0.08850768852555127,interior,ms,,,,,,,,,,,,,
alignment_value,67#4,zero,delay_AC_transient_downstream,0,5.782972812652588,0.0,25.0,0.2313189125061035,0.0,0.2313189125061035,interior,ms,,,,,,,,,,,,,
alignment_value,67#4,aligned,H1_effective_amplitude,0,0.013511620461940765,,,,,,,,,,,,,,,,,,,,
alignment_value,67#4,aligned,BC_effective_weights,0,0.024112356826663017,,,,,,,,,,,,,,,,,,,,
alignment_value,67#4,aligned,BC_effective_weights,1,0.02501421421766281,,,,,,,,,,,,,,,,,,,,
alignment_value,67#4,aligned,BC_effective_weights,2,0.025297261774539948,,,,,,,,,,,,,,,,,,,,
alignment_value,67#4,aligned,BC_effective_weights,3,0.02343844063580036,,,,,,,,,,,,,,,,,,,,
alignment_value,67#4,aligned,BC_effective_weights,4,0.024536268785595894,,,,,,,,,,,,,,,,,,,,
alignment_value,67#4,aligned,BC_effective_weights,5,0.025256944820284843,,,,,,,,,,,,,,,,,,,,
alignment_value,67#4,aligned,BC_effective_weights,6,0.16150887310504913,,,,,,,,,,,,,,,,,,,,
alignment_value,67#4,aligned,BC_effective_weights,7,0.21080394089221954,,,,,,,,,,,,,,,,,,,,
alignment_value,67#4,aligned,BC_effective_weights,8,0.0941418930888176,,,,,,,,,,,,,,,,,,,,
alignment_value,67#4,aligned,BC_effective_weights,9,0.14466620981693268,,,,,,,,,,,,,,,,,,,,
alignment_value,67#4,aligned,BC_effective_weights,10,0.17660553753376007,,,,,,,,,,,,,,,,,,,,
alignment_value,67#4,aligned,BC_effective_weights,11,0.0646180585026741,,,,,,,,,,,,,,,,,,,,
alignment_value,67#4,aligned,AC_effective_gates,0,0.5460439920425415,,,,,,,,,,,,,,,,,,,,
alignment_value,67#4,aligned,AC_effective_gates,1,0.4539560079574585,,,,,,,,,,,,,,,,,,,,
alignment_value,67#4,aligned,cell_BC_gains,0,0.7846670150756836,,,,,,,,,,,,,,,,,,,,
alignment_value,67#4,aligned,cell_AC_gains,0,1.0272436141967773,,,,,,,,,,,,,,,,,,,,
alignment_value,67#4,aligned,history_gate,0,0.05174835026264191,,,,,,,,,,,,,,,,,,,,
alignment_value,67#4,aligned,tau_H1,0,29.604156494140625,10.0,200.0,0.10317977102179277,10.0,0.10317977102179277,interior,ms,,,,,,,,,,,,,
alignment_value,67#4,aligned,tau_BC_sustained_basis,0,27.442434310913086,20.0,200.0,0.04134685728285048,20.0,0.04134685728285048,lower,ms,,,,,,,,,,,,,
alignment_value,67#4,aligned,tau_BC_sustained_basis,1,40.90776062011719,20.0,200.0,0.11615422566731771,20.0,0.11615422566731771,interior,ms,,,,,,,,,,,,,
alignment_value,67#4,aligned,tau_BC_sustained_basis,2,64.72549438476562,20.0,200.0,0.24847496880425346,20.0,0.24847496880425346,interior,ms,,,,,,,,,,,,,
alignment_value,67#4,aligned,tau_BC_transient_basis,0,11.644044876098633,5.0,120.0,0.05777430327042289,5.0,0.05777430327042289,interior,ms,,,,,,,,,,,,,
alignment_value,67#4,aligned,tau_BC_transient_basis,1,13.106303215026855,5.0,120.0,0.07048959317414658,5.0,0.07048959317414658,interior,ms,,,,,,,,,,,,,
alignment_value,67#4,aligned,tau_BC_transient_basis,2,19.072999954223633,5.0,120.0,0.1223739126454229,5.0,0.1223739126454229,interior,ms,,,,,,,,,,,,,
alignment_value,67#4,aligned,tau_AC_local_state,0,26.70372200012207,20.0,250.0,0.02914661739183509,20.0,0.02914661739183509,lower,ms,,,,,,,,,,,,,
alignment_value,67#4,aligned,tau_AC_transient_state,0,17.95047950744629,15.0,180.0,0.017881693984522964,15.0,0.017881693984522964,lower,ms,,,,,,,,,,,,,
alignment_value,67#4,aligned,delay_H1,0,5.168848991394043,0.0,20.0,0.25844244956970214,0.0,0.25844244956970214,interior,ms,,,,,,,,,,,,,
alignment_value,67#4,aligned,delay_BC_sustained,0,11.848505973815918,0.0,30.0,0.39495019912719725,9.142573118209839,0.1297347400972326,interior,ms,,,,,,,,,,,,,
alignment_value,67#4,aligned,delay_BC_transient,0,9.142569541931152,0.0,20.0,0.45712847709655763,0.0,0.45712847709655763,interior,ms,,,,,,,,,,,,,
alignment_value,67#4,aligned,delay_AC_local_downstream,0,11.087514877319336,0.0,40.0,0.2771878719329834,7.588783264160156,0.10794817243902892,interior,ms,,,,,,,,,,,,,
alignment_value,67#4,aligned,delay_AC_transient_downstream,0,7.588778495788574,0.0,25.0,0.30355113983154297,0.0,0.30355113983154297,interior,ms,,,,,,,,,,,,,
alignment_value,67#6,zero,H1_effective_amplitude,0,0.15029537677764893,,,,,,,,,,,,,,,,,,,,
alignment_value,67#6,zero,BC_effective_weights,0,0.017192240804433823,,,,,,,,,,,,,,,,,,,,
alignment_value,67#6,zero,BC_effective_weights,1,0.020156526938080788,,,,,,,,,,,,,,,,,,,,
alignment_value,67#6,zero,BC_effective_weights,2,0.026075245812535286,,,,,,,,,,,,,,,,,,,,
alignment_value,67#6,zero,BC_effective_weights,3,0.017989953979849815,,,,,,,,,,,,,,,,,,,,
alignment_value,67#6,zero,BC_effective_weights,4,0.020630650222301483,,,,,,,,,,,,,,,,,,,,
alignment_value,67#6,zero,BC_effective_weights,5,0.026431430131196976,,,,,,,,,,,,,,,,,,,,
alignment_value,67#6,zero,BC_effective_weights,6,0.2527574300765991,,,,,,,,,,,,,,,,,,,,
alignment_value,67#6,zero,BC_effective_weights,7,0.2324446439743042,,,,,,,,,,,,,,,,,,,,
alignment_value,67#6,zero,BC_effective_weights,8,0.015669381245970726,,,,,,,,,,,,,,,,,,,,
alignment_value,67#6,zero,BC_effective_weights,9,0.19649015367031097,,,,,,,,,,,,,,,,,,,,
alignment_value,67#6,zero,BC_effective_weights,10,0.15991051495075226,,,,,,,,,,,,,,,,,,,,
alignment_value,67#6,zero,BC_effective_weights,11,0.014251794666051865,,,,,,,,,,,,,,,,,,,,
alignment_value,67#6,zero,AC_effective_gates,0,0.093227818608284,,,,,,,,,,,,,,,,,,,,
alignment_value,67#6,zero,AC_effective_gates,1,0.906772255897522,,,,,,,,,,,,,,,,,,,,
alignment_value,67#6,zero,cell_BC_gains,0,0.801532506942749,,,,,,,,,,,,,,,,,,,,
alignment_value,67#6,zero,cell_AC_gains,0,0.8618729114532471,,,,,,,,,,,,,,,,,,,,
alignment_value,67#6,zero,history_gate,0,0.0,,,,,,,,,,,,,,,,,,,,
alignment_value,67#6,zero,tau_H1,0,13.610454559326172,10.0,200.0,0.01900239241750617,10.0,0.01900239241750617,lower,ms,,,,,,,,,,,,,
alignment_value,67#6,zero,tau_BC_sustained_basis,0,27.00485610961914,20.0,200.0,0.03891586727566189,20.0,0.03891586727566189,lower,ms,,,,,,,,,,,,,
alignment_value,67#6,zero,tau_BC_sustained_basis,1,63.458560943603516,20.0,200.0,0.2414364496866862,20.0,0.2414364496866862,interior,ms,,,,,,,,,,,,,
alignment_value,67#6,zero,tau_BC_sustained_basis,2,164.02774047851562,20.0,200.0,0.8001541137695313,20.0,0.8001541137695313,interior,ms,,,,,,,,,,,,,
alignment_value,67#6,zero,tau_BC_transient_basis,0,6.13180685043335,5.0,120.0,0.009841798699420432,5.0,0.009841798699420432,lower,ms,,,,,,,,,,,,,
alignment_value,67#6,zero,tau_BC_transient_basis,1,6.828492641448975,5.0,120.0,0.01589993601259978,5.0,0.01589993601259978,lower,ms,,,,,,,,,,,,,
alignment_value,67#6,zero,tau_BC_transient_basis,2,9.643791198730469,5.0,120.0,0.040380793032438855,5.0,0.040380793032438855,lower,ms,,,,,,,,,,,,,
alignment_value,67#6,zero,tau_AC_local_state,0,25.710908889770508,20.0,250.0,0.024830038651176122,20.0,0.024830038651176122,lower,ms,,,,,,,,,,,,,
alignment_value,67#6,zero,tau_AC_transient_state,0,15.521209716796875,15.0,180.0,0.0031588467684659093,15.0,0.0031588467684659093,lower,ms,,,,,,,,,,,,,
alignment_value,67#6,zero,delay_H1,0,19.700210571289062,0.0,20.0,0.9850105285644531,0.0,0.9850105285644531,upper,ms,,,,,,,,,,,,,
alignment_value,67#6,zero,delay_BC_sustained,0,16.794132232666016,0.0,30.0,0.5598044077555339,15.217832326889038,0.10663523379215191,interior,ms,,,,,,,,,,,,,
alignment_value,67#6,zero,delay_BC_transient,0,15.217828750610352,0.0,20.0,0.7608914375305176,0.0,0.7608914375305176,interior,ms,,,,,,,,,,,,,
alignment_value,67#6,zero,delay_AC_local_downstream,0,16.278934478759766,0.0,40.0,0.40697336196899414,14.151442527770996,0.08230602242598992,interior,ms,,,,,,,,,,,,,
alignment_value,67#6,zero,delay_AC_transient_downstream,0,14.151437759399414,0.0,25.0,0.5660575103759765,0.0,0.5660575103759765,interior,ms,,,,,,,,,,,,,
alignment_value,67#6,aligned,H1_effective_amplitude,0,0.1865229606628418,,,,,,,,,,,,,,,,,,,,
alignment_value,67#6,aligned,BC_effective_weights,0,0.010437318123877048,,,,,,,,,,,,,,,,,,,,
alignment_value,67#6,aligned,BC_effective_weights,1,0.010429905727505684,,,,,,,,,,,,,,,,,,,,
alignment_value,67#6,aligned,BC_effective_weights,2,0.010795322246849537,,,,,,,,,,,,,,,,,,,,
alignment_value,67#6,aligned,BC_effective_weights,3,0.010702857747673988,,,,,,,,,,,,,,,,,,,,
alignment_value,67#6,aligned,BC_effective_weights,4,0.010456068441271782,,,,,,,,,,,,,,,,,,,,
alignment_value,67#6,aligned,BC_effective_weights,5,0.01069349143654108,,,,,,,,,,,,,,,,,,,,
alignment_value,67#6,aligned,BC_effective_weights,6,0.3011326789855957,,,,,,,,,,,,,,,,,,,,
alignment_value,67#6,aligned,BC_effective_weights,7,0.2124853879213333,,,,,,,,,,,,,,,,,,,,
alignment_value,67#6,aligned,BC_effective_weights,8,0.023316940292716026,,,,,,,,,,,,,,,,,,,,
alignment_value,67#6,aligned,BC_effective_weights,9,0.22390761971473694,,,,,,,,,,,,,,,,,,,,
alignment_value,67#6,aligned,BC_effective_weights,10,0.15513795614242554,,,,,,,,,,,,,,,,,,,,
alignment_value,67#6,aligned,BC_effective_weights,11,0.020504401996731758,,,,,,,,,,,,,,,,,,,,
alignment_value,67#6,aligned,AC_effective_gates,0,0.060765016824007034,,,,,,,,,,,,,,,,,,,,
alignment_value,67#6,aligned,AC_effective_gates,1,0.9392349720001221,,,,,,,,,,,,,,,,,,,,
alignment_value,67#6,aligned,cell_BC_gains,0,1.2502365112304688,,,,,,,,,,,,,,,,,,,,
alignment_value,67#6,aligned,cell_AC_gains,0,1.193703293800354,,,,,,,,,,,,,,,,,,,,
alignment_value,67#6,aligned,history_gate,0,0.0,,,,,,,,,,,,,,,,,,,,
alignment_value,67#6,aligned,tau_H1,0,10.243608474731445,10.0,200.0,0.001282149867007607,10.0,0.001282149867007607,lower,ms,,,,,,,,,,,,,
alignment_value,67#6,aligned,tau_BC_sustained_basis,0,25.31662368774414,20.0,200.0,0.029536798265245225,20.0,0.029536798265245225,lower,ms,,,,,,,,,,,,,
alignment_value,67#6,aligned,tau_BC_sustained_basis,1,33.66104507446289,20.0,200.0,0.07589469485812717,20.0,0.07589469485812717,interior,ms,,,,,,,,,,,,,
alignment_value,67#6,aligned,tau_BC_sustained_basis,2,149.40557861328125,20.0,200.0,0.7189198811848958,20.0,0.7189198811848958,interior,ms,,,,,,,,,,,,,
alignment_value,67#6,aligned,tau_BC_transient_basis,0,5.703717231750488,5.0,120.0,0.006119280276091202,5.0,0.006119280276091202,lower,ms,,,,,,,,,,,,,
alignment_value,67#6,aligned,tau_BC_transient_basis,1,6.2537126541137695,5.0,120.0,0.010901849166206692,5.0,0.010901849166206692,lower,ms,,,,,,,,,,,,,
alignment_value,67#6,aligned,tau_BC_transient_basis,2,7.890578746795654,5.0,120.0,0.025135467363440474,5.0,0.025135467363440474,lower,ms,,,,,,,,,,,,,
alignment_value,67#6,aligned,tau_AC_local_state,0,26.49457550048828,20.0,250.0,0.028237284784731656,20.0,0.028237284784731656,lower,ms,,,,,,,,,,,,,
alignment_value,67#6,aligned,tau_AC_transient_state,0,15.222854614257812,15.0,180.0,0.0013506340258049242,15.0,0.0013506340258049242,lower,ms,,,,,,,,,,,,,
alignment_value,67#6,aligned,delay_H1,0,13.259459495544434,0.0,20.0,0.6629729747772217,0.0,0.6629729747772217,interior,ms,,,,,,,,,,,,,
alignment_value,67#6,aligned,delay_BC_sustained,0,15.428804397583008,0.0,30.0,0.5142934799194336,14.402226209640503,0.06581568637551348,interior,ms,,,,,,,,,,,,,
alignment_value,67#6,aligned,delay_BC_transient,0,14.402222633361816,0.0,20.0,0.7201111316680908,0.0,0.7201111316680908,interior,ms,,,,,,,,,,,,,
alignment_value,67#6,aligned,delay_AC_local_downstream,0,18.459918975830078,0.0,40.0,0.46149797439575196,16.333718299865723,0.08984092655130915,interior,ms,,,,,,,,,,,,,
alignment_value,67#6,aligned,delay_AC_transient_downstream,0,16.33371353149414,0.0,25.0,0.6533485412597656,0.0,0.6533485412597656,interior,ms,,,,,,,,,,,,,
alignment_value,67#7,zero,H1_effective_amplitude,0,0.07437346875667572,,,,,,,,,,,,,,,,,,,,
alignment_value,67#7,zero,BC_effective_weights,0,0.023353928700089455,,,,,,,,,,,,,,,,,,,,
alignment_value,67#7,zero,BC_effective_weights,1,0.01956171542406082,,,,,,,,,,,,,,,,,,,,
alignment_value,67#7,zero,BC_effective_weights,2,0.018514787778258324,,,,,,,,,,,,,,,,,,,,
alignment_value,67#7,zero,BC_effective_weights,3,0.022794317454099655,,,,,,,,,,,,,,,,,,,,
alignment_value,67#7,zero,BC_effective_weights,4,0.01931683160364628,,,,,,,,,,,,,,,,,,,,
alignment_value,67#7,zero,BC_effective_weights,5,0.01870177872478962,,,,,,,,,,,,,,,,,,,,
alignment_value,67#7,zero,BC_effective_weights,6,0.17986005544662476,,,,,,,,,,,,,,,,,,,,
alignment_value,67#7,zero,BC_effective_weights,7,0.2563205063343048,,,,,,,,,,,,,,,,,,,,
alignment_value,67#7,zero,BC_effective_weights,8,0.07108908891677856,,,,,,,,,,,,,,,,,,,,
alignment_value,67#7,zero,BC_effective_weights,9,0.1527685672044754,,,,,,,,,,,,,,,,,,,,
alignment_value,67#7,zero,BC_effective_weights,10,0.17013397812843323,,,,,,,,,,,,,,,,,,,,
alignment_value,67#7,zero,BC_effective_weights,11,0.047584548592567444,,,,,,,,,,,,,,,,,,,,
alignment_value,67#7,zero,AC_effective_gates,0,0.19325560331344604,,,,,,,,,,,,,,,,,,,,
alignment_value,67#7,zero,AC_effective_gates,1,0.806744396686554,,,,,,,,,,,,,,,,,,,,
alignment_value,67#7,zero,cell_BC_gains,0,0.7796017527580261,,,,,,,,,,,,,,,,,,,,
alignment_value,67#7,zero,cell_AC_gains,0,1.2307051420211792,,,,,,,,,,,,,,,,,,,,
alignment_value,67#7,zero,history_gate,0,0.0,,,,,,,,,,,,,,,,,,,,
alignment_value,67#7,zero,tau_H1,0,16.936798095703125,10.0,200.0,0.036509463661595395,10.0,0.036509463661595395,lower,ms,,,,,,,,,,,,,
alignment_value,67#7,zero,tau_BC_sustained_basis,0,23.86925506591797,20.0,200.0,0.021495861477322048,20.0,0.021495861477322048,lower,ms,,,,,,,,,,,,,
alignment_value,67#7,zero,tau_BC_sustained_basis,1,65.701904296875,20.0,200.0,0.2538994683159722,20.0,0.2538994683159722,interior,ms,,,,,,,,,,,,,
alignment_value,67#7,zero,tau_BC_sustained_basis,2,115.07254028320312,20.0,200.0,0.5281807793511285,20.0,0.5281807793511285,interior,ms,,,,,,,,,,,,,
alignment_value,67#7,zero,tau_BC_transient_basis,0,6.990528106689453,5.0,120.0,0.01730894005816916,5.0,0.01730894005816916,lower,ms,,,,,,,,,,,,,
alignment_value,67#7,zero,tau_BC_transient_basis,1,7.599343299865723,5.0,120.0,0.022602985216223677,5.0,0.022602985216223677,lower,ms,,,,,,,,,,,,,
alignment_value,67#7,zero,tau_BC_transient_basis,2,8.435609817504883,5.0,120.0,0.02987486797830333,5.0,0.02987486797830333,lower,ms,,,,,,,,,,,,,
alignment_value,67#7,zero,tau_AC_local_state,0,25.957061767578125,20.0,250.0,0.0259002685546875,20.0,0.0259002685546875,lower,ms,,,,,,,,,,,,,
alignment_value,67#7,zero,tau_AC_transient_state,0,15.93342113494873,15.0,180.0,0.0056570977875680635,15.0,0.0056570977875680635,lower,ms,,,,,,,,,,,,,
alignment_value,67#7,zero,delay_H1,0,17.31264877319336,0.0,20.0,0.865632438659668,0.0,0.865632438659668,interior,ms,,,,,,,,,,,,,
alignment_value,67#7,zero,delay_BC_sustained,0,14.69379997253418,0.0,30.0,0.489793332417806,12.428383588790894,0.12892475744565848,interior,ms,,,,,,,,,,,,,
alignment_value,67#7,zero,delay_BC_transient,0,12.428380012512207,0.0,20.0,0.6214190006256104,0.0,0.6214190006256104,interior,ms,,,,,,,,,,,,,
alignment_value,67#7,zero,delay_AC_local_downstream,0,16.80042839050293,0.0,40.0,0.42001070976257326,14.174877166748047,0.10166655317411584,interior,ms,,,,,,,,,,,,,
alignment_value,67#7,zero,delay_AC_transient_downstream,0,14.174872398376465,0.0,25.0,0.5669948959350586,0.0,0.5669948959350586,interior,ms,,,,,,,,,,,,,
alignment_value,67#7,aligned,H1_effective_amplitude,0,0.09144219756126404,,,,,,,,,,,,,,,,,,,,
alignment_value,67#7,aligned,BC_effective_weights,0,0.019596930593252182,,,,,,,,,,,,,,,,,,,,
alignment_value,67#7,aligned,BC_effective_weights,1,0.016442066058516502,,,,,,,,,,,,,,,,,,,,
alignment_value,67#7,aligned,BC_effective_weights,2,0.015461195260286331,,,,,,,,,,,,,,,,,,,,
alignment_value,67#7,aligned,BC_effective_weights,3,0.019480101764202118,,,,,,,,,,,,,,,,,,,,
alignment_value,67#7,aligned,BC_effective_weights,4,0.016398735344409943,,,,,,,,,,,,,,,,,,,,
alignment_value,67#7,aligned,BC_effective_weights,5,0.01573980413377285,,,,,,,,,,,,,,,,,,,,
alignment_value,67#7,aligned,BC_effective_weights,6,0.1637991964817047,,,,,,,,,,,,,,,,,,,,
alignment_value,67#7,aligned,BC_effective_weights,7,0.24704736471176147,,,,,,,,,,,,,,,,,,,,
alignment_value,67#7,aligned,BC_effective_weights,8,0.0690496489405632,,,,,,,,,,,,,,,,,,,,
alignment_value,67#7,aligned,BC_effective_weights,9,0.15478672087192535,,,,,,,,,,,,,,,,,,,,
alignment_value,67#7,aligned,BC_effective_weights,10,0.20498591661453247,,,,,,,,,,,,,,,,,,,,
alignment_value,67#7,aligned,BC_effective_weights,11,0.05721229687333107,,,,,,,,,,,,,,,,,,,,
alignment_value,67#7,aligned,AC_effective_gates,0,0.17019714415073395,,,,,,,,,,,,,,,,,,,,
alignment_value,67#7,aligned,AC_effective_gates,1,0.8298028111457825,,,,,,,,,,,,,,,,,,,,
alignment_value,67#7,aligned,cell_BC_gains,0,0.9120887517929077,,,,,,,,,,,,,,,,,,,,
alignment_value,67#7,aligned,cell_AC_gains,0,1.3201680183410645,,,,,,,,,,,,,,,,,,,,
alignment_value,67#7,aligned,history_gate,0,0.0,,,,,,,,,,,,,,,,,,,,
alignment_value,67#7,aligned,tau_H1,0,15.087121963500977,10.0,200.0,0.02677432612368935,10.0,0.02677432612368935,lower,ms,,,,,,,,,,,,,
alignment_value,67#7,aligned,tau_BC_sustained_basis,0,23.84099769592285,20.0,200.0,0.021338876088460287,20.0,0.021338876088460287,lower,ms,,,,,,,,,,,,,
alignment_value,67#7,aligned,tau_BC_sustained_basis,1,62.257728576660156,20.0,200.0,0.2347651587592231,20.0,0.2347651587592231,interior,ms,,,,,,,,,,,,,
alignment_value,67#7,aligned,tau_BC_sustained_basis,2,113.02423095703125,20.0,200.0,0.516801283094618,20.0,0.516801283094618,interior,ms,,,,,,,,,,,,,
alignment_value,67#7,aligned,tau_BC_transient_basis,0,7.033970355987549,5.0,120.0,0.017686698747717815,5.0,0.017686698747717815,lower,ms,,,,,,,,,,,,,
alignment_value,67#7,aligned,tau_BC_transient_basis,1,7.44877815246582,5.0,120.0,0.021293723064920177,5.0,0.021293723064920177,lower,ms,,,,,,,,,,,,,
alignment_value,67#7,aligned,tau_BC_transient_basis,2,8.145049095153809,5.0,120.0,0.027348253001337464,5.0,0.027348253001337464,lower,ms,,,,,,,,,,,,,
alignment_value,67#7,aligned,tau_AC_local_state,0,26.170787811279297,20.0,250.0,0.026829512222953465,20.0,0.026829512222953465,lower,ms,,,,,,,,,,,,,
alignment_value,67#7,aligned,tau_AC_transient_state,0,15.826149940490723,15.0,180.0,0.00500696933630741,15.0,0.00500696933630741,lower,ms,,,,,,,,,,,,,
alignment_value,67#7,aligned,delay_H1,0,18.12785530090332,0.0,20.0,0.906392765045166,0.0,0.906392765045166,interior,ms,,,,,,,,,,,,,
alignment_value,67#7,aligned,delay_BC_sustained,0,14.593764305114746,0.0,30.0,0.48645881017049153,12.740869283676147,0.10735737806806879,interior,ms,,,,,,,,,,,,,
alignment_value,67#7,aligned,delay_BC_transient,0,12.740865707397461,0.0,20.0,0.6370432853698731,0.0,0.6370432853698731,interior,ms,,,,,,,,,,,,,
alignment_value,67#7,aligned,delay_AC_local_downstream,0,17.31864356994629,0.0,40.0,0.4329660892486572,14.73644733428955,0.10221033715347108,interior,ms,,,,,,,,,,,,,
alignment_value,67#7,aligned,delay_AC_transient_downstream,0,14.736442565917969,0.0,25.0,0.5894577026367187,0.0,0.5894577026367187,interior,ms,,,,,,,,,,,,,
alignment_value,67#14,zero,H1_effective_amplitude,0,0.020809059962630272,,,,,,,,,,,,,,,,,,,,
alignment_value,67#14,zero,BC_effective_weights,0,0.04091132432222366,,,,,,,,,,,,,,,,,,,,
alignment_value,67#14,zero,BC_effective_weights,1,0.036520522087812424,,,,,,,,,,,,,,,,,,,,
alignment_value,67#14,zero,BC_effective_weights,2,0.036357175558805466,,,,,,,,,,,,,,,,,,,,
alignment_value,67#14,zero,BC_effective_weights,3,0.03648057579994202,,,,,,,,,,,,,,,,,,,,
alignment_value,67#14,zero,BC_effective_weights,4,0.0330791138112545,,,,,,,,,,,,,,,,,,,,
alignment_value,67#14,zero,BC_effective_weights,5,0.03320441395044327,,,,,,,,,,,,,,,,,,,,
alignment_value,67#14,zero,BC_effective_weights,6,0.17012527585029602,,,,,,,,,,,,,,,,,,,,
alignment_value,67#14,zero,BC_effective_weights,7,0.24508275091648102,,,,,,,,,,,,,,,,,,,,
alignment_value,67#14,zero,BC_effective_weights,8,0.07221301645040512,,,,,,,,,,,,,,,,,,,,
alignment_value,67#14,zero,BC_effective_weights,9,0.13197293877601624,,,,,,,,,,,,,,,,,,,,
alignment_value,67#14,zero,BC_effective_weights,10,0.13424284756183624,,,,,,,,,,,,,,,,,,,,
alignment_value,67#14,zero,BC_effective_weights,11,0.029809923842549324,,,,,,,,,,,,,,,,,,,,
alignment_value,67#14,zero,AC_effective_gates,0,0.3406708836555481,,,,,,,,,,,,,,,,,,,,
alignment_value,67#14,zero,AC_effective_gates,1,0.6593291163444519,,,,,,,,,,,,,,,,,,,,
alignment_value,67#14,zero,cell_BC_gains,0,0.768775224685669,,,,,,,,,,,,,,,,,,,,
alignment_value,67#14,zero,cell_AC_gains,0,1.1847516298294067,,,,,,,,,,,,,,,,,,,,
alignment_value,67#14,zero,history_gate,0,0.0,,,,,,,,,,,,,,,,,,,,
alignment_value,67#14,zero,tau_H1,0,14.508285522460938,10.0,200.0,0.023727818539268093,10.0,0.023727818539268093,lower,ms,,,,,,,,,,,,,
alignment_value,67#14,zero,tau_BC_sustained_basis,0,26.16204071044922,20.0,200.0,0.03423355950249566,20.0,0.03423355950249566,lower,ms,,,,,,,,,,,,,
alignment_value,67#14,zero,tau_BC_sustained_basis,1,35.23263168334961,20.0,200.0,0.0846257315741645,20.0,0.0846257315741645,interior,ms,,,,,,,,,,,,,
alignment_value,67#14,zero,tau_BC_sustained_basis,2,102.34207153320312,20.0,200.0,0.45745595296223956,20.0,0.45745595296223956,interior,ms,,,,,,,,,,,,,
alignment_value,67#14,zero,tau_BC_transient_basis,0,7.685501575469971,5.0,120.0,0.023352187612782353,5.0,0.023352187612782353,lower,ms,,,,,,,,,,,,,
alignment_value,67#14,zero,tau_BC_transient_basis,1,8.418302536010742,5.0,120.0,0.02972436987835428,5.0,0.02972436987835428,lower,ms,,,,,,,,,,,,,
alignment_value,67#14,zero,tau_BC_transient_basis,2,10.293526649475098,5.0,120.0,0.04603066651717476,5.0,0.04603066651717476,lower,ms,,,,,,,,,,,,,
alignment_value,67#14,zero,tau_AC_local_state,0,30.73708724975586,20.0,250.0,0.04668298804241678,20.0,0.04668298804241678,lower,ms,,,,,,,,,,,,,
alignment_value,67#14,zero,tau_AC_transient_state,0,16.627443313598633,15.0,180.0,0.009863292809688683,15.0,0.009863292809688683,lower,ms,,,,,,,,,,,,,
alignment_value,67#14,zero,delay_H1,0,13.439188003540039,0.0,20.0,0.671959400177002,0.0,0.671959400177002,interior,ms,,,,,,,,,,,,,
alignment_value,67#14,zero,delay_BC_sustained,0,15.385842323303223,0.0,30.0,0.512861410776774,13.785752058029175,0.09868421101000868,interior,ms,,,,,,,,,,,,,
alignment_value,67#14,zero,delay_BC_transient,0,13.785748481750488,0.0,20.0,0.6892874240875244,0.0,0.6892874240875244,interior,ms,,,,,,,,,,,,,
alignment_value,67#14,zero,delay_AC_local_downstream,0,17.802433013916016,0.0,40.0,0.44506082534790037,14.802696228027344,0.11904991157130568,interior,ms,,,,,,,,,,,,,
alignment_value,67#14,zero,delay_AC_transient_downstream,0,14.802691459655762,0.0,25.0,0.5921076583862305,0.0,0.5921076583862305,interior,ms,,,,,,,,,,,,,
alignment_value,67#14,aligned,H1_effective_amplitude,0,0.02594393491744995,,,,,,,,,,,,,,,,,,,,
alignment_value,67#14,aligned,BC_effective_weights,0,0.02590971812605858,,,,,,,,,,,,,,,,,,,,
alignment_value,67#14,aligned,BC_effective_weights,1,0.023869618773460388,,,,,,,,,,,,,,,,,,,,
alignment_value,67#14,aligned,BC_effective_weights,2,0.02327706478536129,,,,,,,,,,,,,,,,,,,,
alignment_value,67#14,aligned,BC_effective_weights,3,0.024516666308045387,,,,,,,,,,,,,,,,,,,,
alignment_value,67#14,aligned,BC_effective_weights,4,0.022905612364411354,,,,,,,,,,,,,,,,,,,,
alignment_value,67#14,aligned,BC_effective_weights,5,0.02274659276008606,,,,,,,,,,,,,,,,,,,,
alignment_value,67#14,aligned,BC_effective_weights,6,0.1846407651901245,,,,,,,,,,,,,,,,,,,,
alignment_value,67#14,aligned,BC_effective_weights,7,0.2897164225578308,,,,,,,,,,,,,,,,,,,,
alignment_value,67#14,aligned,BC_effective_weights,8,0.05273845046758652,,,,,,,,,,,,,,,,,,,,
alignment_value,67#14,aligned,BC_effective_weights,9,0.13953934609889984,,,,,,,,,,,,,,,,,,,,
alignment_value,67#14,aligned,BC_effective_weights,10,0.15946237742900848,,,,,,,,,,,,,,,,,,,,
alignment_value,67#14,aligned,BC_effective_weights,11,0.03067738749086857,,,,,,,,,,,,,,,,,,,,
alignment_value,67#14,aligned,AC_effective_gates,0,0.2941339313983917,,,,,,,,,,,,,,,,,,,,
alignment_value,67#14,aligned,AC_effective_gates,1,0.7058660387992859,,,,,,,,,,,,,,,,,,,,
alignment_value,67#14,aligned,cell_BC_gains,0,0.8146728873252869,,,,,,,,,,,,,,,,,,,,
alignment_value,67#14,aligned,cell_AC_gains,0,1.1923515796661377,,,,,,,,,,,,,,,,,,,,
alignment_value,67#14,aligned,history_gate,0,0.0,,,,,,,,,,,,,,,,,,,,
alignment_value,67#14,aligned,tau_H1,0,14.490467071533203,10.0,200.0,0.023634037218595805,10.0,0.023634037218595805,lower,ms,,,,,,,,,,,,,
alignment_value,67#14,aligned,tau_BC_sustained_basis,0,25.912311553955078,20.0,200.0,0.03284617529975043,20.0,0.03284617529975043,lower,ms,,,,,,,,,,,,,
alignment_value,67#14,aligned,tau_BC_sustained_basis,1,34.71028518676758,20.0,200.0,0.08172380659315322,20.0,0.08172380659315322,interior,ms,,,,,,,,,,,,,
alignment_value,67#14,aligned,tau_BC_sustained_basis,2,101.13677978515625,20.0,200.0,0.4507598876953125,20.0,0.4507598876953125,interior,ms,,,,,,,,,,,,,
alignment_value,67#14,aligned,tau_BC_transient_basis,0,6.8575568199157715,5.0,120.0,0.016152667999267577,5.0,0.016152667999267577,lower,ms,,,,,,,,,,,,,
alignment_value,67#14,aligned,tau_BC_transient_basis,1,7.359436988830566,5.0,120.0,0.02051684338113536,5.0,0.02051684338113536,lower,ms,,,,,,,,,,,,,
alignment_value,67#14,aligned,tau_BC_transient_basis,2,9.29525089263916,5.0,120.0,0.037350007762079654,5.0,0.037350007762079654,lower,ms,,,,,,,,,,,,,
alignment_value,67#14,aligned,tau_AC_local_state,0,28.585752487182617,20.0,250.0,0.037329358639924426,20.0,0.037329358639924426,lower,ms,,,,,,,,,,,,,
alignment_value,67#14,aligned,tau_AC_transient_state,0,16.460617065429688,15.0,180.0,0.008852224638967803,15.0,0.008852224638967803,lower,ms,,,,,,,,,,,,,
alignment_value,67#14,aligned,delay_H1,0,14.845189094543457,0.0,20.0,0.7422594547271728,0.0,0.7422594547271728,interior,ms,,,,,,,,,,,,,
alignment_value,67#14,aligned,delay_BC_sustained,0,15.088190078735352,0.0,30.0,0.5029396692911784,13.73452353477478,0.0832232948634885,interior,ms,,,,,,,,,,,,,
alignment_value,67#14,aligned,delay_BC_transient,0,13.734519958496094,0.0,20.0,0.6867259979248047,0.0,0.6867259979248047,interior,ms,,,,,,,,,,,,,
alignment_value,67#14,aligned,delay_AC_local_downstream,0,21.896013259887695,0.0,40.0,0.5474003314971924,19.63572597503662,0.11099277499803428,interior,ms,,,,,,,,,,,,,
alignment_value,67#14,aligned,delay_AC_transient_downstream,0,19.63572120666504,0.0,25.0,0.7854288482666015,0.0,0.7854288482666015,interior,ms,,,,,,,,,,,,,
alignment_value,67#21,zero,H1_effective_amplitude,0,0.027682015672326088,,,,,,,,,,,,,,,,,,,,
alignment_value,67#21,zero,BC_effective_weights,0,0.05168667808175087,,,,,,,,,,,,,,,,,,,,
alignment_value,67#21,zero,BC_effective_weights,1,0.036822542548179626,,,,,,,,,,,,,,,,,,,,
alignment_value,67#21,zero,BC_effective_weights,2,0.037949953228235245,,,,,,,,,,,,,,,,,,,,
alignment_value,67#21,zero,BC_effective_weights,3,0.042684346437454224,,,,,,,,,,,,,,,,,,,,
alignment_value,67#21,zero,BC_effective_weights,4,0.032233674079179764,,,,,,,,,,,,,,,,,,,,
alignment_value,67#21,zero,BC_effective_weights,5,0.03245130926370621,,,,,,,,,,,,,,,,,,,,
alignment_value,67#21,zero,BC_effective_weights,6,0.19849511981010437,,,,,,,,,,,,,,,,,,,,
alignment_value,67#21,zero,BC_effective_weights,7,0.267477810382843,,,,,,,,,,,,,,,,,,,,
alignment_value,67#21,zero,BC_effective_weights,8,0.12553918361663818,,,,,,,,,,,,,,,,,,,,
alignment_value,67#21,zero,BC_effective_weights,9,0.08402650058269501,,,,,,,,,,,,,,,,,,,,
alignment_value,67#21,zero,BC_effective_weights,10,0.06300316751003265,,,,,,,,,,,,,,,,,,,,
alignment_value,67#21,zero,BC_effective_weights,11,0.027629723772406578,,,,,,,,,,,,,,,,,,,,
alignment_value,67#21,zero,AC_effective_gates,0,0.4269276559352875,,,,,,,,,,,,,,,,,,,,
alignment_value,67#21,zero,AC_effective_gates,1,0.5730723738670349,,,,,,,,,,,,,,,,,,,,
alignment_value,67#21,zero,cell_BC_gains,0,0.5895797610282898,,,,,,,,,,,,,,,,,,,,
alignment_value,67#21,zero,cell_AC_gains,0,0.9270094037055969,,,,,,,,,,,,,,,,,,,,
alignment_value,67#21,zero,history_gate,0,0.0,,,,,,,,,,,,,,,,,,,,
alignment_value,67#21,zero,tau_H1,0,27.759937286376953,10.0,200.0,0.09347335413882607,10.0,0.09347335413882607,interior,ms,,,,,,,,,,,,,
alignment_value,67#21,zero,tau_BC_sustained_basis,0,22.213607788085938,20.0,200.0,0.012297821044921876,20.0,0.012297821044921876,lower,ms,,,,,,,,,,,,,
alignment_value,67#21,zero,tau_BC_sustained_basis,1,79.66461944580078,20.0,200.0,0.33147010803222654,20.0,0.33147010803222654,interior,ms,,,,,,,,,,,,,
alignment_value,67#21,zero,tau_BC_sustained_basis,2,124.44213104248047,20.0,200.0,0.5802340613471137,20.0,0.5802340613471137,interior,ms,,,,,,,,,,,,,
alignment_value,67#21,zero,tau_BC_transient_basis,0,8.096545219421387,5.0,120.0,0.026926480168881623,5.0,0.026926480168881623,lower,ms,,,,,,,,,,,,,
alignment_value,67#21,zero,tau_BC_transient_basis,1,10.246637344360352,5.0,120.0,0.04562293342922045,5.0,0.04562293342922045,lower,ms,,,,,,,,,,,,,
alignment_value,67#21,zero,tau_BC_transient_basis,2,10.48426628112793,5.0,120.0,0.04768927200980808,5.0,0.04768927200980808,lower,ms,,,,,,,,,,,,,
alignment_value,67#21,zero,tau_AC_local_state,0,23.646190643310547,20.0,250.0,0.01585300279700238,20.0,0.01585300279700238,lower,ms,,,,,,,,,,,,,
alignment_value,67#21,zero,tau_AC_transient_state,0,18.011693954467773,15.0,180.0,0.01825269063313802,15.0,0.01825269063313802,lower,ms,,,,,,,,,,,,,
alignment_value,67#21,zero,delay_H1,0,18.10523223876953,0.0,20.0,0.9052616119384765,0.0,0.9052616119384765,interior,ms,,,,,,,,,,,,,
alignment_value,67#21,zero,delay_BC_sustained,0,21.26651954650879,0.0,30.0,0.7088839848836263,17.57020926475525,0.29737510151901664,interior,ms,,,,,,,,,,,,,
alignment_value,67#21,zero,delay_BC_transient,0,17.570205688476562,0.0,20.0,0.8785102844238282,0.0,0.8785102844238282,interior,ms,,,,,,,,,,,,,
alignment_value,67#21,zero,delay_AC_local_downstream,0,11.428585052490234,0.0,40.0,0.28571462631225586,9.09821605682373,0.07541211859974498,interior,ms,,,,,,,,,,,,,
alignment_value,67#21,zero,delay_AC_transient_downstream,0,9.098211288452148,0.0,25.0,0.36392845153808595,0.0,0.36392845153808595,interior,ms,,,,,,,,,,,,,
alignment_value,67#21,aligned,H1_effective_amplitude,0,0.07233057171106339,,,,,,,,,,,,,,,,,,,,
alignment_value,67#21,aligned,BC_effective_weights,0,0.05375261977314949,,,,,,,,,,,,,,,,,,,,
alignment_value,67#21,aligned,BC_effective_weights,1,0.031291600316762924,,,,,,,,,,,,,,,,,,,,
alignment_value,67#21,aligned,BC_effective_weights,2,0.029255900532007217,,,,,,,,,,,,,,,,,,,,
alignment_value,67#21,aligned,BC_effective_weights,3,0.049894820898771286,,,,,,,,,,,,,,,,,,,,
alignment_value,67#21,aligned,BC_effective_weights,4,0.030084459111094475,,,,,,,,,,,,,,,,,,,,
alignment_value,67#21,aligned,BC_effective_weights,5,0.027784662321209908,,,,,,,,,,,,,,,,,,,,
alignment_value,67#21,aligned,BC_effective_weights,6,0.16518940031528473,,,,,,,,,,,,,,,,,,,,
alignment_value,67#21,aligned,BC_effective_weights,7,0.2327534705400467,,,,,,,,,,,,,,,,,,,,
alignment_value,67#21,aligned,BC_effective_weights,8,0.1274053305387497,,,,,,,,,,,,,,,,,,,,
alignment_value,67#21,aligned,BC_effective_weights,9,0.10505633056163788,,,,,,,,,,,,,,,,,,,,
alignment_value,67#21,aligned,BC_effective_weights,10,0.1000242829322815,,,,,,,,,,,,,,,,,,,,
alignment_value,67#21,aligned,BC_effective_weights,11,0.04750717058777809,,,,,,,,,,,,,,,,,,,,
alignment_value,67#21,aligned,AC_effective_gates,0,0.3403376340866089,,,,,,,,,,,,,,,,,,,,
alignment_value,67#21,aligned,AC_effective_gates,1,0.6596623659133911,,,,,,,,,,,,,,,,,,,,
alignment_value,67#21,aligned,cell_BC_gains,0,0.6418264508247375,,,,,,,,,,,,,,,,,,,,
alignment_value,67#21,aligned,cell_AC_gains,0,0.9366692304611206,,,,,,,,,,,,,,,,,,,,
alignment_value,67#21,aligned,history_gate,0,0.0,,,,,,,,,,,,,,,,,,,,
alignment_value,67#21,aligned,tau_H1,0,24.817665100097656,10.0,200.0,0.07798771105314556,10.0,0.07798771105314556,interior,ms,,,,,,,,,,,,,
alignment_value,67#21,aligned,tau_BC_sustained_basis,0,22.14266014099121,20.0,200.0,0.011903667449951172,20.0,0.011903667449951172,lower,ms,,,,,,,,,,,,,
alignment_value,67#21,aligned,tau_BC_sustained_basis,1,55.00010681152344,20.0,200.0,0.19444503784179687,20.0,0.19444503784179687,interior,ms,,,,,,,,,,,,,
alignment_value,67#21,aligned,tau_BC_sustained_basis,2,106.75260925292969,20.0,200.0,0.48195894029405384,20.0,0.48195894029405384,interior,ms,,,,,,,,,,,,,
alignment_value,67#21,aligned,tau_BC_transient_basis,0,9.06656265258789,5.0,120.0,0.03536141437032948,5.0,0.03536141437032948,lower,ms,,,,,,,,,,,,,
alignment_value,67#21,aligned,tau_BC_transient_basis,1,11.183229446411133,5.0,120.0,0.053767212577488115,5.0,0.053767212577488115,interior,ms,,,,,,,,,,,,,
alignment_value,67#21,aligned,tau_BC_transient_basis,2,11.327960968017578,5.0,120.0,0.05502574754797894,5.0,0.05502574754797894,interior,ms,,,,,,,,,,,,,
alignment_value,67#21,aligned,tau_AC_local_state,0,22.880565643310547,20.0,250.0,0.01252419844917629,20.0,0.01252419844917629,lower,ms,,,,,,,,,,,,,
alignment_value,67#21,aligned,tau_AC_transient_state,0,16.532991409301758,15.0,180.0,0.00929085702607126,15.0,0.00929085702607126,lower,ms,,,,,,,,,,,,,
alignment_value,67#21,aligned,delay_H1,0,18.51520347595215,0.0,20.0,0.9257601737976074,0.0,0.9257601737976074,interior,ms,,,,,,,,,,,,,
alignment_value,67#21,aligned,delay_BC_sustained,0,20.523868560791016,0.0,30.0,0.6841289520263671,17.171069860458374,0.2613467112116051,interior,ms,,,,,,,,,,,,,
alignment_value,67#21,aligned,delay_BC_transient,0,17.171066284179688,0.0,20.0,0.8585533142089844,0.0,0.8585533142089844,interior,ms,,,,,,,,,,,,,
alignment_value,67#21,aligned,delay_AC_local_downstream,0,9.943740844726562,0.0,40.0,0.24859352111816407,7.960564136505127,0.06189799085947795,interior,ms,,,,,,,,,,,,,
alignment_value,67#21,aligned,delay_AC_transient_downstream,0,7.960559368133545,0.0,25.0,0.3184223747253418,0.0,0.3184223747253418,interior,ms,,,,,,,,,,,,,
alignment_value,67#26,zero,H1_effective_amplitude,0,0.02885357476770878,,,,,,,,,,,,,,,,,,,,
alignment_value,67#26,zero,BC_effective_weights,0,0.03993350639939308,,,,,,,,,,,,,,,,,,,,
alignment_value,67#26,zero,BC_effective_weights,1,0.03251679241657257,,,,,,,,,,,,,,,,,,,,
alignment_value,67#26,zero,BC_effective_weights,2,0.033268339931964874,,,,,,,,,,,,,,,,,,,,
alignment_value,67#26,zero,BC_effective_weights,3,0.038059256970882416,,,,,,,,,,,,,,,,,,,,
alignment_value,67#26,zero,BC_effective_weights,4,0.031571391969919205,,,,,,,,,,,,,,,,,,,,
alignment_value,67#26,zero,BC_effective_weights,5,0.032129012048244476,,,,,,,,,,,,,,,,,,,,
alignment_value,67#26,zero,BC_effective_weights,6,0.22854024171829224,,,,,,,,,,,,,,,,,,,,
alignment_value,67#26,zero,BC_effective_weights,7,0.2734033763408661,,,,,,,,,,,,,,,,,,,,
alignment_value,67#26,zero,BC_effective_weights,8,0.08764475584030151,,,,,,,,,,,,,,,,,,,,
alignment_value,67#26,zero,BC_effective_weights,9,0.09309971332550049,,,,,,,,,,,,,,,,,,,,
alignment_value,67#26,zero,BC_effective_weights,10,0.07978230714797974,,,,,,,,,,,,,,,,,,,,
alignment_value,67#26,zero,BC_effective_weights,11,0.030051356181502342,,,,,,,,,,,,,,,,,,,,
alignment_value,67#26,zero,AC_effective_gates,0,0.20520611107349396,,,,,,,,,,,,,,,,,,,,
alignment_value,67#26,zero,AC_effective_gates,1,0.7947939038276672,,,,,,,,,,,,,,,,,,,,
alignment_value,67#26,zero,cell_BC_gains,0,0.6340694427490234,,,,,,,,,,,,,,,,,,,,
alignment_value,67#26,zero,cell_AC_gains,0,0.7888314723968506,,,,,,,,,,,,,,,,,,,,
alignment_value,67#26,zero,history_gate,0,2.204498741775751e-05,,,,,,,,,,,,,,,,,,,,
alignment_value,67#26,zero,tau_H1,0,25.366680145263672,10.0,200.0,0.08087726392244038,10.0,0.08087726392244038,interior,ms,,,,,,,,,,,,,
alignment_value,67#26,zero,tau_BC_sustained_basis,0,24.06383514404297,20.0,200.0,0.022576861911349826,20.0,0.022576861911349826,lower,ms,,,,,,,,,,,,,
alignment_value,67#26,zero,tau_BC_sustained_basis,1,73.5635986328125,20.0,200.0,0.29757554796006946,20.0,0.29757554796006946,interior,ms,,,,,,,,,,,,,
alignment_value,67#26,zero,tau_BC_sustained_basis,2,129.16587829589844,20.0,200.0,0.6064771016438802,20.0,0.6064771016438802,interior,ms,,,,,,,,,,,,,
alignment_value,67#26,zero,tau_BC_transient_basis,0,7.237330913543701,5.0,120.0,0.01945505142211914,5.0,0.01945505142211914,lower,ms,,,,,,,,,,,,,
alignment_value,67#26,zero,tau_BC_transient_basis,1,7.950093746185303,5.0,120.0,0.0256529890972635,5.0,0.0256529890972635,lower,ms,,,,,,,,,,,,,
alignment_value,67#26,zero,tau_BC_transient_basis,2,9.102519989013672,5.0,120.0,0.03567408686098845,5.0,0.03567408686098845,lower,ms,,,,,,,,,,,,,
alignment_value,67#26,zero,tau_AC_local_state,0,24.048715591430664,20.0,250.0,0.017603111267089844,20.0,0.017603111267089844,lower,ms,,,,,,,,,,,,,
alignment_value,67#26,zero,tau_AC_transient_state,0,16.301860809326172,15.0,180.0,0.007890065511067709,15.0,0.007890065511067709,lower,ms,,,,,,,,,,,,,
alignment_value,67#26,zero,delay_H1,0,14.892472267150879,0.0,20.0,0.7446236133575439,0.0,0.7446236133575439,interior,ms,,,,,,,,,,,,,
alignment_value,67#26,zero,delay_BC_sustained,0,18.480188369750977,0.0,30.0,0.6160062789916992,15.33397650718689,0.21452385263843646,interior,ms,,,,,,,,,,,,,
alignment_value,67#26,zero,delay_BC_transient,0,15.333972930908203,0.0,20.0,0.7666986465454102,0.0,0.7666986465454102,interior,ms,,,,,,,,,,,,,
alignment_value,67#26,zero,delay_AC_local_downstream,0,9.866994857788086,0.0,40.0,0.24667487144470215,7.441786766052246,0.07448836563325678,interior,ms,,,,,,,,,,,,,
alignment_value,67#26,zero,delay_AC_transient_downstream,0,7.441781997680664,0.0,25.0,0.2976712799072266,0.0,0.2976712799072266,interior,ms,,,,,,,,,,,,,
alignment_value,67#26,aligned,H1_effective_amplitude,0,0.05131324753165245,,,,,,,,,,,,,,,,,,,,
alignment_value,67#26,aligned,BC_effective_weights,0,0.03638806939125061,,,,,,,,,,,,,,,,,,,,
alignment_value,67#26,aligned,BC_effective_weights,1,0.027268316596746445,,,,,,,,,,,,,,,,,,,,
alignment_value,67#26,aligned,BC_effective_weights,2,0.027261881157755852,,,,,,,,,,,,,,,,,,,,
alignment_value,67#26,aligned,BC_effective_weights,3,0.03540978953242302,,,,,,,,,,,,,,,,,,,,
alignment_value,67#26,aligned,BC_effective_weights,4,0.027302339673042297,,,,,,,,,,,,,,,,,,,,
alignment_value,67#26,aligned,BC_effective_weights,5,0.027229400351643562,,,,,,,,,,,,,,,,,,,,
alignment_value,67#26,aligned,BC_effective_weights,6,0.2178034782409668,,,,,,,,,,,,,,,,,,,,
alignment_value,67#26,aligned,BC_effective_weights,7,0.2654598653316498,,,,,,,,,,,,,,,,,,,,
alignment_value,67#26,aligned,BC_effective_weights,8,0.10298553854227066,,,,,,,,,,,,,,,,,,,,
alignment_value,67#26,aligned,BC_effective_weights,9,0.10160956531763077,,,,,,,,,,,,,,,,,,,,
alignment_value,67#26,aligned,BC_effective_weights,10,0.09374671429395676,,,,,,,,,,,,,,,,,,,,
alignment_value,67#26,aligned,BC_effective_weights,11,0.03753504157066345,,,,,,,,,,,,,,,,,,,,
alignment_value,67#26,aligned,AC_effective_gates,0,0.2137843817472458,,,,,,,,,,,,,,,,,,,,
alignment_value,67#26,aligned,AC_effective_gates,1,0.7862156629562378,,,,,,,,,,,,,,,,,,,,
alignment_value,67#26,aligned,cell_BC_gains,0,0.6381083726882935,,,,,,,,,,,,,,,,,,,,
alignment_value,67#26,aligned,cell_AC_gains,0,0.7929403185844421,,,,,,,,,,,,,,,,,,,,
alignment_value,67#26,aligned,history_gate,0,0.001034739543683827,,,,,,,,,,,,,,,,,,,,
alignment_value,67#26,aligned,tau_H1,0,23.467166900634766,10.0,200.0,0.07087982579281456,10.0,0.07087982579281456,interior,ms,,,,,,,,,,,,,
alignment_value,67#26,aligned,tau_BC_sustained_basis,0,23.661069869995117,20.0,200.0,0.02033927705552843,20.0,0.02033927705552843,lower,ms,,,,,,,,,,,,,
alignment_value,67#26,aligned,tau_BC_sustained_basis,1,51.18425750732422,20.0,200.0,0.1732458750406901,20.0,0.1732458750406901,interior,ms,,,,,,,,,,,,,
alignment_value,67#26,aligned,tau_BC_sustained_basis,2,126.86100769042969,20.0,200.0,0.5936722649468316,20.0,0.5936722649468316,interior,ms,,,,,,,,,,,,,
alignment_value,67#26,aligned,tau_BC_transient_basis,0,7.29928731918335,5.0,120.0,0.01999380277550739,5.0,0.01999380277550739,lower,ms,,,,,,,,,,,,,
alignment_value,67#26,aligned,tau_BC_transient_basis,1,7.939852714538574,5.0,120.0,0.025563936648161516,5.0,0.025563936648161516,lower,ms,,,,,,,,,,,,,
alignment_value,67#26,aligned,tau_BC_transient_basis,2,8.853126525878906,5.0,120.0,0.03350544805112093,5.0,0.03350544805112093,lower,ms,,,,,,,,,,,,,
alignment_value,67#26,aligned,tau_AC_local_state,0,23.59539794921875,20.0,250.0,0.015632164996603262,20.0,0.015632164996603262,lower,ms,,,,,,,,,,,,,
alignment_value,67#26,aligned,tau_AC_transient_state,0,16.187068939208984,15.0,180.0,0.007194357207327178,15.0,0.007194357207327178,lower,ms,,,,,,,,,,,,,
alignment_value,67#26,aligned,delay_H1,0,15.946573257446289,0.0,20.0,0.7973286628723144,0.0,0.7973286628723144,interior,ms,,,,,,,,,,,,,
alignment_value,67#26,aligned,delay_BC_sustained,0,18.476449966430664,0.0,30.0,0.6158816655476888,15.634424924850464,0.19783580028734885,interior,ms,,,,,,,,,,,,,
alignment_value,67#26,aligned,delay_BC_transient,0,15.634421348571777,0.0,20.0,0.7817210674285888,0.0,0.7817210674285888,interior,ms,,,,,,,,,,,,,
alignment_value,67#26,aligned,delay_AC_local_downstream,0,10.497286796569824,0.0,40.0,0.2624321699142456,8.292957305908203,0.06952176246548436,interior,ms,,,,,,,,,,,,,
alignment_value,67#26,aligned,delay_AC_transient_downstream,0,8.292952537536621,0.0,25.0,0.33171810150146486,0.0,0.33171810150146486,interior,ms,,,,,,,,,,,,,
alignment_value,67#33,zero,H1_effective_amplitude,0,0.058703500777482986,,,,,,,,,,,,,,,,,,,,
alignment_value,67#33,zero,BC_effective_weights,0,0.0031638743821531534,,,,,,,,,,,,,,,,,,,,
alignment_value,67#33,zero,BC_effective_weights,1,0.0037791705690324306,,,,,,,,,,,,,,,,,,,,
alignment_value,67#33,zero,BC_effective_weights,2,0.0038822037167847157,,,,,,,,,,,,,,,,,,,,
alignment_value,67#33,zero,BC_effective_weights,3,0.00315818446688354,,,,,,,,,,,,,,,,,,,,
alignment_value,67#33,zero,BC_effective_weights,4,0.0038518360815942287,,,,,,,,,,,,,,,,,,,,
alignment_value,67#33,zero,BC_effective_weights,5,0.003952573519200087,,,,,,,,,,,,,,,,,,,,
alignment_value,67#33,zero,BC_effective_weights,6,0.13744455575942993,,,,,,,,,,,,,,,,,,,,
alignment_value,67#33,zero,BC_effective_weights,7,0.6579611301422119,,,,,,,,,,,,,,,,,,,,
alignment_value,67#33,zero,BC_effective_weights,8,0.004734521731734276,,,,,,,,,,,,,,,,,,,,
alignment_value,67#33,zero,BC_effective_weights,9,0.07422219216823578,,,,,,,,,,,,,,,,,,,,
alignment_value,67#33,zero,BC_effective_weights,10,0.09984268993139267,,,,,,,,,,,,,,,,,,,,
alignment_value,67#33,zero,BC_effective_weights,11,0.0040070791728794575,,,,,,,,,,,,,,,,,,,,
alignment_value,67#33,zero,AC_effective_gates,0,0.2608717978000641,,,,,,,,,,,,,,,,,,,,
alignment_value,67#33,zero,AC_effective_gates,1,0.7391281723976135,,,,,,,,,,,,,,,,,,,,
alignment_value,67#33,zero,cell_BC_gains,0,1.100884199142456,,,,,,,,,,,,,,,,,,,,
alignment_value,67#33,zero,cell_AC_gains,0,0.9954627156257629,,,,,,,,,,,,,,,,,,,,
alignment_value,67#33,zero,history_gate,0,0.0,,,,,,,,,,,,,,,,,,,,
alignment_value,67#33,zero,tau_H1,0,13.107316970825195,10.0,200.0,0.016354299846448397,10.0,0.016354299846448397,lower,ms,,,,,,,,,,,,,
alignment_value,67#33,zero,tau_BC_sustained_basis,0,24.81424903869629,20.0,200.0,0.02674582799275716,20.0,0.02674582799275716,lower,ms,,,,,,,,,,,,,
alignment_value,67#33,zero,tau_BC_sustained_basis,1,28.967191696166992,20.0,200.0,0.049817731645372176,20.0,0.049817731645372176,lower,ms,,,,,,,,,,,,,
alignment_value,67#33,zero,tau_BC_sustained_basis,2,29.343368530273438,20.0,200.0,0.05190760294596354,20.0,0.05190760294596354,interior,ms,,,,,,,,,,,,,
alignment_value,67#33,zero,tau_BC_transient_basis,0,6.257748603820801,5.0,120.0,0.010936944381050442,5.0,0.010936944381050442,lower,ms,,,,,,,,,,,,,
alignment_value,67#33,zero,tau_BC_transient_basis,1,6.267142295837402,5.0,120.0,0.011018628659455673,5.0,0.011018628659455673,lower,ms,,,,,,,,,,,,,
alignment_value,67#33,zero,tau_BC_transient_basis,2,11.256004333496094,5.0,120.0,0.05440003768257473,5.0,0.05440003768257473,interior,ms,,,,,,,,,,,,,
alignment_value,67#33,zero,tau_AC_local_state,0,25.43185806274414,20.0,250.0,0.02361677418584409,20.0,0.02361677418584409,lower,ms,,,,,,,,,,,,,
alignment_value,67#33,zero,tau_AC_transient_state,0,15.969792366027832,15.0,180.0,0.00587752949107777,15.0,0.00587752949107777,lower,ms,,,,,,,,,,,,,
alignment_value,67#33,zero,delay_H1,0,19.43451690673828,0.0,20.0,0.9717258453369141,0.0,0.9717258453369141,upper,ms,,,,,,,,,,,,,
alignment_value,67#33,zero,delay_BC_sustained,0,16.12383270263672,0.0,30.0,0.5374610900878907,15.08478331565857,0.06966371384124667,interior,ms,,,,,,,,,,,,,
alignment_value,67#33,zero,delay_BC_transient,0,15.084779739379883,0.0,20.0,0.7542389869689942,0.0,0.7542389869689942,interior,ms,,,,,,,,,,,,,
alignment_value,67#33,zero,delay_AC_local_downstream,0,21.335540771484375,0.0,40.0,0.5333885192871094,19.63246250152588,0.08361728903585354,interior,ms,,,,,,,,,,,,,
alignment_value,67#33,zero,delay_AC_transient_downstream,0,19.632457733154297,0.0,25.0,0.7852983093261718,0.0,0.7852983093261718,interior,ms,,,,,,,,,,,,,
alignment_value,67#33,aligned,H1_effective_amplitude,0,0.10286952555179596,,,,,,,,,,,,,,,,,,,,
alignment_value,67#33,aligned,BC_effective_weights,0,0.0028778405394405127,,,,,,,,,,,,,,,,,,,,
alignment_value,67#33,aligned,BC_effective_weights,1,0.0035443867091089487,,,,,,,,,,,,,,,,,,,,
alignment_value,67#33,aligned,BC_effective_weights,2,0.003643966279923916,,,,,,,,,,,,,,,,,,,,
alignment_value,67#33,aligned,BC_effective_weights,3,0.0028387182392179966,,,,,,,,,,,,,,,,,,,,
alignment_value,67#33,aligned,BC_effective_weights,4,0.003571143141016364,,,,,,,,,,,,,,,,,,,,
alignment_value,67#33,aligned,BC_effective_weights,5,0.0036716812755912542,,,,,,,,,,,,,,,,,,,,
alignment_value,67#33,aligned,BC_effective_weights,6,0.12526671588420868,,,,,,,,,,,,,,,,,,,,
alignment_value,67#33,aligned,BC_effective_weights,7,0.648451030254364,,,,,,,,,,,,,,,,,,,,
alignment_value,67#33,aligned,BC_effective_weights,8,0.0040117609314620495,,,,,,,,,,,,,,,,,,,,
alignment_value,67#33,aligned,BC_effective_weights,9,0.0766390934586525,,,,,,,,,,,,,,,,,,,,
alignment_value,67#33,aligned,BC_effective_weights,10,0.12209174036979675,,,,,,,,,,,,,,,,,,,,
alignment_value,67#33,aligned,BC_effective_weights,11,0.0033919403795152903,,,,,,,,,,,,,,,,,,,,
alignment_value,67#33,aligned,AC_effective_gates,0,0.1967644989490509,,,,,,,,,,,,,,,,,,,,
alignment_value,67#33,aligned,AC_effective_gates,1,0.8032355308532715,,,,,,,,,,,,,,,,,,,,
alignment_value,67#33,aligned,cell_BC_gains,0,1.4003907442092896,,,,,,,,,,,,,,,,,,,,
alignment_value,67#33,aligned,cell_AC_gains,0,1.1038135290145874,,,,,,,,,,,,,,,,,,,,
alignment_value,67#33,aligned,history_gate,0,0.0,,,,,,,,,,,,,,,,,,,,
alignment_value,67#33,aligned,tau_H1,0,11.26159381866455,10.0,200.0,0.00663996746665553,10.0,0.00663996746665553,lower,ms,,,,,,,,,,,,,
alignment_value,67#33,aligned,tau_BC_sustained_basis,0,24.960975646972656,20.0,200.0,0.027560975816514757,20.0,0.027560975816514757,lower,ms,,,,,,,,,,,,,
alignment_value,67#33,aligned,tau_BC_sustained_basis,1,30.322162628173828,20.0,200.0,0.057345347934299046,20.0,0.057345347934299046,interior,ms,,,,,,,,,,,,,
alignment_value,67#33,aligned,tau_BC_sustained_basis,2,38.03895568847656,20.0,200.0,0.10021642049153646,20.0,0.10021642049153646,interior,ms,,,,,,,,,,,,,
alignment_value,67#33,aligned,tau_BC_transient_basis,0,6.245995998382568,5.0,120.0,0.010834747812022334,5.0,0.010834747812022334,lower,ms,,,,,,,,,,,,,
alignment_value,67#33,aligned,tau_BC_transient_basis,1,6.189911365509033,5.0,120.0,0.010347055352252462,5.0,0.010347055352252462,lower,ms,,,,,,,,,,,,,
alignment_value,67#33,aligned,tau_BC_transient_basis,2,10.785989761352539,5.0,120.0,0.050312954446543816,5.0,0.050312954446543816,interior,ms,,,,,,,,,,,,,
alignment_value,67#33,aligned,tau_AC_local_state,0,25.274658203125,20.0,250.0,0.022933296535326088,20.0,0.022933296535326088,lower,ms,,,,,,,,,,,,,
alignment_value,67#33,aligned,tau_AC_transient_state,0,15.667668342590332,15.0,180.0,0.00404647480357777,15.0,0.00404647480357777,lower,ms,,,,,,,,,,,,,
alignment_value,67#33,aligned,delay_H1,0,19.116031646728516,0.0,20.0,0.9558015823364258,0.0,0.9558015823364258,upper,ms,,,,,,,,,,,,,
alignment_value,67#33,aligned,delay_BC_sustained,0,16.635812759399414,0.0,30.0,0.5545270919799805,15.624496221542358,0.07034998935985537,interior,ms,,,,,,,,,,,,,
alignment_value,67#33,aligned,delay_BC_transient,0,15.624492645263672,0.0,20.0,0.7812246322631836,0.0,0.7812246322631836,interior,ms,,,,,,,,,,,,,
alignment_value,67#33,aligned,delay_AC_local_downstream,0,21.473608016967773,0.0,40.0,0.5368402004241943,19.74928569793701,0.08514871590752238,interior,ms,,,,,,,,,,,,,
alignment_value,67#33,aligned,delay_AC_transient_downstream,0,19.74928092956543,0.0,25.0,0.7899712371826172,0.0,0.7899712371826172,interior,ms,,,,,,,,,,,,,
alignment_value,67#34,zero,H1_effective_amplitude,0,0.015335366129875183,,,,,,,,,,,,,,,,,,,,
alignment_value,67#34,zero,BC_effective_weights,0,0.030858507379889488,,,,,,,,,,,,,,,,,,,,
alignment_value,67#34,zero,BC_effective_weights,1,0.02865038812160492,,,,,,,,,,,,,,,,,,,,
alignment_value,67#34,zero,BC_effective_weights,2,0.032135527580976486,,,,,,,,,,,,,,,,,,,,
alignment_value,67#34,zero,BC_effective_weights,3,0.02972029335796833,,,,,,,,,,,,,,,,,,,,
alignment_value,67#34,zero,BC_effective_weights,4,0.028406523168087006,,,,,,,,,,,,,,,,,,,,
alignment_value,67#34,zero,BC_effective_weights,5,0.031015334650874138,,,,,,,,,,,,,,,,,,,,
alignment_value,67#34,zero,BC_effective_weights,6,0.1913243532180786,,,,,,,,,,,,,,,,,,,,
alignment_value,67#34,zero,BC_effective_weights,7,0.33878159523010254,,,,,,,,,,,,,,,,,,,,
alignment_value,67#34,zero,BC_effective_weights,8,0.08260546624660492,,,,,,,,,,,,,,,,,,,,
alignment_value,67#34,zero,BC_effective_weights,9,0.09476297348737717,,,,,,,,,,,,,,,,,,,,
alignment_value,67#34,zero,BC_effective_weights,10,0.08646389096975327,,,,,,,,,,,,,,,,,,,,
alignment_value,67#34,zero,BC_effective_weights,11,0.025275222957134247,,,,,,,,,,,,,,,,,,,,
alignment_value,67#34,zero,AC_effective_gates,0,0.3204517960548401,,,,,,,,,,,,,,,,,,,,
alignment_value,67#34,zero,AC_effective_gates,1,0.6795482039451599,,,,,,,,,,,,,,,,,,,,
alignment_value,67#34,zero,cell_BC_gains,0,0.6667370796203613,,,,,,,,,,,,,,,,,,,,
alignment_value,67#34,zero,cell_AC_gains,0,1.0159797668457031,,,,,,,,,,,,,,,,,,,,
alignment_value,67#34,zero,history_gate,0,0.0,,,,,,,,,,,,,,,,,,,,
alignment_value,67#34,zero,tau_H1,0,16.162506103515625,10.0,200.0,0.03243424265008224,10.0,0.03243424265008224,lower,ms,,,,,,,,,,,,,
alignment_value,67#34,zero,tau_BC_sustained_basis,0,25.693965911865234,20.0,200.0,0.03163314395480686,20.0,0.03163314395480686,lower,ms,,,,,,,,,,,,,
alignment_value,67#34,zero,tau_BC_sustained_basis,1,58.89704513549805,20.0,200.0,0.21609469519721136,20.0,0.21609469519721136,interior,ms,,,,,,,,,,,,,
alignment_value,67#34,zero,tau_BC_sustained_basis,2,128.78338623046875,20.0,200.0,0.6043521457248264,20.0,0.6043521457248264,interior,ms,,,,,,,,,,,,,
alignment_value,67#34,zero,tau_BC_transient_basis,0,6.920104026794434,5.0,120.0,0.016696556754734204,5.0,0.016696556754734204,lower,ms,,,,,,,,,,,,,
alignment_value,67#34,zero,tau_BC_transient_basis,1,7.396779537200928,5.0,120.0,0.020841561193051545,5.0,0.020841561193051545,lower,ms,,,,,,,,,,,,,
alignment_value,67#34,zero,tau_BC_transient_basis,2,8.344155311584473,5.0,120.0,0.029079611405082372,5.0,0.029079611405082372,lower,ms,,,,,,,,,,,,,
alignment_value,67#34,zero,tau_AC_local_state,0,41.34388732910156,20.0,250.0,0.09279951012652854,20.0,0.09279951012652854,interior,ms,,,,,,,,,,,,,
alignment_value,67#34,zero,tau_AC_transient_state,0,16.19297981262207,15.0,180.0,0.0072301806825580016,15.0,0.0072301806825580016,lower,ms,,,,,,,,,,,,,
alignment_value,67#34,zero,delay_H1,0,18.2902774810791,0.0,20.0,0.9145138740539551,0.0,0.9145138740539551,interior,ms,,,,,,,,,,,,,
alignment_value,67#34,zero,delay_BC_sustained,0,19.84073257446289,0.0,30.0,0.6613577524820964,17.37833571434021,0.19509288192052085,interior,ms,,,,,,,,,,,,,
alignment_value,67#34,zero,delay_BC_transient,0,17.378332138061523,0.0,20.0,0.8689166069030761,0.0,0.8689166069030761,interior,ms,,,,,,,,,,,,,
alignment_value,67#34,zero,delay_AC_local_downstream,0,19.51215171813965,0.0,40.0,0.4878037929534912,16.816824913024902,0.11626219424228262,interior,ms,,,,,,,,,,,,,
alignment_value,67#34,zero,delay_AC_transient_downstream,0,16.81682014465332,0.0,25.0,0.6726728057861329,0.0,0.6726728057861329,interior,ms,,,,,,,,,,,,,
alignment_value,67#34,aligned,H1_effective_amplitude,0,0.018320469185709953,,,,,,,,,,,,,,,,,,,,
alignment_value,67#34,aligned,BC_effective_weights,0,0.029566673561930656,,,,,,,,,,,,,,,,,,,,
alignment_value,67#34,aligned,BC_effective_weights,1,0.027099967002868652,,,,,,,,,,,,,,,,,,,,
alignment_value,67#34,aligned,BC_effective_weights,2,0.02894175797700882,,,,,,,,,,,,,,,,,,,,
alignment_value,67#34,aligned,BC_effective_weights,3,0.03244536370038986,,,,,,,,,,,,,,,,,,,,
alignment_value,67#34,aligned,BC_effective_weights,4,0.03040395863354206,,,,,,,,,,,,,,,,,,,,
alignment_value,67#34,aligned,BC_effective_weights,5,0.03171989694237709,,,,,,,,,,,,,,,,,,,,
alignment_value,67#34,aligned,BC_effective_weights,6,0.17893517017364502,,,,,,,,,,,,,,,,,,,,
alignment_value,67#34,aligned,BC_effective_weights,7,0.27239927649497986,,,,,,,,,,,,,,,,,,,,
alignment_value,67#34,aligned,BC_effective_weights,8,0.07385173439979553,,,,,,,,,,,,,,,,,,,,
alignment_value,67#34,aligned,BC_effective_weights,9,0.1215328574180603,,,,,,,,,,,,,,,,,,,,
alignment_value,67#34,aligned,BC_effective_weights,10,0.13868214190006256,,,,,,,,,,,,,,,,,,,,
alignment_value,67#34,aligned,BC_effective_weights,11,0.034421246498823166,,,,,,,,,,,,,,,,,,,,
alignment_value,67#34,aligned,AC_effective_gates,0,0.27227675914764404,,,,,,,,,,,,,,,,,,,,
alignment_value,67#34,aligned,AC_effective_gates,1,0.7277231812477112,,,,,,,,,,,,,,,,,,,,
alignment_value,67#34,aligned,cell_BC_gains,0,0.689773678779602,,,,,,,,,,,,,,,,,,,,
alignment_value,67#34,aligned,cell_AC_gains,0,1.0132743120193481,,,,,,,,,,,,,,,,,,,,
alignment_value,67#34,aligned,history_gate,0,0.0,,,,,,,,,,,,,,,,,,,,
alignment_value,67#34,aligned,tau_H1,0,15.726444244384766,10.0,200.0,0.03013918023360403,10.0,0.03013918023360403,lower,ms,,,,,,,,,,,,,
alignment_value,67#34,aligned,tau_BC_sustained_basis,0,25.521745681762695,20.0,200.0,0.03067636489868164,20.0,0.03067636489868164,lower,ms,,,,,,,,,,,,,
alignment_value,67#34,aligned,tau_BC_sustained_basis,1,65.32491302490234,20.0,200.0,0.2518050723605686,20.0,0.2518050723605686,interior,ms,,,,,,,,,,,,,
alignment_value,67#34,aligned,tau_BC_sustained_basis,2,125.36289978027344,20.0,200.0,0.5853494432237413,20.0,0.5853494432237413,interior,ms,,,,,,,,,,,,,
alignment_value,67#34,aligned,tau_BC_transient_basis,0,7.095303535461426,5.0,120.0,0.018220030743142834,5.0,0.018220030743142834,lower,ms,,,,,,,,,,,,,
alignment_value,67#34,aligned,tau_BC_transient_basis,1,7.565370559692383,5.0,120.0,0.02230757008428159,5.0,0.02230757008428159,lower,ms,,,,,,,,,,,,,
alignment_value,67#34,aligned,tau_BC_transient_basis,2,8.446500778198242,5.0,120.0,0.02996957198433254,5.0,0.02996957198433254,lower,ms,,,,,,,,,,,,,
alignment_value,67#34,aligned,tau_AC_local_state,0,42.44081497192383,20.0,250.0,0.0975687607474949,20.0,0.0975687607474949,interior,ms,,,,,,,,,,,,,
alignment_value,67#34,aligned,tau_AC_transient_state,0,15.9658842086792,15.0,180.0,0.005853843688964844,15.0,0.005853843688964844,lower,ms,,,,,,,,,,,,,
alignment_value,67#34,aligned,delay_H1,0,19.055761337280273,0.0,20.0,0.9527880668640136,0.0,0.9527880668640136,upper,ms,,,,,,,,,,,,,
alignment_value,67#34,aligned,delay_BC_sustained,0,19.841697692871094,0.0,30.0,0.6613899230957031,17.3415048122406,0.1975110661690773,interior,ms,,,,,,,,,,,,,
alignment_value,67#34,aligned,delay_BC_transient,0,17.341501235961914,0.0,20.0,0.8670750617980957,0.0,0.8670750617980957,interior,ms,,,,,,,,,,,,,
alignment_value,67#34,aligned,delay_AC_local_downstream,0,19.95964813232422,0.0,40.0,0.4989912033081055,17.65602397918701,0.10309821989566338,interior,ms,,,,,,,,,,,,,
alignment_value,67#34,aligned,delay_AC_transient_downstream,0,17.65601921081543,0.0,25.0,0.7062407684326172,0.0,0.7062407684326172,interior,ms,,,,,,,,,,,,,
alignment_value,68#3,zero,H1_effective_amplitude,0,0.049362119287252426,,,,,,,,,,,,,,,,,,,,
alignment_value,68#3,zero,BC_effective_weights,0,0.02813672088086605,,,,,,,,,,,,,,,,,,,,
alignment_value,68#3,zero,BC_effective_weights,1,0.026338310912251472,,,,,,,,,,,,,,,,,,,,
alignment_value,68#3,zero,BC_effective_weights,2,0.025201385840773582,,,,,,,,,,,,,,,,,,,,
alignment_value,68#3,zero,BC_effective_weights,3,0.02813398279249668,,,,,,,,,,,,,,,,,,,,
alignment_value,68#3,zero,BC_effective_weights,4,0.026018528267741203,,,,,,,,,,,,,,,,,,,,
alignment_value,68#3,zero,BC_effective_weights,5,0.02500985749065876,,,,,,,,,,,,,,,,,,,,
alignment_value,68#3,zero,BC_effective_weights,6,0.2063719779253006,,,,,,,,,,,,,,,,,,,,
alignment_value,68#3,zero,BC_effective_weights,7,0.19692334532737732,,,,,,,,,,,,,,,,,,,,
alignment_value,68#3,zero,BC_effective_weights,8,0.042080510407686234,,,,,,,,,,,,,,,,,,,,
alignment_value,68#3,zero,BC_effective_weights,9,0.1831105351448059,,,,,,,,,,,,,,,,,,,,
alignment_value,68#3,zero,BC_effective_weights,10,0.17303739488124847,,,,,,,,,,,,,,,,,,,,
alignment_value,68#3,zero,BC_effective_weights,11,0.039637450128793716,,,,,,,,,,,,,,,,,,,,
alignment_value,68#3,zero,AC_effective_gates,0,0.25944069027900696,,,,,,,,,,,,,,,,,,,,
alignment_value,68#3,zero,AC_effective_gates,1,0.7405593395233154,,,,,,,,,,,,,,,,,,,,
alignment_value,68#3,zero,cell_BC_gains,0,0.7373396754264832,,,,,,,,,,,,,,,,,,,,
alignment_value,68#3,zero,cell_AC_gains,0,1.0482233762741089,,,,,,,,,,,,,,,,,,,,
alignment_value,68#3,zero,history_gate,0,0.0,,,,,,,,,,,,,,,,,,,,
alignment_value,68#3,zero,tau_H1,0,18.612823486328125,10.0,200.0,0.04533064992804276,10.0,0.04533064992804276,lower,ms,,,,,,,,,,,,,
alignment_value,68#3,zero,tau_BC_sustained_basis,0,25.175060272216797,20.0,200.0,0.028750334845648873,20.0,0.028750334845648873,lower,ms,,,,,,,,,,,,,
alignment_value,68#3,zero,tau_BC_sustained_basis,1,30.32904815673828,20.0,200.0,0.05738360087076823,20.0,0.05738360087076823,interior,ms,,,,,,,,,,,,,
alignment_value,68#3,zero,tau_BC_sustained_basis,2,116.730712890625,20.0,200.0,0.5373928493923611,20.0,0.5373928493923611,interior,ms,,,,,,,,,,,,,
alignment_value,68#3,zero,tau_BC_transient_basis,0,7.58112907409668,5.0,120.0,0.022444600644318954,5.0,0.022444600644318954,lower,ms,,,,,,,,,,,,,
alignment_value,68#3,zero,tau_BC_transient_basis,1,8.766866683959961,5.0,120.0,0.03275536246921705,5.0,0.03275536246921705,lower,ms,,,,,,,,,,,,,
alignment_value,68#3,zero,tau_BC_transient_basis,2,11.4541597366333,5.0,120.0,0.0561231281446374,5.0,0.0561231281446374,interior,ms,,,,,,,,,,,,,
alignment_value,68#3,zero,tau_AC_local_state,0,25.977142333984375,20.0,250.0,0.025987575365149458,20.0,0.025987575365149458,lower,ms,,,,,,,,,,,,,
alignment_value,68#3,zero,tau_AC_transient_state,0,16.20184326171875,15.0,180.0,0.007283898555871212,15.0,0.007283898555871212,lower,ms,,,,,,,,,,,,,
alignment_value,68#3,zero,delay_H1,0,18.37261962890625,0.0,20.0,0.9186309814453125,0.0,0.9186309814453125,interior,ms,,,,,,,,,,,,,
alignment_value,68#3,zero,delay_BC_sustained,0,14.59148120880127,0.0,30.0,0.4863827069600423,13.294297933578491,0.07764913261742643,interior,ms,,,,,,,,,,,,,
alignment_value,68#3,zero,delay_BC_transient,0,13.294294357299805,0.0,20.0,0.6647147178649903,0.0,0.6647147178649903,interior,ms,,,,,,,,,,,,,
alignment_value,68#3,zero,delay_AC_local_downstream,0,16.306861877441406,0.0,40.0,0.40767154693603513,14.202935218811035,0.08155682347879126,interior,ms,,,,,,,,,,,,,
alignment_value,68#3,zero,delay_AC_transient_downstream,0,14.202930450439453,0.0,25.0,0.5681172180175781,0.0,0.5681172180175781,interior,ms,,,,,,,,,,,,,
alignment_value,68#3,aligned,H1_effective_amplitude,0,0.1610455960035324,,,,,,,,,,,,,,,,,,,,
alignment_value,68#3,aligned,BC_effective_weights,0,0.0074416883289813995,,,,,,,,,,,,,,,,,,,,
alignment_value,68#3,aligned,BC_effective_weights,1,0.008165300823748112,,,,,,,,,,,,,,,,,,,,
alignment_value,68#3,aligned,BC_effective_weights,2,0.007957939058542252,,,,,,,,,,,,,,,,,,,,
alignment_value,68#3,aligned,BC_effective_weights,3,0.007487636525183916,,,,,,,,,,,,,,,,,,,,
alignment_value,68#3,aligned,BC_effective_weights,4,0.008072885684669018,,,,,,,,,,,,,,,,,,,,
alignment_value,68#3,aligned,BC_effective_weights,5,0.007888657040894032,,,,,,,,,,,,,,,,,,,,
alignment_value,68#3,aligned,BC_effective_weights,6,0.1804184913635254,,,,,,,,,,,,,,,,,,,,
alignment_value,68#3,aligned,BC_effective_weights,7,0.3232375681400299,,,,,,,,,,,,,,,,,,,,
alignment_value,68#3,aligned,BC_effective_weights,8,0.008677572011947632,,,,,,,,,,,,,,,,,,,,
alignment_value,68#3,aligned,BC_effective_weights,9,0.16325899958610535,,,,,,,,,,,,,,,,,,,,
alignment_value,68#3,aligned,BC_effective_weights,10,0.2691425383090973,,,,,,,,,,,,,,,,,,,,
alignment_value,68#3,aligned,BC_effective_weights,11,0.008250799030065536,,,,,,,,,,,,,,,,,,,,
alignment_value,68#3,aligned,AC_effective_gates,0,0.21835707128047943,,,,,,,,,,,,,,,,,,,,
alignment_value,68#3,aligned,AC_effective_gates,1,0.7816429734230042,,,,,,,,,,,,,,,,,,,,
alignment_value,68#3,aligned,cell_BC_gains,0,1.1799710988998413,,,,,,,,,,,,,,,,,,,,
alignment_value,68#3,aligned,cell_AC_gains,0,1.2610154151916504,,,,,,,,,,,,,,,,,,,,
alignment_value,68#3,aligned,history_gate,0,0.0,,,,,,,,,,,,,,,,,,,,
alignment_value,68#3,aligned,tau_H1,0,10.667848587036133,10.0,200.0,0.0035149925633480676,10.0,0.0035149925633480676,lower,ms,,,,,,,,,,,,,
alignment_value,68#3,aligned,tau_BC_sustained_basis,0,24.721071243286133,20.0,200.0,0.02622817357381185,20.0,0.02622817357381185,lower,ms,,,,,,,,,,,,,
alignment_value,68#3,aligned,tau_BC_sustained_basis,1,28.638547897338867,20.0,200.0,0.047991932762993704,20.0,0.047991932762993704,lower,ms,,,,,,,,,,,,,
alignment_value,68#3,aligned,tau_BC_sustained_basis,2,30.293567657470703,20.0,200.0,0.05718648698594835,20.0,0.05718648698594835,interior,ms,,,,,,,,,,,,,
alignment_value,68#3,aligned,tau_BC_transient_basis,0,6.544970989227295,5.0,120.0,0.013434530341106912,5.0,0.013434530341106912,lower,ms,,,,,,,,,,,,,
alignment_value,68#3,aligned,tau_BC_transient_basis,1,6.946053504943848,5.0,120.0,0.016922204390816067,5.0,0.016922204390816067,lower,ms,,,,,,,,,,,,,
alignment_value,68#3,aligned,tau_BC_transient_basis,2,11.65621566772461,5.0,120.0,0.05788013624108356,5.0,0.05788013624108356,interior,ms,,,,,,,,,,,,,
alignment_value,68#3,aligned,tau_AC_local_state,0,25.957313537597656,20.0,250.0,0.025901363206946332,20.0,0.025901363206946332,lower,ms,,,,,,,,,,,,,
alignment_value,68#3,aligned,tau_AC_transient_state,0,15.816730499267578,15.0,180.0,0.0049498818137428974,15.0,0.0049498818137428974,lower,ms,,,,,,,,,,,,,
alignment_value,68#3,aligned,delay_H1,0,18.528247833251953,0.0,20.0,0.9264123916625977,0.0,0.9264123916625977,interior,ms,,,,,,,,,,,,,
alignment_value,68#3,aligned,delay_BC_sustained,0,14.294730186462402,0.0,30.0,0.4764910062154134,13.290276288986206,0.060111939302391684,interior,ms,,,,,,,,,,,,,
alignment_value,68#3,aligned,delay_BC_transient,0,13.29027271270752,0.0,20.0,0.664513635635376,0.0,0.664513635635376,interior,ms,,,,,,,,,,,,,
alignment_value,68#3,aligned,delay_AC_local_downstream,0,20.778858184814453,0.0,40.0,0.5194714546203614,18.886406898498535,0.08963189151264542,interior,ms,,,,,,,,,,,,,
alignment_value,68#3,aligned,delay_AC_transient_downstream,0,18.886402130126953,0.0,25.0,0.7554560852050781,0.0,0.7554560852050781,interior,ms,,,,,,,,,,,,,
alignment_value,68#4,zero,H1_effective_amplitude,0,0.024940356612205505,,,,,,,,,,,,,,,,,,,,
alignment_value,68#4,zero,BC_effective_weights,0,0.03161966800689697,,,,,,,,,,,,,,,,,,,,
alignment_value,68#4,zero,BC_effective_weights,1,0.05861752852797508,,,,,,,,,,,,,,,,,,,,
alignment_value,68#4,zero,BC_effective_weights,2,0.17632408440113068,,,,,,,,,,,,,,,,,,,,
alignment_value,68#4,zero,BC_effective_weights,3,0.03075956553220749,,,,,,,,,,,,,,,,,,,,
alignment_value,68#4,zero,BC_effective_weights,4,0.05876368284225464,,,,,,,,,,,,,,,,,,,,
alignment_value,68#4,zero,BC_effective_weights,5,0.17487077414989471,,,,,,,,,,,,,,,,,,,,
alignment_value,68#4,zero,BC_effective_weights,6,0.30271032452583313,,,,,,,,,,,,,,,,,,,,
alignment_value,68#4,zero,BC_effective_weights,7,0.04048765078186989,,,,,,,,,,,,,,,,,,,,
alignment_value,68#4,zero,BC_effective_weights,8,0.007414426654577255,,,,,,,,,,,,,,,,,,,,
alignment_value,68#4,zero,BC_effective_weights,9,0.09325842559337616,,,,,,,,,,,,,,,,,,,,
alignment_value,68#4,zero,BC_effective_weights,10,0.018549762666225433,,,,,,,,,,,,,,,,,,,,
alignment_value,68#4,zero,BC_effective_weights,11,0.006624038331210613,,,,,,,,,,,,,,,,,,,,
alignment_value,68#4,zero,AC_effective_gates,0,0.028754781931638718,,,,,,,,,,,,,,,,,,,,
alignment_value,68#4,zero,AC_effective_gates,1,0.9712452292442322,,,,,,,,,,,,,,,,,,,,
alignment_value,68#4,zero,cell_BC_gains,0,0.5642457008361816,,,,,,,,,,,,,,,,,,,,
alignment_value,68#4,zero,cell_AC_gains,0,2.139089345932007,,,,,,,,,,,,,,,,,,,,
alignment_value,68#4,zero,history_gate,0,0.0,,,,,,,,,,,,,,,,,,,,
alignment_value,68#4,zero,tau_H1,0,58.48743438720703,10.0,200.0,0.2551970230905633,10.0,0.2551970230905633,interior,ms,,,,,,,,,,,,,
alignment_value,68#4,zero,tau_BC_sustained_basis,0,64.91389465332031,20.0,200.0,0.24952163696289062,20.0,0.24952163696289062,interior,ms,,,,,,,,,,,,,
alignment_value,68#4,zero,tau_BC_sustained_basis,1,98.89967346191406,20.0,200.0,0.4383315192328559,20.0,0.4383315192328559,interior,ms,,,,,,,,,,,,,
alignment_value,68#4,zero,tau_BC_sustained_basis,2,143.57968139648438,20.0,200.0,0.6865537855360243,32.74659824371338,0.6626656438012034,interior,ms,,,,,,,,,,,,,
alignment_value,68#4,zero,tau_BC_transient_basis,0,6.138451099395752,5.0,120.0,0.009899574777354364,5.0,0.009899574777354364,lower,ms,,,,,,,,,,,,,
alignment_value,68#4,zero,tau_BC_transient_basis,1,8.06850814819336,5.0,120.0,0.02668267954950747,5.0,0.02668267954950747,lower,ms,,,,,,,,,,,,,
alignment_value,68#4,zero,tau_BC_transient_basis,2,32.74657440185547,5.0,120.0,0.2412745600161345,5.0,0.2412745600161345,interior,ms,,,,,,,,,,,,,
alignment_value,68#4,zero,tau_AC_local_state,0,28.545270919799805,20.0,250.0,0.03715335182521654,20.0,0.03715335182521654,lower,ms,,,,,,,,,,,,,
alignment_value,68#4,zero,tau_AC_transient_state,0,15.510220527648926,15.0,180.0,0.0030922456221147017,15.0,0.0030922456221147017,lower,ms,,,,,,,,,,,,,
alignment_value,68#4,zero,delay_H1,0,6.442266464233398,0.0,20.0,0.3221133232116699,0.0,0.3221133232116699,interior,ms,,,,,,,,,,,,,
alignment_value,68#4,zero,delay_BC_sustained,0,16.520692825317383,0.0,30.0,0.5506897608439127,1.2992550134658813,0.530349920149917,interior,ms,,,,,,,,,,,,,
alignment_value,68#4,zero,delay_BC_transient,0,1.2992514371871948,0.0,20.0,0.06496257185935975,0.0,0.06496257185935975,interior,ms,,,,,,,,,,,,,
alignment_value,68#4,zero,delay_AC_local_downstream,0,5.721333980560303,0.0,40.0,0.14303334951400756,1.8541148900985718,0.10137971839740918,interior,ms,,,,,,,,,,,,,
alignment_value,68#4,zero,delay_AC_transient_downstream,0,1.8541101217269897,0.0,25.0,0.07416440486907959,0.0,0.07416440486907959,interior,ms,,,,,,,,,,,,,
alignment_value,68#4,aligned,H1_effective_amplitude,0,0.025334760546684265,,,,,,,,,,,,,,,,,,,,
alignment_value,68#4,aligned,BC_effective_weights,0,0.03164757043123245,,,,,,,,,,,,,,,,,,,,
alignment_value,68#4,aligned,BC_effective_weights,1,0.05917854979634285,,,,,,,,,,,,,,,,,,,,
alignment_value,68#4,aligned,BC_effective_weights,2,0.18297487497329712,,,,,,,,,,,,,,,,,,,,
alignment_value,68#4,aligned,BC_effective_weights,3,0.030664240941405296,,,,,,,,,,,,,,,,,,,,
alignment_value,68#4,aligned,BC_effective_weights,4,0.05741119012236595,,,,,,,,,,,,,,,,,,,,
alignment_value,68#4,aligned,BC_effective_weights,5,0.17325054109096527,,,,,,,,,,,,,,,,,,,,
alignment_value,68#4,aligned,BC_effective_weights,6,0.2920975387096405,,,,,,,,,,,,,,,,,,,,
alignment_value,68#4,aligned,BC_effective_weights,7,0.038994353264570236,,,,,,,,,,,,,,,,,,,,
alignment_value,68#4,aligned,BC_effective_weights,8,0.007287716958671808,,,,,,,,,,,,,,,,,,,,
alignment_value,68#4,aligned,BC_effective_weights,9,0.10117451846599579,,,,,,,,,,,,,,,,,,,,
alignment_value,68#4,aligned,BC_effective_weights,10,0.01882431097328663,,,,,,,,,,,,,,,,,,,,
alignment_value,68#4,aligned,BC_effective_weights,11,0.0064945886842906475,,,,,,,,,,,,,,,,,,,,
alignment_value,68#4,aligned,AC_effective_gates,0,0.028843101114034653,,,,,,,,,,,,,,,,,,,,
alignment_value,68#4,aligned,AC_effective_gates,1,0.9711569547653198,,,,,,,,,,,,,,,,,,,,
alignment_value,68#4,aligned,cell_BC_gains,0,0.5630654096603394,,,,,,,,,,,,,,,,,,,,
alignment_value,68#4,aligned,cell_AC_gains,0,2.1127727031707764,,,,,,,,,,,,,,,,,,,,
alignment_value,68#4,aligned,history_gate,0,0.0,,,,,,,,,,,,,,,,,,,,
alignment_value,68#4,aligned,tau_H1,0,59.32607650756836,10.0,200.0,0.2596109289872019,10.0,0.2596109289872019,interior,ms,,,,,,,,,,,,,
alignment_value,68#4,aligned,tau_BC_sustained_basis,0,64.53378295898438,20.0,200.0,0.24740990532769097,20.0,0.24740990532769097,interior,ms,,,,,,,,,,,,,
alignment_value,68#4,aligned,tau_BC_sustained_basis,1,98.354736328125,20.0,200.0,0.43530409071180554,20.0,0.43530409071180554,interior,ms,,,,,,,,,,,,,
alignment_value,68#4,aligned,tau_BC_sustained_basis,2,143.27410888671875,20.0,200.0,0.6848561604817708,33.56855869293213,0.6591636131503461,interior,ms,,,,,,,,,,,,,
alignment_value,68#4,aligned,tau_BC_transient_basis,0,6.1309733390808105,5.0,120.0,0.009834550774615744,5.0,0.009834550774615744,lower,ms,,,,,,,,,,,,,
alignment_value,68#4,aligned,tau_BC_transient_basis,1,8.104846954345703,5.0,120.0,0.026998669168223504,5.0,0.026998669168223504,lower,ms,,,,,,,,,,,,,
alignment_value,68#4,aligned,tau_BC_transient_basis,2,33.56853485107422,5.0,120.0,0.2484220421832541,5.0,0.2484220421832541,interior,ms,,,,,,,,,,,,,
alignment_value,68#4,aligned,tau_AC_local_state,0,28.543704986572266,20.0,250.0,0.03714654341987941,20.0,0.03714654341987941,lower,ms,,,,,,,,,,,,,
alignment_value,68#4,aligned,tau_AC_transient_state,0,15.513629913330078,15.0,180.0,0.003112908565636837,15.0,0.003112908565636837,lower,ms,,,,,,,,,,,,,
alignment_value,68#4,aligned,delay_H1,0,6.5354461669921875,0.0,20.0,0.32677230834960935,0.0,0.32677230834960935,interior,ms,,,,,,,,,,,,,
alignment_value,68#4,aligned,delay_BC_sustained,0,16.427867889404297,0.0,30.0,0.5475955963134765,1.2641172409057617,0.5276939210680612,interior,ms,,,,,,,,,,,,,
alignment_value,68#4,aligned,delay_BC_transient,0,1.2641136646270752,0.0,20.0,0.06320568323135375,0.0,0.06320568323135375,interior,ms,,,,,,,,,,,,,
alignment_value,68#4,aligned,delay_AC_local_downstream,0,5.736779689788818,0.0,40.0,0.14341949224472045,1.8901035785675049,0.10093640950065648,interior,ms,,,,,,,,,,,,,
alignment_value,68#4,aligned,delay_AC_transient_downstream,0,1.8900988101959229,0.0,25.0,0.07560395240783692,0.0,0.07560395240783692,interior,ms,,,,,,,,,,,,,
alignment_value,68#7,zero,H1_effective_amplitude,0,0.015117260627448559,,,,,,,,,,,,,,,,,,,,
alignment_value,68#7,zero,BC_effective_weights,0,0.061184242367744446,,,,,,,,,,,,,,,,,,,,
alignment_value,68#7,zero,BC_effective_weights,1,0.04723023623228073,,,,,,,,,,,,,,,,,,,,
alignment_value,68#7,zero,BC_effective_weights,2,0.04444967582821846,,,,,,,,,,,,,,,,,,,,
alignment_value,68#7,zero,BC_effective_weights,3,0.05908682942390442,,,,,,,,,,,,,,,,,,,,
alignment_value,68#7,zero,BC_effective_weights,4,0.0458739809691906,,,,,,,,,,,,,,,,,,,,
alignment_value,68#7,zero,BC_effective_weights,5,0.04446806013584137,,,,,,,,,,,,,,,,,,,,
alignment_value,68#7,zero,BC_effective_weights,6,0.13118280470371246,,,,,,,,,,,,,,,,,,,,
alignment_value,68#7,zero,BC_effective_weights,7,0.17454074323177338,,,,,,,,,,,,,,,,,,,,
alignment_value,68#7,zero,BC_effective_weights,8,0.09287391602993011,,,,,,,,,,,,,,,,,,,,
alignment_value,68#7,zero,BC_effective_weights,9,0.11686062067747116,,,,,,,,,,,,,,,,,,,,
alignment_value,68#7,zero,BC_effective_weights,10,0.13166114687919617,,,,,,,,,,,,,,,,,,,,
alignment_value,68#7,zero,BC_effective_weights,11,0.05058780312538147,,,,,,,,,,,,,,,,,,,,
alignment_value,68#7,zero,AC_effective_gates,0,0.3955119252204895,,,,,,,,,,,,,,,,,,,,
alignment_value,68#7,zero,AC_effective_gates,1,0.6044880747795105,,,,,,,,,,,,,,,,,,,,
alignment_value,68#7,zero,cell_BC_gains,0,0.7019742727279663,,,,,,,,,,,,,,,,,,,,
alignment_value,68#7,zero,cell_AC_gains,0,1.122170329093933,,,,,,,,,,,,,,,,,,,,
alignment_value,68#7,zero,history_gate,0,0.0,,,,,,,,,,,,,,,,,,,,
alignment_value,68#7,zero,tau_H1,0,29.798465728759766,10.0,200.0,0.10420245120399876,10.0,0.10420245120399876,interior,ms,,,,,,,,,,,,,
alignment_value,68#7,zero,tau_BC_sustained_basis,0,25.800981521606445,20.0,200.0,0.032227675120035805,20.0,0.032227675120035805,lower,ms,,,,,,,,,,,,,
alignment_value,68#7,zero,tau_BC_sustained_basis,1,50.43613815307617,20.0,200.0,0.16908965640597873,20.0,0.16908965640597873,interior,ms,,,,,,,,,,,,,
alignment_value,68#7,zero,tau_BC_sustained_basis,2,101.62884521484375,20.0,200.0,0.45349358452690974,20.0,0.45349358452690974,interior,ms,,,,,,,,,,,,,
alignment_value,68#7,zero,tau_BC_transient_basis,0,11.295412063598633,5.0,120.0,0.054742713596509854,5.0,0.054742713596509854,interior,ms,,,,,,,,,,,,,
alignment_value,68#7,zero,tau_BC_transient_basis,1,13.795228004455566,5.0,120.0,0.07648024351700493,5.0,0.07648024351700493,interior,ms,,,,,,,,,,,,,
alignment_value,68#7,zero,tau_BC_transient_basis,2,17.18842315673828,5.0,120.0,0.10598628831946331,5.0,0.10598628831946331,interior,ms,,,,,,,,,,,,,
alignment_value,68#7,zero,tau_AC_local_state,0,27.778770446777344,20.0,250.0,0.03382074107294497,20.0,0.03382074107294497,lower,ms,,,,,,,,,,,,,
alignment_value,68#7,zero,tau_AC_transient_state,0,17.56581687927246,15.0,180.0,0.015550405328924006,15.0,0.015550405328924006,lower,ms,,,,,,,,,,,,,
alignment_value,68#7,zero,delay_H1,0,4.640273094177246,0.0,20.0,0.23201365470886232,0.0,0.23201365470886232,interior,ms,,,,,,,,,,,,,
alignment_value,68#7,zero,delay_BC_sustained,0,16.446727752685547,0.0,30.0,0.5482242584228516,12.529645681381226,0.22421308691660297,interior,ms,,,,,,,,,,,,,
alignment_value,68#7,zero,delay_BC_transient,0,12.529642105102539,0.0,20.0,0.6264821052551269,0.0,0.6264821052551269,interior,ms,,,,,,,,,,,,,
alignment_value,68#7,zero,delay_AC_local_downstream,0,11.780376434326172,0.0,40.0,0.2945094108581543,7.887706279754639,0.12122055772420202,interior,ms,,,,,,,,,,,,,
alignment_value,68#7,zero,delay_AC_transient_downstream,0,7.887701511383057,0.0,25.0,0.31550806045532226,0.0,0.31550806045532226,interior,ms,,,,,,,,,,,,,
alignment_value,68#7,aligned,H1_effective_amplitude,0,0.025772640481591225,,,,,,,,,,,,,,,,,,,,
alignment_value,68#7,aligned,BC_effective_weights,0,0.04455409198999405,,,,,,,,,,,,,,,,,,,,
alignment_value,68#7,aligned,BC_effective_weights,1,0.04119562357664108,,,,,,,,,,,,,,,,,,,,
alignment_value,68#7,aligned,BC_effective_weights,2,0.042474281042814255,,,,,,,,,,,,,,,,,,,,
alignment_value,68#7,aligned,BC_effective_weights,3,0.04684804379940033,,,,,,,,,,,,,,,,,,,,
alignment_value,68#7,aligned,BC_effective_weights,4,0.04284993186593056,,,,,,,,,,,,,,,,,,,,
alignment_value,68#7,aligned,BC_effective_weights,5,0.04555104672908783,,,,,,,,,,,,,,,,,,,,
alignment_value,68#7,aligned,BC_effective_weights,6,0.13715802133083344,,,,,,,,,,,,,,,,,,,,
alignment_value,68#7,aligned,BC_effective_weights,7,0.15845991671085358,,,,,,,,,,,,,,,,,,,,
alignment_value,68#7,aligned,BC_effective_weights,8,0.054629724472761154,,,,,,,,,,,,,,,,,,,,
alignment_value,68#7,aligned,BC_effective_weights,9,0.1494556963443756,,,,,,,,,,,,,,,,,,,,
alignment_value,68#7,aligned,BC_effective_weights,10,0.180479496717453,,,,,,,,,,,,,,,,,,,,
alignment_value,68#7,aligned,BC_effective_weights,11,0.056344173848629,,,,,,,,,,,,,,,,,,,,
alignment_value,68#7,aligned,AC_effective_gates,0,0.2960062026977539,,,,,,,,,,,,,,,,,,,,
alignment_value,68#7,aligned,AC_effective_gates,1,0.7039937376976013,,,,,,,,,,,,,,,,,,,,
alignment_value,68#7,aligned,cell_BC_gains,0,0.7292930483818054,,,,,,,,,,,,,,,,,,,,
alignment_value,68#7,aligned,cell_AC_gains,0,1.1521623134613037,,,,,,,,,,,,,,,,,,,,
alignment_value,68#7,aligned,history_gate,0,0.0,,,,,,,,,,,,,,,,,,,,
alignment_value,68#7,aligned,tau_H1,0,15.984538078308105,10.0,200.0,0.031497568833200554,10.0,0.031497568833200554,lower,ms,,,,,,,,,,,,,
alignment_value,68#7,aligned,tau_BC_sustained_basis,0,26.027877807617188,20.0,200.0,0.03348821004231771,20.0,0.03348821004231771,lower,ms,,,,,,,,,,,,,
alignment_value,68#7,aligned,tau_BC_sustained_basis,1,64.03813171386719,20.0,200.0,0.24465628729926214,20.0,0.24465628729926214,interior,ms,,,,,,,,,,,,,
alignment_value,68#7,aligned,tau_BC_sustained_basis,2,118.63601684570312,20.0,200.0,0.5479778713650174,20.0,0.5479778713650174,interior,ms,,,,,,,,,,,,,
alignment_value,68#7,aligned,tau_BC_transient_basis,0,8.49447250366211,5.0,120.0,0.030386717423148777,5.0,0.030386717423148777,lower,ms,,,,,,,,,,,,,
alignment_value,68#7,aligned,tau_BC_transient_basis,1,9.333072662353516,5.0,120.0,0.037678892716117525,5.0,0.037678892716117525,lower,ms,,,,,,,,,,,,,
alignment_value,68#7,aligned,tau_BC_transient_basis,2,10.776966094970703,5.0,120.0,0.05023448778235394,5.0,0.05023448778235394,interior,ms,,,,,,,,,,,,,
alignment_value,68#7,aligned,tau_AC_local_state,0,28.8282470703125,20.0,250.0,0.038383682914402174,20.0,0.038383682914402174,lower,ms,,,,,,,,,,,,,
alignment_value,68#7,aligned,tau_AC_transient_state,0,16.40858268737793,15.0,180.0,0.008536864771987453,15.0,0.008536864771987453,lower,ms,,,,,,,,,,,,,
alignment_value,68#7,aligned,delay_H1,0,14.690804481506348,0.0,20.0,0.7345402240753174,0.0,0.7345402240753174,interior,ms,,,,,,,,,,,,,
alignment_value,68#7,aligned,delay_BC_sustained,0,18.678512573242188,0.0,30.0,0.6226170857747396,15.898542165756226,0.19714063894409004,interior,ms,,,,,,,,,,,,,
alignment_value,68#7,aligned,delay_BC_transient,0,15.898538589477539,0.0,20.0,0.794926929473877,0.0,0.794926929473877,interior,ms,,,,,,,,,,,,,
alignment_value,68#7,aligned,delay_AC_local_downstream,0,15.570178031921387,0.0,40.0,0.38925445079803467,12.96826457977295,0.09625402926226861,interior,ms,,,,,,,,,,,,,
alignment_value,68#7,aligned,delay_AC_transient_downstream,0,12.968259811401367,0.0,25.0,0.5187303924560547,0.0,0.5187303924560547,interior,ms,,,,,,,,,,,,,
alignment_value,68#10,zero,H1_effective_amplitude,0,0.01724046841263771,,,,,,,,,,,,,,,,,,,,
alignment_value,68#10,zero,BC_effective_weights,0,0.055896081030368805,,,,,,,,,,,,,,,,,,,,
alignment_value,68#10,zero,BC_effective_weights,1,0.0409940741956234,,,,,,,,,,,,,,,,,,,,
alignment_value,68#10,zero,BC_effective_weights,2,0.0399676077067852,,,,,,,,,,,,,,,,,,,,
alignment_value,68#10,zero,BC_effective_weights,3,0.057042818516492844,,,,,,,,,,,,,,,,,,,,
alignment_value,68#10,zero,BC_effective_weights,4,0.04129418358206749,,,,,,,,,,,,,,,,,,,,
alignment_value,68#10,zero,BC_effective_weights,5,0.03983377665281296,,,,,,,,,,,,,,,,,,,,
alignment_value,68#10,zero,BC_effective_weights,6,0.12466984987258911,,,,,,,,,,,,,,,,,,,,
alignment_value,68#10,zero,BC_effective_weights,7,0.15475410223007202,,,,,,,,,,,,,,,,,,,,
alignment_value,68#10,zero,BC_effective_weights,8,0.08408626914024353,,,,,,,,,,,,,,,,,,,,
alignment_value,68#10,zero,BC_effective_weights,9,0.12312683463096619,,,,,,,,,,,,,,,,,,,,
alignment_value,68#10,zero,BC_effective_weights,10,0.15409256517887115,,,,,,,,,,,,,,,,,,,,
alignment_value,68#10,zero,BC_effective_weights,11,0.08424170315265656,,,,,,,,,,,,,,,,,,,,
alignment_value,68#10,zero,AC_effective_gates,0,0.2634798288345337,,,,,,,,,,,,,,,,,,,,
alignment_value,68#10,zero,AC_effective_gates,1,0.7365201711654663,,,,,,,,,,,,,,,,,,,,
alignment_value,68#10,zero,cell_BC_gains,0,0.6848506331443787,,,,,,,,,,,,,,,,,,,,
alignment_value,68#10,zero,cell_AC_gains,0,1.149969458580017,,,,,,,,,,,,,,,,,,,,
alignment_value,68#10,zero,history_gate,0,0.0,,,,,,,,,,,,,,,,,,,,
alignment_value,68#10,zero,tau_H1,0,29.96993064880371,10.0,200.0,0.10510489815159847,10.0,0.10510489815159847,interior,ms,,,,,,,,,,,,,
alignment_value,68#10,zero,tau_BC_sustained_basis,0,22.487417221069336,20.0,200.0,0.01381898456149631,20.0,0.01381898456149631,lower,ms,,,,,,,,,,,,,
alignment_value,68#10,zero,tau_BC_sustained_basis,1,69.40913391113281,20.0,200.0,0.2744951883951823,20.0,0.2744951883951823,interior,ms,,,,,,,,,,,,,
alignment_value,68#10,zero,tau_BC_sustained_basis,2,111.88381958007812,20.0,200.0,0.5104656643337674,20.0,0.5104656643337674,interior,ms,,,,,,,,,,,,,
alignment_value,68#10,zero,tau_BC_transient_basis,0,11.50864028930664,5.0,120.0,0.05659687208092731,5.0,0.05659687208092731,interior,ms,,,,,,,,,,,,,
alignment_value,68#10,zero,tau_BC_transient_basis,1,12.84541130065918,5.0,120.0,0.06822096783181895,5.0,0.06822096783181895,interior,ms,,,,,,,,,,,,,
alignment_value,68#10,zero,tau_BC_transient_basis,2,12.461732864379883,5.0,120.0,0.06488463360330333,5.0,0.06488463360330333,interior,ms,,,,,,,,,,,,,
alignment_value,68#10,zero,tau_AC_local_state,0,26.8726863861084,20.0,250.0,0.029881245156993037,20.0,0.029881245156993037,lower,ms,,,,,,,,,,,,,
alignment_value,68#10,zero,tau_AC_transient_state,0,16.76356315612793,15.0,180.0,0.010688261552290483,15.0,0.010688261552290483,lower,ms,,,,,,,,,,,,,
alignment_value,68#10,zero,delay_H1,0,6.9916205406188965,0.0,20.0,0.34958102703094485,0.0,0.34958102703094485,interior,ms,,,,,,,,,,,,,
alignment_value,68#10,zero,delay_BC_sustained,0,20.68517303466797,0.0,30.0,0.6895057678222656,17.12820601463318,0.2763380942919452,interior,ms,,,,,,,,,,,,,
alignment_value,68#10,zero,delay_BC_transient,0,17.128202438354492,0.0,20.0,0.8564101219177246,0.0,0.8564101219177246,interior,ms,,,,,,,,,,,,,
alignment_value,68#10,zero,delay_AC_local_downstream,0,7.675368309020996,0.0,40.0,0.1918842077255249,4.580570697784424,0.08737570514844474,interior,ms,,,,,,,,,,,,,
alignment_value,68#10,zero,delay_AC_transient_downstream,0,4.580565929412842,0.0,25.0,0.18322263717651366,0.0,0.18322263717651366,interior,ms,,,,,,,,,,,,,
alignment_value,68#10,aligned,H1_effective_amplitude,0,0.14597845077514648,,,,,,,,,,,,,,,,,,,,
alignment_value,68#10,aligned,BC_effective_weights,0,0.01792183890938759,,,,,,,,,,,,,,,,,,,,
alignment_value,68#10,aligned,BC_effective_weights,1,0.01645226962864399,,,,,,,,,,,,,,,,,,,,
alignment_value,68#10,aligned,BC_effective_weights,2,0.015551122836768627,,,,,,,,,,,,,,,,,,,,
alignment_value,68#10,aligned,BC_effective_weights,3,0.017832288518548012,,,,,,,,,,,,,,,,,,,,
alignment_value,68#10,aligned,BC_effective_weights,4,0.01595895178616047,,,,,,,,,,,,,,,,,,,,
alignment_value,68#10,aligned,BC_effective_weights,5,0.014866244979202747,,,,,,,,,,,,,,,,,,,,
alignment_value,68#10,aligned,BC_effective_weights,6,0.12082668393850327,,,,,,,,,,,,,,,,,,,,
alignment_value,68#10,aligned,BC_effective_weights,7,0.23644502460956573,,,,,,,,,,,,,,,,,,,,
alignment_value,68#10,aligned,BC_effective_weights,8,0.08702842146158218,,,,,,,,,,,,,,,,,,,,
alignment_value,68#10,aligned,BC_effective_weights,9,0.12233821302652359,,,,,,,,,,,,,,,,,,,,
alignment_value,68#10,aligned,BC_effective_weights,10,0.24515116214752197,,,,,,,,,,,,,,,,,,,,
alignment_value,68#10,aligned,BC_effective_weights,11,0.0896277204155922,,,,,,,,,,,,,,,,,,,,
alignment_value,68#10,aligned,AC_effective_gates,0,0.1721658855676651,,,,,,,,,,,,,,,,,,,,
alignment_value,68#10,aligned,AC_effective_gates,1,0.8278341293334961,,,,,,,,,,,,,,,,,,,,
alignment_value,68#10,aligned,cell_BC_gains,0,1.08892023563385,,,,,,,,,,,,,,,,,,,,
alignment_value,68#10,aligned,cell_AC_gains,0,1.5088826417922974,,,,,,,,,,,,,,,,,,,,
alignment_value,68#10,aligned,history_gate,0,0.0,,,,,,,,,,,,,,,,,,,,
alignment_value,68#10,aligned,tau_H1,0,10.34406852722168,10.0,200.0,0.0018108869853772616,10.0,0.0018108869853772616,lower,ms,,,,,,,,,,,,,
alignment_value,68#10,aligned,tau_BC_sustained_basis,0,24.391660690307617,20.0,200.0,0.02439811494615343,20.0,0.02439811494615343,lower,ms,,,,,,,,,,,,,
alignment_value,68#10,aligned,tau_BC_sustained_basis,1,62.2863883972168,20.0,200.0,0.23492437998453777,20.0,0.23492437998453777,interior,ms,,,,,,,,,,,,,
alignment_value,68#10,aligned,tau_BC_sustained_basis,2,105.98645782470703,20.0,200.0,0.4777025434705946,20.0,0.4777025434705946,interior,ms,,,,,,,,,,,,,
alignment_value,68#10,aligned,tau_BC_transient_basis,0,6.480313301086426,5.0,120.0,0.012872289574664571,5.0,0.012872289574664571,lower,ms,,,,,,,,,,,,,
alignment_value,68#10,aligned,tau_BC_transient_basis,1,6.482821464538574,5.0,120.0,0.012894099691639776,5.0,0.012894099691639776,lower,ms,,,,,,,,,,,,,
alignment_value,68#10,aligned,tau_BC_transient_basis,2,6.638584136962891,5.0,120.0,0.014248557712720789,5.0,0.014248557712720789,lower,ms,,,,,,,,,,,,,
alignment_value,68#10,aligned,tau_AC_local_state,0,27.36017608642578,20.0,250.0,0.032000765593155574,20.0,0.032000765593155574,lower,ms,,,,,,,,,,,,,
alignment_value,68#10,aligned,tau_AC_transient_state,0,15.617326736450195,15.0,180.0,0.003741374160304214,15.0,0.003741374160304214,lower,ms,,,,,,,,,,,,,
alignment_value,68#10,aligned,delay_H1,0,19.84235954284668,0.0,20.0,0.992117977142334,0.0,0.992117977142334,upper,ms,,,,,,,,,,,,,
alignment_value,68#10,aligned,delay_BC_sustained,0,17.888315200805664,0.0,30.0,0.5962771733601888,16.403260946273804,0.10922135437503157,interior,ms,,,,,,,,,,,,,
alignment_value,68#10,aligned,delay_BC_transient,0,16.403257369995117,0.0,20.0,0.8201628684997558,0.0,0.8201628684997558,interior,ms,,,,,,,,,,,,,
alignment_value,68#10,aligned,delay_AC_local_downstream,0,22.34677505493164,0.0,40.0,0.5586693763732911,19.883326530456543,0.12245804596891958,interior,ms,,,,,,,,,,,,,
alignment_value,68#10,aligned,delay_AC_transient_downstream,0,19.88332176208496,0.0,25.0,0.7953328704833984,0.0,0.7953328704833984,interior,ms,,,,,,,,,,,,,
alignment_value,68#11,zero,H1_effective_amplitude,0,0.011239921674132347,,,,,,,,,,,,,,,,,,,,
alignment_value,68#11,zero,BC_effective_weights,0,0.014528049156069756,,,,,,,,,,,,,,,,,,,,
alignment_value,68#11,zero,BC_effective_weights,1,0.011939898133277893,,,,,,,,,,,,,,,,,,,,
alignment_value,68#11,zero,BC_effective_weights,2,0.011655871756374836,,,,,,,,,,,,,,,,,,,,
alignment_value,68#11,zero,BC_effective_weights,3,0.012139217928051949,,,,,,,,,,,,,,,,,,,,
alignment_value,68#11,zero,BC_effective_weights,4,0.011245956644415855,,,,,,,,,,,,,,,,,,,,
alignment_value,68#11,zero,BC_effective_weights,5,0.011127330362796783,,,,,,,,,,,,,,,,,,,,
alignment_value,68#11,zero,BC_effective_weights,6,0.18365198373794556,,,,,,,,,,,,,,,,,,,,
alignment_value,68#11,zero,BC_effective_weights,7,0.2814614772796631,,,,,,,,,,,,,,,,,,,,
alignment_value,68#11,zero,BC_effective_weights,8,0.1284591406583786,,,,,,,,,,,,,,,,,,,,
alignment_value,68#11,zero,BC_effective_weights,9,0.12640848755836487,,,,,,,,,,,,,,,,,,,,
alignment_value,68#11,zero,BC_effective_weights,10,0.1586158722639084,,,,,,,,,,,,,,,,,,,,
alignment_value,68#11,zero,BC_effective_weights,11,0.04876670613884926,,,,,,,,,,,,,,,,,,,,
alignment_value,68#11,zero,AC_effective_gates,0,0.5925321578979492,,,,,,,,,,,,,,,,,,,,
alignment_value,68#11,zero,AC_effective_gates,1,0.4074678421020508,,,,,,,,,,,,,,,,,,,,
alignment_value,68#11,zero,cell_BC_gains,0,1.0163475275039673,,,,,,,,,,,,,,,,,,,,
alignment_value,68#11,zero,cell_AC_gains,0,1.0190064907073975,,,,,,,,,,,,,,,,,,,,
alignment_value,68#11,zero,history_gate,0,0.0,,,,,,,,,,,,,,,,,,,,
alignment_value,68#11,zero,tau_H1,0,43.11347961425781,10.0,200.0,0.1742814716539885,10.0,0.1742814716539885,interior,ms,,,,,,,,,,,,,
alignment_value,68#11,zero,tau_BC_sustained_basis,0,25.0201473236084,20.0,200.0,0.02788970735337999,20.0,0.02788970735337999,lower,ms,,,,,,,,,,,,,
alignment_value,68#11,zero,tau_BC_sustained_basis,1,31.513702392578125,20.0,200.0,0.06396501329210069,20.0,0.06396501329210069,interior,ms,,,,,,,,,,,,,
alignment_value,68#11,zero,tau_BC_sustained_basis,2,36.146514892578125,20.0,200.0,0.08970286051432291,20.0,0.08970286051432291,interior,ms,,,,,,,,,,,,,
alignment_value,68#11,zero,tau_BC_transient_basis,0,10.945655822753906,5.0,120.0,0.05170135498046875,5.0,0.05170135498046875,interior,ms,,,,,,,,,,,,,
alignment_value,68#11,zero,tau_BC_transient_basis,1,11.001306533813477,5.0,120.0,0.05218527420707371,5.0,0.05218527420707371,interior,ms,,,,,,,,,,,,,
alignment_value,68#11,zero,tau_BC_transient_basis,2,12.4555082321167,5.0,120.0,0.06483050636623217,5.0,0.06483050636623217,interior,ms,,,,,,,,,,,,,
alignment_value,68#11,zero,tau_AC_local_state,0,27.664344787597656,20.0,250.0,0.03332323820694633,21.54469609260559,0.026787072089482757,lower,ms,,,,,,,,,,,,,
alignment_value,68#11,zero,tau_AC_transient_state,0,21.544666290283203,15.0,180.0,0.03966464418353456,15.0,0.03966464418353456,lower,ms,,,,,,,,,,,,,
alignment_value,68#11,zero,delay_H1,0,13.3020601272583,0.0,20.0,0.6651030063629151,0.0,0.6651030063629151,interior,ms,,,,,,,,,,,,,
alignment_value,68#11,zero,delay_BC_sustained,0,12.540103912353516,0.0,30.0,0.4180034637451172,10.692317724227905,0.09570212321363256,interior,ms,,,,,,,,,,,,,
alignment_value,68#11,zero,delay_BC_transient,0,10.692314147949219,0.0,20.0,0.5346157073974609,0.0,0.5346157073974609,interior,ms,,,,,,,,,,,,,
alignment_value,68#11,zero,delay_AC_local_downstream,0,17.716371536254883,0.0,40.0,0.44290928840637206,14.822662353515625,0.1149330887709376,interior,ms,,,,,,,,,,,,,
alignment_value,68#11,zero,delay_AC_transient_downstream,0,14.822657585144043,0.0,25.0,0.5929063034057617,0.0,0.5929063034057617,interior,ms,,,,,,,,,,,,,
alignment_value,68#11,aligned,H1_effective_amplitude,0,0.013637718744575977,,,,,,,,,,,,,,,,,,,,
alignment_value,68#11,aligned,BC_effective_weights,0,0.011072389781475067,,,,,,,,,,,,,,,,,,,,
alignment_value,68#11,aligned,BC_effective_weights,1,0.008374166674911976,,,,,,,,,,,,,,,,,,,,
alignment_value,68#11,aligned,BC_effective_weights,2,0.008184533566236496,,,,,,,,,,,,,,,,,,,,
alignment_value,68#11,aligned,BC_effective_weights,3,0.008221159689128399,,,,,,,,,,,,,,,,,,,,
alignment_value,68#11,aligned,BC_effective_weights,4,0.007532596588134766,,,,,,,,,,,,,,,,,,,,
alignment_value,68#11,aligned,BC_effective_weights,5,0.007543653715401888,,,,,,,,,,,,,,,,,,,,
alignment_value,68#11,aligned,BC_effective_weights,6,0.15836291015148163,,,,,,,,,,,,,,,,,,,,
alignment_value,68#11,aligned,BC_effective_weights,7,0.2838110625743866,,,,,,,,,,,,,,,,,,,,
alignment_value,68#11,aligned,BC_effective_weights,8,0.3056553900241852,,,,,,,,,,,,,,,,,,,,
alignment_value,68#11,aligned,BC_effective_weights,9,0.07554741948843002,,,,,,,,,,,,,,,,,,,,
alignment_value,68#11,aligned,BC_effective_weights,10,0.08862419426441193,,,,,,,,,,,,,,,,,,,,
alignment_value,68#11,aligned,BC_effective_weights,11,0.03707050159573555,,,,,,,,,,,,,,,,,,,,
alignment_value,68#11,aligned,AC_effective_gates,0,0.6541911363601685,,,,,,,,,,,,,,,,,,,,
alignment_value,68#11,aligned,AC_effective_gates,1,0.34580880403518677,,,,,,,,,,,,,,,,,,,,
alignment_value,68#11,aligned,cell_BC_gains,0,0.9809281826019287,,,,,,,,,,,,,,,,,,,,
alignment_value,68#11,aligned,cell_AC_gains,0,0.8890005350112915,,,,,,,,,,,,,,,,,,,,
alignment_value,68#11,aligned,history_gate,0,0.0,,,,,,,,,,,,,,,,,,,,
alignment_value,68#11,aligned,tau_H1,0,42.23382568359375,10.0,200.0,0.16965171412417762,10.0,0.16965171412417762,interior,ms,,,,,,,,,,,,,
alignment_value,68#11,aligned,tau_BC_sustained_basis,0,24.38705825805664,20.0,200.0,0.02437254587809245,20.0,0.02437254587809245,lower,ms,,,,,,,,,,,,,
alignment_value,68#11,aligned,tau_BC_sustained_basis,1,29.368940353393555,20.0,200.0,0.05204966862996419,20.0,0.05204966862996419,interior,ms,,,,,,,,,,,,,
alignment_value,68#11,aligned,tau_BC_sustained_basis,2,30.604583740234375,20.0,200.0,0.05891435411241319,20.0,0.05891435411241319,interior,ms,,,,,,,,,,,,,
alignment_value,68#11,aligned,tau_BC_transient_basis,0,11.555902481079102,5.0,120.0,0.057007847661557406,5.0,0.057007847661557406,interior,ms,,,,,,,,,,,,,
alignment_value,68#11,aligned,tau_BC_transient_basis,1,11.565016746520996,5.0,120.0,0.057087102143660834,5.0,0.057087102143660834,interior,ms,,,,,,,,,,,,,
alignment_value,68#11,aligned,tau_BC_transient_basis,2,11.917989730834961,5.0,120.0,0.06015643244204314,5.0,0.06015643244204314,interior,ms,,,,,,,,,,,,,
alignment_value,68#11,aligned,tau_AC_local_state,0,27.21147918701172,20.0,250.0,0.03135425733483356,21.8473961353302,0.02351094381926607,lower,ms,,,,,,,,,,,,,
alignment_value,68#11,aligned,tau_AC_transient_state,0,21.847366333007812,15.0,180.0,0.04149918989701704,15.0,0.04149918989701704,lower,ms,,,,,,,,,,,,,
alignment_value,68#11,aligned,delay_H1,0,17.320480346679688,0.0,20.0,0.8660240173339844,0.0,0.8660240173339844,interior,ms,,,,,,,,,,,,,
alignment_value,68#11,aligned,delay_BC_sustained,0,14.766107559204102,0.0,30.0,0.49220358530680336,13.12352728843689,0.09732959599086005,interior,ms,,,,,,,,,,,,,
alignment_value,68#11,aligned,delay_BC_transient,0,13.123523712158203,0.0,20.0,0.6561761856079101,0.0,0.6561761856079101,interior,ms,,,,,,,,,,,,,
alignment_value,68#11,aligned,delay_AC_local_downstream,0,20.91193199157715,0.0,40.0,0.5227982997894287,18.38588809967041,0.11687012187015738,interior,ms,,,,,,,,,,,,,
alignment_value,68#11,aligned,delay_AC_transient_downstream,0,18.385883331298828,0.0,25.0,0.7354353332519531,0.0,0.7354353332519531,interior,ms,,,,,,,,,,,,,
alignment_value,69#3,zero,H1_effective_amplitude,0,0.1784132570028305,,,,,,,,,,,,,,,,,,,,
alignment_value,69#3,zero,BC_effective_weights,0,0.015002668835222721,,,,,,,,,,,,,,,,,,,,
alignment_value,69#3,zero,BC_effective_weights,1,0.008342673070728779,,,,,,,,,,,,,,,,,,,,
alignment_value,69#3,zero,BC_effective_weights,2,0.008008820004761219,,,,,,,,,,,,,,,,,,,,
alignment_value,69#3,zero,BC_effective_weights,3,0.008577068336308002,,,,,,,,,,,,,,,,,,,,
alignment_value,69#3,zero,BC_effective_weights,4,0.006726513151079416,,,,,,,,,,,,,,,,,,,,
alignment_value,69#3,zero,BC_effective_weights,5,0.006719245575368404,,,,,,,,,,,,,,,,,,,,
alignment_value,69#3,zero,BC_effective_weights,6,0.13472016155719757,,,,,,,,,,,,,,,,,,,,
alignment_value,69#3,zero,BC_effective_weights,7,0.612014889717102,,,,,,,,,,,,,,,,,,,,
alignment_value,69#3,zero,BC_effective_weights,8,0.04675283282995224,,,,,,,,,,,,,,,,,,,,
alignment_value,69#3,zero,BC_effective_weights,9,0.06150677427649498,,,,,,,,,,,,,,,,,,,,
alignment_value,69#3,zero,BC_effective_weights,10,0.07524839788675308,,,,,,,,,,,,,,,,,,,,
alignment_value,69#3,zero,BC_effective_weights,11,0.01637999899685383,,,,,,,,,,,,,,,,,,,,
alignment_value,69#3,zero,AC_effective_gates,0,0.5877997875213623,,,,,,,,,,,,,,,,,,,,
alignment_value,69#3,zero,AC_effective_gates,1,0.41220027208328247,,,,,,,,,,,,,,,,,,,,
alignment_value,69#3,zero,cell_BC_gains,0,0.7587350606918335,,,,,,,,,,,,,,,,,,,,
alignment_value,69#3,zero,cell_AC_gains,0,1.1093156337738037,,,,,,,,,,,,,,,,,,,,
alignment_value,69#3,zero,history_gate,0,0.0,,,,,,,,,,,,,,,,,,,,
alignment_value,69#3,zero,tau_H1,0,10.504631042480469,10.0,200.0,0.002655952855160362,10.0,0.002655952855160362,lower,ms,,,,,,,,,,,,,
alignment_value,69#3,zero,tau_BC_sustained_basis,0,24.16515350341797,20.0,200.0,0.02313974168565538,20.0,0.02313974168565538,lower,ms,,,,,,,,,,,,,
alignment_value,69#3,zero,tau_BC_sustained_basis,1,29.32465171813965,20.0,200.0,0.05180362065633138,20.0,0.05180362065633138,interior,ms,,,,,,,,,,,,,
alignment_value,69#3,zero,tau_BC_sustained_basis,2,29.215044021606445,20.0,200.0,0.051194689008924696,20.0,0.051194689008924696,interior,ms,,,,,,,,,,,,,
alignment_value,69#3,zero,tau_BC_transient_basis,0,10.178128242492676,5.0,120.0,0.04502720210863196,5.0,0.04502720210863196,lower,ms,,,,,,,,,,,,,
alignment_value,69#3,zero,tau_BC_transient_basis,1,10.25417709350586,5.0,120.0,0.04568849646526834,5.0,0.04568849646526834,lower,ms,,,,,,,,,,,,,
alignment_value,69#3,zero,tau_BC_transient_basis,2,12.172454833984375,5.0,120.0,0.06236917246942935,5.0,0.06236917246942935,interior,ms,,,,,,,,,,,,,
alignment_value,69#3,zero,tau_AC_local_state,0,27.35675048828125,20.0,250.0,0.031985871688179346,21.492696046829224,0.025662437655182252,lower,ms,,,,,,,,,,,,,
alignment_value,69#3,zero,tau_AC_transient_state,0,21.492666244506836,15.0,180.0,0.03934949239095052,15.0,0.03934949239095052,lower,ms,,,,,,,,,,,,,
alignment_value,69#3,zero,delay_H1,0,0.21652476489543915,0.0,20.0,0.010826238244771958,0.0,0.010826238244771958,lower,ms,,,,,,,,,,,,,
alignment_value,69#3,zero,delay_BC_sustained,0,18.532690048217773,0.0,30.0,0.6177563349405925,17.004405736923218,0.11760018667532064,interior,ms,,,,,,,,,,,,,
alignment_value,69#3,zero,delay_BC_transient,0,17.00440216064453,0.0,20.0,0.8502201080322266,0.0,0.8502201080322266,interior,ms,,,,,,,,,,,,,
alignment_value,69#3,zero,delay_AC_local_downstream,0,18.184406280517578,0.0,40.0,0.45461015701293944,15.911087989807129,0.09437197868249624,interior,ms,,,,,,,,,,,,,
alignment_value,69#3,zero,delay_AC_transient_downstream,0,15.911083221435547,0.0,25.0,0.6364433288574218,0.0,0.6364433288574218,interior,ms,,,,,,,,,,,,,
alignment_value,69#3,aligned,H1_effective_amplitude,0,0.19285200536251068,,,,,,,,,,,,,,,,,,,,
alignment_value,69#3,aligned,BC_effective_weights,0,0.002790485741570592,,,,,,,,,,,,,,,,,,,,
alignment_value,69#3,aligned,BC_effective_weights,1,0.001678678672760725,,,,,,,,,,,,,,,,,,,,
alignment_value,69#3,aligned,BC_effective_weights,2,0.0016651656478643417,,,,,,,,,,,,,,,,,,,,
alignment_value,69#3,aligned,BC_effective_weights,3,0.0014924255665391684,,,,,,,,,,,,,,,,,,,,
alignment_value,69#3,aligned,BC_effective_weights,4,0.0012793313944712281,,,,,,,,,,,,,,,,,,,,
alignment_value,69#3,aligned,BC_effective_weights,5,0.001328959478996694,,,,,,,,,,,,,,,,,,,,
alignment_value,69#3,aligned,BC_effective_weights,6,0.04822003096342087,,,,,,,,,,,,,,,,,,,,
alignment_value,69#3,aligned,BC_effective_weights,7,0.912778913974762,,,,,,,,,,,,,,,,,,,,
alignment_value,69#3,aligned,BC_effective_weights,8,0.008129335939884186,,,,,,,,,,,,,,,,,,,,
alignment_value,69#3,aligned,BC_effective_weights,9,0.009422989562153816,,,,,,,,,,,,,,,,,,,,
alignment_value,69#3,aligned,BC_effective_weights,10,0.008879942819476128,,,,,,,,,,,,,,,,,,,,
alignment_value,69#3,aligned,BC_effective_weights,11,0.00233377399854362,,,,,,,,,,,,,,,,,,,,
alignment_value,69#3,aligned,AC_effective_gates,0,0.6045148968696594,,,,,,,,,,,,,,,,,,,,
alignment_value,69#3,aligned,AC_effective_gates,1,0.3954850435256958,,,,,,,,,,,,,,,,,,,,
alignment_value,69#3,aligned,cell_BC_gains,0,0.76215660572052,,,,,,,,,,,,,,,,,,,,
alignment_value,69#3,aligned,cell_AC_gains,0,1.1445492506027222,,,,,,,,,,,,,,,,,,,,
alignment_value,69#3,aligned,history_gate,0,0.0,,,,,,,,,,,,,,,,,,,,
alignment_value,69#3,aligned,tau_H1,0,10.194502830505371,10.0,200.0,0.0010236991079230057,10.0,0.0010236991079230057,lower,ms,,,,,,,,,,,,,
alignment_value,69#3,aligned,tau_BC_sustained_basis,0,23.976388931274414,20.0,200.0,0.02209104961819119,20.0,0.02209104961819119,lower,ms,,,,,,,,,,,,,
alignment_value,69#3,aligned,tau_BC_sustained_basis,1,29.072242736816406,20.0,200.0,0.05040134853786892,20.0,0.05040134853786892,interior,ms,,,,,,,,,,,,,
alignment_value,69#3,aligned,tau_BC_sustained_basis,2,28.66114044189453,20.0,200.0,0.048117446899414065,20.0,0.048117446899414065,lower,ms,,,,,,,,,,,,,
alignment_value,69#3,aligned,tau_BC_transient_basis,0,8.421307563781738,5.0,120.0,0.02975050055462381,5.0,0.02975050055462381,lower,ms,,,,,,,,,,,,,
alignment_value,69#3,aligned,tau_BC_transient_basis,1,7.794597625732422,5.0,120.0,0.024300848919412366,5.0,0.024300848919412366,lower,ms,,,,,,,,,,,,,
alignment_value,69#3,aligned,tau_BC_transient_basis,2,10.846458435058594,5.0,120.0,0.05083876900050951,5.0,0.05083876900050951,interior,ms,,,,,,,,,,,,,
alignment_value,69#3,aligned,tau_AC_local_state,0,37.14693832397461,20.0,250.0,0.07455190575641135,31.442906618118286,0.026098588783342525,interior,ms,,,,,,,,,,,,,
alignment_value,69#3,aligned,tau_AC_transient_state,0,31.4428768157959,15.0,180.0,0.0996537988836115,15.0,0.0996537988836115,interior,ms,,,,,,,,,,,,,
alignment_value,69#3,aligned,delay_H1,0,0.08961735665798187,0.0,20.0,0.004480867832899094,0.0,0.004480867832899094,lower,ms,,,,,,,,,,,,,
alignment_value,69#3,aligned,delay_BC_sustained,0,19.542205810546875,0.0,30.0,0.6514068603515625,18.228877782821655,0.11157203225777376,interior,ms,,,,,,,,,,,,,
alignment_value,69#3,aligned,delay_BC_transient,0,18.22887420654297,0.0,20.0,0.9114437103271484,0.0,0.9114437103271484,interior,ms,,,,,,,,,,,,,
alignment_value,69#3,aligned,delay_AC_local_downstream,0,22.52533531188965,0.0,40.0,0.5631333827972412,20.58290195465088,0.10003726368905218,interior,ms,,,,,,,,,,,,,
alignment_value,69#3,aligned,delay_AC_transient_downstream,0,20.582897186279297,0.0,25.0,0.8233158874511719,0.0,0.8233158874511719,interior,ms,,,,,,,,,,,,,
alignment_value,69#4,zero,H1_effective_amplitude,0,0.025250041857361794,,,,,,,,,,,,,,,,,,,,
alignment_value,69#4,zero,BC_effective_weights,0,0.031723376363515854,,,,,,,,,,,,,,,,,,,,
alignment_value,69#4,zero,BC_effective_weights,1,0.024550890550017357,,,,,,,,,,,,,,,,,,,,
alignment_value,69#4,zero,BC_effective_weights,2,0.022307138890028,,,,,,,,,,,,,,,,,,,,
alignment_value,69#4,zero,BC_effective_weights,3,0.0317237563431263,,,,,,,,,,,,,,,,,,,,
alignment_value,69#4,zero,BC_effective_weights,4,0.02440715581178665,,,,,,,,,,,,,,,,,,,,
alignment_value,69#4,zero,BC_effective_weights,5,0.022423062473535538,,,,,,,,,,,,,,,,,,,,
alignment_value,69#4,zero,BC_effective_weights,6,0.14973069727420807,,,,,,,,,,,,,,,,,,,,
alignment_value,69#4,zero,BC_effective_weights,7,0.20262451469898224,,,,,,,,,,,,,,,,,,,,
alignment_value,69#4,zero,BC_effective_weights,8,0.0863298699259758,,,,,,,,,,,,,,,,,,,,
alignment_value,69#4,zero,BC_effective_weights,9,0.14842280745506287,,,,,,,,,,,,,,,,,,,,
alignment_value,69#4,zero,BC_effective_weights,10,0.18343621492385864,,,,,,,,,,,,,,,,,,,,
alignment_value,69#4,zero,BC_effective_weights,11,0.07232049852609634,,,,,,,,,,,,,,,,,,,,
alignment_value,69#4,zero,AC_effective_gates,0,0.2659921646118164,,,,,,,,,,,,,,,,,,,,
alignment_value,69#4,zero,AC_effective_gates,1,0.7340077757835388,,,,,,,,,,,,,,,,,,,,
alignment_value,69#4,zero,cell_BC_gains,0,0.7273563742637634,,,,,,,,,,,,,,,,,,,,
alignment_value,69#4,zero,cell_AC_gains,0,1.352407693862915,,,,,,,,,,,,,,,,,,,,
alignment_value,69#4,zero,history_gate,0,0.0,,,,,,,,,,,,,,,,,,,,
alignment_value,69#4,zero,tau_H1,0,35.57514572143555,10.0,200.0,0.13460603011281866,10.0,0.13460603011281866,interior,ms,,,,,,,,,,,,,
alignment_value,69#4,zero,tau_BC_sustained_basis,0,23.66720962524414,20.0,200.0,0.020373386806911892,20.0,0.020373386806911892,lower,ms,,,,,,,,,,,,,
alignment_value,69#4,zero,tau_BC_sustained_basis,1,55.743797302246094,20.0,200.0,0.19857665167914496,20.0,0.19857665167914496,interior,ms,,,,,,,,,,,,,
alignment_value,69#4,zero,tau_BC_sustained_basis,2,102.4028091430664,20.0,200.0,0.4577933841281467,20.0,0.4577933841281467,interior,ms,,,,,,,,,,,,,
alignment_value,69#4,zero,tau_BC_transient_basis,0,8.846705436706543,5.0,120.0,0.03344961249310038,5.0,0.03344961249310038,lower,ms,,,,,,,,,,,,,
alignment_value,69#4,zero,tau_BC_transient_basis,1,10.13648796081543,5.0,120.0,0.044665112702742864,5.0,0.044665112702742864,lower,ms,,,,,,,,,,,,,
alignment_value,69#4,zero,tau_BC_transient_basis,2,10.827350616455078,5.0,120.0,0.05067261405613111,5.0,0.05067261405613111,interior,ms,,,,,,,,,,,,,
alignment_value,69#4,zero,tau_AC_local_state,0,26.335575103759766,20.0,250.0,0.02754597871199898,20.0,0.02754597871199898,lower,ms,,,,,,,,,,,,,
alignment_value,69#4,zero,tau_AC_transient_state,0,17.05682373046875,15.0,180.0,0.012465598366477273,15.0,0.012465598366477273,lower,ms,,,,,,,,,,,,,
alignment_value,69#4,zero,delay_H1,0,15.55972671508789,0.0,20.0,0.7779863357543946,0.0,0.7779863357543946,interior,ms,,,,,,,,,,,,,
alignment_value,69#4,zero,delay_BC_sustained,0,11.613821983337402,0.0,30.0,0.3871273994445801,8.257571935653687,0.1543640865569823,interior,ms,,,,,,,,,,,,,
alignment_value,69#4,zero,delay_BC_transient,0,8.257568359375,0.0,20.0,0.41287841796875,0.0,0.41287841796875,interior,ms,,,,,,,,,,,,,
alignment_value,69#4,zero,delay_AC_local_downstream,0,16.569839477539062,0.0,40.0,0.4142459869384766,13.644561767578125,0.11099332457171308,interior,ms,,,,,,,,,,,,,
alignment_value,69#4,zero,delay_AC_transient_downstream,0,13.644556999206543,0.0,25.0,0.5457822799682617,0.0,0.5457822799682617,interior,ms,,,,,,,,,,,,,
alignment_value,69#4,aligned,H1_effective_amplitude,0,0.02538548968732357,,,,,,,,,,,,,,,,,,,,
alignment_value,69#4,aligned,BC_effective_weights,0,0.029226258397102356,,,,,,,,,,,,,,,,,,,,
alignment_value,69#4,aligned,BC_effective_weights,1,0.022800549864768982,,,,,,,,,,,,,,,,,,,,
alignment_value,69#4,aligned,BC_effective_weights,2,0.020777437835931778,,,,,,,,,,,,,,,,,,,,
alignment_value,69#4,aligned,BC_effective_weights,3,0.02954004518687725,,,,,,,,,,,,,,,,,,,,
alignment_value,69#4,aligned,BC_effective_weights,4,0.02284053899347782,,,,,,,,,,,,,,,,,,,,
alignment_value,69#4,aligned,BC_effective_weights,5,0.021031338721513748,,,,,,,,,,,,,,,,,,,,
alignment_value,69#4,aligned,BC_effective_weights,6,0.1509685218334198,,,,,,,,,,,,,,,,,,,,
alignment_value,69#4,aligned,BC_effective_weights,7,0.210857093334198,,,,,,,,,,,,,,,,,,,,
alignment_value,69#4,aligned,BC_effective_weights,8,0.08714469522237778,,,,,,,,,,,,,,,,,,,,
alignment_value,69#4,aligned,BC_effective_weights,9,0.14659492671489716,,,,,,,,,,,,,,,,,,,,
alignment_value,69#4,aligned,BC_effective_weights,10,0.18589572608470917,,,,,,,,,,,,,,,,,,,,
alignment_value,69#4,aligned,BC_effective_weights,11,0.07232285290956497,,,,,,,,,,,,,,,,,,,,
alignment_value,69#4,aligned,AC_effective_gates,0,0.25396764278411865,,,,,,,,,,,,,,,,,,,,
alignment_value,69#4,aligned,AC_effective_gates,1,0.7460323572158813,,,,,,,,,,,,,,,,,,,,
alignment_value,69#4,aligned,cell_BC_gains,0,0.7377343773841858,,,,,,,,,,,,,,,,,,,,
alignment_value,69#4,aligned,cell_AC_gains,0,1.3731175661087036,,,,,,,,,,,,,,,,,,,,
alignment_value,69#4,aligned,history_gate,0,0.0,,,,,,,,,,,,,,,,,,,,
alignment_value,69#4,aligned,tau_H1,0,35.31278991699219,10.0,200.0,0.13322521008943256,10.0,0.13322521008943256,interior,ms,,,,,,,,,,,,,
alignment_value,69#4,aligned,tau_BC_sustained_basis,0,23.64798927307129,20.0,200.0,0.02026660707261827,20.0,0.02026660707261827,lower,ms,,,,,,,,,,,,,
alignment_value,69#4,aligned,tau_BC_sustained_basis,1,55.54706573486328,20.0,200.0,0.19748369852701822,20.0,0.19748369852701822,interior,ms,,,,,,,,,,,,,
alignment_value,69#4,aligned,tau_BC_sustained_basis,2,102.99736022949219,20.0,200.0,0.46109644571940106,20.0,0.46109644571940106,interior,ms,,,,,,,,,,,,,
alignment_value,69#4,aligned,tau_BC_transient_basis,0,8.900457382202148,5.0,120.0,0.033917020714801294,5.0,0.033917020714801294,lower,ms,,,,,,,,,,,,,
alignment_value,69#4,aligned,tau_BC_transient_basis,1,9.994247436523438,5.0,120.0,0.04342823857846467,5.0,0.04342823857846467,lower,ms,,,,,,,,,,,,,
alignment_value,69#4,aligned,tau_BC_transient_basis,2,10.666252136230469,5.0,120.0,0.0492717577063519,5.0,0.0492717577063519,lower,ms,,,,,,,,,,,,,
alignment_value,69#4,aligned,tau_AC_local_state,0,26.429798126220703,20.0,250.0,0.027955644027046537,20.0,0.027955644027046537,lower,ms,,,,,,,,,,,,,
alignment_value,69#4,aligned,tau_AC_transient_state,0,17.10779571533203,15.0,180.0,0.012774519486860796,15.0,0.012774519486860796,lower,ms,,,,,,,,,,,,,
alignment_value,69#4,aligned,delay_H1,0,16.349246978759766,0.0,20.0,0.8174623489379883,0.0,0.8174623489379883,interior,ms,,,,,,,,,,,,,
alignment_value,69#4,aligned,delay_BC_sustained,0,10.846952438354492,0.0,30.0,0.3615650812784831,7.596425771713257,0.14508964656796244,interior,ms,,,,,,,,,,,,,
alignment_value,69#4,aligned,delay_BC_transient,0,7.59642219543457,0.0,20.0,0.3798211097717285,0.0,0.3798211097717285,interior,ms,,,,,,,,,,,,,
alignment_value,69#4,aligned,delay_AC_local_downstream,0,17.82513999938965,0.0,40.0,0.4456284999847412,15.046000480651855,0.11137050461922869,interior,ms,,,,,,,,,,,,,
alignment_value,69#4,aligned,delay_AC_transient_downstream,0,15.045995712280273,0.0,25.0,0.601839828491211,0.0,0.601839828491211,interior,ms,,,,,,,,,,,,,
alignment_value,69#6,zero,H1_effective_amplitude,0,0.13874423503875732,,,,,,,,,,,,,,,,,,,,
alignment_value,69#6,zero,BC_effective_weights,0,0.026994451880455017,,,,,,,,,,,,,,,,,,,,
alignment_value,69#6,zero,BC_effective_weights,1,0.025530707091093063,,,,,,,,,,,,,,,,,,,,
alignment_value,69#6,zero,BC_effective_weights,2,0.028268638998270035,,,,,,,,,,,,,,,,,,,,
alignment_value,69#6,zero,BC_effective_weights,3,0.027051135897636414,,,,,,,,,,,,,,,,,,,,
alignment_value,69#6,zero,BC_effective_weights,4,0.025712622329592705,,,,,,,,,,,,,,,,,,,,
alignment_value,69#6,zero,BC_effective_weights,5,0.028157368302345276,,,,,,,,,,,,,,,,,,,,
alignment_value,69#6,zero,BC_effective_weights,6,0.2607886791229248,,,,,,,,,,,,,,,,,,,,
alignment_value,69#6,zero,BC_effective_weights,7,0.19327788054943085,,,,,,,,,,,,,,,,,,,,
alignment_value,69#6,zero,BC_effective_weights,8,0.05349446460604668,,,,,,,,,,,,,,,,,,,,
alignment_value,69#6,zero,BC_effective_weights,9,0.16570208966732025,,,,,,,,,,,,,,,,,,,,
alignment_value,69#6,zero,BC_effective_weights,10,0.12326127290725708,,,,,,,,,,,,,,,,,,,,
alignment_value,69#6,zero,BC_effective_weights,11,0.04176062345504761,,,,,,,,,,,,,,,,,,,,
alignment_value,69#6,zero,AC_effective_gates,0,0.1266629993915558,,,,,,,,,,,,,,,,,,,,
alignment_value,69#6,zero,AC_effective_gates,1,0.8733370304107666,,,,,,,,,,,,,,,,,,,,
alignment_value,69#6,zero,cell_BC_gains,0,0.7053185701370239,,,,,,,,,,,,,,,,,,,,
alignment_value,69#6,zero,cell_AC_gains,0,0.942418098449707,,,,,,,,,,,,,,,,,,,,
alignment_value,69#6,zero,history_gate,0,0.0,,,,,,,,,,,,,,,,,,,,
alignment_value,69#6,zero,tau_H1,0,13.023571014404297,10.0,200.0,0.015913531654759457,10.0,0.015913531654759457,lower,ms,,,,,,,,,,,,,
alignment_value,69#6,zero,tau_BC_sustained_basis,0,25.468280792236328,20.0,200.0,0.030379337734646267,20.0,0.030379337734646267,lower,ms,,,,,,,,,,,,,
alignment_value,69#6,zero,tau_BC_sustained_basis,1,41.99823760986328,20.0,200.0,0.12221243116590712,20.0,0.12221243116590712,interior,ms,,,,,,,,,,,,,
alignment_value,69#6,zero,tau_BC_sustained_basis,2,148.71047973632812,20.0,200.0,0.7150582207573785,20.0,0.7150582207573785,interior,ms,,,,,,,,,,,,,
alignment_value,69#6,zero,tau_BC_transient_basis,0,6.670897483825684,5.0,120.0,0.01452954333761464,5.0,0.01452954333761464,lower,ms,,,,,,,,,,,,,
alignment_value,69#6,zero,tau_BC_transient_basis,1,7.484335899353027,5.0,120.0,0.02160292086393937,5.0,0.02160292086393937,lower,ms,,,,,,,,,,,,,
alignment_value,69#6,zero,tau_BC_transient_basis,2,8.685797691345215,5.0,120.0,0.03205041470734969,5.0,0.03205041470734969,lower,ms,,,,,,,,,,,,,
alignment_value,69#6,zero,tau_AC_local_state,0,24.746557235717773,20.0,250.0,0.02063720537268597,20.0,0.02063720537268597,lower,ms,,,,,,,,,,,,,
alignment_value,69#6,zero,tau_AC_transient_state,0,15.656292915344238,15.0,180.0,0.003977532820268111,15.0,0.003977532820268111,lower,ms,,,,,,,,,,,,,
alignment_value,69#6,zero,delay_H1,0,18.78749656677246,0.0,20.0,0.9393748283386231,0.0,0.9393748283386231,interior,ms,,,,,,,,,,,,,
alignment_value,69#6,zero,delay_BC_sustained,0,18.41114044189453,0.0,30.0,0.6137046813964844,17.057328939437866,0.10460062657250793,interior,ms,,,,,,,,,,,,,
alignment_value,69#6,zero,delay_BC_transient,0,17.05732536315918,0.0,20.0,0.852866268157959,0.0,0.852866268157959,interior,ms,,,,,,,,,,,,,
alignment_value,69#6,zero,delay_AC_local_downstream,0,16.310232162475586,0.0,40.0,0.40775580406188966,14.316393852233887,0.07763077734374609,interior,ms,,,,,,,,,,,,,
alignment_value,69#6,zero,delay_AC_transient_downstream,0,14.316389083862305,0.0,25.0,0.5726555633544922,0.0,0.5726555633544922,interior,ms,,,,,,,,,,,,,
alignment_value,69#6,aligned,H1_effective_amplitude,0,0.16907086968421936,,,,,,,,,,,,,,,,,,,,
alignment_value,69#6,aligned,BC_effective_weights,0,0.02148646116256714,,,,,,,,,,,,,,,,,,,,
alignment_value,69#6,aligned,BC_effective_weights,1,0.020029837265610695,,,,,,,,,,,,,,,,,,,,
alignment_value,69#6,aligned,BC_effective_weights,2,0.020315278321504593,,,,,,,,,,,,,,,,,,,,
alignment_value,69#6,aligned,BC_effective_weights,3,0.021421276032924652,,,,,,,,,,,,,,,,,,,,
alignment_value,69#6,aligned,BC_effective_weights,4,0.020159797742962837,,,,,,,,,,,,,,,,,,,,
alignment_value,69#6,aligned,BC_effective_weights,5,0.02034200355410576,,,,,,,,,,,,,,,,,,,,
alignment_value,69#6,aligned,BC_effective_weights,6,0.2772911787033081,,,,,,,,,,,,,,,,,,,,
alignment_value,69#6,aligned,BC_effective_weights,7,0.22812362015247345,,,,,,,,,,,,,,,,,,,,
alignment_value,69#6,aligned,BC_effective_weights,8,0.05493355914950371,,,,,,,,,,,,,,,,,,,,
alignment_value,69#6,aligned,BC_effective_weights,9,0.1548570990562439,,,,,,,,,,,,,,,,,,,,
alignment_value,69#6,aligned,BC_effective_weights,10,0.12182145565748215,,,,,,,,,,,,,,,,,,,,
alignment_value,69#6,aligned,BC_effective_weights,11,0.03921845555305481,,,,,,,,,,,,,,,,,,,,
alignment_value,69#6,aligned,AC_effective_gates,0,0.12623149156570435,,,,,,,,,,,,,,,,,,,,
alignment_value,69#6,aligned,AC_effective_gates,1,0.8737685680389404,,,,,,,,,,,,,,,,,,,,
alignment_value,69#6,aligned,cell_BC_gains,0,0.8504717946052551,,,,,,,,,,,,,,,,,,,,
alignment_value,69#6,aligned,cell_AC_gains,0,1.0623576641082764,,,,,,,,,,,,,,,,,,,,
alignment_value,69#6,aligned,history_gate,0,0.0,,,,,,,,,,,,,,,,,,,,
alignment_value,69#6,aligned,tau_H1,0,10.998779296875,10.0,200.0,0.005256733141447368,10.0,0.005256733141447368,lower,ms,,,,,,,,,,,,,
alignment_value,69#6,aligned,tau_BC_sustained_basis,0,25.12276840209961,20.0,200.0,0.02845982445610894,20.0,0.02845982445610894,lower,ms,,,,,,,,,,,,,
alignment_value,69#6,aligned,tau_BC_sustained_basis,1,31.49957275390625,20.0,200.0,0.06388651529947917,20.0,0.06388651529947917,interior,ms,,,,,,,,,,,,,
alignment_value,69#6,aligned,tau_BC_sustained_basis,2,133.71559143066406,20.0,200.0,0.6317532857259115,20.0,0.6317532857259115,interior,ms,,,,,,,,,,,,,
alignment_value,69#6,aligned,tau_BC_transient_basis,0,6.667652130126953,5.0,120.0,0.014501322870669157,5.0,0.014501322870669157,lower,ms,,,,,,,,,,,,,
alignment_value,69#6,aligned,tau_BC_transient_basis,1,7.313262462615967,5.0,120.0,0.020115325761877974,5.0,0.020115325761877974,lower,ms,,,,,,,,,,,,,
alignment_value,69#6,aligned,tau_BC_transient_basis,2,8.571402549743652,5.0,120.0,0.031055674345596977,5.0,0.031055674345596977,lower,ms,,,,,,,,,,,,,
alignment_value,69#6,aligned,tau_AC_local_state,0,24.934547424316406,20.0,250.0,0.021454554018766985,20.0,0.021454554018766985,lower,ms,,,,,,,,,,,,,
alignment_value,69#6,aligned,tau_AC_transient_state,0,15.544717788696289,15.0,180.0,0.003301319931492661,15.0,0.003301319931492661,lower,ms,,,,,,,,,,,,,
alignment_value,69#6,aligned,delay_H1,0,18.37708854675293,0.0,20.0,0.9188544273376464,0.0,0.9188544273376464,interior,ms,,,,,,,,,,,,,
alignment_value,69#6,aligned,delay_BC_sustained,0,18.588409423828125,0.0,30.0,0.6196136474609375,17.632314443588257,0.07730589332004828,interior,ms,,,,,,,,,,,,,
alignment_value,69#6,aligned,delay_BC_transient,0,17.63231086730957,0.0,20.0,0.8816155433654785,0.0,0.8816155433654785,interior,ms,,,,,,,,,,,,,
alignment_value,69#6,aligned,delay_AC_local_downstream,0,16.81207275390625,0.0,40.0,0.42030181884765627,14.775686264038086,0.08073109584602571,interior,ms,,,,,,,,,,,,,
alignment_value,69#6,aligned,delay_AC_transient_downstream,0,14.775681495666504,0.0,25.0,0.5910272598266602,0.0,0.5910272598266602,interior,ms,,,,,,,,,,,,,
alignment_value,69#7,zero,H1_effective_amplitude,0,0.09010124951601028,,,,,,,,,,,,,,,,,,,,
alignment_value,69#7,zero,BC_effective_weights,0,0.028328070417046547,,,,,,,,,,,,,,,,,,,,
alignment_value,69#7,zero,BC_effective_weights,1,0.0256577730178833,,,,,,,,,,,,,,,,,,,,
alignment_value,69#7,zero,BC_effective_weights,2,0.025280000641942024,,,,,,,,,,,,,,,,,,,,
alignment_value,69#7,zero,BC_effective_weights,3,0.027208581566810608,,,,,,,,,,,,,,,,,,,,
alignment_value,69#7,zero,BC_effective_weights,4,0.025732623413205147,,,,,,,,,,,,,,,,,,,,
alignment_value,69#7,zero,BC_effective_weights,5,0.025383325293660164,,,,,,,,,,,,,,,,,,,,
alignment_value,69#7,zero,BC_effective_weights,6,0.18699082732200623,,,,,,,,,,,,,,,,,,,,
alignment_value,69#7,zero,BC_effective_weights,7,0.2162742167711258,,,,,,,,,,,,,,,,,,,,
alignment_value,69#7,zero,BC_effective_weights,8,0.05549798533320427,,,,,,,,,,,,,,,,,,,,
alignment_value,69#7,zero,BC_effective_weights,9,0.1698441207408905,,,,,,,,,,,,,,,,,,,,
alignment_value,69#7,zero,BC_effective_weights,10,0.1690698266029358,,,,,,,,,,,,,,,,,,,,
alignment_value,69#7,zero,BC_effective_weights,11,0.04473268985748291,,,,,,,,,,,,,,,,,,,,
alignment_value,69#7,zero,AC_effective_gates,0,0.1650972068309784,,,,,,,,,,,,,,,,,,,,
alignment_value,69#7,zero,AC_effective_gates,1,0.8349027633666992,,,,,,,,,,,,,,,,,,,,
alignment_value,69#7,zero,cell_BC_gains,0,0.7297829985618591,,,,,,,,,,,,,,,,,,,,
alignment_value,69#7,zero,cell_AC_gains,0,1.201694369316101,,,,,,,,,,,,,,,,,,,,
alignment_value,69#7,zero,history_gate,0,0.0,,,,,,,,,,,,,,,,,,,,
alignment_value,69#7,zero,tau_H1,0,18.535198211669922,10.0,200.0,0.04492209585089432,10.0,0.04492209585089432,lower,ms,,,,,,,,,,,,,
alignment_value,69#7,zero,tau_BC_sustained_basis,0,24.539447784423828,20.0,200.0,0.025219154357910157,20.0,0.025219154357910157,lower,ms,,,,,,,,,,,,,
alignment_value,69#7,zero,tau_BC_sustained_basis,1,81.11639404296875,20.0,200.0,0.3395355224609375,20.0,0.3395355224609375,interior,ms,,,,,,,,,,,,,
alignment_value,69#7,zero,tau_BC_sustained_basis,2,119.68317413330078,20.0,200.0,0.553795411851671,20.0,0.553795411851671,interior,ms,,,,,,,,,,,,,
alignment_value,69#7,zero,tau_BC_transient_basis,0,6.987890243530273,5.0,120.0,0.01728600211765455,5.0,0.01728600211765455,lower,ms,,,,,,,,,,,,,
alignment_value,69#7,zero,tau_BC_transient_basis,1,7.6434431076049805,5.0,120.0,0.022986461805260698,5.0,0.022986461805260698,lower,ms,,,,,,,,,,,,,
alignment_value,69#7,zero,tau_BC_transient_basis,2,8.55417537689209,5.0,120.0,0.03090587284253991,5.0,0.03090587284253991,lower,ms,,,,,,,,,,,,,
alignment_value,69#7,zero,tau_AC_local_state,0,26.030956268310547,20.0,250.0,0.026221548992654553,20.0,0.026221548992654553,lower,ms,,,,,,,,,,,,,
alignment_value,69#7,zero,tau_AC_transient_state,0,15.785655975341797,15.0,180.0,0.00476155136570786,15.0,0.00476155136570786,lower,ms,,,,,,,,,,,,,
alignment_value,69#7,zero,delay_H1,0,15.28624153137207,0.0,20.0,0.7643120765686036,0.0,0.7643120765686036,interior,ms,,,,,,,,,,,,,
alignment_value,69#7,zero,delay_BC_sustained,0,15.675103187561035,0.0,30.0,0.5225034395853678,12.568376302719116,0.1782236089301612,interior,ms,,,,,,,,,,,,,
alignment_value,69#7,zero,delay_BC_transient,0,12.56837272644043,0.0,20.0,0.6284186363220214,0.0,0.6284186363220214,interior,ms,,,,,,,,,,,,,
alignment_value,69#7,zero,delay_AC_local_downstream,0,16.03795051574707,0.0,40.0,0.40094876289367676,13.297016143798828,0.1026452469397618,interior,ms,,,,,,,,,,,,,
alignment_value,69#7,zero,delay_AC_transient_downstream,0,13.297011375427246,0.0,25.0,0.5318804550170898,0.0,0.5318804550170898,interior,ms,,,,,,,,,,,,,
alignment_value,69#7,aligned,H1_effective_amplitude,0,0.19231978058815002,,,,,,,,,,,,,,,,,,,,
alignment_value,69#7,aligned,BC_effective_weights,0,0.00907868705689907,,,,,,,,,,,,,,,,,,,,
alignment_value,69#7,aligned,BC_effective_weights,1,0.008333772420883179,,,,,,,,,,,,,,,,,,,,
alignment_value,69#7,aligned,BC_effective_weights,2,0.008059863932430744,,,,,,,,,,,,,,,,,,,,
alignment_value,69#7,aligned,BC_effective_weights,3,0.008640723302960396,,,,,,,,,,,,,,,,,,,,
alignment_value,69#7,aligned,BC_effective_weights,4,0.008399567566812038,,,,,,,,,,,,,,,,,,,,
alignment_value,69#7,aligned,BC_effective_weights,5,0.008143818937242031,,,,,,,,,,,,,,,,,,,,
alignment_value,69#7,aligned,BC_effective_weights,6,0.17666399478912354,,,,,,,,,,,,,,,,,,,,
alignment_value,69#7,aligned,BC_effective_weights,7,0.5504378080368042,,,,,,,,,,,,,,,,,,,,
alignment_value,69#7,aligned,BC_effective_weights,8,0.0468749925494194,,,,,,,,,,,,,,,,,,,,
alignment_value,69#7,aligned,BC_effective_weights,9,0.08065611124038696,,,,,,,,,,,,,,,,,,,,
alignment_value,69#7,aligned,BC_effective_weights,10,0.07651176303625107,,,,,,,,,,,,,,,,,,,,
alignment_value,69#7,aligned,BC_effective_weights,11,0.01819896697998047,,,,,,,,,,,,,,,,,,,,
alignment_value,69#7,aligned,AC_effective_gates,0,0.09670282900333405,,,,,,,,,,,,,,,,,,,,
alignment_value,69#7,aligned,AC_effective_gates,1,0.9032971262931824,,,,,,,,,,,,,,,,,,,,
alignment_value,69#7,aligned,cell_BC_gains,0,0.9839101433753967,,,,,,,,,,,,,,,,,,,,
alignment_value,69#7,aligned,cell_AC_gains,0,1.3582849502563477,,,,,,,,,,,,,,,,,,,,
alignment_value,69#7,aligned,history_gate,0,0.0,,,,,,,,,,,,,,,,,,,,
alignment_value,69#7,aligned,tau_H1,0,10.863018035888672,10.0,200.0,0.004542200188887746,10.0,0.004542200188887746,lower,ms,,,,,,,,,,,,,
alignment_value,69#7,aligned,tau_BC_sustained_basis,0,23.89031410217285,20.0,200.0,0.02161285612318251,20.0,0.02161285612318251,lower,ms,,,,,,,,,,,,,
alignment_value,69#7,aligned,tau_BC_sustained_basis,1,86.67861938476562,20.0,200.0,0.37043677435980904,20.0,0.37043677435980904,interior,ms,,,,,,,,,,,,,
alignment_value,69#7,aligned,tau_BC_sustained_basis,2,124.57355499267578,20.0,200.0,0.5809641944037544,20.0,0.5809641944037544,interior,ms,,,,,,,,,,,,,
alignment_value,69#7,aligned,tau_BC_transient_basis,0,6.162818908691406,5.0,120.0,0.01011146877122962,5.0,0.01011146877122962,lower,ms,,,,,,,,,,,,,
alignment_value,69#7,aligned,tau_BC_transient_basis,1,6.250797271728516,5.0,120.0,0.01087649801503057,5.0,0.01087649801503057,lower,ms,,,,,,,,,,,,,
alignment_value,69#7,aligned,tau_BC_transient_basis,2,6.984699726104736,5.0,120.0,0.017258258487867273,5.0,0.017258258487867273,lower,ms,,,,,,,,,,,,,
alignment_value,69#7,aligned,tau_AC_local_state,0,26.039993286132812,20.0,250.0,0.026260840374490488,20.0,0.026260840374490488,lower,ms,,,,,,,,,,,,,
alignment_value,69#7,aligned,tau_AC_transient_state,0,15.327752113342285,15.0,180.0,0.001986376444498698,15.0,0.001986376444498698,lower,ms,,,,,,,,,,,,,
alignment_value,69#7,aligned,delay_H1,0,13.25757884979248,0.0,20.0,0.662878942489624,0.0,0.662878942489624,interior,ms,,,,,,,,,,,,,
alignment_value,69#7,aligned,delay_BC_sustained,0,17.656408309936523,0.0,30.0,0.5885469436645507,15.64002776145935,0.14041674419574576,interior,ms,,,,,,,,,,,,,
alignment_value,69#7,aligned,delay_BC_transient,0,15.640024185180664,0.0,20.0,0.7820012092590332,0.0,0.7820012092590332,interior,ms,,,,,,,,,,,,,
alignment_value,69#7,aligned,delay_AC_local_downstream,0,16.241783142089844,0.0,40.0,0.40604457855224607,13.604870796203613,0.0999014752125921,interior,ms,,,,,,,,,,,,,
alignment_value,69#7,aligned,delay_AC_transient_downstream,0,13.604866027832031,0.0,25.0,0.5441946411132812,0.0,0.5441946411132812,interior,ms,,,,,,,,,,,,,
alignment_value,69#21,zero,H1_effective_amplitude,0,0.014004620723426342,,,,,,,,,,,,,,,,,,,,
alignment_value,69#21,zero,BC_effective_weights,0,0.048269305378198624,,,,,,,,,,,,,,,,,,,,
alignment_value,69#21,zero,BC_effective_weights,1,0.03344253450632095,,,,,,,,,,,,,,,,,,,,
alignment_value,69#21,zero,BC_effective_weights,2,0.029155388474464417,,,,,,,,,,,,,,,,,,,,
alignment_value,69#21,zero,BC_effective_weights,3,0.042959488928318024,,,,,,,,,,,,,,,,,,,,
alignment_value,69#21,zero,BC_effective_weights,4,0.03235023468732834,,,,,,,,,,,,,,,,,,,,
alignment_value,69#21,zero,BC_effective_weights,5,0.028793301433324814,,,,,,,,,,,,,,,,,,,,
alignment_value,69#21,zero,BC_effective_weights,6,0.24047887325286865,,,,,,,,,,,,,,,,,,,,
alignment_value,69#21,zero,BC_effective_weights,7,0.2919597029685974,,,,,,,,,,,,,,,,,,,,
alignment_value,69#21,zero,BC_effective_weights,8,0.06421224027872086,,,,,,,,,,,,,,,,,,,,
alignment_value,69#21,zero,BC_effective_weights,9,0.09017676115036011,,,,,,,,,,,,,,,,,,,,
alignment_value,69#21,zero,BC_effective_weights,10,0.07579860091209412,,,,,,,,,,,,,,,,,,,,
alignment_value,69#21,zero,BC_effective_weights,11,0.02240368165075779,,,,,,,,,,,,,,,,,,,,
alignment_value,69#21,zero,AC_effective_gates,0,0.43052980303764343,,,,,,,,,,,,,,,,,,,,
alignment_value,69#21,zero,AC_effective_gates,1,0.5694701671600342,,,,,,,,,,,,,,,,,,,,
alignment_value,69#21,zero,cell_BC_gains,0,0.5585870146751404,,,,,,,,,,,,,,,,,,,,
alignment_value,69#21,zero,cell_AC_gains,0,0.7671469449996948,,,,,,,,,,,,,,,,,,,,
alignment_value,69#21,zero,history_gate,0,0.0,,,,,,,,,,,,,,,,,,,,
alignment_value,69#21,zero,tau_H1,0,34.133460998535156,10.0,200.0,0.12701821578176398,10.0,0.12701821578176398,interior,ms,,,,,,,,,,,,,
alignment_value,69#21,zero,tau_BC_sustained_basis,0,24.294734954833984,20.0,200.0,0.02385963863796658,20.0,0.02385963863796658,lower,ms,,,,,,,,,,,,,
alignment_value,69#21,zero,tau_BC_sustained_basis,1,31.0469913482666,20.0,200.0,0.06137217415703668,20.0,0.06137217415703668,interior,ms,,,,,,,,,,,,,
alignment_value,69#21,zero,tau_BC_sustained_basis,2,80.65323638916016,20.0,200.0,0.3369624243842231,20.0,0.3369624243842231,interior,ms,,,,,,,,,,,,,
alignment_value,69#21,zero,tau_BC_transient_basis,0,7.3476667404174805,5.0,120.0,0.02041449339493461,5.0,0.02041449339493461,lower,ms,,,,,,,,,,,,,
alignment_value,69#21,zero,tau_BC_transient_basis,1,13.013547897338867,5.0,120.0,0.06968302519425101,5.0,0.06968302519425101,interior,ms,,,,,,,,,,,,,
alignment_value,69#21,zero,tau_BC_transient_basis,2,16.372875213623047,5.0,120.0,0.09889456707498302,5.0,0.09889456707498302,interior,ms,,,,,,,,,,,,,
alignment_value,69#21,zero,tau_AC_local_state,0,23.611339569091797,20.0,250.0,0.01570147638735564,20.0,0.01570147638735564,lower,ms,,,,,,,,,,,,,
alignment_value,69#21,zero,tau_AC_transient_state,0,16.95391845703125,15.0,180.0,0.011841930042613637,15.0,0.011841930042613637,lower,ms,,,,,,,,,,,,,
alignment_value,69#21,zero,delay_H1,0,3.178016185760498,0.0,20.0,0.1589008092880249,0.0,0.1589008092880249,interior,ms,,,,,,,,,,,,,
alignment_value,69#21,zero,delay_BC_sustained,0,16.428863525390625,0.0,30.0,0.5476287841796875,10.87728476524353,0.29031331021741247,interior,ms,,,,,,,,,,,,,
alignment_value,69#21,zero,delay_BC_transient,0,10.877281188964844,0.0,20.0,0.5438640594482422,0.0,0.5438640594482422,interior,ms,,,,,,,,,,,,,
alignment_value,69#21,zero,delay_AC_local_downstream,0,5.571681499481201,0.0,40.0,0.13929203748703003,3.1482081413269043,0.06576270069711497,interior,ms,,,,,,,,,,,,,
alignment_value,69#21,zero,delay_AC_transient_downstream,0,3.1482033729553223,0.0,25.0,0.1259281349182129,0.0,0.1259281349182129,interior,ms,,,,,,,,,,,,,
alignment_value,69#21,aligned,H1_effective_amplitude,0,0.14063242077827454,,,,,,,,,,,,,,,,,,,,
alignment_value,69#21,aligned,BC_effective_weights,0,0.004555580671876669,,,,,,,,,,,,,,,,,,,,
alignment_value,69#21,aligned,BC_effective_weights,1,0.00505067827180028,,,,,,,,,,,,,,,,,,,,
alignment_value,69#21,aligned,BC_effective_weights,2,0.0050936611369252205,,,,,,,,,,,,,,,,,,,,
alignment_value,69#21,aligned,BC_effective_weights,3,0.0044545684941112995,,,,,,,,,,,,,,,,,,,,
alignment_value,69#21,aligned,BC_effective_weights,4,0.004967895336449146,,,,,,,,,,,,,,,,,,,,
alignment_value,69#21,aligned,BC_effective_weights,5,0.004965645261108875,,,,,,,,,,,,,,,,,,,,
alignment_value,69#21,aligned,BC_effective_weights,6,0.1406443864107132,,,,,,,,,,,,,,,,,,,,
alignment_value,69#21,aligned,BC_effective_weights,7,0.5036782026290894,,,,,,,,,,,,,,,,,,,,
alignment_value,69#21,aligned,BC_effective_weights,8,0.03711456060409546,,,,,,,,,,,,,,,,,,,,
alignment_value,69#21,aligned,BC_effective_weights,9,0.09934476763010025,,,,,,,,,,,,,,,,,,,,
alignment_value,69#21,aligned,BC_effective_weights,10,0.17357665300369263,,,,,,,,,,,,,,,,,,,,
alignment_value,69#21,aligned,BC_effective_weights,11,0.016553383320569992,,,,,,,,,,,,,,,,,,,,
alignment_value,69#21,aligned,AC_effective_gates,0,0.468537837266922,,,,,,,,,,,,,,,,,,,,
alignment_value,69#21,aligned,AC_effective_gates,1,0.5314621925354004,,,,,,,,,,,,,,,,,,,,
alignment_value,69#21,aligned,cell_BC_gains,0,0.7503257989883423,,,,,,,,,,,,,,,,,,,,
alignment_value,69#21,aligned,cell_AC_gains,0,0.7749383449554443,,,,,,,,,,,,,,,,,,,,
alignment_value,69#21,aligned,history_gate,0,0.0,,,,,,,,,,,,,,,,,,,,
alignment_value,69#21,aligned,tau_H1,0,17.60787582397461,10.0,200.0,0.04004145170512952,10.0,0.04004145170512952,lower,ms,,,,,,,,,,,,,
alignment_value,69#21,aligned,tau_BC_sustained_basis,0,24.439563751220703,20.0,200.0,0.02466424306233724,20.0,0.02466424306233724,lower,ms,,,,,,,,,,,,,
alignment_value,69#21,aligned,tau_BC_sustained_basis,1,27.79399871826172,20.0,200.0,0.04329999287923177,20.0,0.04329999287923177,lower,ms,,,,,,,,,,,,,
alignment_value,69#21,aligned,tau_BC_sustained_basis,2,27.647851943969727,20.0,200.0,0.04248806635538737,20.0,0.04248806635538737,lower,ms,,,,,,,,,,,,,
alignment_value,69#21,aligned,tau_BC_transient_basis,0,9.4649019241333,5.0,120.0,0.03882523412289827,5.0,0.03882523412289827,lower,ms,,,,,,,,,,,,,
alignment_value,69#21,aligned,tau_BC_transient_basis,1,9.53299617767334,5.0,120.0,0.039417358066724695,5.0,0.039417358066724695,lower,ms,,,,,,,,,,,,,
alignment_value,69#21,aligned,tau_BC_transient_basis,2,10.940483093261719,5.0,120.0,0.05165637472401494,5.0,0.05165637472401494,interior,ms,,,,,,,,,,,,,
alignment_value,69#21,aligned,tau_AC_local_state,0,24.414642333984375,20.0,250.0,0.01919409710427989,20.0,0.01919409710427989,lower,ms,,,,,,,,,,,,,
alignment_value,69#21,aligned,tau_AC_transient_state,0,16.460296630859375,15.0,180.0,0.00885028261126894,15.0,0.00885028261126894,lower,ms,,,,,,,,,,,,,
alignment_value,69#21,aligned,delay_H1,0,18.07589340209961,0.0,20.0,0.9037946701049805,0.0,0.9037946701049805,interior,ms,,,,,,,,,,,,,
alignment_value,69#21,aligned,delay_BC_sustained,0,17.9272403717041,0.0,30.0,0.5975746790568034,16.637994527816772,0.09648595389152152,interior,ms,,,,,,,,,,,,,
alignment_value,69#21,aligned,delay_BC_transient,0,16.637990951538086,0.0,20.0,0.8318995475769043,0.0,0.8318995475769043,interior,ms,,,,,,,,,,,,,
alignment_value,69#21,aligned,delay_AC_local_downstream,0,13.832953453063965,0.0,40.0,0.34582383632659913,11.7061128616333,0.07516961458952927,interior,ms,,,,,,,,,,,,,
alignment_value,69#21,aligned,delay_AC_transient_downstream,0,11.706108093261719,0.0,25.0,0.46824432373046876,0.0,0.46824432373046876,interior,ms,,,,,,,,,,,,,
alignment_value,70#1,zero,H1_effective_amplitude,0,0.028718838468194008,,,,,,,,,,,,,,,,,,,,
alignment_value,70#1,zero,BC_effective_weights,0,0.0695590078830719,,,,,,,,,,,,,,,,,,,,
alignment_value,70#1,zero,BC_effective_weights,1,0.052174728363752365,,,,,,,,,,,,,,,,,,,,
alignment_value,70#1,zero,BC_effective_weights,2,0.056003812700510025,,,,,,,,,,,,,,,,,,,,
alignment_value,70#1,zero,BC_effective_weights,3,0.06982702761888504,,,,,,,,,,,,,,,,,,,,
alignment_value,70#1,zero,BC_effective_weights,4,0.0528901182115078,,,,,,,,,,,,,,,,,,,,
alignment_value,70#1,zero,BC_effective_weights,5,0.054900795221328735,,,,,,,,,,,,,,,,,,,,
alignment_value,70#1,zero,BC_effective_weights,6,0.1746404618024826,,,,,,,,,,,,,,,,,,,,
alignment_value,70#1,zero,BC_effective_weights,7,0.23676973581314087,,,,,,,,,,,,,,,,,,,,
alignment_value,70#1,zero,BC_effective_weights,8,0.1036665141582489,,,,,,,,,,,,,,,,,,,,
alignment_value,70#1,zero,BC_effective_weights,9,0.057648710906505585,,,,,,,,,,,,,,,,,,,,
alignment_value,70#1,zero,BC_effective_weights,10,0.045987650752067566,,,,,,,,,,,,,,,,,,,,
alignment_value,70#1,zero,BC_effective_weights,11,0.025931457057595253,,,,,,,,,,,,,,,,,,,,
alignment_value,70#1,zero,AC_effective_gates,0,0.10451599210500717,,,,,,,,,,,,,,,,,,,,
alignment_value,70#1,zero,AC_effective_gates,1,0.8954840302467346,,,,,,,,,,,,,,,,,,,,
alignment_value,70#1,zero,cell_BC_gains,0,0.5057801008224487,,,,,,,,,,,,,,,,,,,,
alignment_value,70#1,zero,cell_AC_gains,0,0.8991384506225586,,,,,,,,,,,,,,,,,,,,
alignment_value,70#1,zero,history_gate,0,0.0,,,,,,,,,,,,,,,,,,,,
alignment_value,70#1,zero,tau_H1,0,53.62296676635742,10.0,200.0,0.22959456192819697,10.0,0.22959456192819697,interior,ms,,,,,,,,,,,,,
alignment_value,70#1,zero,tau_BC_sustained_basis,0,23.09359359741211,20.0,200.0,0.01718663109673394,20.0,0.01718663109673394,lower,ms,,,,,,,,,,,,,
alignment_value,70#1,zero,tau_BC_sustained_basis,1,75.81587219238281,20.0,200.0,0.3100881788465712,20.0,0.3100881788465712,interior,ms,,,,,,,,,,,,,
alignment_value,70#1,zero,tau_BC_sustained_basis,2,119.31011962890625,20.0,200.0,0.5517228868272569,20.0,0.5517228868272569,interior,ms,,,,,,,,,,,,,
alignment_value,70#1,zero,tau_BC_transient_basis,0,9.88066291809082,5.0,120.0,0.04244054711383322,5.0,0.04244054711383322,lower,ms,,,,,,,,,,,,,
alignment_value,70#1,zero,tau_BC_transient_basis,1,13.298150062561035,5.0,120.0,0.07215782663096552,5.0,0.07215782663096552,interior,ms,,,,,,,,,,,,,
alignment_value,70#1,zero,tau_BC_transient_basis,2,13.637645721435547,5.0,120.0,0.07510996279509172,5.0,0.07510996279509172,interior,ms,,,,,,,,,,,,,
alignment_value,70#1,zero,tau_AC_local_state,0,23.789804458618164,20.0,250.0,0.01647741068964419,20.0,0.01647741068964419,lower,ms,,,,,,,,,,,,,
alignment_value,70#1,zero,tau_AC_transient_state,0,15.997605323791504,15.0,180.0,0.00604609287146366,15.0,0.00604609287146366,lower,ms,,,,,,,,,,,,,
alignment_value,70#1,zero,delay_H1,0,1.9901459217071533,0.0,20.0,0.09950729608535766,0.0,0.09950729608535766,interior,ms,,,,,,,,,,,,,
alignment_value,70#1,zero,delay_BC_sustained,0,20.922096252441406,0.0,30.0,0.6974032084147136,14.635900259017944,0.40914834578011244,interior,ms,,,,,,,,,,,,,
alignment_value,70#1,zero,delay_BC_transient,0,14.635896682739258,0.0,20.0,0.7317948341369629,0.0,0.7317948341369629,interior,ms,,,,,,,,,,,,,
alignment_value,70#1,zero,delay_AC_local_downstream,0,4.471296310424805,0.0,40.0,0.11178240776062012,1.7663801908493042,0.0707470580362918,interior,ms,,,,,,,,,,,,,
alignment_value,70#1,zero,delay_AC_transient_downstream,0,1.7663754224777222,0.0,25.0,0.07065501689910889,0.0,0.07065501689910889,interior,ms,,,,,,,,,,,,,
alignment_value,70#1,aligned,H1_effective_amplitude,0,0.1914614886045456,,,,,,,,,,,,,,,,,,,,
alignment_value,70#1,aligned,BC_effective_weights,0,0.05364175885915756,,,,,,,,,,,,,,,,,,,,
alignment_value,70#1,aligned,BC_effective_weights,1,0.03620122745633125,,,,,,,,,,,,,,,,,,,,
alignment_value,70#1,aligned,BC_effective_weights,2,0.04040079936385155,,,,,,,,,,,,,,,,,,,,
alignment_value,70#1,aligned,BC_effective_weights,3,0.04711918532848358,,,,,,,,,,,,,,,,,,,,
alignment_value,70#1,aligned,BC_effective_weights,4,0.03500554710626602,,,,,,,,,,,,,,,,,,,,
alignment_value,70#1,aligned,BC_effective_weights,5,0.03799285367131233,,,,,,,,,,,,,,,,,,,,
alignment_value,70#1,aligned,BC_effective_weights,6,0.1447933465242386,,,,,,,,,,,,,,,,,,,,
alignment_value,70#1,aligned,BC_effective_weights,7,0.2947861850261688,,,,,,,,,,,,,,,,,,,,
alignment_value,70#1,aligned,BC_effective_weights,8,0.1753966510295868,,,,,,,,,,,,,,,,,,,,
alignment_value,70#1,aligned,BC_effective_weights,9,0.0569494292140007,,,,,,,,,,,,,,,,,,,,
alignment_value,70#1,aligned,BC_effective_weights,10,0.05092993006110191,,,,,,,,,,,,,,,,,,,,
alignment_value,70#1,aligned,BC_effective_weights,11,0.026783110573887825,,,,,,,,,,,,,,,,,,,,
alignment_value,70#1,aligned,AC_effective_gates,0,0.16245713829994202,,,,,,,,,,,,,,,,,,,,
alignment_value,70#1,aligned,AC_effective_gates,1,0.8375428318977356,,,,,,,,,,,,,,,,,,,,
alignment_value,70#1,aligned,cell_BC_gains,0,0.46575039625167847,,,,,,,,,,,,,,,,,,,,
alignment_value,70#1,aligned,cell_AC_gains,0,0.8180606961250305,,,,,,,,,,,,,,,,,,,,
alignment_value,70#1,aligned,history_gate,0,0.0,,,,,,,,,,,,,,,,,,,,
alignment_value,70#1,aligned,tau_H1,0,11.619587898254395,10.0,200.0,0.008524146832917866,10.0,0.008524146832917866,lower,ms,,,,,,,,,,,,,
alignment_value,70#1,aligned,tau_BC_sustained_basis,0,20.971586227416992,20.0,200.0,0.005397701263427734,20.0,0.005397701263427734,lower,ms,,,,,,,,,,,,,
alignment_value,70#1,aligned,tau_BC_sustained_basis,1,97.00566101074219,20.0,200.0,0.4278092278374566,20.0,0.4278092278374566,interior,ms,,,,,,,,,,,,,
alignment_value,70#1,aligned,tau_BC_sustained_basis,2,136.61233520507812,20.0,200.0,0.6478463066948785,20.0,0.6478463066948785,interior,ms,,,,,,,,,,,,,
alignment_value,70#1,aligned,tau_BC_transient_basis,0,11.543234825134277,5.0,120.0,0.056897694131602415,5.0,0.056897694131602415,interior,ms,,,,,,,,,,,,,
alignment_value,70#1,aligned,tau_BC_transient_basis,1,11.556891441345215,5.0,120.0,0.05701644731604535,5.0,0.05701644731604535,interior,ms,,,,,,,,,,,,,
alignment_value,70#1,aligned,tau_BC_transient_basis,2,11.574888229370117,5.0,120.0,0.05717294112495754,5.0,0.05717294112495754,interior,ms,,,,,,,,,,,,,
alignment_value,70#1,aligned,tau_AC_local_state,0,22.975317001342773,20.0,250.0,0.012936160875403363,20.0,0.012936160875403363,lower,ms,,,,,,,,,,,,,
alignment_value,70#1,aligned,tau_AC_transient_state,0,15.730478286743164,15.0,180.0,0.004427141131776752,15.0,0.004427141131776752,lower,ms,,,,,,,,,,,,,
alignment_value,70#1,aligned,delay_H1,0,19.948089599609375,0.0,20.0,0.9974044799804688,0.0,0.9974044799804688,upper,ms,,,,,,,,,,,,,
alignment_value,70#1,aligned,delay_BC_sustained,0,24.231246948242188,0.0,30.0,0.8077082316080729,19.71689200401306,0.4390068592093837,interior,ms,,,,,,,,,,,,,
alignment_value,70#1,aligned,delay_BC_transient,0,19.716888427734375,0.0,20.0,0.9858444213867188,0.0,0.9858444213867188,upper,ms,,,,,,,,,,,,,
alignment_value,70#1,aligned,delay_AC_local_downstream,0,15.888198852539062,0.0,40.0,0.39720497131347654,14.489319801330566,0.05483503537790645,interior,ms,,,,,,,,,,,,,
alignment_value,70#1,aligned,delay_AC_transient_downstream,0,14.489315032958984,0.0,25.0,0.5795726013183594,0.0,0.5795726013183594,interior,ms,,,,,,,,,,,,,
alignment_value,70#7,zero,H1_effective_amplitude,0,0.05040350183844566,,,,,,,,,,,,,,,,,,,,
alignment_value,70#7,zero,BC_effective_weights,0,0.03363924100995064,,,,,,,,,,,,,,,,,,,,
alignment_value,70#7,zero,BC_effective_weights,1,0.024994734674692154,,,,,,,,,,,,,,,,,,,,
alignment_value,70#7,zero,BC_effective_weights,2,0.024372704327106476,,,,,,,,,,,,,,,,,,,,
alignment_value,70#7,zero,BC_effective_weights,3,0.03233892843127251,,,,,,,,,,,,,,,,,,,,
alignment_value,70#7,zero,BC_effective_weights,4,0.024611379951238632,,,,,,,,,,,,,,,,,,,,
alignment_value,70#7,zero,BC_effective_weights,5,0.02376541867852211,,,,,,,,,,,,,,,,,,,,
alignment_value,70#7,zero,BC_effective_weights,6,0.155293807387352,,,,,,,,,,,,,,,,,,,,
alignment_value,70#7,zero,BC_effective_weights,7,0.24522948265075684,,,,,,,,,,,,,,,,,,,,
alignment_value,70#7,zero,BC_effective_weights,8,0.10985636711120605,,,,,,,,,,,,,,,,,,,,
alignment_value,70#7,zero,BC_effective_weights,9,0.12377016991376877,,,,,,,,,,,,,,,,,,,,
alignment_value,70#7,zero,BC_effective_weights,10,0.1483577936887741,,,,,,,,,,,,,,,,,,,,
alignment_value,70#7,zero,BC_effective_weights,11,0.05377009138464928,,,,,,,,,,,,,,,,,,,,
alignment_value,70#7,zero,AC_effective_gates,0,0.2389565110206604,,,,,,,,,,,,,,,,,,,,
alignment_value,70#7,zero,AC_effective_gates,1,0.7610434889793396,,,,,,,,,,,,,,,,,,,,
alignment_value,70#7,zero,cell_BC_gains,0,0.7129973769187927,,,,,,,,,,,,,,,,,,,,
alignment_value,70#7,zero,cell_AC_gains,0,0.9832143187522888,,,,,,,,,,,,,,,,,,,,
alignment_value,70#7,zero,history_gate,0,1.0,,,,,,,,,,,,,,,,,,,,
alignment_value,70#7,zero,tau_H1,0,18.559219360351562,10.0,200.0,0.04504852294921875,10.0,0.04504852294921875,lower,ms,,,,,,,,,,,,,
alignment_value,70#7,zero,tau_BC_sustained_basis,0,23.507410049438477,20.0,200.0,0.019485611385769316,20.0,0.019485611385769316,lower,ms,,,,,,,,,,,,,
alignment_value,70#7,zero,tau_BC_sustained_basis,1,58.09981155395508,20.0,200.0,0.21166561974419487,20.0,0.21166561974419487,interior,ms,,,,,,,,,,,,,
alignment_value,70#7,zero,tau_BC_sustained_basis,2,116.5047607421875,20.0,200.0,0.5361375596788195,20.0,0.5361375596788195,interior,ms,,,,,,,,,,,,,
alignment_value,70#7,zero,tau_BC_transient_basis,0,9.22439193725586,5.0,120.0,0.03673384293265965,5.0,0.03673384293265965,lower,ms,,,,,,,,,,,,,
alignment_value,70#7,zero,tau_BC_transient_basis,1,9.550943374633789,5.0,120.0,0.03957342064898947,5.0,0.03957342064898947,lower,ms,,,,,,,,,,,,,
alignment_value,70#7,zero,tau_BC_transient_basis,2,9.993810653686523,5.0,120.0,0.04342444046683933,5.0,0.04342444046683933,lower,ms,,,,,,,,,,,,,
alignment_value,70#7,zero,tau_AC_local_state,0,24.908109664916992,20.0,250.0,0.021339607238769532,20.0,0.021339607238769532,lower,ms,,,,,,,,,,,,,
alignment_value,70#7,zero,tau_AC_transient_state,0,16.141542434692383,15.0,180.0,0.006918438998135654,15.0,0.006918438998135654,lower,ms,,,,,,,,,,,,,
alignment_value,70#7,zero,delay_H1,0,18.471105575561523,0.0,20.0,0.9235552787780762,0.0,0.9235552787780762,interior,ms,,,,,,,,,,,,,
alignment_value,70#7,zero,delay_BC_sustained,0,20.593381881713867,0.0,30.0,0.6864460627237956,18.105350255966187,0.2091723320390869,interior,ms,,,,,,,,,,,,,
alignment_value,70#7,zero,delay_BC_transient,0,18.1053466796875,0.0,20.0,0.905267333984375,0.0,0.905267333984375,interior,ms,,,,,,,,,,,,,
alignment_value,70#7,zero,delay_AC_local_downstream,0,11.173773765563965,0.0,40.0,0.27934434413909914,8.497905731201172,0.08494254418548611,interior,ms,,,,,,,,,,,,,
alignment_value,70#7,zero,delay_AC_transient_downstream,0,8.49790096282959,0.0,25.0,0.3399160385131836,0.0,0.3399160385131836,interior,ms,,,,,,,,,,,,,
alignment_value,70#7,aligned,H1_effective_amplitude,0,0.08548922091722488,,,,,,,,,,,,,,,,,,,,
alignment_value,70#7,aligned,BC_effective_weights,0,0.033296823501586914,,,,,,,,,,,,,,,,,,,,
alignment_value,70#7,aligned,BC_effective_weights,1,0.024226760491728783,,,,,,,,,,,,,,,,,,,,
alignment_value,70#7,aligned,BC_effective_weights,2,0.02402547188103199,,,,,,,,,,,,,,,,,,,,
alignment_value,70#7,aligned,BC_effective_weights,3,0.03149142861366272,,,,,,,,,,,,,,,,,,,,
alignment_value,70#7,aligned,BC_effective_weights,4,0.02359449490904808,,,,,,,,,,,,,,,,,,,,
alignment_value,70#7,aligned,BC_effective_weights,5,0.023138420656323433,,,,,,,,,,,,,,,,,,,,
alignment_value,70#7,aligned,BC_effective_weights,6,0.1555306613445282,,,,,,,,,,,,,,,,,,,,
alignment_value,70#7,aligned,BC_effective_weights,7,0.25972577929496765,,,,,,,,,,,,,,,,,,,,
alignment_value,70#7,aligned,BC_effective_weights,8,0.11833420395851135,,,,,,,,,,,,,,,,,,,,
alignment_value,70#7,aligned,BC_effective_weights,9,0.1166861280798912,,,,,,,,,,,,,,,,,,,,
alignment_value,70#7,aligned,BC_effective_weights,10,0.13938675820827484,,,,,,,,,,,,,,,,,,,,
alignment_value,70#7,aligned,BC_effective_weights,11,0.0505630187690258,,,,,,,,,,,,,,,,,,,,
alignment_value,70#7,aligned,AC_effective_gates,0,0.2429780215024948,,,,,,,,,,,,,,,,,,,,
alignment_value,70#7,aligned,AC_effective_gates,1,0.7570220232009888,,,,,,,,,,,,,,,,,,,,
alignment_value,70#7,aligned,cell_BC_gains,0,0.6540153622627258,,,,,,,,,,,,,,,,,,,,
alignment_value,70#7,aligned,cell_AC_gains,0,0.9008393883705139,,,,,,,,,,,,,,,,,,,,
alignment_value,70#7,aligned,history_gate,0,1.0,,,,,,,,,,,,,,,,,,,,
alignment_value,70#7,aligned,tau_H1,0,14.956487655639648,10.0,200.0,0.02608677713494552,10.0,0.02608677713494552,lower,ms,,,,,,,,,,,,,
alignment_value,70#7,aligned,tau_BC_sustained_basis,0,23.330900192260742,20.0,200.0,0.018505001068115236,20.0,0.018505001068115236,lower,ms,,,,,,,,,,,,,
alignment_value,70#7,aligned,tau_BC_sustained_basis,1,57.92191696166992,20.0,200.0,0.21067731645372179,20.0,0.21067731645372179,interior,ms,,,,,,,,,,,,,
alignment_value,70#7,aligned,tau_BC_sustained_basis,2,119.5147476196289,20.0,200.0,0.5528597089979383,20.0,0.5528597089979383,interior,ms,,,,,,,,,,,,,
alignment_value,70#7,aligned,tau_BC_transient_basis,0,9.037200927734375,5.0,120.0,0.03510609502377717,5.0,0.03510609502377717,lower,ms,,,,,,,,,,,,,
alignment_value,70#7,aligned,tau_BC_transient_basis,1,9.299478530883789,5.0,120.0,0.03738676983377208,5.0,0.03738676983377208,lower,ms,,,,,,,,,,,,,
alignment_value,70#7,aligned,tau_BC_transient_basis,2,9.65538215637207,5.0,120.0,0.040481583968452785,5.0,0.040481583968452785,lower,ms,,,,,,,,,,,,,
alignment_value,70#7,aligned,tau_AC_local_state,0,24.628032684326172,20.0,250.0,0.020121881236200748,20.0,0.020121881236200748,lower,ms,,,,,,,,,,,,,
alignment_value,70#7,aligned,tau_AC_transient_state,0,16.009279251098633,15.0,180.0,0.00611684394605232,15.0,0.00611684394605232,lower,ms,,,,,,,,,,,,,
alignment_value,70#7,aligned,delay_H1,0,19.009872436523438,0.0,20.0,0.9504936218261719,0.0,0.9504936218261719,upper,ms,,,,,,,,,,,,,
alignment_value,70#7,aligned,delay_BC_sustained,0,20.986679077148438,0.0,30.0,0.6995559692382812,18.28872275352478,0.23037250906477086,interior,ms,,,,,,,,,,,,,
alignment_value,70#7,aligned,delay_BC_transient,0,18.288719177246094,0.0,20.0,0.9144359588623047,0.0,0.9144359588623047,interior,ms,,,,,,,,,,,,,
alignment_value,70#7,aligned,delay_AC_local_downstream,0,12.731342315673828,0.0,40.0,0.3182835578918457,10.303411483764648,0.08175790396199252,interior,ms,,,,,,,,,,,,,
alignment_value,70#7,aligned,delay_AC_transient_downstream,0,10.303406715393066,0.0,25.0,0.41213626861572267,0.0,0.41213626861572267,interior,ms,,,,,,,,,,,,,
alignment_value,70#15,zero,H1_effective_amplitude,0,0.018569421023130417,,,,,,,,,,,,,,,,,,,,
alignment_value,70#15,zero,BC_effective_weights,0,0.06635742634534836,,,,,,,,,,,,,,,,,,,,
alignment_value,70#15,zero,BC_effective_weights,1,0.06293229013681412,,,,,,,,,,,,,,,,,,,,
alignment_value,70#15,zero,BC_effective_weights,2,0.0629839077591896,,,,,,,,,,,,,,,,,,,,
alignment_value,70#15,zero,BC_effective_weights,3,0.06326165050268173,,,,,,,,,,,,,,,,,,,,
alignment_value,70#15,zero,BC_effective_weights,4,0.06068427115678787,,,,,,,,,,,,,,,,,,,,
alignment_value,70#15,zero,BC_effective_weights,5,0.06193569675087929,,,,,,,,,,,,,,,,,,,,
alignment_value,70#15,zero,BC_effective_weights,6,0.1278933882713318,,,,,,,,,,,,,,,,,,,,
alignment_value,70#15,zero,BC_effective_weights,7,0.12195603549480438,,,,,,,,,,,,,,,,,,,,
alignment_value,70#15,zero,BC_effective_weights,8,0.07429872453212738,,,,,,,,,,,,,,,,,,,,
alignment_value,70#15,zero,BC_effective_weights,9,0.12260924279689789,,,,,,,,,,,,,,,,,,,,
alignment_value,70#15,zero,BC_effective_weights,10,0.11254020035266876,,,,,,,,,,,,,,,,,,,,
alignment_value,70#15,zero,BC_effective_weights,11,0.06254713982343674,,,,,,,,,,,,,,,,,,,,
alignment_value,70#15,zero,AC_effective_gates,0,0.34590354561805725,,,,,,,,,,,,,,,,,,,,
alignment_value,70#15,zero,AC_effective_gates,1,0.6540964841842651,,,,,,,,,,,,,,,,,,,,
alignment_value,70#15,zero,cell_BC_gains,0,0.672248899936676,,,,,,,,,,,,,,,,,,,,
alignment_value,70#15,zero,cell_AC_gains,0,1.2167574167251587,,,,,,,,,,,,,,,,,,,,
alignment_value,70#15,zero,history_gate,0,0.6091353893280029,,,,,,,,,,,,,,,,,,,,
alignment_value,70#15,zero,tau_H1,0,31.84308624267578,10.0,200.0,0.11496361180355674,10.0,0.11496361180355674,interior,ms,,,,,,,,,,,,,
alignment_value,70#15,zero,tau_BC_sustained_basis,0,26.68892478942871,20.0,200.0,0.03716069327460395,20.0,0.03716069327460395,lower,ms,,,,,,,,,,,,,
alignment_value,70#15,zero,tau_BC_sustained_basis,1,72.54979705810547,20.0,200.0,0.29194331698947484,20.0,0.29194331698947484,interior,ms,,,,,,,,,,,,,
alignment_value,70#15,zero,tau_BC_sustained_basis,2,110.96302795410156,20.0,200.0,0.5053501553005643,20.510502815246582,0.5039432755541665,interior,ms,,,,,,,,,,,,,
alignment_value,70#15,zero,tau_BC_transient_basis,0,8.48184585571289,5.0,120.0,0.03027692048445992,5.0,0.03027692048445992,lower,ms,,,,,,,,,,,,,
alignment_value,70#15,zero,tau_BC_transient_basis,1,14.05854320526123,5.0,120.0,0.07876994091531504,5.0,0.07876994091531504,interior,ms,,,,,,,,,,,,,
alignment_value,70#15,zero,tau_BC_transient_basis,2,20.510478973388672,5.0,120.0,0.13487373020337975,5.0,0.13487373020337975,interior,ms,,,,,,,,,,,,,
alignment_value,70#15,zero,tau_AC_local_state,0,26.940780639648438,20.0,250.0,0.03017730712890625,20.0,0.03017730712890625,lower,ms,,,,,,,,,,,,,
alignment_value,70#15,zero,tau_AC_transient_state,0,16.913530349731445,15.0,180.0,0.011597153634736032,15.0,0.011597153634736032,lower,ms,,,,,,,,,,,,,
alignment_value,70#15,zero,delay_H1,0,3.0584490299224854,0.0,20.0,0.15292245149612427,0.0,0.15292245149612427,interior,ms,,,,,,,,,,,,,
alignment_value,70#15,zero,delay_BC_sustained,0,16.049598693847656,0.0,30.0,0.5349866231282552,10.541681051254272,0.28306235790982454,interior,ms,,,,,,,,,,,,,
alignment_value,70#15,zero,delay_BC_transient,0,10.541677474975586,0.0,20.0,0.5270838737487793,0.0,0.5270838737487793,interior,ms,,,,,,,,,,,,,
alignment_value,70#15,zero,delay_AC_local_downstream,0,8.72066879272461,0.0,40.0,0.21801671981811524,4.447934150695801,0.12018245747349254,interior,ms,,,,,,,,,,,,,
alignment_value,70#15,zero,delay_AC_transient_downstream,0,4.447929382324219,0.0,25.0,0.17791717529296874,0.0,0.17791717529296874,interior,ms,,,,,,,,,,,,,
alignment_value,70#15,aligned,H1_effective_amplitude,0,0.046656712889671326,,,,,,,,,,,,,,,,,,,,
alignment_value,70#15,aligned,BC_effective_weights,0,0.043398018926382065,,,,,,,,,,,,,,,,,,,,
alignment_value,70#15,aligned,BC_effective_weights,1,0.023388080298900604,,,,,,,,,,,,,,,,,,,,
alignment_value,70#15,aligned,BC_effective_weights,2,0.020879393443465233,,,,,,,,,,,,,,,,,,,,
alignment_value,70#15,aligned,BC_effective_weights,3,0.03554057702422142,,,,,,,,,,,,,,,,,,,,
alignment_value,70#15,aligned,BC_effective_weights,4,0.021792680025100708,,,,,,,,,,,,,,,,,,,,
alignment_value,70#15,aligned,BC_effective_weights,5,0.020167777314782143,,,,,,,,,,,,,,,,,,,,
alignment_value,70#15,aligned,BC_effective_weights,6,0.15968136489391327,,,,,,,,,,,,,,,,,,,,
alignment_value,70#15,aligned,BC_effective_weights,7,0.3052089214324951,,,,,,,,,,,,,,,,,,,,
alignment_value,70#15,aligned,BC_effective_weights,8,0.202448308467865,,,,,,,,,,,,,,,,,,,,
alignment_value,70#15,aligned,BC_effective_weights,9,0.07405964285135269,,,,,,,,,,,,,,,,,,,,
alignment_value,70#15,aligned,BC_effective_weights,10,0.06319544464349747,,,,,,,,,,,,,,,,,,,,
alignment_value,70#15,aligned,BC_effective_weights,11,0.03023979812860489,,,,,,,,,,,,,,,,,,,,
alignment_value,70#15,aligned,AC_effective_gates,0,0.4222992956638336,,,,,,,,,,,,,,,,,,,,
alignment_value,70#15,aligned,AC_effective_gates,1,0.577700674533844,,,,,,,,,,,,,,,,,,,,
alignment_value,70#15,aligned,cell_BC_gains,0,0.579294741153717,,,,,,,,,,,,,,,,,,,,
alignment_value,70#15,aligned,cell_AC_gains,0,0.9531078934669495,,,,,,,,,,,,,,,,,,,,
alignment_value,70#15,aligned,history_gate,0,0.004517817869782448,,,,,,,,,,,,,,,,,,,,
alignment_value,70#15,aligned,tau_H1,0,31.447765350341797,10.0,200.0,0.11288297552811472,10.0,0.11288297552811472,interior,ms,,,,,,,,,,,,,
alignment_value,70#15,aligned,tau_BC_sustained_basis,0,21.970577239990234,20.0,200.0,0.01094765133327908,20.0,0.01094765133327908,lower,ms,,,,,,,,,,,,,
alignment_value,70#15,aligned,tau_BC_sustained_basis,1,57.05630111694336,20.0,200.0,0.20586833953857422,20.0,0.20586833953857422,interior,ms,,,,,,,,,,,,,
alignment_value,70#15,aligned,tau_BC_sustained_basis,2,109.76438903808594,20.0,200.0,0.49869105021158855,20.0,0.49869105021158855,interior,ms,,,,,,,,,,,,,
alignment_value,70#15,aligned,tau_BC_transient_basis,0,9.492058753967285,5.0,120.0,0.03906138046928074,5.0,0.03906138046928074,lower,ms,,,,,,,,,,,,,
alignment_value,70#15,aligned,tau_BC_transient_basis,1,11.579917907714844,5.0,120.0,0.057216677458389945,5.0,0.057216677458389945,interior,ms,,,,,,,,,,,,,
alignment_value,70#15,aligned,tau_BC_transient_basis,2,11.701845169067383,5.0,120.0,0.058276914513629416,5.0,0.058276914513629416,interior,ms,,,,,,,,,,,,,
alignment_value,70#15,aligned,tau_AC_local_state,0,22.775575637817383,20.0,250.0,0.012067720164423404,20.0,0.012067720164423404,lower,ms,,,,,,,,,,,,,
alignment_value,70#15,aligned,tau_AC_transient_state,0,17.16939926147461,15.0,180.0,0.013147874311967329,15.0,0.013147874311967329,lower,ms,,,,,,,,,,,,,
alignment_value,70#15,aligned,delay_H1,0,16.98383140563965,0.0,20.0,0.8491915702819824,0.0,0.8491915702819824,interior,ms,,,,,,,,,,,,,
alignment_value,70#15,aligned,delay_BC_sustained,0,21.193634033203125,0.0,30.0,0.7064544677734375,17.585222005844116,0.290654575463019,interior,ms,,,,,,,,,,,,,
alignment_value,70#15,aligned,delay_BC_transient,0,17.58521842956543,0.0,20.0,0.8792609214782715,0.0,0.8792609214782715,interior,ms,,,,,,,,,,,,,
alignment_value,70#15,aligned,delay_AC_local_downstream,0,7.891998767852783,0.0,40.0,0.1972999691963196,5.930916786193848,0.05756192408676929,interior,ms,,,,,,,,,,,,,
alignment_value,70#15,aligned,delay_AC_transient_downstream,0,5.930912017822266,0.0,25.0,0.23723648071289063,0.0,0.23723648071289063,interior,ms,,,,,,,,,,,,,
alignment_value,70#34,zero,H1_effective_amplitude,0,0.04394352436065674,,,,,,,,,,,,,,,,,,,,
alignment_value,70#34,zero,BC_effective_weights,0,0.03073446825146675,,,,,,,,,,,,,,,,,,,,
alignment_value,70#34,zero,BC_effective_weights,1,0.024993155151605606,,,,,,,,,,,,,,,,,,,,
alignment_value,70#34,zero,BC_effective_weights,2,0.0242047980427742,,,,,,,,,,,,,,,,,,,,
alignment_value,70#34,zero,BC_effective_weights,3,0.030635293573141098,,,,,,,,,,,,,,,,,,,,
alignment_value,70#34,zero,BC_effective_weights,4,0.02536764368414879,,,,,,,,,,,,,,,,,,,,
alignment_value,70#34,zero,BC_effective_weights,5,0.024101363494992256,,,,,,,,,,,,,,,,,,,,
alignment_value,70#34,zero,BC_effective_weights,6,0.16055762767791748,,,,,,,,,,,,,,,,,,,,
alignment_value,70#34,zero,BC_effective_weights,7,0.21057137846946716,,,,,,,,,,,,,,,,,,,,
alignment_value,70#34,zero,BC_effective_weights,8,0.07116319984197617,,,,,,,,,,,,,,,,,,,,
alignment_value,70#34,zero,BC_effective_weights,9,0.15440219640731812,,,,,,,,,,,,,,,,,,,,
alignment_value,70#34,zero,BC_effective_weights,10,0.18141120672225952,,,,,,,,,,,,,,,,,,,,
alignment_value,70#34,zero,BC_effective_weights,11,0.061857692897319794,,,,,,,,,,,,,,,,,,,,
alignment_value,70#34,zero,AC_effective_gates,0,0.23489892482757568,,,,,,,,,,,,,,,,,,,,
alignment_value,70#34,zero,AC_effective_gates,1,0.7651010751724243,,,,,,,,,,,,,,,,,,,,
alignment_value,70#34,zero,cell_BC_gains,0,0.70697021484375,,,,,,,,,,,,,,,,,,,,
alignment_value,70#34,zero,cell_AC_gains,0,1.1793193817138672,,,,,,,,,,,,,,,,,,,,
alignment_value,70#34,zero,history_gate,0,0.0,,,,,,,,,,,,,,,,,,,,
alignment_value,70#34,zero,tau_H1,0,19.490009307861328,10.0,200.0,0.04994741740979646,10.0,0.04994741740979646,lower,ms,,,,,,,,,,,,,
alignment_value,70#34,zero,tau_BC_sustained_basis,0,23.86102867126465,20.0,200.0,0.0214501592848036,20.0,0.0214501592848036,lower,ms,,,,,,,,,,,,,
alignment_value,70#34,zero,tau_BC_sustained_basis,1,71.34518432617188,20.0,200.0,0.2852510240342882,20.0,0.2852510240342882,interior,ms,,,,,,,,,,,,,
alignment_value,70#34,zero,tau_BC_sustained_basis,2,115.76116180419922,20.0,200.0,0.5320064544677734,20.0,0.5320064544677734,interior,ms,,,,,,,,,,,,,
alignment_value,70#34,zero,tau_BC_transient_basis,0,8.023804664611816,5.0,120.0,0.026293953605320143,5.0,0.026293953605320143,lower,ms,,,,,,,,,,,,,
alignment_value,70#34,zero,tau_BC_transient_basis,1,8.653714179992676,5.0,120.0,0.031771427652110225,5.0,0.031771427652110225,lower,ms,,,,,,,,,,,,,
alignment_value,70#34,zero,tau_BC_transient_basis,2,9.400819778442383,5.0,120.0,0.038267998073412024,5.0,0.038267998073412024,lower,ms,,,,,,,,,,,,,
alignment_value,70#34,zero,tau_AC_local_state,0,26.0614013671875,20.0,250.0,0.02635391898777174,20.0,0.02635391898777174,lower,ms,,,,,,,,,,,,,
alignment_value,70#34,zero,tau_AC_transient_state,0,16.197938919067383,15.0,180.0,0.0072602358731356535,15.0,0.0072602358731356535,lower,ms,,,,,,,,,,,,,
alignment_value,70#34,zero,delay_H1,0,17.373424530029297,0.0,20.0,0.8686712265014649,0.0,0.8686712265014649,interior,ms,,,,,,,,,,,,,
alignment_value,70#34,zero,delay_BC_sustained,0,17.797584533691406,0.0,30.0,0.5932528177897135,15.019078016281128,0.18546966070779447,interior,ms,,,,,,,,,,,,,
alignment_value,70#34,zero,delay_BC_transient,0,15.019074440002441,0.0,20.0,0.7509537220001221,0.0,0.7509537220001221,interior,ms,,,,,,,,,,,,,
alignment_value,70#34,zero,delay_AC_local_downstream,0,16.060876846313477,0.0,40.0,0.4015219211578369,13.488239288330078,0.0970375972370246,interior,ms,,,,,,,,,,,,,
alignment_value,70#34,zero,delay_AC_transient_downstream,0,13.488234519958496,0.0,25.0,0.5395293807983399,0.0,0.5395293807983399,interior,ms,,,,,,,,,,,,,
alignment_value,70#34,aligned,H1_effective_amplitude,0,0.08923684805631638,,,,,,,,,,,,,,,,,,,,
alignment_value,70#34,aligned,BC_effective_weights,0,0.021403465420007706,,,,,,,,,,,,,,,,,,,,
alignment_value,70#34,aligned,BC_effective_weights,1,0.01756398379802704,,,,,,,,,,,,,,,,,,,,
alignment_value,70#34,aligned,BC_effective_weights,2,0.016715779900550842,,,,,,,,,,,,,,,,,,,,
alignment_value,70#34,aligned,BC_effective_weights,3,0.021105673164129257,,,,,,,,,,,,,,,,,,,,
alignment_value,70#34,aligned,BC_effective_weights,4,0.017885250970721245,,,,,,,,,,,,,,,,,,,,
alignment_value,70#34,aligned,BC_effective_weights,5,0.016740763559937477,,,,,,,,,,,,,,,,,,,,
alignment_value,70#34,aligned,BC_effective_weights,6,0.1481657326221466,,,,,,,,,,,,,,,,,,,,
alignment_value,70#34,aligned,BC_effective_weights,7,0.22891603410243988,,,,,,,,,,,,,,,,,,,,
alignment_value,70#34,aligned,BC_effective_weights,8,0.06725635379552841,,,,,,,,,,,,,,,,,,,,
alignment_value,70#34,aligned,BC_effective_weights,9,0.1553620845079422,,,,,,,,,,,,,,,,,,,,
alignment_value,70#34,aligned,BC_effective_weights,10,0.22623483836650848,,,,,,,,,,,,,,,,,,,,
alignment_value,70#34,aligned,BC_effective_weights,11,0.06265009194612503,,,,,,,,,,,,,,,,,,,,
alignment_value,70#34,aligned,AC_effective_gates,0,0.1871233433485031,,,,,,,,,,,,,,,,,,,,
alignment_value,70#34,aligned,AC_effective_gates,1,0.8128766417503357,,,,,,,,,,,,,,,,,,,,
alignment_value,70#34,aligned,cell_BC_gains,0,0.8632874488830566,,,,,,,,,,,,,,,,,,,,
alignment_value,70#34,aligned,cell_AC_gains,0,1.2963175773620605,,,,,,,,,,,,,,,,,,,,
alignment_value,70#34,aligned,history_gate,0,0.0,,,,,,,,,,,,,,,,,,,,
alignment_value,70#34,aligned,tau_H1,0,13.365179061889648,10.0,200.0,0.017711468746787622,10.0,0.017711468746787622,lower,ms,,,,,,,,,,,,,
alignment_value,70#34,aligned,tau_BC_sustained_basis,0,23.86363410949707,20.0,200.0,0.02146463394165039,20.0,0.02146463394165039,lower,ms,,,,,,,,,,,,,
alignment_value,70#34,aligned,tau_BC_sustained_basis,1,69.94979095458984,20.0,200.0,0.27749883863661023,20.0,0.27749883863661023,interior,ms,,,,,,,,,,,,,
alignment_value,70#34,aligned,tau_BC_sustained_basis,2,114.25447845458984,20.0,200.0,0.523635991414388,20.0,0.523635991414388,interior,ms,,,,,,,,,,,,,
alignment_value,70#34,aligned,tau_BC_transient_basis,0,7.4956254959106445,5.0,120.0,0.021701091268788213,5.0,0.021701091268788213,lower,ms,,,,,,,,,,,,,
alignment_value,70#34,aligned,tau_BC_transient_basis,1,7.758860111236572,5.0,120.0,0.02399008792379628,5.0,0.02399008792379628,lower,ms,,,,,,,,,,,,,
alignment_value,70#34,aligned,tau_BC_transient_basis,2,8.342843055725098,5.0,120.0,0.029068200484566067,5.0,0.029068200484566067,lower,ms,,,,,,,,,,,,,
alignment_value,70#34,aligned,tau_AC_local_state,0,26.3072509765625,20.0,250.0,0.027422830332880434,20.0,0.027422830332880434,lower,ms,,,,,,,,,,,,,
alignment_value,70#34,aligned,tau_AC_transient_state,0,15.82336711883545,15.0,180.0,0.0049901037505178745,15.0,0.0049901037505178745,lower,ms,,,,,,,,,,,,,
alignment_value,70#34,aligned,delay_H1,0,17.469289779663086,0.0,20.0,0.8734644889831543,0.0,0.8734644889831543,interior,ms,,,,,,,,,,,,,
alignment_value,70#34,aligned,delay_BC_sustained,0,18.58968734741211,0.0,30.0,0.6196562449137369,16.517860174179077,0.15367198382448755,interior,ms,,,,,,,,,,,,,
alignment_value,70#34,aligned,delay_BC_transient,0,16.51785659790039,0.0,20.0,0.8258928298950196,0.0,0.8258928298950196,interior,ms,,,,,,,,,,,,,
alignment_value,70#34,aligned,delay_AC_local_downstream,0,17.10824203491211,0.0,40.0,0.4277060508728027,14.555048942565918,0.10034183546209817,interior,ms,,,,,,,,,,,,,
alignment_value,70#34,aligned,delay_AC_transient_downstream,0,14.555044174194336,0.0,25.0,0.5822017669677735,0.0,0.5822017669677735,interior,ms,,,,,,,,,,,,,
zero_center_seed_value,67#4,primary,H1_effective_amplitude,0,0.00840990524739027,,,,,,,,,,,,,,,,,,,,
zero_center_seed_value,67#4,primary,BC_effective_weights,0,0.02648354135453701,,,,,,,,,,,,,,,,,,,,
zero_center_seed_value,67#4,primary,BC_effective_weights,1,0.02884327620267868,,,,,,,,,,,,,,,,,,,,
zero_center_seed_value,67#4,primary,BC_effective_weights,2,0.031745098531246185,,,,,,,,,,,,,,,,,,,,
zero_center_seed_value,67#4,primary,BC_effective_weights,3,0.02311287447810173,,,,,,,,,,,,,,,,,,,,
zero_center_seed_value,67#4,primary,BC_effective_weights,4,0.026601411402225494,,,,,,,,,,,,,,,,,,,,
zero_center_seed_value,67#4,primary,BC_effective_weights,5,0.030324695631861687,,,,,,,,,,,,,,,,,,,,
zero_center_seed_value,67#4,primary,BC_effective_weights,6,0.20156972110271454,,,,,,,,,,,,,,,,,,,,
zero_center_seed_value,67#4,primary,BC_effective_weights,7,0.2914092242717743,,,,,,,,,,,,,,,,,,,,
zero_center_seed_value,67#4,primary,BC_effective_weights,8,0.10813689231872559,,,,,,,,,,,,,,,,,,,,
zero_center_seed_value,67#4,primary,BC_effective_weights,9,0.10868974030017853,,,,,,,,,,,,,,,,,,,,
zero_center_seed_value,67#4,primary,BC_effective_weights,10,0.10159744322299957,,,,,,,,,,,,,,,,,,,,
zero_center_seed_value,67#4,primary,BC_effective_weights,11,0.021486055105924606,,,,,,,,,,,,,,,,,,,,
zero_center_seed_value,67#4,primary,AC_effective_gates,0,0.5002220869064331,,,,,,,,,,,,,,,,,,,,
zero_center_seed_value,67#4,primary,AC_effective_gates,1,0.4997778832912445,,,,,,,,,,,,,,,,,,,,
zero_center_seed_value,67#4,primary,cell_BC_gains,0,0.7517321109771729,,,,,,,,,,,,,,,,,,,,
zero_center_seed_value,67#4,primary,cell_AC_gains,0,0.7923270463943481,,,,,,,,,,,,,,,,,,,,
zero_center_seed_value,67#4,primary,history_gate,0,0.1554955542087555,,,,,,,,,,,,,,,,,,,,
zero_center_seed_value,67#4,primary,tau_H1,0,28.483434677124023,10.0,200.0,0.09728123514275802,10.0,0.09728123514275802,interior,ms,,,,,,,,,,,,,
zero_center_seed_value,67#4,primary,tau_BC_sustained_basis,0,27.736614227294922,20.0,200.0,0.042981190151638454,20.0,0.042981190151638454,lower,ms,,,,,,,,,,,,,
zero_center_seed_value,67#4,primary,tau_BC_sustained_basis,1,48.90256118774414,20.0,200.0,0.16056978437635633,20.0,0.16056978437635633,interior,ms,,,,,,,,,,,,,
zero_center_seed_value,67#4,primary,tau_BC_sustained_basis,2,93.09813690185547,20.0,200.0,0.4061007605658637,20.0,0.4061007605658637,interior,ms,,,,,,,,,,,,,
zero_center_seed_value,67#4,primary,tau_BC_transient_basis,0,9.778108596801758,5.0,120.0,0.04154877040697181,5.0,0.04154877040697181,lower,ms,,,,,,,,,,,,,
zero_center_seed_value,67#4,primary,tau_BC_transient_basis,1,11.228095054626465,5.0,120.0,0.054157348301099695,5.0,0.054157348301099695,interior,ms,,,,,,,,,,,,,
zero_center_seed_value,67#4,primary,tau_BC_transient_basis,2,17.10363006591797,5.0,120.0,0.10524895709493885,5.0,0.10524895709493885,interior,ms,,,,,,,,,,,,,
zero_center_seed_value,67#4,primary,tau_AC_local_state,0,25.180152893066406,20.0,250.0,0.022522403882897418,20.0,0.022522403882897418,lower,ms,,,,,,,,,,,,,
zero_center_seed_value,67#4,primary,tau_AC_transient_state,0,17.315458297729492,15.0,180.0,0.014033080592299952,15.0,0.014033080592299952,lower,ms,,,,,,,,,,,,,
zero_center_seed_value,67#4,primary,delay_H1,0,3.968573570251465,0.0,20.0,0.19842867851257323,0.0,0.19842867851257323,interior,ms,,,,,,,,,,,,,
zero_center_seed_value,67#4,primary,delay_BC_sustained,0,15.362778663635254,0.0,30.0,0.5120926221211751,12.159403562545776,0.17955538158827303,interior,ms,,,,,,,,,,,,,
zero_center_seed_value,67#4,primary,delay_BC_transient,0,12.15939998626709,0.0,20.0,0.6079699993133545,0.0,0.6079699993133545,interior,ms,,,,,,,,,,,,,
zero_center_seed_value,67#4,primary,delay_AC_local_downstream,0,8.811447143554688,0.0,40.0,0.22028617858886718,5.78297758102417,0.08850768852555127,interior,ms,,,,,,,,,,,,,
zero_center_seed_value,67#4,primary,delay_AC_transient_downstream,0,5.782972812652588,0.0,25.0,0.2313189125061035,0.0,0.2313189125061035,interior,ms,,,,,,,,,,,,,
zero_center_seed_value,67#4,fresh_1,H1_effective_amplitude,0,0.008496182039380074,,,,,,,,,,,,,,,,,,,,
zero_center_seed_value,67#4,fresh_1,BC_effective_weights,0,0.035059381276369095,,,,,,,,,,,,,,,,,,,,
zero_center_seed_value,67#4,fresh_1,BC_effective_weights,1,0.03214145824313164,,,,,,,,,,,,,,,,,,,,
zero_center_seed_value,67#4,fresh_1,BC_effective_weights,2,0.033983148634433746,,,,,,,,,,,,,,,,,,,,
zero_center_seed_value,67#4,fresh_1,BC_effective_weights,3,0.031841784715652466,,,,,,,,,,,,,,,,,,,,
zero_center_seed_value,67#4,fresh_1,BC_effective_weights,4,0.030641909688711166,,,,,,,,,,,,,,,,,,,,
zero_center_seed_value,67#4,fresh_1,BC_effective_weights,5,0.03285300359129906,,,,,,,,,,,,,,,,,,,,
zero_center_seed_value,67#4,fresh_1,BC_effective_weights,6,0.2337256371974945,,,,,,,,,,,,,,,,,,,,
zero_center_seed_value,67#4,fresh_1,BC_effective_weights,7,0.2416979819536209,,,,,,,,,,,,,,,,,,,,
zero_center_seed_value,67#4,fresh_1,BC_effective_weights,8,0.07271946221590042,,,,,,,,,,,,,,,,,,,,
zero_center_seed_value,67#4,fresh_1,BC_effective_weights,9,0.12004392594099045,,,,,,,,,,,,,,,,,,,,
zero_center_seed_value,67#4,fresh_1,BC_effective_weights,10,0.10621929913759232,,,,,,,,,,,,,,,,,,,,
zero_center_seed_value,67#4,fresh_1,BC_effective_weights,11,0.029073024168610573,,,,,,,,,,,,,,,,,,,,
zero_center_seed_value,67#4,fresh_1,AC_effective_gates,0,0.4471885561943054,,,,,,,,,,,,,,,,,,,,
zero_center_seed_value,67#4,fresh_1,AC_effective_gates,1,0.5528113842010498,,,,,,,,,,,,,,,,,,,,
zero_center_seed_value,67#4,fresh_1,cell_BC_gains,0,0.7669385671615601,,,,,,,,,,,,,,,,,,,,
zero_center_seed_value,67#4,fresh_1,cell_AC_gains,0,0.7619757652282715,,,,,,,,,,,,,,,,,,,,
zero_center_seed_value,67#4,fresh_1,history_gate,0,0.14982548356056213,,,,,,,,,,,,,,,,,,,,
zero_center_seed_value,67#4,fresh_1,tau_H1,0,32.247093200683594,10.0,200.0,0.11708996421412418,10.0,0.11708996421412418,interior,ms,,,,,,,,,,,,,
zero_center_seed_value,67#4,fresh_1,tau_BC_sustained_basis,0,26.476024627685547,20.0,200.0,0.03597791459825304,20.0,0.03597791459825304,lower,ms,,,,,,,,,,,,,
zero_center_seed_value,67#4,fresh_1,tau_BC_sustained_basis,1,45.23097610473633,20.0,200.0,0.14017208947075738,20.0,0.14017208947075738,interior,ms,,,,,,,,,,,,,
zero_center_seed_value,67#4,fresh_1,tau_BC_sustained_basis,2,96.54251861572266,20.0,200.0,0.42523621453179256,20.0,0.42523621453179256,interior,ms,,,,,,,,,,,,,
zero_center_seed_value,67#4,fresh_1,tau_BC_transient_basis,0,10.235361099243164,5.0,120.0,0.0455248791238536,5.0,0.0455248791238536,lower,ms,,,,,,,,,,,,,
zero_center_seed_value,67#4,fresh_1,tau_BC_transient_basis,1,11.147113800048828,5.0,120.0,0.053453163478685464,5.0,0.053453163478685464,interior,ms,,,,,,,,,,,,,
zero_center_seed_value,67#4,fresh_1,tau_BC_transient_basis,2,15.252395629882812,5.0,120.0,0.08915126634680706,5.0,0.08915126634680706,interior,ms,,,,,,,,,,,,,
zero_center_seed_value,67#4,fresh_1,tau_AC_local_state,0,25.08660888671875,20.0,250.0,0.022115690811820653,20.0,0.022115690811820653,lower,ms,,,,,,,,,,,,,
zero_center_seed_value,67#4,fresh_1,tau_AC_transient_state,0,17.78440284729004,15.0,180.0,0.01687516877145478,15.0,0.01687516877145478,lower,ms,,,,,,,,,,,,,
zero_center_seed_value,67#4,fresh_1,delay_H1,0,4.539287567138672,0.0,20.0,0.2269643783569336,0.0,0.2269643783569336,interior,ms,,,,,,,,,,,,,
zero_center_seed_value,67#4,fresh_1,delay_BC_sustained,0,14.124968528747559,0.0,30.0,0.4708322842915853,11.17898440361023,0.15652631017969215,interior,ms,,,,,,,,,,,,,
zero_center_seed_value,67#4,fresh_1,delay_BC_transient,0,11.178980827331543,0.0,20.0,0.5589490413665772,0.0,0.5589490413665772,interior,ms,,,,,,,,,,,,,
zero_center_seed_value,67#4,fresh_1,delay_AC_local_downstream,0,9.610328674316406,0.0,40.0,0.24025821685791016,6.21436882019043,0.10051491523282288,interior,ms,,,,,,,,,,,,,
zero_center_seed_value,67#4,fresh_1,delay_AC_transient_downstream,0,6.214364051818848,0.0,25.0,0.2485745620727539,0.0,0.2485745620727539,interior,ms,,,,,,,,,,,,,
zero_center_seed_value,67#4,fresh_2,H1_effective_amplitude,0,0.0068976120091974735,,,,,,,,,,,,,,,,,,,,
zero_center_seed_value,67#4,fresh_2,BC_effective_weights,0,0.021950261667370796,,,,,,,,,,,,,,,,,,,,
zero_center_seed_value,67#4,fresh_2,BC_effective_weights,1,0.02134740725159645,,,,,,,,,,,,,,,,,,,,
zero_center_seed_value,67#4,fresh_2,BC_effective_weights,2,0.024674763903021812,,,,,,,,,,,,,,,,,,,,
zero_center_seed_value,67#4,fresh_2,BC_effective_weights,3,0.02056160755455494,,,,,,,,,,,,,,,,,,,,
zero_center_seed_value,67#4,fresh_2,BC_effective_weights,4,0.020102784037590027,,,,,,,,,,,,,,,,,,,,
zero_center_seed_value,67#4,fresh_2,BC_effective_weights,5,0.02355719916522503,,,,,,,,,,,,,,,,,,,,
zero_center_seed_value,67#4,fresh_2,BC_effective_weights,6,0.2670098841190338,,,,,,,,,,,,,,,,,,,,
zero_center_seed_value,67#4,fresh_2,BC_effective_weights,7,0.32632219791412354,,,,,,,,,,,,,,,,,,,,
zero_center_seed_value,67#4,fresh_2,BC_effective_weights,8,0.07234539836645126,,,,,,,,,,,,,,,,,,,,
zero_center_seed_value,67#4,fresh_2,BC_effective_weights,9,0.09557264298200607,,,,,,,,,,,,,,,,,,,,
zero_center_seed_value,67#4,fresh_2,BC_effective_weights,10,0.08588296175003052,,,,,,,,,,,,,,,,,,,,
zero_center_seed_value,67#4,fresh_2,BC_effective_weights,11,0.02067292481660843,,,,,,,,,,,,,,,,,,,,
zero_center_seed_value,67#4,fresh_2,AC_effective_gates,0,0.5692049264907837,,,,,,,,,,,,,,,,,,,,
zero_center_seed_value,67#4,fresh_2,AC_effective_gates,1,0.4307950735092163,,,,,,,,,,,,,,,,,,,,
zero_center_seed_value,67#4,fresh_2,cell_BC_gains,0,0.7344725728034973,,,,,,,,,,,,,,,,,,,,
zero_center_seed_value,67#4,fresh_2,cell_AC_gains,0,0.7246628403663635,,,,,,,,,,,,,,,,,,,,
zero_center_seed_value,67#4,fresh_2,history_gate,0,0.12586526572704315,,,,,,,,,,,,,,,,,,,,
zero_center_seed_value,67#4,fresh_2,tau_H1,0,38.640541076660156,10.0,200.0,0.15073968987715872,10.0,0.15073968987715872,interior,ms,,,,,,,,,,,,,
zero_center_seed_value,67#4,fresh_2,tau_BC_sustained_basis,0,27.26959991455078,20.0,200.0,0.040386666191948785,20.0,0.040386666191948785,lower,ms,,,,,,,,,,,,,
zero_center_seed_value,67#4,fresh_2,tau_BC_sustained_basis,1,53.074615478515625,20.0,200.0,0.18374786376953126,20.0,0.18374786376953126,interior,ms,,,,,,,,,,,,,
zero_center_seed_value,67#4,fresh_2,tau_BC_sustained_basis,2,100.83727264404297,20.0,200.0,0.44909595913357203,20.0,0.44909595913357203,interior,ms,,,,,,,,,,,,,
zero_center_seed_value,67#4,fresh_2,tau_BC_transient_basis,0,9.700887680053711,5.0,120.0,0.040877284174380094,5.0,0.040877284174380094,lower,ms,,,,,,,,,,,,,
zero_center_seed_value,67#4,fresh_2,tau_BC_transient_basis,1,10.169822692871094,5.0,120.0,0.04495497993800951,5.0,0.04495497993800951,lower,ms,,,,,,,,,,,,,
zero_center_seed_value,67#4,fresh_2,tau_BC_transient_basis,2,15.05667781829834,5.0,120.0,0.08744937233302905,5.0,0.08744937233302905,interior,ms,,,,,,,,,,,,,
zero_center_seed_value,67#4,fresh_2,tau_AC_local_state,0,25.294771194458008,20.0,250.0,0.02302074432373047,20.0,0.02302074432373047,lower,ms,,,,,,,,,,,,,
zero_center_seed_value,67#4,fresh_2,tau_AC_transient_state,0,18.124267578125,15.0,180.0,0.018934955018939395,15.0,0.018934955018939395,lower,ms,,,,,,,,,,,,,
zero_center_seed_value,67#4,fresh_2,delay_H1,0,5.055446624755859,0.0,20.0,0.25277233123779297,0.0,0.25277233123779297,interior,ms,,,,,,,,,,,,,
zero_center_seed_value,67#4,fresh_2,delay_BC_sustained,0,14.836429595947266,0.0,30.0,0.4945476531982422,11.29327940940857,0.18940520169637473,interior,ms,,,,,,,,,,,,,
zero_center_seed_value,67#4,fresh_2,delay_BC_transient,0,11.293275833129883,0.0,20.0,0.5646637916564942,0.0,0.5646637916564942,interior,ms,,,,,,,,,,,,,
zero_center_seed_value,67#4,fresh_2,delay_AC_local_downstream,0,10.20641040802002,0.0,40.0,0.2551602602005005,6.4930100440979,0.11082464789613312,interior,ms,,,,,,,,,,,,,
zero_center_seed_value,67#4,fresh_2,delay_AC_transient_downstream,0,6.493005275726318,0.0,25.0,0.25972021102905274,0.0,0.25972021102905274,interior,ms,,,,,,,,,,,,,
zero_center_seed_value,67#6,primary,H1_effective_amplitude,0,0.15029537677764893,,,,,,,,,,,,,,,,,,,,
zero_center_seed_value,67#6,primary,BC_effective_weights,0,0.017192240804433823,,,,,,,,,,,,,,,,,,,,
zero_center_seed_value,67#6,primary,BC_effective_weights,1,0.020156526938080788,,,,,,,,,,,,,,,,,,,,
zero_center_seed_value,67#6,primary,BC_effective_weights,2,0.026075245812535286,,,,,,,,,,,,,,,,,,,,
zero_center_seed_value,67#6,primary,BC_effective_weights,3,0.017989953979849815,,,,,,,,,,,,,,,,,,,,
zero_center_seed_value,67#6,primary,BC_effective_weights,4,0.020630650222301483,,,,,,,,,,,,,,,,,,,,
zero_center_seed_value,67#6,primary,BC_effective_weights,5,0.026431430131196976,,,,,,,,,,,,,,,,,,,,
zero_center_seed_value,67#6,primary,BC_effective_weights,6,0.2527574300765991,,,,,,,,,,,,,,,,,,,,
zero_center_seed_value,67#6,primary,BC_effective_weights,7,0.2324446439743042,,,,,,,,,,,,,,,,,,,,
zero_center_seed_value,67#6,primary,BC_effective_weights,8,0.015669381245970726,,,,,,,,,,,,,,,,,,,,
zero_center_seed_value,67#6,primary,BC_effective_weights,9,0.19649015367031097,,,,,,,,,,,,,,,,,,,,
zero_center_seed_value,67#6,primary,BC_effective_weights,10,0.15991051495075226,,,,,,,,,,,,,,,,,,,,
zero_center_seed_value,67#6,primary,BC_effective_weights,11,0.014251794666051865,,,,,,,,,,,,,,,,,,,,
zero_center_seed_value,67#6,primary,AC_effective_gates,0,0.093227818608284,,,,,,,,,,,,,,,,,,,,
zero_center_seed_value,67#6,primary,AC_effective_gates,1,0.906772255897522,,,,,,,,,,,,,,,,,,,,
zero_center_seed_value,67#6,primary,cell_BC_gains,0,0.801532506942749,,,,,,,,,,,,,,,,,,,,
zero_center_seed_value,67#6,primary,cell_AC_gains,0,0.8618729114532471,,,,,,,,,,,,,,,,,,,,
zero_center_seed_value,67#6,primary,history_gate,0,0.0,,,,,,,,,,,,,,,,,,,,
zero_center_seed_value,67#6,primary,tau_H1,0,13.610454559326172,10.0,200.0,0.01900239241750617,10.0,0.01900239241750617,lower,ms,,,,,,,,,,,,,
zero_center_seed_value,67#6,primary,tau_BC_sustained_basis,0,27.00485610961914,20.0,200.0,0.03891586727566189,20.0,0.03891586727566189,lower,ms,,,,,,,,,,,,,
zero_center_seed_value,67#6,primary,tau_BC_sustained_basis,1,63.458560943603516,20.0,200.0,0.2414364496866862,20.0,0.2414364496866862,interior,ms,,,,,,,,,,,,,
zero_center_seed_value,67#6,primary,tau_BC_sustained_basis,2,164.02774047851562,20.0,200.0,0.8001541137695313,20.0,0.8001541137695313,interior,ms,,,,,,,,,,,,,
zero_center_seed_value,67#6,primary,tau_BC_transient_basis,0,6.13180685043335,5.0,120.0,0.009841798699420432,5.0,0.009841798699420432,lower,ms,,,,,,,,,,,,,
zero_center_seed_value,67#6,primary,tau_BC_transient_basis,1,6.828492641448975,5.0,120.0,0.01589993601259978,5.0,0.01589993601259978,lower,ms,,,,,,,,,,,,,
zero_center_seed_value,67#6,primary,tau_BC_transient_basis,2,9.643791198730469,5.0,120.0,0.040380793032438855,5.0,0.040380793032438855,lower,ms,,,,,,,,,,,,,
zero_center_seed_value,67#6,primary,tau_AC_local_state,0,25.710908889770508,20.0,250.0,0.024830038651176122,20.0,0.024830038651176122,lower,ms,,,,,,,,,,,,,
zero_center_seed_value,67#6,primary,tau_AC_transient_state,0,15.521209716796875,15.0,180.0,0.0031588467684659093,15.0,0.0031588467684659093,lower,ms,,,,,,,,,,,,,
zero_center_seed_value,67#6,primary,delay_H1,0,19.700210571289062,0.0,20.0,0.9850105285644531,0.0,0.9850105285644531,upper,ms,,,,,,,,,,,,,
zero_center_seed_value,67#6,primary,delay_BC_sustained,0,16.794132232666016,0.0,30.0,0.5598044077555339,15.217832326889038,0.10663523379215191,interior,ms,,,,,,,,,,,,,
zero_center_seed_value,67#6,primary,delay_BC_transient,0,15.217828750610352,0.0,20.0,0.7608914375305176,0.0,0.7608914375305176,interior,ms,,,,,,,,,,,,,
zero_center_seed_value,67#6,primary,delay_AC_local_downstream,0,16.278934478759766,0.0,40.0,0.40697336196899414,14.151442527770996,0.08230602242598992,interior,ms,,,,,,,,,,,,,
zero_center_seed_value,67#6,primary,delay_AC_transient_downstream,0,14.151437759399414,0.0,25.0,0.5660575103759765,0.0,0.5660575103759765,interior,ms,,,,,,,,,,,,,
zero_center_seed_value,67#6,fresh_1,H1_effective_amplitude,0,0.09682608395814896,,,,,,,,,,,,,,,,,,,,
zero_center_seed_value,67#6,fresh_1,BC_effective_weights,0,0.03082197532057762,,,,,,,,,,,,,,,,,,,,
zero_center_seed_value,67#6,fresh_1,BC_effective_weights,1,0.030719267204403877,,,,,,,,,,,,,,,,,,,,
zero_center_seed_value,67#6,fresh_1,BC_effective_weights,2,0.03527309373021126,,,,,,,,,,,,,,,,,,,,
zero_center_seed_value,67#6,fresh_1,BC_effective_weights,3,0.030837014317512512,,,,,,,,,,,,,,,,,,,,
zero_center_seed_value,67#6,fresh_1,BC_effective_weights,4,0.03089042194187641,,,,,,,,,,,,,,,,,,,,
zero_center_seed_value,67#6,fresh_1,BC_effective_weights,5,0.03500133007764816,,,,,,,,,,,,,,,,,,,,
zero_center_seed_value,67#6,fresh_1,BC_effective_weights,6,0.2136058360338211,,,,,,,,,,,,,,,,,,,,
zero_center_seed_value,67#6,fresh_1,BC_effective_weights,7,0.16607460379600525,,,,,,,,,,,,,,,,,,,,
zero_center_seed_value,67#6,fresh_1,BC_effective_weights,8,0.04691667482256889,,,,,,,,,,,,,,,,,,,,
zero_center_seed_value,67#6,fresh_1,BC_effective_weights,9,0.19146892428398132,,,,,,,,,,,,,,,,,,,,
zero_center_seed_value,67#6,fresh_1,BC_effective_weights,10,0.14528115093708038,,,,,,,,,,,,,,,,,,,,
zero_center_seed_value,67#6,fresh_1,BC_effective_weights,11,0.04310968518257141,,,,,,,,,,,,,,,,,,,,
zero_center_seed_value,67#6,fresh_1,AC_effective_gates,0,0.10224249213933945,,,,,,,,,,,,,,,,,,,,
zero_center_seed_value,67#6,fresh_1,AC_effective_gates,1,0.8977574706077576,,,,,,,,,,,,,,,,,,,,
zero_center_seed_value,67#6,fresh_1,cell_BC_gains,0,0.7747025489807129,,,,,,,,,,,,,,,,,,,,
zero_center_seed_value,67#6,fresh_1,cell_AC_gains,0,1.014514684677124,,,,,,,,,,,,,,,,,,,,
zero_center_seed_value,67#6,fresh_1,history_gate,0,0.0,,,,,,,,,,,,,,,,,,,,
zero_center_seed_value,67#6,fresh_1,tau_H1,0,15.901962280273438,10.0,200.0,0.031062959369860196,10.0,0.031062959369860196,lower,ms,,,,,,,,,,,,,
zero_center_seed_value,67#6,fresh_1,tau_BC_sustained_basis,0,26.28855323791504,20.0,200.0,0.03493640687730577,20.0,0.03493640687730577,lower,ms,,,,,,,,,,,,,
zero_center_seed_value,67#6,fresh_1,tau_BC_sustained_basis,1,54.82217025756836,20.0,200.0,0.19345650143093532,20.0,0.19345650143093532,interior,ms,,,,,,,,,,,,,
zero_center_seed_value,67#6,fresh_1,tau_BC_sustained_basis,2,155.7071990966797,20.0,200.0,0.7539288838704427,20.0,0.7539288838704427,interior,ms,,,,,,,,,,,,,
zero_center_seed_value,67#6,fresh_1,tau_BC_transient_basis,0,6.973194122314453,5.0,120.0,0.017158209759256113,5.0,0.017158209759256113,lower,ms,,,,,,,,,,,,,
zero_center_seed_value,67#6,fresh_1,tau_BC_transient_basis,1,7.9043989181518555,5.0,120.0,0.025255642766537873,5.0,0.025255642766537873,lower,ms,,,,,,,,,,,,,
zero_center_seed_value,67#6,fresh_1,tau_BC_transient_basis,2,9.234960556030273,5.0,120.0,0.03682574396548064,5.0,0.03682574396548064,lower,ms,,,,,,,,,,,,,
zero_center_seed_value,67#6,fresh_1,tau_AC_local_state,0,25.415931701660156,20.0,250.0,0.023547529137652852,20.0,0.023547529137652852,lower,ms,,,,,,,,,,,,,
zero_center_seed_value,67#6,fresh_1,tau_AC_transient_state,0,15.544556617736816,15.0,180.0,0.003300343137798887,15.0,0.003300343137798887,lower,ms,,,,,,,,,,,,,
zero_center_seed_value,67#6,fresh_1,delay_H1,0,19.282821655273438,0.0,20.0,0.9641410827636718,0.0,0.9641410827636718,upper,ms,,,,,,,,,,,,,
zero_center_seed_value,67#6,fresh_1,delay_BC_sustained,0,15.0128173828125,0.0,30.0,0.50042724609375,13.489125967025757,0.09228411607669856,interior,ms,,,,,,,,,,,,,
zero_center_seed_value,67#6,fresh_1,delay_BC_transient,0,13.48912239074707,0.0,20.0,0.6744561195373535,0.0,0.6744561195373535,interior,ms,,,,,,,,,,,,,
zero_center_seed_value,67#6,fresh_1,delay_AC_local_downstream,0,16.741783142089844,0.0,40.0,0.4185445785522461,14.808937072753906,0.07672745191094792,interior,ms,,,,,,,,,,,,,
zero_center_seed_value,67#6,fresh_1,delay_AC_transient_downstream,0,14.808932304382324,0.0,25.0,0.592357292175293,0.0,0.592357292175293,interior,ms,,,,,,,,,,,,,
zero_center_seed_value,67#6,fresh_2,H1_effective_amplitude,0,0.17286501824855804,,,,,,,,,,,,,,,,,,,,
zero_center_seed_value,67#6,fresh_2,BC_effective_weights,0,0.017154889181256294,,,,,,,,,,,,,,,,,,,,
zero_center_seed_value,67#6,fresh_2,BC_effective_weights,1,0.018803920596837997,,,,,,,,,,,,,,,,,,,,
zero_center_seed_value,67#6,fresh_2,BC_effective_weights,2,0.0221179760992527,,,,,,,,,,,,,,,,,,,,
zero_center_seed_value,67#6,fresh_2,BC_effective_weights,3,0.017670923843979836,,,,,,,,,,,,,,,,,,,,
zero_center_seed_value,67#6,fresh_2,BC_effective_weights,4,0.019264155998826027,,,,,,,,,,,,,,,,,,,,
zero_center_seed_value,67#6,fresh_2,BC_effective_weights,5,0.023494377732276917,,,,,,,,,,,,,,,,,,,,
zero_center_seed_value,67#6,fresh_2,BC_effective_weights,6,0.28494393825531006,,,,,,,,,,,,,,,,,,,,
zero_center_seed_value,67#6,fresh_2,BC_effective_weights,7,0.20068959891796112,,,,,,,,,,,,,,,,,,,,
zero_center_seed_value,67#6,fresh_2,BC_effective_weights,8,0.038574233651161194,,,,,,,,,,,,,,,,,,,,
zero_center_seed_value,67#6,fresh_2,BC_effective_weights,9,0.19055630266666412,,,,,,,,,,,,,,,,,,,,
zero_center_seed_value,67#6,fresh_2,BC_effective_weights,10,0.13537131249904633,,,,,,,,,,,,,,,,,,,,
zero_center_seed_value,67#6,fresh_2,BC_effective_weights,11,0.03135835751891136,,,,,,,,,,,,,,,,,,,,
zero_center_seed_value,67#6,fresh_2,AC_effective_gates,0,0.05571431666612625,,,,,,,,,,,,,,,,,,,,
zero_center_seed_value,67#6,fresh_2,AC_effective_gates,1,0.9442856907844543,,,,,,,,,,,,,,,,,,,,
zero_center_seed_value,67#6,fresh_2,cell_BC_gains,0,0.7443912029266357,,,,,,,,,,,,,,,,,,,,
zero_center_seed_value,67#6,fresh_2,cell_AC_gains,0,0.8200446367263794,,,,,,,,,,,,,,,,,,,,
zero_center_seed_value,67#6,fresh_2,history_gate,0,0.0,,,,,,,,,,,,,,,,,,,,
zero_center_seed_value,67#6,fresh_2,tau_H1,0,14.804923057556152,10.0,200.0,0.02528906872397975,10.0,0.02528906872397975,lower,ms,,,,,,,,,,,,,
zero_center_seed_value,67#6,fresh_2,tau_BC_sustained_basis,0,25.7358455657959,20.0,200.0,0.0318658086988661,20.0,0.0318658086988661,lower,ms,,,,,,,,,,,,,
zero_center_seed_value,67#6,fresh_2,tau_BC_sustained_basis,1,81.13871765136719,20.0,200.0,0.3396595425075955,20.0,0.3396595425075955,interior,ms,,,,,,,,,,,,,
zero_center_seed_value,67#6,fresh_2,tau_BC_sustained_basis,2,168.47360229492188,20.0,200.0,0.8248533460828993,20.0,0.8248533460828993,interior,ms,,,,,,,,,,,,,
zero_center_seed_value,67#6,fresh_2,tau_BC_transient_basis,0,5.864530563354492,5.0,120.0,0.007517657072647758,5.0,0.007517657072647758,lower,ms,,,,,,,,,,,,,
zero_center_seed_value,67#6,fresh_2,tau_BC_transient_basis,1,6.474452018737793,5.0,120.0,0.012821321902067764,5.0,0.012821321902067764,lower,ms,,,,,,,,,,,,,
zero_center_seed_value,67#6,fresh_2,tau_BC_transient_basis,2,7.673537254333496,5.0,120.0,0.023248150037682574,5.0,0.023248150037682574,lower,ms,,,,,,,,,,,,,
zero_center_seed_value,67#6,fresh_2,tau_AC_local_state,0,25.883651733398438,20.0,250.0,0.025581094493036683,20.0,0.025581094493036683,lower,ms,,,,,,,,,,,,,
zero_center_seed_value,67#6,fresh_2,tau_AC_transient_state,0,15.330657958984375,15.0,180.0,0.0020039876302083335,15.0,0.0020039876302083335,lower,ms,,,,,,,,,,,,,
zero_center_seed_value,67#6,fresh_2,delay_H1,0,19.709440231323242,0.0,20.0,0.9854720115661622,0.0,0.9854720115661622,upper,ms,,,,,,,,,,,,,
zero_center_seed_value,67#6,fresh_2,delay_BC_sustained,0,17.212474822998047,0.0,30.0,0.5737491607666015,15.871286153793335,0.09492645146640859,interior,ms,,,,,,,,,,,,,
zero_center_seed_value,67#6,fresh_2,delay_BC_transient,0,15.871282577514648,0.0,20.0,0.7935641288757325,0.0,0.7935641288757325,interior,ms,,,,,,,,,,,,,
zero_center_seed_value,67#6,fresh_2,delay_AC_local_downstream,0,17.12154769897461,0.0,40.0,0.4280386924743652,15.100690841674805,0.08116116171938538,interior,ms,,,,,,,,,,,,,
zero_center_seed_value,67#6,fresh_2,delay_AC_transient_downstream,0,15.100686073303223,0.0,25.0,0.604027442932129,0.0,0.604027442932129,interior,ms,,,,,,,,,,,,,
zero_center_seed_value,68#4,primary,H1_effective_amplitude,0,0.024940356612205505,,,,,,,,,,,,,,,,,,,,
zero_center_seed_value,68#4,primary,BC_effective_weights,0,0.03161966800689697,,,,,,,,,,,,,,,,,,,,
zero_center_seed_value,68#4,primary,BC_effective_weights,1,0.05861752852797508,,,,,,,,,,,,,,,,,,,,
zero_center_seed_value,68#4,primary,BC_effective_weights,2,0.17632408440113068,,,,,,,,,,,,,,,,,,,,
zero_center_seed_value,68#4,primary,BC_effective_weights,3,0.03075956553220749,,,,,,,,,,,,,,,,,,,,
zero_center_seed_value,68#4,primary,BC_effective_weights,4,0.05876368284225464,,,,,,,,,,,,,,,,,,,,
zero_center_seed_value,68#4,primary,BC_effective_weights,5,0.17487077414989471,,,,,,,,,,,,,,,,,,,,
zero_center_seed_value,68#4,primary,BC_effective_weights,6,0.30271032452583313,,,,,,,,,,,,,,,,,,,,
zero_center_seed_value,68#4,primary,BC_effective_weights,7,0.04048765078186989,,,,,,,,,,,,,,,,,,,,
zero_center_seed_value,68#4,primary,BC_effective_weights,8,0.007414426654577255,,,,,,,,,,,,,,,,,,,,
zero_center_seed_value,68#4,primary,BC_effective_weights,9,0.09325842559337616,,,,,,,,,,,,,,,,,,,,
zero_center_seed_value,68#4,primary,BC_effective_weights,10,0.018549762666225433,,,,,,,,,,,,,,,,,,,,
zero_center_seed_value,68#4,primary,BC_effective_weights,11,0.006624038331210613,,,,,,,,,,,,,,,,,,,,
zero_center_seed_value,68#4,primary,AC_effective_gates,0,0.028754781931638718,,,,,,,,,,,,,,,,,,,,
zero_center_seed_value,68#4,primary,AC_effective_gates,1,0.9712452292442322,,,,,,,,,,,,,,,,,,,,
zero_center_seed_value,68#4,primary,cell_BC_gains,0,0.5642457008361816,,,,,,,,,,,,,,,,,,,,
zero_center_seed_value,68#4,primary,cell_AC_gains,0,2.139089345932007,,,,,,,,,,,,,,,,,,,,
zero_center_seed_value,68#4,primary,history_gate,0,0.0,,,,,,,,,,,,,,,,,,,,
zero_center_seed_value,68#4,primary,tau_H1,0,58.48743438720703,10.0,200.0,0.2551970230905633,10.0,0.2551970230905633,interior,ms,,,,,,,,,,,,,
zero_center_seed_value,68#4,primary,tau_BC_sustained_basis,0,64.91389465332031,20.0,200.0,0.24952163696289062,20.0,0.24952163696289062,interior,ms,,,,,,,,,,,,,
zero_center_seed_value,68#4,primary,tau_BC_sustained_basis,1,98.89967346191406,20.0,200.0,0.4383315192328559,20.0,0.4383315192328559,interior,ms,,,,,,,,,,,,,
zero_center_seed_value,68#4,primary,tau_BC_sustained_basis,2,143.57968139648438,20.0,200.0,0.6865537855360243,32.74659824371338,0.6626656438012034,interior,ms,,,,,,,,,,,,,
zero_center_seed_value,68#4,primary,tau_BC_transient_basis,0,6.138451099395752,5.0,120.0,0.009899574777354364,5.0,0.009899574777354364,lower,ms,,,,,,,,,,,,,
zero_center_seed_value,68#4,primary,tau_BC_transient_basis,1,8.06850814819336,5.0,120.0,0.02668267954950747,5.0,0.02668267954950747,lower,ms,,,,,,,,,,,,,
zero_center_seed_value,68#4,primary,tau_BC_transient_basis,2,32.74657440185547,5.0,120.0,0.2412745600161345,5.0,0.2412745600161345,interior,ms,,,,,,,,,,,,,
zero_center_seed_value,68#4,primary,tau_AC_local_state,0,28.545270919799805,20.0,250.0,0.03715335182521654,20.0,0.03715335182521654,lower,ms,,,,,,,,,,,,,
zero_center_seed_value,68#4,primary,tau_AC_transient_state,0,15.510220527648926,15.0,180.0,0.0030922456221147017,15.0,0.0030922456221147017,lower,ms,,,,,,,,,,,,,
zero_center_seed_value,68#4,primary,delay_H1,0,6.442266464233398,0.0,20.0,0.3221133232116699,0.0,0.3221133232116699,interior,ms,,,,,,,,,,,,,
zero_center_seed_value,68#4,primary,delay_BC_sustained,0,16.520692825317383,0.0,30.0,0.5506897608439127,1.2992550134658813,0.530349920149917,interior,ms,,,,,,,,,,,,,
zero_center_seed_value,68#4,primary,delay_BC_transient,0,1.2992514371871948,0.0,20.0,0.06496257185935975,0.0,0.06496257185935975,interior,ms,,,,,,,,,,,,,
zero_center_seed_value,68#4,primary,delay_AC_local_downstream,0,5.721333980560303,0.0,40.0,0.14303334951400756,1.8541148900985718,0.10137971839740918,interior,ms,,,,,,,,,,,,,
zero_center_seed_value,68#4,primary,delay_AC_transient_downstream,0,1.8541101217269897,0.0,25.0,0.07416440486907959,0.0,0.07416440486907959,interior,ms,,,,,,,,,,,,,
zero_center_seed_value,68#4,fresh_1,H1_effective_amplitude,0,0.024940265342593193,,,,,,,,,,,,,,,,,,,,
zero_center_seed_value,68#4,fresh_1,BC_effective_weights,0,0.038553256541490555,,,,,,,,,,,,,,,,,,,,
zero_center_seed_value,68#4,fresh_1,BC_effective_weights,1,0.07269255816936493,,,,,,,,,,,,,,,,,,,,
zero_center_seed_value,68#4,fresh_1,BC_effective_weights,2,0.15118451416492462,,,,,,,,,,,,,,,,,,,,
zero_center_seed_value,68#4,fresh_1,BC_effective_weights,3,0.038734424859285355,,,,,,,,,,,,,,,,,,,,
zero_center_seed_value,68#4,fresh_1,BC_effective_weights,4,0.07208337634801865,,,,,,,,,,,,,,,,,,,,
zero_center_seed_value,68#4,fresh_1,BC_effective_weights,5,0.15137477219104767,,,,,,,,,,,,,,,,,,,,
zero_center_seed_value,68#4,fresh_1,BC_effective_weights,6,0.2668878436088562,,,,,,,,,,,,,,,,,,,,
zero_center_seed_value,68#4,fresh_1,BC_effective_weights,7,0.05480014905333519,,,,,,,,,,,,,,,,,,,,
zero_center_seed_value,68#4,fresh_1,BC_effective_weights,8,0.009963429532945156,,,,,,,,,,,,,,,,,,,,
zero_center_seed_value,68#4,fresh_1,BC_effective_weights,9,0.10653979331254959,,,,,,,,,,,,,,,,,,,,
zero_center_seed_value,68#4,fresh_1,BC_effective_weights,10,0.028265155851840973,,,,,,,,,,,,,,,,,,,,
zero_center_seed_value,68#4,fresh_1,BC_effective_weights,11,0.008920809254050255,,,,,,,,,,,,,,,,,,,,
zero_center_seed_value,68#4,fresh_1,AC_effective_gates,0,0.03054669313132763,,,,,,,,,,,,,,,,,,,,
zero_center_seed_value,68#4,fresh_1,AC_effective_gates,1,0.9694533348083496,,,,,,,,,,,,,,,,,,,,
zero_center_seed_value,68#4,fresh_1,cell_BC_gains,0,0.5559806227684021,,,,,,,,,,,,,,,,,,,,
zero_center_seed_value,68#4,fresh_1,cell_AC_gains,0,1.9622957706451416,,,,,,,,,,,,,,,,,,,,
zero_center_seed_value,68#4,fresh_1,history_gate,0,0.0,,,,,,,,,,,,,,,,,,,,
zero_center_seed_value,68#4,fresh_1,tau_H1,0,55.5062141418457,10.0,200.0,0.23950639022024053,10.0,0.23950639022024053,interior,ms,,,,,,,,,,,,,
zero_center_seed_value,68#4,fresh_1,tau_BC_sustained_basis,0,66.96409606933594,20.0,200.0,0.2609116448296441,20.0,0.2609116448296441,interior,ms,,,,,,,,,,,,,
zero_center_seed_value,68#4,fresh_1,tau_BC_sustained_basis,1,100.4989013671875,20.0,200.0,0.4472161187065972,20.0,0.4472161187065972,interior,ms,,,,,,,,,,,,,
zero_center_seed_value,68#4,fresh_1,tau_BC_sustained_basis,2,138.98052978515625,20.0,200.0,0.6610029432508681,27.146910667419434,0.6469865221937785,interior,ms,,,,,,,,,,,,,
zero_center_seed_value,68#4,fresh_1,tau_BC_transient_basis,0,6.132697105407715,5.0,120.0,0.009849540047023608,5.0,0.009849540047023608,lower,ms,,,,,,,,,,,,,
zero_center_seed_value,68#4,fresh_1,tau_BC_transient_basis,1,7.755369186401367,5.0,120.0,0.02395973205566406,5.0,0.02395973205566406,lower,ms,,,,,,,,,,,,,
zero_center_seed_value,68#4,fresh_1,tau_BC_transient_basis,2,27.146886825561523,5.0,120.0,0.1925816245701002,5.0,0.1925816245701002,interior,ms,,,,,,,,,,,,,
zero_center_seed_value,68#4,fresh_1,tau_AC_local_state,0,28.476486206054688,20.0,250.0,0.03685428785241168,20.0,0.03685428785241168,lower,ms,,,,,,,,,,,,,
zero_center_seed_value,68#4,fresh_1,tau_AC_transient_state,0,15.500182151794434,15.0,180.0,0.0030314069805723247,15.0,0.0030314069805723247,lower,ms,,,,,,,,,,,,,
zero_center_seed_value,68#4,fresh_1,delay_H1,0,7.570623397827148,0.0,20.0,0.37853116989135743,0.0,0.37853116989135743,interior,ms,,,,,,,,,,,,,
zero_center_seed_value,68#4,fresh_1,delay_BC_sustained,0,16.041217803955078,0.0,30.0,0.5347072601318359,1.3504098653793335,0.5127755011344164,interior,ms,,,,,,,,,,,,,
zero_center_seed_value,68#4,fresh_1,delay_BC_transient,0,1.350406289100647,0.0,20.0,0.06752031445503234,0.0,0.06752031445503234,interior,ms,,,,,,,,,,,,,
zero_center_seed_value,68#4,fresh_1,delay_AC_local_downstream,0,5.642017841339111,0.0,40.0,0.14105044603347777,1.7473875284194946,0.10181344648847457,interior,ms,,,,,,,,,,,,,
zero_center_seed_value,68#4,fresh_1,delay_AC_transient_downstream,0,1.7473827600479126,0.0,25.0,0.0698953104019165,0.0,0.0698953104019165,interior,ms,,,,,,,,,,,,,
zero_center_seed_value,68#4,fresh_2,H1_effective_amplitude,0,0.019698787480592728,,,,,,,,,,,,,,,,,,,,
zero_center_seed_value,68#4,fresh_2,BC_effective_weights,0,0.040908217430114746,,,,,,,,,,,,,,,,,,,,
zero_center_seed_value,68#4,fresh_2,BC_effective_weights,1,0.06330713629722595,,,,,,,,,,,,,,,,,,,,
zero_center_seed_value,68#4,fresh_2,BC_effective_weights,2,0.15438584983348846,,,,,,,,,,,,,,,,,,,,
zero_center_seed_value,68#4,fresh_2,BC_effective_weights,3,0.04161105304956436,,,,,,,,,,,,,,,,,,,,
zero_center_seed_value,68#4,fresh_2,BC_effective_weights,4,0.0642310231924057,,,,,,,,,,,,,,,,,,,,
zero_center_seed_value,68#4,fresh_2,BC_effective_weights,5,0.15295816957950592,,,,,,,,,,,,,,,,,,,,
zero_center_seed_value,68#4,fresh_2,BC_effective_weights,6,0.2573307156562805,,,,,,,,,,,,,,,,,,,,
zero_center_seed_value,68#4,fresh_2,BC_effective_weights,7,0.05733161047101021,,,,,,,,,,,,,,,,,,,,
zero_center_seed_value,68#4,fresh_2,BC_effective_weights,8,0.010534562170505524,,,,,,,,,,,,,,,,,,,,
zero_center_seed_value,68#4,fresh_2,BC_effective_weights,9,0.1178976446390152,,,,,,,,,,,,,,,,,,,,
zero_center_seed_value,68#4,fresh_2,BC_effective_weights,10,0.03036399744451046,,,,,,,,,,,,,,,,,,,,
zero_center_seed_value,68#4,fresh_2,BC_effective_weights,11,0.009139985777437687,,,,,,,,,,,,,,,,,,,,
zero_center_seed_value,68#4,fresh_2,AC_effective_gates,0,0.02978639118373394,,,,,,,,,,,,,,,,,,,,
zero_center_seed_value,68#4,fresh_2,AC_effective_gates,1,0.9702136516571045,,,,,,,,,,,,,,,,,,,,
zero_center_seed_value,68#4,fresh_2,cell_BC_gains,0,0.5735396146774292,,,,,,,,,,,,,,,,,,,,
zero_center_seed_value,68#4,fresh_2,cell_AC_gains,0,1.936439037322998,,,,,,,,,,,,,,,,,,,,
zero_center_seed_value,68#4,fresh_2,history_gate,0,0.0,,,,,,,,,,,,,,,,,,,,
zero_center_seed_value,68#4,fresh_2,tau_H1,0,49.10755920410156,10.0,200.0,0.2058292589689556,10.0,0.2058292589689556,interior,ms,,,,,,,,,,,,,
zero_center_seed_value,68#4,fresh_2,tau_BC_sustained_basis,0,68.74835968017578,20.0,200.0,0.270824220445421,20.0,0.270824220445421,interior,ms,,,,,,,,,,,,,
zero_center_seed_value,68#4,fresh_2,tau_BC_sustained_basis,1,96.10313415527344,20.0,200.0,0.4227951897515191,20.0,0.4227951897515191,interior,ms,,,,,,,,,,,,,
zero_center_seed_value,68#4,fresh_2,tau_BC_sustained_basis,2,138.8933563232422,20.0,200.0,0.6605186462402344,32.29049777984619,0.63563994366555,interior,ms,,,,,,,,,,,,,
zero_center_seed_value,68#4,fresh_2,tau_BC_transient_basis,0,6.300146102905273,5.0,120.0,0.011305618286132812,5.0,0.011305618286132812,lower,ms,,,,,,,,,,,,,
zero_center_seed_value,68#4,fresh_2,tau_BC_transient_basis,1,7.984103202819824,5.0,120.0,0.02594872350278108,5.0,0.02594872350278108,lower,ms,,,,,,,,,,,,,
zero_center_seed_value,68#4,fresh_2,tau_BC_transient_basis,2,32.29047393798828,5.0,120.0,0.23730846902598504,5.0,0.23730846902598504,interior,ms,,,,,,,,,,,,,
zero_center_seed_value,68#4,fresh_2,tau_AC_local_state,0,28.210494995117188,20.0,250.0,0.035697804326596465,20.0,0.035697804326596465,lower,ms,,,,,,,,,,,,,
zero_center_seed_value,68#4,fresh_2,tau_AC_transient_state,0,15.46501350402832,15.0,180.0,0.0028182636607776987,15.0,0.0028182636607776987,lower,ms,,,,,,,,,,,,,
zero_center_seed_value,68#4,fresh_2,delay_H1,0,6.223598003387451,0.0,20.0,0.3111799001693726,0.0,0.3111799001693726,interior,ms,,,,,,,,,,,,,
zero_center_seed_value,68#4,fresh_2,delay_BC_sustained,0,15.457361221313477,0.0,30.0,0.5152453740437826,1.6724317073822021,0.4866259387864099,interior,ms,,,,,,,,,,,,,
zero_center_seed_value,68#4,fresh_2,delay_BC_transient,0,1.6724281311035156,0.0,20.0,0.08362140655517578,0.0,0.08362140655517578,interior,ms,,,,,,,,,,,,,
zero_center_seed_value,68#4,fresh_2,delay_AC_local_downstream,0,5.698744297027588,0.0,40.0,0.1424686074256897,1.5877207517623901,0.1070236816383088,interior,ms,,,,,,,,,,,,,
zero_center_seed_value,68#4,fresh_2,delay_AC_transient_downstream,0,1.587715983390808,0.0,25.0,0.06350863933563232,0.0,0.06350863933563232,interior,ms,,,,,,,,,,,,,
zero_center_seed_value,69#4,primary,H1_effective_amplitude,0,0.025250041857361794,,,,,,,,,,,,,,,,,,,,
zero_center_seed_value,69#4,primary,BC_effective_weights,0,0.031723376363515854,,,,,,,,,,,,,,,,,,,,
zero_center_seed_value,69#4,primary,BC_effective_weights,1,0.024550890550017357,,,,,,,,,,,,,,,,,,,,
zero_center_seed_value,69#4,primary,BC_effective_weights,2,0.022307138890028,,,,,,,,,,,,,,,,,,,,
zero_center_seed_value,69#4,primary,BC_effective_weights,3,0.0317237563431263,,,,,,,,,,,,,,,,,,,,
zero_center_seed_value,69#4,primary,BC_effective_weights,4,0.02440715581178665,,,,,,,,,,,,,,,,,,,,
zero_center_seed_value,69#4,primary,BC_effective_weights,5,0.022423062473535538,,,,,,,,,,,,,,,,,,,,
zero_center_seed_value,69#4,primary,BC_effective_weights,6,0.14973069727420807,,,,,,,,,,,,,,,,,,,,
zero_center_seed_value,69#4,primary,BC_effective_weights,7,0.20262451469898224,,,,,,,,,,,,,,,,,,,,
zero_center_seed_value,69#4,primary,BC_effective_weights,8,0.0863298699259758,,,,,,,,,,,,,,,,,,,,
zero_center_seed_value,69#4,primary,BC_effective_weights,9,0.14842280745506287,,,,,,,,,,,,,,,,,,,,
zero_center_seed_value,69#4,primary,BC_effective_weights,10,0.18343621492385864,,,,,,,,,,,,,,,,,,,,
zero_center_seed_value,69#4,primary,BC_effective_weights,11,0.07232049852609634,,,,,,,,,,,,,,,,,,,,
zero_center_seed_value,69#4,primary,AC_effective_gates,0,0.2659921646118164,,,,,,,,,,,,,,,,,,,,
zero_center_seed_value,69#4,primary,AC_effective_gates,1,0.7340077757835388,,,,,,,,,,,,,,,,,,,,
zero_center_seed_value,69#4,primary,cell_BC_gains,0,0.7273563742637634,,,,,,,,,,,,,,,,,,,,
zero_center_seed_value,69#4,primary,cell_AC_gains,0,1.352407693862915,,,,,,,,,,,,,,,,,,,,
zero_center_seed_value,69#4,primary,history_gate,0,0.0,,,,,,,,,,,,,,,,,,,,
zero_center_seed_value,69#4,primary,tau_H1,0,35.57514572143555,10.0,200.0,0.13460603011281866,10.0,0.13460603011281866,interior,ms,,,,,,,,,,,,,
zero_center_seed_value,69#4,primary,tau_BC_sustained_basis,0,23.66720962524414,20.0,200.0,0.020373386806911892,20.0,0.020373386806911892,lower,ms,,,,,,,,,,,,,
zero_center_seed_value,69#4,primary,tau_BC_sustained_basis,1,55.743797302246094,20.0,200.0,0.19857665167914496,20.0,0.19857665167914496,interior,ms,,,,,,,,,,,,,
zero_center_seed_value,69#4,primary,tau_BC_sustained_basis,2,102.4028091430664,20.0,200.0,0.4577933841281467,20.0,0.4577933841281467,interior,ms,,,,,,,,,,,,,
zero_center_seed_value,69#4,primary,tau_BC_transient_basis,0,8.846705436706543,5.0,120.0,0.03344961249310038,5.0,0.03344961249310038,lower,ms,,,,,,,,,,,,,
zero_center_seed_value,69#4,primary,tau_BC_transient_basis,1,10.13648796081543,5.0,120.0,0.044665112702742864,5.0,0.044665112702742864,lower,ms,,,,,,,,,,,,,
zero_center_seed_value,69#4,primary,tau_BC_transient_basis,2,10.827350616455078,5.0,120.0,0.05067261405613111,5.0,0.05067261405613111,interior,ms,,,,,,,,,,,,,
zero_center_seed_value,69#4,primary,tau_AC_local_state,0,26.335575103759766,20.0,250.0,0.02754597871199898,20.0,0.02754597871199898,lower,ms,,,,,,,,,,,,,
zero_center_seed_value,69#4,primary,tau_AC_transient_state,0,17.05682373046875,15.0,180.0,0.012465598366477273,15.0,0.012465598366477273,lower,ms,,,,,,,,,,,,,
zero_center_seed_value,69#4,primary,delay_H1,0,15.55972671508789,0.0,20.0,0.7779863357543946,0.0,0.7779863357543946,interior,ms,,,,,,,,,,,,,
zero_center_seed_value,69#4,primary,delay_BC_sustained,0,11.613821983337402,0.0,30.0,0.3871273994445801,8.257571935653687,0.1543640865569823,interior,ms,,,,,,,,,,,,,
zero_center_seed_value,69#4,primary,delay_BC_transient,0,8.257568359375,0.0,20.0,0.41287841796875,0.0,0.41287841796875,interior,ms,,,,,,,,,,,,,
zero_center_seed_value,69#4,primary,delay_AC_local_downstream,0,16.569839477539062,0.0,40.0,0.4142459869384766,13.644561767578125,0.11099332457171308,interior,ms,,,,,,,,,,,,,
zero_center_seed_value,69#4,primary,delay_AC_transient_downstream,0,13.644556999206543,0.0,25.0,0.5457822799682617,0.0,0.5457822799682617,interior,ms,,,,,,,,,,,,,
zero_center_seed_value,69#4,fresh_1,H1_effective_amplitude,0,0.024579351767897606,,,,,,,,,,,,,,,,,,,,
zero_center_seed_value,69#4,fresh_1,BC_effective_weights,0,0.033738382160663605,,,,,,,,,,,,,,,,,,,,
zero_center_seed_value,69#4,fresh_1,BC_effective_weights,1,0.024989712983369827,,,,,,,,,,,,,,,,,,,,
zero_center_seed_value,69#4,fresh_1,BC_effective_weights,2,0.023157741874456406,,,,,,,,,,,,,,,,,,,,
zero_center_seed_value,69#4,fresh_1,BC_effective_weights,3,0.03302003815770149,,,,,,,,,,,,,,,,,,,,
zero_center_seed_value,69#4,fresh_1,BC_effective_weights,4,0.02554374746978283,,,,,,,,,,,,,,,,,,,,
zero_center_seed_value,69#4,fresh_1,BC_effective_weights,5,0.023170124739408493,,,,,,,,,,,,,,,,,,,,
zero_center_seed_value,69#4,fresh_1,BC_effective_weights,6,0.1560736745595932,,,,,,,,,,,,,,,,,,,,
zero_center_seed_value,69#4,fresh_1,BC_effective_weights,7,0.1922135204076767,,,,,,,,,,,,,,,,,,,,
zero_center_seed_value,69#4,fresh_1,BC_effective_weights,8,0.08987785875797272,,,,,,,,,,,,,,,,,,,,
zero_center_seed_value,69#4,fresh_1,BC_effective_weights,9,0.14851033687591553,,,,,,,,,,,,,,,,,,,,
zero_center_seed_value,69#4,fresh_1,BC_effective_weights,10,0.1762796938419342,,,,,,,,,,,,,,,,,,,,
zero_center_seed_value,69#4,fresh_1,BC_effective_weights,11,0.07342512905597687,,,,,,,,,,,,,,,,,,,,
zero_center_seed_value,69#4,fresh_1,AC_effective_gates,0,0.30777889490127563,,,,,,,,,,,,,,,,,,,,
zero_center_seed_value,69#4,fresh_1,AC_effective_gates,1,0.6922211050987244,,,,,,,,,,,,,,,,,,,,
zero_center_seed_value,69#4,fresh_1,cell_BC_gains,0,0.7145414352416992,,,,,,,,,,,,,,,,,,,,
zero_center_seed_value,69#4,fresh_1,cell_AC_gains,0,1.3561495542526245,,,,,,,,,,,,,,,,,,,,
zero_center_seed_value,69#4,fresh_1,history_gate,0,0.0,,,,,,,,,,,,,,,,,,,,
zero_center_seed_value,69#4,fresh_1,tau_H1,0,37.51213836669922,10.0,200.0,0.14480072824578535,10.0,0.14480072824578535,interior,ms,,,,,,,,,,,,,
zero_center_seed_value,69#4,fresh_1,tau_BC_sustained_basis,0,23.501298904418945,20.0,200.0,0.01945166058010525,20.0,0.01945166058010525,lower,ms,,,,,,,,,,,,,
zero_center_seed_value,69#4,fresh_1,tau_BC_sustained_basis,1,61.82642364501953,20.0,200.0,0.2323690202501085,20.0,0.2323690202501085,interior,ms,,,,,,,,,,,,,
zero_center_seed_value,69#4,fresh_1,tau_BC_sustained_basis,2,104.49855041503906,20.0,200.0,0.46943639119466146,20.0,0.46943639119466146,interior,ms,,,,,,,,,,,,,
zero_center_seed_value,69#4,fresh_1,tau_BC_transient_basis,0,9.09330940246582,5.0,120.0,0.035593994804050615,5.0,0.035593994804050615,lower,ms,,,,,,,,,,,,,
zero_center_seed_value,69#4,fresh_1,tau_BC_transient_basis,1,10.569131851196289,5.0,120.0,0.04842723348866338,5.0,0.04842723348866338,lower,ms,,,,,,,,,,,,,
zero_center_seed_value,69#4,fresh_1,tau_BC_transient_basis,2,11.307416915893555,5.0,120.0,0.05484710361646569,5.0,0.05484710361646569,interior,ms,,,,,,,,,,,,,
zero_center_seed_value,69#4,fresh_1,tau_AC_local_state,0,26.341934204101562,20.0,250.0,0.027573626974354618,20.0,0.027573626974354618,lower,ms,,,,,,,,,,,,,
zero_center_seed_value,69#4,fresh_1,tau_AC_transient_state,0,17.52911376953125,15.0,180.0,0.015327962239583333,15.0,0.015327962239583333,lower,ms,,,,,,,,,,,,,
zero_center_seed_value,69#4,fresh_1,delay_H1,0,16.036638259887695,0.0,20.0,0.8018319129943847,0.0,0.8018319129943847,interior,ms,,,,,,,,,,,,,
zero_center_seed_value,69#4,fresh_1,delay_BC_sustained,0,12.32087516784668,0.0,30.0,0.41069583892822265,8.845707654953003,0.16427718101888394,interior,ms,,,,,,,,,,,,,
zero_center_seed_value,69#4,fresh_1,delay_BC_transient,0,8.845704078674316,0.0,20.0,0.44228520393371584,0.0,0.44228520393371584,interior,ms,,,,,,,,,,,,,
zero_center_seed_value,69#4,fresh_1,delay_AC_local_downstream,0,17.161462783813477,0.0,40.0,0.4290365695953369,14.285447120666504,0.1118438915365468,interior,ms,,,,,,,,,,,,,
zero_center_seed_value,69#4,fresh_1,delay_AC_transient_downstream,0,14.285442352294922,0.0,25.0,0.5714176940917969,0.0,0.5714176940917969,interior,ms,,,,,,,,,,,,,
zero_center_seed_value,69#4,fresh_2,H1_effective_amplitude,0,0.027172056958079338,,,,,,,,,,,,,,,,,,,,
zero_center_seed_value,69#4,fresh_2,BC_effective_weights,0,0.026311539113521576,,,,,,,,,,,,,,,,,,,,
zero_center_seed_value,69#4,fresh_2,BC_effective_weights,1,0.02074926346540451,,,,,,,,,,,,,,,,,,,,
zero_center_seed_value,69#4,fresh_2,BC_effective_weights,2,0.019113531336188316,,,,,,,,,,,,,,,,,,,,
zero_center_seed_value,69#4,fresh_2,BC_effective_weights,3,0.026990270242094994,,,,,,,,,,,,,,,,,,,,
zero_center_seed_value,69#4,fresh_2,BC_effective_weights,4,0.020837418735027313,,,,,,,,,,,,,,,,,,,,
zero_center_seed_value,69#4,fresh_2,BC_effective_weights,5,0.018909480422735214,,,,,,,,,,,,,,,,,,,,
zero_center_seed_value,69#4,fresh_2,BC_effective_weights,6,0.1485079824924469,,,,,,,,,,,,,,,,,,,,
zero_center_seed_value,69#4,fresh_2,BC_effective_weights,7,0.2337726503610611,,,,,,,,,,,,,,,,,,,,
zero_center_seed_value,69#4,fresh_2,BC_effective_weights,8,0.09312273561954498,,,,,,,,,,,,,,,,,,,,
zero_center_seed_value,69#4,fresh_2,BC_effective_weights,9,0.13904207944869995,,,,,,,,,,,,,,,,,,,,
zero_center_seed_value,69#4,fresh_2,BC_effective_weights,10,0.18816900253295898,,,,,,,,,,,,,,,,,,,,
zero_center_seed_value,69#4,fresh_2,BC_effective_weights,11,0.06447403877973557,,,,,,,,,,,,,,,,,,,,
zero_center_seed_value,69#4,fresh_2,AC_effective_gates,0,0.24739570915699005,,,,,,,,,,,,,,,,,,,,
zero_center_seed_value,69#4,fresh_2,AC_effective_gates,1,0.7526043057441711,,,,,,,,,,,,,,,,,,,,
zero_center_seed_value,69#4,fresh_2,cell_BC_gains,0,0.7350022196769714,,,,,,,,,,,,,,,,,,,,
zero_center_seed_value,69#4,fresh_2,cell_AC_gains,0,1.3462541103363037,,,,,,,,,,,,,,,,,,,,
zero_center_seed_value,69#4,fresh_2,history_gate,0,0.0,,,,,,,,,,,,,,,,,,,,
zero_center_seed_value,69#4,fresh_2,tau_H1,0,36.49675369262695,10.0,200.0,0.1394565983822471,10.0,0.1394565983822471,interior,ms,,,,,,,,,,,,,
zero_center_seed_value,69#4,fresh_2,tau_BC_sustained_basis,0,23.890060424804688,20.0,200.0,0.021611446804470486,20.0,0.021611446804470486,lower,ms,,,,,,,,,,,,,
zero_center_seed_value,69#4,fresh_2,tau_BC_sustained_basis,1,59.23894500732422,20.0,200.0,0.217994138929579,20.0,0.217994138929579,interior,ms,,,,,,,,,,,,,
zero_center_seed_value,69#4,fresh_2,tau_BC_sustained_basis,2,102.85039520263672,20.0,200.0,0.46027997334798176,20.0,0.46027997334798176,interior,ms,,,,,,,,,,,,,
zero_center_seed_value,69#4,fresh_2,tau_BC_transient_basis,0,8.636568069458008,5.0,120.0,0.031622331038765286,5.0,0.031622331038765286,lower,ms,,,,,,,,,,,,,
zero_center_seed_value,69#4,fresh_2,tau_BC_transient_basis,1,9.688141822814941,5.0,120.0,0.040766450633173405,5.0,0.040766450633173405,lower,ms,,,,,,,,,,,,,
zero_center_seed_value,69#4,fresh_2,tau_BC_transient_basis,2,10.547898292541504,5.0,120.0,0.04824259384818699,5.0,0.04824259384818699,lower,ms,,,,,,,,,,,,,
zero_center_seed_value,69#4,fresh_2,tau_AC_local_state,0,26.579631805419922,20.0,250.0,0.028607094806173572,20.0,0.028607094806173572,lower,ms,,,,,,,,,,,,,
zero_center_seed_value,69#4,fresh_2,tau_AC_transient_state,0,16.92278480529785,15.0,180.0,0.011653241244229404,15.0,0.011653241244229404,lower,ms,,,,,,,,,,,,,
zero_center_seed_value,69#4,fresh_2,delay_H1,0,16.150604248046875,0.0,20.0,0.8075302124023438,0.0,0.8075302124023438,interior,ms,,,,,,,,,,,,,
zero_center_seed_value,69#4,fresh_2,delay_BC_sustained,0,12.686548233032227,0.0,30.0,0.4228849411010742,9.508394002914429,0.15509541958643028,interior,ms,,,,,,,,,,,,,
zero_center_seed_value,69#4,fresh_2,delay_BC_transient,0,9.508390426635742,0.0,20.0,0.4754195213317871,0.0,0.4754195213317871,interior,ms,,,,,,,,,,,,,
zero_center_seed_value,69#4,fresh_2,delay_AC_local_downstream,0,17.431385040283203,0.0,40.0,0.43578462600708007,14.473474502563477,0.11587595570015088,interior,ms,,,,,,,,,,,,,
zero_center_seed_value,69#4,fresh_2,delay_AC_transient_downstream,0,14.473469734191895,0.0,25.0,0.5789387893676757,0.0,0.5789387893676757,interior,ms,,,,,,,,,,,,,
alignment_summary,,,H1_effective_amplitude,0,,,,,,,,,0.028200427070260048,0.08736303448677063,0.029206963256001472,0.7004727227196357,22,0,0.7380011293054771,,,,,,
alignment_summary,,,BC_effective_weights,0,,,,,,,,,0.03123908769339323,0.022799408994615078,0.006131456699222326,0.23334604607897647,2,20,0.6996047430830039,,,,,,
alignment_summary,,,BC_effective_weights,1,,,,,,,,,0.027494349516928196,0.02141519356518984,0.005782777443528175,0.2563545831239831,1,21,0.6770186335403726,,,,,,
alignment_summary,,,BC_effective_weights,2,,,,,,,,,0.028712013736367226,0.020546358078718185,0.0070699043571949005,0.27997776500828536,1,21,0.7380011293054771,,,,,,
alignment_summary,,,BC_effective_weights,3,,,,,,,,,0.030697429552674294,0.022429858334362507,0.007147558615542948,0.25959294538746075,3,19,0.6837944664031621,,,,,,
alignment_summary,,,BC_effective_weights,4,,,,,,,,,0.02630996983498335,0.020976238884031773,0.004858117026742548,0.2554576384198283,1,21,0.6284584980237155,,,,,,
alignment_summary,,,BC_effective_weights,5,,,,,,,,,0.028475334867835045,0.02025489043444395,0.005229018453974277,0.2914810024108121,2,20,0.691699604743083,,,,,,
alignment_summary,,,BC_effective_weights,6,,,,,,,,,0.18175601959228516,0.1605951189994812,0.015288174152374268,0.08696209555600484,7,15,0.7526821005081875,,,,,,
alignment_summary,,,BC_effective_weights,7,,,,,,,,,0.24092624336481094,0.2625928223133087,0.034785039722919464,0.1550548402276869,13,9,0.4522868435911914,,,,,,
alignment_summary,,,BC_effective_weights,8,,,,,,,,,0.07325587049126625,0.0681530013680458,0.008688362315297127,0.15401624773076802,10,12,0.8791643139469226,,,,,,
alignment_summary,,,BC_effective_weights,9,,,,,,,,,0.12286803871393204,0.11910949274897575,0.010006498545408249,0.09653642204406086,12,10,0.7018633540372671,,,,,,
alignment_summary,,,BC_effective_weights,10,,,,,,,,,0.12746120989322662,0.1390344500541687,0.0409223735332489,0.3089354285782119,15,7,0.6510446075663467,,,,,,
alignment_summary,,,BC_effective_weights,11,,,,,,,,,0.03484440315514803,0.03574587404727936,0.0060514528304338455,0.2210846255246518,12,10,0.6679841897233202,,,,,,
alignment_summary,,,AC_effective_gates,0,,,,,,,,,0.2621758133172989,0.23066754639148712,0.046179428696632385,0.1434692911809089,9,13,0.9649915302089215,,,,,,
alignment_summary,,,AC_effective_gates,1,,,,,,,,,0.7378241717815399,0.7693324983119965,0.04617939889431,0.06572323646726336,13,9,0.9649915302089215,,,,,,
alignment_summary,,,cell_BC_gains,0,,,,,,,,,0.7099837958812714,0.7734118103981018,0.055614352226257324,0.08567042906834316,17,5,0.7549407114624506,,,,,,
alignment_summary,,,cell_AC_gains,0,,,,,,,,,1.0336149334907532,1.1241813898086548,0.08591890335083008,0.08697698499798878,16,6,0.7459062676453981,,,,,,
alignment_summary,,,history_gate,0,,,,,,,,,0.0,0.0,0.0,0.8298934477752505,1,2,0.9975062344139649,,,,,,
alignment_summary,,,tau_H1,0,,,,,,,,,22.4283447265625,15.021804809570312,1.9621524810791016,0.12501337062277215,2,20,0.6668548842461886,,,,,,
alignment_summary,,,tau_BC_sustained_basis,0,,,,,,,,,24.67684841156006,24.38935947418213,0.2719545364379883,0.009169786039824587,5,17,0.7425183512140033,,,,,,
alignment_summary,,,tau_BC_sustained_basis,1,,,,,,,,,58.49842834472656,55.27358627319336,4.503200531005859,0.08559531469099238,5,17,0.7967250141163185,,,,,,
alignment_summary,,,tau_BC_sustained_basis,2,,,,,,,,,115.41685104370117,111.3943099975586,5.216156005859375,0.046785374293857984,6,16,0.831733483907397,,,,,,
alignment_summary,,,tau_BC_transient_basis,0,,,,,,,,,7.8546531200408936,7.397456407546997,0.7176589965820312,0.0887713658336675,10,12,0.6566911349520045,,,,,,
alignment_summary,,,tau_BC_transient_basis,1,,,,,,,,,9.158905029296875,7.867225170135498,0.9157230854034424,0.09740588094916805,5,17,0.7221908526256352,,,,,,
alignment_summary,,,tau_BC_transient_basis,2,,,,,,,,,11.041677474975586,10.721609115600586,0.920985221862793,0.08872669293858187,5,17,0.7391304347826086,,,,,,
alignment_summary,,,tau_AC_local_state,0,,,,,,,,,26.00404930114746,26.2390193939209,0.47040367126464844,0.018495343223004106,12,10,0.7865612648221344,,,,,,
alignment_summary,,,tau_AC_transient_state,0,,,,,,,,,16.25185203552246,15.987581729888916,0.30023956298828125,0.01780820402602855,6,16,0.8791643139469226,,,,,,
alignment_summary,,,delay_H1,0,,,,,,,,,15.089356899261475,17.394885063171387,0.9346537590026855,0.08770014485547065,17,5,0.34726143421795597,,,,,,
alignment_summary,,,delay_BC_sustained,0,,,,,,,,,16.483710289001465,17.907777786254883,0.7794861793518066,0.049489181617716274,12,10,0.7854319593450029,,,,,,
alignment_summary,,,delay_BC_transient,0,,,,,,,,,14.210822582244873,15.769281387329102,0.6930456161499023,0.04796003830554467,13,9,0.611518915866742,,,,,,
alignment_summary,,,delay_AC_local_downstream,0,,,,,,,,,16.049413681030273,16.96015739440918,1.5212063789367676,0.13194979433985482,20,2,0.6984754376058724,,,,,,
alignment_summary,,,delay_AC_transient_downstream,0,,,,,,,,,13.392622947692871,14.645743370056152,1.6442441940307617,0.18333683801006928,21,1,0.7233201581027668,,,,,,
zero_center_seed_summary,67#4,,H1_effective_amplitude,0,,,,,,,,,,,,,,,,0.0068976120091974735,0.008496182039380074,0.0015985700301826,0.0008990643900297784,0.11330983207917691,0.0030069351196289062
zero_center_seed_summary,67#4,,BC_effective_weights,0,,,,,,,,,,,,,,,,0.021950261667370796,0.035059381276369095,0.013109119608998299,0.006657635616468087,0.2392160152624153,0.0030069351196289062
zero_center_seed_summary,67#4,,BC_effective_weights,1,,,,,,,,,,,,,,,,0.02134740725159645,0.03214145824313164,0.010794050991535187,0.005531389109913633,0.2015515081671144,0.0030069351196289062
zero_center_seed_summary,67#4,,BC_effective_weights,2,,,,,,,,,,,,,,,,0.024674763903021812,0.033983148634433746,0.009308384731411934,0.00485874686051574,0.1612362288516033,0.0030069351196289062
zero_center_seed_summary,67#4,,BC_effective_weights,3,,,,,,,,,,,,,,,,0.02056160755455494,0.031841784715652466,0.011280177161097527,0.005915308299039989,0.23499473240998517,0.0030069351196289062
zero_center_seed_summary,67#4,,BC_effective_weights,4,,,,,,,,,,,,,,,,0.020102784037590027,0.030641909688711166,0.01053912565112114,0.005317125688402243,0.2062337468538356,0.0030069351196289062
zero_center_seed_summary,67#4,,BC_effective_weights,5,,,,,,,,,,,,,,,,0.02355719916522503,0.03285300359129906,0.009295804426074028,0.004806303664486038,0.16624117006389297,0.0030069351196289062
zero_center_seed_summary,67#4,,BC_effective_weights,6,,,,,,,,,,,,,,,,0.20156972110271454,0.2670098841190338,0.06544016301631927,0.03272170270791484,0.13977555939294073,0.0030069351196289062
zero_center_seed_summary,67#4,,BC_effective_weights,7,,,,,,,,,,,,,,,,0.2416979819536209,0.32632219791412354,0.08462421596050262,0.04252720946307067,0.1484492243047581,0.0030069351196289062
zero_center_seed_summary,67#4,,BC_effective_weights,8,,,,,,,,,,,,,,,,0.07234539836645126,0.10813689231872559,0.03579149395227432,0.020557096577531162,0.24356580879077755,0.0030069351196289062
zero_center_seed_summary,67#4,,BC_effective_weights,9,,,,,,,,,,,,,,,,0.09557264298200607,0.12004392594099045,0.024471282958984375,0.012246220255512212,0.11328382989075465,0.0030069351196289062
zero_center_seed_summary,67#4,,BC_effective_weights,10,,,,,,,,,,,,,,,,0.08588296175003052,0.10621929913759232,0.020336337387561798,0.010660465111806704,0.10889147958887378,0.0030069351196289062
zero_center_seed_summary,67#4,,BC_effective_weights,11,,,,,,,,,,,,,,,,0.02067292481660843,0.029073024168610573,0.008400099352002144,0.0046329427212277695,0.19512055488287705,0.0030069351196289062
zero_center_seed_summary,67#4,,AC_effective_gates,0,,,,,,,,,,,,,,,,0.4471885561943054,0.5692049264907837,0.12201637029647827,0.061181672306393826,0.12102276977719317,0.0030069351196289062
zero_center_seed_summary,67#4,,AC_effective_gates,1,,,,,,,,,,,,,,,,0.4307950735092163,0.5528113842010498,0.1220163106918335,0.06118164258857914,0.12373389868860056,0.0030069351196289062
zero_center_seed_summary,67#4,,cell_BC_gains,0,,,,,,,,,,,,,,,,0.7344725728034973,0.7669385671615601,0.032465994358062744,0.016243812962243056,0.02162820267479683,0.0030069351196289062
zero_center_seed_summary,67#4,,cell_AC_gains,0,,,,,,,,,,,,,,,,0.7246628403663635,0.7923270463943481,0.06766420602798462,0.03389173794985581,0.044614631976058826,0.0030069351196289062
zero_center_seed_summary,67#4,,history_gate,0,,,,,,,,,,,,,,,,0.12586526572704315,0.1554955542087555,0.02963028848171234,0.015727871943859623,0.1094274457444057,0.0030069351196289062
zero_center_seed_summary,67#4,,tau_H1,0,,,,,,,,,,,,,,,,28.483434677124023,38.640541076660156,10.157106399536133,5.134979903178618,0.1550243936350776,0.0030069351196289062
zero_center_seed_summary,67#4,,tau_BC_sustained_basis,0,,,,,,,,,,,,,,,,26.476024627685547,27.736614227294922,1.260589599609375,0.6373055576506512,0.023464213819157836,0.0030069351196289062
zero_center_seed_summary,67#4,,tau_BC_sustained_basis,1,,,,,,,,,,,,,,,,45.23097610473633,53.074615478515625,7.843639373779297,3.924479852006104,0.07997817603440502,0.0030069351196289062
zero_center_seed_summary,67#4,,tau_BC_sustained_basis,2,,,,,,,,,,,,,,,,93.09813690185547,100.83727264404297,7.7391357421875,3.8773465925079975,0.040044487548988435,0.0030069351196289062
zero_center_seed_summary,67#4,,tau_BC_transient_basis,0,,,,,,,,,,,,,,,,9.700887680053711,10.235361099243164,0.5344734191894531,0.2888785087173043,0.029165548330148627,0.0030069351196289062
zero_center_seed_summary,67#4,,tau_BC_transient_basis,1,,,,,,,,,,,,,,,,10.169822692871094,11.228095054626465,1.058272361755371,0.5890099409767973,0.054294918115192624,0.0030069351196289062
zero_center_seed_summary,67#4,,tau_BC_transient_basis,2,,,,,,,,,,,,,,,,15.05667781829834,17.10363006591797,2.046952247619629,1.129556542997359,0.07147176553609494,0.0030069351196289062
zero_center_seed_summary,67#4,,tau_AC_local_state,0,,,,,,,,,,,,,,,,25.08660888671875,25.294771194458008,0.2081623077392578,0.10425879859017483,0.004139360114320884,0.0030069351196289062
zero_center_seed_summary,67#4,,tau_AC_transient_state,0,,,,,,,,,,,,,,,,17.315458297729492,18.124267578125,0.8088092803955078,0.4061176918665253,0.02289099145120951,0.0030069351196289062
zero_center_seed_summary,67#4,,delay_H1,0,,,,,,,,,,,,,,,,3.968573570251465,5.055446624755859,1.0868730545043945,0.5436646753914504,0.12025046211266491,0.0030069351196289062
zero_center_seed_summary,67#4,,delay_BC_sustained,0,,,,,,,,,,,,,,,,14.124968528747559,15.362778663635254,1.2378101348876953,0.6212077109989936,0.042045295999443046,0.0030069351196289062
zero_center_seed_summary,67#4,,delay_BC_transient,0,,,,,,,,,,,,,,,,11.178980827331543,12.15939998626709,0.9804191589355469,0.5361057302755946,0.046440665753675794,0.0030069351196289062
zero_center_seed_summary,67#4,,delay_AC_local_downstream,0,,,,,,,,,,,,,,,,8.811447143554688,10.20641040802002,1.394963264465332,0.6999342400843892,0.07334738930663103,0.0030069351196289062
zero_center_seed_summary,67#4,,delay_AC_transient_downstream,0,,,,,,,,,,,,,,,,5.782972812652588,6.493005275726318,0.7100324630737305,0.3577441896822837,0.05804287237679924,0.0030069351196289062
zero_center_seed_summary,67#6,,H1_effective_amplitude,0,,,,,,,,,,,,,,,,0.09682608395814896,0.17286501824855804,0.07603893429040909,0.03905183204999044,0.27895063772835227,0.0037204325199127197
zero_center_seed_summary,67#6,,BC_effective_weights,0,,,,,,,,,,,,,,,,0.017154889181256294,0.03082197532057762,0.013667086139321327,0.007879935508026539,0.3627456048841294,0.0037204325199127197
zero_center_seed_summary,67#6,,BC_effective_weights,1,,,,,,,,,,,,,,,,0.018803920596837997,0.030719267204403877,0.01191534660756588,0.0065240134711005045,0.28088577122512726,0.0037204325199127197
zero_center_seed_summary,67#6,,BC_effective_weights,2,,,,,,,,,,,,,,,,0.0221179760992527,0.03527309373021126,0.013155117630958557,0.006749290206936783,0.2425873295720491,0.0037204325199127197
zero_center_seed_summary,67#6,,BC_effective_weights,3,,,,,,,,,,,,,,,,0.017670923843979836,0.030837014317512512,0.013166090473532677,0.007511043845613683,0.3388548239836922,0.0037204325199127197
zero_center_seed_summary,67#6,,BC_effective_weights,4,,,,,,,,,,,,,,,,0.019264155998826027,0.03089042194187641,0.011626265943050385,0.006354791918690369,0.2693270368807704,0.0037204325199127197
zero_center_seed_summary,67#6,,BC_effective_weights,5,,,,,,,,,,,,,,,,0.023494377732276917,0.03500133007764816,0.011506952345371246,0.00597884345233021,0.2111990441668433,0.0037204325199127197
zero_center_seed_summary,67#6,,BC_effective_weights,6,,,,,,,,,,,,,,,,0.2136058360338211,0.28494393825531006,0.07133810222148895,0.03572567576545923,0.14265406570519823,0.0037204325199127197
zero_center_seed_summary,67#6,,BC_effective_weights,7,,,,,,,,,,,,,,,,0.16607460379600525,0.2324446439743042,0.06637004017829895,0.03319528833808704,0.16619558533665837,0.0037204325199127197
zero_center_seed_summary,67#6,,BC_effective_weights,8,,,,,,,,,,,,,,,,0.015669381245970726,0.04691667482256889,0.031247293576598167,0.016179317786730436,0.479812320572453,0.0037204325199127197
zero_center_seed_summary,67#6,,BC_effective_weights,9,,,,,,,,,,,,,,,,0.19055630266666412,0.19649015367031097,0.005933851003646851,0.0031952102304338764,0.016569361874204238,0.0037204325199127197
zero_center_seed_summary,67#6,,BC_effective_weights,10,,,,,,,,,,,,,,,,0.13537131249904633,0.15991051495075226,0.024539202451705933,0.012345010100429684,0.0840629651562934,0.0037204325199127197
zero_center_seed_summary,67#6,,BC_effective_weights,11,,,,,,,,,,,,,,,,0.014251794666051865,0.04310968518257141,0.028857890516519547,0.014511524383290241,0.49069717034672317,0.0037204325199127197
zero_center_seed_summary,67#6,,AC_effective_gates,0,,,,,,,,,,,,,,,,0.05571431666612625,0.10224249213933945,0.046528175473213196,0.02467589336343571,0.2947142142117209,0.0037204325199127197
zero_center_seed_summary,67#6,,AC_effective_gates,1,,,,,,,,,,,,,,,,0.8977574706077576,0.9442856907844543,0.04652822017669678,0.024675897226672565,0.02693076123423639,0.0037204325199127197
zero_center_seed_summary,67#6,,cell_BC_gains,0,,,,,,,,,,,,,,,,0.7443912029266357,0.801532506942749,0.05714130401611328,0.0285883221161967,0.03695768158337044,0.0037204325199127197
zero_center_seed_summary,67#6,,cell_AC_gains,0,,,,,,,,,,,,,,,,0.8200446367263794,1.014514684677124,0.19447004795074463,0.10236187038274287,0.11388589982210864,0.0037204325199127197
zero_center_seed_summary,67#6,,history_gate,0,,,,,,,,,,,,,,,,0.0,0.0,0.0,0.0,,0.0037204325199127197
zero_center_seed_summary,67#6,,tau_H1,0,,,,,,,,,,,,,,,,13.610454559326172,15.901962280273438,2.2915077209472656,1.1460990129278288,0.07758356089879286,0.0037204325199127197
zero_center_seed_summary,67#6,,tau_BC_sustained_basis,0,,,,,,,,,,,,,,,,25.7358455657959,27.00485610961914,1.2690105438232422,0.6362603417843808,0.024152840963089773,0.0037204325199127197
zero_center_seed_summary,67#6,,tau_BC_sustained_basis,1,,,,,,,,,,,,,,,,54.82217025756836,81.13871765136719,26.316547393798828,13.414767062351943,0.2018073032425966,0.0037204325199127197
zero_center_seed_summary,67#6,,tau_BC_sustained_basis,2,,,,,,,,,,,,,,,,155.7071990966797,168.47360229492188,12.766403198242188,6.48045969045293,0.03982187406407765,0.0037204325199127197
zero_center_seed_summary,67#6,,tau_BC_transient_basis,0,,,,,,,,,,,,,,,,5.864530563354492,6.973194122314453,1.108663558959961,0.5785764198853298,0.09150090271615811,0.0037204325199127197
zero_center_seed_summary,67#6,,tau_BC_transient_basis,1,,,,,,,,,,,,,,,,6.474452018737793,7.9043989181518555,1.4299468994140625,0.7447222316544458,0.10534872916593553,0.0037204325199127197
zero_center_seed_summary,67#6,,tau_BC_transient_basis,2,,,,,,,,,,,,,,,,7.673537254333496,9.643791198730469,1.9702539443969727,1.0397985243068446,0.11748123003075674,0.0037204325199127197
zero_center_seed_summary,67#6,,tau_AC_local_state,0,,,,,,,,,,,,,,,,25.415931701660156,25.883651733398438,0.46772003173828125,0.23650710335330027,0.009213307026621133,0.0037204325199127197
zero_center_seed_summary,67#6,,tau_AC_transient_state,0,,,,,,,,,,,,,,,,15.330657958984375,15.544556617736816,0.2138986587524414,0.11733689843425672,0.007587022074715115,0.0037204325199127197
zero_center_seed_summary,67#6,,delay_H1,0,,,,,,,,,,,,,,,,19.282821655273438,19.709440231323242,0.4266185760498047,0.24368767691036,0.012455822699506274,0.0037204325199127197
zero_center_seed_summary,67#6,,delay_BC_sustained,0,,,,,,,,,,,,,,,,15.0128173828125,17.212474822998047,2.199657440185547,1.1680886076091717,0.07148729025216644,0.0037204325199127197
zero_center_seed_summary,67#6,,delay_BC_transient,0,,,,,,,,,,,,,,,,13.48912239074707,15.871282577514648,2.382160186767578,1.2308611306688344,0.08283377522970943,0.0037204325199127197
zero_center_seed_summary,67#6,,delay_AC_local_downstream,0,,,,,,,,,,,,,,,,16.278934478759766,17.12154769897461,0.8426132202148438,0.4219887523566537,0.02524748830143997,0.0037204325199127197
zero_center_seed_summary,67#6,,delay_AC_transient_downstream,0,,,,,,,,,,,,,,,,14.151437759399414,15.100686073303223,0.9492483139038086,0.4862255477675384,0.03310580297404373,0.0037204325199127197
zero_center_seed_summary,68#4,,H1_effective_amplitude,0,,,,,,,,,,,,,,,,0.019698787480592728,0.024940356612205505,0.005241569131612778,0.003026195002189136,0.13047804056166082,0.0012378990650177002
zero_center_seed_summary,68#4,,BC_effective_weights,0,,,,,,,,,,,,,,,,0.03161966800689697,0.040908217430114746,0.009288549423217773,0.004828692734435765,0.13040987826818354,0.0012378990650177002
zero_center_seed_summary,68#4,,BC_effective_weights,1,,,,,,,,,,,,,,,,0.05861752852797508,0.07269255816936493,0.014075029641389847,0.007166880122636414,0.11047655514285895,0.0012378990650177002
zero_center_seed_summary,68#4,,BC_effective_weights,2,,,,,,,,,,,,,,,,0.15118451416492462,0.17632408440113068,0.025139570236206055,0.0136841311846292,0.0851895963737076,0.0012378990650177002
zero_center_seed_summary,68#4,,BC_effective_weights,3,,,,,,,,,,,,,,,,0.03075956553220749,0.04161105304956436,0.010851487517356873,0.005621805053704441,0.15179702593843694,0.0012378990650177002
zero_center_seed_summary,68#4,,BC_effective_weights,4,,,,,,,,,,,,,,,,0.05876368284225464,0.07208337634801865,0.013319693505764008,0.00669534036566161,0.10296400729212966,0.0012378990650177002
zero_center_seed_summary,68#4,,BC_effective_weights,5,,,,,,,,,,,,,,,,0.15137477219104767,0.17487077414989471,0.023496001958847046,0.01313222178712945,0.08221277100432275,0.0012378990650177002
zero_center_seed_summary,68#4,,BC_effective_weights,6,,,,,,,,,,,,,,,,0.2573307156562805,0.30271032452583313,0.04537960886955261,0.023923132929247436,0.08679029139570374,0.0012378990650177002
zero_center_seed_summary,68#4,,BC_effective_weights,7,,,,,,,,,,,,,,,,0.04048765078186989,0.05733161047101021,0.01684395968914032,0.009082720606452476,0.17853667344597107,0.0012378990650177002
zero_center_seed_summary,68#4,,BC_effective_weights,8,,,,,,,,,,,,,,,,0.007414426654577255,0.010534562170505524,0.0031201355159282684,0.0016612672773805076,0.1785514163701306,0.0012378990650177002
zero_center_seed_summary,68#4,,BC_effective_weights,9,,,,,,,,,,,,,,,,0.09325842559337616,0.1178976446390152,0.024639219045639038,0.012332116812243955,0.11645209989175195,0.0012378990650177002
zero_center_seed_summary,68#4,,BC_effective_weights,10,,,,,,,,,,,,,,,,0.018549762666225433,0.03036399744451046,0.011814234778285027,0.006303043500017322,0.24500383640035547,0.0012378990650177002
zero_center_seed_summary,68#4,,BC_effective_weights,11,,,,,,,,,,,,,,,,0.006624038331210613,0.009139985777437687,0.0025159474462270737,0.0013936275550149924,0.16937050388854324,0.0012378990650177002
zero_center_seed_summary,68#4,,AC_effective_gates,0,,,,,,,,,,,,,,,,0.028754781931638718,0.03054669313132763,0.0017919111996889114,0.0008993722299557781,0.030286017653579952,0.0012378990650177002
zero_center_seed_summary,68#4,,AC_effective_gates,1,,,,,,,,,,,,,,,,0.9694533348083496,0.9712452292442322,0.0017918944358825684,0.0008993627093773717,0.0009268874937454326,0.0012378990650177002
zero_center_seed_summary,68#4,,cell_BC_gains,0,,,,,,,,,,,,,,,,0.5559806227684021,0.5735396146774292,0.0175589919090271,0.00878451807458537,0.015559147594198599,0.0012378990650177002
zero_center_seed_summary,68#4,,cell_AC_gains,0,,,,,,,,,,,,,,,,1.936439037322998,2.139089345932007,0.2026503086090088,0.1102963330458236,0.05480268896597996,0.0012378990650177002
zero_center_seed_summary,68#4,,history_gate,0,,,,,,,,,,,,,,,,0.0,0.0,0.0,0.0,,0.0012378990650177002
zero_center_seed_summary,68#4,,tau_H1,0,,,,,,,,,,,,,,,,49.10755920410156,58.48743438720703,9.379875183105469,4.792572684448086,0.08815212500981152,0.0012378990650177002
zero_center_seed_summary,68#4,,tau_BC_sustained_basis,0,,,,,,,,,,,,,,,,64.91389465332031,68.74835968017578,3.8344650268554688,1.918768898772397,0.028691678260404297,0.0012378990650177002
zero_center_seed_summary,68#4,,tau_BC_sustained_basis,1,,,,,,,,,,,,,,,,96.10313415527344,100.4989013671875,4.3957672119140625,2.2248944307513416,0.022587630085777126,0.0012378990650177002
zero_center_seed_summary,68#4,,tau_BC_sustained_basis,2,,,,,,,,,,,,,,,,138.8933563232422,143.57968139648438,4.6863250732421875,2.6808405848583687,0.019082818072199446,0.0012378990650177002
zero_center_seed_summary,68#4,,tau_BC_transient_basis,0,,,,,,,,,,,,,,,,6.132697105407715,6.300146102905273,0.1674489974975586,0.095059235365548,0.015355833652276453,0.0012378990650177002
zero_center_seed_summary,68#4,,tau_BC_transient_basis,1,,,,,,,,,,,,,,,,7.755369186401367,8.06850814819336,0.3131389617919922,0.16201823686578987,0.02041562113315442,0.0012378990650177002
zero_center_seed_summary,68#4,,tau_BC_transient_basis,2,,,,,,,,,,,,,,,,27.146886825561523,32.74657440185547,5.599687576293945,3.109689613888693,0.10120059232584254,0.0012378990650177002
zero_center_seed_summary,68#4,,tau_AC_local_state,0,,,,,,,,,,,,,,,,28.210494995117188,28.545270919799805,0.3347759246826172,0.17680383710395764,0.006223131480311587,0.0012378990650177002
zero_center_seed_summary,68#4,,tau_AC_transient_state,0,,,,,,,,,,,,,,,,15.46501350402832,15.510220527648926,0.04520702362060547,0.023739130004161824,0.001532366912677867,0.0012378990650177002
zero_center_seed_summary,68#4,,delay_H1,0,,,,,,,,,,,,,,,,6.223598003387451,7.570623397827148,1.3470253944396973,0.7228972585625207,0.10716739930896854,0.0012378990650177002
zero_center_seed_summary,68#4,,delay_BC_sustained,0,,,,,,,,,,,,,,,,15.457361221313477,16.520692825317383,1.0633316040039062,0.5325189989220779,0.0332690800005694,0.0012378990650177002
zero_center_seed_summary,68#4,,delay_BC_transient,0,,,,,,,,,,,,,,,,1.2992514371871948,1.6724281311035156,0.3731766939163208,0.2023098821459805,0.14042517119367467,0.0012378990650177002
zero_center_seed_summary,68#4,,delay_AC_local_downstream,0,,,,,,,,,,,,,,,,5.642017841339111,5.721333980560303,0.0793161392211914,0.04086407248027767,0.007185061940006383,0.0012378990650177002
zero_center_seed_summary,68#4,,delay_AC_transient_downstream,0,,,,,,,,,,,,,,,,1.587715983390808,1.8541101217269897,0.26639413833618164,0.13407090551826356,0.07750944835826079,0.0012378990650177002
zero_center_seed_summary,69#4,,H1_effective_amplitude,0,,,,,,,,,,,,,,,,0.024579351767897606,0.027172056958079338,0.002592705190181732,0.001345739415506524,0.05243041807569699,0.004851490259170532
zero_center_seed_summary,69#4,,BC_effective_weights,0,,,,,,,,,,,,,,,,0.026311539113521576,0.033738382160663605,0.007426843047142029,0.003840708016973055,0.12554985325258494,0.004851490259170532
zero_center_seed_summary,69#4,,BC_effective_weights,1,,,,,,,,,,,,,,,,0.02074926346540451,0.024989712983369827,0.004240449517965317,0.00233189285534619,0.09952613178452634,0.004851490259170532
zero_center_seed_summary,69#4,,BC_effective_weights,2,,,,,,,,,,,,,,,,0.019113531336188316,0.023157741874456406,0.004044210538268089,0.0021322247193521866,0.09905282508471472,0.004851490259170532
zero_center_seed_summary,69#4,,BC_effective_weights,3,,,,,,,,,,,,,,,,0.026990270242094994,0.03302003815770149,0.006029767915606499,0.0031739654043360446,0.10379891308307845,0.004851490259170532
zero_center_seed_summary,69#4,,BC_effective_weights,4,,,,,,,,,,,,,,,,0.020837418735027313,0.02554374746978283,0.004706328734755516,0.0024557549264873813,0.10407457854043835,0.004851490259170532
zero_center_seed_summary,69#4,,BC_effective_weights,5,,,,,,,,,,,,,,,,0.018909480422735214,0.023170124739408493,0.004260644316673279,0.0022750989300833256,0.10581417855150237,0.004851490259170532
zero_center_seed_summary,69#4,,BC_effective_weights,6,,,,,,,,,,,,,,,,0.1485079824924469,0.1560736745595932,0.007565692067146301,0.004061364482029192,0.026818758790208917,0.004851490259170532
zero_center_seed_summary,69#4,,BC_effective_weights,7,,,,,,,,,,,,,,,,0.1922135204076767,0.2337726503610611,0.0415591299533844,0.021624663542042136,0.10320217604614322,0.004851490259170532
zero_center_seed_summary,69#4,,BC_effective_weights,8,,,,,,,,,,,,,,,,0.0863298699259758,0.09312273561954498,0.006792865693569183,0.0033975597843553117,0.03784450964143578,0.004851490259170532
zero_center_seed_summary,69#4,,BC_effective_weights,9,,,,,,,,,,,,,,,,0.13904207944869995,0.14851033687591553,0.009468257427215576,0.0054414094074498025,0.0374430181624241,0.004851490259170532
zero_center_seed_summary,69#4,,BC_effective_weights,10,,,,,,,,,,,,,,,,0.1762796938419342,0.18816900253295898,0.01188930869102478,0.005985687564228524,0.032775245899943954,0.004851490259170532
zero_center_seed_summary,69#4,,BC_effective_weights,11,,,,,,,,,,,,,,,,0.06447403877973557,0.07342512905597687,0.008951090276241302,0.004880388582415437,0.06964698403643844,0.004851490259170532
zero_center_seed_summary,69#4,,AC_effective_gates,0,,,,,,,,,,,,,,,,0.24739570915699005,0.30777889490127563,0.060383185744285583,0.030924876998936857,0.11297903731182815,0.004851490259170532
zero_center_seed_summary,69#4,,AC_effective_gates,1,,,,,,,,,,,,,,,,0.6922211050987244,0.7526043057441711,0.06038320064544678,0.03092487589219535,0.042579958964289656,0.004851490259170532
zero_center_seed_summary,69#4,,cell_BC_gains,0,,,,,,,,,,,,,,,,0.7145414352416992,0.7350022196769714,0.020460784435272217,0.010338643640315169,0.014247751621646118,0.004851490259170532
zero_center_seed_summary,69#4,,cell_AC_gains,0,,,,,,,,,,,,,,,,1.3462541103363037,1.3561495542526245,0.0098954439163208,0.004996464077994047,0.003696692869013073,0.004851490259170532
zero_center_seed_summary,69#4,,history_gate,0,,,,,,,,,,,,,,,,0.0,0.0,0.0,0.0,,0.004851490259170532
zero_center_seed_summary,69#4,,tau_H1,0,,,,,,,,,,,,,,,,35.57514572143555,37.51213836669922,1.9369926452636719,0.9688745874045428,0.026524152797040915,0.004851490259170532
zero_center_seed_summary,69#4,,tau_BC_sustained_basis,0,,,,,,,,,,,,,,,,23.501298904418945,23.890060424804688,0.3887615203857422,0.19507450110241847,0.008235790727537017,0.004851490259170532
zero_center_seed_summary,69#4,,tau_BC_sustained_basis,1,,,,,,,,,,,,,,,,55.743797302246094,61.82642364501953,6.0826263427734375,3.0525794121978174,0.05179447675775727,0.004851490259170532
zero_center_seed_summary,69#4,,tau_BC_sustained_basis,2,,,,,,,,,,,,,,,,102.4028091430664,104.49855041503906,2.0957412719726562,1.1036968457522096,0.010689497271175024,0.004851490259170532
zero_center_seed_summary,69#4,,tau_BC_transient_basis,0,,,,,,,,,,,,,,,,8.636568069458008,9.09330940246582,0.4567413330078125,0.22861316465451054,0.025806157861657034,0.004851490259170532
zero_center_seed_summary,69#4,,tau_BC_transient_basis,1,,,,,,,,,,,,,,,,9.688141822814941,10.569131851196289,0.8809900283813477,0.4405183358747597,0.04348112693329728,0.004851490259170532
zero_center_seed_summary,69#4,,tau_BC_transient_basis,2,,,,,,,,,,,,,,,,10.547898292541504,11.307416915893555,0.7595186233520508,0.3841496653683832,0.03526178073354956,0.004851490259170532
zero_center_seed_summary,69#4,,tau_AC_local_state,0,,,,,,,,,,,,,,,,26.335575103759766,26.579631805419922,0.24405670166015625,0.13910683032289325,0.0052653992448732,0.004851490259170532
zero_center_seed_summary,69#4,,tau_AC_transient_state,0,,,,,,,,,,,,,,,,16.92278480529785,17.52911376953125,0.6063289642333984,0.31850147234797654,0.018550342044606545,0.004851490259170532
zero_center_seed_summary,69#4,,delay_H1,0,,,,,,,,,,,,,,,,15.55972671508789,16.150604248046875,0.5908775329589844,0.3134669379100264,0.01969550798790052,0.004851490259170532
zero_center_seed_summary,69#4,,delay_BC_sustained,0,,,,,,,,,,,,,,,,11.613821983337402,12.686548233032227,1.0727262496948242,0.545341269773834,0.044674171840879705,0.004851490259170532
zero_center_seed_summary,69#4,,delay_BC_transient,0,,,,,,,,,,,,,,,,8.257568359375,9.508390426635742,1.2508220672607422,0.6257812003190643,0.07054589600443634,0.004851490259170532
zero_center_seed_summary,69#4,,delay_AC_local_downstream,0,,,,,,,,,,,,,,,,16.569839477539062,17.431385040283203,0.8615455627441406,0.44066936164371884,0.025839301151972333,0.004851490259170532
zero_center_seed_summary,69#4,,delay_AC_transient_downstream,0,,,,,,,,,,,,,,,,13.644556999206543,14.473469734191895,0.8289127349853516,0.43458498485473507,0.030746421995083494,0.004851490259170532
