group,mode,channel,family,name,kind,n_cells,mean_on,peak_signed,peak_absolute,peak_latency_from_onset_ms,integral_response_seconds,onset_50ms_mean,offset_50ms_mean,positive_cells,negative_cells,zero_within_1e9_cells
PC_OFF,normal,logit,Mach_bands,ramp_minus_matched_uniform_x-12,overlapping_minus_exclusive_pair,4,0.0,0.0,0.0,,0.0,0.0,0.0,0,0,4
all,normal,logit,Mach_bands,ramp_minus_matched_uniform_x-12,overlapping_minus_exclusive_pair,22,0.0,0.0,0.0,,0.0,0.0,0.0,0,0,22
PC_OFF,normal,probability,Mach_bands,ramp_minus_matched_uniform_x-12,overlapping_minus_exclusive_pair,4,0.0,0.0,0.0,,0.0,0.0,0.0,0,0,4
all,normal,probability,Mach_bands,ramp_minus_matched_uniform_x-12,overlapping_minus_exclusive_pair,22,0.0,0.0,0.0,,0.0,0.0,0.0,0,0,22
PC_OFF,normal,logit,Mach_bands,ramp_minus_matched_uniform_x-11,overlapping_minus_exclusive_pair,4,1.4901160305669237e-08,5.960464477539063e-08,2.086162567138672e-07,103.33332061767578,7.54992167154948e-09,6.51925802230835e-09,5.21540641784668e-08,2,2,0
all,normal,logit,Mach_bands,ramp_minus_matched_uniform_x-11,overlapping_minus_exclusive_pair,22,-3.901394944479235e-08,-4.118139093572443e-07,9.807673367587002e-07,133.63635531338778,-4.2915344238281255e-08,9.313225746154785e-09,-3.3527612686157227e-07,10,11,1
PC_OFF,normal,probability,Mach_bands,ramp_minus_matched_uniform_x-11,overlapping_minus_exclusive_pair,4,3.4769376822119114e-09,7.450580596923828e-09,6.705522537231445e-08,96.66665649414062,1.4652808507283528e-09,9.313225746154785e-10,1.0244548320770264e-08,2,1,1
all,normal,probability,Mach_bands,ramp_minus_matched_uniform_x-11,overlapping_minus_exclusive_pair,22,-5.4863365567763885e-09,-7.924708453091708e-08,1.7407265576449307e-07,129.0908993807706,-6.795832605072946e-09,1.3546510176225142e-09,-5.799599669196389e-08,9,9,4
PC_OFF,normal,logit,Mach_bands,ramp_minus_matched_uniform_x-10,overlapping_minus_exclusive_pair,4,2.374251641956704e-07,6.556510925292969e-07,1.341104507446289e-06,141.66666412353516,8.761882781982422e-08,8.475035429000854e-08,6.034970283508301e-07,2,2,0
all,normal,logit,Mach_bands,ramp_minus_matched_uniform_x-10,overlapping_minus_exclusive_pair,22,-2.6460851186950085e-07,-3.80386005748402e-06,8.035789836536754e-06,145.75756697221235,-3.809639901825876e-07,9.702687913721258e-08,-3.039498220790516e-06,8,14,0
PC_OFF,normal,probability,Mach_bands,ramp_minus_matched_uniform_x-10,overlapping_minus_exclusive_pair,4,5.612770836993519e-08,1.5273690223693848e-07,2.942979335784912e-07,103.33332824707031,2.021590868631999e-08,2.0954757928848267e-08,1.4435499906539917e-07,2,2,0
all,normal,probability,Mach_bands,ramp_minus_matched_uniform_x-10,overlapping_minus_exclusive_pair,22,-3.178914531609678e-08,-6.393952803178267e-07,1.3045289299704812e-06,137.5757487903942,-5.75636372421727e-08,1.5959482301365246e-08,-4.915266551754691e-07,8,14,0
PC_OFF,normal,logit,Mach_bands,ramp_minus_matched_uniform_x-09,overlapping_minus_exclusive_pair,4,1.857678108674321e-06,3.516674041748047e-06,6.139278411865234e-06,123.33332061767578,4.698832829793294e-07,8.502975106239319e-07,3.1534582376480103e-06,3,1,0
all,normal,logit,Mach_bands,ramp_minus_matched_uniform_x-09,overlapping_minus_exclusive_pair,22,-3.6972939174908315e-07,-1.7442486502907492e-05,3.632090308449485e-05,138.4848369251598,-1.6584179618141868e-06,7.286329161037098e-07,-1.3398175889795477e-05,9,13,0
PC_OFF,normal,probability,Mach_bands,ramp_minus_matched_uniform_x-09,overlapping_minus_exclusive_pair,4,4.313886224904806e-07,8.493661880493164e-07,1.3634562492370605e-06,114.99999237060547,1.0748704274495445e-07,1.9418075680732727e-07,7.273629307746887e-07,2,2,0
all,normal,probability,Mach_bands,ramp_minus_matched_uniform_x-09,overlapping_minus_exclusive_pair,22,4.516078420315559e-11,-2.868134867061268e-06,5.863268267024647e-06,135.15150729092684,-2.4830075827511875e-07,1.270408657464114e-07,-2.158424732359973e-06,8,14,0
PC_OFF,normal,logit,Mach_bands,ramp_minus_matched_uniform_x-08,overlapping_minus_exclusive_pair,4,9.147326196057293e-06,1.2576580047607422e-05,1.9669532775878906e-05,133.33332061767578,1.688400904337565e-06,4.548579454421997e-06,1.0728836059570312e-05,4,0,0
all,normal,logit,Mach_bands,ramp_minus_matched_uniform_x-08,overlapping_minus_exclusive_pair,22,2.4654650406897747e-06,-5.405057560313832e-05,0.000113080848347057,141.51514088023794,-4.6944979465369025e-06,3.475695848464966e-06,-3.8896771994504064e-05,11,11,0
PC_OFF,normal,probability,Mach_bands,ramp_minus_matched_uniform_x-08,overlapping_minus_exclusive_pair,4,2.106279025859692e-06,2.995133399963379e-06,4.366040229797363e-06,131.66665649414062,3.8966536521911624e-07,1.037493348121643e-06,2.462416887283325e-06,4,0,0
all,normal,probability,Mach_bands,ramp_minus_matched_uniform_x-08,overlapping_minus_exclusive_pair,22,6.273388433377456e-07,-6.232072006572377e-06,1.8406320701945912e-05,135.15150590376422,-6.953717181176849e-07,6.278384138237346e-07,-6.262720985846086e-06,11,11,0
PC_OFF,normal,logit,Mach_bands,ramp_minus_matched_uniform_x-07,overlapping_minus_exclusive_pair,4,3.244181408490476e-05,4.4286251068115234e-05,5.602836608886719e-05,101.66665649414062,4.63634729385376e-06,1.682434231042862e-05,2.7915462851524353e-05,4,0,0
all,normal,logit,Mach_bands,ramp_minus_matched_uniform_x-07,overlapping_minus_exclusive_pair,22,1.736789029006435e-05,-5.959922617132013e-05,0.000276560133153742,123.03029285777698,-9.48308092175108e-06,1.2043016878041355e-05,-8.248300714926286e-05,11,11,0
PC_OFF,normal,probability,Mach_bands,ramp_minus_matched_uniform_x-07,overlapping_minus_exclusive_pair,4,7.416556087491699e-06,1.0456889867782593e-05,1.2744218111038208e-05,89.99999237060547,1.0710954666137697e-06,3.842171281576157e-06,6.3050538301467896e-06,4,0,0
all,normal,probability,Mach_bands,ramp_minus_matched_uniform_x-07,overlapping_minus_exclusive_pair,22,3.458627198617912e-06,-1.0109421881762417e-05,4.5454976233569056e-05,120.60605135830966,-1.388140248529839e-06,2.210113135251132e-06,-1.337485049258579e-05,11,11,0
PC_OFF,normal,logit,Mach_bands,ramp_minus_matched_uniform_x-06,overlapping_minus_exclusive_pair,4,8.979042661394487e-05,0.000153467059135437,0.000153467059135437,78.33332824707031,1.0449389616648358e-05,4.780292510986328e-05,5.9431418776512146e-05,4,0,0
all,normal,logit,Mach_bands,ramp_minus_matched_uniform_x-06,overlapping_minus_exclusive_pair,22,6.254387671395472e-05,-6.352771412242542e-05,0.0005702430551702326,119.0908993807706,-1.398081129247492e-05,3.2866881652311846e-05,-0.0001337724653157321,12,10,0
PC_OFF,normal,probability,Mach_bands,ramp_minus_matched_uniform_x-06,overlapping_minus_exclusive_pair,4,2.039670991393905e-05,3.5136938095092773e-05,3.5136938095092773e-05,76.66666412353516,2.4191290140151977e-06,1.0876916348934174e-05,1.3241078704595566e-05,4,0,0
all,normal,probability,Mach_bands,ramp_minus_matched_uniform_x-06,overlapping_minus_exclusive_pair,22,1.1623741373382886e-05,-9.90317626432939e-06,9.422749280929565e-05,118.48483969948508,-2.005888205586058e-06,6.0828063975680955e-06,-2.204889262264425e-05,12,10,0
PC_OFF,normal,logit,Mach_bands,ramp_minus_matched_uniform_x-05,overlapping_minus_exclusive_pair,4,-4.099907528143376e-05,-0.0007132887840270996,0.002155512571334839,108.33332824707031,-0.00010036885738372803,4.1561201214790344e-05,-0.0008704550564289093,2,2,0
all,normal,logit,Mach_bands,ramp_minus_matched_uniform_x-05,overlapping_minus_exclusive_pair,22,0.0005900256391297179,0.0014344643462787974,0.005329064347527244,116.6666592684659,0.00011594736214840048,0.00015130842273885554,0.0010012310336936605,15,7,0
PC_OFF,normal,probability,Mach_bands,ramp_minus_matched_uniform_x-05,overlapping_minus_exclusive_pair,4,-1.6398680600104854e-06,-0.0001249164342880249,0.0004403442144393921,101.6666488647461,-1.6933133204778034e-05,1.1363066732883453e-05,-0.00015177670866250992,2,2,0
all,normal,probability,Mach_bands,ramp_minus_matched_uniform_x-05,overlapping_minus_exclusive_pair,22,6.726158620618993e-05,0.00019700588150457904,0.0008939440277489749,116.36362249200994,1.3134192788239682e-05,1.9381373104724016e-05,0.00012521500783887777,15,7,0
PC_OFF,normal,logit,Mach_bands,ramp_minus_matched_uniform_x-04,overlapping_minus_exclusive_pair,4,-0.0002832338213920593,-0.0022617578506469727,0.006849110126495361,108.33332061767578,-0.0003165740271409353,4.3402425944805145e-05,-0.0028095077723264694,2,2,0
all,normal,logit,Mach_bands,ramp_minus_matched_uniform_x-04,overlapping_minus_exclusive_pair,22,0.0017048668444410644,0.00402168252251365,0.011326654390855269,115.45453713156961,0.0003659578977209149,0.0005128205838528546,0.0032115839421749115,15,7,0
PC_OFF,normal,probability,Mach_bands,ramp_minus_matched_uniform_x-04,overlapping_minus_exclusive_pair,4,-3.589043626561761e-05,-0.0004080086946487427,0.0013956278562545776,103.33331298828125,-5.3920174638430276e-05,1.8564052879810333e-05,-0.0004919255152344704,2,2,0
all,normal,probability,Mach_bands,ramp_minus_matched_uniform_x-04,overlapping_minus_exclusive_pair,22,0.00022251655569892716,0.0005392046137289567,0.0018217285925691779,116.66665510697798,4.52275529052272e-05,7.326041602275588e-05,0.00040843519805507225,15,7,0
PC_OFF,normal,logit,Mach_bands,ramp_minus_matched_uniform_x-03,overlapping_minus_exclusive_pair,4,-4.119874211028218e-05,-0.0007139742374420166,0.00215756893157959,108.33332824707031,-0.0001004581650098165,4.155747592449188e-05,-0.0008713621646165848,2,2,0
all,normal,logit,Mach_bands,ramp_minus_matched_uniform_x-03,overlapping_minus_exclusive_pair,22,0.0005901143542194569,0.0014353150671178644,0.005331529812379317,116.6666592684659,0.00011601242152127355,0.00015132535587657583,0.0010017813606695695,15,7,0
PC_OFF,normal,probability,Mach_bands,ramp_minus_matched_uniform_x-03,overlapping_minus_exclusive_pair,4,-2.0985498849768192e-07,-0.00011934712529182434,0.00042859092354774475,101.6666488647461,-1.671023666858673e-05,1.1451076716184616e-05,-0.00014902418479323387,2,2,0
all,normal,probability,Mach_bands,ramp_minus_matched_uniform_x-03,overlapping_minus_exclusive_pair,22,6.936718951196367e-05,0.00018918717449361628,0.0008801878853277726,116.36362249200994,1.2898926030505787e-05,1.97954729876735e-05,0.000119573309678923,15,7,0
PC_OFF,normal,logit,Mach_bands,ramp_minus_matched_uniform_x-02,overlapping_minus_exclusive_pair,4,8.966326390691393e-05,0.00015337765216827393,0.00015337765216827393,78.33332824707031,1.0375380516052246e-05,4.774518311023712e-05,5.891174077987671e-05,4,0,0
all,normal,logit,Mach_bands,ramp_minus_matched_uniform_x-02,overlapping_minus_exclusive_pair,22,6.289391582082648e-05,-6.0634179548783735e-05,0.0005634156140414151,119.0908993807706,-1.3604200247562292e-05,3.279237584634261e-05,-0.00013081797144629738,12,10,0
PC_OFF,normal,probability,Mach_bands,ramp_minus_matched_uniform_x-02,overlapping_minus_exclusive_pair,4,1.979321304190762e-05,3.3974647521972656e-05,3.3974647521972656e-05,78.33332824707031,2.3187448581059776e-06,1.056864857673645e-05,1.2804754078388214e-05,4,0,0
all,normal,probability,Mach_bands,ramp_minus_matched_uniform_x-02,overlapping_minus_exclusive_pair,22,1.1066099503409532e-05,-8.597970008850098e-06,9.056383913213557e-05,119.39392922141336,-1.9386726798433245e-06,5.713494663888758e-06,-2.056499943137169e-05,12,10,0
PC_OFF,normal,logit,Mach_bands,ramp_minus_matched_uniform_x-01,overlapping_minus_exclusive_pair,4,3.062287873945024e-05,4.215538501739502e-05,5.2288174629211426e-05,104.99999237060547,4.17013963063558e-06,1.598149538040161e-05,2.4830922484397888e-05,4,0,0
all,normal,logit,Mach_bands,ramp_minus_matched_uniform_x-01,overlapping_minus_exclusive_pair,22,1.7770311721030588e-05,-4.72746112129905e-05,0.00024239312518726695,123.63635392622514,-7.831580711133553e-06,1.1321157217025757e-05,-6.915256381034851e-05,11,11,0
PC_OFF,normal,probability,Mach_bands,ramp_minus_matched_uniform_x-01,overlapping_minus_exclusive_pair,4,6.686895908103452e-06,9.3802809715271e-06,1.1391937732696533e-05,104.99999237060547,9.231269359588623e-07,3.4905970096588135e-06,5.445443093776703e-06,4,0,0
all,normal,probability,Mach_bands,ramp_minus_matched_uniform_x-01,overlapping_minus_exclusive_pair,22,3.1319304867529563e-06,-7.016753608530218e-06,3.834441304206848e-05,123.63635392622514,-1.1126922838615649e-06,1.9006600434129888e-06,-1.0413244705308568e-05,11,11,0
PC_OFF,normal,logit,Mach_bands,ramp_minus_matched_uniform_x+00,overlapping_minus_exclusive_pair,4,0.0,0.0,0.0,,0.0,0.0,0.0,0,0,4
all,normal,logit,Mach_bands,ramp_minus_matched_uniform_x+00,overlapping_minus_exclusive_pair,22,0.0,0.0,0.0,,0.0,0.0,0.0,0,0,22
PC_OFF,normal,probability,Mach_bands,ramp_minus_matched_uniform_x+00,overlapping_minus_exclusive_pair,4,0.0,0.0,0.0,,0.0,0.0,0.0,0,0,4
all,normal,probability,Mach_bands,ramp_minus_matched_uniform_x+00,overlapping_minus_exclusive_pair,22,0.0,0.0,0.0,,0.0,0.0,0.0,0,0,22
PC_OFF,normal,logit,Mach_bands,ramp_minus_matched_uniform_x+01,overlapping_minus_exclusive_pair,4,-3.063181952711602e-05,-4.2185187339782715e-05,5.231797695159912e-05,104.99999237060547,-4.171629746754964e-06,-1.5987083315849304e-05,-2.4842098355293274e-05,0,4,0
all,normal,logit,Mach_bands,ramp_minus_matched_uniform_x+01,overlapping_minus_exclusive_pair,22,-1.77744657553996e-05,4.726919260892001e-05,0.00024239854379133746,123.63635392622514,7.830984664685798e-06,-1.1322850530797785e-05,6.914985450831327e-05,11,11,0
PC_OFF,normal,probability,Mach_bands,ramp_minus_matched_uniform_x+01,overlapping_minus_exclusive_pair,4,-6.463875365625427e-06,-8.95187258720398e-06,1.097843050956726e-05,105.0,-8.925298849741618e-07,-3.3746473491191864e-06,-5.320180207490921e-06,0,4,0
all,normal,probability,Mach_bands,ramp_minus_matched_uniform_x+01,overlapping_minus_exclusive_pair,22,-2.909632344031107e-06,1.3341957872564143e-05,3.741952505978671e-05,128.48484108664772,1.0930001735687257e-06,-1.776963472366333e-06,9.8616900769147e-06,11,11,0
PC_OFF,normal,logit,Mach_bands,ramp_minus_matched_uniform_x+02,overlapping_minus_exclusive_pair,4,-8.966128075371671e-05,-0.00015339255332946777,0.00015339255332946777,76.66666412353516,-1.037488381067912e-05,-4.773586988449097e-05,-5.8904290199279785e-05,0,4,0
all,normal,logit,Mach_bands,ramp_minus_matched_uniform_x+02,overlapping_minus_exclusive_pair,22,-6.289229146328911e-05,6.063147024674849e-05,0.0005634183233434504,118.78786954012784,1.3604398929711546e-05,-3.2790343869816176e-05,0.00013082034208557823,10,12,0
PC_OFF,normal,probability,Mach_bands,ramp_minus_matched_uniform_x+02,overlapping_minus_exclusive_pair,4,-1.8476694833680085e-05,-3.134831786155701e-05,3.134831786155701e-05,86.66666412353516,-2.1381800373395285e-06,-9.884592145681381e-06,-1.214561052620411e-05,0,4,0
all,normal,probability,Mach_bands,ramp_minus_matched_uniform_x+02,overlapping_minus_exclusive_pair,22,-9.835714422479214e-06,2.6204369284889914e-05,8.618289774114436e-05,123.63635392622514,1.9136883995749735e-06,-4.978046159852635e-06,1.8498479303988542e-05,10,12,0
PC_OFF,normal,logit,Mach_bands,ramp_minus_matched_uniform_x+03,overlapping_minus_exclusive_pair,4,4.118979268241674e-05,0.0007139891386032104,0.002157554030418396,108.33332824707031,0.00010045756896336875,-4.155561327934265e-05,0.0008713752031326294,2,2,0
all,normal,logit,Mach_bands,ramp_minus_matched_uniform_x+03,overlapping_minus_exclusive_pair,22,-0.0005901136253007942,-0.0014353123578158293,0.005331537940285422,116.6666592684659,-0.00011601249376932779,-0.00015132061459801415,-0.001001781699332324,7,15,0
PC_OFF,normal,probability,Mach_bands,ramp_minus_matched_uniform_x+03,overlapping_minus_exclusive_pair,4,-7.525335604441352e-06,0.00011446699500083923,0.00038363412022590637,114.99998474121094,1.5383387605349226e-05,-1.166551373898983e-05,0.00013198470696806908,2,2,0
all,normal,probability,Mach_bands,ramp_minus_matched_uniform_x+03,overlapping_minus_exclusive_pair,22,-8.648265578482427e-05,-0.00014864924279126254,0.0008373551748015664,115.75756419788708,-1.2477588924494655e-05,-2.286049791357734e-05,-9.555513547225432e-05,7,15,0
PC_OFF,normal,logit,Mach_bands,ramp_minus_matched_uniform_x+04,overlapping_minus_exclusive_pair,4,0.00028323635342530906,0.0022617578506469727,0.006849050521850586,108.33332061767578,0.000316573182741801,-4.340149462223053e-05,0.0028095003217458725,2,2,0
all,normal,logit,Mach_bands,ramp_minus_matched_uniform_x+04,overlapping_minus_exclusive_pair,22,-0.0017048640081404963,-0.00402169335972179,0.011326654390855269,115.45453713156961,-0.0003659578886899082,-0.000512816689231179,-0.0032115849581631746,7,15,0
PC_OFF,normal,probability,Mach_bands,ramp_minus_matched_uniform_x+04,overlapping_minus_exclusive_pair,4,-5.253968993201852e-07,0.000355694442987442,0.0011908672749996185,113.33331298828125,4.7071812053521476e-05,-2.0527048036456108e-05,0.00041317427530884743,2,2,0
all,normal,probability,Mach_bands,ramp_minus_matched_uniform_x+04,overlapping_minus_exclusive_pair,22,-0.0002698606370937672,-0.0004949051548134197,0.0017396032132885673,112.42422901500355,-4.754623906178908e-05,-8.478011427955194e-05,-0.0003969566473229365,7,15,0
PC_OFF,normal,logit,Mach_bands,ramp_minus_matched_uniform_x+05,overlapping_minus_exclusive_pair,4,4.099409852642566e-05,0.0007133036851882935,0.002155497670173645,108.33332824707031,0.00010036855936050416,-4.1561201214790344e-05,0.0008704569190740585,2,2,0
all,normal,logit,Mach_bands,ramp_minus_matched_uniform_x+05,overlapping_minus_exclusive_pair,22,-0.0005900225845504214,-0.0014344724741849032,0.005329061638225208,116.6666592684659,-0.00011594692866007487,-0.00015130537477406588,-0.0010012283243916252,7,15,0
PC_OFF,normal,probability,Mach_bands,ramp_minus_matched_uniform_x+05,overlapping_minus_exclusive_pair,4,-8.478140443912707e-06,0.00011774525046348572,0.00038144364953041077,116.66665649414062,1.521211117506027e-05,-1.1641299352049828e-05,0.00012957118451595306,2,2,0
all,normal,probability,Mach_bands,ramp_minus_matched_uniform_x+05,overlapping_minus_exclusive_pair,22,-8.870316312161528e-05,-0.00014038722623478282,0.0008356889540498906,115.15150312943892,-1.2252597194729434e-05,-2.333521842956543e-05,-8.99041240865534e-05,7,15,0
PC_OFF,normal,logit,Mach_bands,ramp_minus_matched_uniform_x+06,overlapping_minus_exclusive_pair,4,-8.979340600490104e-05,-0.00015345215797424316,0.00015345215797424316,78.33332824707031,-1.0450383027394613e-05,-4.779733717441559e-05,-5.942396819591522e-05,0,4,0
all,normal,logit,Mach_bands,ramp_minus_matched_uniform_x+06,overlapping_minus_exclusive_pair,22,-6.254766836636091e-05,6.352771412242542e-05,0.0005702430551702326,119.0908993807706,1.3980341680122145e-05,-3.286891362883828e-05,0.00013377788391980258,10,12,0
PC_OFF,normal,probability,Mach_bands,ramp_minus_matched_uniform_x+06,overlapping_minus_exclusive_pair,4,-1.780167229981089e-05,-2.99699604511261e-05,2.99699604511261e-05,88.33332824707031,-2.0595888296763102e-06,-9.529991075396538e-06,-1.194654032588005e-05,0,4,0
all,normal,probability,Mach_bands,ramp_minus_matched_uniform_x+06,overlapping_minus_exclusive_pair,22,-9.187265734763885e-06,2.5435266169634733e-05,8.635934103618969e-05,124.54544483531605,1.9526639671036694e-06,-4.626133225180886e-06,1.7869116907769982e-05,10,12,0
PC_OFF,normal,logit,Mach_bands,ramp_minus_matched_uniform_x+07,overlapping_minus_exclusive_pair,4,-3.244181476702579e-05,-4.433095455169678e-05,5.6043267250061035e-05,101.66665649414062,-4.637142022450765e-06,-1.681782305240631e-05,-2.7924776077270508e-05,0,4,0
all,normal,logit,Mach_bands,ramp_minus_matched_uniform_x+07,overlapping_minus_exclusive_pair,22,-1.7365000778888564e-05,5.960193547335538e-05,0.00027657367966391825,123.03029285777698,9.483767278266676e-06,-1.2045895511453802e-05,8.2491473718123e-05,11,11,0
PC_OFF,normal,probability,Mach_bands,ramp_minus_matched_uniform_x+07,overlapping_minus_exclusive_pair,4,-6.478528352005242e-06,-8.711591362953186e-06,1.1080875992774963e-05,104.99999237060547,-9.470681349436442e-07,-3.363238647580147e-06,-5.837064236402512e-06,0,4,0
all,normal,probability,Mach_bands,ramp_minus_matched_uniform_x+07,overlapping_minus_exclusive_pair,22,-2.503553122065486e-06,1.4224513010545211e-05,4.185871644453569e-05,129.39392922141334,1.2833602500684334e-06,-1.6923401166092267e-06,1.0759823701598428e-05,11,11,0
PC_OFF,normal,logit,Mach_bands,ramp_minus_matched_uniform_x+08,overlapping_minus_exclusive_pair,4,-9.14235939575292e-06,-1.2636184692382812e-05,1.96993350982666e-05,134.99998474121094,-1.6883015632629394e-06,-4.526227712631226e-06,-1.0732561349868774e-05,0,4,0
all,normal,logit,Mach_bands,ramp_minus_matched_uniform_x+08,overlapping_minus_exclusive_pair,22,-2.463117114230458e-06,5.4034319790926844e-05,0.00011307001113891602,141.51514088023794,4.6944979465369025e-06,-3.471293232657693e-06,3.889372402971441e-05,11,11,0
PC_OFF,normal,probability,Mach_bands,ramp_minus_matched_uniform_x+08,overlapping_minus_exclusive_pair,4,-1.8452604839680475e-06,-2.652406692504883e-06,4.082918167114258e-06,138.33332061767578,-3.5720566908518475e-07,-9.094364941120148e-07,-2.325046807527542e-06,0,4,0
all,normal,probability,Mach_bands,ramp_minus_matched_uniform_x+08,overlapping_minus_exclusive_pair,22,-3.231294037998499e-07,6.630678068507802e-06,1.6973438588055696e-05,139.39392783425072,6.257065317847512e-07,-4.862773824821819e-07,5.005562508648092e-06,11,11,0
PC_OFF,normal,logit,Mach_bands,ramp_minus_matched_uniform_x+09,overlapping_minus_exclusive_pair,4,-1.8676122630623126e-06,-3.546476364135742e-06,6.16908073425293e-06,126.66665649414062,-4.703799883524577e-07,-8.586794137954712e-07,-3.1348317861557007e-06,1,3,0
all,normal,logit,Mach_bands,ramp_minus_matched_uniform_x+09,overlapping_minus_exclusive_pair,22,3.7027124913632553e-07,1.7431649294766512e-05,3.632090308449485e-05,139.39392783425072,1.6583818377870503e-06,-7.304955612529408e-07,1.3398853215304287e-05,13,9,0
PC_OFF,normal,probability,Mach_bands,ramp_minus_matched_uniform_x+09,overlapping_minus_exclusive_pair,4,-3.835807170782246e-07,-7.487833499908447e-07,1.2852251529693604e-06,136.66666412353516,-1.0249515374501547e-07,-1.7415732145309448e-07,-6.949994713068008e-07,1,3,0
all,normal,probability,Mach_bands,ramp_minus_matched_uniform_x+09,overlapping_minus_exclusive_pair,22,7.319631775440624e-08,2.12273814461448e-06,5.398284305225719e-06,140.90907981178978,2.1942411408279883e-07,-1.0113316503438083e-07,1.7117708921432495e-06,13,9,0
PC_OFF,normal,logit,Mach_bands,ramp_minus_matched_uniform_x+10,overlapping_minus_exclusive_pair,4,-2.404054080251683e-07,-4.917383193969727e-07,1.385807991027832e-06,101.66666412353516,-8.851289749145507e-08,-7.636845111846924e-08,-6.07222318649292e-07,2,2,0
all,normal,logit,Mach_bands,ramp_minus_matched_uniform_x+10,overlapping_minus_exclusive_pair,22,2.5991237792314076e-07,3.833662379871715e-06,8.04391774264249e-06,138.78787092729047,3.801692615855824e-07,-9.956684979525479e-08,3.03611159324646e-06,14,8,0
PC_OFF,normal,probability,Mach_bands,ramp_minus_matched_uniform_x+10,overlapping_minus_exclusive_pair,4,-4.805624825854338e-08,-1.4901161193847656e-07,2.8312206268310547e-07,108.33332824707031,-1.996755599975586e-08,-1.4901161193847656e-08,-1.394655555486679e-07,2,2,0
all,normal,probability,Mach_bands,ramp_minus_matched_uniform_x+10,overlapping_minus_exclusive_pair,22,4.4658328641150096e-08,4.588880322196267e-07,1.2012367898767644e-06,141.2121124267578,5.016950043764982e-08,-1.2488189068707552e-08,3.879381851716475e-07,14,8,0
PC_OFF,normal,logit,Mach_bands,ramp_minus_matched_uniform_x+11,overlapping_minus_exclusive_pair,4,-1.887480349793691e-08,-4.470348358154297e-08,2.2351741790771484e-07,131.66665649414062,-7.947285970052085e-09,-5.587935447692871e-09,-5.029141902923584e-08,1,1,2
all,normal,logit,Mach_bands,ramp_minus_matched_uniform_x+11,overlapping_minus_exclusive_pair,22,4.009766950797588e-08,4.009767012162642e-07,9.861859408291904e-07,133.9393879283558,4.302371631969105e-08,-8.466568860140715e-09,3.3629211512478913e-07,10,7,5
PC_OFF,normal,probability,Mach_bands,ramp_minus_matched_uniform_x+11,overlapping_minus_exclusive_pair,4,-1.4901161415892261e-09,-7.450580596923828e-09,5.21540641784668e-08,109.99998474121094,-1.3162692387898763e-09,1.862645149230957e-09,-9.778887033462524e-09,1,1,2
all,normal,probability,Mach_bands,ramp_minus_matched_uniform_x+11,overlapping_minus_exclusive_pair,22,7.698933435218436e-09,5.587935447692871e-08,1.5747818079861728e-07,136.36362526633522,5.804679610512474e-09,-6.773255088112571e-10,4.3010169809514824e-08,12,7,3
PC_OFF,normal,logit,Mach_bands,ramp_minus_matched_uniform_x+12,overlapping_minus_exclusive_pair,4,0.0,0.0,0.0,,0.0,0.0,0.0,0,0,4
all,normal,logit,Mach_bands,ramp_minus_matched_uniform_x+12,overlapping_minus_exclusive_pair,22,0.0,0.0,0.0,,0.0,0.0,0.0,0,0,22
PC_OFF,normal,probability,Mach_bands,ramp_minus_matched_uniform_x+12,overlapping_minus_exclusive_pair,4,0.0,0.0,0.0,,0.0,0.0,0.0,0,0,4
all,normal,probability,Mach_bands,ramp_minus_matched_uniform_x+12,overlapping_minus_exclusive_pair,22,0.0,0.0,0.0,,0.0,0.0,0.0,0,0,22
PC_OFF,normal,logit,SBC,bright_surround_minus_dark_surround,overlapping_minus_exclusive_pair,4,-0.005081872455775738,-0.02652299404144287,0.07026803493499756,101.66665649414062,-0.0036408966779708863,-0.0006733201444149017,-0.030297698453068733,2,2,0
all,normal,logit,SBC,bright_surround_minus_dark_surround,overlapping_minus_exclusive_pair,22,0.01616069572893056,0.046233328905972565,0.17881981893019241,115.45453713156961,0.004214142235842619,0.0034730217673561788,0.036971294405785476,15,7,0
PC_OFF,normal,probability,SBC,bright_surround_minus_dark_surround,overlapping_minus_exclusive_pair,4,-0.0006697538774460554,-0.004260178655385971,0.012995366007089615,103.33332061767578,-0.00060182789961497,-5.684606730937958e-05,-0.00497744046151638,2,2,0
all,normal,probability,SBC,bright_surround_minus_dark_surround,overlapping_minus_exclusive_pair,22,0.0020568373676558786,0.005606183274225755,0.028477598320354115,116.06059681285511,0.0004821005553910227,0.00045818814330480313,0.004244159653105519,15,7,0
PC_OFF,normal,logit,SBC,control_bright_surround_minus_dark_surround,overlapping_minus_exclusive_pair,4,0.0,0.0,0.0,,0.0,0.0,0.0,0,0,4
all,normal,logit,SBC,control_bright_surround_minus_dark_surround,overlapping_minus_exclusive_pair,22,0.0,0.0,0.0,,0.0,0.0,0.0,0,0,22
PC_OFF,normal,probability,SBC,control_bright_surround_minus_dark_surround,overlapping_minus_exclusive_pair,4,0.0,0.0,0.0,,0.0,0.0,0.0,0,0,4
all,normal,probability,SBC,control_bright_surround_minus_dark_surround,overlapping_minus_exclusive_pair,22,0.0,0.0,0.0,,0.0,0.0,0.0,0,0,22
PC_OFF,normal,logit,Hermann,intersection_minus_corridor,overlapping_minus_exclusive_pair,4,-0.0029619830893352628,-0.01370038092136383,0.03516508638858795,101.66665649414062,-0.0018600353598594666,-0.000571252778172493,-0.015336358919739723,2,2,0
all,normal,logit,Hermann,intersection_minus_corridor,overlapping_minus_exclusive_pair,22,0.007739875698462129,0.023031321438876064,0.0900727239522067,116.06059681285511,0.0021450707045468417,0.00157793712886897,0.018923760137774727,15,7,0
PC_OFF,normal,probability,Hermann,intersection_minus_corridor,overlapping_minus_exclusive_pair,4,-0.00029287554207257926,-0.001973062753677368,0.005767814815044403,109.99998474121094,-0.00028262687226136526,-5.675363354384899e-05,-0.002238382352516055,2,2,0
all,normal,probability,Hermann,intersection_minus_corridor,overlapping_minus_exclusive_pair,22,0.0016423023665662515,0.003923565487970005,0.01458047093315558,114.54544206099077,0.00036424906867923155,0.0002967362207445231,0.0031962544572624292,15,7,0
PC_OFF,normal,logit,Hermann,control_intersection_minus_corridor,overlapping_minus_exclusive_pair,4,0.0,0.0,0.0,,0.0,0.0,0.0,0,0,4
all,normal,logit,Hermann,control_intersection_minus_corridor,overlapping_minus_exclusive_pair,22,0.0,0.0,0.0,,0.0,0.0,0.0,0,0,22
PC_OFF,normal,probability,Hermann,control_intersection_minus_corridor,overlapping_minus_exclusive_pair,4,0.0,0.0,0.0,,0.0,0.0,0.0,0,0,4
all,normal,probability,Hermann,control_intersection_minus_corridor,overlapping_minus_exclusive_pair,22,0.0,0.0,0.0,,0.0,0.0,0.0,0,0,22
PC_OFF,normal,logit,White,on_bright_bar_minus_on_dark_bar,overlapping_minus_exclusive_pair,4,0.002549169468693435,0.013411670923233032,0.03542241454124451,101.66665649414062,0.0018387724955876668,0.0003316923975944519,0.01528858207166195,2,2,0
all,normal,logit,White,on_bright_bar_minus_on_dark_bar,overlapping_minus_exclusive_pair,22,-0.00818336943418465,-0.023798346519470215,0.09092851118607954,115.45453713156961,-0.0021953555670651526,-0.0017316063696687872,-0.019177576696330852,7,15,0
PC_OFF,normal,probability,White,on_bright_bar_minus_on_dark_bar,overlapping_minus_exclusive_pair,4,0.0003387879114598036,0.0021686963737010956,0.006567101925611496,103.33332061767578,0.00030544529358545944,2.768728882074356e-05,0.002524677198380232,2,2,0
all,normal,probability,White,on_bright_bar_minus_on_dark_bar,overlapping_minus_exclusive_pair,22,-0.0010372410390780053,-0.0028698573058301754,0.014483680101958189,116.06059681285511,-0.0002513943273912777,-0.00022823422808538783,-0.0021962187337604437,7,15,0
PC_OFF,normal,logit,White,control_on_bright_bar_minus_on_dark_bar,overlapping_minus_exclusive_pair,4,0.0,0.0,0.0,,0.0,0.0,0.0,0,0,4
all,normal,logit,White,control_on_bright_bar_minus_on_dark_bar,overlapping_minus_exclusive_pair,22,0.0,0.0,0.0,,0.0,0.0,0.0,0,0,22
PC_OFF,normal,probability,White,control_on_bright_bar_minus_on_dark_bar,overlapping_minus_exclusive_pair,4,0.0,0.0,0.0,,0.0,0.0,0.0,0,0,4
all,normal,probability,White,control_on_bright_bar_minus_on_dark_bar,overlapping_minus_exclusive_pair,22,0.0,0.0,0.0,,0.0,0.0,0.0,0,0,22
PC_OFF,normal,logit,White,remote_contour_rearrangement_A_minus_B,overlapping_minus_exclusive_pair,4,0.002541504451073706,0.013409733772277832,0.03543400764465332,101.66665649414062,0.001838870346546173,0.00032715871930122375,0.015290720388293266,2,2,0
all,normal,logit,White,remote_contour_rearrangement_A_minus_B,overlapping_minus_exclusive_pair,22,-0.008192588808014989,-0.02382765303958546,0.09096605940298601,115.45453713156961,-0.002198511488509901,-0.0017340142618526113,-0.01919857920570807,7,15,0
PC_OFF,normal,probability,White,remote_contour_rearrangement_A_minus_B,overlapping_minus_exclusive_pair,4,0.0003372043720446527,0.00216839462518692,0.006569564342498779,103.33332061767578,0.0003054857750733694,2.6726163923740387e-05,0.0025253198109567165,2,2,0
all,normal,probability,White,remote_contour_rearrangement_A_minus_B,overlapping_minus_exclusive_pair,22,-0.001038656189021739,-0.002873818644068458,0.014489276503974741,116.06059681285511,-0.0002518164998654164,-0.00022863969206809998,-0.0021989679980007086,7,15,0
PC_OFF,normal,logit,White,remote_contour_rearrangement_control_A_minus_B,overlapping_minus_exclusive_pair,4,0.0,0.0,0.0,,0.0,0.0,0.0,0,0,4
all,normal,logit,White,remote_contour_rearrangement_control_A_minus_B,overlapping_minus_exclusive_pair,22,0.0,0.0,0.0,,0.0,0.0,0.0,0,0,22
PC_OFF,normal,probability,White,remote_contour_rearrangement_control_A_minus_B,overlapping_minus_exclusive_pair,4,0.0,0.0,0.0,,0.0,0.0,0.0,0,0,4
all,normal,probability,White,remote_contour_rearrangement_control_A_minus_B,overlapping_minus_exclusive_pair,22,0.0,0.0,0.0,,0.0,0.0,0.0,0,0,22
PC_OFF,normal,logit,Hermann,contour_rearrangement_A_minus_B,overlapping_minus_exclusive_pair,4,-0.002964388462714851,-0.01370181143283844,0.035163119435310364,101.66665649414062,-0.0018601091702779133,-0.0005726385861635208,-0.015336476266384125,2,2,0
all,normal,logit,Hermann,contour_rearrangement_A_minus_B,overlapping_minus_exclusive_pair,22,0.007737648271193559,0.02302644740451466,0.09006991440599615,116.06059681285511,0.0021446304610281282,0.0015771612524986267,0.018921434540640224,15,7,0
PC_OFF,normal,probability,Hermann,contour_rearrangement_A_minus_B,overlapping_minus_exclusive_pair,4,-0.0002933181240223348,-0.0019732192158699036,0.005767323076725006,109.99998474121094,-0.000282626710832119,-5.7019758969545364e-05,-0.002238278044387698,2,2,0
all,normal,probability,Hermann,contour_rearrangement_A_minus_B,overlapping_minus_exclusive_pair,22,0.0016420673451979053,0.003923370418223468,0.014580331404100765,114.54544206099077,0.0003642198127327544,0.00029663309793580663,0.003196253441274166,15,7,0
PC_OFF,normal,logit,Hermann,contour_rearrangement_control_A_minus_B,overlapping_minus_exclusive_pair,4,0.0,0.0,0.0,,0.0,0.0,0.0,0,0,4
all,normal,logit,Hermann,contour_rearrangement_control_A_minus_B,overlapping_minus_exclusive_pair,22,0.0,0.0,0.0,,0.0,0.0,0.0,0,0,22
PC_OFF,normal,probability,Hermann,contour_rearrangement_control_A_minus_B,overlapping_minus_exclusive_pair,4,0.0,0.0,0.0,,0.0,0.0,0.0,0,0,4
all,normal,probability,Hermann,contour_rearrangement_control_A_minus_B,overlapping_minus_exclusive_pair,22,0.0,0.0,0.0,,0.0,0.0,0.0,0,0,22
PC_OFF,normal,logit,White,remote_contour_rearrangement,new_diagnostic_minus_original,4,-4.662275489408785e-05,-8.410215377807617e-05,8.410215377807617e-05,103.33331298828125,-7.0407986640930184e-06,-1.911446452140808e-05,-5.5324286222457886e-05,0,4,0
all,normal,logit,White,remote_contour_rearrangement,new_diagnostic_minus_original,22,3.348155153368928e-06,1.522085883400657e-05,0.0001084967093034224,90.6060458096591,1.201647700685443e-06,-2.6253136721524326e-06,1.9145621494813398e-05,13,9,0
PC_OFF,normal,logit,White,remote_contour_rearrangement,old_diagnostic_minus_original,4,-3.8957595535293876e-05,-7.283687591552734e-05,7.283687591552734e-05,109.99998474121094,-7.138649622599285e-06,-1.4580786228179932e-05,-5.7462602853775024e-05,0,4,0
all,normal,logit,White,remote_contour_rearrangement,old_diagnostic_minus_original,22,1.256736872144095e-05,4.293160005049272e-05,0.00012346289374611595,112.72726301713423,4.357514959393126e-06,-2.1742148832841354e-07,4.014846953478727e-05,13,9,0
PC_OFF,normal,probability,White,remote_contour_rearrangement,new_diagnostic_minus_original,4,-1.006449252827224e-05,-1.8034130334854126e-05,1.8034130334854126e-05,103.33332061767578,-1.498733957608541e-06,-4.148576408624649e-06,-1.1734198778867722e-05,0,4,0
all,normal,probability,White,remote_contour_rearrangement,new_diagnostic_minus_original,22,-3.0685101199362014e-07,7.108531214974143e-07,1.7256560650738802e-05,90.90907842462713,5.952788121772535e-08,-6.363049826838754e-07,1.6953457485545764e-06,13,9,0
PC_OFF,normal,probability,White,remote_contour_rearrangement,old_diagnostic_minus_original,4,-8.480995710158368e-06,-1.574307680130005e-05,1.574307680130005e-05,109.99999237060547,-1.5392154455184937e-06,-3.1874515116214752e-06,-1.2376811355352402e-05,0,4,0
all,normal,probability,White,remote_contour_rearrangement,old_diagnostic_minus_original,22,1.1083077411781646e-06,4.63358380577781e-06,1.911209388212724e-05,113.33332408558239,4.816642313292532e-07,-2.3084099997173657e-07,4.444609988819469e-06,13,9,0
PC_OFF,normal,logit,Hermann,contour_rearrangement,new_diagnostic_minus_original,4,-1.2234846849423775e-05,-2.1904706954956055e-05,2.1904706954956055e-05,94.99999237060547,-1.6072392463684084e-06,-5.241483449935913e-06,-1.2427568435668945e-05,0,4,0
all,normal,logit,Hermann,contour_rearrangement,new_diagnostic_minus_original,22,-3.720771763420833e-08,-5.659731951626864e-06,3.016807816245339e-05,114.24241638183594,-1.6680269530325232e-07,-9.069388562982733e-07,1.5951015732505105e-06,13,9,0
PC_OFF,normal,logit,Hermann,contour_rearrangement,old_diagnostic_minus_original,4,-9.829799623162216e-06,-1.7717480659484863e-05,1.7717480659484863e-05,104.99998474121094,-1.5334288279215495e-06,-3.855675458908081e-06,-1.2310221791267395e-05,0,4,0
all,normal,logit,Hermann,contour_rearrangement,old_diagnostic_minus_original,22,2.189838454569326e-06,-3.32431359724565e-06,3.008138049732555e-05,118.7878681529652,2.733505133426551e-07,-1.3106248595497824e-07,3.921376033262773e-06,13,9,0
PC_OFF,normal,probability,Hermann,contour_rearrangement,new_diagnostic_minus_original,4,-2.5273612234144593e-06,-4.518777132034302e-06,4.518777132034302e-06,106.66665649414062,-3.2837192217508955e-07,-1.0707881301641464e-06,-2.634013071656227e-06,0,4,0
all,normal,probability,Hermann,contour_rearrangement,new_diagnostic_minus_original,22,-1.7698515848833682e-07,-9.076161818070845e-07,4.601072181354869e-06,115.75756558504972,-4.366491780136572e-08,-1.494349403814836e-07,-1.1053105646913702e-07,13,9,0
PC_OFF,normal,probability,Hermann,contour_rearrangement,old_diagnostic_minus_original,4,-2.0846723458589622e-06,-3.810971975326538e-06,3.810971975326538e-06,111.66665649414062,-3.2853335142135625e-07,-8.046627044677734e-07,-2.7383212000131607e-06,0,4,0
all,normal,probability,Hermann,contour_rearrangement,old_diagnostic_minus_original,22,5.8114535890622806e-08,-9.143894368951971e-07,4.488636146892201e-06,119.393930608576,-1.4433806592767895e-08,-4.6312131664969704e-08,-1.0947273536161943e-07,13,9,0
PC_OFF,H1_off,logit,Mach_bands,ramp_minus_matched_uniform_x-12,overlapping_minus_exclusive_pair,4,0.0,0.0,0.0,,0.0,0.0,0.0,0,0,4
all,H1_off,logit,Mach_bands,ramp_minus_matched_uniform_x-12,overlapping_minus_exclusive_pair,22,0.0,0.0,0.0,,0.0,0.0,0.0,0,0,22
PC_OFF,H1_off,probability,Mach_bands,ramp_minus_matched_uniform_x-12,overlapping_minus_exclusive_pair,4,0.0,0.0,0.0,,0.0,0.0,0.0,0,0,4
all,H1_off,probability,Mach_bands,ramp_minus_matched_uniform_x-12,overlapping_minus_exclusive_pair,22,0.0,0.0,0.0,,0.0,0.0,0.0,0,0,22
PC_OFF,H1_off,logit,Mach_bands,ramp_minus_matched_uniform_x-11,overlapping_minus_exclusive_pair,4,0.0,0.0,0.0,,0.0,0.0,0.0,0,0,4
all,H1_off,logit,Mach_bands,ramp_minus_matched_uniform_x-11,overlapping_minus_exclusive_pair,22,0.0,0.0,0.0,,0.0,0.0,0.0,0,0,22
PC_OFF,H1_off,probability,Mach_bands,ramp_minus_matched_uniform_x-11,overlapping_minus_exclusive_pair,4,0.0,0.0,0.0,,0.0,0.0,0.0,0,0,4
all,H1_off,probability,Mach_bands,ramp_minus_matched_uniform_x-11,overlapping_minus_exclusive_pair,22,0.0,0.0,0.0,,0.0,0.0,0.0,0,0,22
PC_OFF,H1_off,logit,Mach_bands,ramp_minus_matched_uniform_x-10,overlapping_minus_exclusive_pair,4,0.0,0.0,0.0,,0.0,0.0,0.0,0,0,4
all,H1_off,logit,Mach_bands,ramp_minus_matched_uniform_x-10,overlapping_minus_exclusive_pair,22,0.0,0.0,0.0,,0.0,0.0,0.0,0,0,22
PC_OFF,H1_off,probability,Mach_bands,ramp_minus_matched_uniform_x-10,overlapping_minus_exclusive_pair,4,0.0,0.0,0.0,,0.0,0.0,0.0,0,0,4
all,H1_off,probability,Mach_bands,ramp_minus_matched_uniform_x-10,overlapping_minus_exclusive_pair,22,0.0,0.0,0.0,,0.0,0.0,0.0,0,0,22
PC_OFF,H1_off,logit,Mach_bands,ramp_minus_matched_uniform_x-09,overlapping_minus_exclusive_pair,4,0.0,0.0,0.0,,0.0,0.0,0.0,0,0,4
all,H1_off,logit,Mach_bands,ramp_minus_matched_uniform_x-09,overlapping_minus_exclusive_pair,22,0.0,0.0,0.0,,0.0,0.0,0.0,0,0,22
PC_OFF,H1_off,probability,Mach_bands,ramp_minus_matched_uniform_x-09,overlapping_minus_exclusive_pair,4,0.0,0.0,0.0,,0.0,0.0,0.0,0,0,4
all,H1_off,probability,Mach_bands,ramp_minus_matched_uniform_x-09,overlapping_minus_exclusive_pair,22,0.0,0.0,0.0,,0.0,0.0,0.0,0,0,22
PC_OFF,H1_off,logit,Mach_bands,ramp_minus_matched_uniform_x-08,overlapping_minus_exclusive_pair,4,0.0,0.0,0.0,,0.0,0.0,0.0,0,0,4
all,H1_off,logit,Mach_bands,ramp_minus_matched_uniform_x-08,overlapping_minus_exclusive_pair,22,0.0,0.0,0.0,,0.0,0.0,0.0,0,0,22
PC_OFF,H1_off,probability,Mach_bands,ramp_minus_matched_uniform_x-08,overlapping_minus_exclusive_pair,4,0.0,0.0,0.0,,0.0,0.0,0.0,0,0,4
all,H1_off,probability,Mach_bands,ramp_minus_matched_uniform_x-08,overlapping_minus_exclusive_pair,22,0.0,0.0,0.0,,0.0,0.0,0.0,0,0,22
PC_OFF,H1_off,logit,Mach_bands,ramp_minus_matched_uniform_x-07,overlapping_minus_exclusive_pair,4,0.0,0.0,0.0,,0.0,0.0,0.0,0,0,4
all,H1_off,logit,Mach_bands,ramp_minus_matched_uniform_x-07,overlapping_minus_exclusive_pair,22,0.0,0.0,0.0,,0.0,0.0,0.0,0,0,22
PC_OFF,H1_off,probability,Mach_bands,ramp_minus_matched_uniform_x-07,overlapping_minus_exclusive_pair,4,0.0,0.0,0.0,,0.0,0.0,0.0,0,0,4
all,H1_off,probability,Mach_bands,ramp_minus_matched_uniform_x-07,overlapping_minus_exclusive_pair,22,0.0,0.0,0.0,,0.0,0.0,0.0,0,0,22
PC_OFF,H1_off,logit,Mach_bands,ramp_minus_matched_uniform_x-06,overlapping_minus_exclusive_pair,4,0.0,0.0,0.0,,0.0,0.0,0.0,0,0,4
all,H1_off,logit,Mach_bands,ramp_minus_matched_uniform_x-06,overlapping_minus_exclusive_pair,22,0.0,0.0,0.0,,0.0,0.0,0.0,0,0,22
PC_OFF,H1_off,probability,Mach_bands,ramp_minus_matched_uniform_x-06,overlapping_minus_exclusive_pair,4,0.0,0.0,0.0,,0.0,0.0,0.0,0,0,4
all,H1_off,probability,Mach_bands,ramp_minus_matched_uniform_x-06,overlapping_minus_exclusive_pair,22,0.0,0.0,0.0,,0.0,0.0,0.0,0,0,22
PC_OFF,H1_off,logit,Mach_bands,ramp_minus_matched_uniform_x-05,overlapping_minus_exclusive_pair,4,-0.0002452160042594187,-0.0009131282567977905,0.00219552218914032,101.66665649414062,-0.00012059763073921204,-6.898771971464157e-05,-0.0009791553020477295,2,2,0
all,H1_off,logit,Mach_bands,ramp_minus_matched_uniform_x-05,overlapping_minus_exclusive_pair,22,0.00042703757935669273,0.0013668320395729759,0.005608840422196822,117.27271756258878,0.00012993051247163254,7.725862616842443e-05,0.0011688376014882867,15,7,0
PC_OFF,H1_off,probability,Mach_bands,ramp_minus_matched_uniform_x-05,overlapping_minus_exclusive_pair,4,-4.8042580601759255e-05,-0.00017686188220977783,0.0004588961601257324,101.6666488647461,-2.166278660297394e-05,-1.3770535588264465e-05,-0.00017616106197237968,2,2,0
all,H1_off,probability,Mach_bands,ramp_minus_matched_uniform_x-05,overlapping_minus_exclusive_pair,22,3.477603736841543e-05,0.00018291310830549762,0.0009458268230611628,116.66665510697798,1.4689388600262728e-05,5.2761117165738885e-06,0.00015076072039929304,15,7,0
PC_OFF,H1_off,logit,Mach_bands,ramp_minus_matched_uniform_x-04,overlapping_minus_exclusive_pair,4,-0.0006788586324546486,-0.002645745873451233,0.006887808442115784,104.99998474121094,-0.0003513699273268382,-0.00017303507775068283,-0.002987172454595566,2,2,0
all,H1_off,logit,Mach_bands,ramp_minus_matched_uniform_x-04,overlapping_minus_exclusive_pair,22,0.0013637411810288374,0.003809346394105391,0.011581905863501808,115.75756697221236,0.0003710247621391759,0.0003702550787817348,0.0033672032031145964,15,7,0
PC_OFF,H1_off,probability,Mach_bands,ramp_minus_matched_uniform_x-04,overlapping_minus_exclusive_pair,4,-0.0001266879407921806,-0.0005012154579162598,0.001416921615600586,103.33331298828125,-6.226653854052227e-05,-3.1118281185626984e-05,-0.0005324068479239941,2,2,0
all,H1_off,probability,Mach_bands,ramp_minus_matched_uniform_x-04,overlapping_minus_exclusive_pair,22,0.00015609336432217705,0.0004905333573167974,0.0018655759367075834,118.78786954012784,4.4837018305605104e-05,4.5397022569721393e-05,0.0004310593940317631,15,7,0
PC_OFF,H1_off,logit,Mach_bands,ramp_minus_matched_uniform_x-03,overlapping_minus_exclusive_pair,4,-0.00024552741524530575,-0.0009143352508544922,0.002197861671447754,101.66665649414062,-0.00012070208787918091,-6.901286542415619e-05,-0.000980127602815628,2,2,0
all,H1_off,logit,Mach_bands,ramp_minus_matched_uniform_x-03,overlapping_minus_exclusive_pair,22,0.00042699665407946503,0.0013673901557922363,0.005610839887098832,117.27271756258878,0.00012996081149939335,7.725710218602961e-05,0.0011691339313983917,15,7,0
PC_OFF,H1_off,probability,Mach_bands,ramp_minus_matched_uniform_x-03,overlapping_minus_exclusive_pair,4,-4.597852785082068e-05,-0.00017060339450836182,0.00044684112071990967,101.6666488647461,-2.1342212955156964e-05,-1.3359356671571732e-05,-0.00017296196892857552,2,2,0
all,H1_off,probability,Mach_bands,ramp_minus_matched_uniform_x-03,overlapping_minus_exclusive_pair,22,3.832321040549273e-05,0.00017664547670971263,0.0009307959540323777,116.9696835604581,1.4549157384670147e-05,6.178986619819295e-06,0.00014501890506256711,15,7,0
PC_OFF,H1_off,logit,Mach_bands,ramp_minus_matched_uniform_x-02,overlapping_minus_exclusive_pair,4,2.9802323942007547e-09,0.0,8.940696716308594e-08,76.66665649414062,9.934107462565104e-10,-3.725290298461914e-09,1.30385160446167e-08,2,2,0
all,H1_off,logit,Mach_bands,ramp_minus_matched_uniform_x-02,overlapping_minus_exclusive_pair,22,9.031007255153802e-10,8.127906105735085e-09,8.398836309259589e-08,78.43136237649357,3.612402713660038e-11,-1.3546510176225142e-09,-1.3546510176225142e-09,6,5,11
PC_OFF,H1_off,probability,Mach_bands,ramp_minus_matched_uniform_x-02,overlapping_minus_exclusive_pair,4,-7.450580985501887e-10,-7.450580596923828e-09,2.2351741790771484e-08,86.66665649414062,2.4835268656412765e-11,0.0,1.862645149230957e-09,0,1,3
all,H1_off,probability,Mach_bands,ramp_minus_matched_uniform_x-02,overlapping_minus_exclusive_pair,22,9.031007255153803e-11,-4.063953052867542e-09,1.89651142467152e-08,89.16665840148926,-9.031006784150095e-12,0.0,-5.079941316084428e-10,2,1,19
PC_OFF,H1_off,logit,Mach_bands,ramp_minus_matched_uniform_x-01,overlapping_minus_exclusive_pair,4,0.0,0.0,8.940696716308594e-08,98.33332824707031,-9.934107462565105e-11,0.0,-5.587935447692871e-09,1,1,2
all,H1_off,logit,Mach_bands,ramp_minus_matched_uniform_x-01,overlapping_minus_exclusive_pair,22,1.0837208706184563e-09,1.89651142467152e-08,5.68953427401456e-08,84.44443766276042,1.2643409497810134e-10,0.0,3.3866275440562856e-10,5,2,15
PC_OFF,H1_off,probability,Mach_bands,ramp_minus_matched_uniform_x-01,overlapping_minus_exclusive_pair,4,0.0,0.0,2.9802322387695312e-08,98.33332824707031,2.483526865641276e-11,0.0,-4.656612873077393e-10,1,1,2
all,H1_off,probability,Mach_bands,ramp_minus_matched_uniform_x-01,overlapping_minus_exclusive_pair,22,9.031007255153803e-11,6.773255088112571e-10,1.42238356850364e-08,86.11110432942708,1.3546510176225142e-11,0.0,0.0,2,2,18
PC_OFF,H1_off,logit,Mach_bands,ramp_minus_matched_uniform_x+00,overlapping_minus_exclusive_pair,4,0.0,0.0,0.0,,0.0,0.0,0.0,0,0,4
all,H1_off,logit,Mach_bands,ramp_minus_matched_uniform_x+00,overlapping_minus_exclusive_pair,22,0.0,0.0,0.0,,0.0,0.0,0.0,0,0,22
PC_OFF,H1_off,probability,Mach_bands,ramp_minus_matched_uniform_x+00,overlapping_minus_exclusive_pair,4,0.0,0.0,0.0,,0.0,0.0,0.0,0,0,4
all,H1_off,probability,Mach_bands,ramp_minus_matched_uniform_x+00,overlapping_minus_exclusive_pair,22,0.0,0.0,0.0,,0.0,0.0,0.0,0,0,22
PC_OFF,H1_off,logit,Mach_bands,ramp_minus_matched_uniform_x+01,overlapping_minus_exclusive_pair,4,1.9868215961338365e-09,4.470348358154297e-08,7.450580596923828e-08,91.11110432942708,3.973642985026042e-10,3.725290298461914e-09,5.587935447692871e-09,1,0,3
all,H1_off,logit,Mach_bands,ramp_minus_matched_uniform_x+01,overlapping_minus_exclusive_pair,22,1.0837208706184563e-09,2.4383718317205257e-08,9.482557123357599e-08,72.4999942779541,1.806201356830019e-10,2.7093020352450285e-09,1.0159882632168856e-09,7,5,10
PC_OFF,H1_off,probability,Mach_bands,ramp_minus_matched_uniform_x+01,overlapping_minus_exclusive_pair,4,4.967053990334591e-10,3.725290298461914e-09,1.862645149230957e-08,91.11110432942708,4.9670537312825524e-11,9.313225746154785e-10,0.0,1,0,3
all,H1_off,probability,Mach_bands,ramp_minus_matched_uniform_x+01,overlapping_minus_exclusive_pair,22,4.515503627576901e-10,6.773255088112571e-09,1.625581221147017e-08,82.66666056315104,5.870154409697562e-11,7.619911974126643e-10,1.6933137720281428e-10,3,0,19
PC_OFF,H1_off,logit,Mach_bands,ramp_minus_matched_uniform_x+02,overlapping_minus_exclusive_pair,4,-1.1920929354758414e-08,-1.341104507446289e-07,1.341104507446289e-07,44.99998474121094,-1.4901161193847657e-09,-5.587935447692871e-09,-9.313225746154785e-09,0,4,0
all,H1_off,logit,Mach_bands,ramp_minus_matched_uniform_x+02,overlapping_minus_exclusive_pair,22,-4.515503587205155e-09,-5.4186040704900566e-08,1.1920928955078125e-07,70.99998779296875,-5.599224206173059e-10,-1.6933137720281427e-09,-2.3706392808394e-09,2,12,8
PC_OFF,H1_off,probability,Mach_bands,ramp_minus_matched_uniform_x+02,overlapping_minus_exclusive_pair,4,-1.7384688688615313e-09,-1.4901161193847656e-08,2.9802322387695312e-08,73.33331298828125,-1.4901161193847657e-10,0.0,0.0,0,2,2
all,H1_off,probability,Mach_bands,ramp_minus_matched_uniform_x+02,overlapping_minus_exclusive_pair,22,-5.418604252162916e-10,-4.402615807273171e-09,2.4722381071610885e-08,81.48146735297308,-7.450580596923828e-11,0.0,-3.8099559870633214e-10,1,7,14
PC_OFF,H1_off,logit,Mach_bands,ramp_minus_matched_uniform_x+03,overlapping_minus_exclusive_pair,4,0.0002455194917274639,0.0009143054485321045,0.0021978914737701416,101.66665649414062,0.00012070228656133016,6.90072774887085e-05,0.0009801443666219711,2,2,0
all,H1_off,logit,Mach_bands,ramp_minus_matched_uniform_x+03,overlapping_minus_exclusive_pair,22,-0.0004269959119317884,-0.0013674064116044478,0.005610845305702903,117.27271756258878,-0.0001299608476234205,-7.725845683704723e-05,-0.001169134270061146,7,15,0
PC_OFF,H1_off,probability,Mach_bands,ramp_minus_matched_uniform_x+03,overlapping_minus_exclusive_pair,4,3.333899257995654e-05,0.00014293938875198364,0.0003821030259132385,108.33331298828125,1.9297910233338672e-05,1.0707881301641464e-05,0.00015279604122042656,2,2,0
all,H1_off,probability,Mach_bands,ramp_minus_matched_uniform_x+03,overlapping_minus_exclusive_pair,22,-6.403650034123778e-05,-0.00014659863981333646,0.0008858276361768895,116.06059265136719,-1.4847810521270287e-05,-1.2245579538020221e-05,-0.00012210358611562035,7,15,0
PC_OFF,H1_off,logit,Mach_bands,ramp_minus_matched_uniform_x+04,overlapping_minus_exclusive_pair,4,0.0006788581085857004,0.0026457905769348145,0.00688779354095459,104.99998474121094,0.0003513704737027486,0.00017302483320236206,0.002987183630466461,2,2,0
all,H1_off,logit,Mach_bands,ramp_minus_matched_uniform_x+04,overlapping_minus_exclusive_pair,22,-0.001363738371186297,-0.003809327428991144,0.011581881479783491,115.75756697221236,-0.0003710247531081691,-0.00037025761875239283,-0.003367202864451842,7,15,0
PC_OFF,H1_off,probability,Mach_bands,ramp_minus_matched_uniform_x+04,overlapping_minus_exclusive_pair,4,7.50118269934319e-05,0.0003911256790161133,0.001162216067314148,108.33331298828125,5.313156793514888e-05,2.158922143280506e-05,0.0004435279406607151,2,2,0
all,H1_off,probability,Mach_bands,ramp_minus_matched_uniform_x+04,overlapping_minus_exclusive_pair,22,-0.00022533224083335054,-0.0004947381940754977,0.0017957829616286538,114.24241083318537,-4.96099798968344e-05,-6.59450888633728e-05,-0.00042740429158915174,7,15,0
PC_OFF,H1_off,logit,Mach_bands,ramp_minus_matched_uniform_x+05,overlapping_minus_exclusive_pair,4,0.00024522245075786486,0.0009131580591201782,0.0021954327821731567,101.66665649414062,0.00012059708436330161,6.898492574691772e-05,0.000979144126176834,2,2,0
all,H1_off,logit,Mach_bands,ramp_minus_matched_uniform_x+05,overlapping_minus_exclusive_pair,22,-0.00042703875409312207,-0.0013668266209689054,0.00560882416638461,117.27271756258878,-0.00012993061181270716,-7.726015015081926e-05,-0.0011688338761979883,7,15,0
PC_OFF,H1_off,probability,Mach_bands,ramp_minus_matched_uniform_x+05,overlapping_minus_exclusive_pair,4,3.1465293432120234e-05,0.0001416243612766266,0.0003756992518901825,109.99998474121094,1.899845898151398e-05,1.0278541594743729e-05,0.00014983396977186203,2,2,0
all,H1_off,probability,Mach_bands,ramp_minus_matched_uniform_x+05,overlapping_minus_exclusive_pair,22,-6.7730745120736e-05,-0.0001404390416362069,0.0008849430490623821,115.75756281072444,-1.472804808255398e-05,-1.3227193531664936e-05,-0.00011642751368609342,7,15,0
PC_OFF,H1_off,logit,Mach_bands,ramp_minus_matched_uniform_x+06,overlapping_minus_exclusive_pair,4,0.0,0.0,0.0,,0.0,0.0,0.0,0,0,4
all,H1_off,logit,Mach_bands,ramp_minus_matched_uniform_x+06,overlapping_minus_exclusive_pair,22,0.0,0.0,0.0,,0.0,0.0,0.0,0,0,22
PC_OFF,H1_off,probability,Mach_bands,ramp_minus_matched_uniform_x+06,overlapping_minus_exclusive_pair,4,0.0,0.0,0.0,,0.0,0.0,0.0,0,0,4
all,H1_off,probability,Mach_bands,ramp_minus_matched_uniform_x+06,overlapping_minus_exclusive_pair,22,0.0,0.0,0.0,,0.0,0.0,0.0,0,0,22
PC_OFF,H1_off,logit,Mach_bands,ramp_minus_matched_uniform_x+07,overlapping_minus_exclusive_pair,4,0.0,0.0,0.0,,0.0,0.0,0.0,0,0,4
all,H1_off,logit,Mach_bands,ramp_minus_matched_uniform_x+07,overlapping_minus_exclusive_pair,22,0.0,0.0,0.0,,0.0,0.0,0.0,0,0,22
PC_OFF,H1_off,probability,Mach_bands,ramp_minus_matched_uniform_x+07,overlapping_minus_exclusive_pair,4,0.0,0.0,0.0,,0.0,0.0,0.0,0,0,4
all,H1_off,probability,Mach_bands,ramp_minus_matched_uniform_x+07,overlapping_minus_exclusive_pair,22,0.0,0.0,0.0,,0.0,0.0,0.0,0,0,22
PC_OFF,H1_off,logit,Mach_bands,ramp_minus_matched_uniform_x+08,overlapping_minus_exclusive_pair,4,0.0,0.0,0.0,,0.0,0.0,0.0,0,0,4
all,H1_off,logit,Mach_bands,ramp_minus_matched_uniform_x+08,overlapping_minus_exclusive_pair,22,0.0,0.0,0.0,,0.0,0.0,0.0,0,0,22
PC_OFF,H1_off,probability,Mach_bands,ramp_minus_matched_uniform_x+08,overlapping_minus_exclusive_pair,4,0.0,0.0,0.0,,0.0,0.0,0.0,0,0,4
all,H1_off,probability,Mach_bands,ramp_minus_matched_uniform_x+08,overlapping_minus_exclusive_pair,22,0.0,0.0,0.0,,0.0,0.0,0.0,0,0,22
PC_OFF,H1_off,logit,Mach_bands,ramp_minus_matched_uniform_x+09,overlapping_minus_exclusive_pair,4,0.0,0.0,0.0,,0.0,0.0,0.0,0,0,4
all,H1_off,logit,Mach_bands,ramp_minus_matched_uniform_x+09,overlapping_minus_exclusive_pair,22,0.0,0.0,0.0,,0.0,0.0,0.0,0,0,22
PC_OFF,H1_off,probability,Mach_bands,ramp_minus_matched_uniform_x+09,overlapping_minus_exclusive_pair,4,0.0,0.0,0.0,,0.0,0.0,0.0,0,0,4
all,H1_off,probability,Mach_bands,ramp_minus_matched_uniform_x+09,overlapping_minus_exclusive_pair,22,0.0,0.0,0.0,,0.0,0.0,0.0,0,0,22
PC_OFF,H1_off,logit,Mach_bands,ramp_minus_matched_uniform_x+10,overlapping_minus_exclusive_pair,4,0.0,0.0,0.0,,0.0,0.0,0.0,0,0,4
all,H1_off,logit,Mach_bands,ramp_minus_matched_uniform_x+10,overlapping_minus_exclusive_pair,22,0.0,0.0,0.0,,0.0,0.0,0.0,0,0,22
PC_OFF,H1_off,probability,Mach_bands,ramp_minus_matched_uniform_x+10,overlapping_minus_exclusive_pair,4,0.0,0.0,0.0,,0.0,0.0,0.0,0,0,4
all,H1_off,probability,Mach_bands,ramp_minus_matched_uniform_x+10,overlapping_minus_exclusive_pair,22,0.0,0.0,0.0,,0.0,0.0,0.0,0,0,22
PC_OFF,H1_off,logit,Mach_bands,ramp_minus_matched_uniform_x+11,overlapping_minus_exclusive_pair,4,0.0,0.0,0.0,,0.0,0.0,0.0,0,0,4
all,H1_off,logit,Mach_bands,ramp_minus_matched_uniform_x+11,overlapping_minus_exclusive_pair,22,0.0,0.0,0.0,,0.0,0.0,0.0,0,0,22
PC_OFF,H1_off,probability,Mach_bands,ramp_minus_matched_uniform_x+11,overlapping_minus_exclusive_pair,4,0.0,0.0,0.0,,0.0,0.0,0.0,0,0,4
all,H1_off,probability,Mach_bands,ramp_minus_matched_uniform_x+11,overlapping_minus_exclusive_pair,22,0.0,0.0,0.0,,0.0,0.0,0.0,0,0,22
PC_OFF,H1_off,logit,Mach_bands,ramp_minus_matched_uniform_x+12,overlapping_minus_exclusive_pair,4,0.0,0.0,0.0,,0.0,0.0,0.0,0,0,4
all,H1_off,logit,Mach_bands,ramp_minus_matched_uniform_x+12,overlapping_minus_exclusive_pair,22,0.0,0.0,0.0,,0.0,0.0,0.0,0,0,22
PC_OFF,H1_off,probability,Mach_bands,ramp_minus_matched_uniform_x+12,overlapping_minus_exclusive_pair,4,0.0,0.0,0.0,,0.0,0.0,0.0,0,0,4
all,H1_off,probability,Mach_bands,ramp_minus_matched_uniform_x+12,overlapping_minus_exclusive_pair,22,0.0,0.0,0.0,,0.0,0.0,0.0,0,0,22
PC_OFF,H1_off,logit,SBC,bright_surround_minus_dark_surround,overlapping_minus_exclusive_pair,4,-0.007879119599238038,-0.02931855618953705,0.07046468555927277,101.66665649414062,-0.00386722207069397,-0.0022115837782621384,-0.03140927292406559,2,2,0
all,H1_off,logit,SBC,bright_surround_minus_dark_surround,overlapping_minus_exclusive_pair,22,0.013636638791385021,0.043632428754459725,0.17911879853768783,117.27271756258878,0.004148641427357992,0.0024707564576105638,0.037290829826485024,15,7,0
PC_OFF,H1_off,probability,SBC,bright_surround_minus_dark_surround,overlapping_minus_exclusive_pair,4,-0.0012630517012439668,-0.004842717200517654,0.01305924728512764,103.33332061767578,-0.0006488534808158876,-0.0003855424001812935,-0.005196315236389637,2,2,0
all,H1_off,probability,SBC,bright_surround_minus_dark_surround,overlapping_minus_exclusive_pair,22,0.0016470540907572615,0.005244564603675495,0.028594586659561504,117.8787772438743,0.0004738157942439571,0.00029351693493398756,0.004320950162681666,15,7,0
PC_OFF,H1_off,logit,SBC,control_bright_surround_minus_dark_surround,overlapping_minus_exclusive_pair,4,0.0,0.0,0.0,,0.0,0.0,0.0,0,0,4
all,H1_off,logit,SBC,control_bright_surround_minus_dark_surround,overlapping_minus_exclusive_pair,22,0.0,0.0,0.0,,0.0,0.0,0.0,0,0,22
PC_OFF,H1_off,probability,SBC,control_bright_surround_minus_dark_surround,overlapping_minus_exclusive_pair,4,0.0,0.0,0.0,,0.0,0.0,0.0,0,0,4
all,H1_off,probability,SBC,control_bright_surround_minus_dark_surround,overlapping_minus_exclusive_pair,22,0.0,0.0,0.0,,0.0,0.0,0.0,0,0,22
PC_OFF,H1_off,logit,Hermann,intersection_minus_corridor,overlapping_minus_exclusive_pair,4,-0.003919830895029008,-0.01458461582660675,0.03508521616458893,101.66665649414062,-0.0019284209609031677,-0.0011033117771148682,-0.015647755935788155,2,2,0
all,H1_off,logit,Hermann,intersection_minus_corridor,overlapping_minus_exclusive_pair,22,0.006823716029016809,0.02187629450451244,0.0895503894849257,117.27271756258878,0.0020784436933922045,0.0012361701916564596,0.018694465133276852,15,7,0
PC_OFF,H1_off,probability,Hermann,intersection_minus_corridor,overlapping_minus_exclusive_pair,4,-0.0004758720169775188,-0.0021342001855373383,0.005749579519033432,109.99998474121094,-0.0002934399992227555,-0.00016078446060419083,-0.002282252535223961,2,2,0
all,H1_off,probability,Hermann,intersection_minus_corridor,overlapping_minus_exclusive_pair,22,0.00151979824824428,0.0038960962132974105,0.014603080397302454,116.36362387917258,0.0003629324878707077,0.0002497355453670025,0.003245945300229571,15,7,0
PC_OFF,H1_off,logit,Hermann,control_intersection_minus_corridor,overlapping_minus_exclusive_pair,4,0.0,0.0,0.0,,0.0,0.0,0.0,0,0,4
all,H1_off,logit,Hermann,control_intersection_minus_corridor,overlapping_minus_exclusive_pair,22,0.0,0.0,0.0,,0.0,0.0,0.0,0,0,22
PC_OFF,H1_off,probability,Hermann,control_intersection_minus_corridor,overlapping_minus_exclusive_pair,4,0.0,0.0,0.0,,0.0,0.0,0.0,0,0,4
all,H1_off,probability,Hermann,control_intersection_minus_corridor,overlapping_minus_exclusive_pair,22,0.0,0.0,0.0,,0.0,0.0,0.0,0,0,22
PC_OFF,H1_off,logit,White,on_bright_bar_minus_on_dark_bar,overlapping_minus_exclusive_pair,4,0.003941511851735413,0.014673113822937012,0.035255491733551025,101.66665649414062,0.0019347966710726422,0.0011059585958719254,0.015716835856437683,2,2,0
all,H1_off,logit,White,on_bright_bar_minus_on_dark_bar,overlapping_minus_exclusive_pair,22,-0.006824444915929978,-0.02185424349524758,0.08971287445588545,117.27271756258878,-0.0020772389029011583,-0.0012357468632134523,-0.018677769059484654,7,15,0
PC_OFF,H1_off,probability,White,on_bright_bar_minus_on_dark_bar,overlapping_minus_exclusive_pair,4,0.0006327979208435863,0.002428382635116577,0.0065398067235946655,103.33332061767578,0.00032491626838843026,0.00019287504255771637,0.0026035206392407417,2,2,0
all,H1_off,probability,White,on_bright_bar_minus_on_dark_bar,overlapping_minus_exclusive_pair,22,-0.0008182806142775172,-0.0025967532260851426,0.014328441497954455,117.8787772438743,-0.00023529245997920182,-0.0001465770500627431,-0.0021405058743601494,7,15,0
PC_OFF,H1_off,logit,White,control_on_bright_bar_minus_on_dark_bar,overlapping_minus_exclusive_pair,4,0.0,0.0,0.0,,0.0,0.0,0.0,0,0,4
all,H1_off,logit,White,control_on_bright_bar_minus_on_dark_bar,overlapping_minus_exclusive_pair,22,0.0,0.0,0.0,,0.0,0.0,0.0,0,0,22
PC_OFF,H1_off,probability,White,control_on_bright_bar_minus_on_dark_bar,overlapping_minus_exclusive_pair,4,0.0,0.0,0.0,,0.0,0.0,0.0,0,0,4
all,H1_off,probability,White,control_on_bright_bar_minus_on_dark_bar,overlapping_minus_exclusive_pair,22,0.0,0.0,0.0,,0.0,0.0,0.0,0,0,22
PC_OFF,H1_off,logit,White,remote_contour_rearrangement_A_minus_B,overlapping_minus_exclusive_pair,4,0.003941511851735413,0.014673113822937012,0.035255491733551025,101.66665649414062,0.0019347966710726422,0.0011059585958719254,0.015716835856437683,2,2,0
all,H1_off,logit,White,remote_contour_rearrangement_A_minus_B,overlapping_minus_exclusive_pair,22,-0.006824444915929978,-0.02185424349524758,0.08971287445588545,117.27271756258878,-0.0020772389029011583,-0.0012357468632134523,-0.018677769059484654,7,15,0
PC_OFF,H1_off,probability,White,remote_contour_rearrangement_A_minus_B,overlapping_minus_exclusive_pair,4,0.0006327979208435863,0.002428382635116577,0.0065398067235946655,103.33332061767578,0.00032491626838843026,0.00019287504255771637,0.0026035206392407417,2,2,0
all,H1_off,probability,White,remote_contour_rearrangement_A_minus_B,overlapping_minus_exclusive_pair,22,-0.0008182806142775172,-0.0025967532260851426,0.014328441497954455,117.8787772438743,-0.00023529245997920182,-0.0001465770500627431,-0.0021405058743601494,7,15,0
PC_OFF,H1_off,logit,White,remote_contour_rearrangement_control_A_minus_B,overlapping_minus_exclusive_pair,4,0.0,0.0,0.0,,0.0,0.0,0.0,0,0,4
all,H1_off,logit,White,remote_contour_rearrangement_control_A_minus_B,overlapping_minus_exclusive_pair,22,0.0,0.0,0.0,,0.0,0.0,0.0,0,0,22
PC_OFF,H1_off,probability,White,remote_contour_rearrangement_control_A_minus_B,overlapping_minus_exclusive_pair,4,0.0,0.0,0.0,,0.0,0.0,0.0,0,0,4
all,H1_off,probability,White,remote_contour_rearrangement_control_A_minus_B,overlapping_minus_exclusive_pair,22,0.0,0.0,0.0,,0.0,0.0,0.0,0,0,22
PC_OFF,H1_off,logit,Hermann,contour_rearrangement_A_minus_B,overlapping_minus_exclusive_pair,4,-0.003919830895029008,-0.01458461582660675,0.03508521616458893,101.66665649414062,-0.0019284209609031677,-0.0011033117771148682,-0.015647755935788155,2,2,0
all,H1_off,logit,Hermann,contour_rearrangement_A_minus_B,overlapping_minus_exclusive_pair,22,0.006823716029016809,0.02187629450451244,0.0895503894849257,117.27271756258878,0.0020784436933922045,0.0012361701916564596,0.018694465133276852,15,7,0
PC_OFF,H1_off,probability,Hermann,contour_rearrangement_A_minus_B,overlapping_minus_exclusive_pair,4,-0.0004758720169775188,-0.0021342001855373383,0.005749579519033432,109.99998474121094,-0.0002934399992227555,-0.00016078446060419083,-0.002282252535223961,2,2,0
all,H1_off,probability,Hermann,contour_rearrangement_A_minus_B,overlapping_minus_exclusive_pair,22,0.00151979824824428,0.0038960962132974105,0.014603080397302454,116.36362387917258,0.0003629324878707077,0.0002497355453670025,0.003245945300229571,15,7,0
PC_OFF,H1_off,logit,Hermann,contour_rearrangement_control_A_minus_B,overlapping_minus_exclusive_pair,4,0.0,0.0,0.0,,0.0,0.0,0.0,0,0,4
all,H1_off,logit,Hermann,contour_rearrangement_control_A_minus_B,overlapping_minus_exclusive_pair,22,0.0,0.0,0.0,,0.0,0.0,0.0,0,0,22
PC_OFF,H1_off,probability,Hermann,contour_rearrangement_control_A_minus_B,overlapping_minus_exclusive_pair,4,0.0,0.0,0.0,,0.0,0.0,0.0,0,0,4
all,H1_off,probability,Hermann,contour_rearrangement_control_A_minus_B,overlapping_minus_exclusive_pair,22,0.0,0.0,0.0,,0.0,0.0,0.0,0,0,22
PC_OFF,H1_off,logit,White,remote_contour_rearrangement,new_diagnostic_minus_original,4,0.0,0.0,0.0,,0.0,0.0,0.0,0,0,4
all,H1_off,logit,White,remote_contour_rearrangement,new_diagnostic_minus_original,22,0.0,0.0,0.0,,0.0,0.0,0.0,0,0,22
PC_OFF,H1_off,logit,White,remote_contour_rearrangement,old_diagnostic_minus_original,4,0.0,0.0,0.0,,0.0,0.0,0.0,0,0,4
all,H1_off,logit,White,remote_contour_rearrangement,old_diagnostic_minus_original,22,0.0,0.0,0.0,,0.0,0.0,0.0,0,0,22
PC_OFF,H1_off,probability,White,remote_contour_rearrangement,new_diagnostic_minus_original,4,0.0,0.0,0.0,,0.0,0.0,0.0,0,0,4
all,H1_off,probability,White,remote_contour_rearrangement,new_diagnostic_minus_original,22,0.0,0.0,0.0,,0.0,0.0,0.0,0,0,22
PC_OFF,H1_off,probability,White,remote_contour_rearrangement,old_diagnostic_minus_original,4,0.0,0.0,0.0,,0.0,0.0,0.0,0,0,4
all,H1_off,probability,White,remote_contour_rearrangement,old_diagnostic_minus_original,22,0.0,0.0,0.0,,0.0,0.0,0.0,0,0,22
PC_OFF,H1_off,logit,Hermann,contour_rearrangement,new_diagnostic_minus_original,4,0.0,0.0,0.0,,0.0,0.0,0.0,0,0,4
all,H1_off,logit,Hermann,contour_rearrangement,new_diagnostic_minus_original,22,0.0,0.0,0.0,,0.0,0.0,0.0,0,0,22
PC_OFF,H1_off,logit,Hermann,contour_rearrangement,old_diagnostic_minus_original,4,0.0,0.0,0.0,,0.0,0.0,0.0,0,0,4
all,H1_off,logit,Hermann,contour_rearrangement,old_diagnostic_minus_original,22,0.0,0.0,0.0,,0.0,0.0,0.0,0,0,22
PC_OFF,H1_off,probability,Hermann,contour_rearrangement,new_diagnostic_minus_original,4,0.0,0.0,0.0,,0.0,0.0,0.0,0,0,4
all,H1_off,probability,Hermann,contour_rearrangement,new_diagnostic_minus_original,22,0.0,0.0,0.0,,0.0,0.0,0.0,0,0,22
PC_OFF,H1_off,probability,Hermann,contour_rearrangement,old_diagnostic_minus_original,4,0.0,0.0,0.0,,0.0,0.0,0.0,0,0,4
all,H1_off,probability,Hermann,contour_rearrangement,old_diagnostic_minus_original,22,0.0,0.0,0.0,,0.0,0.0,0.0,0,0,22
PC_OFF,AC_off,logit,Mach_bands,ramp_minus_matched_uniform_x-12,overlapping_minus_exclusive_pair,4,0.0,0.0,0.0,,0.0,0.0,0.0,0,0,4
all,AC_off,logit,Mach_bands,ramp_minus_matched_uniform_x-12,overlapping_minus_exclusive_pair,22,0.0,0.0,0.0,,0.0,0.0,0.0,0,0,22
PC_OFF,AC_off,probability,Mach_bands,ramp_minus_matched_uniform_x-12,overlapping_minus_exclusive_pair,4,0.0,0.0,0.0,,0.0,0.0,0.0,0,0,4
all,AC_off,probability,Mach_bands,ramp_minus_matched_uniform_x-12,overlapping_minus_exclusive_pair,22,0.0,0.0,0.0,,0.0,0.0,0.0,0,0,22
PC_OFF,AC_off,logit,Mach_bands,ramp_minus_matched_uniform_x-11,overlapping_minus_exclusive_pair,4,0.0,0.0,0.0,,0.0,0.0,0.0,0,0,4
all,AC_off,logit,Mach_bands,ramp_minus_matched_uniform_x-11,overlapping_minus_exclusive_pair,22,0.0,0.0,0.0,,0.0,0.0,0.0,0,0,22
PC_OFF,AC_off,probability,Mach_bands,ramp_minus_matched_uniform_x-11,overlapping_minus_exclusive_pair,4,0.0,0.0,0.0,,0.0,0.0,0.0,0,0,4
all,AC_off,probability,Mach_bands,ramp_minus_matched_uniform_x-11,overlapping_minus_exclusive_pair,22,0.0,0.0,0.0,,0.0,0.0,0.0,0,0,22
PC_OFF,AC_off,logit,Mach_bands,ramp_minus_matched_uniform_x-10,overlapping_minus_exclusive_pair,4,2.925594628777617e-07,7.897615432739258e-07,7.897615432739258e-07,106.66665649414062,6.934007008870443e-08,9.033828973770142e-08,5.83939254283905e-07,3,0,1
all,AC_off,logit,Mach_bands,ramp_minus_matched_uniform_x-10,overlapping_minus_exclusive_pair,22,-3.585309681465209e-08,-2.682209014892578e-07,1.4874068173495205e-06,112.72726301713423,-2.7201392433860088e-08,-1.06678767637773e-08,-2.2233209826729514e-07,8,13,1
PC_OFF,AC_off,probability,Mach_bands,ramp_minus_matched_uniform_x-10,overlapping_minus_exclusive_pair,4,6.854534084776986e-08,1.9371509552001953e-07,1.9371509552001953e-07,104.99998474121094,1.6167759895324707e-08,2.0489096641540527e-08,1.3830140233039856e-07,4,0,0
all,AC_off,probability,Mach_bands,ramp_minus_matched_uniform_x-10,overlapping_minus_exclusive_pair,22,2.4270830860247242e-08,2.031976526433771e-08,2.499331127513539e-07,115.45453158291903,2.3909590461037385e-09,2.031976526433771e-09,3.001398660919883e-08,11,11,0
PC_OFF,AC_off,logit,Mach_bands,ramp_minus_matched_uniform_x-09,overlapping_minus_exclusive_pair,4,3.7516156865535777e-06,8.299946784973145e-06,8.299946784973145e-06,104.99998474121094,8.610387643178305e-07,1.2880191206932068e-06,7.063150405883789e-06,4,0,0
all,AC_off,logit,Mach_bands,ramp_minus_matched_uniform_x-09,overlapping_minus_exclusive_pair,22,-3.367662284794257e-07,-2.9450113123113457e-06,1.4871358871459961e-05,125.15150312943892,-2.975265185038249e-07,-6.349926645105536e-08,-2.5826421650973233e-06,10,12,0
PC_OFF,AC_off,probability,Mach_bands,ramp_minus_matched_uniform_x-09,overlapping_minus_exclusive_pair,4,9.159246801004883e-07,2.0489096641540527e-06,2.0489096641540527e-06,104.99998474121094,2.0558635393778483e-07,3.082677721977234e-07,1.7024576663970947e-06,4,0,0
all,AC_off,probability,Mach_bands,ramp_minus_matched_uniform_x-09,overlapping_minus_exclusive_pair,22,2.5955112737851105e-07,1.3749707828868518e-07,2.4830753153020684e-06,124.24241360751066,2.3225491697138005e-08,3.5263259302486076e-08,2.879480069333857e-07,12,10,0
PC_OFF,AC_off,logit,Mach_bands,ramp_minus_matched_uniform_x-08,overlapping_minus_exclusive_pair,4,2.218782977081446e-05,4.861503839492798e-05,4.861503839492798e-05,113.33331298828125,5.074540774027507e-06,7.650814950466156e-06,4.1561201214790344e-05,4,0,0
all,AC_off,logit,Mach_bands,ramp_minus_matched_uniform_x-08,overlapping_minus_exclusive_pair,22,-1.9959426945154686e-06,-1.6807155175642535e-05,8.109618316997181e-05,131.8181679465554,-1.682368191805753e-06,-3.137710419568149e-07,-1.4741820367899807e-05,10,12,0
PC_OFF,AC_off,probability,Mach_bands,ramp_minus_matched_uniform_x-08,overlapping_minus_exclusive_pair,4,5.432218294743052e-06,1.2040138244628906e-05,1.2040138244628906e-05,111.6666488647461,1.2145439783732095e-06,1.809094101190567e-06,1.0051298886537552e-05,4,0,0
all,AC_off,probability,Mach_bands,ramp_minus_matched_uniform_x-08,overlapping_minus_exclusive_pair,22,1.3894654852141353e-06,6.5463510426608e-07,1.3506209308450872e-05,124.84847328879617,1.1668286540291528e-07,1.991760324348103e-07,1.463234763253819e-06,12,10,0
PC_OFF,AC_off,logit,Mach_bands,ramp_minus_matched_uniform_x-07,overlapping_minus_exclusive_pair,4,8.664180785444842e-05,0.00018971413373947144,0.00018971413373947144,114.99998474121094,1.980120937029521e-05,2.9888004064559937e-05,0.0001620948314666748,4,0,0
all,AC_off,logit,Mach_bands,ramp_minus_matched_uniform_x-07,overlapping_minus_exclusive_pair,22,-7.828437415727505e-06,-6.407905708659779e-05,0.00030156834559007126,132.12119917436078,-6.38207702925711e-06,-1.130456274205988e-06,-5.632689730687575e-05,11,11,0
PC_OFF,AC_off,probability,Mach_bands,ramp_minus_matched_uniform_x-07,overlapping_minus_exclusive_pair,4,2.1221736673737723e-05,4.696846008300781e-05,4.696846008300781e-05,111.6666488647461,4.740258057912191e-06,7.070600986480713e-06,3.922777250409126e-05,4,0,0
all,AC_off,probability,Mach_bands,ramp_minus_matched_uniform_x-07,overlapping_minus_exclusive_pair,22,5.100283652061742e-06,2.241947434165261e-06,5.0181692296808414e-05,125.45453435724431,4.134372328266953e-07,7.699074392968958e-07,5.18712807785381e-06,12,10,0
PC_OFF,AC_off,logit,Mach_bands,ramp_minus_matched_uniform_x-06,overlapping_minus_exclusive_pair,4,0.0002537548546115431,0.0005553364753723145,0.0005553364753723145,116.66665649414062,5.795508623123169e-05,8.756760507822037e-05,0.00047442130744457245,4,0,0
all,AC_off,logit,Mach_bands,ramp_minus_matched_uniform_x-06,overlapping_minus_exclusive_pair,22,-2.3001158953403237e-05,-0.00018489631739529696,0.0008556598966771907,132.4242304021662,-1.8346336754885587e-05,-3.130090507594022e-06,-0.000162684443322095,11,11,0
PC_OFF,AC_off,probability,Mach_bands,ramp_minus_matched_uniform_x-06,overlapping_minus_exclusive_pair,4,6.218204902097568e-05,0.00013755261898040771,0.00013755261898040771,113.33331298828125,1.3877625266710918e-05,2.073589712381363e-05,0.00011483021080493927,4,0,0
all,AC_off,probability,Mach_bands,ramp_minus_matched_uniform_x-06,overlapping_minus_exclusive_pair,22,1.4356117265957767e-05,6.100332195108587e-06,0.00014228204434568232,125.75756419788708,1.1397424069317904e-06,2.2418627684766594e-06,1.4306638728488576e-05,12,10,0
PC_OFF,AC_off,logit,Mach_bands,ramp_minus_matched_uniform_x-05,overlapping_minus_exclusive_pair,4,0.0005975494827907823,0.001307472586631775,0.001307472586631775,116.66665649414062,0.0001364294687906901,0.00020623579621315002,0.0011167805641889572,4,0,0
all,AC_off,logit,Mach_bands,ramp_minus_matched_uniform_x-05,overlapping_minus_exclusive_pair,22,-5.4262088807180675e-05,-0.0004312016747214577,0.0019731521606445312,132.4242304021662,-4.268184755787706e-05,-7.096000693061135e-06,-0.0003796590661460703,11,11,0
PC_OFF,AC_off,probability,Mach_bands,ramp_minus_matched_uniform_x-05,overlapping_minus_exclusive_pair,4,0.00014648064961875207,0.00032391026616096497,0.00032391026616096497,113.33331298828125,3.268217047055562e-05,4.885578528046608e-05,0.00027042627334594727,4,0,0
all,AC_off,probability,Mach_bands,ramp_minus_matched_uniform_x-05,overlapping_minus_exclusive_pair,22,3.298173436922463e-05,1.3978643850846725e-05,0.00032782419161363083,125.75756419788708,2.6007786844715927e-06,5.256130614063957e-06,3.2650264488025144e-05,12,10,0
PC_OFF,AC_off,logit,Mach_bands,ramp_minus_matched_uniform_x-04,overlapping_minus_exclusive_pair,4,-0.0026919171505142003,-0.006084859371185303,0.007143914699554443,109.99999237060547,-0.0005931717157363892,-0.0008949628099799156,-0.005126935429871082,1,3,0
all,AC_off,logit,Mach_bands,ramp_minus_matched_uniform_x-04,overlapping_minus_exclusive_pair,22,0.001491324179699983,0.0024196180430325594,0.007141481746326794,91.5151436545632,0.00022062463290763626,0.0007693420418284156,0.0015194981612942436,14,8,0
PC_OFF,AC_off,probability,Mach_bands,ramp_minus_matched_uniform_x-04,overlapping_minus_exclusive_pair,4,-0.0006810510967625305,-0.0015872307121753693,0.001837063580751419,108.33332061767578,-0.00014513008296489715,-0.00020965514704585075,-0.0012556612491607666,1,3,0
all,AC_off,probability,Mach_bands,ramp_minus_matched_uniform_x-04,overlapping_minus_exclusive_pair,22,2.887407092864371e-05,-1.3949180191213435e-05,0.001046865839849819,91.51514088023792,1.4070782697562008e-06,3.904286264018579e-05,1.6782559793103825e-05,14,8,0
PC_OFF,AC_off,logit,Mach_bands,ramp_minus_matched_uniform_x-03,overlapping_minus_exclusive_pair,4,0.0005984435397294874,0.0013108253479003906,0.0013108253479003906,116.66665649414062,0.00013667280475298564,0.0002063661813735962,0.0011193538084626198,4,0,0
all,AC_off,logit,Mach_bands,ramp_minus_matched_uniform_x-03,overlapping_minus_exclusive_pair,22,-5.447665869889368e-05,-0.00043221495368263936,0.001976376230066473,132.4242304021662,-4.278411467870076e-05,-7.109885865991766e-06,-0.0003808250820094889,11,11,0
PC_OFF,AC_off,probability,Mach_bands,ramp_minus_matched_uniform_x-03,overlapping_minus_exclusive_pair,4,0.0001434601855407891,0.0003170706331729889,0.0003170706331729889,113.33331298828125,3.205284476280213e-05,4.794914275407791e-05,0.0002647428773343563,4,0,0
all,AC_off,probability,Mach_bands,ramp_minus_matched_uniform_x-03,overlapping_minus_exclusive_pair,22,2.621696818426823e-05,1.4410100199959495e-06,0.00032620978626337916,125.15150451660156,1.0364141428109373e-06,4.5240687375718895e-06,1.6798053614117883e-05,12,10,0
PC_OFF,AC_off,logit,Mach_bands,ramp_minus_matched_uniform_x-02,overlapping_minus_exclusive_pair,4,0.00025421778082090896,0.0005574971437454224,0.0005574971437454224,116.66665649414062,5.809138218561809e-05,8.757784962654114e-05,0.00047602690756320953,4,0,0
all,AC_off,logit,Mach_bands,ramp_minus_matched_uniform_x-02,overlapping_minus_exclusive_pair,22,-2.31585726944352e-05,-0.0001855004917491566,0.0008570280942049893,132.4242304021662,-1.8408479112567325e-05,-3.131614489988847e-06,-0.0001634616743434559,11,11,0
PC_OFF,AC_off,probability,Mach_bands,ramp_minus_matched_uniform_x-02,overlapping_minus_exclusive_pair,4,5.905379825321688e-05,0.0001301988959312439,0.0001301988959312439,113.33331298828125,1.3237471381823224e-05,1.9865110516548157e-05,0.00010910583660006523,4,0,0
all,AC_off,probability,Mach_bands,ramp_minus_matched_uniform_x-02,overlapping_minus_exclusive_pair,22,8.197647800174805e-06,-4.939396273006093e-06,0.00014079125090078875,124.84847467595881,-2.6942879864663785e-07,1.5815550630742854e-06,8.377669887109236e-08,12,10,0
PC_OFF,AC_off,logit,Mach_bands,ramp_minus_matched_uniform_x-01,overlapping_minus_exclusive_pair,4,8.326967719085587e-05,0.00018288195133209229,0.00018288195133209229,116.66665649414062,1.9040505091349287e-05,2.864748239517212e-05,0.00015612132847309113,4,0,0
all,AC_off,logit,Mach_bands,ramp_minus_matched_uniform_x-01,overlapping_minus_exclusive_pair,22,-7.585141743633854e-06,-6.157159805297852e-05,0.0002881125970320268,132.72726024280894,-6.126436320218172e-06,-1.0742382569746538e-06,-5.4233792153271764e-05,11,11,0
PC_OFF,AC_off,probability,Mach_bands,ramp_minus_matched_uniform_x-01,overlapping_minus_exclusive_pair,4,1.8599629122206807e-05,4.084780812263489e-05,4.084780812263489e-05,113.33331298828125,4.188666741053264e-06,6.326939910650253e-06,3.444170579314232e-05,4,0,0
all,AC_off,probability,Mach_bands,ramp_minus_matched_uniform_x-01,overlapping_minus_exclusive_pair,22,1.6319029941510879e-06,-3.904442895542491e-06,4.735216498374939e-05,132.72726024280894,-3.4100178516272357e-07,3.9576976136727765e-07,-2.456574954769828e-06,11,11,0
PC_OFF,AC_off,logit,Mach_bands,ramp_minus_matched_uniform_x+00,overlapping_minus_exclusive_pair,4,0.0,0.0,0.0,,0.0,0.0,0.0,0,0,4
all,AC_off,logit,Mach_bands,ramp_minus_matched_uniform_x+00,overlapping_minus_exclusive_pair,22,0.0,0.0,0.0,,0.0,0.0,0.0,0,0,22
PC_OFF,AC_off,probability,Mach_bands,ramp_minus_matched_uniform_x+00,overlapping_minus_exclusive_pair,4,0.0,0.0,0.0,,0.0,0.0,0.0,0,0,4
all,AC_off,probability,Mach_bands,ramp_minus_matched_uniform_x+00,overlapping_minus_exclusive_pair,22,0.0,0.0,0.0,,0.0,0.0,0.0,0,0,22
PC_OFF,AC_off,logit,Mach_bands,ramp_minus_matched_uniform_x+01,overlapping_minus_exclusive_pair,4,-8.326471044028949e-05,-0.00018289685249328613,0.00018289685249328613,116.66665649414062,-1.9039611021677653e-05,-2.864934504032135e-05,-0.00015612132847309113,0,4,0
all,AC_off,logit,Mach_bands,ramp_minus_matched_uniform_x+01,overlapping_minus_exclusive_pair,22,7.586405775906645e-06,6.156888875094327e-05,0.00028811530633406204,132.72726024280894,6.126689188408128e-06,1.0745769197290593e-06,5.4234469478780575e-05,11,11,0
PC_OFF,AC_off,probability,Mach_bands,ramp_minus_matched_uniform_x+01,overlapping_minus_exclusive_pair,4,-1.6792615248562015e-05,-3.634020686149597e-05,3.634020686149597e-05,119.99999237060547,-3.831237554550171e-06,-5.925074219703674e-06,-3.1278934329748154e-05,0,4,0
all,AC_off,probability,Mach_bands,ramp_minus_matched_uniform_x+01,overlapping_minus_exclusive_pair,22,7.86104020988887e-07,7.990070364691995e-06,4.8534775322133846e-05,130.90908258611506,8.81893616734129e-07,-1.37666409665888e-07,7.839915765957398e-06,12,10,0
PC_OFF,AC_off,logit,Mach_bands,ramp_minus_matched_uniform_x+02,overlapping_minus_exclusive_pair,4,-0.00025420883639526437,-0.000557437539100647,0.000557437539100647,114.99998474121094,-5.808959404627482e-05,-8.75573605298996e-05,-0.0004760082811117172,0,4,0
all,AC_off,logit,Mach_bands,ramp_minus_matched_uniform_x+02,overlapping_minus_exclusive_pair,22,2.315658843537511e-05,0.0001855113289572976,0.0008570172569968483,132.12119917436078,1.8408370740485916e-05,3.135678443041715e-06,0.00016346336765722796,11,11,0
PC_OFF,AC_off,probability,Mach_bands,ramp_minus_matched_uniform_x+02,overlapping_minus_exclusive_pair,4,-4.817173027049648e-05,-0.00010325387120246887,0.00010325387120246887,121.66665649414062,-1.1082105338573456e-05,-1.744530163705349e-05,-9.002326987683773e-05,0,4,0
all,AC_off,probability,Mach_bands,ramp_minus_matched_uniform_x+02,overlapping_minus_exclusive_pair,22,6.055380497310187e-06,3.1595541672273114e-05,0.0001476417210969058,127.57574879039417,3.467581488869407e-06,-4.415315660563382e-08,3.176610070196065e-05,13,9,0
PC_OFF,AC_off,logit,Mach_bands,ramp_minus_matched_uniform_x+03,overlapping_minus_exclusive_pair,4,-0.000598448511937022,-0.0013108551502227783,0.0013108551502227783,116.66665649414062,-0.0001366726557413737,-0.0002063550055027008,-0.0011193472892045975,0,4,0
all,AC_off,logit,Mach_bands,ramp_minus_matched_uniform_x+03,overlapping_minus_exclusive_pair,22,5.4473043808849816e-05,0.0004322041164744984,0.001976387067274614,132.4242304021662,4.278397921359901e-05,7.1085312149741435e-06,0.0003808282993056557,11,11,0
PC_OFF,AC_off,probability,Mach_bands,ramp_minus_matched_uniform_x+03,overlapping_minus_exclusive_pair,4,-0.00010572448400125722,-0.00022444315254688263,0.00022444315254688263,123.33332061767578,-2.4574113388856253e-05,-3.944220952689648e-05,-0.00019855261780321598,0,4,0
all,AC_off,probability,Mach_bands,ramp_minus_matched_uniform_x+03,overlapping_minus_exclusive_pair,22,2.2460881757007716e-05,9.250166741284457e-05,0.00034917484630237925,125.75756558504972,9.93229900345658e-06,7.836232808503237e-07,9.264530275355686e-05,14,8,0
PC_OFF,AC_off,logit,Mach_bands,ramp_minus_matched_uniform_x+04,overlapping_minus_exclusive_pair,4,0.0026919037045445293,0.00608488917350769,0.0071440041065216064,109.99999237060547,0.0005931715170542399,0.0008949507027864456,0.005126954987645149,3,1,0
all,AC_off,logit,Mach_bands,ramp_minus_matched_uniform_x+04,overlapping_minus_exclusive_pair,22,-0.001491323934963227,-0.002419615333730524,0.007141484455628829,91.5151436545632,-0.00022062428069837166,-0.0007693405178460208,-0.0015194937586784363,8,14,0
PC_OFF,AC_off,probability,Mach_bands,ramp_minus_matched_uniform_x+04,overlapping_minus_exclusive_pair,4,0.0002709217324081692,0.0006292890757322311,0.0008517112582921982,121.66665649414062,6.493328760067622e-05,0.00011573662050068378,0.000556825427338481,3,1,0
all,AC_off,probability,Mach_bands,ramp_minus_matched_uniform_x+04,overlapping_minus_exclusive_pair,22,-0.0003939080162870761,-0.0006909668445587158,0.001245561648498882,96.36362804066052,-5.850899851683415e-05,-0.0001795741052112796,-0.0003973658789287914,8,14,0
PC_OFF,AC_off,logit,Mach_bands,ramp_minus_matched_uniform_x+05,overlapping_minus_exclusive_pair,4,-0.0005975623907943373,-0.001307457685470581,0.001307457685470581,116.66665649414062,-0.00013642927010854087,-0.00020624324679374695,-0.0011167600750923157,0,4,0
all,AC_off,logit,Mach_bands,ramp_minus_matched_uniform_x+05,overlapping_minus_exclusive_pair,22,5.426226167318501e-05,0.0004312016747214577,0.0019731413234363904,132.4242304021662,4.268212751908736e-05,7.100064646114003e-06,0.0003796605901284651,11,11,0
PC_OFF,AC_off,probability,Mach_bands,ramp_minus_matched_uniform_x+05,overlapping_minus_exclusive_pair,4,-9.791105628664809e-05,-0.00020631030201911926,0.00020631030201911926,128.33332061767578,-2.303857356309891e-05,-3.7741148844361305e-05,-0.00018507125787436962,0,4,0
all,AC_off,probability,Mach_bands,ramp_minus_matched_uniform_x+05,overlapping_minus_exclusive_pair,22,3.0408506797192043e-05,0.00011094287037849426,0.0003578347915952856,124.54544483531605,1.1707505945003393e-05,1.6991133716973392e-06,0.00011029221456159245,14,8,0
PC_OFF,AC_off,logit,Mach_bands,ramp_minus_matched_uniform_x+06,overlapping_minus_exclusive_pair,4,-0.00025377372639923124,-0.0005553364753723145,0.0005553364753723145,116.66665649414062,-5.79566756884257e-05,-8.757971227169037e-05,-0.0004744231700897217,0,4,0
all,AC_off,logit,Mach_bands,ramp_minus_matched_uniform_x+06,overlapping_minus_exclusive_pair,22,2.29969153338061e-05,0.00018488818948919123,0.0008556463501670144,132.4242304021662,1.8345478809241094e-05,3.129921176216819e-06,0.00016267326745119962,11,11,0
PC_OFF,AC_off,probability,Mach_bands,ramp_minus_matched_uniform_x+06,overlapping_minus_exclusive_pair,4,-4.164328120737082e-05,-8.77920538187027e-05,8.77920538187027e-05,126.6666488647461,-9.799525141716003e-06,-1.6037141904234886e-05,-7.873028516769409e-05,0,4,0
all,AC_off,probability,Mach_bands,ramp_minus_matched_uniform_x+06,overlapping_minus_exclusive_pair,22,1.308484539467e-05,4.7459859739650376e-05,0.0001552108336578716,124.24241360751066,5.036168026201654e-06,7.508576593615792e-07,4.733861847357316e-05,14,8,0
PC_OFF,AC_off,logit,Mach_bands,ramp_minus_matched_uniform_x+07,overlapping_minus_exclusive_pair,4,-8.665621163572723e-05,-0.00018966197967529297,0.00018966197967529297,113.33332061767578,-1.9801159699757896e-05,-2.9908493161201477e-05,-0.0001620817929506302,0,4,0
all,AC_off,logit,Mach_bands,ramp_minus_matched_uniform_x+07,overlapping_minus_exclusive_pair,22,7.82934164982924e-06,6.409666754982688e-05,0.00030153989791870117,131.81816933371803,6.382266680399578e-06,1.1291016231883655e-06,5.63240186734633e-05,11,11,0
PC_OFF,AC_off,probability,Mach_bands,ramp_minus_matched_uniform_x+07,overlapping_minus_exclusive_pair,4,-1.4225021132574511e-05,-2.9996037483215332e-05,2.9996037483215332e-05,129.99998474121094,-3.348849713802338e-06,-5.473149940371513e-06,-2.6907306164503098e-05,0,4,0
all,AC_off,probability,Mach_bands,ramp_minus_matched_uniform_x+07,overlapping_minus_exclusive_pair,22,4.578246477199793e-06,1.648373224518516e-05,5.47295944257216e-05,124.5454434481534,1.7607099179065586e-06,2.742321653799577e-07,1.6507184640927747e-05,14,8,0
PC_OFF,AC_off,logit,Mach_bands,ramp_minus_matched_uniform_x+08,overlapping_minus_exclusive_pair,4,-2.2202729709874802e-05,-4.857778549194336e-05,4.857778549194336e-05,111.6666488647461,-5.075335502624512e-06,-7.666647434234619e-06,-4.155561327934265e-05,0,4,0
all,AC_off,logit,Mach_bands,ramp_minus_matched_uniform_x+08,overlapping_minus_exclusive_pair,22,1.9960331298110843e-06,1.6819347034801137e-05,8.10839913108132e-05,131.51513810591265,1.6824765638871626e-06,3.1394037333401764e-07,1.4740296385504983e-05,12,10,0
PC_OFF,AC_off,probability,Mach_bands,ramp_minus_matched_uniform_x+08,overlapping_minus_exclusive_pair,4,-3.642092157640775e-06,-7.692724466323853e-06,7.692724466323853e-06,128.33332061767578,-8.578722675641379e-07,-1.400243490934372e-06,-6.894348189234734e-06,0,4,0
all,AC_off,probability,Mach_bands,ramp_minus_matched_uniform_x+08,overlapping_minus_exclusive_pair,22,1.2220758753239187e-06,4.348091103813865e-06,1.473284580490806e-05,123.63635115189986,4.6913822491963706e-07,7.840042764490301e-08,4.382338374853134e-06,14,8,0
PC_OFF,AC_off,logit,Mach_bands,ramp_minus_matched_uniform_x+09,overlapping_minus_exclusive_pair,4,-3.7411849636015404e-06,-8.285045623779297e-06,8.285045623779297e-06,99.99998474121094,-8.591016133626302e-07,-1.2814998626708984e-06,-7.063150405883789e-06,0,4,0
all,AC_off,logit,Mach_bands,ramp_minus_matched_uniform_x+09,overlapping_minus_exclusive_pair,22,3.373983825257069e-07,2.961267124522816e-06,1.4849684455178e-05,127.87877308238636,2.977884177005652e-07,6.299127231944691e-08,2.5812875140797007e-06,12,10,0
PC_OFF,AC_off,probability,Mach_bands,ramp_minus_matched_uniform_x+09,overlapping_minus_exclusive_pair,4,-6.116926568600078e-07,-1.3224780559539795e-06,1.3224780559539795e-06,126.66665649414062,-1.4433016379674275e-07,-2.307351678609848e-07,-1.1695083230733871e-06,0,4,0
all,AC_off,probability,Mach_bands,ramp_minus_matched_uniform_x+09,overlapping_minus_exclusive_pair,22,2.2139513616343204e-07,7.687644525007768e-07,2.70997936075384e-06,123.63635115189986,8.474245215907241e-08,1.6594474965875798e-08,7.848509333350442e-07,14,8,0
PC_OFF,AC_off,logit,Mach_bands,ramp_minus_matched_uniform_x+10,overlapping_minus_exclusive_pair,4,-3.069639173958194e-07,-6.854534149169922e-07,8.046627044677734e-07,93.33332824707031,-6.98367754618327e-08,-9.872019290924072e-08,-5.867332220077515e-07,0,3,1
all,AC_off,logit,Mach_bands,ramp_minus_matched_uniform_x+10,overlapping_minus_exclusive_pair,22,2.4744957154028538e-08,2.8447671370072797e-07,1.4657324010675603e-06,113.63635531338778,2.591898947051077e-08,9.143894368951971e-09,2.1505084904757413e-07,12,9,1
PC_OFF,AC_off,probability,Mach_bands,ramp_minus_matched_uniform_x+10,overlapping_minus_exclusive_pair,4,-5.1781536516970483e-08,-1.2293457984924316e-07,1.3783574104309082e-07,118.33332824707031,-1.1684993902842204e-08,-1.7229467630386353e-08,-9.73232090473175e-08,0,3,1
all,AC_off,probability,Mach_bands,ramp_minus_matched_uniform_x+10,overlapping_minus_exclusive_pair,22,1.993594700181153e-08,7.145784117958763e-08,2.7194619178771973e-07,117.57574879039417,7.628942980910792e-09,2.3283064365386963e-09,6.815587932413275e-08,14,7,1
PC_OFF,AC_off,logit,Mach_bands,ramp_minus_matched_uniform_x+11,overlapping_minus_exclusive_pair,4,0.0,0.0,0.0,,0.0,0.0,0.0,0,0,4
all,AC_off,logit,Mach_bands,ramp_minus_matched_uniform_x+11,overlapping_minus_exclusive_pair,22,0.0,0.0,0.0,,0.0,0.0,0.0,0,0,22
PC_OFF,AC_off,probability,Mach_bands,ramp_minus_matched_uniform_x+11,overlapping_minus_exclusive_pair,4,0.0,0.0,0.0,,0.0,0.0,0.0,0,0,4
all,AC_off,probability,Mach_bands,ramp_minus_matched_uniform_x+11,overlapping_minus_exclusive_pair,22,0.0,0.0,0.0,,0.0,0.0,0.0,0,0,22
PC_OFF,AC_off,logit,Mach_bands,ramp_minus_matched_uniform_x+12,overlapping_minus_exclusive_pair,4,0.0,0.0,0.0,,0.0,0.0,0.0,0,0,4
all,AC_off,logit,Mach_bands,ramp_minus_matched_uniform_x+12,overlapping_minus_exclusive_pair,22,0.0,0.0,0.0,,0.0,0.0,0.0,0,0,22
PC_OFF,AC_off,probability,Mach_bands,ramp_minus_matched_uniform_x+12,overlapping_minus_exclusive_pair,4,0.0,0.0,0.0,,0.0,0.0,0.0,0,0,4
all,AC_off,probability,Mach_bands,ramp_minus_matched_uniform_x+12,overlapping_minus_exclusive_pair,22,0.0,0.0,0.0,,0.0,0.0,0.0,0,0,22
PC_OFF,AC_off,logit,SBC,bright_surround_minus_dark_surround,overlapping_minus_exclusive_pair,4,0.008505656231136527,0.018676191568374634,0.018676191568374634,116.66665649414062,0.0019433738787968955,0.0029260478913784027,0.01593775674700737,4,0,0
all,AC_off,logit,SBC,bright_surround_minus_dark_surround,overlapping_minus_exclusive_pair,22,-0.0007811741728470555,-0.006097137928009033,0.027483772147785534,132.4242304021662,-0.0006019355672778506,-9.693002158945257e-05,-0.005386588248339566,11,11,0
PC_OFF,AC_off,probability,SBC,bright_surround_minus_dark_surround,overlapping_minus_exclusive_pair,4,0.0018117264326065197,0.003949452191591263,0.003949452191591263,116.66665649414062,0.00041003194948037474,0.000626386608928442,0.0033606491051614285,4,0,0
all,AC_off,probability,SBC,bright_surround_minus_dark_surround,overlapping_minus_exclusive_pair,22,3.459838506552676e-05,-0.0005852349779822609,0.0045557767152786255,132.72726024280894,-6.0637679063912586e-05,2.8567092323845085e-05,-0.0005210250700739297,11,11,0
PC_OFF,AC_off,logit,SBC,control_bright_surround_minus_dark_surround,overlapping_minus_exclusive_pair,4,0.0,0.0,0.0,,0.0,0.0,0.0,0,0,4
all,AC_off,logit,SBC,control_bright_surround_minus_dark_surround,overlapping_minus_exclusive_pair,22,0.0,0.0,0.0,,0.0,0.0,0.0,0,0,22
PC_OFF,AC_off,probability,SBC,control_bright_surround_minus_dark_surround,overlapping_minus_exclusive_pair,4,0.0,0.0,0.0,,0.0,0.0,0.0,0,0,4
all,AC_off,probability,SBC,control_bright_surround_minus_dark_surround,overlapping_minus_exclusive_pair,22,0.0,0.0,0.0,,0.0,0.0,0.0,0,0,22
PC_OFF,AC_off,logit,Hermann,intersection_minus_corridor,overlapping_minus_exclusive_pair,4,0.00295362678298261,0.00645717978477478,0.00645717978477478,116.66665649414062,0.0006739291548728943,0.0010201819241046906,0.0055147334933280945,4,0,0
all,AC_off,logit,Hermann,intersection_minus_corridor,overlapping_minus_exclusive_pair,22,-0.0002693727025705977,-0.002099313519217751,0.009423954920335249,132.4242304021662,-0.00020696455782110042,-3.299218687144193e-05,-0.001850088211623105,11,11,0
PC_OFF,AC_off,probability,Hermann,intersection_minus_corridor,overlapping_minus_exclusive_pair,4,0.00046508784828347416,0.0009714514017105103,0.0009714514017105103,128.33332061767578,0.00011007462938626608,0.00018309615552425385,0.0008804532699286938,4,0,0
all,AC_off,probability,Hermann,intersection_minus_corridor,overlapping_minus_exclusive_pair,22,-0.00015975954763482812,-0.0005973882295868614,0.0017174272374673324,124.84847606312145,-6.112005674477779e-05,-8.763068101622842e-06,-0.0005861075849018314,8,14,0
PC_OFF,AC_off,logit,Hermann,control_intersection_minus_corridor,overlapping_minus_exclusive_pair,4,0.0,0.0,0.0,,0.0,0.0,0.0,0,0,4
all,AC_off,logit,Hermann,control_intersection_minus_corridor,overlapping_minus_exclusive_pair,22,0.0,0.0,0.0,,0.0,0.0,0.0,0,0,22
PC_OFF,AC_off,probability,Hermann,control_intersection_minus_corridor,overlapping_minus_exclusive_pair,4,0.0,0.0,0.0,,0.0,0.0,0.0,0,0,4
all,AC_off,probability,Hermann,control_intersection_minus_corridor,overlapping_minus_exclusive_pair,22,0.0,0.0,0.0,,0.0,0.0,0.0,0,0,22
PC_OFF,AC_off,logit,White,on_bright_bar_minus_on_dark_bar,overlapping_minus_exclusive_pair,4,-0.004332778880780097,-0.009513497352600098,0.009513497352600098,116.66665649414062,-0.000989799698193868,-0.001490473747253418,-0.008117884397506714,0,4,0
all,AC_off,logit,White,on_bright_bar_minus_on_dark_bar,overlapping_minus_exclusive_pair,22,0.0003979065124274877,0.003088831901550293,0.013839970935474743,132.4242304021662,0.0003045394203879617,4.819441925395619e-05,0.002730034291744232,11,11,0
PC_OFF,AC_off,probability,White,on_bright_bar_minus_on_dark_bar,overlapping_minus_exclusive_pair,4,-0.0009231684325641254,-0.0020126067101955414,0.0020126067101955414,116.66665649414062,-0.0002088954548041026,-0.00031910743564367294,-0.001712275668978691,0,4,0
all,AC_off,probability,White,on_bright_bar_minus_on_dark_bar,overlapping_minus_exclusive_pair,22,-1.6957644654460388e-05,0.0002970112995667891,0.0022943453355269,132.72726024280894,3.0721717260100624e-05,-1.4665282585404135e-05,0.0002647910944440148,11,11,0
PC_OFF,AC_off,logit,White,control_on_bright_bar_minus_on_dark_bar,overlapping_minus_exclusive_pair,4,0.0,0.0,0.0,,0.0,0.0,0.0,0,0,4
all,AC_off,logit,White,control_on_bright_bar_minus_on_dark_bar,overlapping_minus_exclusive_pair,22,0.0,0.0,0.0,,0.0,0.0,0.0,0,0,22
PC_OFF,AC_off,probability,White,control_on_bright_bar_minus_on_dark_bar,overlapping_minus_exclusive_pair,4,0.0,0.0,0.0,,0.0,0.0,0.0,0,0,4
all,AC_off,probability,White,control_on_bright_bar_minus_on_dark_bar,overlapping_minus_exclusive_pair,22,0.0,0.0,0.0,,0.0,0.0,0.0,0,0,22
PC_OFF,AC_off,logit,White,remote_contour_rearrangement_A_minus_B,overlapping_minus_exclusive_pair,4,-0.0043596525174507406,-0.009572505950927734,0.009572505950927734,116.66665649414062,-0.0009959377845128378,-0.0014997273683547974,-0.008168213069438934,0,4,0
all,AC_off,logit,White,remote_contour_rearrangement_A_minus_B,overlapping_minus_exclusive_pair,22,0.00040056780446982225,0.0031067024577747693,0.013909860090775923,132.4242304021662,0.00030626123601740056,4.842809655449607e-05,0.002745908092368733,11,11,0
PC_OFF,AC_off,probability,White,remote_contour_rearrangement_A_minus_B,overlapping_minus_exclusive_pair,4,-0.0009288934193136811,-0.002025056630373001,0.002025056630373001,116.66665649414062,-0.00021018986900647483,-0.0003210902214050293,-0.001722872257232666,0,4,0
all,AC_off,probability,White,remote_contour_rearrangement_A_minus_B,overlapping_minus_exclusive_pair,22,-1.6956499435268185e-05,0.00029884888367219406,0.002305907959287817,132.72726024280894,3.090531537027071e-05,-1.476057381792502e-05,0.0002664559605446729,11,11,0
PC_OFF,AC_off,logit,White,remote_contour_rearrangement_control_A_minus_B,overlapping_minus_exclusive_pair,4,0.0,0.0,0.0,,0.0,0.0,0.0,0,0,4
all,AC_off,logit,White,remote_contour_rearrangement_control_A_minus_B,overlapping_minus_exclusive_pair,22,0.0,0.0,0.0,,0.0,0.0,0.0,0,0,22
PC_OFF,AC_off,probability,White,remote_contour_rearrangement_control_A_minus_B,overlapping_minus_exclusive_pair,4,0.0,0.0,0.0,,0.0,0.0,0.0,0,0,4
all,AC_off,probability,White,remote_contour_rearrangement_control_A_minus_B,overlapping_minus_exclusive_pair,22,0.0,0.0,0.0,,0.0,0.0,0.0,0,0,22
PC_OFF,AC_off,logit,Hermann,contour_rearrangement_A_minus_B,overlapping_minus_exclusive_pair,4,0.0029458006920322077,0.006439864635467529,0.006439864635467529,116.66665649414062,0.0006721402208010355,0.0010174773633480072,0.00550009123980999,4,0,0
all,AC_off,logit,Hermann,contour_rearrangement_A_minus_B,overlapping_minus_exclusive_pair,22,-0.00026857960148680087,-0.0020941062407060103,0.009403337131847034,132.4242304021662,-0.00020645909237139152,-3.291497176343744e-05,-0.0018454319374127822,11,11,0
PC_OFF,AC_off,probability,Hermann,contour_rearrangement_A_minus_B,overlapping_minus_exclusive_pair,4,0.0004637995264147321,0.0009687189012765884,0.0009687189012765884,128.33332061767578,0.00010977106789747874,0.00018260488286614418,0.0008780101779848337,4,0,0
all,AC_off,probability,Hermann,contour_rearrangement_A_minus_B,overlapping_minus_exclusive_pair,22,-0.00015942025156205503,-0.0005961057137359272,0.0017137219282713804,124.84847606312145,-6.0991066874879785e-05,-8.745584636926651e-06,-0.0005848756144669923,8,14,0
PC_OFF,AC_off,logit,Hermann,contour_rearrangement_control_A_minus_B,overlapping_minus_exclusive_pair,4,0.0,0.0,0.0,,0.0,0.0,0.0,0,0,4
all,AC_off,logit,Hermann,contour_rearrangement_control_A_minus_B,overlapping_minus_exclusive_pair,22,0.0,0.0,0.0,,0.0,0.0,0.0,0,0,22
PC_OFF,AC_off,probability,Hermann,contour_rearrangement_control_A_minus_B,overlapping_minus_exclusive_pair,4,0.0,0.0,0.0,,0.0,0.0,0.0,0,0,4
all,AC_off,probability,Hermann,contour_rearrangement_control_A_minus_B,overlapping_minus_exclusive_pair,22,0.0,0.0,0.0,,0.0,0.0,0.0,0,0,22
PC_OFF,AC_off,logit,White,remote_contour_rearrangement,new_diagnostic_minus_original,4,-6.95943833761703e-05,-0.00014287233352661133,0.00014287233352661133,116.66665649414062,-1.463135083516439e-05,-2.4788081645965576e-05,-0.00011880695819854736,0,4,0
all,AC_off,logit,White,remote_contour_rearrangement,new_diagnostic_minus_original,22,1.8027334879827155e-05,7.264722477306019e-05,0.00021713972091674805,126.9696835604581,7.97994209058357e-06,2.065842801874334e-07,7.039444013075395e-05,14,8,0
PC_OFF,AC_off,logit,White,remote_contour_rearrangement,old_diagnostic_minus_original,4,-4.272063529242587e-05,-8.386373519897461e-05,8.386373519897461e-05,116.66665649414062,-8.493264516194662e-06,-1.553446054458618e-05,-6.84782862663269e-05,0,4,0
all,AC_off,logit,White,remote_contour_rearrangement,old_diagnostic_minus_original,22,1.536607743963197e-05,5.664066834883256e-05,0.0001549233089793812,128.1818056973544,6.25812646114465e-06,-2.7093020352450283e-08,5.452063950625333e-05,14,8,0
PC_OFF,AC_off,probability,White,remote_contour_rearrangement,new_diagnostic_minus_original,4,-1.503750684150873e-05,-3.064796328544617e-05,3.064796328544617e-05,116.66665649414062,-3.1303117672602334e-06,-5.384907126426697e-06,-2.540089190006256e-05,0,4,0
all,AC_off,probability,White,remote_contour_rearrangement,new_diagnostic_minus_original,22,1.4624586955588628e-06,7.917935198003596e-06,3.461675210432573e-05,126.9696835604581,9.12219737515305e-07,-3.108077428557656e-07,7.962935011495244e-06,14,8,0
PC_OFF,AC_off,probability,White,remote_contour_rearrangement,old_diagnostic_minus_original,4,-9.312480379719545e-06,-1.819804310798645e-05,1.819804310798645e-05,116.66665649414062,-1.8358975648880007e-06,-3.402121365070343e-06,-1.4804303646087646e-05,0,4,0
all,AC_off,probability,White,remote_contour_rearrangement,old_diagnostic_minus_original,22,1.4613297607142655e-06,6.342476064508611e-06,2.4032863703641024e-05,128.48483553799716,7.286216273452297e-07,-2.1551651033488187e-07,6.2980689108371735e-06,14,8,0
PC_OFF,AC_off,logit,Hermann,contour_rearrangement,new_diagnostic_minus_original,4,-2.0418564758983848e-05,-4.1931867599487305e-05,4.1931867599487305e-05,116.66665649414062,-4.289348920186361e-06,-7.29784369468689e-06,-3.480538725852966e-05,0,4,0
all,AC_off,logit,Hermann,contour_rearrangement,new_diagnostic_minus_original,22,5.338047416940257e-06,2.1414323286576703e-05,6.429715590043502e-05,126.9696835604581,2.3563522281068743e-06,7.01031901619651e-08,2.076612277464433e-05,14,8,0
PC_OFF,AC_off,logit,Hermann,contour_rearrangement,old_diagnostic_minus_original,4,-1.259247493123894e-05,-2.4646520614624023e-05,2.4646520614624023e-05,109.99998474121094,-2.500414848327637e-06,-4.59328293800354e-06,-2.016313374042511e-05,0,4,0
all,AC_off,logit,Hermann,contour_rearrangement,old_diagnostic_minus_original,22,4.544944341039974e-06,1.6743486577814277e-05,4.6003948558460585e-05,126.9696835604581,1.8508867783979935e-06,-7.1119178425182e-09,1.6109848564321343e-05,14,8,0
PC_OFF,AC_off,probability,Hermann,contour_rearrangement,new_diagnostic_minus_original,4,-3.6562481948720915e-06,-7.309019565582275e-06,7.309019565582275e-06,126.6666488647461,-7.807835936546326e-07,-1.393025740981102e-06,-6.319722160696983e-06,0,4,0
all,AC_off,probability,Hermann,contour_rearrangement,new_diagnostic_minus_original,22,1.2401604272001392e-06,4.054470495744185e-06,1.1112202297557484e-05,121.51513671875,4.310183452837395e-07,1.9642439755526455e-08,3.823036835952238e-06,14,8,0
PC_OFF,AC_off,probability,Hermann,contour_rearrangement,old_diagnostic_minus_original,4,-2.3679186753611248e-06,-4.585832357406616e-06,4.585832357406616e-06,119.99998474121094,-4.772221048672995e-07,-9.017530828714371e-07,-3.876630216836929e-06,0,4,0
all,AC_off,probability,Hermann,contour_rearrangement,old_diagnostic_minus_original,22,9.008654870967803e-07,2.7573921463706275e-06,7.626007903705943e-06,121.51513671875,3.020284753857237e-07,2.158975059335882e-09,2.5910664011131632e-06,14,8,0
MC_OFF,normal,logit,Mach_bands,ramp_minus_matched_uniform_x-12,overlapping_minus_exclusive_pair,4,0.0,0.0,0.0,,0.0,0.0,0.0,0,0,4
MC_OFF,normal,probability,Mach_bands,ramp_minus_matched_uniform_x-12,overlapping_minus_exclusive_pair,4,0.0,0.0,0.0,,0.0,0.0,0.0,0,0,4
MC_OFF,normal,logit,Mach_bands,ramp_minus_matched_uniform_x-11,overlapping_minus_exclusive_pair,4,1.7980734190459202e-07,1.4007091522216797e-06,1.4007091522216797e-06,143.3333282470703,1.3689200083414715e-07,0.0,1.1511147022247314e-06,4,0,0
MC_OFF,normal,probability,Mach_bands,ramp_minus_matched_uniform_x-11,overlapping_minus_exclusive_pair,4,2.7815501235650686e-08,2.2351741790771484e-07,2.2351741790771484e-07,136.66665649414062,2.1606683731079104e-08,-1.3969838619232178e-09,1.7741695046424866e-07,4,0,0
MC_OFF,normal,logit,Mach_bands,ramp_minus_matched_uniform_x-10,overlapping_minus_exclusive_pair,4,1.5775362527392645e-06,1.0639429092407227e-05,1.0639429092407227e-05,141.6666488647461,1.1044740676879883e-06,-1.862645149230957e-09,9.24430787563324e-06,4,0,0
MC_OFF,normal,probability,Mach_bands,ramp_minus_matched_uniform_x-10,overlapping_minus_exclusive_pair,4,2.7666488833233416e-07,1.605600118637085e-06,1.605600118637085e-06,139.99998474121094,1.758833726247152e-07,-9.313225746154785e-10,1.4496035873889923e-06,4,0,0
MC_OFF,normal,logit,Mach_bands,ramp_minus_matched_uniform_x-09,overlapping_minus_exclusive_pair,4,7.5052182069157425e-06,4.7087669372558594e-05,4.7087669372558594e-05,124.99998474121094,4.664957523345947e-06,1.6763806343078613e-08,3.921985626220703e-05,4,0,0
MC_OFF,normal,probability,Mach_bands,ramp_minus_matched_uniform_x-09,overlapping_minus_exclusive_pair,4,1.36966508534897e-06,7.1302056312561035e-06,7.1302056312561035e-06,121.66665649414062,7.473925749460856e-07,1.4435499906539917e-08,6.182119250297546e-06,4,0,0
MC_OFF,normal,logit,Mach_bands,ramp_minus_matched_uniform_x-08,overlapping_minus_exclusive_pair,4,2.4942557502072304e-05,0.0001462101936340332,0.0001462101936340332,124.99998474121094,1.3237198193868002e-05,1.3969838619232178e-07,0.00011225789785385132,4,0,0
MC_OFF,normal,probability,Mach_bands,ramp_minus_matched_uniform_x-08,overlapping_minus_exclusive_pair,4,4.75049012038653e-06,2.2798776626586914e-05,2.2798776626586914e-05,121.66665649414062,2.1391361951828004e-06,1.0710209608078003e-07,1.7885584384202957e-05,4,0,0
MC_OFF,normal,logit,Mach_bands,ramp_minus_matched_uniform_x-07,overlapping_minus_exclusive_pair,4,6.45478576188907e-05,0.00034937262535095215,0.00034937262535095215,124.99998474121094,2.792040506998698e-05,5.960464477539062e-07,0.00023967400193214417,3,1,0
MC_OFF,normal,probability,Mach_bands,ramp_minus_matched_uniform_x-07,overlapping_minus_exclusive_pair,4,1.2795378836472082e-05,5.630031228065491e-05,5.630031228065491e-05,121.66665649414062,4.56849733988444e-06,3.9348378777503967e-07,3.878725692629814e-05,3,1,0
MC_OFF,normal,logit,Mach_bands,ramp_minus_matched_uniform_x-06,overlapping_minus_exclusive_pair,4,0.0001386890835419763,0.0006869584321975708,0.0006869584321975708,123.33332061767578,4.586666822433472e-05,1.819804310798645e-06,0.000401567667722702,3,1,0
MC_OFF,normal,probability,Mach_bands,ramp_minus_matched_uniform_x-06,overlapping_minus_exclusive_pair,4,2.859681944755721e-05,0.00011499226093292236,0.00011499226093292236,121.66665649414062,7.658799489339193e-06,1.112464815378189e-06,6.660120561718941e-05,3,1,0
MC_OFF,normal,logit,Mach_bands,ramp_minus_matched_uniform_x-05,overlapping_minus_exclusive_pair,4,-0.0030769298609811813,-0.008557543158531189,0.008557543158531189,123.33332824707031,-0.0008669227361679078,-0.0006689745932817459,-0.00776844285428524,0,4,0
MC_OFF,normal,probability,Mach_bands,ramp_minus_matched_uniform_x-05,overlapping_minus_exclusive_pair,4,-0.0005848206565133296,-0.0015517696738243103,0.0015517696738243103,114.99998474121094,-0.000157116303841273,-0.00013387436047196388,-0.0013645091094076633,0,4,0
MC_OFF,normal,logit,Mach_bands,ramp_minus_matched_uniform_x-04,overlapping_minus_exclusive_pair,4,-0.004217195499222726,-0.013078778982162476,0.013078778982162476,118.33332824707031,-0.0012034708261489868,-0.0010251626372337341,-0.01057020016014576,0,4,0
MC_OFF,normal,probability,Mach_bands,ramp_minus_matched_uniform_x-04,overlapping_minus_exclusive_pair,4,-0.0007988378420122899,-0.0023355409502983093,0.0023355409502983093,118.33332824707031,-0.00021931285659472147,-0.00020890962332487106,-0.001873078290373087,0,4,0
MC_OFF,normal,logit,Mach_bands,ramp_minus_matched_uniform_x-03,overlapping_minus_exclusive_pair,4,-0.003078465611906722,-0.00856037437915802,0.00856037437915802,123.33332824707031,-0.0008673839767773946,-0.0006692018359899521,-0.00777210108935833,0,4,0
MC_OFF,normal,probability,Mach_bands,ramp_minus_matched_uniform_x-03,overlapping_minus_exclusive_pair,4,-0.0005763761728303507,-0.0015434548258781433,0.0015434548258781433,114.99998474121094,-0.0001569081097841263,-0.00013123173266649246,-0.0013719978742301464,0,4,0
MC_OFF,normal,logit,Mach_bands,ramp_minus_matched_uniform_x-02,overlapping_minus_exclusive_pair,4,0.00013718902755499585,0.0006768852472305298,0.0006768852472305298,123.33332061767578,4.47845458984375e-05,1.8253922462463379e-06,0.0003925152122974396,3,1,0
MC_OFF,normal,probability,Mach_bands,ramp_minus_matched_uniform_x-02,overlapping_minus_exclusive_pair,4,2.7965754384240427e-05,0.00011416897177696228,0.00011416897177696228,124.99998474121094,7.5097878774007165e-06,1.12876296043396e-06,6.587337702512741e-05,3,1,0
MC_OFF,normal,logit,Mach_bands,ramp_minus_matched_uniform_x-01,overlapping_minus_exclusive_pair,4,5.7090321206487715e-05,0.0003025531768798828,0.0003025531768798828,124.99998474121094,2.327422300974528e-05,5.718320608139038e-07,0.00020059943199157715,3,1,0
MC_OFF,normal,probability,Mach_bands,ramp_minus_matched_uniform_x-01,overlapping_minus_exclusive_pair,4,1.1158982943015872e-05,5.031004548072815e-05,5.031004548072815e-05,124.99998474121094,3.847902019818624e-06,3.818422555923462e-07,3.318022936582565e-05,3,1,0
MC_OFF,normal,logit,Mach_bands,ramp_minus_matched_uniform_x+00,overlapping_minus_exclusive_pair,4,0.0,0.0,0.0,,0.0,0.0,0.0,0,0,4
MC_OFF,normal,probability,Mach_bands,ramp_minus_matched_uniform_x+00,overlapping_minus_exclusive_pair,4,0.0,0.0,0.0,,0.0,0.0,0.0,0,0,4
MC_OFF,normal,logit,Mach_bands,ramp_minus_matched_uniform_x+01,overlapping_minus_exclusive_pair,4,-5.709230799766374e-05,-0.0003025531768798828,0.0003025531768798828,124.99998474121094,-2.3274421691894532e-05,-5.718320608139038e-07,-0.00020059943199157715,1,3,0
MC_OFF,normal,probability,Mach_bands,ramp_minus_matched_uniform_x+01,overlapping_minus_exclusive_pair,4,-1.097247024972603e-05,-5.1312148571014404e-05,5.1312148571014404e-05,124.99998474121094,-3.8658082485198976e-06,-3.8137659430503845e-07,-3.356439992785454e-05,1,3,0
MC_OFF,normal,logit,Mach_bands,ramp_minus_matched_uniform_x+02,overlapping_minus_exclusive_pair,4,-0.00013718605168833164,-0.0006768852472305298,0.0006768852472305298,123.33332061767578,-4.478474458058675e-05,-1.8347054719924927e-06,-0.00039252080023288727,1,3,0
MC_OFF,normal,probability,Mach_bands,ramp_minus_matched_uniform_x+02,overlapping_minus_exclusive_pair,4,-2.7154881422575272e-05,-0.00011798366904258728,0.00011798366904258728,123.33332061767578,-7.553622126579285e-06,-1.1301599442958832e-06,-6.728386506438255e-05,1,3,0
MC_OFF,normal,logit,Mach_bands,ramp_minus_matched_uniform_x+03,overlapping_minus_exclusive_pair,4,0.0030784726259298623,0.008560404181480408,0.008560404181480408,123.33332824707031,0.0008673841754595439,0.0006692185997962952,0.007772089913487434,4,0,0
MC_OFF,normal,probability,Mach_bands,ramp_minus_matched_uniform_x+03,overlapping_minus_exclusive_pair,4,0.0005143319722265005,0.001555752009153366,0.001555752009153366,124.99999237060547,0.00015293357272942861,0.0001134905032813549,0.0013908171094954014,4,0,0
MC_OFF,normal,logit,Mach_bands,ramp_minus_matched_uniform_x+04,overlapping_minus_exclusive_pair,4,0.004217206442262977,0.013078749179840088,0.013078749179840088,118.33332824707031,0.0012034720182418823,0.0010251794010400772,0.010570192709565163,4,0,0
MC_OFF,normal,probability,Mach_bands,ramp_minus_matched_uniform_x+04,overlapping_minus_exclusive_pair,4,0.0006824867305113003,0.0023553557693958282,0.0023553557693958282,119.99999237060547,0.00020974329362312955,0.0001594440545886755,0.0018737930804491043,4,0,0
MC_OFF,normal,logit,Mach_bands,ramp_minus_matched_uniform_x+05,overlapping_minus_exclusive_pair,4,0.003076935769058764,0.008557513356208801,0.008557513356208801,123.33332824707031,0.0008669236302375794,0.0006689764559268951,0.007768444716930389,4,0,0
MC_OFF,normal,probability,Mach_bands,ramp_minus_matched_uniform_x+05,overlapping_minus_exclusive_pair,4,0.0005049886676715687,0.0015721805393695831,0.0015721805393695831,126.66665649414062,0.0001525042454401652,0.00011053914204239845,0.0013967277482151985,4,0,0
MC_OFF,normal,logit,Mach_bands,ramp_minus_matched_uniform_x+06,overlapping_minus_exclusive_pair,4,-0.0001386950389132835,-0.0006869733333587646,0.0006869733333587646,123.33332061767578,-4.586637020111084e-05,-1.8253922462463379e-06,-0.0004015658050775528,1,3,0
MC_OFF,normal,probability,Mach_bands,ramp_minus_matched_uniform_x+06,overlapping_minus_exclusive_pair,4,-2.6964768494508462e-05,-0.00012158229947090149,0.00012158229947090149,123.33332061767578,-7.750081519285837e-06,-1.1066440492868423e-06,-6.949249655008316e-05,1,3,0
MC_OFF,normal,logit,Mach_bands,ramp_minus_matched_uniform_x+07,overlapping_minus_exclusive_pair,4,-6.454388449128601e-05,-0.00034937262535095215,0.00034937262535095215,124.99998474121094,-2.7919212977091473e-05,-5.997717380523682e-07,-0.00023966655135154724,1,3,0
MC_OFF,normal,probability,Mach_bands,ramp_minus_matched_uniform_x+07,overlapping_minus_exclusive_pair,4,-1.1914347339825326e-05,-6.0793012380599976e-05,6.0793012380599976e-05,123.33332061767578,-4.6544894576072695e-06,-3.979075700044632e-07,-4.0619634091854095e-05,1,3,0
MC_OFF,normal,logit,Mach_bands,ramp_minus_matched_uniform_x+08,overlapping_minus_exclusive_pair,4,-2.4934609825777443e-05,-0.0001461803913116455,0.0001461803913116455,124.99998474121094,-1.3235509395599366e-05,-1.3783574104309082e-07,-0.0001122448593378067,0,4,0
MC_OFF,normal,probability,Mach_bands,ramp_minus_matched_uniform_x+08,overlapping_minus_exclusive_pair,4,-4.362190743734118e-06,-2.5074928998947144e-05,2.5074928998947144e-05,124.99998474121094,-2.1877015630404154e-06,-1.073349267244339e-07,-1.8767546862363815e-05,0,4,0
MC_OFF,normal,logit,Mach_bands,ramp_minus_matched_uniform_x+09,overlapping_minus_exclusive_pair,4,-7.504224811327731e-06,-4.7087669372558594e-05,4.7087669372558594e-05,124.99998474121094,-4.664361476898193e-06,-1.4901161193847656e-08,-3.92179936170578e-05,0,4,0
MC_OFF,normal,probability,Mach_bands,ramp_minus_matched_uniform_x+09,overlapping_minus_exclusive_pair,4,-1.2433777243359145e-06,-7.990747690200806e-06,7.990747690200806e-06,123.33332061767578,-7.665778199831645e-07,-2.0256265997886658e-08,-6.494112312793732e-06,0,4,0
MC_OFF,normal,logit,Mach_bands,ramp_minus_matched_uniform_x+10,overlapping_minus_exclusive_pair,4,-1.5795230439152874e-06,-1.0639429092407227e-05,1.0639429092407227e-05,143.33332061767578,-1.1054674784342448e-06,0.0,-9.255483746528625e-06,0,4,0
MC_OFF,normal,probability,Mach_bands,ramp_minus_matched_uniform_x+10,overlapping_minus_exclusive_pair,4,-2.459933305942741e-07,-1.8253922462463379e-06,1.8253922462463379e-06,138.3333282470703,-1.8046547969182333e-07,-2.3283064365386963e-10,-1.5185214579105377e-06,0,4,0
MC_OFF,normal,logit,Mach_bands,ramp_minus_matched_uniform_x+11,overlapping_minus_exclusive_pair,4,-1.7583370270912724e-07,-1.385807991027832e-06,1.385807991027832e-06,151.66666412353516,-1.3609727223714192e-07,0.0,-1.1473894119262695e-06,0,4,0
MC_OFF,normal,probability,Mach_bands,ramp_minus_matched_uniform_x+11,overlapping_minus_exclusive_pair,4,-2.4586915725599567e-08,-2.4959444999694824e-07,2.4959444999694824e-07,141.66665649414062,-2.212822437286377e-08,0.0,-1.8440186977386475e-07,0,4,0
MC_OFF,normal,logit,Mach_bands,ramp_minus_matched_uniform_x+12,overlapping_minus_exclusive_pair,4,0.0,0.0,0.0,,0.0,0.0,0.0,0,0,4
MC_OFF,normal,probability,Mach_bands,ramp_minus_matched_uniform_x+12,overlapping_minus_exclusive_pair,4,0.0,0.0,0.0,,0.0,0.0,0.0,0,0,4
MC_OFF,normal,logit,SBC,bright_surround_minus_dark_surround,overlapping_minus_exclusive_pair,4,-0.10398734826594591,-0.28873053193092346,0.28873053193092346,123.33332824707031,-0.02942408879597982,-0.021505560725927353,-0.26310059428215027,0,4,0
MC_OFF,normal,probability,SBC,bright_surround_minus_dark_surround,overlapping_minus_exclusive_pair,4,-0.018516515381634235,-0.05101269483566284,0.05101269483566284,123.33332824707031,-0.005223605831464132,-0.003968324977904558,-0.04646504623815417,0,4,0
MC_OFF,normal,logit,SBC,control_bright_surround_minus_dark_surround,overlapping_minus_exclusive_pair,4,0.0,0.0,0.0,,0.0,0.0,0.0,0,0,4
MC_OFF,normal,probability,SBC,control_bright_surround_minus_dark_surround,overlapping_minus_exclusive_pair,4,0.0,0.0,0.0,,0.0,0.0,0.0,0,0,4
MC_OFF,normal,logit,Hermann,intersection_minus_corridor,overlapping_minus_exclusive_pair,4,-0.05246829753741622,-0.14563992619514465,0.14563992619514465,123.33332824707031,-0.014842001199722291,-0.010746832937002182,-0.13276715204119682,0,4,0
MC_OFF,normal,probability,Hermann,intersection_minus_corridor,overlapping_minus_exclusive_pair,4,-0.007776549027767032,-0.02356068789958954,0.02356068789958954,128.33332061767578,-0.0023505480090777083,-0.0017172065563499928,-0.021075012162327766,0,4,0
MC_OFF,normal,logit,Hermann,control_intersection_minus_corridor,overlapping_minus_exclusive_pair,4,0.0,0.0,0.0,,0.0,0.0,0.0,0,0,4
MC_OFF,normal,probability,Hermann,control_intersection_minus_corridor,overlapping_minus_exclusive_pair,4,0.0,0.0,0.0,,0.0,0.0,0.0,0,0,4
MC_OFF,normal,logit,White,on_bright_bar_minus_on_dark_bar,overlapping_minus_exclusive_pair,4,0.052333790343254805,0.1465686857700348,0.1465686857700348,123.33332824707031,0.014955787261327107,0.010754171758890152,0.1336551532149315,4,0,0
MC_OFF,normal,probability,White,on_bright_bar_minus_on_dark_bar,overlapping_minus_exclusive_pair,4,0.00933390052523464,0.0259573794901371,0.0259573794901371,123.33332824707031,0.002657427986462911,0.0019853655248880386,0.023644963279366493,4,0,0
MC_OFF,normal,logit,White,control_on_bright_bar_minus_on_dark_bar,overlapping_minus_exclusive_pair,4,0.0,0.0,0.0,,0.0,0.0,0.0,0,0,4
MC_OFF,normal,probability,White,control_on_bright_bar_minus_on_dark_bar,overlapping_minus_exclusive_pair,4,0.0,0.0,0.0,,0.0,0.0,0.0,0,0,4
MC_OFF,normal,logit,White,remote_contour_rearrangement_A_minus_B,overlapping_minus_exclusive_pair,4,0.05233445577323437,0.14660458266735077,0.14660458266735077,123.33332824707031,0.014960101445515952,0.010754000395536423,0.13369015604257584,4,0,0
MC_OFF,normal,probability,White,remote_contour_rearrangement_A_minus_B,overlapping_minus_exclusive_pair,4,0.009333696216344833,0.025962896645069122,0.025962896645069122,123.33332824707031,0.0026581133157014846,0.0019852900877594948,0.02365040872246027,4,0,0
MC_OFF,normal,logit,White,remote_contour_rearrangement_control_A_minus_B,overlapping_minus_exclusive_pair,4,0.0,0.0,0.0,,0.0,0.0,0.0,0,0,4
MC_OFF,normal,probability,White,remote_contour_rearrangement_control_A_minus_B,overlapping_minus_exclusive_pair,4,0.0,0.0,0.0,,0.0,0.0,0.0,0,0,4
MC_OFF,normal,logit,Hermann,contour_rearrangement_A_minus_B,overlapping_minus_exclusive_pair,4,-0.05246985983103514,-0.14564110338687897,0.14564110338687897,123.33332824707031,-0.014842104315757752,-0.010746877640485764,-0.13276823237538338,0,4,0
MC_OFF,normal,probability,Hermann,contour_rearrangement_A_minus_B,overlapping_minus_exclusive_pair,4,-0.0077767628827132285,-0.02356043830513954,0.02356043830513954,128.33332061767578,-0.0023505308230717978,-0.0017172223888337612,-0.021074813790619373,0,4,0
MC_OFF,normal,logit,Hermann,contour_rearrangement_control_A_minus_B,overlapping_minus_exclusive_pair,4,0.0,0.0,0.0,,0.0,0.0,0.0,0,0,4
MC_OFF,normal,probability,Hermann,contour_rearrangement_control_A_minus_B,overlapping_minus_exclusive_pair,4,0.0,0.0,0.0,,0.0,0.0,0.0,0,0,4
MC_OFF,normal,logit,White,remote_contour_rearrangement,new_diagnostic_minus_original,4,-6.273090821196092e-05,-0.00013723969459533691,0.00013723969459533691,73.33331298828125,-9.747743606567384e-06,-9.115785360336304e-06,-9.867735207080841e-05,0,4,0
MC_OFF,normal,logit,White,remote_contour_rearrangement,old_diagnostic_minus_original,4,-6.339649371511769e-05,-0.00014862418174743652,0.00014862418174743652,106.66665649414062,-1.4062225818634034e-05,-8.944422006607056e-06,-0.00013367831707000732,0,4,0
MC_OFF,normal,probability,White,remote_contour_rearrangement,new_diagnostic_minus_original,4,-1.0356307029724121e-05,-2.26534903049469e-05,2.26534903049469e-05,73.33331298828125,-1.6053766012191774e-06,-1.509208232164383e-06,-1.627812162041664e-05,0,4,0
MC_OFF,normal,probability,White,remote_contour_rearrangement,old_diagnostic_minus_original,4,-1.0151912761102722e-05,-2.407282590866089e-05,2.407282590866089e-05,106.66665649414062,-2.2907058397928877e-06,-1.4337711036205292e-06,-2.1723564714193344e-05,0,4,0
MC_OFF,normal,logit,Hermann,contour_rearrangement,new_diagnostic_minus_original,4,-1.44302844091726e-05,-6.034970283508301e-06,3.533065319061279e-05,118.33332061767578,-4.606445630391439e-07,-2.6300549507141113e-06,-7.623806595802307e-06,0,4,0
MC_OFF,normal,logit,Hermann,contour_rearrangement,old_diagnostic_minus_original,4,-1.2868642897956306e-05,-1.0192394256591797e-05,3.081560134887695e-05,116.66665649414062,-3.580252329508464e-07,-2.5853514671325684e-06,-6.53974711894989e-06,0,4,0
MC_OFF,normal,probability,Hermann,contour_rearrangement,new_diagnostic_minus_original,4,-2.359102154514403e-06,-3.4831464290618896e-07,5.861744284629822e-06,116.66665649414062,-6.849567095438641e-08,-3.8929283618927e-07,-1.4225952327251434e-06,0,4,0
MC_OFF,normal,probability,Hermann,contour_rearrangement,old_diagnostic_minus_original,4,-2.145270542541766e-06,-2.6207417249679565e-06,5.0943344831466675e-06,94.99998474121094,-8.58058532079061e-08,-3.734603524208069e-07,-1.6205012798309326e-06,0,4,0
MC_OFF,H1_off,logit,Mach_bands,ramp_minus_matched_uniform_x-12,overlapping_minus_exclusive_pair,4,0.0,0.0,0.0,,0.0,0.0,0.0,0,0,4
MC_OFF,H1_off,probability,Mach_bands,ramp_minus_matched_uniform_x-12,overlapping_minus_exclusive_pair,4,0.0,0.0,0.0,,0.0,0.0,0.0,0,0,4
MC_OFF,H1_off,logit,Mach_bands,ramp_minus_matched_uniform_x-11,overlapping_minus_exclusive_pair,4,0.0,0.0,0.0,,0.0,0.0,0.0,0,0,4
MC_OFF,H1_off,probability,Mach_bands,ramp_minus_matched_uniform_x-11,overlapping_minus_exclusive_pair,4,0.0,0.0,0.0,,0.0,0.0,0.0,0,0,4
MC_OFF,H1_off,logit,Mach_bands,ramp_minus_matched_uniform_x-10,overlapping_minus_exclusive_pair,4,0.0,0.0,0.0,,0.0,0.0,0.0,0,0,4
MC_OFF,H1_off,probability,Mach_bands,ramp_minus_matched_uniform_x-10,overlapping_minus_exclusive_pair,4,0.0,0.0,0.0,,0.0,0.0,0.0,0,0,4
MC_OFF,H1_off,logit,Mach_bands,ramp_minus_matched_uniform_x-09,overlapping_minus_exclusive_pair,4,0.0,0.0,0.0,,0.0,0.0,0.0,0,0,4
MC_OFF,H1_off,probability,Mach_bands,ramp_minus_matched_uniform_x-09,overlapping_minus_exclusive_pair,4,0.0,0.0,0.0,,0.0,0.0,0.0,0,0,4
MC_OFF,H1_off,logit,Mach_bands,ramp_minus_matched_uniform_x-08,overlapping_minus_exclusive_pair,4,0.0,0.0,0.0,,0.0,0.0,0.0,0,0,4
MC_OFF,H1_off,probability,Mach_bands,ramp_minus_matched_uniform_x-08,overlapping_minus_exclusive_pair,4,0.0,0.0,0.0,,0.0,0.0,0.0,0,0,4
MC_OFF,H1_off,logit,Mach_bands,ramp_minus_matched_uniform_x-07,overlapping_minus_exclusive_pair,4,0.0,0.0,0.0,,0.0,0.0,0.0,0,0,4
MC_OFF,H1_off,probability,Mach_bands,ramp_minus_matched_uniform_x-07,overlapping_minus_exclusive_pair,4,0.0,0.0,0.0,,0.0,0.0,0.0,0,0,4
MC_OFF,H1_off,logit,Mach_bands,ramp_minus_matched_uniform_x-06,overlapping_minus_exclusive_pair,4,0.0,0.0,0.0,,0.0,0.0,0.0,0,0,4
MC_OFF,H1_off,probability,Mach_bands,ramp_minus_matched_uniform_x-06,overlapping_minus_exclusive_pair,4,0.0,0.0,0.0,,0.0,0.0,0.0,0,0,4
MC_OFF,H1_off,logit,Mach_bands,ramp_minus_matched_uniform_x-05,overlapping_minus_exclusive_pair,4,-0.003334587818244472,-0.009124353528022766,0.009124353528022766,123.33332824707031,-0.0009266799688339234,-0.0006733648478984833,-0.008310120552778244,0,4,0
MC_OFF,H1_off,probability,Mach_bands,ramp_minus_matched_uniform_x-05,overlapping_minus_exclusive_pair,4,-0.0006460078075178899,-0.0016693249344825745,0.0016693249344825745,113.33332061767578,-0.00016859829425811768,-0.0001368601806461811,-0.001470071729272604,0,4,0
MC_OFF,H1_off,logit,Mach_bands,ramp_minus_matched_uniform_x-04,overlapping_minus_exclusive_pair,4,-0.0046469002845697105,-0.013658314943313599,0.013658314943313599,118.33332824707031,-0.0012652865052223206,-0.0010339822620153427,-0.01116943173110485,0,4,0
MC_OFF,H1_off,probability,Mach_bands,ramp_minus_matched_uniform_x-04,overlapping_minus_exclusive_pair,4,-0.0009013794406200759,-0.0024760402739048004,0.0024760402739048004,118.33332824707031,-0.00023233594993750256,-0.00021430710330605507,-0.0019994876347482204,0,4,0
MC_OFF,H1_off,logit,Mach_bands,ramp_minus_matched_uniform_x-03,overlapping_minus_exclusive_pair,4,-0.003336172259878367,-0.009126216173171997,0.009126216173171997,123.33332824707031,-0.0009270502130190531,-0.0006735939532518387,-0.008312953636050224,0,4,0
MC_OFF,H1_off,probability,Mach_bands,ramp_minus_matched_uniform_x-03,overlapping_minus_exclusive_pair,4,-0.0006356862795655616,-0.0016530230641365051,0.0016530230641365051,114.99998474121094,-0.00016809786359469096,-0.00013412442058324814,-0.0014749537222087383,0,4,0
MC_OFF,H1_off,logit,Mach_bands,ramp_minus_matched_uniform_x-02,overlapping_minus_exclusive_pair,4,-1.9868215961338365e-09,-4.470348358154297e-08,1.043081283569336e-07,71.66665649414062,-7.947285970052084e-10,-3.725290298461914e-09,-9.313225746154785e-09,1,2,1
MC_OFF,H1_off,probability,Mach_bands,ramp_minus_matched_uniform_x-02,overlapping_minus_exclusive_pair,4,2.4835269951672956e-10,-1.1175870895385742e-08,2.60770320892334e-08,79.99999237060547,-9.934107462565105e-11,-4.656612873077393e-10,-2.3283064365386963e-09,1,0,3
MC_OFF,H1_off,logit,Mach_bands,ramp_minus_matched_uniform_x-01,overlapping_minus_exclusive_pair,4,1.9868215961338365e-09,4.470348358154297e-08,4.470348358154297e-08,86.66665649414062,1.986821492513021e-10,0.0,0.0,1,0,3
MC_OFF,H1_off,probability,Mach_bands,ramp_minus_matched_uniform_x-01,overlapping_minus_exclusive_pair,4,2.4835269951672956e-10,1.1175870895385742e-08,1.1175870895385742e-08,86.66665649414062,2.4835268656412762e-11,0.0,0.0,0,0,4
MC_OFF,H1_off,logit,Mach_bands,ramp_minus_matched_uniform_x+00,overlapping_minus_exclusive_pair,4,0.0,0.0,0.0,,0.0,0.0,0.0,0,0,4
MC_OFF,H1_off,probability,Mach_bands,ramp_minus_matched_uniform_x+00,overlapping_minus_exclusive_pair,4,0.0,0.0,0.0,,0.0,0.0,0.0,0,0,4
MC_OFF,H1_off,logit,Mach_bands,ramp_minus_matched_uniform_x+01,overlapping_minus_exclusive_pair,4,-1.9868215961338365e-09,-5.960464477539063e-08,5.960464477539063e-08,96.66665649414062,-3.973642985026042e-10,0.0,-3.725290298461914e-09,0,1,3
MC_OFF,H1_off,probability,Mach_bands,ramp_minus_matched_uniform_x+01,overlapping_minus_exclusive_pair,4,-2.4835269951672956e-10,-1.1175870895385742e-08,1.1175870895385742e-08,96.66665649414062,-7.450580596923828e-11,0.0,-9.313225746154785e-10,0,0,4
MC_OFF,H1_off,logit,Mach_bands,ramp_minus_matched_uniform_x+02,overlapping_minus_exclusive_pair,4,-2.9802323942007547e-09,-1.4901161193847656e-08,7.450580596923828e-08,66.66665649414062,-3.9736429850260414e-10,0.0,-3.725290298461914e-09,0,2,2
MC_OFF,H1_off,probability,Mach_bands,ramp_minus_matched_uniform_x+02,overlapping_minus_exclusive_pair,4,0.0,3.725290298461914e-09,1.1175870895385742e-08,59.99998474121094,-4.967053731282552e-11,4.656612873077393e-10,-9.313225746154785e-10,0,0,4
MC_OFF,H1_off,logit,Mach_bands,ramp_minus_matched_uniform_x+03,overlapping_minus_exclusive_pair,4,0.0033361763635184616,0.009126216173171997,0.009126216173171997,123.33332824707031,0.0009270502130190531,0.0006735958158969879,0.008312949910759926,4,0,0
MC_OFF,H1_off,probability,Mach_bands,ramp_minus_matched_uniform_x+03,overlapping_minus_exclusive_pair,4,0.0005629986626445316,0.0016492679715156555,0.0016492679715156555,126.66665649414062,0.00016242342690626782,0.00011573405936360359,0.0014782766811549664,4,0,0
MC_OFF,H1_off,logit,Mach_bands,ramp_minus_matched_uniform_x+04,overlapping_minus_exclusive_pair,4,0.004646906279958785,0.013658314943313599,0.013658314943313599,118.33332824707031,0.0012652869025866192,0.0010339822620153427,0.01116943173110485,4,0,0
MC_OFF,H1_off,probability,Mach_bands,ramp_minus_matched_uniform_x+04,overlapping_minus_exclusive_pair,4,0.0007660104529350065,0.002444203943014145,0.002444203943014145,119.99999237060547,0.00021938551217317583,0.00016375957056879997,0.0019725291058421135,4,0,0
MC_OFF,H1_off,logit,Mach_bands,ramp_minus_matched_uniform_x+05,overlapping_minus_exclusive_pair,4,0.003334597742650658,0.009124353528022766,0.009124353528022766,123.33332824707031,0.0009266804655392965,0.0006733760237693787,0.008310114964842796,4,0,0
MC_OFF,H1_off,probability,Mach_bands,ramp_minus_matched_uniform_x+05,overlapping_minus_exclusive_pair,4,0.0005518000543816015,0.0016662850975990295,0.0016662850975990295,126.66665649414062,0.0001617407922943433,0.00011263764463365078,0.0014818920753896236,4,0,0
MC_OFF,H1_off,logit,Mach_bands,ramp_minus_matched_uniform_x+06,overlapping_minus_exclusive_pair,4,0.0,0.0,0.0,,0.0,0.0,0.0,0,0,4
MC_OFF,H1_off,probability,Mach_bands,ramp_minus_matched_uniform_x+06,overlapping_minus_exclusive_pair,4,0.0,0.0,0.0,,0.0,0.0,0.0,0,0,4
MC_OFF,H1_off,logit,Mach_bands,ramp_minus_matched_uniform_x+07,overlapping_minus_exclusive_pair,4,0.0,0.0,0.0,,0.0,0.0,0.0,0,0,4
MC_OFF,H1_off,probability,Mach_bands,ramp_minus_matched_uniform_x+07,overlapping_minus_exclusive_pair,4,0.0,0.0,0.0,,0.0,0.0,0.0,0,0,4
MC_OFF,H1_off,logit,Mach_bands,ramp_minus_matched_uniform_x+08,overlapping_minus_exclusive_pair,4,0.0,0.0,0.0,,0.0,0.0,0.0,0,0,4
MC_OFF,H1_off,probability,Mach_bands,ramp_minus_matched_uniform_x+08,overlapping_minus_exclusive_pair,4,0.0,0.0,0.0,,0.0,0.0,0.0,0,0,4
MC_OFF,H1_off,logit,Mach_bands,ramp_minus_matched_uniform_x+09,overlapping_minus_exclusive_pair,4,0.0,0.0,0.0,,0.0,0.0,0.0,0,0,4
MC_OFF,H1_off,probability,Mach_bands,ramp_minus_matched_uniform_x+09,overlapping_minus_exclusive_pair,4,0.0,0.0,0.0,,0.0,0.0,0.0,0,0,4
MC_OFF,H1_off,logit,Mach_bands,ramp_minus_matched_uniform_x+10,overlapping_minus_exclusive_pair,4,0.0,0.0,0.0,,0.0,0.0,0.0,0,0,4
MC_OFF,H1_off,probability,Mach_bands,ramp_minus_matched_uniform_x+10,overlapping_minus_exclusive_pair,4,0.0,0.0,0.0,,0.0,0.0,0.0,0,0,4
MC_OFF,H1_off,logit,Mach_bands,ramp_minus_matched_uniform_x+11,overlapping_minus_exclusive_pair,4,0.0,0.0,0.0,,0.0,0.0,0.0,0,0,4
MC_OFF,H1_off,probability,Mach_bands,ramp_minus_matched_uniform_x+11,overlapping_minus_exclusive_pair,4,0.0,0.0,0.0,,0.0,0.0,0.0,0,0,4
MC_OFF,H1_off,logit,Mach_bands,ramp_minus_matched_uniform_x+12,overlapping_minus_exclusive_pair,4,0.0,0.0,0.0,,0.0,0.0,0.0,0,0,4
MC_OFF,H1_off,probability,Mach_bands,ramp_minus_matched_uniform_x+12,overlapping_minus_exclusive_pair,4,0.0,0.0,0.0,,0.0,0.0,0.0,0,0,4
MC_OFF,H1_off,logit,SBC,bright_surround_minus_dark_surround,overlapping_minus_exclusive_pair,4,-0.10671926289796829,-0.2911103218793869,0.2911103218793869,123.33332824707031,-0.029614998896916708,-0.021569713950157166,-0.26530373841524124,0,4,0
MC_OFF,H1_off,probability,SBC,bright_surround_minus_dark_surround,overlapping_minus_exclusive_pair,4,-0.019125607330352068,-0.05152809992432594,0.05152809992432594,123.33332824707031,-0.005263884166876475,-0.004004175309091806,-0.04693223675712943,0,4,0
MC_OFF,H1_off,logit,SBC,control_bright_surround_minus_dark_surround,overlapping_minus_exclusive_pair,4,0.0,0.0,0.0,,0.0,0.0,0.0,0,0,4
MC_OFF,H1_off,probability,SBC,control_bright_surround_minus_dark_surround,overlapping_minus_exclusive_pair,4,0.0,0.0,0.0,,0.0,0.0,0.0,0,0,4
MC_OFF,H1_off,logit,Hermann,intersection_minus_corridor,overlapping_minus_exclusive_pair,4,-0.05325790401548147,-0.14549510180950165,0.14549510180950165,123.33332824707031,-0.01479825814565023,-0.010769236832857132,-0.1325988471508026,0,4,0
MC_OFF,H1_off,probability,Hermann,intersection_minus_corridor,overlapping_minus_exclusive_pair,4,-0.007941168267279863,-0.023446377366781235,0.023446377366781235,128.33332061767578,-0.002337230518460274,-0.001728955889120698,-0.02098270575515926,0,4,0
MC_OFF,H1_off,logit,Hermann,control_intersection_minus_corridor,overlapping_minus_exclusive_pair,4,0.0,0.0,0.0,,0.0,0.0,0.0,0,0,4
MC_OFF,H1_off,probability,Hermann,control_intersection_minus_corridor,overlapping_minus_exclusive_pair,4,0.0,0.0,0.0,,0.0,0.0,0.0,0,0,4
MC_OFF,H1_off,logit,White,on_bright_bar_minus_on_dark_bar,overlapping_minus_exclusive_pair,4,0.053410650696605444,0.14584550261497498,0.14584550261497498,123.33332824707031,0.014829643567403157,0.010787185281515121,0.13290608301758766,4,0,0
MC_OFF,H1_off,probability,White,on_bright_bar_minus_on_dark_bar,overlapping_minus_exclusive_pair,4,0.009591940673999488,0.025911513715982437,0.025911513715982437,123.33332824707031,0.0026420053591330846,0.0020032585598528385,0.02358453953638673,4,0,0
MC_OFF,H1_off,logit,White,control_on_bright_bar_minus_on_dark_bar,overlapping_minus_exclusive_pair,4,0.0,0.0,0.0,,0.0,0.0,0.0,0,0,4
MC_OFF,H1_off,probability,White,control_on_bright_bar_minus_on_dark_bar,overlapping_minus_exclusive_pair,4,0.0,0.0,0.0,,0.0,0.0,0.0,0,0,4
MC_OFF,H1_off,logit,White,remote_contour_rearrangement_A_minus_B,overlapping_minus_exclusive_pair,4,0.053410650696605444,0.14584550261497498,0.14584550261497498,123.33332824707031,0.014829643567403157,0.010787185281515121,0.13290608301758766,4,0,0
MC_OFF,H1_off,probability,White,remote_contour_rearrangement_A_minus_B,overlapping_minus_exclusive_pair,4,0.009591940673999488,0.025911513715982437,0.025911513715982437,123.33332824707031,0.0026420053591330846,0.0020032585598528385,0.02358453953638673,4,0,0
MC_OFF,H1_off,logit,White,remote_contour_rearrangement_control_A_minus_B,overlapping_minus_exclusive_pair,4,0.0,0.0,0.0,,0.0,0.0,0.0,0,0,4
MC_OFF,H1_off,probability,White,remote_contour_rearrangement_control_A_minus_B,overlapping_minus_exclusive_pair,4,0.0,0.0,0.0,,0.0,0.0,0.0,0,0,4
MC_OFF,H1_off,logit,Hermann,contour_rearrangement_A_minus_B,overlapping_minus_exclusive_pair,4,-0.05325790401548147,-0.14549510180950165,0.14549510180950165,123.33332824707031,-0.01479825814565023,-0.010769236832857132,-0.1325988471508026,0,4,0
MC_OFF,H1_off,probability,Hermann,contour_rearrangement_A_minus_B,overlapping_minus_exclusive_pair,4,-0.007941168267279863,-0.023446377366781235,0.023446377366781235,128.33332061767578,-0.002337230518460274,-0.001728955889120698,-0.02098270575515926,0,4,0
MC_OFF,H1_off,logit,Hermann,contour_rearrangement_control_A_minus_B,overlapping_minus_exclusive_pair,4,0.0,0.0,0.0,,0.0,0.0,0.0,0,0,4
MC_OFF,H1_off,probability,Hermann,contour_rearrangement_control_A_minus_B,overlapping_minus_exclusive_pair,4,0.0,0.0,0.0,,0.0,0.0,0.0,0,0,4
MC_OFF,H1_off,logit,White,remote_contour_rearrangement,new_diagnostic_minus_original,4,0.0,0.0,0.0,,0.0,0.0,0.0,0,0,4
MC_OFF,H1_off,logit,White,remote_contour_rearrangement,old_diagnostic_minus_original,4,0.0,0.0,0.0,,0.0,0.0,0.0,0,0,4
MC_OFF,H1_off,probability,White,remote_contour_rearrangement,new_diagnostic_minus_original,4,0.0,0.0,0.0,,0.0,0.0,0.0,0,0,4
MC_OFF,H1_off,probability,White,remote_contour_rearrangement,old_diagnostic_minus_original,4,0.0,0.0,0.0,,0.0,0.0,0.0,0,0,4
MC_OFF,H1_off,logit,Hermann,contour_rearrangement,new_diagnostic_minus_original,4,0.0,0.0,0.0,,0.0,0.0,0.0,0,0,4
MC_OFF,H1_off,logit,Hermann,contour_rearrangement,old_diagnostic_minus_original,4,0.0,0.0,0.0,,0.0,0.0,0.0,0,0,4
MC_OFF,H1_off,probability,Hermann,contour_rearrangement,new_diagnostic_minus_original,4,0.0,0.0,0.0,,0.0,0.0,0.0,0,0,4
MC_OFF,H1_off,probability,Hermann,contour_rearrangement,old_diagnostic_minus_original,4,0.0,0.0,0.0,,0.0,0.0,0.0,0,0,4
MC_OFF,AC_off,logit,Mach_bands,ramp_minus_matched_uniform_x-12,overlapping_minus_exclusive_pair,4,0.0,0.0,0.0,,0.0,0.0,0.0,0,0,4
MC_OFF,AC_off,probability,Mach_bands,ramp_minus_matched_uniform_x-12,overlapping_minus_exclusive_pair,4,0.0,0.0,0.0,,0.0,0.0,0.0,0,0,4
MC_OFF,AC_off,logit,Mach_bands,ramp_minus_matched_uniform_x-11,overlapping_minus_exclusive_pair,4,0.0,0.0,0.0,,0.0,0.0,0.0,0,0,4
MC_OFF,AC_off,probability,Mach_bands,ramp_minus_matched_uniform_x-11,overlapping_minus_exclusive_pair,4,0.0,0.0,0.0,,0.0,0.0,0.0,0,0,4
MC_OFF,AC_off,logit,Mach_bands,ramp_minus_matched_uniform_x-10,overlapping_minus_exclusive_pair,4,6.169080721818432e-07,2.294778823852539e-06,2.294778823852539e-06,131.66665649414062,2.1119912465413412e-07,7.450580596923828e-09,2.045184373855591e-06,3,1,0
MC_OFF,AC_off,probability,Mach_bands,ramp_minus_matched_uniform_x-10,overlapping_minus_exclusive_pair,4,1.547237236110277e-07,5.066394805908203e-07,5.066394805908203e-07,106.6666488647461,4.609425862630209e-08,5.587935447692871e-09,4.4051557779312134e-07,4,0,0
MC_OFF,AC_off,logit,Mach_bands,ramp_minus_matched_uniform_x-09,overlapping_minus_exclusive_pair,4,6.124377332383801e-06,2.2590160369873047e-05,2.2590160369873047e-05,136.6666488647461,2.097288767496745e-06,1.73225998878479e-07,2.017989754676819e-05,3,1,0
MC_OFF,AC_off,probability,Mach_bands,ramp_minus_matched_uniform_x-09,overlapping_minus_exclusive_pair,4,1.502533741870593e-06,4.805624485015869e-06,4.805624485015869e-06,116.66665649414062,4.532436529795329e-07,6.612390279769897e-08,4.371162503957748e-06,4,0,0
MC_OFF,AC_off,logit,Mach_bands,ramp_minus_matched_uniform_x-08,overlapping_minus_exclusive_pair,4,3.1948585789365325e-05,0.00011771917343139648,0.00011771917343139648,136.6666488647461,1.0926524798075358e-05,8.940696716308594e-07,0.00010518264025449753,3,1,0
MC_OFF,AC_off,probability,Mach_bands,ramp_minus_matched_uniform_x-08,overlapping_minus_exclusive_pair,4,7.808953256471796e-06,2.493336796760559e-05,2.493336796760559e-05,116.66665649414062,2.3555755615234377e-06,3.175809979438782e-07,2.2751279175281525e-05,4,0,0
MC_OFF,AC_off,logit,Mach_bands,ramp_minus_matched_uniform_x-07,overlapping_minus_exclusive_pair,4,0.00011506627306800965,0.00042332708835601807,0.00042332708835601807,136.6666488647461,3.932495911916097e-05,3.252178430557251e-06,0.00037852395325899124,4,0,0
MC_OFF,AC_off,probability,Mach_bands,ramp_minus_matched_uniform_x-07,overlapping_minus_exclusive_pair,4,2.810855733059725e-05,8.963420987129211e-05,8.963420987129211e-05,116.66665649414062,8.476550380388896e-06,1.1441297829151154e-06,8.183764293789864e-05,4,0,0
MC_OFF,AC_off,logit,Mach_bands,ramp_minus_matched_uniform_x-06,overlapping_minus_exclusive_pair,4,0.00031936417940414685,0.0011735707521438599,0.0011735707521438599,136.6666488647461,0.00010906492670377096,9.125098586082458e-06,0.0010497942566871643,4,0,0
MC_OFF,AC_off,probability,Mach_bands,ramp_minus_matched_uniform_x-06,overlapping_minus_exclusive_pair,4,7.799292552590487e-05,0.00024857744574546814,0.00024857744574546814,116.66665649414062,2.3515100280443828e-05,3.1832605600357056e-06,0.00022705364972352982,4,0,0
MC_OFF,AC_off,logit,Mach_bands,ramp_minus_matched_uniform_x-05,overlapping_minus_exclusive_pair,4,0.0007252931341099611,0.0026627928018569946,0.0026627928018569946,136.6666488647461,0.00024756863713264464,2.086348831653595e-05,0.0023828288540244102,4,0,0
MC_OFF,AC_off,probability,Mach_bands,ramp_minus_matched_uniform_x-05,overlapping_minus_exclusive_pair,4,0.00017719368497637333,0.0005648210644721985,0.0005648210644721985,116.66665649414062,5.3427120049794516e-05,7.241964340209961e-06,0.0005160006694495678,4,0,0
MC_OFF,AC_off,logit,Mach_bands,ramp_minus_matched_uniform_x-04,overlapping_minus_exclusive_pair,4,-0.0017836560728028417,-0.002210944890975952,0.007490813732147217,101.66666412353516,-0.00012271766861279805,-0.0011005233973264694,-0.0002802247181534767,1,3,0
MC_OFF,AC_off,probability,Mach_bands,ramp_minus_matched_uniform_x-04,overlapping_minus_exclusive_pair,4,-0.00037358826375566423,-0.00039957091212272644,0.0016578547656536102,78.33332824707031,-2.3829142252604178e-05,-0.00024273153394460678,9.071547538042068e-06,1,3,0
MC_OFF,AC_off,logit,Mach_bands,ramp_minus_matched_uniform_x-03,overlapping_minus_exclusive_pair,4,0.0007265368981279607,0.0026660263538360596,0.0026660263538360596,136.6666488647461,0.00024794658025105795,2.0891427993774414e-05,0.0023871418088674545,4,0,0
MC_OFF,AC_off,probability,Mach_bands,ramp_minus_matched_uniform_x-03,overlapping_minus_exclusive_pair,4,0.00016812707144708838,0.0005365125834941864,0.0005365125834941864,118.33332824707031,5.1527122656504314e-05,6.805639714002609e-06,0.0004973583854734898,4,0,0
MC_OFF,AC_off,logit,Mach_bands,ramp_minus_matched_uniform_x-02,overlapping_minus_exclusive_pair,4,0.0003198375377451157,0.0011741071939468384,0.0011741071939468384,136.6666488647461,0.00010918309291203817,9.139999747276306e-06,0.0010515432804822922,4,0,0
MC_OFF,AC_off,probability,Mach_bands,ramp_minus_matched_uniform_x-02,overlapping_minus_exclusive_pair,4,6.956631887078402e-05,0.0002246759831905365,0.0002246759831905365,124.99999237060547,2.1745413541793822e-05,2.7730129659175873e-06,0.00020978273823857307,4,0,0
MC_OFF,AC_off,logit,Mach_bands,ramp_minus_matched_uniform_x-01,overlapping_minus_exclusive_pair,4,0.000109510620546871,0.0004021376371383667,0.0004021376371383667,136.6666488647461,3.7391086419423424e-05,3.125518560409546e-06,0.00036028027534484863,4,0,0
MC_OFF,AC_off,probability,Mach_bands,ramp_minus_matched_uniform_x-01,overlapping_minus_exclusive_pair,4,2.2244702137186323e-05,7.3947012424469e-05,7.3947012424469e-05,131.66665649414062,7.117738326390585e-06,8.698552846908569e-07,6.866594776511192e-05,4,0,0
MC_OFF,AC_off,logit,Mach_bands,ramp_minus_matched_uniform_x+00,overlapping_minus_exclusive_pair,4,0.0,0.0,0.0,,0.0,0.0,0.0,0,0,4
MC_OFF,AC_off,probability,Mach_bands,ramp_minus_matched_uniform_x+00,overlapping_minus_exclusive_pair,4,0.0,0.0,0.0,,0.0,0.0,0.0,0,0,4
MC_OFF,AC_off,logit,Mach_bands,ramp_minus_matched_uniform_x+01,overlapping_minus_exclusive_pair,4,-0.00010950863421044232,-0.0004021376371383667,0.0004021376371383667,136.6666488647461,-3.7390391031901045e-05,-3.121793270111084e-06,-0.0003602728247642517,0,4,0
MC_OFF,AC_off,probability,Mach_bands,ramp_minus_matched_uniform_x+01,overlapping_minus_exclusive_pair,4,-1.9026051006676425e-05,-7.109344005584717e-05,7.109344005584717e-05,139.99998474121094,-6.448974212010702e-06,-7.045455276966095e-07,-6.217975169420242e-05,1,3,0
MC_OFF,AC_off,logit,Mach_bands,ramp_minus_matched_uniform_x+02,overlapping_minus_exclusive_pair,4,-0.0003198434831119812,-0.0011741071939468384,0.0011741071939468384,136.6666488647461,-0.00010918388764063518,-9.143725037574768e-06,-0.0010515488684177399,0,4,0
MC_OFF,AC_off,probability,Mach_bands,ramp_minus_matched_uniform_x+02,overlapping_minus_exclusive_pair,4,-5.089541105007811e-05,-0.00020454078912734985,0.00020454078912734985,139.99998474121094,-1.7855167388916016e-05,-1.8212012946605682e-06,-0.00017202412709593773,1,3,0
MC_OFF,AC_off,logit,Mach_bands,ramp_minus_matched_uniform_x+03,overlapping_minus_exclusive_pair,4,-0.0007265368990374554,-0.0026660263538360596,0.0026660263538360596,136.6666488647461,-0.0002479461828867594,-2.0898878574371338e-05,-0.0023871343582868576,0,4,0
MC_OFF,AC_off,probability,Mach_bands,ramp_minus_matched_uniform_x+03,overlapping_minus_exclusive_pair,4,-0.00010517971986701014,-0.00045724213123321533,0.00045724213123321533,139.99998474121094,-3.835473209619522e-05,-3.6172568798065186e-06,-0.0003691096790134907,1,3,0
MC_OFF,AC_off,logit,Mach_bands,ramp_minus_matched_uniform_x+04,overlapping_minus_exclusive_pair,4,0.0017836580518633127,0.0022108852863311768,0.007490783929824829,101.66666412353516,0.00012271761894226078,0.0011005233973264694,0.00028022006154060364,3,1,0
MC_OFF,AC_off,probability,Mach_bands,ramp_minus_matched_uniform_x+04,overlapping_minus_exclusive_pair,4,0.00012467056512832642,5.582347512245178e-05,0.0010863877832889557,89.99999237060547,-6.840998927752179e-06,0.00010104780085384846,-0.0001222142018377781,3,1,0
MC_OFF,AC_off,logit,Mach_bands,ramp_minus_matched_uniform_x+05,overlapping_minus_exclusive_pair,4,-0.0007252991226778249,-0.0026628077030181885,0.0026628077030181885,136.6666488647461,-0.0002475696802139282,-2.086162567138672e-05,-0.002382837235927582,0,4,0
MC_OFF,AC_off,probability,Mach_bands,ramp_minus_matched_uniform_x+05,overlapping_minus_exclusive_pair,4,-9.519656578049762e-05,-0.00045082345604896545,0.00045082345604896545,141.66665649414062,-3.625717014074326e-05,-3.0999071896076202e-06,-0.00034862826578319073,1,3,0
MC_OFF,AC_off,logit,Mach_bands,ramp_minus_matched_uniform_x+06,overlapping_minus_exclusive_pair,4,-0.000319369645126244,-0.0011735856533050537,0.0011735856533050537,136.6666488647461,-0.0001090666651725769,-9.12696123123169e-06,-0.0010498147457838058,0,4,0
MC_OFF,AC_off,probability,Mach_bands,ramp_minus_matched_uniform_x+06,overlapping_minus_exclusive_pair,4,-4.201345109322574e-05,-0.00019916146993637085,0.00019916146993637085,141.66665649414062,-1.600871483484904e-05,-1.3592652976512909e-06,-0.00015400187112390995,1,3,0
MC_OFF,AC_off,logit,Mach_bands,ramp_minus_matched_uniform_x+07,overlapping_minus_exclusive_pair,4,-0.00011506477919454028,-0.0004232823848724365,0.0004232823848724365,136.6666488647461,-3.9324164390563965e-05,-3.255903720855713e-06,-0.00037851184606552124,0,4,0
MC_OFF,AC_off,probability,Mach_bands,ramp_minus_matched_uniform_x+07,overlapping_minus_exclusive_pair,4,-1.5158578321461391e-05,-7.192790508270264e-05,7.192790508270264e-05,141.66665649414062,-5.779514710108439e-06,-4.889443516731262e-07,-5.56109007447958e-05,1,3,0
MC_OFF,AC_off,logit,Mach_bands,ramp_minus_matched_uniform_x+08,overlapping_minus_exclusive_pair,4,-3.1944116834381475e-05,-0.00011768937110900879,0.00011768937110900879,136.6666488647461,-1.0925730069478353e-05,-8.977949619293213e-07,-0.00010517612099647522,1,3,0
MC_OFF,AC_off,probability,Mach_bands,ramp_minus_matched_uniform_x+08,overlapping_minus_exclusive_pair,4,-4.212309789863866e-06,-2.0012259483337402e-05,2.0012259483337402e-05,139.99998474121094,-1.6073013345400494e-06,-1.3434328138828278e-07,-1.5465309843420982e-05,1,3,0
MC_OFF,AC_off,logit,Mach_bands,ramp_minus_matched_uniform_x+09,overlapping_minus_exclusive_pair,4,-6.135304746024417e-06,-2.2590160369873047e-05,2.2590160369873047e-05,136.6666488647461,-2.099176247914632e-06,-1.7136335372924805e-07,-2.0194798707962036e-05,1,3,0
MC_OFF,AC_off,probability,Mach_bands,ramp_minus_matched_uniform_x+09,overlapping_minus_exclusive_pair,4,-8.11119853949549e-07,-3.866851329803467e-06,3.866851329803467e-06,139.99998474121094,-3.0893832445144656e-07,-2.8172507882118225e-08,-2.9762741178274155e-06,1,3,0
MC_OFF,AC_off,logit,Mach_bands,ramp_minus_matched_uniform_x+10,overlapping_minus_exclusive_pair,4,-6.377696999404492e-07,-2.294778823852539e-06,2.294778823852539e-06,126.66665649414062,-2.1378199259440106e-07,-7.450580596923828e-09,-2.0563602447509766e-06,1,3,0
MC_OFF,AC_off,probability,Mach_bands,ramp_minus_matched_uniform_x+10,overlapping_minus_exclusive_pair,4,-8.245309235377363e-08,-4.023313522338867e-07,4.023313522338867e-07,143.3333282470703,-3.166496753692627e-08,-1.6298145055770874e-09,-3.0640512704849243e-07,1,3,0
MC_OFF,AC_off,logit,Mach_bands,ramp_minus_matched_uniform_x+11,overlapping_minus_exclusive_pair,4,0.0,0.0,0.0,,0.0,0.0,0.0,0,0,4
MC_OFF,AC_off,probability,Mach_bands,ramp_minus_matched_uniform_x+11,overlapping_minus_exclusive_pair,4,0.0,0.0,0.0,,0.0,0.0,0.0,0,0,4
MC_OFF,AC_off,logit,Mach_bands,ramp_minus_matched_uniform_x+12,overlapping_minus_exclusive_pair,4,0.0,0.0,0.0,,0.0,0.0,0.0,0,0,4
MC_OFF,AC_off,probability,Mach_bands,ramp_minus_matched_uniform_x+12,overlapping_minus_exclusive_pair,4,0.0,0.0,0.0,,0.0,0.0,0.0,0,0,4
MC_OFF,AC_off,logit,SBC,bright_surround_minus_dark_surround,overlapping_minus_exclusive_pair,4,0.009942612690792885,0.03637617826461792,0.03637617826461792,136.6666488647461,0.003388338883717855,0.0002876967191696167,0.032646823674440384,4,0,0
MC_OFF,AC_off,probability,SBC,bright_surround_minus_dark_surround,overlapping_minus_exclusive_pair,4,0.0018707062154135201,0.00653577595949173,0.00653577595949173,136.6666488647461,0.0006140360981225967,7.189903408288956e-05,0.005921585485339165,4,0,0
MC_OFF,AC_off,logit,SBC,control_bright_surround_minus_dark_surround,overlapping_minus_exclusive_pair,4,0.0,0.0,0.0,,0.0,0.0,0.0,0,0,4
MC_OFF,AC_off,probability,SBC,control_bright_surround_minus_dark_surround,overlapping_minus_exclusive_pair,4,0.0,0.0,0.0,,0.0,0.0,0.0,0,0,4
MC_OFF,AC_off,logit,Hermann,intersection_minus_corridor,overlapping_minus_exclusive_pair,4,0.003377368017027038,0.012367337942123413,0.012367337942123413,136.6666488647461,0.001151206394036611,9.824708104133606e-05,0.011076612398028374,4,0,0
MC_OFF,AC_off,probability,Hermann,intersection_minus_corridor,overlapping_minus_exclusive_pair,4,0.00042386849236208946,0.0019996389746665955,0.0019996389746665955,141.66665649414062,0.00016129016876220703,1.4465535059571266e-05,0.001533745788037777,3,1,0
MC_OFF,AC_off,logit,Hermann,control_intersection_minus_corridor,overlapping_minus_exclusive_pair,4,0.0,0.0,0.0,,0.0,0.0,0.0,0,0,4
MC_OFF,AC_off,probability,Hermann,control_intersection_minus_corridor,overlapping_minus_exclusive_pair,4,0.0,0.0,0.0,,0.0,0.0,0.0,0,0,4
MC_OFF,AC_off,logit,White,on_bright_bar_minus_on_dark_bar,overlapping_minus_exclusive_pair,4,-0.004961546215781709,-0.01814669370651245,0.01814669370651245,136.6666488647461,-0.0016905635595321656,-0.00014406442642211914,-0.01628948375582695,0,4,0
MC_OFF,AC_off,probability,White,on_bright_bar_minus_on_dark_bar,overlapping_minus_exclusive_pair,4,-0.0009332979943792452,-0.003260307013988495,0.003260307013988495,136.6666488647461,-0.0003063242385784785,-3.592902794480324e-05,-0.0029542953707277775,0,4,0
MC_OFF,AC_off,logit,White,control_on_bright_bar_minus_on_dark_bar,overlapping_minus_exclusive_pair,4,0.0,0.0,0.0,,0.0,0.0,0.0,0,0,4
MC_OFF,AC_off,probability,White,control_on_bright_bar_minus_on_dark_bar,overlapping_minus_exclusive_pair,4,0.0,0.0,0.0,,0.0,0.0,0.0,0,0,4
MC_OFF,AC_off,logit,White,remote_contour_rearrangement_A_minus_B,overlapping_minus_exclusive_pair,4,-0.004981539630534826,-0.01821887493133545,0.01821887493133545,136.6666488647461,-0.001697329084078471,-0.0001447238028049469,-0.01635463908314705,0,4,0
MC_OFF,AC_off,probability,White,remote_contour_rearrangement_A_minus_B,overlapping_minus_exclusive_pair,4,-0.0009370359125568939,-0.0032732412219047546,0.0032732412219047546,136.6666488647461,-0.00030754509071509044,-3.608269616961479e-05,-0.002966067288070917,0,4,0
MC_OFF,AC_off,logit,White,remote_contour_rearrangement_control_A_minus_B,overlapping_minus_exclusive_pair,4,0.0,0.0,0.0,,0.0,0.0,0.0,0,0,4
MC_OFF,AC_off,probability,White,remote_contour_rearrangement_control_A_minus_B,overlapping_minus_exclusive_pair,4,0.0,0.0,0.0,,0.0,0.0,0.0,0,0,4
MC_OFF,AC_off,logit,Hermann,contour_rearrangement_A_minus_B,overlapping_minus_exclusive_pair,4,0.003371449256519554,0.012345850467681885,0.012345850467681885,136.6666488647461,0.0011491939425468446,9.80570912361145e-05,0.01105727069079876,4,0,0
MC_OFF,AC_off,probability,Hermann,contour_rearrangement_A_minus_B,overlapping_minus_exclusive_pair,4,0.0004230916492815595,0.001995999366044998,0.001995999366044998,141.66665649414062,0.00016099398334821067,1.444108784198761e-05,0.001530905719846487,3,1,0
MC_OFF,AC_off,logit,Hermann,contour_rearrangement_control_A_minus_B,overlapping_minus_exclusive_pair,4,0.0,0.0,0.0,,0.0,0.0,0.0,0,0,4
MC_OFF,AC_off,probability,Hermann,contour_rearrangement_control_A_minus_B,overlapping_minus_exclusive_pair,4,0.0,0.0,0.0,,0.0,0.0,0.0,0,0,4
MC_OFF,AC_off,logit,White,remote_contour_rearrangement,new_diagnostic_minus_original,4,-9.099245107790921e-05,-0.0002544820308685303,0.0002544820308685303,131.6666488647461,-2.558588981628418e-05,-9.67457890510559e-06,-0.00024036318063735962,0,4,0
MC_OFF,AC_off,logit,White,remote_contour_rearrangement,old_diagnostic_minus_original,4,-7.0999065428623e-05,-0.00018641352653503418,0.00018641352653503418,128.33332061767578,-1.882036526997884e-05,-9.015202522277832e-06,-0.00017520785331726074,0,4,0
MC_OFF,AC_off,probability,White,remote_contour_rearrangement,new_diagnostic_minus_original,4,-1.5156716017372673e-05,-4.27737832069397e-05,4.27737832069397e-05,131.6666488647461,-4.3032815059026086e-06,-1.603737473487854e-06,-4.038400948047638e-05,0,4,0
MC_OFF,AC_off,probability,White,remote_contour_rearrangement,old_diagnostic_minus_original,4,-1.1418759982007032e-05,-3.0450522899627686e-05,3.0450522899627686e-05,129.99998474121094,-3.08242936929067e-06,-1.4500692486763e-06,-2.861209213733673e-05,0,4,0
MC_OFF,AC_off,logit,Hermann,contour_rearrangement,new_diagnostic_minus_original,4,-2.7134021365782246e-05,-7.599592208862305e-05,7.599592208862305e-05,131.6666488647461,-7.63465960820516e-06,-2.8833746910095215e-06,-7.168576121330261e-05,0,4,0
MC_OFF,AC_off,logit,Hermann,contour_rearrangement,old_diagnostic_minus_original,4,-2.1215280412434367e-05,-5.581974983215332e-05,5.581974983215332e-05,129.99998474121094,-5.622208118438721e-06,-2.693384885787964e-06,-5.2344053983688354e-05,0,4,0
MC_OFF,AC_off,probability,Hermann,contour_rearrangement,new_diagnostic_minus_original,4,-3.536293831984949e-06,-1.2099742889404297e-05,1.2099742889404297e-05,133.33331298828125,-1.1019532879193626e-06,-3.7671998143196106e-07,-1.0474352166056633e-05,0,4,0
MC_OFF,AC_off,probability,Hermann,contour_rearrangement,old_diagnostic_minus_original,4,-2.759446715572267e-06,-8.802860975265503e-06,8.802860975265503e-06,133.33331298828125,-8.057678739229839e-07,-3.5227276384830475e-07,-7.634283974766731e-06,0,4,0
MC_ON,normal,logit,Mach_bands,ramp_minus_matched_uniform_x-12,overlapping_minus_exclusive_pair,5,0.0,0.0,0.0,,0.0,0.0,0.0,0,0,5
MC_ON,normal,probability,Mach_bands,ramp_minus_matched_uniform_x-12,overlapping_minus_exclusive_pair,5,0.0,0.0,0.0,,0.0,0.0,0.0,0,0,5
MC_ON,normal,logit,Mach_bands,ramp_minus_matched_uniform_x-11,overlapping_minus_exclusive_pair,5,-3.0994414998986033e-07,-2.1696090698242187e-06,2.1696090698242187e-06,141.3333251953125,-2.2617975870768232e-07,1.4901161193847656e-08,-1.895427703857422e-06,0,5,0
MC_ON,normal,probability,Mach_bands,ramp_minus_matched_uniform_x-11,overlapping_minus_exclusive_pair,5,-4.6888987270676806e-08,-3.963708877563477e-07,3.963708877563477e-07,135.99999389648437,-3.7411848704020185e-08,2.9802322387695314e-09,-3.28943133354187e-07,0,5,0
MC_ON,normal,logit,Mach_bands,ramp_minus_matched_uniform_x-10,overlapping_minus_exclusive_pair,5,-2.442995742057974e-06,-1.7905235290527342e-05,1.7905235290527342e-05,145.3333251953125,-1.830418904622396e-06,7.152557373046875e-08,-1.5723705291748048e-05,0,5,0
MC_ON,normal,probability,Mach_bands,ramp_minus_matched_uniform_x-10,overlapping_minus_exclusive_pair,5,-3.8564205624425084e-07,-3.1203031539916993e-06,3.1203031539916993e-06,142.66666259765626,-3.0241409937540687e-07,1.1548399925231934e-08,-2.6788562536239625e-06,0,5,0
MC_ON,normal,logit,Mach_bands,ramp_minus_matched_uniform_x-09,overlapping_minus_exclusive_pair,5,-1.005808508125483e-05,-7.817745208740234e-05,7.817745208740234e-05,147.99998779296874,-7.852474848429363e-06,4.202127456665039e-07,-6.776899099349975e-05,0,5,0
MC_ON,normal,probability,Mach_bands,ramp_minus_matched_uniform_x-09,overlapping_minus_exclusive_pair,5,-1.5789270491950446e-06,-1.3595819473266601e-05,1.3595819473266601e-05,143.99999389648437,-1.2976924578348797e-06,6.966292858123779e-08,-1.1544674634933472e-05,0,5,0
MC_ON,normal,logit,Mach_bands,ramp_minus_matched_uniform_x-08,overlapping_minus_exclusive_pair,5,-2.7580261303228326e-05,-0.00023276805877685546,0.00023276805877685546,147.99998779296874,-2.282365163167318e-05,1.7017126083374024e-06,-0.00019824206829071044,0,5,0
MC_ON,normal,probability,Mach_bands,ramp_minus_matched_uniform_x-08,overlapping_minus_exclusive_pair,5,-4.272659543858026e-06,-4.034638404846191e-05,4.034638404846191e-05,146.66665649414062,-3.7745237350463867e-06,2.868473529815674e-07,-3.377422690391541e-05,0,5,0
MC_ON,normal,logit,Mach_bands,ramp_minus_matched_uniform_x-07,overlapping_minus_exclusive_pair,5,-5.500316638062941e-05,-0.0005276918411254883,0.0005276918411254883,147.99998779296874,-4.994885126749674e-05,5.257129669189453e-06,-0.0004378199577331543,1,4,0
MC_ON,normal,probability,Mach_bands,ramp_minus_matched_uniform_x-07,overlapping_minus_exclusive_pair,5,-8.321205859829206e-06,-9.146928787231445e-05,9.146928787231445e-05,147.99998779296874,-8.270283540089926e-06,9.033828973770142e-07,-7.462166249752044e-05,1,4,0
MC_ON,normal,logit,Mach_bands,ramp_minus_matched_uniform_x-06,overlapping_minus_exclusive_pair,5,-8.181730809155851e-05,-0.0009675741195678711,0.0009675741195678711,147.99998779296874,-8.703764279683433e-05,1.3196468353271485e-05,-0.0007733568549156189,1,4,0
MC_ON,normal,probability,Mach_bands,ramp_minus_matched_uniform_x-06,overlapping_minus_exclusive_pair,5,-1.179675255116308e-05,-0.0001680135726928711,0.0001680135726928711,147.99998779296874,-1.4438470204671224e-05,2.288818359375e-06,-0.00013189241290092468,1,4,0
MC_ON,normal,logit,Mach_bands,ramp_minus_matched_uniform_x-05,overlapping_minus_exclusive_pair,5,0.0029210296692326666,0.00808124542236328,0.00808124542236328,122.66666259765626,0.0007909750938415528,0.0004324823617935181,0.007249996066093445,5,0,0
MC_ON,normal,probability,Mach_bands,ramp_minus_matched_uniform_x-05,overlapping_minus_exclusive_pair,5,0.00045179586159065365,0.001373136043548584,0.001373136043548584,127.99998779296875,0.00012681947151819867,6.260313093662263e-05,0.0012009918689727783,5,0,0
MC_ON,normal,logit,Mach_bands,ramp_minus_matched_uniform_x-04,overlapping_minus_exclusive_pair,5,0.004615276586264372,0.012087106704711914,0.012087106704711914,117.3333251953125,0.001177820126215617,0.0009738653898239136,0.010557813942432404,5,0,0
MC_ON,normal,probability,Mach_bands,ramp_minus_matched_uniform_x-04,overlapping_minus_exclusive_pair,5,0.0006966219225432724,0.001997476816177368,0.001997476816177368,123.99998779296875,0.00018636039892832437,0.00012396015226840974,0.0017378617078065873,5,0,0
MC_ON,normal,logit,Mach_bands,ramp_minus_matched_uniform_x-03,overlapping_minus_exclusive_pair,5,0.002921767276711762,0.008085370063781738,0.008085370063781738,122.66666259765626,0.0007914350827534994,0.00043255388736724855,0.0072542309761047365,5,0,0
MC_ON,normal,probability,Mach_bands,ramp_minus_matched_uniform_x-03,overlapping_minus_exclusive_pair,5,0.000452912860782817,0.00133914053440094,0.00133914053440094,127.99998779296875,0.0001256462534268697,6.377212703227997e-05,0.0011807847768068314,5,0,0
MC_ON,normal,logit,Mach_bands,ramp_minus_matched_uniform_x-02,overlapping_minus_exclusive_pair,5,-7.940133364172652e-05,-0.0009506702423095703,0.0009506702423095703,147.99998779296874,-8.526277542114259e-05,1.3130903244018555e-05,-0.0007582098245620727,1,4,0
MC_ON,normal,probability,Mach_bands,ramp_minus_matched_uniform_x-02,overlapping_minus_exclusive_pair,5,-1.1432369319663849e-05,-0.0001583397388458252,0.0001583397388458252,147.99998779296874,-1.3804435729980468e-05,2.3208558559417725e-06,-0.00012472569942474366,1,4,0
MC_ON,normal,logit,Mach_bands,ramp_minus_matched_uniform_x-01,overlapping_minus_exclusive_pair,5,-4.4986406464886386e-05,-0.0004502773284912109,0.0004502773284912109,147.99998779296874,-4.214604695638022e-05,4.824995994567871e-06,-0.0003704756498336792,1,4,0
MC_ON,normal,probability,Mach_bands,ramp_minus_matched_uniform_x-01,overlapping_minus_exclusive_pair,5,-6.739894615748199e-06,-7.315278053283691e-05,7.315278053283691e-05,147.99998779296874,-6.723105907440186e-06,8.571892976760864e-07,-5.971938371658325e-05,1,4,0
MC_ON,normal,logit,Mach_bands,ramp_minus_matched_uniform_x+00,overlapping_minus_exclusive_pair,5,0.0,0.0,0.0,,0.0,0.0,0.0,0,0,5
MC_ON,normal,probability,Mach_bands,ramp_minus_matched_uniform_x+00,overlapping_minus_exclusive_pair,5,0.0,0.0,0.0,,0.0,0.0,0.0,0,0,5
MC_ON,normal,logit,Mach_bands,ramp_minus_matched_uniform_x+01,overlapping_minus_exclusive_pair,5,4.498163962125545e-05,0.0004502773284912109,0.0004502773284912109,147.99998779296874,4.214588801066081e-05,-4.824995994567871e-06,0.0003704816102981567,4,1,0
MC_ON,normal,probability,Mach_bands,ramp_minus_matched_uniform_x+01,overlapping_minus_exclusive_pair,5,6.735126316925744e-06,6.978511810302734e-05,6.978511810302734e-05,147.99998779296874,6.547331809997559e-06,-8.761882781982421e-07,5.738511681556702e-05,4,1,0
MC_ON,normal,logit,Mach_bands,ramp_minus_matched_uniform_x+02,overlapping_minus_exclusive_pair,5,7.93965649791062e-05,0.0009506702423095703,0.0009506702423095703,147.99998779296874,8.526245752970378e-05,-1.3121962547302246e-05,0.0007582128047943116,4,1,0
MC_ON,normal,probability,Mach_bands,ramp_minus_matched_uniform_x+02,overlapping_minus_exclusive_pair,5,1.1480053399282041e-05,0.00014482438564300537,0.00014482438564300537,149.33331909179688,1.3096710046132406e-05,-2.3987144231796264e-06,0.0001153256744146347,4,1,0
MC_ON,normal,logit,Mach_bands,ramp_minus_matched_uniform_x+03,overlapping_minus_exclusive_pair,5,-0.002921767276711762,-0.008085370063781738,0.008085370063781738,122.66666259765626,-0.0007914355595906575,-0.00043255388736724855,-0.007254242897033691,0,5,0
MC_ON,normal,probability,Mach_bands,ramp_minus_matched_uniform_x+03,overlapping_minus_exclusive_pair,5,-0.0004680196405388415,-0.0012112021446228026,0.0012112021446228026,118.66665649414062,-0.00012029457092285157,-7.151737809181213e-05,-0.0010770410299301147,0,5,0
MC_ON,normal,logit,Mach_bands,ramp_minus_matched_uniform_x+04,overlapping_minus_exclusive_pair,5,-0.004615273373201489,-0.012087130546569824,0.012087130546569824,117.3333251953125,-0.0011778200467427572,-0.0009738624095916748,-0.010557815432548523,0,5,0
MC_ON,normal,probability,Mach_bands,ramp_minus_matched_uniform_x+04,overlapping_minus_exclusive_pair,5,-0.000740393198793754,-0.0018444687128067016,0.0018444687128067016,111.99998779296875,-0.00018071168661117556,-0.00015579499304294587,-0.0015844367444515228,0,5,0
MC_ON,normal,logit,Mach_bands,ramp_minus_matched_uniform_x+05,overlapping_minus_exclusive_pair,5,-0.002921024919487536,-0.00808124542236328,0.00808124542236328,122.66666259765626,-0.0007909738222757975,-0.00043247342109680175,-0.00724998414516449,0,5,0
MC_ON,normal,probability,Mach_bands,ramp_minus_matched_uniform_x+05,overlapping_minus_exclusive_pair,5,-0.0004689310037065297,-0.0011951446533203125,0.0011951446533203125,114.66665649414062,-0.00011900649468104047,-7.267147302627563e-05,-0.0010558318346738816,0,5,0
MC_ON,normal,logit,Mach_bands,ramp_minus_matched_uniform_x+06,overlapping_minus_exclusive_pair,5,8.18125408841297e-05,0.0009675741195678711,0.0009675741195678711,147.99998779296874,8.703708648681642e-05,-1.3193488121032715e-05,0.0007733583450317382,4,1,0
MC_ON,normal,probability,Mach_bands,ramp_minus_matched_uniform_x+06,overlapping_minus_exclusive_pair,5,1.1882583385158796e-05,0.00014128237962722777,0.00014128237962722777,151.99998779296874,1.3022512197494508e-05,-2.4549663066864014e-06,0.00011297035962343216,4,1,0
MC_ON,normal,logit,Mach_bands,ramp_minus_matched_uniform_x+07,overlapping_minus_exclusive_pair,5,5.501111390913138e-05,0.0005277156829833985,0.0005277156829833985,147.99998779296874,4.995059967041015e-05,-5.260109901428223e-06,0.0004378348588943481,4,1,0
MC_ON,normal,probability,Mach_bands,ramp_minus_matched_uniform_x+07,overlapping_minus_exclusive_pair,5,8.290409937217191e-06,7.635056972503662e-05,7.635056972503662e-05,151.99998168945314,7.453868786493938e-06,-9.763985872268678e-07,6.37611374258995e-05,4,1,0
MC_ON,normal,logit,Mach_bands,ramp_minus_matched_uniform_x+08,overlapping_minus_exclusive_pair,5,2.7577081709750928e-05,0.00023276805877685546,0.00023276805877685546,147.99998779296874,2.2823333740234374e-05,-1.6987323760986328e-06,0.00019823908805847169,5,0,0
MC_ON,normal,probability,Mach_bands,ramp_minus_matched_uniform_x+08,overlapping_minus_exclusive_pair,5,4.230936428939458e-06,3.346502780914307e-05,3.346502780914307e-05,151.99998168945314,3.399252891540528e-06,-3.196299076080322e-07,2.8807297348976134e-05,5,0,0
MC_ON,normal,logit,Mach_bands,ramp_minus_matched_uniform_x+09,overlapping_minus_exclusive_pair,5,1.0054906215373195e-05,7.817745208740234e-05,7.817745208740234e-05,147.99998779296874,7.851759592692056e-06,-4.202127456665039e-07,6.776452064514161e-05,5,0,0
MC_ON,normal,probability,Mach_bands,ramp_minus_matched_uniform_x+09,overlapping_minus_exclusive_pair,5,1.5612443348800298e-06,1.1202692985534667e-05,1.1202692985534667e-05,150.666650390625,1.1683901151021322e-06,-7.711350917816162e-08,9.828433394432069e-06,5,0,0
MC_ON,normal,logit,Mach_bands,ramp_minus_matched_uniform_x+10,overlapping_minus_exclusive_pair,5,2.4406115016972763e-06,1.79290771484375e-05,1.79290771484375e-05,146.66665649414062,1.8308162689208985e-06,-7.599592208862304e-08,1.5732645988464355e-05,5,0,0
MC_ON,normal,probability,Mach_bands,ramp_minus_matched_uniform_x+10,overlapping_minus_exclusive_pair,5,3.818670904820465e-07,2.5659799575805662e-06,2.5659799575805662e-06,150.666650390625,2.721945444742839e-07,-1.2293457984924316e-08,2.278760075569153e-06,5,0,0
MC_ON,normal,logit,Mach_bands,ramp_minus_matched_uniform_x+11,overlapping_minus_exclusive_pair,5,3.051757801131316e-07,2.193450927734375e-06,2.193450927734375e-06,141.3333312988281,2.2570292154947916e-07,-1.4901161193847656e-08,1.8924474716186523e-06,5,0,0
MC_ON,normal,probability,Mach_bands,ramp_minus_matched_uniform_x+11,overlapping_minus_exclusive_pair,5,4.7882398490628475e-08,3.188848495483398e-07,3.188848495483398e-07,143.99998779296874,3.3318996429443356e-08,-2.9802322387695314e-09,2.7194619178771973e-07,5,0,0
MC_ON,normal,logit,Mach_bands,ramp_minus_matched_uniform_x+12,overlapping_minus_exclusive_pair,5,0.0,0.0,0.0,,0.0,0.0,0.0,0,0,5
MC_ON,normal,probability,Mach_bands,ramp_minus_matched_uniform_x+12,overlapping_minus_exclusive_pair,5,0.0,0.0,0.0,,0.0,0.0,0.0,0,0,5
MC_ON,normal,logit,SBC,bright_surround_minus_dark_surround,overlapping_minus_exclusive_pair,5,0.09629749208688736,0.28769172430038453,0.28769172430038453,123.99999389648437,0.028570830345153807,0.013299065828323364,0.26079716086387633,5,0,0
MC_ON,normal,probability,SBC,bright_surround_minus_dark_surround,overlapping_minus_exclusive_pair,5,0.015157608129084111,0.04511172920465469,0.04511172920465469,125.3333251953125,0.004455541849136353,0.002067185938358307,0.040768563747406006,5,0,0
MC_ON,normal,logit,SBC,control_bright_surround_minus_dark_surround,overlapping_minus_exclusive_pair,5,0.0,0.0,0.0,,0.0,0.0,0.0,0,0,5
MC_ON,normal,probability,SBC,control_bright_surround_minus_dark_surround,overlapping_minus_exclusive_pair,5,0.0,0.0,0.0,,0.0,0.0,0.0,0,0,5
MC_ON,normal,logit,Hermann,intersection_minus_corridor,overlapping_minus_exclusive_pair,5,0.048326865583658216,0.14669957160949706,0.14669957160949706,125.3333251953125,0.014580335458119712,0.006583288311958313,0.13314364552497865,5,0,0
MC_ON,normal,probability,Hermann,intersection_minus_corridor,overlapping_minus_exclusive_pair,5,0.008807616401463747,0.02535529136657715,0.02535529136657715,118.66665649414062,0.00248212734858195,0.0011802777647972108,0.022527245804667473,5,0,0
MC_ON,normal,logit,Hermann,control_intersection_minus_corridor,overlapping_minus_exclusive_pair,5,0.0,0.0,0.0,,0.0,0.0,0.0,0,0,5
MC_ON,normal,probability,Hermann,control_intersection_minus_corridor,overlapping_minus_exclusive_pair,5,0.0,0.0,0.0,,0.0,0.0,0.0,0,0,5
MC_ON,normal,logit,White,on_bright_bar_minus_on_dark_bar,overlapping_minus_exclusive_pair,5,-0.0487036257982254,-0.14736342430114746,0.14736342430114746,123.99999389648437,-0.014671984672546387,-0.00664185881614685,-0.13378536701202393,0,5,0
MC_ON,normal,probability,White,on_bright_bar_minus_on_dark_bar,overlapping_minus_exclusive_pair,5,-0.00765680568292737,-0.02306593656539917,0.02306593656539917,125.3333251953125,-0.00228520421187083,-0.0010319504886865615,-0.02087889574468136,0,5,0
MC_ON,normal,logit,White,control_on_bright_bar_minus_on_dark_bar,overlapping_minus_exclusive_pair,5,0.0,0.0,0.0,,0.0,0.0,0.0,0,0,5
MC_ON,normal,probability,White,control_on_bright_bar_minus_on_dark_bar,overlapping_minus_exclusive_pair,5,0.0,0.0,0.0,,0.0,0.0,0.0,0,0,5
MC_ON,normal,logit,White,remote_contour_rearrangement_A_minus_B,overlapping_minus_exclusive_pair,5,-0.04871444143354893,-0.1474156379699707,0.1474156379699707,123.99999389648437,-0.014678091684977215,-0.006642389297485352,-0.13383595943450927,0,5,0
MC_ON,normal,probability,White,remote_contour_rearrangement_A_minus_B,overlapping_minus_exclusive_pair,5,-0.0076585828326642515,-0.023074144124984743,0.023074144124984743,125.3333251953125,-0.002286155760288239,-0.0010320469737052917,-0.020886821672320366,0,5,0
MC_ON,normal,logit,White,remote_contour_rearrangement_control_A_minus_B,overlapping_minus_exclusive_pair,5,0.0,0.0,0.0,,0.0,0.0,0.0,0,0,5
MC_ON,normal,probability,White,remote_contour_rearrangement_control_A_minus_B,overlapping_minus_exclusive_pair,5,0.0,0.0,0.0,,0.0,0.0,0.0,0,0,5
MC_ON,normal,logit,Hermann,contour_rearrangement_A_minus_B,overlapping_minus_exclusive_pair,5,0.048326728865504265,0.14670419692993164,0.14670419692993164,125.3333251953125,0.014580796082814535,0.006583057343959808,0.13314807415008545,5,0,0
MC_ON,normal,probability,Hermann,contour_rearrangement_A_minus_B,overlapping_minus_exclusive_pair,5,0.008807740546762944,0.0253563791513443,0.0253563791513443,118.66665649414062,0.0024822327693303425,0.0011802420020103454,0.022528289631009103,5,0,0
MC_ON,normal,logit,Hermann,contour_rearrangement_control_A_minus_B,overlapping_minus_exclusive_pair,5,0.0,0.0,0.0,,0.0,0.0,0.0,0,0,5
MC_ON,normal,probability,Hermann,contour_rearrangement_control_A_minus_B,overlapping_minus_exclusive_pair,5,0.0,0.0,0.0,,0.0,0.0,0.0,0,0,5
MC_ON,normal,logit,White,remote_contour_rearrangement,new_diagnostic_minus_original,5,4.836718289880082e-05,0.00010704994201660156,0.00010704994201660156,78.666650390625,5.919138590494792e-06,8.869171142578126e-06,6.587505340576172e-05,5,0,0
MC_ON,normal,logit,White,remote_contour_rearrangement,old_diagnostic_minus_original,5,5.918185124755837e-05,0.00013546943664550782,0.00013546943664550782,93.3333251953125,1.2026151021321614e-05,9.399652481079101e-06,0.00011646747589111328,5,0,0
MC_ON,normal,probability,White,remote_contour_rearrangement,new_diagnostic_minus_original,5,7.49389328120742e-06,1.654326915740967e-05,1.654326915740967e-05,79.99998779296875,9.205738703409831e-07,1.3977289199829101e-06,1.0169297456741334e-05,5,0,0
MC_ON,normal,probability,White,remote_contour_rearrangement,old_diagnostic_minus_original,5,9.27090641198447e-06,2.11179256439209e-05,2.11179256439209e-05,93.3333251953125,1.871963342030843e-06,1.4942139387130738e-06,1.80952250957489e-05,5,0,0
MC_ON,normal,logit,Hermann,contour_rearrangement,new_diagnostic_minus_original,5,8.558432364225155e-06,-3.452301025390625e-05,3.452301025390625e-05,166.66666259765626,-1.4442602793375652e-06,2.357363700866699e-06,-7.963180541992187e-06,5,0,0
MC_ON,normal,logit,Hermann,contour_rearrangement,old_diagnostic_minus_original,5,8.69512568897335e-06,-4.0578842163085935e-05,4.0578842163085935e-05,163.99999389648437,-1.904884974161784e-06,2.5883316993713377e-06,-1.2391805648803711e-05,5,0,0
MC_ON,normal,probability,Hermann,contour_rearrangement,new_diagnostic_minus_original,5,1.1557340485524036e-06,-4.869699478149414e-06,4.869699478149414e-06,169.3333251953125,-2.2716323534647622e-07,3.8444995880126954e-07,-1.3129785656929016e-06,5,0,0
MC_ON,normal,probability,Hermann,contour_rearrangement,old_diagnostic_minus_original,5,1.0317563862827229e-06,-5.751848220825195e-06,5.751848220825195e-06,165.3333251953125,-3.325939178466797e-07,4.202127456665039e-07,-2.356991171836853e-06,5,0,0
MC_ON,H1_off,logit,Mach_bands,ramp_minus_matched_uniform_x-12,overlapping_minus_exclusive_pair,5,0.0,0.0,0.0,,0.0,0.0,0.0,0,0,5
MC_ON,H1_off,probability,Mach_bands,ramp_minus_matched_uniform_x-12,overlapping_minus_exclusive_pair,5,0.0,0.0,0.0,,0.0,0.0,0.0,0,0,5
MC_ON,H1_off,logit,Mach_bands,ramp_minus_matched_uniform_x-11,overlapping_minus_exclusive_pair,5,0.0,0.0,0.0,,0.0,0.0,0.0,0,0,5
MC_ON,H1_off,probability,Mach_bands,ramp_minus_matched_uniform_x-11,overlapping_minus_exclusive_pair,5,0.0,0.0,0.0,,0.0,0.0,0.0,0,0,5
MC_ON,H1_off,logit,Mach_bands,ramp_minus_matched_uniform_x-10,overlapping_minus_exclusive_pair,5,0.0,0.0,0.0,,0.0,0.0,0.0,0,0,5
MC_ON,H1_off,probability,Mach_bands,ramp_minus_matched_uniform_x-10,overlapping_minus_exclusive_pair,5,0.0,0.0,0.0,,0.0,0.0,0.0,0,0,5
MC_ON,H1_off,logit,Mach_bands,ramp_minus_matched_uniform_x-09,overlapping_minus_exclusive_pair,5,0.0,0.0,0.0,,0.0,0.0,0.0,0,0,5
MC_ON,H1_off,probability,Mach_bands,ramp_minus_matched_uniform_x-09,overlapping_minus_exclusive_pair,5,0.0,0.0,0.0,,0.0,0.0,0.0,0,0,5
MC_ON,H1_off,logit,Mach_bands,ramp_minus_matched_uniform_x-08,overlapping_minus_exclusive_pair,5,0.0,0.0,0.0,,0.0,0.0,0.0,0,0,5
MC_ON,H1_off,probability,Mach_bands,ramp_minus_matched_uniform_x-08,overlapping_minus_exclusive_pair,5,0.0,0.0,0.0,,0.0,0.0,0.0,0,0,5
MC_ON,H1_off,logit,Mach_bands,ramp_minus_matched_uniform_x-07,overlapping_minus_exclusive_pair,5,0.0,0.0,0.0,,0.0,0.0,0.0,0,0,5
MC_ON,H1_off,probability,Mach_bands,ramp_minus_matched_uniform_x-07,overlapping_minus_exclusive_pair,5,0.0,0.0,0.0,,0.0,0.0,0.0,0,0,5
MC_ON,H1_off,logit,Mach_bands,ramp_minus_matched_uniform_x-06,overlapping_minus_exclusive_pair,5,0.0,0.0,0.0,,0.0,0.0,0.0,0,0,5
MC_ON,H1_off,probability,Mach_bands,ramp_minus_matched_uniform_x-06,overlapping_minus_exclusive_pair,5,0.0,0.0,0.0,,0.0,0.0,0.0,0,0,5
MC_ON,H1_off,logit,Mach_bands,ramp_minus_matched_uniform_x-05,overlapping_minus_exclusive_pair,5,0.003007144993171096,0.009240126609802246,0.009240126609802246,125.3333251953125,0.0009163624445597332,0.00040440261363983154,0.008388647437095642,5,0,0
MC_ON,H1_off,probability,Mach_bands,ramp_minus_matched_uniform_x-05,overlapping_minus_exclusive_pair,5,0.0004563593916827813,0.0015841692686080933,0.0015841692686080933,127.99998779296875,0.00014749306440353394,5.709826946258545e-05,0.0013958655297756195,5,0,0
MC_ON,H1_off,logit,Mach_bands,ramp_minus_matched_uniform_x-04,overlapping_minus_exclusive_pair,5,0.0046616951702162625,0.0134812593460083,0.0134812593460083,117.3333251953125,0.0013326644102732341,0.0009219616651535035,0.012008501589298249,5,0,0
MC_ON,H1_off,probability,Mach_bands,ramp_minus_matched_uniform_x-04,overlapping_minus_exclusive_pair,5,0.0006905283487867564,0.0022524923086166384,0.0022524923086166384,125.33331909179688,0.0002119729518890381,0.0001142263412475586,0.0019856590777635576,5,0,0
MC_ON,H1_off,logit,Mach_bands,ramp_minus_matched_uniform_x-03,overlapping_minus_exclusive_pair,5,0.0030077536823228,0.009243512153625488,0.009243512153625488,125.3333251953125,0.0009166951179504395,0.0004045009613037109,0.008391574025154114,5,0,0
MC_ON,H1_off,probability,Mach_bands,ramp_minus_matched_uniform_x-03,overlapping_minus_exclusive_pair,5,0.00045914411020930856,0.0015438437461853028,0.0015438437461853028,127.99998779296875,0.00014604188998540245,5.8389082551002505e-05,0.0013712078332901,5,0,0
MC_ON,H1_off,logit,Mach_bands,ramp_minus_matched_uniform_x-02,overlapping_minus_exclusive_pair,5,4.768371830721208e-09,1.1920928955078125e-07,1.1920928955078125e-07,71.99998779296875,0.0,0.0,-8.940696716308593e-09,3,0,2
MC_ON,H1_off,probability,Mach_bands,ramp_minus_matched_uniform_x-02,overlapping_minus_exclusive_pair,5,7.947286384535346e-10,5.960464477539063e-09,2.384185791015625e-08,81.3333251953125,0.0,3.7252902984619143e-10,-1.4901161193847657e-09,1,0,4
MC_ON,H1_off,logit,Mach_bands,ramp_minus_matched_uniform_x-01,overlapping_minus_exclusive_pair,5,3.1789145538141384e-09,2.384185791015625e-08,7.152557373046875e-08,68.88888549804688,3.178914388020834e-10,-2.9802322387695314e-09,0.0,2,0,3
MC_ON,H1_off,probability,Mach_bands,ramp_minus_matched_uniform_x-01,overlapping_minus_exclusive_pair,5,1.9868215961338365e-10,-8.940696716308593e-09,1.4901161193847656e-08,75.55555216471355,1.986821492513021e-11,-7.450580596923829e-10,0.0,0,0,5
MC_ON,H1_off,logit,Mach_bands,ramp_minus_matched_uniform_x+00,overlapping_minus_exclusive_pair,5,0.0,0.0,0.0,,0.0,0.0,0.0,0,0,5
MC_ON,H1_off,probability,Mach_bands,ramp_minus_matched_uniform_x+00,overlapping_minus_exclusive_pair,5,0.0,0.0,0.0,,0.0,0.0,0.0,0,0,5
MC_ON,H1_off,logit,Mach_bands,ramp_minus_matched_uniform_x+01,overlapping_minus_exclusive_pair,5,-3.1789145538141384e-09,2.384185791015625e-08,7.152557373046875e-08,62.22221883138021,2.0679515313825693e-26,2.9802322387695314e-09,2.9802322387695314e-09,1,2,2
MC_ON,H1_off,probability,Mach_bands,ramp_minus_matched_uniform_x+01,overlapping_minus_exclusive_pair,5,0.0,1.4901161193847656e-08,1.4901161193847656e-08,75.55555216471355,7.947285970052084e-11,7.450580596923829e-10,1.1175870895385742e-09,0,0,5
MC_ON,H1_off,logit,Mach_bands,ramp_minus_matched_uniform_x+02,overlapping_minus_exclusive_pair,5,-9.536743661442416e-09,-1.1920928955078125e-07,1.1920928955078125e-07,55.99998779296875,-9.5367431640625e-10,-2.9802322387695314e-09,2.9802322387695314e-09,0,5,0
MC_ON,H1_off,probability,Mach_bands,ramp_minus_matched_uniform_x+02,overlapping_minus_exclusive_pair,5,-1.7881394143159923e-09,-2.0861625671386717e-08,3.2782554626464846e-08,71.99998779296875,-1.3907750447591147e-10,-3.7252902984619143e-10,1.1175870895385742e-09,0,4,1
MC_ON,H1_off,logit,Mach_bands,ramp_minus_matched_uniform_x+03,overlapping_minus_exclusive_pair,5,-0.0030077473027631642,-0.009243512153625488,0.009243512153625488,125.3333251953125,-0.0009166948000590006,-0.0004045009613037109,-0.008391577005386352,0,5,0
MC_ON,H1_off,probability,Mach_bands,ramp_minus_matched_uniform_x+03,overlapping_minus_exclusive_pair,5,-0.00048401456442661586,-0.0013808190822601318,0.0013808190822601318,118.66665649414062,-0.00013956292470296224,-6.677620112895965e-05,-0.0012476425617933273,0,5,0
MC_ON,H1_off,logit,Mach_bands,ramp_minus_matched_uniform_x+04,overlapping_minus_exclusive_pair,5,-0.004661687230691314,-0.013481235504150391,0.013481235504150391,117.3333251953125,-0.0013326632181803386,-0.0009219616651535035,-0.012008485198020936,0,5,0
MC_ON,H1_off,probability,Mach_bands,ramp_minus_matched_uniform_x+04,overlapping_minus_exclusive_pair,5,-0.0007516382145695388,-0.0020450741052627564,0.0020450741052627564,115.99998779296875,-0.00020440444350242615,-0.00014681518077850342,-0.0017988895997405052,0,5,0
MC_ON,H1_off,logit,Mach_bands,ramp_minus_matched_uniform_x+05,overlapping_minus_exclusive_pair,5,-0.0030071489745751023,-0.009240126609802246,0.009240126609802246,125.3333251953125,-0.000916363000869751,-0.0004044070839881897,-0.008388647437095642,0,5,0
MC_ON,H1_off,probability,Mach_bands,ramp_minus_matched_uniform_x+05,overlapping_minus_exclusive_pair,5,-0.000486691392143257,-0.001360565423965454,0.001360565423965454,117.33331909179688,-0.00013804665207862855,-6.807073950767517e-05,-0.001222400926053524,0,5,0
MC_ON,H1_off,logit,Mach_bands,ramp_minus_matched_uniform_x+06,overlapping_minus_exclusive_pair,5,0.0,0.0,0.0,,0.0,0.0,0.0,0,0,5
MC_ON,H1_off,probability,Mach_bands,ramp_minus_matched_uniform_x+06,overlapping_minus_exclusive_pair,5,0.0,0.0,0.0,,0.0,0.0,0.0,0,0,5
MC_ON,H1_off,logit,Mach_bands,ramp_minus_matched_uniform_x+07,overlapping_minus_exclusive_pair,5,0.0,0.0,0.0,,0.0,0.0,0.0,0,0,5
MC_ON,H1_off,probability,Mach_bands,ramp_minus_matched_uniform_x+07,overlapping_minus_exclusive_pair,5,0.0,0.0,0.0,,0.0,0.0,0.0,0,0,5
MC_ON,H1_off,logit,Mach_bands,ramp_minus_matched_uniform_x+08,overlapping_minus_exclusive_pair,5,0.0,0.0,0.0,,0.0,0.0,0.0,0,0,5
MC_ON,H1_off,probability,Mach_bands,ramp_minus_matched_uniform_x+08,overlapping_minus_exclusive_pair,5,0.0,0.0,0.0,,0.0,0.0,0.0,0,0,5
MC_ON,H1_off,logit,Mach_bands,ramp_minus_matched_uniform_x+09,overlapping_minus_exclusive_pair,5,0.0,0.0,0.0,,0.0,0.0,0.0,0,0,5
MC_ON,H1_off,probability,Mach_bands,ramp_minus_matched_uniform_x+09,overlapping_minus_exclusive_pair,5,0.0,0.0,0.0,,0.0,0.0,0.0,0,0,5
MC_ON,H1_off,logit,Mach_bands,ramp_minus_matched_uniform_x+10,overlapping_minus_exclusive_pair,5,0.0,0.0,0.0,,0.0,0.0,0.0,0,0,5
MC_ON,H1_off,probability,Mach_bands,ramp_minus_matched_uniform_x+10,overlapping_minus_exclusive_pair,5,0.0,0.0,0.0,,0.0,0.0,0.0,0,0,5
MC_ON,H1_off,logit,Mach_bands,ramp_minus_matched_uniform_x+11,overlapping_minus_exclusive_pair,5,0.0,0.0,0.0,,0.0,0.0,0.0,0,0,5
MC_ON,H1_off,probability,Mach_bands,ramp_minus_matched_uniform_x+11,overlapping_minus_exclusive_pair,5,0.0,0.0,0.0,,0.0,0.0,0.0,0,0,5
MC_ON,H1_off,logit,Mach_bands,ramp_minus_matched_uniform_x+12,overlapping_minus_exclusive_pair,5,0.0,0.0,0.0,,0.0,0.0,0.0,0,0,5
MC_ON,H1_off,probability,Mach_bands,ramp_minus_matched_uniform_x+12,overlapping_minus_exclusive_pair,5,0.0,0.0,0.0,,0.0,0.0,0.0,0,0,5
MC_ON,H1_off,logit,SBC,bright_surround_minus_dark_surround,overlapping_minus_exclusive_pair,5,0.09609008505940438,0.29464765787124636,0.29464765787124636,125.3333251953125,0.029255261421203615,0.012945050001144409,0.2675336360931396,5,0,0
MC_ON,H1_off,probability,SBC,bright_surround_minus_dark_surround,overlapping_minus_exclusive_pair,5,0.015087543334811927,0.046225345134735106,0.046225345134735106,125.3333251953125,0.004565377195676168,0.002002861350774765,0.041849689185619356,5,0,0
MC_ON,H1_off,logit,SBC,control_bright_surround_minus_dark_surround,overlapping_minus_exclusive_pair,5,0.0,0.0,0.0,,0.0,0.0,0.0,0,0,5
MC_ON,H1_off,probability,SBC,control_bright_surround_minus_dark_surround,overlapping_minus_exclusive_pair,5,0.0,0.0,0.0,,0.0,0.0,0.0,0,0,5
MC_ON,H1_off,logit,Hermann,intersection_minus_corridor,overlapping_minus_exclusive_pair,5,0.04800787828862667,0.1475346326828003,0.1475346326828003,125.3333251953125,0.014639892578125003,0.006466561555862426,0.13394338190555571,5,0,0
MC_ON,H1_off,probability,Hermann,intersection_minus_corridor,overlapping_minus_exclusive_pair,5,0.008777066320180892,0.025664490461349488,0.025664490461349488,118.66665649414062,0.002506527940432231,0.0011585582047700881,0.022831032425165175,5,0,0
MC_ON,H1_off,logit,Hermann,control_intersection_minus_corridor,overlapping_minus_exclusive_pair,5,0.0,0.0,0.0,,0.0,0.0,0.0,0,0,5
MC_ON,H1_off,probability,Hermann,control_intersection_minus_corridor,overlapping_minus_exclusive_pair,5,0.0,0.0,0.0,,0.0,0.0,0.0,0,0,5
MC_ON,H1_off,logit,White,on_bright_bar_minus_on_dark_bar,overlapping_minus_exclusive_pair,5,-0.04810200072824955,-0.14767050743103027,0.14767050743103027,125.3333251953125,-0.014654097239176433,-0.006474637985229492,-0.13406909108161927,0,5,0
MC_ON,H1_off,probability,White,on_bright_bar_minus_on_dark_bar,overlapping_minus_exclusive_pair,5,-0.0075439125765115024,-0.02311953008174896,0.02311953008174896,125.3333251953125,-0.002283630649248759,-0.001001502200961113,-0.02093248553574085,0,5,0
MC_ON,H1_off,logit,White,control_on_bright_bar_minus_on_dark_bar,overlapping_minus_exclusive_pair,5,0.0,0.0,0.0,,0.0,0.0,0.0,0,0,5
MC_ON,H1_off,probability,White,control_on_bright_bar_minus_on_dark_bar,overlapping_minus_exclusive_pair,5,0.0,0.0,0.0,,0.0,0.0,0.0,0,0,5
MC_ON,H1_off,logit,White,remote_contour_rearrangement_A_minus_B,overlapping_minus_exclusive_pair,5,-0.04810200072824955,-0.14767050743103027,0.14767050743103027,125.3333251953125,-0.014654097239176433,-0.006474637985229492,-0.13406909108161927,0,5,0
MC_ON,H1_off,probability,White,remote_contour_rearrangement_A_minus_B,overlapping_minus_exclusive_pair,5,-0.0075439125765115024,-0.02311953008174896,0.02311953008174896,125.3333251953125,-0.002283630649248759,-0.001001502200961113,-0.02093248553574085,0,5,0
MC_ON,H1_off,logit,White,remote_contour_rearrangement_control_A_minus_B,overlapping_minus_exclusive_pair,5,0.0,0.0,0.0,,0.0,0.0,0.0,0,0,5
MC_ON,H1_off,probability,White,remote_contour_rearrangement_control_A_minus_B,overlapping_minus_exclusive_pair,5,0.0,0.0,0.0,,0.0,0.0,0.0,0,0,5
MC_ON,H1_off,logit,Hermann,contour_rearrangement_A_minus_B,overlapping_minus_exclusive_pair,5,0.04800787828862667,0.1475346326828003,0.1475346326828003,125.3333251953125,0.014639892578125003,0.006466561555862426,0.13394338190555571,5,0,0
MC_ON,H1_off,probability,Hermann,contour_rearrangement_A_minus_B,overlapping_minus_exclusive_pair,5,0.008777066320180892,0.025664490461349488,0.025664490461349488,118.66665649414062,0.002506527940432231,0.0011585582047700881,0.022831032425165175,5,0,0
MC_ON,H1_off,logit,Hermann,contour_rearrangement_control_A_minus_B,overlapping_minus_exclusive_pair,5,0.0,0.0,0.0,,0.0,0.0,0.0,0,0,5
MC_ON,H1_off,probability,Hermann,contour_rearrangement_control_A_minus_B,overlapping_minus_exclusive_pair,5,0.0,0.0,0.0,,0.0,0.0,0.0,0,0,5
MC_ON,H1_off,logit,White,remote_contour_rearrangement,new_diagnostic_minus_original,5,0.0,0.0,0.0,,0.0,0.0,0.0,0,0,5
MC_ON,H1_off,logit,White,remote_contour_rearrangement,old_diagnostic_minus_original,5,0.0,0.0,0.0,,0.0,0.0,0.0,0,0,5
MC_ON,H1_off,probability,White,remote_contour_rearrangement,new_diagnostic_minus_original,5,0.0,0.0,0.0,,0.0,0.0,0.0,0,0,5
MC_ON,H1_off,probability,White,remote_contour_rearrangement,old_diagnostic_minus_original,5,0.0,0.0,0.0,,0.0,0.0,0.0,0,0,5
MC_ON,H1_off,logit,Hermann,contour_rearrangement,new_diagnostic_minus_original,5,0.0,0.0,0.0,,0.0,0.0,0.0,0,0,5
MC_ON,H1_off,logit,Hermann,contour_rearrangement,old_diagnostic_minus_original,5,0.0,0.0,0.0,,0.0,0.0,0.0,0,0,5
MC_ON,H1_off,probability,Hermann,contour_rearrangement,new_diagnostic_minus_original,5,0.0,0.0,0.0,,0.0,0.0,0.0,0,0,5
MC_ON,H1_off,probability,Hermann,contour_rearrangement,old_diagnostic_minus_original,5,0.0,0.0,0.0,,0.0,0.0,0.0,0,0,5
MC_ON,AC_off,logit,Mach_bands,ramp_minus_matched_uniform_x-12,overlapping_minus_exclusive_pair,5,0.0,0.0,0.0,,0.0,0.0,0.0,0,0,5
MC_ON,AC_off,probability,Mach_bands,ramp_minus_matched_uniform_x-12,overlapping_minus_exclusive_pair,5,0.0,0.0,0.0,,0.0,0.0,0.0,0,0,5
MC_ON,AC_off,logit,Mach_bands,ramp_minus_matched_uniform_x-11,overlapping_minus_exclusive_pair,5,0.0,0.0,0.0,,0.0,0.0,0.0,0,0,5
MC_ON,AC_off,probability,Mach_bands,ramp_minus_matched_uniform_x-11,overlapping_minus_exclusive_pair,5,0.0,0.0,0.0,,0.0,0.0,0.0,0,0,5
MC_ON,AC_off,logit,Mach_bands,ramp_minus_matched_uniform_x-10,overlapping_minus_exclusive_pair,5,-4.434585633816823e-07,-2.2172927856445314e-06,2.2172927856445314e-06,122.66665649414062,-2.1028518676757813e-07,-2.6822090148925782e-08,-1.8686056137084962e-06,0,5,0
MC_ON,AC_off,probability,Mach_bands,ramp_minus_matched_uniform_x-10,overlapping_minus_exclusive_pair,5,-2.5431314654156268e-08,-2.890825271606445e-07,2.890825271606445e-07,142.666650390625,-2.3225943247477213e-08,-3.7252902984619143e-10,-1.9259750843048097e-07,1,4,0
MC_ON,AC_off,logit,Mach_bands,ramp_minus_matched_uniform_x-09,overlapping_minus_exclusive_pair,5,-4.3884913225156195e-06,-2.1123886108398436e-05,2.1123886108398436e-05,134.666650390625,-2.078692118326823e-06,-2.8312206268310547e-07,-1.8602609634399415e-05,0,5,0
MC_ON,AC_off,probability,Mach_bands,ramp_minus_matched_uniform_x-09,overlapping_minus_exclusive_pair,5,-2.5341908269638227e-07,-2.866983413696289e-06,2.866983413696289e-06,143.99999389648437,-2.3010373115539554e-07,-5.774199962615967e-09,-1.946091651916504e-06,1,4,0
MC_ON,AC_off,logit,Mach_bands,ramp_minus_matched_uniform_x-08,overlapping_minus_exclusive_pair,5,-2.287864690515562e-05,-0.00011000633239746093,0.00011000633239746093,134.666650390625,-1.0837395985921224e-05,-1.4632940292358399e-06,-9.692013263702392e-05,0,5,0
MC_ON,AC_off,probability,Mach_bands,ramp_minus_matched_uniform_x-08,overlapping_minus_exclusive_pair,5,-1.329779604475334e-06,-1.4930963516235352e-05,1.4930963516235352e-05,143.99999389648437,-1.2020369370778404e-06,-3.203749656677246e-08,-1.0151974856853485e-05,1,4,0
MC_ON,AC_off,logit,Mach_bands,ramp_minus_matched_uniform_x-07,overlapping_minus_exclusive_pair,5,-8.239269209298072e-05,-0.00039565563201904297,0.00039565563201904297,134.666650390625,-3.8991133371988936e-05,-5.304813385009766e-06,-0.0003487616777420044,0,5,0
MC_ON,AC_off,probability,Mach_bands,ramp_minus_matched_uniform_x-07,overlapping_minus_exclusive_pair,5,-4.797975134351873e-06,-5.371272563934326e-05,5.371272563934326e-05,145.3333251953125,-4.324585199356079e-06,-1.169741153717041e-07,-3.65307554602623e-05,1,4,0
MC_ON,AC_off,logit,Mach_bands,ramp_minus_matched_uniform_x-06,overlapping_minus_exclusive_pair,5,-0.00022870381726534106,-0.0010969400405883788,0.0010969400405883788,134.666650390625,-0.00010812838872273764,-1.4781951904296875e-05,-0.000967174768447876,0,5,0
MC_ON,AC_off,probability,Mach_bands,ramp_minus_matched_uniform_x-06,overlapping_minus_exclusive_pair,5,-1.331577714154264e-05,-0.00014877021312713622,0.00014877021312713622,145.3333251953125,-1.1981258789698285e-05,-3.2689422369003296e-07,-0.0001011718064546585,1,4,0
MC_ON,AC_off,logit,Mach_bands,ramp_minus_matched_uniform_x-05,overlapping_minus_exclusive_pair,5,-0.0005193440214497968,-0.002489185333251953,0.002489185333251953,134.666650390625,-0.00024540742238362634,-3.363490104675293e-05,-0.0021951258182525634,0,5,0
MC_ON,AC_off,probability,Mach_bands,ramp_minus_matched_uniform_x-05,overlapping_minus_exclusive_pair,5,-3.0149817757774144e-05,-0.0003368109464645386,0.0003368109464645386,145.3333251953125,-2.7132342259089156e-05,-7.569789886474609e-07,-0.00022888686507940292,1,4,0
MC_ON,AC_off,logit,Mach_bands,ramp_minus_matched_uniform_x-04,overlapping_minus_exclusive_pair,5,0.005758986342698336,0.009336519241333007,0.009336519241333007,83.99999389648437,0.000816769282023112,0.0029915302991867067,0.005635282397270203,5,0,0
MC_ON,AC_off,probability,Mach_bands,ramp_minus_matched_uniform_x-04,overlapping_minus_exclusive_pair,5,0.0005832391907460988,0.0009224176406860352,0.0009224176406860352,83.99999389648437,8.363942305246989e-05,0.000318097323179245,0.0006473258137702942,5,0,0
MC_ON,AC_off,logit,Mach_bands,ramp_minus_matched_uniform_x-03,overlapping_minus_exclusive_pair,5,-0.0005208285569096915,-0.002494192123413086,0.002494192123413086,134.666650390625,-0.00024590555826822916,-3.37064266204834e-05,-0.002200809121131897,0,5,0
MC_ON,AC_off,probability,Mach_bands,ramp_minus_matched_uniform_x-03,overlapping_minus_exclusive_pair,5,-4.142055913689546e-05,-0.0003462284803390503,0.0003462284803390503,143.99999389648437,-2.9745846986770627e-05,-1.7078593373298645e-06,-0.00025563910603523257,1,4,0
MC_ON,AC_off,logit,Mach_bands,ramp_minus_matched_uniform_x-02,overlapping_minus_exclusive_pair,5,-0.0002295684811542742,-0.0010991334915161134,0.0010991334915161134,134.666650390625,-0.00010835917790730796,-1.4817714691162109e-05,-0.0009702831506729126,0,5,0
MC_ON,AC_off,probability,Mach_bands,ramp_minus_matched_uniform_x-02,overlapping_minus_exclusive_pair,5,-2.3521184812125284e-05,-0.0001574277877807617,0.0001574277877807617,141.3333251953125,-1.4317452907562257e-05,-1.189112663269043e-06,-0.0001250430941581726,1,4,0
MC_ON,AC_off,logit,Mach_bands,ramp_minus_matched_uniform_x-01,overlapping_minus_exclusive_pair,5,-7.868448865337996e-05,-0.0003767728805541992,0.0003767728805541992,134.666650390625,-3.7134170532226565e-05,-5.066394805908203e-06,-0.00033271610736846925,0,5,0
MC_ON,AC_off,probability,Mach_bands,ramp_minus_matched_uniform_x-01,overlapping_minus_exclusive_pair,5,-9.936094204476831e-06,-5.5962800979614256e-05,5.5962800979614256e-05,138.666650390625,-5.331655343373617e-06,-5.640089511871338e-07,-4.7179684042930606e-05,0,5,0
MC_ON,AC_off,logit,Mach_bands,ramp_minus_matched_uniform_x+00,overlapping_minus_exclusive_pair,5,0.0,0.0,0.0,,0.0,0.0,0.0,0,0,5
MC_ON,AC_off,probability,Mach_bands,ramp_minus_matched_uniform_x+00,overlapping_minus_exclusive_pair,5,0.0,0.0,0.0,,0.0,0.0,0.0,0,0,5
MC_ON,AC_off,logit,Mach_bands,ramp_minus_matched_uniform_x+01,overlapping_minus_exclusive_pair,5,7.868448865337996e-05,0.0003767728805541992,0.0003767728805541992,134.666650390625,3.7134170532226565e-05,5.066394805908203e-06,0.00033271610736846925,5,0,0
MC_ON,AC_off,probability,Mach_bands,ramp_minus_matched_uniform_x+01,overlapping_minus_exclusive_pair,5,1.3808409585180926e-05,6.180107593536376e-05,6.180107593536376e-05,129.3333251953125,6.204525629679362e-06,8.873641490936279e-07,5.596354603767395e-05,5,0,0
MC_ON,AC_off,logit,Mach_bands,ramp_minus_matched_uniform_x+02,overlapping_minus_exclusive_pair,5,0.00022956609464017675,0.0010991334915161134,0.0010991334915161134,134.666650390625,0.00010835917790730796,1.4823675155639648e-05,0.0009702876210212708,5,0,0
MC_ON,AC_off,probability,Mach_bands,ramp_minus_matched_uniform_x+02,overlapping_minus_exclusive_pair,5,4.595796308421995e-05,0.0001928001642227173,0.0001928001642227173,123.99998779296875,1.9385397434234623e-05,3.0737370252609254e-06,0.00017609670758247375,5,0,0
MC_ON,AC_off,logit,Mach_bands,ramp_minus_matched_uniform_x+03,overlapping_minus_exclusive_pair,5,0.0005208277652855031,0.002494192123413086,0.002494192123413086,134.666650390625,0.00024590531984965006,3.370195627212524e-05,0.0022008061408996583,5,0,0
MC_ON,AC_off,probability,Mach_bands,ramp_minus_matched_uniform_x+03,overlapping_minus_exclusive_pair,5,0.00011689980819937774,0.00046967267990112306,0.00046967267990112306,122.666650390625,4.6872178713480634e-05,8.047744631767274e-06,0.00042859911918640136,5,0,0
MC_ON,AC_off,logit,Mach_bands,ramp_minus_matched_uniform_x+04,overlapping_minus_exclusive_pair,5,-0.005758975399658084,-0.009336507320404053,0.009336507320404053,83.99999389648437,-0.000816768487294515,-0.0029915213584899903,-0.00563528835773468,0,5,0
MC_ON,AC_off,probability,Mach_bands,ramp_minus_matched_uniform_x+04,overlapping_minus_exclusive_pair,5,-0.0012153820018284023,-0.0020174503326416014,0.0020174503326416014,83.99999389648437,-0.00017293560504913328,-0.0006030544638633728,-0.0011414773762226105,0,5,0
MC_ON,AC_off,logit,Mach_bands,ramp_minus_matched_uniform_x+05,overlapping_minus_exclusive_pair,5,0.0005193487901124172,0.002489185333251953,0.002489185333251953,134.666650390625,0.0002454080581665039,3.364235162734985e-05,0.0021951287984848023,5,0,0
MC_ON,AC_off,probability,Mach_bands,ramp_minus_matched_uniform_x+05,overlapping_minus_exclusive_pair,5,0.00012842416617786512,0.0005012333393096923,0.0005012333393096923,115.99998779296875,4.9469093481699625e-05,9.038671851158143e-06,0.0004548337310552597,5,0,0
MC_ON,AC_off,logit,Mach_bands,ramp_minus_matched_uniform_x+06,overlapping_minus_exclusive_pair,5,0.0002286990486027207,0.0010969400405883788,0.0010969400405883788,134.666650390625,0.00010812791188557942,1.4786422252655029e-05,0.000967174768447876,5,0,0
MC_ON,AC_off,probability,Mach_bands,ramp_minus_matched_uniform_x+06,overlapping_minus_exclusive_pair,5,5.650381208397448e-05,0.0002204805612564087,0.0002204805612564087,115.99998779296875,2.1767417589823408e-05,3.976374864578247e-06,0.0002000529319047928,5,0,0
MC_ON,AC_off,logit,Mach_bands,ramp_minus_matched_uniform_x+07,overlapping_minus_exclusive_pair,5,8.240063853008906e-05,0.00039566755294799804,0.00039566755294799804,134.666650390625,3.899240493774414e-05,5.310773849487304e-06,0.0003487706184387207,5,0,0
MC_ON,AC_off,probability,Mach_bands,ramp_minus_matched_uniform_x+07,overlapping_minus_exclusive_pair,5,2.0354589287308046e-05,7.94529914855957e-05,7.94529914855957e-05,115.99998779296875,7.844587167104087e-06,1.4320015907287597e-06,7.208287715911865e-05,5,0,0
MC_ON,AC_off,logit,Mach_bands,ramp_minus_matched_uniform_x+08,overlapping_minus_exclusive_pair,5,2.287944198542391e-05,0.00011000633239746093,0.00011000633239746093,134.666650390625,1.0837952295939128e-05,1.4707446098327637e-06,9.692907333374024e-05,5,0,0
MC_ON,AC_off,probability,Mach_bands,ramp_minus_matched_uniform_x+08,overlapping_minus_exclusive_pair,5,5.655884797306498e-06,2.2086501121520997e-05,2.2086501121520997e-05,115.99998779296875,2.1806955337524413e-06,3.993511199951172e-07,2.0029768347740173e-05,5,0,0
MC_ON,AC_off,logit,Mach_bands,ramp_minus_matched_uniform_x+09,overlapping_minus_exclusive_pair,5,4.394849179334415e-06,2.1123886108398436e-05,2.1123886108398436e-05,134.666650390625,2.0801226298014325e-06,2.86102294921875e-07,1.8617510795593263e-05,5,0,0
MC_ON,AC_off,probability,Mach_bands,ramp_minus_matched_uniform_x+09,overlapping_minus_exclusive_pair,5,1.0865926583392138e-06,4.237890243530273e-06,4.237890243530273e-06,115.99998779296875,4.186828931172689e-07,7.7858567237854e-08,3.847479820251465e-06,5,0,0
MC_ON,AC_off,logit,Mach_bands,ramp_minus_matched_uniform_x+10,overlapping_minus_exclusive_pair,5,4.4027963923554126e-07,2.181529998779297e-06,2.181529998779297e-06,125.3333251953125,2.0988782246907554e-07,3.129243850708008e-08,1.8671154975891113e-06,5,0,0
MC_ON,AC_off,probability,Mach_bands,ramp_minus_matched_uniform_x+10,overlapping_minus_exclusive_pair,5,1.0887781769497451e-07,4.3809413909912107e-07,4.3809413909912107e-07,119.99998779296875,4.220008850097656e-08,8.940696716308593e-09,3.859400749206543e-07,5,0,0
MC_ON,AC_off,logit,Mach_bands,ramp_minus_matched_uniform_x+11,overlapping_minus_exclusive_pair,5,0.0,0.0,0.0,,0.0,0.0,0.0,0,0,5
MC_ON,AC_off,probability,Mach_bands,ramp_minus_matched_uniform_x+11,overlapping_minus_exclusive_pair,5,0.0,0.0,0.0,,0.0,0.0,0.0,0,0,5
MC_ON,AC_off,logit,Mach_bands,ramp_minus_matched_uniform_x+12,overlapping_minus_exclusive_pair,5,0.0,0.0,0.0,,0.0,0.0,0.0,0,0,5
MC_ON,AC_off,probability,Mach_bands,ramp_minus_matched_uniform_x+12,overlapping_minus_exclusive_pair,5,0.0,0.0,0.0,,0.0,0.0,0.0,0,0,5
MC_ON,AC_off,logit,SBC,bright_surround_minus_dark_surround,overlapping_minus_exclusive_pair,5,-0.007150608650408685,-0.034118938446044925,0.034118938446044925,134.666650390625,-0.0033651866912841797,-0.00046269893646240235,-0.030165284872055054,0,5,0
MC_ON,AC_off,probability,SBC,bright_surround_minus_dark_surround,overlapping_minus_exclusive_pair,5,-0.0010782126686535777,-0.005288955569267273,0.005288955569267273,134.666650390625,-0.0005225937763849895,-6.629601120948792e-05,-0.004674721881747246,0,5,0
MC_ON,AC_off,logit,SBC,control_bright_surround_minus_dark_surround,overlapping_minus_exclusive_pair,5,0.0,0.0,0.0,,0.0,0.0,0.0,0,0,5
MC_ON,AC_off,probability,SBC,control_bright_surround_minus_dark_surround,overlapping_minus_exclusive_pair,5,0.0,0.0,0.0,,0.0,0.0,0.0,0,0,5
MC_ON,AC_off,logit,Hermann,intersection_minus_corridor,overlapping_minus_exclusive_pair,5,-0.002417751937173307,-0.011564981937408448,0.011564981937408448,134.666650390625,-0.0011409134070078533,-0.00015713572502136232,-0.010202570259571076,0,5,0
MC_ON,AC_off,probability,Hermann,intersection_minus_corridor,overlapping_minus_exclusive_pair,5,-0.0006122954655438662,-0.0024147629737854004,0.0024147629737854004,115.99998779296875,-0.00023686408996582034,-4.230104386806488e-05,-0.0021968960762023928,0,5,0
MC_ON,AC_off,logit,Hermann,control_intersection_minus_corridor,overlapping_minus_exclusive_pair,5,0.0,0.0,0.0,,0.0,0.0,0.0,0,0,5
MC_ON,AC_off,probability,Hermann,control_intersection_minus_corridor,overlapping_minus_exclusive_pair,5,0.0,0.0,0.0,,0.0,0.0,0.0,0,0,5
MC_ON,AC_off,logit,White,on_bright_bar_minus_on_dark_bar,overlapping_minus_exclusive_pair,5,0.0035682010231539605,0.017021751403808592,0.017021751403808592,134.666650390625,0.001678876558939616,0.00023108720779418945,0.01505071520805359,5,0,0
MC_ON,AC_off,probability,White,on_bright_bar_minus_on_dark_bar,overlapping_minus_exclusive_pair,5,0.0005380529168178327,0.0026385754346847532,0.0026385754346847532,134.666650390625,0.0002607166369756063,3.311857581138611e-05,0.0023323588073253633,5,0,0
MC_ON,AC_off,logit,White,control_on_bright_bar_minus_on_dark_bar,overlapping_minus_exclusive_pair,5,0.0,0.0,0.0,,0.0,0.0,0.0,0,0,5
MC_ON,AC_off,probability,White,control_on_bright_bar_minus_on_dark_bar,overlapping_minus_exclusive_pair,5,0.0,0.0,0.0,,0.0,0.0,0.0,0,0,5
MC_ON,AC_off,logit,White,remote_contour_rearrangement_A_minus_B,overlapping_minus_exclusive_pair,5,0.003582563379313797,0.01708955764770508,0.01708955764770508,134.666650390625,0.001685584386189779,0.00023204684257507324,0.01511080265045166,5,0,0
MC_ON,AC_off,probability,White,remote_contour_rearrangement_A_minus_B,overlapping_minus_exclusive_pair,5,0.0005402203489211388,0.0026490896940231322,0.0026490896940231322,134.666650390625,0.00026175892353057863,3.3256039023399354e-05,0.0023416738957166673,5,0,0
MC_ON,AC_off,logit,White,remote_contour_rearrangement_control_A_minus_B,overlapping_minus_exclusive_pair,5,0.0,0.0,0.0,,0.0,0.0,0.0,0,0,5
MC_ON,AC_off,probability,White,remote_contour_rearrangement_control_A_minus_B,overlapping_minus_exclusive_pair,5,0.0,0.0,0.0,,0.0,0.0,0.0,0,0,5
MC_ON,AC_off,logit,Hermann,contour_rearrangement_A_minus_B,overlapping_minus_exclusive_pair,5,-0.002413500112015754,-0.011544895172119141,0.011544895172119141,134.666650390625,-0.001138923168182373,-0.00015685856342315674,-0.01018477976322174,0,5,0
MC_ON,AC_off,probability,Hermann,contour_rearrangement_A_minus_B,overlapping_minus_exclusive_pair,5,-0.0006112480186857283,-0.002410733699798584,0.002410733699798584,115.99998779296875,-0.00023646420240402223,-4.222355782985687e-05,-0.002193225547671318,0,5,0
MC_ON,AC_off,logit,Hermann,contour_rearrangement_control_A_minus_B,overlapping_minus_exclusive_pair,5,0.0,0.0,0.0,,0.0,0.0,0.0,0,0,5
MC_ON,AC_off,probability,Hermann,contour_rearrangement_control_A_minus_B,overlapping_minus_exclusive_pair,5,0.0,0.0,0.0,,0.0,0.0,0.0,0,0,5
MC_ON,AC_off,logit,White,remote_contour_rearrangement,new_diagnostic_minus_original,5,8.43811038066633e-05,0.0002484321594238281,0.0002484321594238281,129.33331909179688,2.5285085042317707e-05,1.0633468627929688e-05,0.00023295879364013672,5,0,0
MC_ON,AC_off,logit,White,remote_contour_rearrangement,old_diagnostic_minus_original,5,7.001876801950857e-05,0.00018491744995117188,0.00018491744995117188,127.99998779296875,1.8577257792154948e-05,9.673833847045899e-06,0.00017287135124206544,5,0,0
MC_ON,AC_off,probability,White,remote_contour_rearrangement,new_diagnostic_minus_original,5,1.3141433373675682e-05,3.866255283355713e-05,3.866255283355713e-05,129.33331909179688,3.9364298184712735e-06,1.673772931098938e-06,3.623515367507934e-05,5,0,0
MC_ON,AC_off,probability,White,remote_contour_rearrangement,old_diagnostic_minus_original,5,1.0974009819619824e-05,2.880394458770752e-05,2.880394458770752e-05,127.99998779296875,2.894143263498942e-06,1.5363097190856933e-06,2.692006528377533e-05,5,0,0
MC_ON,AC_off,logit,Hermann,contour_rearrangement,new_diagnostic_minus_original,5,2.516428612580057e-05,7.406473159790039e-05,7.406473159790039e-05,129.33331909179688,7.539828618367513e-06,3.17990779876709e-06,6.940215826034546e-05,5,0,0
MC_ON,AC_off,logit,Hermann,contour_rearrangement,old_diagnostic_minus_original,5,2.0912488434987608e-05,5.526542663574219e-05,5.526542663574219e-05,126.66665649414062,5.54958979288737e-06,2.9027462005615236e-06,5.161166191101074e-05,5,0,0
MC_ON,AC_off,probability,Hermann,contour_rearrangement,new_diagnostic_minus_original,5,4.888375542577705e-06,1.3902783393859863e-05,1.3902783393859863e-05,114.666650390625,1.363674799601237e-06,6.143003702163697e-07,1.2504681944847106e-05,5,0,0
MC_ON,AC_off,probability,Hermann,contour_rearrangement,old_diagnostic_minus_original,5,3.840923272946384e-06,9.909272193908691e-06,9.909272193908691e-06,113.33331909179688,9.637872378031414e-07,5.368143320083618e-07,8.834153413772583e-06,5,0,0
PC_ON,normal,logit,Mach_bands,ramp_minus_matched_uniform_x-12,overlapping_minus_exclusive_pair,9,0.0,0.0,0.0,,0.0,0.0,0.0,0,0,9
PC_ON,normal,probability,Mach_bands,ramp_minus_matched_uniform_x-12,overlapping_minus_exclusive_pair,9,0.0,0.0,0.0,,0.0,0.0,0.0,0,0,9
PC_ON,normal,logit,Mach_bands,ramp_minus_matched_uniform_x-11,overlapping_minus_exclusive_pair,9,-9.713349630797236e-09,-4.5034620496961804e-07,4.76837158203125e-07,138.51851060655383,-4.344516330295139e-08,1.1589792039659288e-08,-3.013345930311415e-07,4,4,1
PC_ON,normal,probability,Mach_bands,ramp_minus_matched_uniform_x-11,overlapping_minus_exclusive_pair,9,-1.269358174127433e-09,-7.616149054633246e-08,7.616149054633246e-08,136.2962849934896,-6.08188134652597e-09,1.862645149230957e-09,-4.242691728803847e-08,3,3,3
PC_ON,normal,logit,Mach_bands,ramp_minus_matched_uniform_x-10,overlapping_minus_exclusive_pair,9,-9.625046873098755e-08,-4.3710072835286456e-06,4.3710072835286456e-06,149.62962171766492,-4.4416498254846643e-07,1.6060140397813586e-07,-3.0712948905097114e-06,2,7,0
PC_ON,normal,probability,Mach_bands,ramp_minus_matched_uniform_x-10,overlapping_minus_exclusive_pair,9,-1.1369033615772473e-08,-6.109476089477539e-07,6.109476089477539e-07,148.88887871636285,-5.985851641054508e-08,2.3696985509660507e-08,-4.21682165728675e-07,2,7,0
PC_ON,normal,logit,Mach_bands,ramp_minus_matched_uniform_x-09,overlapping_minus_exclusive_pair,9,5.227548361593412e-07,-2.1696090698242188e-05,2.1696090698242188e-05,145.92591688368054,-1.9735760158962675e-06,1.1622905731201172e-06,-1.3934241400824652e-05,2,7,0
PC_ON,normal,probability,Mach_bands,ramp_minus_matched_uniform_x-09,overlapping_minus_exclusive_pair,9,7.682377242998781e-08,-3.004239665137397e-06,3.004239665137397e-06,145.1851772732205,-2.6596365151581944e-07,1.7912437518437704e-07,-1.933322184615665e-06,2,7,0
PC_ON,normal,logit,Mach_bands,ramp_minus_matched_uniform_x-08,overlapping_minus_exclusive_pair,9,6.198000290977588e-06,-7.337994045681423e-05,7.337994045681423e-05,148.88888210720486,-5.4292325620298035e-06,5.467070473564996e-06,-3.960728645324707e-05,3,6,0
PC_ON,normal,probability,Mach_bands,ramp_minus_matched_uniform_x-08,overlapping_minus_exclusive_pair,9,8.597417430817384e-07,-4.283256000942654e-06,1.0505318641662598e-05,136.2962883843316,-7.267517072183114e-07,8.666473958227369e-07,-5.588970250553555e-06,3,6,0
PC_ON,normal,logit,Mach_bands,ramp_minus_matched_uniform_x-07,overlapping_minus_exclusive_pair,9,2.9905636829931205e-05,-2.7484363979763453e-05,0.00020269552866617838,117.77777099609375,-9.90117037737811e-06,1.8775463104248047e-05,-7.732046975029839e-05,3,6,0
PC_ON,normal,probability,Mach_bands,ramp_minus_matched_uniform_x-07,overlapping_minus_exclusive_pair,9,4.094231996987219e-06,-3.565516736772325e-06,2.960943513446384e-05,118.51851060655382,-1.3051154436888519e-06,3.0181060234705606e-06,-1.127862681945165e-05,3,6,0
PC_ON,normal,logit,Mach_bands,ramp_minus_matched_uniform_x-06,overlapping_minus_exclusive_pair,9,9.679264306012353e-05,8.728769090440539e-06,0.00048286385006374784,119.25925021701389,-1.085042953491211e-05,5.095534854465061e-05,-0.00010224514537387424,4,5,0
PC_ON,normal,probability,Mach_bands,ramp_minus_matched_uniform_x-06,overlapping_minus_exclusive_pair,9,1.3192439502694873e-05,2.4090210596720376e-06,7.026890913645427e-05,119.25925021701389,-1.3609892792171904e-06,8.268902699152628e-06,-1.610919005341e-05,4,5,0
PC_ON,normal,logit,Mach_bands,ramp_minus_matched_uniform_x-05,overlapping_minus_exclusive_pair,9,0.0012052368288601025,0.0031372573640611437,0.0037756628460354274,114.07406277126736,0.00027390365247373225,0.00040844745106167265,0.0022591882281833226,8,1,0
PC_ON,normal,probability,Mach_bands,ramp_minus_matched_uniform_x-05,overlapping_minus_exclusive_pair,9,0.00017406863187514117,0.00046391040086746216,0.0005369592044088575,117.03702460394965,3.900584799272043e-05,6.704663650857078e-05,0.00031276823331912357,8,1,0
PC_ON,normal,logit,Mach_bands,ramp_minus_matched_uniform_x-04,overlapping_minus_exclusive_pair,9,0.0036036005476489663,0.009933736589219835,0.012115478515625,116.2962883843316,0.0009157947257713037,0.0011488629711998834,0.007931623193952773,8,1,0
PC_ON,normal,probability,Mach_bands,ramp_minus_matched_uniform_x-04,overlapping_minus_exclusive_pair,9,0.0005279075250857406,0.001427701777882046,0.0016851077477137248,117.77776760525174,0.00012845958824510926,0.00019481229699320265,0.0010840312267343204,8,1,0
PC_ON,normal,logit,Mach_bands,ramp_minus_matched_uniform_x-03,overlapping_minus_exclusive_pair,9,0.0012058152028152512,0.0031386084026760524,0.0037772258122762046,114.07406277126736,0.00027405182520548504,0.0004085517591900296,0.00226020978556739,8,1,0
PC_ON,normal,probability,Mach_bands,ramp_minus_matched_uniform_x-03,overlapping_minus_exclusive_pair,9,0.0001742064418471677,0.0004575136635038588,0.0005311386452780829,117.03702460394965,3.8890943483070095e-05,6.61958215965165e-05,0.0003123085738884078,8,1,0
PC_ON,normal,logit,Mach_bands,ramp_minus_matched_uniform_x-02,overlapping_minus_exclusive_pair,9,9.702929449101955e-05,1.0927518208821615e-05,0.0004800822999742296,119.25925021701389,-1.0402025999846283e-05,5.083282788594564e-05,-9.91837845908271e-05,4,5,0
PC_ON,normal,probability,Mach_bands,ramp_minus_matched_uniform_x-02,overlapping_minus_exclusive_pair,9,1.2175573996526307e-05,1.107652982076009e-06,6.757014327579075e-05,119.25925021701389,-1.4380834720752856e-06,7.478106353018019e-06,-1.5946001642280156e-05,4,5,0
PC_ON,normal,logit,Mach_bands,ramp_minus_matched_uniform_x-01,overlapping_minus_exclusive_pair,9,2.9447343378150334e-05,-1.860989464653863e-05,0.00018465518951416016,117.77777099609375,-7.926887936062283e-06,1.763635211520725e-05,-6.341106361813015e-05,3,6,0
PC_ON,normal,probability,Mach_bands,ramp_minus_matched_uniform_x-01,overlapping_minus_exclusive_pair,9,3.468714264758748e-06,-3.0406647258334688e-06,2.5667250156402588e-05,117.77777099609375,-1.105312947873716e-06,2.4487574895222983e-06,-9.444128308031293e-06,3,6,0
PC_ON,normal,logit,Mach_bands,ramp_minus_matched_uniform_x+00,overlapping_minus_exclusive_pair,9,0.0,0.0,0.0,,0.0,0.0,0.0,0,0,9
PC_ON,normal,probability,Mach_bands,ramp_minus_matched_uniform_x+00,overlapping_minus_exclusive_pair,9,0.0,0.0,0.0,,0.0,0.0,0.0,0,0,9
PC_ON,normal,logit,Mach_bands,ramp_minus_matched_uniform_x+01,overlapping_minus_exclusive_pair,9,-2.9449992736216598e-05,1.860989464653863e-05,0.00018465518951416016,117.77777099609375,7.926269813820168e-06,-1.7638007799784344e-05,6.340609656439887e-05,6,3,0
PC_ON,normal,probability,Mach_bands,ramp_minus_matched_uniform_x+01,overlapping_minus_exclusive_pair,9,-3.1046845213230276e-06,2.0628174146016438e-05,2.5015738275316027e-05,129.62962510850696,1.149188589166712e-06,-2.1875732474856905e-06,9.507768683963352e-06,6,3,0
PC_ON,normal,logit,Mach_bands,ramp_minus_matched_uniform_x+02,overlapping_minus_exclusive_pair,9,-9.702487859107755e-05,-1.0927518208821615e-05,0.0004800822999742296,119.25925021701389,1.0402555818910952e-05,-5.083282788594564e-05,9.918709595998128e-05,5,4,0
PC_ON,normal,probability,Mach_bands,ramp_minus_matched_uniform_x+02,overlapping_minus_exclusive_pair,9,-1.0139964362881276e-05,4.996690485212538e-05,6.384154160817464e-05,125.92591688368056,1.709422579518071e-06,-5.940492782327864e-06,1.6450674997435675e-05,5,4,0
PC_ON,normal,logit,Mach_bands,ramp_minus_matched_uniform_x+03,overlapping_minus_exclusive_pair,9,-0.0012058125608341976,-0.0031386216481526694,0.003777239057752821,114.07406277126736,-0.0002740515602959527,-0.0004085484478208754,-0.0022602048185136584,1,8,0
PC_ON,normal,probability,Mach_bands,ramp_minus_matched_uniform_x+03,overlapping_minus_exclusive_pair,9,-0.00017663853011779592,-0.0004327942927678426,0.0005120287338892618,110.37035793728299,-3.847799367374844e-05,-6.140489131212234e-05,-0.0003120238996214337,1,8,0
PC_ON,normal,logit,Mach_bands,ramp_minus_matched_uniform_x+04,overlapping_minus_exclusive_pair,9,-0.003603601388426291,-0.009933736589219835,0.012115505006578233,116.2962883843316,-0.0009157949023776585,-0.0011488629711998834,-0.007931618226899041,1,8,0
PC_ON,normal,probability,Mach_bands,ramp_minus_matched_uniform_x+04,overlapping_minus_exclusive_pair,9,-0.0005514237062824476,-0.0013899745212660895,0.001651559438970354,108.88887532552083,-0.00012996880544556512,-0.00018242839723825455,-0.0011065257713198662,1,8,0
PC_ON,normal,logit,Mach_bands,ramp_minus_matched_uniform_x+05,overlapping_minus_exclusive_pair,9,-0.00120523241477915,-0.0031372706095377603,0.0037756760915120444,114.07406277126736,-0.0002739035641705548,-0.0004084457953770955,-0.0022591898838678994,1,8,0
PC_ON,normal,probability,Mach_bands,ramp_minus_matched_uniform_x+05,overlapping_minus_exclusive_pair,9,-0.00017698407545039017,-0.00043027765221065946,0.0005105485518773397,109.6296149359809,-3.837667681552746e-05,-6.062320123116175e-05,-0.00031154747638437484,1,8,0
PC_ON,normal,logit,Mach_bands,ramp_minus_matched_uniform_x+06,overlapping_minus_exclusive_pair,9,-9.679529208976116e-05,-8.728769090440539e-06,0.00048286385006374784,119.25925021701389,1.0849899715847439e-05,-5.0961971282958984e-05,0.00010225342379675971,5,4,0
PC_ON,normal,probability,Mach_bands,ramp_minus_matched_uniform_x+06,overlapping_minus_exclusive_pair,9,-9.162999990369119e-06,5.104144414265951e-05,6.525384055243598e-05,125.92591688368056,1.8983030760729753e-06,-5.2170621024237735e-06,1.7113880150847966e-05,5,4,0
PC_ON,normal,logit,Mach_bands,ramp_minus_matched_uniform_x+07,overlapping_minus_exclusive_pair,9,-2.990475440532868e-05,2.7497609456380207e-05,0.00020270877414279513,117.77777099609375,9.901700196442782e-06,-1.8782085842556422e-05,7.733371522691514e-05,6,3,0
PC_ON,normal,probability,Mach_bands,ramp_minus_matched_uniform_x+07,overlapping_minus_exclusive_pair,9,-2.5509684004671526e-06,2.3244983620113795e-05,2.7960373295678033e-05,130.370364718967,1.4856457710266114e-06,-1.9227671954366897e-06,1.1526358624299368e-05,6,3,0
PC_ON,normal,logit,Mach_bands,ramp_minus_matched_uniform_x+08,overlapping_minus_exclusive_pair,9,-6.196234241744807e-06,7.335344950358073e-05,7.335344950358073e-05,148.14814249674478,5.4286144397876885e-06,-5.46872615814209e-06,3.959735234578451e-05,6,3,0
PC_ON,normal,probability,Mach_bands,ramp_minus_matched_uniform_x+08,overlapping_minus_exclusive_pair,9,-3.8152490194281404e-07,9.939902358584934e-06,9.939902358584934e-06,139.2592536078559,7.721009077849212e-07,-5.592074659135607e-07,5.606251458326976e-06,6,3,0
PC_ON,normal,logit,Mach_bands,ramp_minus_matched_uniform_x+09,overlapping_minus_exclusive_pair,9,-5.156905887007371e-07,2.1682845221625434e-05,2.1682845221625434e-05,146.66665649414062,1.9738409254286027e-06,-1.1639462576972114e-06,1.3929274347093371e-05,7,2,0
PC_ON,normal,probability,Mach_bands,ramp_minus_matched_uniform_x+09,overlapping_minus_exclusive_pair,9,3.4659009094816106e-08,2.849433157179091e-06,2.849433157179091e-06,145.18517388237848,2.7351909213595924e-07,-1.1796752611796062e-07,1.9192488657103645e-06,7,2,0
PC_ON,normal,logit,Mach_bands,ramp_minus_matched_uniform_x+10,overlapping_minus_exclusive_pair,9,8.830317928717098e-08,4.3577618069118925e-06,4.3577618069118925e-06,148.88888210720486,4.4284043488679114e-07,-1.6722414228651258e-07,3.0646721522013345e-06,7,2,0
PC_ON,normal,probability,Mach_bands,ramp_minus_matched_uniform_x+10,overlapping_minus_exclusive_pair,9,2.7705121456259956e-08,5.736947059631348e-07,5.736947059631348e-07,151.85184393988715,6.049871444702148e-08,-1.6970766915215386e-08,4.191986388630337e-07,7,2,0
PC_ON,normal,logit,Mach_bands,ramp_minus_matched_uniform_x+11,overlapping_minus_exclusive_pair,9,1.5011539270896417e-08,3.973642985026042e-07,4.76837158203125e-07,122.96295505099826,4.379837601273148e-08,-9.934107462565104e-09,3.0299027760823566e-07,4,2,3
PC_ON,normal,probability,Mach_bands,ramp_minus_matched_uniform_x+11,overlapping_minus_exclusive_pair,9,3.808074510046487e-09,7.367796368069119e-08,7.367796368069119e-08,141.48147243923611,6.098438192296911e-09,-8.27842288547092e-10,4.035731156667074e-08,6,2,1
PC_ON,normal,logit,Mach_bands,ramp_minus_matched_uniform_x+12,overlapping_minus_exclusive_pair,9,0.0,0.0,0.0,,0.0,0.0,0.0,0,0,9
PC_ON,normal,probability,Mach_bands,ramp_minus_matched_uniform_x+12,overlapping_minus_exclusive_pair,9,0.0,0.0,0.0,,0.0,0.0,0.0,0,0,9
PC_ON,normal,logit,SBC,bright_surround_minus_dark_surround,overlapping_minus_exclusive_pair,9,0.034480525387658015,0.09329874647988214,0.11773145861095852,113.3333231608073,0.009124102150952376,0.010958519246843126,0.07588620483875275,8,1,0
PC_ON,normal,probability,SBC,bright_surround_minus_dark_surround,overlapping_minus_exclusive_pair,9,0.005134162053258883,0.013207653330432044,0.016101808183723025,113.3333231608073,0.0012922486552485713,0.0017605437379744318,0.010588737825552622,8,1,0
PC_ON,normal,logit,SBC,control_bright_surround_minus_dark_surround,overlapping_minus_exclusive_pair,9,0.0,0.0,0.0,,0.0,0.0,0.0,0,0,9
PC_ON,normal,probability,SBC,control_bright_surround_minus_dark_surround,overlapping_minus_exclusive_pair,9,0.0,0.0,0.0,,0.0,0.0,0.0,0,0,9
PC_ON,normal,logit,Hermann,intersection_minus_corridor,overlapping_minus_exclusive_pair,9,0.01670711777276463,0.04561693800820245,0.05832022428512573,114.07406277126736,0.0045664471608621105,0.0052300575706693865,0.03811317102776633,8,1,0
PC_ON,normal,probability,Hermann,intersection_minus_corridor,overlapping_minus_exclusive_pair,9,0.0027078075929441387,0.006852998501724667,0.00851998809311125,108.14813571506076,0.0006817269214877376,0.0008580720879965358,0.005659438566201263,8,1,0
PC_ON,normal,logit,Hermann,control_intersection_minus_corridor,overlapping_minus_exclusive_pair,9,0.0,0.0,0.0,,0.0,0.0,0.0,0,0,9
PC_ON,normal,probability,Hermann,control_intersection_minus_corridor,overlapping_minus_exclusive_pair,9,0.0,0.0,0.0,,0.0,0.0,0.0,0,0,9
PC_ON,normal,logit,White,on_bright_bar_minus_on_dark_bar,overlapping_minus_exclusive_pair,9,-0.017338648645414248,-0.04740754763285319,0.059516191482543945,113.3333231608073,-0.004679570904484501,-0.005469944741990831,-0.03875053260061476,1,8,0
PC_ON,normal,probability,White,on_bright_bar_minus_on_dark_bar,overlapping_minus_exclusive_pair,9,-0.0025806697990952265,-0.006701275706291199,0.008134817083676657,113.3333231608073,-0.0006617941403830493,-0.0008792902032534281,-0.005400099481145541,1,8,0
PC_ON,normal,logit,White,control_on_bright_bar_minus_on_dark_bar,overlapping_minus_exclusive_pair,9,0.0,0.0,0.0,,0.0,0.0,0.0,0,0,9
PC_ON,normal,probability,White,control_on_bright_bar_minus_on_dark_bar,overlapping_minus_exclusive_pair,9,0.0,0.0,0.0,,0.0,0.0,0.0,0,0,9
PC_ON,normal,logit,White,remote_contour_rearrangement_A_minus_B,overlapping_minus_exclusive_pair,9,-0.01735206527842416,-0.047465271419949,0.05955786175198025,113.3333231608073,-0.004685853498953361,-0.0054734448591868086,-0.03879027234183417,1,8,0
PC_ON,normal,probability,White,remote_contour_rearrangement_A_minus_B,overlapping_minus_exclusive_pair,9,-0.0025823471498572165,-0.006708717180622948,0.008140390945805443,113.3333231608073,-0.000662620062077487,-0.0008797670404116312,-0.0054051224142313,1,8,0
PC_ON,normal,logit,White,remote_contour_rearrangement_control_A_minus_B,overlapping_minus_exclusive_pair,9,0.0,0.0,0.0,,0.0,0.0,0.0,0,0,9
PC_ON,normal,probability,White,remote_contour_rearrangement_control_A_minus_B,overlapping_minus_exclusive_pair,9,0.0,0.0,0.0,,0.0,0.0,0.0,0,0,9
PC_ON,normal,logit,Hermann,contour_rearrangement_A_minus_B,overlapping_minus_exclusive_pair,9,0.016703512312637434,0.04560361305872599,0.058311137888166636,114.07406277126736,0.004565193741409867,0.005228925082418654,0.03810555819008085,8,1,0
PC_ON,normal,probability,Hermann,contour_rearrangement_A_minus_B,overlapping_minus_exclusive_pair,9,0.002707455876386828,0.006851875947581397,0.008519372178448571,108.14813571506076,0.0006815891298982833,0.0008579651928610272,0.005658721654779381,8,1,0
PC_ON,normal,logit,Hermann,contour_rearrangement_control_A_minus_B,overlapping_minus_exclusive_pair,9,0.0,0.0,0.0,,0.0,0.0,0.0,0,0,9
PC_ON,normal,probability,Hermann,contour_rearrangement_control_A_minus_B,overlapping_minus_exclusive_pair,9,0.0,0.0,0.0,,0.0,0.0,0.0,0,0,9
PC_ON,normal,logit,White,remote_contour_rearrangement,new_diagnostic_minus_original,9,2.9915350144923043e-05,7.610850863986545e-05,0.00010736783345540364,99.25925021701389,7.110525060583045e-06,1.2020270029703777e-06,7.864832878112793e-05,8,1,0
PC_ON,normal,logit,White,remote_contour_rearrangement,old_diagnostic_minus_original,9,4.333213473728392e-05,0.0001281102498372396,0.0001281102498372396,127.4073994954427,1.3393119529441553e-05,4.7021441989474825e-06,0.00011838807000054253,8,1,0
PC_ON,normal,probability,White,remote_contour_rearrangement,new_diagnostic_minus_original,9,4.162556618009856e-06,1.0630322827233209e-05,1.490861177444458e-05,99.25925021701389,1.0136873633773239e-06,1.8264270491070218e-07,1.094448897573683e-05,8,1,0
PC_ON,normal,probability,White,remote_contour_rearrangement,old_diagnostic_minus_original,9,5.839985792337959e-06,1.7290314038594563e-05,1.7290314038594563e-05,128.88887871636285,1.8396090578149868e-06,6.594798631138272e-07,1.5967422061496312e-05,8,1,0
PC_ON,normal,logit,Hermann,contour_rearrangement,new_diagnostic_minus_original,9,7.005532602811905e-06,1.7762184143066406e-05,2.9126803080240887e-05,91.85184393988715,1.3136863708496093e-06,-2.8146637810601128e-08,1.7234848605261908e-05,8,1,0
PC_ON,normal,logit,Hermann,contour_rearrangement,old_diagnostic_minus_original,9,1.0610509737792503e-05,2.682209014892578e-05,2.941820356580946e-05,100.74072943793402,2.5671058230929907e-06,1.1043416129218208e-06,2.4847686290740967e-05,8,1,0
PC_ON,normal,probability,Hermann,contour_rearrangement,new_diagnostic_minus_original,9,1.0970566424677802e-06,2.6499231656392417e-06,3.928111659155951e-06,89.62961832682292,1.9585092862447104e-07,7.005615366829767e-08,2.2621825337409973e-06,8,1,0
PC_ON,normal,probability,Hermann,contour_rearrangement,old_diagnostic_minus_original,9,1.4488343790870001e-06,3.818836477067735e-06,3.818836477067735e-06,108.1481424967448,3.336425180788394e-07,1.7695128917694092e-07,2.979093955622779e-06,8,1,0
PC_ON,H1_off,logit,Mach_bands,ramp_minus_matched_uniform_x-12,overlapping_minus_exclusive_pair,9,0.0,0.0,0.0,,0.0,0.0,0.0,0,0,9
PC_ON,H1_off,probability,Mach_bands,ramp_minus_matched_uniform_x-12,overlapping_minus_exclusive_pair,9,0.0,0.0,0.0,,0.0,0.0,0.0,0,0,9
PC_ON,H1_off,logit,Mach_bands,ramp_minus_matched_uniform_x-11,overlapping_minus_exclusive_pair,9,0.0,0.0,0.0,,0.0,0.0,0.0,0,0,9
PC_ON,H1_off,probability,Mach_bands,ramp_minus_matched_uniform_x-11,overlapping_minus_exclusive_pair,9,0.0,0.0,0.0,,0.0,0.0,0.0,0,0,9
PC_ON,H1_off,logit,Mach_bands,ramp_minus_matched_uniform_x-10,overlapping_minus_exclusive_pair,9,0.0,0.0,0.0,,0.0,0.0,0.0,0,0,9
PC_ON,H1_off,probability,Mach_bands,ramp_minus_matched_uniform_x-10,overlapping_minus_exclusive_pair,9,0.0,0.0,0.0,,0.0,0.0,0.0,0,0,9
PC_ON,H1_off,logit,Mach_bands,ramp_minus_matched_uniform_x-09,overlapping_minus_exclusive_pair,9,0.0,0.0,0.0,,0.0,0.0,0.0,0,0,9
PC_ON,H1_off,probability,Mach_bands,ramp_minus_matched_uniform_x-09,overlapping_minus_exclusive_pair,9,0.0,0.0,0.0,,0.0,0.0,0.0,0,0,9
PC_ON,H1_off,logit,Mach_bands,ramp_minus_matched_uniform_x-08,overlapping_minus_exclusive_pair,9,0.0,0.0,0.0,,0.0,0.0,0.0,0,0,9
PC_ON,H1_off,probability,Mach_bands,ramp_minus_matched_uniform_x-08,overlapping_minus_exclusive_pair,9,0.0,0.0,0.0,,0.0,0.0,0.0,0,0,9
PC_ON,H1_off,logit,Mach_bands,ramp_minus_matched_uniform_x-07,overlapping_minus_exclusive_pair,9,0.0,0.0,0.0,,0.0,0.0,0.0,0,0,9
PC_ON,H1_off,probability,Mach_bands,ramp_minus_matched_uniform_x-07,overlapping_minus_exclusive_pair,9,0.0,0.0,0.0,,0.0,0.0,0.0,0,0,9
PC_ON,H1_off,logit,Mach_bands,ramp_minus_matched_uniform_x-06,overlapping_minus_exclusive_pair,9,0.0,0.0,0.0,,0.0,0.0,0.0,0,0,9
PC_ON,H1_off,probability,Mach_bands,ramp_minus_matched_uniform_x-06,overlapping_minus_exclusive_pair,9,0.0,0.0,0.0,,0.0,0.0,0.0,0,0,9
PC_ON,H1_off,logit,Mach_bands,ramp_minus_matched_uniform_x-05,overlapping_minus_exclusive_pair,9,0.000964257452223036,0.002668844328986274,0.003546039263407389,117.03702460394965,0.00027397438331886576,0.0002941207753287421,0.002325365940729777,8,1,0
PC_ON,H1_off,probability,Mach_bands,ramp_minus_matched_uniform_x-05,overlapping_minus_exclusive_pair,9,0.00013994193512998108,0.0003875543673833211,0.0004860510428746541,118.51851060655382,3.8527283403608536e-05,4.812288615438673e-05,0.0003247043738762538,8,1,0
PC_ON,H1_off,logit,Mach_bands,ramp_minus_matched_uniform_x-04,overlapping_minus_exclusive_pair,9,0.003110762866627839,0.009068396356370714,0.011690126525031196,118.51851060655382,0.0008850942717658149,0.0009293191962771945,0.007851375473870171,8,1,0
PC_ON,H1_off,probability,Mach_bands,ramp_minus_matched_uniform_x-04,overlapping_minus_exclusive_pair,9,0.00045485353297812655,0.0012709216939078437,0.001578706834051344,122.2222188313802,0.00012277328857669126,0.00015658936980697844,0.0010758432456188733,8,1,0
PC_ON,H1_off,logit,Mach_bands,ramp_minus_matched_uniform_x-03,overlapping_minus_exclusive_pair,9,0.0009646618531809913,0.002669692039489746,0.0035471783743964303,117.03702460394965,0.00027407460742526587,0.00029417541291978624,0.002326155702273051,8,1,0
PC_ON,H1_off,probability,Mach_bands,ramp_minus_matched_uniform_x-03,overlapping_minus_exclusive_pair,9,0.0001415610341710918,0.0003846097323629591,0.00048431505759557086,118.51850721571181,3.8625813192791415e-05,4.821415576669905e-05,0.0003251155010528035,8,1,0
PC_ON,H1_off,logit,Mach_bands,ramp_minus_matched_uniform_x-02,overlapping_minus_exclusive_pair,9,-8.830318205039274e-10,-2.6490953233506943e-08,5.2981906467013886e-08,94.99999237060547,-1.148861961879205e-26,0.0,0.0,0,1,8
PC_ON,H1_off,probability,Mach_bands,ramp_minus_matched_uniform_x-02,overlapping_minus_exclusive_pair,9,0.0,-4.967053731282552e-09,1.1589792039659288e-08,109.99999237060547,1.1037897180627895e-11,0.0,-2.06960572136773e-10,0,0,9
PC_ON,H1_off,logit,Mach_bands,ramp_minus_matched_uniform_x-01,overlapping_minus_exclusive_pair,9,0.0,1.3245476616753471e-08,3.9736429850260414e-08,79.99998982747395,8.830317744502316e-11,1.655684577094184e-09,3.311369154188368e-09,1,1,7
PC_ON,H1_off,probability,Mach_bands,ramp_minus_matched_uniform_x-01,overlapping_minus_exclusive_pair,9,0.0,1.655684577094184e-09,8.27842288547092e-09,79.99998982747395,0.0,4.13921144273546e-10,2.06960572136773e-10,1,1,7
PC_ON,H1_off,logit,Mach_bands,ramp_minus_matched_uniform_x+00,overlapping_minus_exclusive_pair,9,0.0,0.0,0.0,,0.0,0.0,0.0,0,0,9
PC_ON,H1_off,probability,Mach_bands,ramp_minus_matched_uniform_x+00,overlapping_minus_exclusive_pair,9,0.0,0.0,0.0,,0.0,0.0,0.0,0,0,9
PC_ON,H1_off,logit,Mach_bands,ramp_minus_matched_uniform_x+01,overlapping_minus_exclusive_pair,9,4.415159102519636e-09,5.2981906467013886e-08,1.3245476616753473e-07,63.33332824707031,4.4151588722511576e-10,3.311369154188368e-09,0.0,5,2,2
PC_ON,H1_off,probability,Mach_bands,ramp_minus_matched_uniform_x+01,overlapping_minus_exclusive_pair,9,9.934107980669182e-10,1.1589792039659288e-08,1.8212530348036026e-08,78.09523228236607,1.1037897180627894e-10,1.034802860683865e-09,2.06960572136773e-10,2,0,7
PC_ON,H1_off,logit,Mach_bands,ramp_minus_matched_uniform_x+02,overlapping_minus_exclusive_pair,9,8.830318205039274e-10,0.0,1.3245476616753473e-07,94.9999885559082,-1.148861961879205e-26,0.0,-1.655684577094184e-09,2,1,6
PC_ON,H1_off,probability,Mach_bands,ramp_minus_matched_uniform_x+02,overlapping_minus_exclusive_pair,9,4.415159102519637e-10,5.794896019829644e-09,2.400742636786567e-08,95.83332061767578,-1.6556845770941837e-11,0.0,-1.1382831467522516e-09,1,1,7
PC_ON,H1_off,logit,Mach_bands,ramp_minus_matched_uniform_x+03,overlapping_minus_exclusive_pair,9,-0.0009646618855185807,-0.0026697185304429796,0.0035471783743964303,117.03702460394965,-0.00027407496063797565,-0.00029417706860436336,-0.0023261606693267822,1,8,0
PC_ON,H1_off,probability,Mach_bands,ramp_minus_matched_uniform_x+03,overlapping_minus_exclusive_pair,9,-0.00015267564514134493,-0.0003877671228514777,0.0004954031772083706,113.33331976996527,-3.952472850128457e-05,-4.9032167428069646e-05,-0.00033026188611984253,1,8,0
PC_ON,H1_off,logit,Mach_bands,ramp_minus_matched_uniform_x+04,overlapping_minus_exclusive_pair,9,-0.003110762840757767,-0.009068383110894097,0.011690086788601346,118.51851060655382,-0.0008850953314039443,-0.0009293208519617716,-0.007851388719346788,1,8,0
PC_ON,H1_off,probability,Mach_bands,ramp_minus_matched_uniform_x+04,overlapping_minus_exclusive_pair,9,-0.0005070230383555301,-0.0013333542479409112,0.0016506860653559368,113.33331976996527,-0.00012882951785016944,-0.0001620123576786783,-0.001119186066918903,1,8,0
PC_ON,H1_off,logit,Mach_bands,ramp_minus_matched_uniform_x+05,overlapping_minus_exclusive_pair,9,-0.0009642653878674739,-0.002668844328986274,0.003546039263407389,117.03702460394965,-0.00027397429501568833,-0.00029412574238247343,-0.002325349383884006,1,8,0
PC_ON,H1_off,probability,Mach_bands,ramp_minus_matched_uniform_x+05,overlapping_minus_exclusive_pair,9,-0.00015440898035497716,-0.00039094107018576726,0.0004997758401764764,112.5925801595052,-3.9637866947386005e-05,-4.914547834131453e-05,-0.0003307005390524864,1,8,0
PC_ON,H1_off,logit,Mach_bands,ramp_minus_matched_uniform_x+06,overlapping_minus_exclusive_pair,9,0.0,0.0,0.0,,0.0,0.0,0.0,0,0,9
PC_ON,H1_off,probability,Mach_bands,ramp_minus_matched_uniform_x+06,overlapping_minus_exclusive_pair,9,0.0,0.0,0.0,,0.0,0.0,0.0,0,0,9
PC_ON,H1_off,logit,Mach_bands,ramp_minus_matched_uniform_x+07,overlapping_minus_exclusive_pair,9,0.0,0.0,0.0,,0.0,0.0,0.0,0,0,9
PC_ON,H1_off,probability,Mach_bands,ramp_minus_matched_uniform_x+07,overlapping_minus_exclusive_pair,9,0.0,0.0,0.0,,0.0,0.0,0.0,0,0,9
PC_ON,H1_off,logit,Mach_bands,ramp_minus_matched_uniform_x+08,overlapping_minus_exclusive_pair,9,0.0,0.0,0.0,,0.0,0.0,0.0,0,0,9
PC_ON,H1_off,probability,Mach_bands,ramp_minus_matched_uniform_x+08,overlapping_minus_exclusive_pair,9,0.0,0.0,0.0,,0.0,0.0,0.0,0,0,9
PC_ON,H1_off,logit,Mach_bands,ramp_minus_matched_uniform_x+09,overlapping_minus_exclusive_pair,9,0.0,0.0,0.0,,0.0,0.0,0.0,0,0,9
PC_ON,H1_off,probability,Mach_bands,ramp_minus_matched_uniform_x+09,overlapping_minus_exclusive_pair,9,0.0,0.0,0.0,,0.0,0.0,0.0,0,0,9
PC_ON,H1_off,logit,Mach_bands,ramp_minus_matched_uniform_x+10,overlapping_minus_exclusive_pair,9,0.0,0.0,0.0,,0.0,0.0,0.0,0,0,9
PC_ON,H1_off,probability,Mach_bands,ramp_minus_matched_uniform_x+10,overlapping_minus_exclusive_pair,9,0.0,0.0,0.0,,0.0,0.0,0.0,0,0,9
PC_ON,H1_off,logit,Mach_bands,ramp_minus_matched_uniform_x+11,overlapping_minus_exclusive_pair,9,0.0,0.0,0.0,,0.0,0.0,0.0,0,0,9
PC_ON,H1_off,probability,Mach_bands,ramp_minus_matched_uniform_x+11,overlapping_minus_exclusive_pair,9,0.0,0.0,0.0,,0.0,0.0,0.0,0,0,9
PC_ON,H1_off,logit,Mach_bands,ramp_minus_matched_uniform_x+12,overlapping_minus_exclusive_pair,9,0.0,0.0,0.0,,0.0,0.0,0.0,0,0,9
PC_ON,H1_off,probability,Mach_bands,ramp_minus_matched_uniform_x+12,overlapping_minus_exclusive_pair,9,0.0,0.0,0.0,,0.0,0.0,0.0,0,0,9
PC_ON,H1_off,logit,SBC,bright_surround_minus_dark_surround,overlapping_minus_exclusive_pair,9,0.03088323978914155,0.08537673950195312,0.11345280541314019,117.03702460394965,0.008769187574033385,0.009417398108376397,0.07439801345268886,8,1,0
PC_ON,H1_off,probability,SBC,bright_surround_minus_dark_surround,overlapping_minus_exclusive_pair,9,0.004705789938776029,0.012192996011839973,0.015511643555429246,117.77776421440973,0.0012497791206395185,0.0015557707390851444,0.010480740624997351,8,1,0
PC_ON,H1_off,logit,SBC,control_bright_surround_minus_dark_surround,overlapping_minus_exclusive_pair,9,0.0,0.0,0.0,,0.0,0.0,0.0,0,0,9
PC_ON,H1_off,probability,SBC,control_bright_surround_minus_dark_surround,overlapping_minus_exclusive_pair,9,0.0,0.0,0.0,,0.0,0.0,0.0,0,0,9
PC_ON,H1_off,logit,Hermann,intersection_minus_corridor,overlapping_minus_exclusive_pair,9,0.015421477870808708,0.042658242914411754,0.056679348150889076,117.03702460394965,0.004381446087801898,0.004705903430779775,0.03717197063896391,8,1,0
PC_ON,H1_off,probability,Hermann,intersection_minus_corridor,overlapping_minus_exclusive_pair,9,0.0025798212219443587,0.006634886066118876,0.008462387654516432,112.5925801595052,0.0006638396779696147,0.0008067058192359076,0.005590607515639729,8,1,0
PC_ON,H1_off,logit,Hermann,control_intersection_minus_corridor,overlapping_minus_exclusive_pair,9,0.0,0.0,0.0,,0.0,0.0,0.0,0,0,9
PC_ON,H1_off,probability,Hermann,control_intersection_minus_corridor,overlapping_minus_exclusive_pair,9,0.0,0.0,0.0,,0.0,0.0,0.0,0,0,9
PC_ON,H1_off,logit,White,on_bright_bar_minus_on_dark_bar,overlapping_minus_exclusive_pair,9,-0.015448492744730579,-0.04272392061021593,0.05676963594224718,117.03702460394965,-0.00438739229131628,-0.004709535174899631,-0.03722857104407416,1,8,0
PC_ON,H1_off,probability,White,on_bright_bar_minus_on_dark_bar,overlapping_minus_exclusive_pair,9,-0.002353507223435574,-0.006098945107724931,0.007758086754216088,117.77776421440973,-0.000625107487042745,-0.0007779687229130003,-0.005242326917747657,1,8,0
PC_ON,H1_off,logit,White,control_on_bright_bar_minus_on_dark_bar,overlapping_minus_exclusive_pair,9,0.0,0.0,0.0,,0.0,0.0,0.0,0,0,9
PC_ON,H1_off,probability,White,control_on_bright_bar_minus_on_dark_bar,overlapping_minus_exclusive_pair,9,0.0,0.0,0.0,,0.0,0.0,0.0,0,0,9
PC_ON,H1_off,logit,White,remote_contour_rearrangement_A_minus_B,overlapping_minus_exclusive_pair,9,-0.015448492744730579,-0.04272392061021593,0.05676963594224718,117.03702460394965,-0.00438739229131628,-0.004709535174899631,-0.03722857104407416,1,8,0
PC_ON,H1_off,probability,White,remote_contour_rearrangement_A_minus_B,overlapping_minus_exclusive_pair,9,-0.002353507223435574,-0.006098945107724931,0.007758086754216088,117.77776421440973,-0.000625107487042745,-0.0007779687229130003,-0.005242326917747657,1,8,0
PC_ON,H1_off,logit,White,remote_contour_rearrangement_control_A_minus_B,overlapping_minus_exclusive_pair,9,0.0,0.0,0.0,,0.0,0.0,0.0,0,0,9
PC_ON,H1_off,probability,White,remote_contour_rearrangement_control_A_minus_B,overlapping_minus_exclusive_pair,9,0.0,0.0,0.0,,0.0,0.0,0.0,0,0,9
PC_ON,H1_off,logit,Hermann,contour_rearrangement_A_minus_B,overlapping_minus_exclusive_pair,9,0.015421477870808708,0.042658242914411754,0.056679348150889076,117.03702460394965,0.004381446087801898,0.004705903430779775,0.03717197063896391,8,1,0
PC_ON,H1_off,probability,Hermann,contour_rearrangement_A_minus_B,overlapping_minus_exclusive_pair,9,0.0025798212219443587,0.006634886066118876,0.008462387654516432,112.5925801595052,0.0006638396779696147,0.0008067058192359076,0.005590607515639729,8,1,0
PC_ON,H1_off,logit,Hermann,contour_rearrangement_control_A_minus_B,overlapping_minus_exclusive_pair,9,0.0,0.0,0.0,,0.0,0.0,0.0,0,0,9
PC_ON,H1_off,probability,Hermann,contour_rearrangement_control_A_minus_B,overlapping_minus_exclusive_pair,9,0.0,0.0,0.0,,0.0,0.0,0.0,0,0,9
PC_ON,H1_off,logit,White,remote_contour_rearrangement,new_diagnostic_minus_original,9,0.0,0.0,0.0,,0.0,0.0,0.0,0,0,9
PC_ON,H1_off,logit,White,remote_contour_rearrangement,old_diagnostic_minus_original,9,0.0,0.0,0.0,,0.0,0.0,0.0,0,0,9
PC_ON,H1_off,probability,White,remote_contour_rearrangement,new_diagnostic_minus_original,9,0.0,0.0,0.0,,0.0,0.0,0.0,0,0,9
PC_ON,H1_off,probability,White,remote_contour_rearrangement,old_diagnostic_minus_original,9,0.0,0.0,0.0,,0.0,0.0,0.0,0,0,9
PC_ON,H1_off,logit,Hermann,contour_rearrangement,new_diagnostic_minus_original,9,0.0,0.0,0.0,,0.0,0.0,0.0,0,0,9
PC_ON,H1_off,logit,Hermann,contour_rearrangement,old_diagnostic_minus_original,9,0.0,0.0,0.0,,0.0,0.0,0.0,0,0,9
PC_ON,H1_off,probability,Hermann,contour_rearrangement,new_diagnostic_minus_original,9,0.0,0.0,0.0,,0.0,0.0,0.0,0,0,9
PC_ON,H1_off,probability,Hermann,contour_rearrangement,old_diagnostic_minus_original,9,0.0,0.0,0.0,,0.0,0.0,0.0,0,0,9
PC_ON,AC_off,logit,Mach_bands,ramp_minus_matched_uniform_x-12,overlapping_minus_exclusive_pair,9,0.0,0.0,0.0,,0.0,0.0,0.0,0,0,9
PC_ON,AC_off,probability,Mach_bands,ramp_minus_matched_uniform_x-12,overlapping_minus_exclusive_pair,9,0.0,0.0,0.0,,0.0,0.0,0.0,0,0,9
PC_ON,AC_off,logit,Mach_bands,ramp_minus_matched_uniform_x-11,overlapping_minus_exclusive_pair,9,0.0,0.0,0.0,,0.0,0.0,0.0,0,0,9
PC_ON,AC_off,probability,Mach_bands,ramp_minus_matched_uniform_x-11,overlapping_minus_exclusive_pair,9,0.0,0.0,0.0,,0.0,0.0,0.0,0,0,9
PC_ON,AC_off,logit,Mach_bands,ramp_minus_matched_uniform_x-10,overlapping_minus_exclusive_pair,9,-2.454828281391504e-07,-7.947285970052084e-07,1.0331471761067708e-06,101.48147243923611,-7.435127540870948e-08,-5.463759104410807e-08,-6.738636228773329e-07,2,7,0
PC_ON,AC_off,probability,Mach_bands,ramp_minus_matched_uniform_x-10,overlapping_minus_exclusive_pair,9,-2.5773489515441067e-08,-1.0099675920274522e-07,1.3907750447591147e-07,108.88887871636285,-8.92413987053765e-09,-6.4157777362399635e-09,-7.688585254881117e-08,2,7,0
PC_ON,AC_off,logit,Mach_bands,ramp_minus_matched_uniform_x-09,overlapping_minus_exclusive_pair,9,-2.774485832190976e-06,-9.19236077202691e-06,1.0887781778971354e-05,123.70369805230035,-8.872703269675925e-07,-6.473726696438259e-07,-8.086363474527994e-06,3,6,0
PC_ON,AC_off,probability,Mach_bands,ramp_minus_matched_uniform_x-09,overlapping_minus_exclusive_pair,9,-2.9962371911946343e-07,-1.1175870895385742e-06,1.430511474609375e-06,125.18517388237848,-1.0820450606169525e-07,-7.698933283487956e-08,-9.143518077002632e-07,3,6,0
PC_ON,AC_off,logit,Mach_bands,ramp_minus_matched_uniform_x-08,overlapping_minus_exclusive_pair,9,-1.622924077714237e-05,-5.3895844353569875e-05,6.319416893853081e-05,136.2962883843316,-5.2032647309479895e-06,-3.751781251695421e-06,-4.741052786509196e-05,3,6,0
PC_ON,AC_off,probability,Mach_bands,ramp_minus_matched_uniform_x-08,overlapping_minus_exclusive_pair,9,-1.749727500863527e-06,-6.537470552656386e-06,8.287529150644938e-06,123.70369127061632,-6.336967150370281e-07,-4.4051557779312134e-07,-5.362141463491652e-06,3,6,0
PC_ON,AC_off,logit,Mach_bands,ramp_minus_matched_uniform_x-07,overlapping_minus_exclusive_pair,9,-6.301049848565931e-05,-0.00020929177602132162,0.00024489561716715497,136.2962883843316,-2.021718908239294e-05,-1.4545189009772406e-05,-0.00018420649899376763,3,6,0
PC_ON,AC_off,probability,Mach_bands,ramp_minus_matched_uniform_x-07,overlapping_minus_exclusive_pair,9,-6.791673333358024e-06,-2.5391578674316406e-05,3.2113658057318796e-05,124.4444342719184,-2.460965403804073e-06,-1.7040098706881206e-06,-2.0832340750429365e-05,3,6,0
PC_ON,AC_off,logit,Mach_bands,ramp_minus_matched_uniform_x-06,overlapping_minus_exclusive_pair,9,-0.00018388694963454732,-0.0006109608544243707,0.0007137987348768446,136.2962883843316,-5.90063907482006e-05,-4.2413671811421714e-05,-0.0005377829074859619,3,6,0
PC_ON,AC_off,probability,Mach_bands,ramp_minus_matched_uniform_x-06,overlapping_minus_exclusive_pair,9,-1.9809603625415344e-05,-7.405132055282593e-05,9.353707234064738e-05,124.4444342719184,-7.176697254180908e-06,-4.969019856717851e-06,-6.0770039757092796e-05,3,6,0
PC_ON,AC_off,logit,Mach_bands,ramp_minus_matched_uniform_x-05,overlapping_minus_exclusive_pair,9,-0.00043204625712355157,-0.0014357301923963758,0.0016758177015516493,136.2962883843316,-0.0001386617731165003,-9.959273868136936e-05,-0.0012639231152004665,3,6,0
PC_ON,AC_off,probability,Mach_bands,ramp_minus_matched_uniform_x-05,overlapping_minus_exclusive_pair,9,-4.648334371874322e-05,-0.00017370449172125923,0.00021923912896050347,124.4444342719184,-1.6839813303064417e-05,-1.1663470003339979e-05,-0.0001425519585609436,3,6,0
PC_ON,AC_off,logit,Mach_bands,ramp_minus_matched_uniform_x-04,overlapping_minus_exclusive_pair,9,0.002435165903686235,0.004414690865410699,0.005765676498413086,82.96295166015625,0.00040371700569435406,0.0011055353615019056,0.0029867986838022866,7,2,0
PC_ON,AC_off,probability,Mach_bands,ramp_minus_matched_uniform_x-04,overlapping_minus_exclusive_pair,9,0.00021528789430804964,0.00033647070328394574,0.0004932540986273023,94.07405938042535,3.206616750469914e-05,0.00011977812068329917,0.00023543845034307905,7,2,0
PC_ON,AC_off,logit,Mach_bands,ramp_minus_matched_uniform_x-03,overlapping_minus_exclusive_pair,9,-0.00043269616202855506,-0.001438352796766493,0.0016779899597167969,136.2962883843316,-0.00013891114128960504,-9.965731037987603e-05,-0.0012666765186521742,3,6,0
PC_ON,AC_off,probability,Mach_bands,ramp_minus_matched_uniform_x-03,overlapping_minus_exclusive_pair,9,-5.1385881357014616e-05,-0.00018349869383705987,0.00022568222549226548,122.96295166015625,-1.8087724844614667e-05,-1.232781343989902e-05,-0.00015562803794940314,3,6,0
PC_ON,AC_off,logit,Mach_bands,ramp_minus_matched_uniform_x-02,overlapping_minus_exclusive_pair,9,-0.00018420749641892244,-0.0006124178568522135,0.0007147259182400174,136.2962883843316,-5.914317237006293e-05,-4.240870475769043e-05,-0.0005394468704859415,3,6,0
PC_ON,AC_off,probability,Mach_bands,ramp_minus_matched_uniform_x-02,overlapping_minus_exclusive_pair,9,-2.4058476981281274e-05,-8.233636617660522e-05,9.897434049182468e-05,120.74073282877605,-8.25241208076477e-06,-5.53474658065372e-06,-7.205508235428069e-05,3,6,0
PC_ON,AC_off,logit,Mach_bands,ramp_minus_matched_uniform_x-01,overlapping_minus_exclusive_pair,9,-6.050798511599472e-05,-0.00020119878980848525,0.0002349482642279731,137.03702799479166,-1.9426345825195313e-05,-1.3932585716247559e-05,-0.0001772410339779324,3,6,0
PC_ON,AC_off,probability,Mach_bands,ramp_minus_matched_uniform_x-01,overlapping_minus_exclusive_pair,9,-8.643887571540492e-06,-2.9473668999142115e-05,3.3639371395111084e-05,138.51851060655383,-2.8965980918319137e-06,-1.917800141705407e-06,-2.561964922481113e-05,3,6,0
PC_ON,AC_off,logit,Mach_bands,ramp_minus_matched_uniform_x+00,overlapping_minus_exclusive_pair,9,0.0,0.0,0.0,,0.0,0.0,0.0,0,0,9
PC_ON,AC_off,probability,Mach_bands,ramp_minus_matched_uniform_x+00,overlapping_minus_exclusive_pair,9,0.0,0.0,0.0,,0.0,0.0,0.0,0,0,9
PC_ON,AC_off,logit,Mach_bands,ramp_minus_matched_uniform_x+01,overlapping_minus_exclusive_pair,9,6.050798471177485e-05,0.00020119878980848525,0.0002349482642279731,137.03702799479166,1.942625752201787e-05,1.3932585716247559e-05,0.00017723937829335532,6,3,0
PC_ON,AC_off,probability,Mach_bands,ramp_minus_matched_uniform_x+01,overlapping_minus_exclusive_pair,9,1.0169656172978295e-05,3.294563955730862e-05,3.655834330452813e-05,132.59258694118924,3.2777642762219466e-06,2.1169996923870512e-06,2.961057341761059e-05,6,3,0
PC_ON,AC_off,logit,Mach_bands,ramp_minus_matched_uniform_x+02,overlapping_minus_exclusive_pair,9,0.000184202638934039,0.0006124178568522135,0.0007147259182400174,136.2962883843316,5.914246594464337e-05,4.240787691540188e-05,0.0005394427312744989,6,3,0
PC_ON,AC_off,probability,Mach_bands,ramp_minus_matched_uniform_x+02,overlapping_minus_exclusive_pair,9,3.3299680089113634e-05,0.00010691997077729966,0.00011699315574434068,126.66666327582465,1.0567655165990195e-05,6.747328572803073e-06,9.628447393576305e-05,7,2,0
PC_ON,AC_off,logit,Mach_bands,ramp_minus_matched_uniform_x+03,overlapping_minus_exclusive_pair,9,0.0004326899756961211,0.0014383395512898762,0.0016780032051934137,136.2962883843316,0.00013891069977371782,9.96548268530104e-05,0.0012666798300213283,6,3,0
PC_ON,AC_off,probability,Mach_bands,ramp_minus_matched_uniform_x+03,overlapping_minus_exclusive_pair,9,8.369524145892783e-05,0.0002681571576330397,0.0002896380093362596,122.2222188313802,2.6207229605427497e-05,1.6582094960742528e-05,0.0002406500279903412,8,1,0
PC_ON,AC_off,logit,Mach_bands,ramp_minus_matched_uniform_x+04,overlapping_minus_exclusive_pair,9,-0.002435166288503549,-0.004414677619934082,0.005765663252936469,82.96295166015625,-0.00040371647587528935,-0.0011055312222904628,-0.0029867912332216897,2,7,0
PC_ON,AC_off,probability,Mach_bands,ramp_minus_matched_uniform_x+04,overlapping_minus_exclusive_pair,9,-0.0004634928377021828,-0.0008727187911669413,0.0010625231597158643,94.81480577256944,-7.27654552018201e-05,-0.00020027729786104627,-0.0005303452619247966,2,7,0
PC_ON,AC_off,logit,Mach_bands,ramp_minus_matched_uniform_x+05,overlapping_minus_exclusive_pair,9,0.00043205242890407034,0.0014357301923963758,0.0016757912105984157,136.2962883843316,0.00013866247954191985,9.960101710425483e-05,0.0012639198038313123,6,3,0
PC_ON,AC_off,probability,Mach_bands,ramp_minus_matched_uniform_x+05,overlapping_minus_exclusive_pair,9,8.881075632416469e-05,0.00028479016489452787,0.00030418485403060913,119.99999321831598,2.74891820218828e-05,1.728348433971405e-05,0.00025411757330099743,8,1,0
PC_ON,AC_off,logit,Mach_bands,ramp_minus_matched_uniform_x+06,overlapping_minus_exclusive_pair,9,0.00018389004227022573,0.0006109476089477539,0.0007137589984469943,136.2962883843316,5.900603753549082e-05,4.24169831805759e-05,0.0005377655227979025,6,3,0
PC_ON,AC_off,probability,Mach_bands,ramp_minus_matched_uniform_x+06,overlapping_minus_exclusive_pair,9,3.7774940829472646e-05,0.00012105868922339546,0.0001293801599078708,119.99999321831598,1.1687952059286612e-05,7.358069221178691e-06,0.00010801261911789577,8,1,0
PC_ON,AC_off,logit,Mach_bands,ramp_minus_matched_uniform_x+07,overlapping_minus_exclusive_pair,9,6.301403188520756e-05,0.00020928515328301323,0.0002448625034756131,136.2962883843316,2.0216570960150826e-05,1.4549328221215143e-05,0.00018418331940968832,6,3,0
PC_ON,AC_off,probability,Mach_bands,ramp_minus_matched_uniform_x+07,overlapping_minus_exclusive_pair,9,1.294254154199987e-05,4.145254691441854e-05,4.4343372186024986e-05,119.25925021701389,4.002904450451886e-06,2.5246085392104255e-06,3.697961154911253e-05,8,1,0
PC_ON,AC_off,logit,Mach_bands,ramp_minus_matched_uniform_x+08,overlapping_minus_exclusive_pair,9,1.6233656122861045e-05,5.3895844353569875e-05,6.319416893853081e-05,136.2962883843316,5.203220579359267e-06,3.7567483054267036e-06,4.739645454618666e-05,6,3,0
PC_ON,AC_off,probability,Mach_bands,ramp_minus_matched_uniform_x+08,overlapping_minus_exclusive_pair,9,3.3359836734013647e-06,1.0671714941660563e-05,1.14300184779697e-05,118.51850721571181,1.030917520876284e-06,6.518223219447666e-07,9.522359404298994e-06,8,1,0
PC_ON,AC_off,logit,Mach_bands,ramp_minus_matched_uniform_x+09,overlapping_minus_exclusive_pair,9,2.772719706377479e-06,9.225474463568793e-06,1.0841422610812717e-05,132.59258015950522,8.870937206127027e-07,6.407499313354492e-07,8.081396420796713e-06,6,3,0
PC_ON,AC_off,probability,Mach_bands,ramp_minus_matched_uniform_x+09,overlapping_minus_exclusive_pair,9,5.698866385708515e-07,1.8311871422661675e-06,1.963641908433702e-06,119.25924682617188,1.7599927054511177e-07,1.1237959067026775e-07,1.6236056884129841e-06,8,1,0
PC_ON,AC_off,logit,Mach_bands,ramp_minus_matched_uniform_x+10,overlapping_minus_exclusive_pair,9,2.3576948117288845e-07,8.079740736219618e-07,9.934107462565105e-07,110.370361328125,7.28059698034216e-08,5.21540641784668e-08,6.631016731262207e-07,6,3,0
PC_ON,AC_off,probability,Mach_bands,ramp_minus_matched_uniform_x+10,overlapping_minus_exclusive_pair,9,4.7904473449773064e-08,1.647406154208713e-07,1.8129746119181314e-07,104.4444342719184,1.4470683203803169e-08,9.106265174018013e-09,1.3162692387898764e-07,8,1,0
PC_ON,AC_off,logit,Mach_bands,ramp_minus_matched_uniform_x+11,overlapping_minus_exclusive_pair,9,0.0,0.0,0.0,,0.0,0.0,0.0,0,0,9
PC_ON,AC_off,probability,Mach_bands,ramp_minus_matched_uniform_x+11,overlapping_minus_exclusive_pair,9,0.0,0.0,0.0,,0.0,0.0,0.0,0,0,9
PC_ON,AC_off,logit,Mach_bands,ramp_minus_matched_uniform_x+12,overlapping_minus_exclusive_pair,9,0.0,0.0,0.0,,0.0,0.0,0.0,0,0,9
PC_ON,AC_off,probability,Mach_bands,ramp_minus_matched_uniform_x+12,overlapping_minus_exclusive_pair,9,0.0,0.0,0.0,,0.0,0.0,0.0,0,0,9
PC_ON,AC_off,logit,SBC,bright_surround_minus_dark_surround,overlapping_minus_exclusive_pair,9,-0.006136207137589938,-0.020416869057549372,0.023759868409898546,136.2962883843316,-0.0019715000081945346,-0.0014082160260942248,-0.01800187097655402,3,6,0
PC_ON,AC_off,probability,SBC,bright_surround_minus_dark_surround,overlapping_minus_exclusive_pair,9,-0.0009530558641522981,-0.0031523671415117052,0.003537933031717936,137.03702799479166,-0.00031303691643255727,-0.00020368738720814386,-0.002801986721654733,3,6,0
PC_ON,AC_off,logit,SBC,control_bright_surround_minus_dark_surround,overlapping_minus_exclusive_pair,9,0.0,0.0,0.0,,0.0,0.0,0.0,0,0,9
PC_ON,AC_off,probability,SBC,control_bright_surround_minus_dark_surround,overlapping_minus_exclusive_pair,9,0.0,0.0,0.0,,0.0,0.0,0.0,0,0,9
PC_ON,AC_off,logit,Hermann,intersection_minus_corridor,overlapping_minus_exclusive_pair,9,-0.002129046552302801,-0.007073117627037896,0.00824489196141561,136.2962883843316,-0.0006832439369625515,-0.0004904295007387797,-0.006228274769253201,3,6,0
PC_ON,AC_off,probability,Hermann,intersection_minus_corridor,overlapping_minus_exclusive_pair,9,-0.00044545089809212694,-0.00143923196527693,0.0015361358722050984,120.74073621961806,-0.00013841999901665584,-8.572544902563095e-05,-0.0012851869687438011,1,8,0
PC_ON,AC_off,logit,Hermann,control_intersection_minus_corridor,overlapping_minus_exclusive_pair,9,0.0,0.0,0.0,,0.0,0.0,0.0,0,0,9
PC_ON,AC_off,probability,Hermann,control_intersection_minus_corridor,overlapping_minus_exclusive_pair,9,0.0,0.0,0.0,,0.0,0.0,0.0,0,0,9
PC_ON,AC_off,logit,White,on_bright_bar_minus_on_dark_bar,overlapping_minus_exclusive_pair,9,0.0031211376159869055,0.010387367672390409,0.012081093258327909,136.2962883843316,0.0010029930538601347,0.0007158882088131375,0.009159627887937758,6,3,0
PC_ON,AC_off,probability,White,on_bright_bar_minus_on_dark_bar,overlapping_minus_exclusive_pair,9,0.0004847258823651322,0.001603669590420193,0.001799007256825765,137.03702799479166,0.0001592414853749452,0.00010354630649089813,0.001425543799996376,6,3,0
PC_ON,AC_off,logit,White,control_on_bright_bar_minus_on_dark_bar,overlapping_minus_exclusive_pair,9,0.0,0.0,0.0,,0.0,0.0,0.0,0,0,9
PC_ON,AC_off,probability,White,control_on_bright_bar_minus_on_dark_bar,overlapping_minus_exclusive_pair,9,0.0,0.0,0.0,,0.0,0.0,0.0,0,0,9
PC_ON,AC_off,logit,White,remote_contour_rearrangement_A_minus_B,overlapping_minus_exclusive_pair,9,0.003140493710412152,0.010451687706841363,0.0121559566921658,136.2962883843316,0.0010092103039776837,0.0007203320662180582,0.009216374821133085,6,3,0
PC_ON,AC_off,probability,White,remote_contour_rearrangement_A_minus_B,overlapping_minus_exclusive_pair,9,0.0004877302883667451,0.0016136020421981812,0.0018101483583450317,137.03702799479166,0.00016022912881992482,0.00010418653902080323,0.0014343799816237555,6,3,0
PC_ON,AC_off,logit,White,remote_contour_rearrangement_control_A_minus_B,overlapping_minus_exclusive_pair,9,0.0,0.0,0.0,,0.0,0.0,0.0,0,0,9
PC_ON,AC_off,probability,White,remote_contour_rearrangement_control_A_minus_B,overlapping_minus_exclusive_pair,9,0.0,0.0,0.0,,0.0,0.0,0.0,0,0,9
PC_ON,AC_off,logit,Hermann,contour_rearrangement_A_minus_B,overlapping_minus_exclusive_pair,9,-0.0021233611629819884,-0.007054302427503798,0.00822289784749349,136.2962883843316,-0.0006814245382944743,-0.0004891082644462585,-0.006211672392156389,3,6,0
PC_ON,AC_off,probability,Hermann,contour_rearrangement_A_minus_B,overlapping_minus_exclusive_pair,9,-0.0004442855715246373,-0.001435503363609314,0.0015321489837434557,120.74073621961806,-0.00013806029602333352,-8.549655063284768e-05,-0.0012818665968047248,1,8,0
PC_ON,AC_off,logit,Hermann,contour_rearrangement_control_A_minus_B,overlapping_minus_exclusive_pair,9,0.0,0.0,0.0,,0.0,0.0,0.0,0,0,9
PC_ON,AC_off,probability,Hermann,contour_rearrangement_control_A_minus_B,overlapping_minus_exclusive_pair,9,0.0,0.0,0.0,,0.0,0.0,0.0,0,0,9
PC_ON,AC_off,logit,White,remote_contour_rearrangement,new_diagnostic_minus_original,9,6.856035401546655e-05,0.00021616617838541666,0.00021616617838541666,128.14813571506076,2.3333584820782697e-05,9.914239247639975e-06,0.00020228491889105903,9,0,0
PC_ON,AC_off,logit,White,remote_contour_rearrangement,old_diagnostic_minus_original,9,4.9204296273172884e-05,0.00015584627787272135,0.00015584627787272135,133.33331976996527,1.7116334703233506e-05,5.470381842719184e-06,0.00014553798569573296,9,0,0
PC_ON,AC_off,probability,White,remote_contour_rearrangement,new_diagnostic_minus_original,9,9.693757318826909e-06,3.0507644017537434e-05,3.0507644017537434e-05,128.14813571506076,3.3467842472924127e-06,1.4164381557040745e-06,2.8572045266628265e-05,9,0,0
PC_ON,AC_off,probability,White,remote_contour_rearrangement,old_diagnostic_minus_original,9,6.689351898280114e-06,2.11232238345676e-05,2.11232238345676e-05,133.33331976996527,2.3591408023127805e-06,7.762056257989672e-07,1.9735863639248742e-05,9,0,0
PC_ON,AC_off,logit,Hermann,contour_rearrangement,new_diagnostic_minus_original,9,2.0202884115860797e-05,6.361140145195855e-05,6.361140145195855e-05,128.14813571506076,6.870737782231084e-06,2.9297338591681587e-06,5.953427818086412e-05,9,0,0
PC_ON,AC_off,logit,Hermann,contour_rearrangement,old_diagnostic_minus_original,9,1.4517483855848292e-05,4.5988294813368055e-05,4.5988294813368055e-05,133.33331976996527,5.051339114153827e-06,1.6084975666469998e-06,4.2931901084052195e-05,9,0,0
PC_ON,AC_off,probability,Hermann,contour_rearrangement,new_diagnostic_minus_original,9,3.5124244214380774e-06,1.0813275973002115e-05,1.0813275973002115e-05,117.77776760525174,1.1327752360591184e-06,4.932905236879984e-07,9.862188663747576e-06,9,0,0
PC_ON,AC_off,probability,Hermann,contour_rearrangement,old_diagnostic_minus_original,9,2.347098435014535e-06,7.185671064588759e-06,7.185671064588759e-06,121.4814690483941,7.730722427368164e-07,2.6439213090472754e-07,6.541816724671258e-06,9,0,0
