split,cell_id,group,pathway,quintile,bins,mean_delta_loss,median_delta_loss,normal_nll,recalibrated_off_nll,event_rate,mean_C,mean_U,mean_R,mean_V,mean_LSC
development,67#4,PC_OFF,BC,1,96,0.48886467764087277,-0.15865316926563905,0.4536524415604662,0.9425171192013391,0.20833333333333334,-0.03450180853087659,0.1228633381376009,-0.010338131876463964,0.16939055513708248,0.23249281129346566
development,67#4,PC_OFF,BC,2,96,0.1780563441098555,-0.13671913105800643,0.5355502858582145,0.71360662996807,0.19791666666666666,-0.1797915312514912,0.3959481199417496,-0.09569765746269428,0.4198229542638618,0.3278859546133157
development,67#4,PC_OFF,BC,3,96,0.41243171773311565,-0.04529972394847709,0.5828177966539846,0.9952495143871003,0.3229166666666667,-0.20723906735899314,0.5662635003463947,-0.13773387845391813,0.5525823712102862,0.18540088964241921
development,67#4,PC_OFF,BC,4,96,0.4015775126314057,-0.012786927751235438,0.45929165116142406,0.8608691637928297,0.25,-0.15143839107380094,0.7678265749273123,-0.14342562115220622,0.7295390130735214,0.23984128491779666
development,67#4,PC_OFF,BC,5,96,0.3566502507611067,0.1606690952484316,0.27777380710421856,0.6344240578653252,0.10416666666666667,3.7752107782871462,3.7752107782871462,3.4839906879066036,3.4839906879066036,1.1787953838990228
development,67#4,PC_OFF,AC,1,96,0.14813557384929596,-0.0011887314500023086,0.4536524415604662,0.6017880154097622,0.20833333333333334,-0.03450180853087659,0.1228633381376009,-0.010338131876463964,0.16939055513708248,0.23249281129346566
development,67#4,PC_OFF,AC,2,96,0.039061101576496664,-0.002499576812143232,0.5355502858582145,0.5746113874347112,0.19791666666666666,-0.1797915312514912,0.3959481199417496,-0.09569765746269428,0.4198229542638618,0.3278859546133157
development,67#4,PC_OFF,AC,3,96,0.04790486406731417,-0.03923993109884137,0.5828177966539846,0.6307226607212988,0.3229166666666667,-0.20723906735899314,0.5662635003463947,-0.13773387845391813,0.5525823712102862,0.18540088964241921
development,67#4,PC_OFF,AC,4,96,0.057946964465461874,-0.03563978749024386,0.45929165116142406,0.5172386156268859,0.25,-0.15143839107380094,0.7678265749273123,-0.14342562115220622,0.7295390130735214,0.23984128491779666
development,67#4,PC_OFF,AC,5,96,0.042423960065108256,-0.0260671259775333,0.27777380710421856,0.32019776716932685,0.10416666666666667,3.7752107782871462,3.7752107782871462,3.4839906879066036,3.4839906879066036,1.1787953838990228
development,67#6,MC_OFF,BC,1,672,0.31564150691744913,-0.13915844509274503,0.47303471602855396,0.788676222946003,0.1949404761904762,0.0033643139312516733,0.09415638998607392,0.03757777570543145,0.170305751466623,0.296756949429017
development,67#6,MC_OFF,BC,2,672,0.26636264813274513,-0.10444867180909176,0.3887630130628625,0.6551256611956077,0.18898809523809523,-0.08560934198831091,0.3134405666579066,0.051612623498364145,0.3281550891310222,0.4375909160694808
development,67#6,MC_OFF,BC,3,672,0.2253892053686731,-0.06808814589092216,0.476944831018091,0.7023340363867642,0.24107142857142858,-0.14439212541534896,0.516256049556614,-0.033042009646360775,0.49494520455146634,0.32527738640515913
development,67#6,MC_OFF,BC,4,672,0.34994325407783966,0.0005114850446540087,0.4408486216503364,0.7907918757281761,0.26785714285714285,-0.18844417983697592,0.7192214456647587,-0.1627112334911306,0.6431742110759647,0.2845190188477397
development,67#6,MC_OFF,BC,5,672,0.4056550250050845,0.11767945835554722,0.3200101237443784,0.725665148749463,0.1800595238095238,3.493643723593171,3.493643723593171,3.13136307556609,3.13136307556609,1.2092973670488378
development,67#6,MC_OFF,AC,1,672,0.10376589979097386,0.04405530910914262,0.47303471602855396,0.5768006158195278,0.1949404761904762,0.0033643139312516733,0.09415638998607392,0.03757777570543145,0.170305751466623,0.296756949429017
development,67#6,MC_OFF,AC,2,672,0.07959265856673912,0.06693041770966035,0.3887630130628625,0.4683556716296016,0.18898809523809523,-0.08560934198831091,0.3134405666579066,0.051612623498364145,0.3281550891310222,0.4375909160694808
development,67#6,MC_OFF,AC,3,672,0.12804678002497485,0.06740235216692073,0.476944831018091,0.6049916110430658,0.24107142857142858,-0.14439212541534896,0.516256049556614,-0.033042009646360775,0.49494520455146634,0.32527738640515913
development,67#6,MC_OFF,AC,4,672,0.11581704710785305,0.0016054424767700875,0.4408486216503364,0.5566656687581896,0.26785714285714285,-0.18844417983697592,0.7192214456647587,-0.1627112334911306,0.6431742110759647,0.2845190188477397
development,67#6,MC_OFF,AC,5,672,0.13342291377772234,-0.00777034111317522,0.3200101237443784,0.4534330375221008,0.1800595238095238,3.493643723593171,3.493643723593171,3.13136307556609,3.13136307556609,1.2092973670488378
development,67#7,MC_ON,BC,1,672,0.2577367811155961,0.1249911802805492,0.4278698152015144,0.6856065963171105,0.25,-0.021454205113381402,0.1147548045458393,0.02667304663135736,0.18563108130504385,0.29266949043976914
development,67#7,MC_ON,BC,2,672,0.1432947526807863,0.1465431347316384,0.4236739201762948,0.5669686728570811,0.18303571428571427,-0.1769370230028168,0.3842861524217369,-0.09410328970107822,0.3774438985772153,0.3209593315966456
development,67#7,MC_ON,BC,3,672,0.2682371671752667,0.33980516019872664,0.3492269746315075,0.6174641418067741,0.12351190476190477,-0.26931820778312004,0.5700972343927585,-0.23460830926796916,0.5482225026471497,0.1832660631963404
development,67#7,MC_ON,BC,4,672,0.29266705578963725,0.05019397799692209,0.4105308697566676,0.7031979255463048,0.18303571428571427,-0.06775861219284705,0.769995782148827,-0.03722901144606617,0.7669728139270672,0.3300787080344102
development,67#7,MC_ON,BC,5,672,0.5260415376283747,0.08273259664505805,0.5851507337871711,1.1111922714155458,0.3645833333333333,3.4470424436415974,3.4470424436415974,3.245372340807686,3.245372340807686,1.3234454226850305
development,67#7,MC_ON,AC,1,672,0.4684804788005084,-0.0960521914895096,0.4278698152015144,0.8963502940020227,0.25,-0.021454205113381402,0.1147548045458393,0.02667304663135736,0.18563108130504385,0.29266949043976914
development,67#7,MC_ON,AC,2,672,0.2770208365760754,-0.11957798691160168,0.4236739201762948,0.7006947567523703,0.18303571428571427,-0.1769370230028168,0.3842861524217369,-0.09410328970107822,0.3774438985772153,0.3209593315966456
development,67#7,MC_ON,AC,3,672,0.021214671669604473,-0.13388658378969734,0.3492269746315075,0.3704416463011119,0.12351190476190477,-0.26931820778312004,0.5700972343927585,-0.23460830926796916,0.5482225026471497,0.1832660631963404
development,67#7,MC_ON,AC,4,672,0.06900812399520129,-0.09244317950968095,0.4105308697566676,0.4795389937518689,0.18303571428571427,-0.06775861219284705,0.769995782148827,-0.03722901144606617,0.7669728139270672,0.3300787080344102
development,67#7,MC_ON,AC,5,672,0.28841425599838544,0.0017795807244734285,0.5851507337871711,0.8735649897855566,0.3645833333333333,3.4470424436415974,3.4470424436415974,3.245372340807686,3.245372340807686,1.3234454226850305
development,67#14,PC_ON,BC,1,672,0.37044476663069803,0.20026476550403488,0.3684392652764309,0.7388840319071289,0.19196428571428573,-0.017495582620464727,0.11606253284048762,-0.006506249958211661,0.17892120910142414,0.22913422582615148
development,67#14,PC_ON,BC,2,672,0.20649577607936487,0.18931873923002004,0.41340990657378757,0.6199056826531524,0.19791666666666666,-0.11790719158792247,0.3868290034200375,-0.014619868612780033,0.4140508215763658,0.33815094930847966
development,67#14,PC_ON,BC,3,672,0.2377114788228018,0.25861237127579706,0.36674468330869997,0.6044561621315018,0.15327380952380953,-0.2664744599727176,0.5616268282440918,-0.19930696489993552,0.5607676477098317,0.1732334936919297
development,67#14,PC_ON,BC,4,672,0.42500449287843506,0.24524277613454407,0.2660696547433286,0.6910741476217637,0.17410714285714285,-0.23620316687386853,0.7669365666182179,-0.19444088750070573,0.7228562209807529,0.2759532068836836
development,67#14,PC_ON,BC,5,672,0.4864879891624601,0.07774750487531533,0.4083160144228011,0.8948040035852612,0.3080357142857143,3.534909651328538,3.534909651328538,3.316713919194121,3.316713919194121,1.1218437752859696
development,67#14,PC_ON,AC,1,672,0.2522254003997709,-0.07133791656383474,0.3684392652764309,0.6206646656762017,0.19196428571428573,-0.017495582620464727,0.11606253284048762,-0.006506249958211661,0.17892120910142414,0.22913422582615148
development,67#14,PC_ON,AC,2,672,0.09827324688720211,-0.060371661977628784,0.41340990657378757,0.5116831534609897,0.19791666666666666,-0.11790719158792247,0.3868290034200375,-0.014619868612780033,0.4140508215763658,0.33815094930847966
development,67#14,PC_ON,AC,3,672,0.0681534406796934,-0.05695327775913839,0.36674468330869997,0.43489812398839345,0.15327380952380953,-0.2664744599727176,0.5616268282440918,-0.19930696489993552,0.5607676477098317,0.1732334936919297
development,67#14,PC_ON,AC,4,672,0.01387154286720004,-0.05997913900954838,0.2660696547433286,0.27994119761052866,0.17410714285714285,-0.23620316687386853,0.7669365666182179,-0.19444088750070573,0.7228562209807529,0.2759532068836836
development,67#14,PC_ON,AC,5,672,0.10214124078560713,-0.0061082839291733415,0.4083160144228011,0.5104572552084082,0.3080357142857143,3.534909651328538,3.534909651328538,3.316713919194121,3.316713919194121,1.1218437752859696
development,67#21,PC_ON,BC,1,672,0.23904326431867137,0.10816921479857153,0.27286320472761494,0.5119064690462862,0.11160714285714286,-0.014152803620466633,0.11344767782278116,0.04290232060823705,0.1964115236580887,0.3042941519727127
development,67#21,PC_ON,BC,2,672,0.19794700678568808,0.12255625551884833,0.2443459163475678,0.4422929231332559,0.09672619047619048,-0.10395326862574923,0.37627305607566086,0.006304812009779609,0.4235899345452557,0.3543108480357562
development,67#21,PC_ON,BC,3,672,0.19309177419604284,0.15777399468919062,0.27080303945494244,0.4638948136509854,0.09375,-0.2804229322937317,0.5507516426538738,-0.1917075206300069,0.5637724766818994,0.2013299280677077
development,67#21,PC_ON,BC,4,672,0.17087616305332615,0.10710396877215803,0.2752137258008229,0.446089888854149,0.09970238095238096,-0.2668441780867094,0.7389592728553301,-0.22737989147774187,0.7191418430906196,0.2892606809692424
development,67#21,PC_ON,BC,5,672,0.24409555780099865,-0.012138253751546937,0.442616309060253,0.6867118668612517,0.20089285714285715,3.5139284332472016,3.5139284332472016,3.237828295425667,3.237828295425667,1.1070930192511153
development,67#21,PC_ON,AC,1,672,0.27127129838620806,-0.06930802357721191,0.27286320472761494,0.544134503113823,0.11160714285714286,-0.014152803620466633,0.11344767782278116,0.04290232060823705,0.1964115236580887,0.3042941519727127
development,67#21,PC_ON,AC,2,672,0.06375118953025154,-0.0668116765690906,0.2443459163475678,0.3080971058778193,0.09672619047619048,-0.10395326862574923,0.37627305607566086,0.006304812009779609,0.4235899345452557,0.3543108480357562
development,67#21,PC_ON,AC,3,672,0.0393845165997281,-0.06768684861533701,0.27080303945494244,0.31018755605467063,0.09375,-0.2804229322937317,0.5507516426538738,-0.1917075206300069,0.5637724766818994,0.2013299280677077
development,67#21,PC_ON,AC,4,672,0.050209244671593316,-0.06190950502400548,0.2752137258008229,0.3254229704724162,0.09970238095238096,-0.2668441780867094,0.7389592728553301,-0.22737989147774187,0.7191418430906196,0.2892606809692424
development,67#21,PC_ON,AC,5,672,0.11552396546613822,-0.049830487729756956,0.442616309060253,0.5581402745263914,0.20089285714285715,3.5139284332472016,3.5139284332472016,3.237828295425667,3.237828295425667,1.1070930192511153
development,67#26,PC_ON,BC,1,672,0.3294464148672957,0.23004846635204945,0.4818921188890241,0.8113385337563198,0.24553571428571427,-0.012183195363407623,0.1069200767332101,0.03997526825962202,0.19578682323491373,0.3065330416132683
development,67#26,PC_ON,BC,2,672,0.2676604794413374,0.23166495882266755,0.5069212102006806,0.7745816896420181,0.25892857142857145,-0.16903475881117633,0.37945516906960014,-0.08210706613400968,0.4018835637536995,0.32727756521775453
development,67#26,PC_ON,BC,3,672,0.25524099651693827,0.33697141907973627,0.4730372375424546,0.7282782340593928,0.20386904761904762,-0.22444780387450008,0.5595071428688243,-0.1516921290965456,0.5509175046048919,0.18884162017721645
development,67#26,PC_ON,BC,4,672,0.2347493610811264,0.24190265528130028,0.46654089669810295,0.7012902577792293,0.23660714285714285,-0.2159838163293898,0.7547418350043397,-0.17602149626357763,0.7330430070454289,0.24311663370779119
development,67#26,PC_ON,BC,5,672,0.37186238271765004,0.12482311834153773,0.6221301354329528,0.9939925181506029,0.42410714285714285,3.6033419031989373,3.6033419031989373,3.3443510862468124,3.3443510862468124,1.2353638520696955
development,67#26,PC_ON,AC,1,672,0.22328569605249765,-0.11963720308926497,0.4818921188890241,0.7051778149415217,0.24553571428571427,-0.012183195363407623,0.1069200767332101,0.03997526825962202,0.19578682323491373,0.3065330416132683
development,67#26,PC_ON,AC,2,672,0.05862531440284873,-0.09827920734436744,0.5069212102006806,0.5655465246035293,0.25892857142857145,-0.16903475881117633,0.37945516906960014,-0.08210706613400968,0.4018835637536995,0.32727756521775453
development,67#26,PC_ON,AC,3,672,-0.006744430505057937,-0.13284679063609675,0.4730372375424546,0.4662928070373967,0.20386904761904762,-0.22444780387450008,0.5595071428688243,-0.1516921290965456,0.5509175046048919,0.18884162017721645
development,67#26,PC_ON,AC,4,672,0.09028900727918276,-0.06458564900802548,0.46654089669810295,0.5568299039772857,0.23660714285714285,-0.2159838163293898,0.7547418350043397,-0.17602149626357763,0.7330430070454289,0.24311663370779119
development,67#26,PC_ON,AC,5,672,0.1360238246375192,-0.02116270905725369,0.6221301354329528,0.7581539600704721,0.42410714285714285,3.6033419031989373,3.6033419031989373,3.3443510862468124,3.3443510862468124,1.2353638520696955
development,67#33,MC_OFF,BC,1,672,0.23823742457441954,-0.08762711788100945,0.3793781468009262,0.6176155713753456,0.19047619047619047,0.021166070485060123,0.11512875603158743,0.09006179341619641,0.19584060589982774,0.31662257777498226
development,67#33,MC_OFF,BC,2,672,0.3646503955392987,-0.09634725076393419,0.4233420330623782,0.787992428601677,0.21577380952380953,-0.19854604094046713,0.37280878684881225,-0.10788117515478055,0.35530763357951983,0.319354666001887
development,67#33,MC_OFF,BC,3,672,0.3382658924141994,-0.048393641777526676,0.4065003139908735,0.7447662064050731,0.21577380952380953,-0.20665859893621627,0.5561968994369333,-0.1571362635060303,0.5416477255762752,0.25609111226141906
development,67#33,MC_OFF,BC,4,672,0.31231005319594846,0.03148475800706429,0.3691169149915217,0.6814269681874702,0.2544642857142857,-0.21703017804150782,0.7352840385399759,-0.1683046191244965,0.7272632116618274,0.2494128977317313
development,67#33,MC_OFF,BC,5,672,0.1636908485386553,0.06455648742982902,0.20869511819338393,0.3723859667320393,0.10863095238095238,3.244862267588663,3.244862267588663,3.016970249556881,3.016970249556881,1.1659771180334297
development,67#33,MC_OFF,AC,1,672,0.1748087188870121,0.02267724455025144,0.3793781468009262,0.5541868656879382,0.19047619047619047,0.021166070485060123,0.11512875603158743,0.09006179341619641,0.19584060589982774,0.31662257777498226
development,67#33,MC_OFF,AC,2,672,0.07438387548222282,0.05006504675423495,0.4233420330623782,0.497725908544601,0.21577380952380953,-0.19854604094046713,0.37280878684881225,-0.10788117515478055,0.35530763357951983,0.319354666001887
development,67#33,MC_OFF,AC,3,672,0.1243641899239295,0.01920568728339621,0.4065003139908735,0.5308645039148031,0.21577380952380953,-0.20665859893621627,0.5561968994369333,-0.1571362635060303,0.5416477255762752,0.25609111226141906
development,67#33,MC_OFF,AC,4,672,0.15289646766170867,3.0036159635660832e-05,0.3691169149915217,0.5220133826532303,0.2544642857142857,-0.21703017804150782,0.7352840385399759,-0.1683046191244965,0.7272632116618274,0.2494128977317313
development,67#33,MC_OFF,AC,5,672,0.09066419679976914,-0.0013523997327494557,0.20869511819338393,0.29935931499315305,0.10863095238095238,3.244862267588663,3.244862267588663,3.016970249556881,3.016970249556881,1.1659771180334297
development,67#34,PC_ON,BC,1,672,0.27646807263111417,0.13778240034815462,0.39830961156858147,0.6747776841996956,0.1949404761904762,-0.0235768666214445,0.09595133398203377,0.030508918004194308,0.20689356603777145,0.30863735342306126
development,67#34,PC_ON,BC,2,672,0.1838957102812631,0.15633385203852831,0.32870292744583585,0.512598637727099,0.14583333333333334,-0.1136250978870521,0.3393540931059154,-0.020247582945514635,0.37428193078509747,0.38495775508230035
development,67#34,PC_ON,BC,3,672,0.14120845635968757,0.15077540801718564,0.35084639283585467,0.4920548491955423,0.1324404761904762,-0.24445820499871238,0.5501859937891519,-0.2010376366684752,0.4980660387795113,0.19210318532435583
development,67#34,PC_ON,BC,4,672,0.2780090440042125,0.11567159447365527,0.32327571414997114,0.6012847581541837,0.18154761904761904,-0.14076526698772795,0.7677657967142295,-0.07008848526909006,0.7435595738857262,0.28744703864929316
development,67#34,PC_ON,BC,5,672,0.35500782771383044,0.011976770761354172,0.4969020200534198,0.8519098477672503,0.28720238095238093,3.7656721494859084,3.7656721494859084,3.4706217858475568,3.4706217858475568,1.0782901136639271
development,67#34,PC_ON,AC,1,672,0.28999819640077995,-0.07857525538668303,0.39830961156858147,0.6883078079693614,0.1949404761904762,-0.0235768666214445,0.09595133398203377,0.030508918004194308,0.20689356603777145,0.30863735342306126
development,67#34,PC_ON,AC,2,672,0.09518638110658137,-0.07064972349958185,0.32870292744583585,0.42388930855241724,0.14583333333333334,-0.1136250978870521,0.3393540931059154,-0.020247582945514635,0.37428193078509747,0.38495775508230035
development,67#34,PC_ON,AC,3,672,0.12073197913115759,-0.06554644504658746,0.35084639283585467,0.4715783719670123,0.1324404761904762,-0.24445820499871238,0.5501859937891519,-0.2010376366684752,0.4980660387795113,0.19210318532435583
development,67#34,PC_ON,AC,4,672,0.06097140622203188,-0.06481147275258917,0.32327571414997114,0.38424712037200304,0.18154761904761904,-0.14076526698772795,0.7677657967142295,-0.07008848526909006,0.7435595738857262,0.28744703864929316
development,67#34,PC_ON,AC,5,672,0.16307786388019213,-0.03211811658126099,0.4969020200534198,0.6599798839336118,0.28720238095238093,3.7656721494859084,3.7656721494859084,3.4706217858475568,3.4706217858475568,1.0782901136639271
development,68#3,MC_OFF,BC,1,672,0.33486619009838325,-0.09216114493924712,0.5645063164110052,0.8993725065093886,0.31994047619047616,-0.009481210464274328,0.10423026522410812,0.026334441027990044,0.14644261951782073,0.31368202931884914
development,68#3,MC_OFF,BC,2,672,0.34226180622890673,-0.0645327027335505,0.49627203059244773,0.8385338368213544,0.31398809523809523,-0.07005899368561883,0.319422723538068,0.026475168146881074,0.3216443759098556,0.37572686948771084
development,68#3,MC_OFF,BC,3,672,0.2716540890304829,-0.03860428241882307,0.5073235411196928,0.7789776301501757,0.3005952380952381,-0.1606464130260671,0.5193499747903034,-0.09833135459251562,0.48515164461973775,0.21778923234718855
development,68#3,MC_OFF,BC,4,672,0.5115499312760553,0.03537766300120243,0.45824697941191406,0.9697969106879696,0.30505952380952384,-0.21786841255945746,0.7105857103088056,-0.12707130691809743,0.7152858266612595,0.3276962650754341
development,68#3,MC_OFF,BC,5,672,0.23938371957733956,0.16366839219109036,0.3866605219220751,0.6260442414994147,0.2261904761904762,3.1189554988086456,3.1189554988086456,2.9219255592250146,2.9219255592250146,1.2708474538859111
development,68#3,MC_OFF,AC,1,672,0.12989063933976078,0.0909563529067533,0.5645063164110052,0.6943969557507659,0.31994047619047616,-0.009481210464274328,0.10423026522410812,0.026334441027990044,0.14644261951782073,0.31368202931884914
development,68#3,MC_OFF,AC,2,672,0.12104284668834955,0.07437343058239618,0.49627203059244773,0.6173148772807974,0.31398809523809523,-0.07005899368561883,0.319422723538068,0.026475168146881074,0.3216443759098556,0.37572686948771084
development,68#3,MC_OFF,AC,3,672,0.05836966688002007,0.04323624719811903,0.5073235411196928,0.5656932079997129,0.3005952380952381,-0.1606464130260671,0.5193499747903034,-0.09833135459251562,0.48515164461973775,0.21778923234718855
development,68#3,MC_OFF,AC,4,672,0.11955709871936697,-2.863071269658758e-06,0.45824697941191406,0.5778040781312811,0.30505952380952384,-0.21786841255945746,0.7105857103088056,-0.12707130691809743,0.7152858266612595,0.3276962650754341
development,68#3,MC_OFF,AC,5,672,0.16590130491744848,-0.0007331914394601334,0.3866605219220751,0.5525618268395236,0.2261904761904762,3.1189554988086456,3.1189554988086456,2.9219255592250146,2.9219255592250146,1.2708474538859111
development,68#4,PC_ON,BC,1,576,0.03615072729396527,0.011164287727696842,0.47130554336235764,0.5074562706563229,0.1840277777777778,-0.018215735360879788,0.09417478864917131,0.09574071866582774,0.23018555734103074,0.33292206755514875
development,68#4,PC_ON,BC,2,576,0.02228993886526765,0.04917302762471287,0.4370013660483818,0.45929130491364945,0.16493055555555555,-0.19378405131444898,0.3759656688602667,-0.07849079955885685,0.3711743331728954,0.3261793676838541
development,68#4,PC_ON,BC,3,576,0.04115103097039227,0.023771296402031135,0.4651478305904754,0.5062988615608677,0.1892361111111111,-0.19682683477488655,0.5485825309685121,-0.14089601544818228,0.5284823982995022,0.2197259007376002
development,68#4,PC_ON,BC,4,576,0.05627312121219433,-0.007845842844503414,0.40979221582978453,0.46606533704197894,0.18229166666666666,-0.2949952769041475,0.727575286783071,-0.2687075771952247,0.6800925896674622,0.22717370012772667
development,68#4,PC_ON,BC,5,576,0.07541659644952617,-0.03271737784520709,0.35438999541692734,0.42980659186645354,0.1371527777777778,3.6176122191569045,3.6176122191569045,3.3143124796097254,3.3143124796097254,1.0362639741586976
development,68#4,PC_ON,AC,1,576,0.3107279110960309,-0.10535000810129447,0.47130554336235764,0.7820334544583886,0.1840277777777778,-0.018215735360879788,0.09417478864917131,0.09574071866582774,0.23018555734103074,0.33292206755514875
development,68#4,PC_ON,AC,2,576,0.23863062037484775,-0.1302656809640482,0.4370013660483818,0.6756319864232295,0.16493055555555555,-0.19378405131444898,0.3759656688602667,-0.07849079955885685,0.3711743331728954,0.3261793676838541
development,68#4,PC_ON,AC,3,576,0.22802230613604785,-0.10839049297944486,0.4651478305904754,0.6931701367265232,0.1892361111111111,-0.19682683477488655,0.5485825309685121,-0.14089601544818228,0.5284823982995022,0.2197259007376002
development,68#4,PC_ON,AC,4,576,0.24275935998338097,-0.07564552695454747,0.40979221582978453,0.6525515758131655,0.18229166666666666,-0.2949952769041475,0.727575286783071,-0.2687075771952247,0.6800925896674622,0.22717370012772667
development,68#4,PC_ON,AC,5,576,0.24390909782671966,0.0314005140879601,0.35438999541692734,0.598299093243647,0.1371527777777778,3.6176122191569045,3.6176122191569045,3.3143124796097254,3.3143124796097254,1.0362639741586976
development,68#7,PC_ON,BC,1,672,0.40026418192428637,0.12570749214244054,0.2854918256205851,0.6857560075448715,0.14136904761904762,0.00683221767606786,0.10654315440751816,0.07528677916138804,0.18991687847876296,0.3124303378833293
development,68#7,PC_ON,BC,2,672,0.374319299793602,0.23693825045884642,0.33679102594506455,0.7111103257386666,0.1488095238095238,-0.14257388505059984,0.3734077291219364,-0.08657486004591147,0.3642740903340143,0.2953458800008375
development,68#7,PC_ON,BC,3,672,0.19532408938310925,0.2018284660130471,0.3279336414171221,0.5232577308002313,0.1324404761904762,-0.22601987816839633,0.5515421437303303,-0.17636415854663243,0.5260161375651174,0.20718951439541783
development,68#7,PC_ON,BC,4,672,0.36944733102884736,0.22525076320670054,0.3351997746301522,0.7046471056589996,0.17410714285714285,-0.251197877524343,0.7147537620136669,-0.17705930806087486,0.7065197113745723,0.2911707288579584
development,68#7,PC_ON,BC,5,672,0.35276190834363297,0.056846101863092635,0.46809968234677324,0.8208615906904061,0.28273809523809523,3.198994315309392,3.198994315309392,2.945841382374402,2.945841382374402,1.115230898038518
development,68#7,PC_ON,AC,1,672,0.2629485207238668,-0.08391360956199892,0.2854918256205851,0.5484403463444519,0.14136904761904762,0.00683221767606786,0.10654315440751816,0.07528677916138804,0.18991687847876296,0.3124303378833293
development,68#7,PC_ON,AC,2,672,0.08776892446920519,-0.0879559463288083,0.33679102594506455,0.4245599504142697,0.1488095238095238,-0.14257388505059984,0.3734077291219364,-0.08657486004591147,0.3642740903340143,0.2953458800008375
development,68#7,PC_ON,AC,3,672,0.09580328143376618,-0.08486342878663092,0.3279336414171221,0.42373692285088826,0.1324404761904762,-0.22601987816839633,0.5515421437303303,-0.17636415854663243,0.5260161375651174,0.20718951439541783
development,68#7,PC_ON,AC,4,672,0.051131655880850314,-0.0740435035067149,0.3351997746301522,0.38633143051100255,0.17410714285714285,-0.251197877524343,0.7147537620136669,-0.17705930806087486,0.7065197113745723,0.2911707288579584
development,68#7,PC_ON,AC,5,672,0.10768397732770388,-0.045367324243025836,0.46809968234677324,0.5757836596744771,0.28273809523809523,3.198994315309392,3.198994315309392,2.945841382374402,2.945841382374402,1.115230898038518
development,68#10,MC_ON,BC,1,96,0.12716868510557947,0.1027982101845448,0.39435411231532386,0.5215227974209034,0.1875,-0.0013073736155010068,0.06467441242589164,0.09209499351228649,0.19865176857763886,0.3608925435312769
development,68#10,MC_ON,BC,2,96,0.15415430495186158,0.14159847068969364,0.3646679795259345,0.5188222844777961,0.17708333333333334,-0.0987898395868604,0.26026586995849904,-0.06441701064241422,0.2702794679430337,0.2830368264447631
development,68#10,MC_ON,BC,3,96,0.16114359371447298,0.1462428151263231,0.23920464069751593,0.4003482344119889,0.052083333333333336,-0.19309176154439975,0.4822396138902563,-0.15783129179323752,0.46300644937378993,0.22785427941170308
development,68#10,MC_ON,BC,4,96,0.3270075663221675,0.22788653149047694,0.2646033709543159,0.5916109372764834,0.09375,-0.20172467117553236,0.6968273641164573,-0.18412298716573006,0.6661335176294457,0.23506317252972386
development,68#10,MC_ON,BC,5,96,0.416393154957055,0.03588387713112918,0.38038829322492,0.7967814481819749,0.2916666666666667,2.04880903740096,2.04880903740096,2.0106852454322333,2.0106852454322333,1.0355822745834173
development,68#10,MC_ON,AC,1,96,0.16897166326938481,-0.08838177129630462,0.39435411231532386,0.5633257755847086,0.1875,-0.0013073736155010068,0.06467441242589164,0.09209499351228649,0.19865176857763886,0.3608925435312769
development,68#10,MC_ON,AC,2,96,0.13325843489560585,-0.09855406608511103,0.3646679795259345,0.49792641442154034,0.17708333333333334,-0.0987898395868604,0.26026586995849904,-0.06441701064241422,0.2702794679430337,0.2830368264447631
development,68#10,MC_ON,AC,3,96,-0.02312102817867781,-0.09776005888764139,0.23920464069751593,0.21608361251883812,0.052083333333333336,-0.19309176154439975,0.4822396138902563,-0.15783129179323752,0.46300644937378993,0.22785427941170308
development,68#10,MC_ON,AC,4,96,-0.039895175219342625,-0.09778629943770199,0.2646033709543159,0.22470819573497328,0.09375,-0.20172467117553236,0.6968273641164573,-0.18412298716573006,0.6661335176294457,0.23506317252972386
development,68#10,MC_ON,AC,5,96,0.060347333012166444,-0.0038693699966104453,0.38038829322492,0.44073562623708645,0.2916666666666667,2.04880903740096,2.04880903740096,2.0106852454322333,2.0106852454322333,1.0355822745834173
development,68#11,PC_OFF,BC,1,672,0.188940960348348,-0.033482682367721284,0.3839705312121355,0.5729114915604835,0.15029761904761904,0.028243490298892636,0.0978347905618951,0.1301756831277269,0.2284098130017611,0.34653269689474897
development,68#11,PC_OFF,BC,2,672,0.19809063210282718,-0.07569086989298507,0.4271092487770034,0.6251998808798305,0.17857142857142858,-0.19089611227779338,0.3642268660736994,-0.06976988687330514,0.37980480394418475,0.3413241661129585
development,68#11,PC_OFF,BC,3,672,0.29193838219283624,-0.027325487803149612,0.47048910271149647,0.7624274849043328,0.24107142857142858,-0.2551261026205288,0.5478136546702848,-0.21086528202181398,0.5259330083595918,0.17223732210383402
development,68#11,PC_OFF,BC,4,672,0.27486174088169835,0.046391402139858894,0.4017677837548272,0.6766295246365255,0.22321428571428573,-0.31080369749623865,0.7277946321604153,-0.25475492880893097,0.6884096591505416,0.23422508127232627
development,68#11,PC_OFF,BC,5,672,0.05861736758764492,0.057635881385255876,0.21125449983607647,0.2698718674237214,0.06101190476190476,3.4424830307252705,3.4424830307252705,3.167241273015103,3.167241273015103,1.033960505554333
development,68#11,PC_OFF,AC,1,672,0.07030278454850039,-0.00028102219669878114,0.3839705312121355,0.4542733157606359,0.15029761904761904,0.028243490298892636,0.0978347905618951,0.1301756831277269,0.2284098130017611,0.34653269689474897
development,68#11,PC_OFF,AC,2,672,0.004478553625856209,0.0013361214870128285,0.4271092487770034,0.43158780240285954,0.17857142857142858,-0.19089611227779338,0.3642268660736994,-0.06976988687330514,0.37980480394418475,0.3413241661129585
development,68#11,PC_OFF,AC,3,672,0.01773601389474138,-0.004589481109384175,0.47048910271149647,0.4882251166062379,0.24107142857142858,-0.2551261026205288,0.5478136546702848,-0.21086528202181398,0.5259330083595918,0.17223732210383402
development,68#11,PC_OFF,AC,4,672,0.07224998202986944,-0.0005725026986630243,0.4017677837548272,0.4740177657846966,0.22321428571428573,-0.31080369749623865,0.7277946321604153,-0.25475492880893097,0.6884096591505416,0.23422508127232627
development,68#11,PC_OFF,AC,5,672,0.022650312670662948,-0.004020990476686612,0.21125449983607647,0.23390481250673945,0.06101190476190476,3.4424830307252705,3.4424830307252705,3.167241273015103,3.167241273015103,1.033960505554333
development,69#3,PC_OFF,BC,1,672,0.20043238469353997,-0.039468102421613874,0.5396614475630721,0.7400938322566122,0.2916666666666667,-0.011814973688965816,0.11161481664412538,0.051113839993599364,0.20828909253796157,0.27894830833793666
development,69#3,PC_OFF,BC,2,672,0.14331352123018468,-0.0038324250601353693,0.578663766662068,0.7219772878922526,0.33482142857142855,-0.19480227692595994,0.38290646046031424,-0.14312216452938933,0.36282281176673775,0.2804536107727756
development,69#3,PC_OFF,BC,3,672,0.16293256041153562,0.0028919930930061954,0.5948657130996929,0.7577982735112285,0.3794642857142857,-0.18572270454023965,0.5610635808843654,-0.10566152293807438,0.5248906493899994,0.19371972190243886
development,69#3,PC_OFF,BC,4,672,0.17675739250523856,0.12376564072245605,0.5354976536695869,0.7122550461748255,0.34672619047619047,-0.21776700773746901,0.771386333807944,-0.16517004923484313,0.7260665505120414,0.2832901371754945
development,69#3,PC_OFF,BC,5,672,0.14192410480667542,0.14966419414106202,0.5276111028612431,0.6695352076679184,0.28422619047619047,3.6971237305551767,3.6971237305551767,3.417484748799729,3.417484748799729,1.1485133462308033
development,69#3,PC_OFF,AC,1,672,0.07603856045466591,0.05490506939366657,0.5396614475630721,0.615700008017738,0.2916666666666667,-0.011814973688965816,0.11161481664412538,0.051113839993599364,0.20828909253796157,0.27894830833793666
development,69#3,PC_OFF,AC,2,672,0.007631958952297296,0.05390841906587296,0.578663766662068,0.5862957256143652,0.33482142857142855,-0.19480227692595994,0.38290646046031424,-0.14312216452938933,0.36282281176673775,0.2804536107727756
development,69#3,PC_OFF,AC,3,672,0.019198728422778966,-0.005695770269702832,0.5948657130996929,0.6140644415224719,0.3794642857142857,-0.18572270454023965,0.5610635808843654,-0.10566152293807438,0.5248906493899994,0.19371972190243886
development,69#3,PC_OFF,AC,4,672,0.030191874496933606,0.0009042886795310977,0.5354976536695869,0.5656895281665205,0.34672619047619047,-0.21776700773746901,0.771386333807944,-0.16517004923484313,0.7260665505120414,0.2832901371754945
development,69#3,PC_OFF,AC,5,672,0.03929453163623289,-0.0032438359709480273,0.5276111028612431,0.566905634497476,0.28422619047619047,3.6971237305551767,3.6971237305551767,3.417484748799729,3.417484748799729,1.1485133462308033
development,69#4,MC_ON,BC,1,576,0.17135542684858082,0.054993190252425384,0.36725750371578847,0.5386129305643692,0.18055555555555555,-0.006637182098093792,0.11436214864893753,0.03590775066461069,0.19679885168775021,0.3032043400858041
development,69#4,MC_ON,BC,2,576,0.08556393954859044,0.12275336580503979,0.46930474338398553,0.5548686829325761,0.22395833333333334,-0.20606240273361134,0.3827653077806948,-0.12973381347324497,0.36280730922084736,0.2955916331570485
development,69#4,MC_ON,BC,3,576,0.25766011456253846,0.25552038809001393,0.4064757180389454,0.6641358326014838,0.1701388888888889,-0.2019845209841151,0.5645880157923481,-0.17375362728055027,0.541311102541436,0.18110671664411665
development,69#4,MC_ON,BC,4,576,0.2751847827667688,0.03506980725635728,0.3619264607065952,0.637111243473364,0.16493055555555555,-0.13235131494632998,0.7634780842941837,-0.07933974996497756,0.7671542324992009,0.31175265379359146
development,69#4,MC_ON,BC,5,576,0.5720297604262129,-0.0033543420949310424,0.5251177354546946,1.0971474958809073,0.3090277777777778,3.489243248921897,3.489243248921897,3.3541447454978575,3.3541447454978575,1.2624500363529174
development,69#4,MC_ON,AC,1,576,0.4900229214567656,-0.1084262657314424,0.36725750371578847,0.8572804251725541,0.18055555555555555,-0.006637182098093792,0.11436214864893753,0.03590775066461069,0.19679885168775021,0.3032043400858041
development,69#4,MC_ON,AC,2,576,0.4204337316420832,-0.06588846339624736,0.46930474338398553,0.889738475026069,0.22395833333333334,-0.20606240273361134,0.3827653077806948,-0.12973381347324497,0.36280730922084736,0.2955916331570485
development,69#4,MC_ON,AC,3,576,0.10846710340464304,-0.11461500690883938,0.4064757180389454,0.5149428214435885,0.1701388888888889,-0.2019845209841151,0.5645880157923481,-0.17375362728055027,0.541311102541436,0.18110671664411665
development,69#4,MC_ON,AC,4,576,0.12442808346987613,-0.07201228421951725,0.3619264607065952,0.4863545441764713,0.16493055555555555,-0.13235131494632998,0.7634780842941837,-0.07933974996497756,0.7671542324992009,0.31175265379359146
development,69#4,MC_ON,AC,5,576,0.2743662295864166,-0.0021633456107738036,0.5251177354546946,0.7994839650411112,0.3090277777777778,3.489243248921897,3.489243248921897,3.3541447454978575,3.3541447454978575,1.2624500363529174
development,69#6,MC_OFF,BC,1,672,0.32518609750258937,-0.13514939244543278,0.5061335019198249,0.8313195994224142,0.17857142857142858,-0.011004200051680088,0.11690615800469939,0.015214148835763235,0.20651644243204798,0.3110164904965902
development,69#6,MC_OFF,BC,2,672,0.26883609973293127,-0.09312676022862548,0.46263272186651117,0.7314688215994425,0.24404761904761904,-0.15515498230468855,0.35846802001040673,-0.0698032621679004,0.35903424156221625,0.35770346406610837
development,69#6,MC_OFF,BC,3,672,0.23788122878487825,-0.10736271895932259,0.4809953543406947,0.7188765831255729,0.23214285714285715,-0.2556817075140619,0.555697256798456,-0.22734431759344065,0.5218751552410222,0.15721896626792772
development,69#6,MC_OFF,BC,4,672,0.15861690872544412,-0.05532633656136368,0.4007639381165982,0.5593808468420423,0.22023809523809523,-0.02494186947669964,0.7783803804990245,-0.04177185736956414,0.7205767550833778,0.32566890531583564
development,69#6,MC_OFF,BC,5,672,0.28421356008491766,0.04848646535907912,0.3146127171166289,0.5988262772015466,0.1636904761904762,3.6339366121117056,3.6339366121117056,3.3860330477967215,3.3860330477967215,1.2888762243943281
development,69#6,MC_OFF,AC,1,672,0.08696708698513864,0.07466845338477773,0.5061335019198249,0.5931005889049634,0.17857142857142858,-0.011004200051680088,0.11690615800469939,0.015214148835763235,0.20651644243204798,0.3110164904965902
development,69#6,MC_OFF,AC,2,672,0.11269510833518134,0.044952725531732296,0.46263272186651117,0.5753278302016925,0.24404761904761904,-0.15515498230468855,0.35846802001040673,-0.0698032621679004,0.35903424156221625,0.35770346406610837
development,69#6,MC_OFF,AC,3,672,0.09599905878601467,0.14491464008875207,0.4809953543406947,0.5769944131267094,0.23214285714285715,-0.2556817075140619,0.555697256798456,-0.22734431759344065,0.5218751552410222,0.15721896626792772
development,69#6,MC_OFF,AC,4,672,0.20041798732149083,0.009393936330052765,0.4007639381165982,0.601181925438089,0.22023809523809523,-0.02494186947669964,0.7783803804990245,-0.04177185736956414,0.7205767550833778,0.32566890531583564
development,69#6,MC_OFF,AC,5,672,0.17586502627652983,-0.012568084019036457,0.3146127171166289,0.4904777433931587,0.1636904761904762,3.6339366121117056,3.6339366121117056,3.3860330477967215,3.3860330477967215,1.2888762243943281
development,69#7,MC_ON,BC,1,672,0.253817300182596,0.1187317599416371,0.44779318082732056,0.7016104810099166,0.21726190476190477,-0.014795675553475324,0.12049977587987035,0.028047473661571433,0.20560432888530358,0.31295094350719627
development,69#7,MC_ON,BC,2,672,0.15596636332125988,0.17140958267808148,0.4548546672134388,0.6108210305346986,0.20833333333333334,-0.1750338487732108,0.3736922402588871,-0.0908697459764072,0.3463330961285464,0.33233001994078626
development,69#7,MC_ON,BC,3,672,0.20468724112592013,0.2969482130803416,0.40462602923407076,0.6093132703599908,0.17708333333333334,-0.2250134141106375,0.5596856449614683,-0.2113547594183021,0.5386021994781913,0.1499263804342794
development,69#7,MC_ON,BC,4,672,0.15559395431919398,0.10404273191625578,0.4601335218252758,0.6157274761444698,0.17261904761904762,-0.09247715524624152,0.7708759186417511,-0.08728738927068964,0.7308206904449939,0.3039786874310991
development,69#7,MC_ON,BC,5,672,0.2693295985239227,0.00011077550173733009,0.552253697246381,0.8215832957703038,0.29464285714285715,3.593317683222671,3.593317683222671,3.403307771753134,3.403307771753134,1.3244531809616973
development,69#7,MC_ON,AC,1,672,0.32323759849557454,-0.06972089765594167,0.44779318082732056,0.7710307793228951,0.21726190476190477,-0.014795675553475324,0.12049977587987035,0.028047473661571433,0.20560432888530358,0.31295094350719627
development,69#7,MC_ON,AC,2,672,0.28626731088951096,-0.08001454160917473,0.4548546672134388,0.7411219781029498,0.20833333333333334,-0.1750338487732108,0.3736922402588871,-0.0908697459764072,0.3463330961285464,0.33233001994078626
development,69#7,MC_ON,AC,3,672,0.13122005310044885,-0.12213598568213979,0.40462602923407076,0.5358460823345196,0.17708333333333334,-0.2250134141106375,0.5596856449614683,-0.2113547594183021,0.5386021994781913,0.1499263804342794
development,69#7,MC_ON,AC,4,672,0.09407789270120429,-0.06278029536598922,0.4601335218252758,0.5542114145264802,0.17261904761904762,-0.09247715524624152,0.7708759186417511,-0.08728738927068964,0.7308206904449939,0.3039786874310991
development,69#7,MC_ON,AC,5,672,0.4113456474488827,0.031136908057262352,0.552253697246381,0.9635993446952638,0.29464285714285715,3.593317683222671,3.593317683222671,3.403307771753134,3.403307771753134,1.3244531809616973
development,69#21,PC_OFF,BC,1,576,0.3193078021878418,-0.023162867206043658,0.4731347179084311,0.792442520096273,0.2065972222222222,-0.009658795388531871,0.14892006210478334,0.0982622286018817,0.24043993441496456,0.3046783526613203
development,69#21,PC_OFF,BC,2,576,0.13599007655449136,-0.07783905220907605,0.5315570239998417,0.6675471005543331,0.23958333333333334,-0.21976131899282336,0.41726145348123583,-0.07454589803418935,0.4670602859997588,0.341072903920308
development,69#21,PC_OFF,BC,3,576,0.11807551213329294,-0.02548568301188961,0.4502885523623728,0.5683640644956659,0.1892361111111111,-0.2345047249691561,0.5912379543685043,-0.1834158320572377,0.5489099299319649,0.183717487584587
development,69#21,PC_OFF,BC,4,576,0.2254169856278589,0.05567810568733397,0.5229472243004819,0.7483642099283407,0.3038194444444444,-0.23439167523368573,0.7820419493170144,-0.17453483906034042,0.7795005204853146,0.24384337845903278
development,69#21,PC_OFF,BC,5,576,0.21498203801581972,0.1338887025317584,0.41006713655543753,0.6250491745712572,0.17708333333333334,3.472805440503483,3.472805440503483,3.2963597433840075,3.2963597433840075,1.0898969418844402
development,69#21,PC_OFF,AC,1,576,0.01410654137265789,-0.004254236508571677,0.4731347179084311,0.4872412592810891,0.2065972222222222,-0.009658795388531871,0.14892006210478334,0.0982622286018817,0.24043993441496456,0.3046783526613203
development,69#21,PC_OFF,AC,2,576,0.058774180196302726,0.002715791319480937,0.5315570239998417,0.5903312041961445,0.23958333333333334,-0.21976131899282336,0.41726145348123583,-0.07454589803418935,0.4670602859997588,0.341072903920308
development,69#21,PC_OFF,AC,3,576,0.028366936917811725,-0.0011718154261427527,0.4502885523623728,0.4786554892801846,0.1892361111111111,-0.2345047249691561,0.5912379543685043,-0.1834158320572377,0.5489099299319649,0.183717487584587
development,69#21,PC_OFF,AC,4,576,0.05492591236118197,-0.005354587375983828,0.5229472243004819,0.5778731366616638,0.3038194444444444,-0.23439167523368573,0.7820419493170144,-0.17453483906034042,0.7795005204853146,0.24384337845903278
development,69#21,PC_OFF,AC,5,576,0.04476078268840179,-0.011342739245964555,0.41006713655543753,0.45482791924383925,0.17708333333333334,3.472805440503483,3.472805440503483,3.2963597433840075,3.2963597433840075,1.0898969418844402
development,70#1,PC_ON,BC,1,576,0.05690980585466337,0.04776263497545702,0.47910719509422406,0.5360170009488875,0.20833333333333334,-0.0019043233652761653,0.11318541950443735,0.03414828353290779,0.17789822429219948,0.34257337115386627
development,70#1,PC_ON,BC,2,576,0.04492314467618422,0.06888810287400737,0.5392907081567329,0.5842138528329169,0.2482638888888889,-0.05349422350991517,0.3668828746691967,0.08145285796043329,0.3827482496809201,0.38814577676630285
development,70#1,PC_ON,BC,3,576,0.06702383401907179,0.08541191488200539,0.5110486177825051,0.5780724518015768,0.22743055555555555,-0.060232424556488695,0.5740710088760655,0.06988964251580737,0.5754217716180609,0.34249693040606705
development,70#1,PC_ON,BC,4,576,0.08775096396895467,0.029511484976614377,0.5436095174566652,0.6313604814256197,0.2552083333333333,0.05542361603875179,0.8553925158873122,0.1461609802257347,0.8190453793580499,0.42463964935619725
development,70#1,PC_ON,BC,5,576,0.17746231974291302,0.017150693727279176,0.5340519354029399,0.7115142551458531,0.2795138888888889,3.6251396785179772,3.6251396785179772,3.314331949025689,3.314331949025689,1.2141320581070316
development,70#1,PC_ON,AC,1,576,0.2524433553753772,-0.04239745286461924,0.47910719509422406,0.7315505504696014,0.20833333333333334,-0.0019043233652761653,0.11318541950443735,0.03414828353290779,0.17789822429219948,0.34257337115386627
development,70#1,PC_ON,AC,2,576,0.09012185953059834,-0.06113930013265828,0.5392907081567329,0.6294125676873311,0.2482638888888889,-0.05349422350991517,0.3668828746691967,0.08145285796043329,0.3827482496809201,0.38814577676630285
development,70#1,PC_ON,AC,3,576,0.056660055329061834,-0.03768973885019258,0.5110486177825051,0.5677086731115669,0.22743055555555555,-0.060232424556488695,0.5740710088760655,0.06988964251580737,0.5754217716180609,0.34249693040606705
development,70#1,PC_ON,AC,4,576,0.1258061286399475,-0.015141479682212688,0.5436095174566652,0.6694156460966126,0.2552083333333333,0.05542361603875179,0.8553925158873122,0.1461609802257347,0.8190453793580499,0.42463964935619725
development,70#1,PC_ON,AC,5,576,0.1390062260161108,0.015824477645629997,0.5340519354029399,0.6730581614190508,0.2795138888888889,3.6251396785179772,3.6251396785179772,3.314331949025689,3.314331949025689,1.2141320581070316
development,70#7,PC_ON,BC,1,672,0.2875311471774039,0.20275228647403237,0.4829198591969626,0.7704510063743665,0.23660714285714285,-0.010748924433250472,0.12163553637987609,0.09617206198452097,0.23737888745947655,0.3110128257866982
development,70#7,PC_ON,BC,2,672,0.2462988452639467,0.24040327950537335,0.4653630845125141,0.7116619297764609,0.21428571428571427,-0.21946126829910398,0.3920927980992322,-0.12131734339386133,0.3802493049333861,0.3403746768603053
development,70#7,PC_ON,BC,3,672,0.2819796093906155,0.2759104192094338,0.40543640068924963,0.6874160100798651,0.16815476190476192,-0.19114607352659932,0.5605911070532683,-0.12178517846429411,0.5378529491653252,0.20100861434832648
development,70#7,PC_ON,BC,4,672,0.22608370179264142,0.10161861748156154,0.43325077017683206,0.6593344719694736,0.20982142857142858,-0.25581259712635074,0.7440291206698424,-0.24029941792404214,0.701799773386948,0.23540805718676072
development,70#7,PC_ON,BC,5,672,0.39792818238083794,0.07447157333113334,0.5637779476296675,0.9617061300105053,0.34375,3.593482489438934,3.593482489438934,3.333003646655319,3.333003646655319,1.0457786472214985
development,70#7,PC_ON,AC,1,672,0.3114355327000872,-0.11532577993469842,0.4829198591969626,0.7943553918970501,0.23660714285714285,-0.010748924433250472,0.12163553637987609,0.09617206198452097,0.23737888745947655,0.3110128257866982
development,70#7,PC_ON,AC,2,672,0.07198351646644008,-0.11608858726379792,0.4653630845125141,0.5373466009789543,0.21428571428571427,-0.21946126829910398,0.3920927980992322,-0.12131734339386133,0.3802493049333861,0.3403746768603053
development,70#7,PC_ON,AC,3,672,0.011073759871502333,-0.10356015168769765,0.40543640068924963,0.4165101605607519,0.16815476190476192,-0.19114607352659932,0.5605911070532683,-0.12178517846429411,0.5378529491653252,0.20100861434832648
development,70#7,PC_ON,AC,4,672,0.12389209981068469,-0.0731175821294405,0.43325077017683206,0.5571428699875168,0.20982142857142858,-0.25581259712635074,0.7440291206698424,-0.24029941792404214,0.701799773386948,0.23540805718676072
development,70#7,PC_ON,AC,5,672,0.08178486002381599,-0.02127461244560315,0.5637779476296675,0.6455628076534834,0.34375,3.593482489438934,3.593482489438934,3.333003646655319,3.333003646655319,1.0457786472214985
development,70#15,PC_ON,BC,1,576,0.1553566843760317,0.09479306021414727,0.4059854819359923,0.5613421663120239,0.1597222222222222,0.00387831930614387,0.09469081699110878,0.03619748243474419,0.14957113912531858,0.24152509982760165
development,70#15,PC_ON,BC,2,576,0.12992219529337634,0.12299239962588902,0.3548761334939792,0.48479832878735546,0.1267361111111111,-0.13667854346022068,0.3249854145209004,0.024858735843563313,0.33948168953909175,0.49393987596163164
development,70#15,PC_ON,BC,3,576,0.131386054065405,0.11014954453705611,0.3313213533878344,0.4627074074532395,0.10590277777777778,-0.14299169837128525,0.5446909105667146,-0.07962581928575219,0.48454857364788495,0.24403490059073485
development,70#15,PC_ON,BC,4,576,0.18264290662884652,0.12407246954705674,0.5160606683662047,0.6987035749950512,0.22569444444444445,-0.07513196211463462,0.7748636893229559,-0.0429158982080177,0.7054059678604668,0.3586549992070433
development,70#15,PC_ON,BC,5,576,0.3731206484608801,0.015933089362421722,0.5442268812183273,0.9173475296792076,0.2638888888888889,3.6382426541191912,3.6382426541191912,3.3585510608481854,3.3585510608481854,1.1942111331296859
development,70#15,PC_ON,AC,1,576,0.3387330905041932,-0.08627991072255636,0.4059854819359923,0.7447185724401856,0.1597222222222222,0.00387831930614387,0.09469081699110878,0.03619748243474419,0.14957113912531858,0.24152509982760165
development,70#15,PC_ON,AC,2,576,0.06238491620097043,-0.09573951315638607,0.3548761334939792,0.4172610496949496,0.1267361111111111,-0.13667854346022068,0.3249854145209004,0.024858735843563313,0.33948168953909175,0.49393987596163164
development,70#15,PC_ON,AC,3,576,0.06453207180509961,-0.08139753129645286,0.3313213533878344,0.3958534251929341,0.10590277777777778,-0.14299169837128525,0.5446909105667146,-0.07962581928575219,0.48454857364788495,0.24403490059073485
development,70#15,PC_ON,AC,4,576,0.15424879654521717,-0.06250086048069517,0.5160606683662047,0.6703094649114218,0.22569444444444445,-0.07513196211463462,0.7748636893229559,-0.0429158982080177,0.7054059678604668,0.3586549992070433
development,70#15,PC_ON,AC,5,576,0.14370368530197083,-0.07023915408213198,0.5442268812183273,0.6879305665202983,0.2638888888888889,3.6382426541191912,3.6382426541191912,3.3585510608481854,3.3585510608481854,1.1942111331296859
development,70#34,MC_ON,BC,1,672,0.2371402917575202,0.10787843062984545,0.3652999144912516,0.6024402062487717,0.18452380952380953,0.01233627472961554,0.10417495152866899,0.08788554809187656,0.20274805838251841,0.3654509216542327
development,70#34,MC_ON,BC,2,672,0.22468027053942197,0.1443279454028494,0.35798883459474434,0.5826691051341663,0.17113095238095238,-0.13451554406128707,0.3468973929622294,-0.05440199908510598,0.34528161496395376,0.31434912272702403
development,70#34,MC_ON,BC,3,672,0.2313790490906399,0.2480317750827229,0.2637443885419854,0.4951234376326253,0.07886904761904762,-0.3119007999723015,0.5541710218284138,-0.27328576828597845,0.5205718511922225,0.17002659705924394
development,70#34,MC_ON,BC,4,672,0.35212158629771156,0.15798905494468096,0.320406552801468,0.6725281390991796,0.17708333333333334,-0.12573630363101873,0.7375601603981164,-0.057762243977603704,0.7454742901706292,0.30563999843682366
development,70#34,MC_ON,BC,5,672,0.3761939278006757,0.03660817187060683,0.4358831097068639,0.8120770375075397,0.2619047619047619,3.256998425689579,3.256998425689579,2.996592991987979,2.996592991987979,1.18427104456908
development,70#34,MC_ON,AC,1,672,0.39734759994838925,-0.08701846555428033,0.3652999144912516,0.7626475144396407,0.18452380952380953,0.01233627472961554,0.10417495152866899,0.08788554809187656,0.20274805838251841,0.3654509216542327
development,70#34,MC_ON,AC,2,672,0.29312336431876646,-0.09669802063019896,0.35798883459474434,0.6511121989135107,0.17113095238095238,-0.13451554406128707,0.3468973929622294,-0.05440199908510598,0.34528161496395376,0.31434912272702403
development,70#34,MC_ON,AC,3,672,0.042170714912152504,-0.09614143377590303,0.2637443885419854,0.30591510345413786,0.07886904761904762,-0.3119007999723015,0.5541710218284138,-0.27328576828597845,0.5205718511922225,0.17002659705924394
development,70#34,MC_ON,AC,4,672,0.1334367293802404,-0.07005596429290617,0.320406552801468,0.45384328218170855,0.17708333333333334,-0.12573630363101873,0.7375601603981164,-0.057762243977603704,0.7454742901706292,0.30563999843682366
development,70#34,MC_ON,AC,5,672,0.17171202628691543,-0.013484661902403564,0.4358831097068639,0.6075951359937793,0.2619047619047619,3.256998425689579,3.256998425689579,2.996592991987979,2.996592991987979,1.18427104456908
consumed,67#4,PC_OFF,BC,1,1168,0.2618177452002837,-0.125764508662345,0.5138333746054785,0.7756511198057623,0.22945205479452055,-0.027979536343054112,0.14033644146308988,0.052513493342025395,0.22423939801012782,0.32180528456824914
consumed,67#4,PC_OFF,BC,2,853,0.2932239184405894,-0.13830244381053486,0.515452669390015,0.8086765878306044,0.24384525205158264,-0.16593289539012515,0.38835445356028375,-0.07797815415924829,0.376512661469654,0.3157958226379459
consumed,67#4,PC_OFF,BC,3,482,0.43577872924016736,-0.09844918389152368,0.5622582282842803,0.9980369575244477,0.3091286307053942,-0.20741921599062654,0.5672709642688712,-0.11056341776144837,0.5703034799307749,0.2973681529481467
consumed,67#4,PC_OFF,BC,4,1369,0.5962458054792991,-0.024305846237473748,0.5648754162518863,1.1611212217311853,0.3360116873630387,-0.37470293616873623,0.7743622631427626,-0.3384567674119616,0.759318507782846,0.19970269067436544
consumed,67#4,PC_OFF,BC,5,928,0.7714119205552393,0.14178669963631807,0.34953287689973156,1.1209447974549709,0.15086206896551724,3.673244741367947,3.673244741367947,3.4546583574185856,3.4546583574185856,1.259117634688545
consumed,67#4,PC_OFF,AC,1,1168,0.05887005119914269,-0.005450016972845498,0.5138333746054785,0.5727034258046212,0.22945205479452055,-0.027979536343054112,0.14033644146308988,0.052513493342025395,0.22423939801012782,0.32180528456824914
consumed,67#4,PC_OFF,AC,2,853,0.07766396958594175,-0.0041937252718300955,0.515452669390015,0.5931166389759568,0.24384525205158264,-0.16593289539012515,0.38835445356028375,-0.07797815415924829,0.376512661469654,0.3157958226379459
consumed,67#4,PC_OFF,AC,3,482,0.1077382181841222,-0.00992783762482127,0.5622582282842803,0.6699964464684025,0.3091286307053942,-0.20741921599062654,0.5672709642688712,-0.11056341776144837,0.5703034799307749,0.2973681529481467
consumed,67#4,PC_OFF,AC,4,1369,0.060642354618340756,-0.010779885320593305,0.5648754162518863,0.6255177708702271,0.3360116873630387,-0.37470293616873623,0.7743622631427626,-0.3384567674119616,0.759318507782846,0.19970269067436544
consumed,67#4,PC_OFF,AC,5,928,0.05679713800445823,-0.012755636665934524,0.34953287689973156,0.40633001490418985,0.15086206896551724,3.673244741367947,3.673244741367947,3.4546583574185856,3.4546583574185856,1.259117634688545
consumed,67#6,MC_OFF,BC,1,5376,0.21676175254901475,-0.10499493707386082,0.4406986067640504,0.6574603593130652,0.22544642857142858,-0.006757262686432833,0.09372074732517888,0.056733782985083234,0.1825687381398678,0.35544212909845296
consumed,67#6,MC_OFF,BC,2,7602,0.23097508236720016,-0.11621784688012493,0.4280593669483053,0.6590344493155055,0.21928439884240988,-0.11984140140013073,0.3029210597054811,-0.061952586214238985,0.2916766833843195,0.30625698809665314
consumed,67#6,MC_OFF,BC,3,4074,0.26113382750096853,-0.10897012720368282,0.46926162313839637,0.7303954506393648,0.2422680412371134,-0.22504770756563428,0.5131896270790625,-0.16375467133575192,0.4956547840393002,0.2914491758853497
consumed,67#6,MC_OFF,BC,4,9100,0.3985976211562777,-0.13448951519501645,0.5253658731381553,0.9239634942944328,0.29,-0.45725051233831737,0.7342767800324432,-0.4218207617480672,0.7046473223443727,0.19050837354076913
consumed,67#6,MC_OFF,BC,5,7448,0.8597944004383302,0.08311543770595589,0.33526221331593525,1.1950566137542655,0.1628625134264232,3.413470434592613,3.413470434592613,3.166900570952135,3.1673633946646147,1.3236627981092197
consumed,67#6,MC_OFF,AC,1,5376,0.14194970763830236,0.06702791907596325,0.4406986067640504,0.5826483144023529,0.22544642857142858,-0.006757262686432833,0.09372074732517888,0.056733782985083234,0.1825687381398678,0.35544212909845296
consumed,67#6,MC_OFF,AC,2,7602,0.15419098881071372,0.07248946486068249,0.4280593669483053,0.5822503557590192,0.21928439884240988,-0.11984140140013073,0.3029210597054811,-0.061952586214238985,0.2916766833843195,0.30625698809665314
consumed,67#6,MC_OFF,AC,3,4074,0.10980599480507741,0.09035537534201815,0.46926162313839637,0.5790676179434738,0.2422680412371134,-0.22504770756563428,0.5131896270790625,-0.16375467133575192,0.4956547840393002,0.2914491758853497
consumed,67#6,MC_OFF,AC,4,9100,0.16759708421158395,0.13762206329244073,0.5253658731381553,0.6929629573497392,0.29,-0.45725051233831737,0.7342767800324432,-0.4218207617480672,0.7046473223443727,0.19050837354076913
consumed,67#6,MC_OFF,AC,5,7448,0.1904388852444435,-0.0010066024285756818,0.33526221331593525,0.5257010985603788,0.1628625134264232,3.413470434592613,3.413470434592613,3.166900570952135,3.1673633946646147,1.3236627981092197
consumed,67#7,MC_ON,BC,1,6944,0.19022463187373495,0.12035243440222165,0.4223348886130225,0.6125595204867574,0.22595046082949308,-0.03227822479833768,0.12403520156430074,0.02015220094278681,0.1853791944595622,0.334114866940682
consumed,67#7,MC_ON,BC,2,7658,0.22090113053000074,0.13054694879907408,0.41825027776759344,0.6391514082975942,0.21415513188822147,-0.12121065298345021,0.3701000024212306,-0.05677115348574315,0.35973420938571815,0.3183556866170683
consumed,67#7,MC_ON,BC,3,3619,0.2820621526347115,0.20454074749381412,0.39018574847865645,0.6722479011133679,0.18541033434650456,-0.26407687763277454,0.5767983437573561,-0.21042662207060428,0.542507974566631,0.2693165915341916
consumed,67#7,MC_ON,BC,4,8582,0.3325464596542988,0.3147588921181923,0.3496586908129833,0.6822051504672821,0.1433232346772314,-0.33408905009957984,0.781981206413964,-0.3067806992380598,0.7708847094035065,0.23011664690511383
consumed,67#7,MC_ON,BC,5,6797,0.47861501732652656,0.0003520932267201261,0.5606638490402717,1.0392788663667982,0.32587906429307045,3.595364339537953,3.595364339537953,3.365280220999453,3.365280220999453,1.4127257388074914
consumed,67#7,MC_ON,AC,1,6944,0.2761665414867451,-0.10138283155517132,0.4223348886130225,0.6985014300997677,0.22595046082949308,-0.03227822479833768,0.12403520156430074,0.02015220094278681,0.1853791944595622,0.334114866940682
consumed,67#7,MC_ON,AC,2,7658,0.24760496071619537,-0.11791965287732858,0.41825027776759344,0.6658552384837888,0.21415513188822147,-0.12121065298345021,0.3701000024212306,-0.05677115348574315,0.35973420938571815,0.3183556866170683
consumed,67#7,MC_ON,AC,3,3619,0.186016241647325,-0.14042228239257998,0.39018574847865645,0.5762019901259814,0.18541033434650456,-0.26407687763277454,0.5767983437573561,-0.21042662207060428,0.542507974566631,0.2693165915341916
consumed,67#7,MC_ON,AC,4,8582,0.154383026578471,-0.1466055481687728,0.3496586908129833,0.5040417173914543,0.1433232346772314,-0.33408905009957984,0.781981206413964,-0.3067806992380598,0.7708847094035065,0.23011664690511383
consumed,67#7,MC_ON,AC,5,6797,0.9022022097387294,0.08176726094502587,0.5606638490402717,1.462866058779001,0.32587906429307045,3.595364339537953,3.595364339537953,3.365280220999453,3.365280220999453,1.4127257388074914
consumed,67#14,PC_ON,BC,1,6713,0.24568999123300045,0.18426075271009457,0.3895168776505227,0.6352068688835231,0.20333680917622524,-0.03116817447781738,0.12382356319016048,0.041297637645832386,0.21820803696819152,0.3087976036485205
consumed,67#14,PC_ON,BC,2,7035,0.2899056058140051,0.19562583028737585,0.3663762652754467,0.6562818710894519,0.18862828713574983,-0.12332325073174666,0.36627732843583577,-0.04251133255011742,0.3721115404845121,0.29639100836695575
consumed,67#14,PC_ON,BC,3,3934,0.3106641078213588,0.23794288675459074,0.34340515625860973,0.6540692640799686,0.17920691408235892,-0.2584687791631335,0.5675231605354742,-0.19342517396883824,0.5303823877463508,0.24913142379962597
consumed,67#14,PC_ON,BC,4,9177,0.41088485079806036,0.37630778337903525,0.2766282634518614,0.6875131142499219,0.13065271875340526,-0.3818769308325807,0.7789456795119497,-0.3451171080470745,0.753239145074765,0.200434064276488
consumed,67#14,PC_ON,BC,5,6741,0.9289828591992304,0.18470056465092158,0.5213833059442721,1.4503661651435025,0.40379765613410473,3.725331498275819,3.725331498275819,3.4794514543599013,3.4799536901269907,1.2149298610768868
consumed,67#14,PC_ON,AC,1,6713,0.15285163484766015,-0.0663700105269658,0.3895168776505227,0.5423685124981827,0.20333680917622524,-0.03116817447781738,0.12382356319016048,0.041297637645832386,0.21820803696819152,0.3087976036485205
consumed,67#14,PC_ON,AC,2,7035,0.11672684154978863,-0.06784788280434259,0.3663762652754467,0.48310310682523533,0.18862828713574983,-0.12332325073174666,0.36627732843583577,-0.04251133255011742,0.3721115404845121,0.29639100836695575
consumed,67#14,PC_ON,AC,3,3934,0.13457422565028077,-0.07522586631705308,0.34340515625860973,0.4779793819088905,0.17920691408235892,-0.2584687791631335,0.5675231605354742,-0.19342517396883824,0.5303823877463508,0.24913142379962597
consumed,67#14,PC_ON,AC,4,9177,0.05626096810304519,-0.08737328098515017,0.2766282634518614,0.3328892315549067,0.13065271875340526,-0.3818769308325807,0.7789456795119497,-0.3451171080470745,0.753239145074765,0.200434064276488
consumed,67#14,PC_ON,AC,5,6741,0.3734774734585369,-0.0012918331322495646,0.5213833059442721,0.894860779402809,0.40379765613410473,3.725331498275819,3.725331498275819,3.4794514543599013,3.4799536901269907,1.2149298610768868
consumed,67#21,PC_ON,BC,1,6608,0.1259637915980685,0.09694351436391747,0.2609841117022743,0.38694790330034284,0.08671307506053269,-0.024780958743692388,0.1217180806509347,0.04655444349757988,0.18904145917720638,0.33088334392165836
consumed,67#21,PC_ON,BC,2,6881,0.15353162935832074,0.10495577272155596,0.2512023802903903,0.4047340096487111,0.08211015840720826,-0.12219456790028217,0.35873953557782373,-0.06545459286205793,0.3492416303533515,0.3058850319729298
consumed,67#21,PC_ON,BC,3,3969,0.1986876050174457,0.13705814824079907,0.22500419496903748,0.4236917999864832,0.07810531620055429,-0.23452786528944766,0.5484231695570988,-0.17523669778095488,0.5199297562658803,0.26133321839442886
consumed,67#21,PC_ON,BC,4,8918,0.21476604686696005,0.19205086411768385,0.2083317653895158,0.42309781225647586,0.06918591612469163,-0.4579573601838936,0.754439586632199,-0.4162823973524626,0.7358866712166906,0.1868460001100981
consumed,67#21,PC_ON,BC,5,7224,0.5899302455786514,0.023628896465088464,0.4344818063518428,1.0244120519304942,0.21650055370985605,3.566125291961824,3.566125291961824,3.3255251541013218,3.3255251541013218,1.2538046976006048
consumed,67#21,PC_ON,AC,1,6608,0.08093227600581554,-0.06789245560968525,0.2609841117022743,0.34191638770808985,0.08671307506053269,-0.024780958743692388,0.1217180806509347,0.04655444349757988,0.18904145917720638,0.33088334392165836
consumed,67#21,PC_ON,AC,2,6881,0.08410652479489523,-0.06832581891232514,0.2512023802903903,0.33530890508528555,0.08211015840720826,-0.12219456790028217,0.35873953557782373,-0.06545459286205793,0.3492416303533515,0.3058850319729298
consumed,67#21,PC_ON,AC,3,3969,0.06910987066216301,-0.06879561353575833,0.22500419496903748,0.2941140656312005,0.07810531620055429,-0.23452786528944766,0.5484231695570988,-0.17523669778095488,0.5199297562658803,0.26133321839442886
consumed,67#21,PC_ON,AC,4,8918,0.05731260930965302,-0.06681880872932186,0.2083317653895158,0.26564437469916885,0.06918591612469163,-0.4579573601838936,0.754439586632199,-0.4162823973524626,0.7358866712166906,0.1868460001100981
consumed,67#21,PC_ON,AC,5,7224,0.32532019831683706,-0.05500876514860626,0.4344818063518428,0.7598020046686799,0.21650055370985605,3.566125291961824,3.566125291961824,3.3255251541013218,3.3255251541013218,1.2538046976006048
consumed,67#26,PC_ON,BC,1,6643,0.1864794624018434,0.1945598907723736,0.5157449672870427,0.702224429688886,0.2483817552310703,-0.019578575245937056,0.11921690313366756,0.037621613723127556,0.1890582570631847,0.32655006832645667
consumed,67#26,PC_ON,BC,2,7336,0.2113512383354888,0.19916576357067803,0.49958192174774746,0.7109331600832363,0.23105234460196292,-0.12521958463437022,0.3591893795213958,-0.051053839528404435,0.35690591877238026,0.32668510725782973
consumed,67#26,PC_ON,BC,3,3787,0.2430797103563915,0.25552958848647206,0.4637540071490726,0.7068337175054642,0.21151307103247954,-0.24252460670387185,0.5625023358444685,-0.1695587597654722,0.5375811463427521,0.28166620650138663
consumed,67#26,PC_ON,BC,4,8932,0.3234457455361791,0.3864843394657251,0.43433066376661306,0.7577764093027922,0.18976712942230184,-0.4069424518608111,0.7710058129145136,-0.37169109445194465,0.7554531926531642,0.19531468668189403
consumed,67#26,PC_ON,BC,5,6902,0.6535590472637197,0.13323793605098935,0.5801554516793918,1.2337144989431115,0.4010431758910461,3.6162810654360302,3.6162810654360302,3.3771567060417955,3.3771567060417955,1.3213726326033488
consumed,67#26,PC_ON,AC,1,6643,0.09201747949129177,-0.11113438045807886,0.5157449672870427,0.6077624467783345,0.2483817552310703,-0.019578575245937056,0.11921690313366756,0.037621613723127556,0.1890582570631847,0.32655006832645667
consumed,67#26,PC_ON,AC,2,7336,0.09715209340097616,-0.11516389487056922,0.49958192174774746,0.5967340151487236,0.23105234460196292,-0.12521958463437022,0.3591893795213958,-0.051053839528404435,0.35690591877238026,0.32668510725782973
consumed,67#26,PC_ON,AC,3,3787,0.0835572199897738,-0.13126751562087582,0.4637540071490726,0.5473112271388464,0.21151307103247954,-0.24252460670387185,0.5625023358444685,-0.1695587597654722,0.5375811463427521,0.28166620650138663
consumed,67#26,PC_ON,AC,4,8932,0.06538544791365969,-0.1394839929819605,0.43433066376661306,0.49971611168027275,0.18976712942230184,-0.4069424518608111,0.7710058129145136,-0.37169109445194465,0.7554531926531642,0.19531468668189403
consumed,67#26,PC_ON,AC,5,6902,0.32055018186572315,-0.029662719797833775,0.5801554516793918,0.9007056335451148,0.4010431758910461,3.6162810654360302,3.6162810654360302,3.3771567060417955,3.3771567060417955,1.3213726326033488
consumed,67#33,MC_OFF,BC,1,6622,0.20224994008249736,-0.08098260455054584,0.36566499539531006,0.5679149354778074,0.18846270009060706,-0.017425021248394568,0.11840209698593812,0.04449171888469068,0.20267912218195971,0.3404884015688637
consumed,67#33,MC_OFF,BC,2,7308,0.25845890182417913,-0.06905668691120323,0.3925263628926641,0.6509852647168433,0.20320197044334976,-0.13021886990484388,0.35368912539720115,-0.06588966951450312,0.34549384898429614,0.3085449171983569
consumed,67#33,MC_OFF,BC,3,3570,0.36675927310312734,-0.08153515317126636,0.4390949059055297,0.805854179008657,0.23221288515406163,-0.22655314992566514,0.5525427286374471,-0.1599611548845341,0.5258797970819649,0.2925762100996591
consumed,67#33,MC_OFF,BC,4,8771,0.5132091377991657,-0.07806117339053605,0.4789529482122924,0.9921620860114579,0.28902063618743584,-0.43057857985847614,0.7535883624726165,-0.39706880962519875,0.7259957877113283,0.2013428325165424
consumed,67#33,MC_OFF,BC,5,7329,0.7099733134862893,0.04651728656202362,0.26761049888222327,0.9775838123685124,0.1266202756174103,3.4682028340912825,3.4682028340912825,3.2371542188307245,3.2371542188307245,1.3073308313889889
consumed,67#33,MC_OFF,AC,1,6622,0.14034650126228332,0.04240362610949475,0.36566499539531006,0.5060114966575933,0.18846270009060706,-0.017425021248394568,0.11840209698593812,0.04449171888469068,0.20267912218195971,0.3404884015688637
consumed,67#33,MC_OFF,AC,2,7308,0.13088721095497372,0.049518366304214245,0.3925263628926641,0.5234135738476379,0.20320197044334976,-0.13021886990484388,0.35368912539720115,-0.06588966951450312,0.34549384898429614,0.3085449171983569
consumed,67#33,MC_OFF,AC,3,3570,0.1460919553625504,0.06060028205079482,0.4390949059055297,0.5851868612680801,0.23221288515406163,-0.22655314992566514,0.5525427286374471,-0.1599611548845341,0.5258797970819649,0.2925762100996591
consumed,67#33,MC_OFF,AC,4,8771,0.1540156383080434,0.07221848600202022,0.4789529482122924,0.6329685865203358,0.28902063618743584,-0.43057857985847614,0.7535883624726165,-0.39706880962519875,0.7259957877113283,0.2013428325165424
consumed,67#33,MC_OFF,AC,5,7329,0.17662031028109793,-6.858918087275861e-05,0.26761049888222327,0.4442308091633212,0.1266202756174103,3.4682028340912825,3.4682028340912825,3.2371542188307245,3.2371542188307245,1.3073308313889889
consumed,67#34,PC_ON,BC,1,5691,0.18568169007957602,0.1275790051272986,0.4176904994454693,0.6033721895250453,0.19961342470567564,-0.0181422258892017,0.10090074536676519,0.07419244807720124,0.21797418755281336,0.34917531164369114
consumed,67#34,PC_ON,BC,2,7742,0.1977713805800886,0.1388969091450383,0.38337209856781335,0.5811434791479019,0.18057349522087315,-0.10578112187430885,0.3291065411472176,-0.01728608206843984,0.34246575581942945,0.33140628478197603
consumed,67#34,PC_ON,BC,3,4249,0.23772202700606943,0.18675713041938408,0.3375595689643275,0.575281595970397,0.1475641327371146,-0.2980841024703219,0.547640604523388,-0.22757529497071594,0.5056630095912922,0.25648403565462846
consumed,67#34,PC_ON,BC,4,9275,0.2765566430411088,0.25325953935959555,0.3053172134215733,0.5818738564626821,0.13067385444743934,-0.3906858631702445,0.7673997395653288,-0.35255004915551713,0.7393844802551128,0.2144233395169215
consumed,67#34,PC_ON,BC,5,6643,0.6320872082421553,0.07956570771939933,0.5204710954190062,1.1525583036611615,0.33689598073159716,3.7117274235755224,3.7117274235755224,3.410071095860688,3.410071095860688,1.2196651948236805
consumed,67#34,PC_ON,AC,1,5691,0.15257383749150863,-0.07549271972839225,0.4176904994454693,0.570264336936978,0.19961342470567564,-0.0181422258892017,0.10090074536676519,0.07419244807720124,0.21797418755281336,0.34917531164369114
consumed,67#34,PC_ON,AC,2,7742,0.11982478281333644,-0.07769760212700175,0.38337209856781335,0.5031968813811498,0.18057349522087315,-0.10578112187430885,0.3291065411472176,-0.01728608206843984,0.34246575581942945,0.33140628478197603
consumed,67#34,PC_ON,AC,3,4249,0.09836491543350338,-0.0827521699745179,0.3375595689643275,0.4359244843978309,0.1475641327371146,-0.2980841024703219,0.547640604523388,-0.22757529497071594,0.5056630095912922,0.25648403565462846
consumed,67#34,PC_ON,AC,4,9275,0.06756059655504806,-0.08894089308393877,0.3053172134215733,0.3728778099766214,0.13067385444743934,-0.3906858631702445,0.7673997395653288,-0.35255004915551713,0.7393844802551128,0.2144233395169215
consumed,67#34,PC_ON,AC,5,6643,0.3721073080688267,-0.012851770760759676,0.5204710954190062,0.892578403487833,0.33689598073159716,3.7117274235755224,3.7117274235755224,3.410071095860688,3.410071095860688,1.2196651948236805
consumed,68#3,MC_OFF,BC,1,5852,0.24917305514291538,-0.06326956452856819,0.4788752134001772,0.7280482685430926,0.284688995215311,-0.014215522224411256,0.09507343509620945,0.04021006794081284,0.16890189631916128,0.3453382059582972
consumed,68#3,MC_OFF,BC,2,7665,0.2421474672226944,-0.07465876831866643,0.49005704675682155,0.7322045139795158,0.3097195042400522,-0.09388899053041733,0.31259186419624607,-0.03606058657547593,0.3099677441919316,0.3192723659019533
consumed,68#3,MC_OFF,BC,3,3969,0.34965964735376787,-0.07378676880220227,0.522435838330423,0.8720954856841909,0.32098765432098764,-0.24734475827446592,0.5248132167868603,-0.18844306021959722,0.4970326171904241,0.29685051384583633
consumed,68#3,MC_OFF,BC,4,8771,0.48336222831561604,-0.02105851502465214,0.5685719087078349,1.051934137023451,0.39676205677801846,-0.45369402662212766,0.7360449842751379,-0.41840134997766903,0.7117892261655961,0.17872816117520707
consumed,68#3,MC_OFF,BC,5,7343,0.8937112602968721,0.13143241109376955,0.3907241561154912,1.2844354164123635,0.2007353942530301,3.4504405922135293,3.4504405922135293,3.205793597251635,3.205793597251635,1.3110854302237442
consumed,68#3,MC_OFF,AC,1,5852,0.154440650330599,0.08028820693377725,0.4788752134001772,0.6333158637307762,0.284688995215311,-0.014215522224411256,0.09507343509620945,0.04021006794081284,0.16890189631916128,0.3453382059582972
consumed,68#3,MC_OFF,AC,2,7665,0.20387028329240428,0.10590097879006921,0.49005704675682155,0.6939273300492258,0.3097195042400522,-0.09388899053041733,0.31259186419624607,-0.03606058657547593,0.3099677441919316,0.3192723659019533
consumed,68#3,MC_OFF,AC,3,3969,0.14698675646809034,0.08609367901497864,0.522435838330423,0.6694225947985134,0.32098765432098764,-0.24734475827446592,0.5248132167868603,-0.18844306021959722,0.4970326171904241,0.29685051384583633
consumed,68#3,MC_OFF,AC,4,8771,0.16808696858958896,0.09158753536579856,0.5685719087078349,0.7366588772974239,0.39676205677801846,-0.45369402662212766,0.7360449842751379,-0.41840134997766903,0.7117892261655961,0.17872816117520707
consumed,68#3,MC_OFF,AC,5,7343,0.2618514270387927,-7.396840967758006e-05,0.3907241561154912,0.6525755831542839,0.2007353942530301,3.4504405922135293,3.4504405922135293,3.205793597251635,3.205793597251635,1.3110854302237442
consumed,68#4,PC_ON,BC,1,5220,0.05858129056873516,0.013960759802280176,0.45455292259615504,0.5131342131648903,0.19176245210727969,-0.017086385892280898,0.10850787739558605,0.06781848791719255,0.20829559867692188,0.3558888181386566
consumed,68#4,PC_ON,BC,2,6552,0.0508815298587298,0.01571169926887192,0.44792697546810206,0.4988085053268318,0.18711843711843712,-0.12485702869739432,0.34316386639636437,-0.056019995955720346,0.34391941779350055,0.30789349439170555
consumed,68#4,PC_ON,BC,3,2976,0.0856878786095706,0.04501943156128674,0.4765833421187767,0.5622712207283473,0.20967741935483872,-0.2739083509133648,0.5513189297948052,-0.19895628899079046,0.5043472007102735,0.26987084929391625
consumed,68#4,PC_ON,BC,4,7758,0.06452160045682469,0.06637155349133908,0.5073602187236445,0.5718818191804691,0.23356535189481825,-0.4924588876402572,0.7479803140733039,-0.42822237994425194,0.7269213507446586,0.203468359898645
consumed,68#4,PC_ON,BC,5,6294,0.11748678437406845,-0.012533549228365033,0.3475219677757532,0.4650087521498216,0.1325071496663489,3.5617737552222253,3.5617737552222253,3.2727812847891613,3.273551513227763,1.1924939624130717
consumed,68#4,PC_ON,AC,1,5220,0.23974257759025158,-0.10323303712303251,0.45455292259615504,0.6942955001864066,0.19176245210727969,-0.017086385892280898,0.10850787739558605,0.06781848791719255,0.20829559867692188,0.3558888181386566
consumed,68#4,PC_ON,AC,2,6552,0.2486459786373053,-0.11496392436061376,0.44792697546810206,0.6965729541054073,0.18711843711843712,-0.12485702869739432,0.34316386639636437,-0.056019995955720346,0.34391941779350055,0.30789349439170555
consumed,68#4,PC_ON,AC,3,2976,0.2959807544816883,-0.12076900518351152,0.4765833421187767,0.7725640966004651,0.20967741935483872,-0.2739083509133648,0.5513189297948052,-0.19895628899079046,0.5043472007102735,0.26987084929391625
consumed,68#4,PC_ON,AC,4,7758,0.4025337424289106,-0.1508912791673128,0.5073602187236445,0.909893961152555,0.23356535189481825,-0.4924588876402572,0.7479803140733039,-0.42822237994425194,0.7269213507446586,0.203468359898645
consumed,68#4,PC_ON,AC,5,6294,0.5632484304234386,0.06575331053173289,0.3475219677757532,0.9107703981991918,0.1325071496663489,3.5617737552222253,3.5617737552222253,3.2727812847891613,3.273551513227763,1.1924939624130717
consumed,68#7,PC_ON,BC,1,6447,0.21512266978681094,0.16029854601981824,0.4098239808335859,0.6249466506203968,0.19218241042345277,-0.019233667138368524,0.11593695198338592,0.054966248214113514,0.19335049682245262,0.3219143790388868
consumed,68#7,PC_ON,BC,2,7399,0.26262691577176156,0.18099468885793993,0.3813540874327865,0.643981003204548,0.17380727125287201,-0.12384713207065186,0.35764761562513964,-0.05931909861211562,0.3500837042705892,0.2964032725808408
consumed,68#7,PC_ON,BC,3,3220,0.27995103188061704,0.25037938207714727,0.36226432362395544,0.6422153555045724,0.1720496894409938,-0.2775949713864659,0.547813280545344,-0.2154872268383459,0.487226345673842,0.26352649651501225
consumed,68#7,PC_ON,BC,4,8554,0.38681185626954967,0.3564215914423415,0.28967082833766344,0.6764826846072132,0.11807341594575638,-0.5440275620280631,0.7378356138227314,-0.5047397349828899,0.7082641500004163,0.15076919882116047
consumed,68#7,PC_ON,BC,5,7980,0.8640502510417502,0.13746793637934707,0.5287464057576816,1.3927966567994317,0.3523809523809524,3.2831463125976783,3.3033205963803196,3.079140917698024,3.0990923863481354,1.139188954343341
consumed,68#7,PC_ON,AC,1,6447,0.1629183123029874,-0.08683264535964502,0.4098239808335859,0.5727422931365733,0.19218241042345277,-0.019233667138368524,0.11593695198338592,0.054966248214113514,0.19335049682245262,0.3219143790388868
consumed,68#7,PC_ON,AC,2,7399,0.17225488880984108,-0.09202741187651411,0.3813540874327865,0.5536089762426274,0.17380727125287201,-0.12384713207065186,0.35764761562513964,-0.05931909861211562,0.3500837042705892,0.2964032725808408
consumed,68#7,PC_ON,AC,3,3220,0.1494649720566163,-0.09475389635083623,0.36226432362395544,0.5117292956805717,0.1720496894409938,-0.2775949713864659,0.547813280545344,-0.2154872268383459,0.487226345673842,0.26352649651501225
consumed,68#7,PC_ON,AC,4,8554,0.10951247436875598,-0.09475901930991008,0.28967082833766344,0.39918330270641944,0.11807341594575638,-0.5440275620280631,0.7378356138227314,-0.5047397349828899,0.7082641500004163,0.15076919882116047
consumed,68#7,PC_ON,AC,5,7980,0.3778685493476016,-0.04508421448768632,0.5287464057576816,0.906614955105283,0.3523809523809524,3.2831463125976783,3.3033205963803196,3.079140917698024,3.0990923863481354,1.139188954343341
consumed,68#10,MC_ON,BC,1,687,0.189987557896643,0.11840981132108183,0.35028311455657446,0.5402706724532175,0.18631732168850074,-0.008418970401942383,0.07573687796770805,0.05602852865051284,0.16300151253979506,0.33995904305617
consumed,68#10,MC_ON,BC,2,1040,0.1684965401944523,0.12239362401177334,0.354767779911686,0.5232643201061383,0.1798076923076923,-0.06672663616942323,0.25676803939351783,-0.006591110270331701,0.2774115825801995,0.31668093767332656
consumed,68#10,MC_ON,BC,3,836,0.23538511789307745,0.16746313220098813,0.33261949130543295,0.5680046091985104,0.17464114832535885,-0.2059669172175808,0.47593579705789246,-0.14587038554272447,0.45686155860446803,0.28966092887071887
consumed,68#10,MC_ON,BC,4,1180,0.3190454507149805,0.3128026658734699,0.31925748535318477,0.6383029360681652,0.13813559322033897,-0.43478543570170375,0.708796655177233,-0.3911843453026198,0.7000788788859945,0.20531130898448446
consumed,68#10,MC_ON,BC,5,1057,0.43927599138084406,0.002777232880396342,0.5011181510453216,0.9403941424261655,0.3282876064333018,3.0683161220681194,3.0683161220681194,2.862272026620999,2.8626437156978253,1.2131006011150736
consumed,68#10,MC_ON,AC,1,687,0.16918783077695668,-0.07419779463668649,0.35028311455657446,0.5194709453335312,0.18631732168850074,-0.008418970401942383,0.07573687796770805,0.05602852865051284,0.16300151253979506,0.33995904305617
consumed,68#10,MC_ON,AC,2,1040,0.2242893228174068,-0.08140220832612766,0.354767779911686,0.5790571027290927,0.1798076923076923,-0.06672663616942323,0.25676803939351783,-0.006591110270331701,0.2774115825801995,0.31668093767332656
consumed,68#10,MC_ON,AC,3,836,0.16477475379413487,-0.08070871562842491,0.33261949130543295,0.4973942450995679,0.17464114832535885,-0.2059669172175808,0.47593579705789246,-0.14587038554272447,0.45686155860446803,0.28966092887071887
consumed,68#10,MC_ON,AC,4,1180,0.10218343096036636,-0.10359759469330407,0.31925748535318477,0.42144091631355113,0.13813559322033897,-0.43478543570170375,0.708796655177233,-0.3911843453026198,0.7000788788859945,0.20531130898448446
consumed,68#10,MC_ON,AC,5,1057,0.7495412807020211,0.052072819087135354,0.5011181510453216,1.2506594317473427,0.3282876064333018,3.0683161220681194,3.0683161220681194,2.862272026620999,2.8626437156978253,1.2131006011150736
consumed,68#11,PC_OFF,BC,1,5901,0.14388470665540457,-0.04303400496149651,0.39768782909917494,0.5415725357545796,0.16132858837485173,-0.015865768124577673,0.10702993382538117,0.06127423321086778,0.20602067474655694,0.33270262943681583
consumed,68#11,PC_OFF,BC,2,7602,0.1576683528879092,-0.05262276946173392,0.42297379155782694,0.580642144445736,0.17797947908445147,-0.13107814631689296,0.34376803960288227,-0.05726883182201628,0.34106580020618765,0.30448708362505184
consumed,68#11,PC_OFF,BC,3,3815,0.249020450360534,-0.06180538727352224,0.43390974542354854,0.6829301957840825,0.20262123197903015,-0.23901534329598556,0.5541435215878514,-0.17222668493853038,0.5248457254527519,0.2870707045601097
consumed,68#11,PC_OFF,BC,4,9282,0.43551815611714956,-0.032780244474369585,0.5068036764218128,0.9423218325389624,0.28118939883645766,-0.43489193662360975,0.762820103177061,-0.383571765599494,0.7223909508253791,0.21676999456152424
consumed,68#11,PC_OFF,BC,5,7000,0.29061030789795833,0.06593660934791085,0.24380560191448594,0.5344159098124442,0.08542857142857142,3.742381363495253,3.742381363495253,3.4044243820930715,3.4044243820930715,1.2286068685801719
consumed,68#11,PC_OFF,AC,1,5901,0.03950091747867501,-0.0001433526858371941,0.39768782909917494,0.43718874657785006,0.16132858837485173,-0.015865768124577673,0.10702993382538117,0.06127423321086778,0.20602067474655694,0.33270262943681583
consumed,68#11,PC_OFF,AC,2,7602,0.053088261944807764,-0.00021318444175261186,0.42297379155782694,0.47606205350263464,0.17797947908445147,-0.13107814631689296,0.34376803960288227,-0.05726883182201628,0.34106580020618765,0.30448708362505184
consumed,68#11,PC_OFF,AC,3,3815,0.06458510685278523,0.001238813013742384,0.43390974542354854,0.4984948522763336,0.20262123197903015,-0.23901534329598556,0.5541435215878514,-0.17222668493853038,0.5248457254527519,0.2870707045601097
consumed,68#11,PC_OFF,AC,4,9282,0.039033917611420846,-0.00013737930390778303,0.5068036764218128,0.5458375940332337,0.28118939883645766,-0.43489193662360975,0.762820103177061,-0.383571765599494,0.7223909508253791,0.21676999456152424
consumed,68#11,PC_OFF,AC,5,7000,0.03041996912688331,-0.00018072493835352176,0.24380560191448594,0.27422557104136924,0.08542857142857142,3.742381363495253,3.742381363495253,3.4044243820930715,3.4044243820930715,1.2286068685801719
consumed,69#3,PC_OFF,BC,1,6839,0.12566435346730256,-0.015868047017710385,0.5237622235910234,0.6494265770583261,0.2944874981722474,-0.024776505649199553,0.11718415112875961,0.05705896662820753,0.21449086357815492,0.3397755541587828
consumed,69#3,PC_OFF,BC,2,7007,0.1377099894911109,-0.014484535731812104,0.5515836242482,0.6892936137393109,0.3201084629656058,-0.13683798339989553,0.36174367947964825,-0.06441686721687681,0.35723130080060145,0.30824215572226704
consumed,69#3,PC_OFF,BC,3,3836,0.1703665736758725,-0.00848933611265379,0.564241460629564,0.7346080343054365,0.3315954118873827,-0.29069623963892066,0.5675623343044885,-0.20860208085739324,0.5243980696871136,0.2878511201869749
consumed,69#3,PC_OFF,BC,4,9338,0.22227062038748155,0.06146064296767184,0.5842115612412413,0.8064821816287229,0.38391518526451063,-0.3600754037265899,0.7787635437629327,-0.3093961097333185,0.7535495654823099,0.23369218892893986
consumed,69#3,PC_OFF,BC,5,6580,0.34214985828242783,0.1778667714432922,0.4505021283384017,0.7926519866208295,0.2378419452887538,3.768918360499764,3.768918360499764,3.4773682417650953,3.4773682417650953,1.2832878133614523
consumed,69#3,PC_OFF,AC,1,6839,0.051227150857052955,0.05178131789510387,0.5237622235910234,0.5749893744480763,0.2944874981722474,-0.024776505649199553,0.11718415112875961,0.05705896662820753,0.21449086357815492,0.3397755541587828
consumed,69#3,PC_OFF,AC,2,7007,0.0554017349956139,0.05002180602112394,0.5515836242482,0.6069853592438137,0.3201084629656058,-0.13683798339989553,0.36174367947964825,-0.06441686721687681,0.35723130080060145,0.30824215572226704
consumed,69#3,PC_OFF,AC,3,3836,0.049372722911814194,0.06297500867637373,0.564241460629564,0.6136141835413781,0.3315954118873827,-0.29069623963892066,0.5675623343044885,-0.20860208085739324,0.5243980696871136,0.2878511201869749
consumed,69#3,PC_OFF,AC,4,9338,0.05186242047164805,0.02903759001048334,0.5842115612412413,0.6360739817128895,0.38391518526451063,-0.3600754037265899,0.7787635437629327,-0.3093961097333185,0.7535495654823099,0.23369218892893986
consumed,69#3,PC_OFF,AC,5,6580,0.08266745255897094,-0.0004538513178656368,0.4505021283384017,0.5331695808973727,0.2378419452887538,3.768918360499764,3.768918360499764,3.4773682417650953,3.4773682417650953,1.2832878133614523
consumed,69#4,MC_ON,BC,1,5700,0.1433139800508294,0.07840877132893714,0.42623197487629594,0.5695459549271252,0.22403508771929825,-0.0225757470896377,0.11610185817531725,0.023650097926912375,0.19038377639330814,0.31869100952092727
consumed,69#4,MC_ON,BC,2,6420,0.189805186517522,0.08396734477663037,0.433140398689965,0.6229455852074871,0.21137071651090342,-0.12786966563038493,0.3590085921691826,-0.06652205449385677,0.35281158789357336,0.3109360563100312
consumed,69#4,MC_ON,BC,3,3192,0.19786131224795872,0.12628724153683707,0.41618882430215576,0.6140501365501144,0.20802005012531327,-0.24951862798358954,0.5644661598722616,-0.1937364689203017,0.5304396161568673,0.2719571203746801
consumed,69#4,MC_ON,BC,4,7368,0.32914873270133455,0.26736937699073615,0.3504275754146826,0.6795763081160172,0.1471226927252986,-0.3999602477067499,0.7661489213663861,-0.36180469630166395,0.7563160232829305,0.196949572840078
consumed,69#4,MC_ON,BC,5,6120,0.4034223818404547,-0.010634784034153823,0.5449812361118725,0.9484036179523272,0.3058823529411765,3.4882708090524748,3.4882708090524748,3.2643110407077094,3.2643110407077094,1.3399475160893612
consumed,69#4,MC_ON,AC,1,5700,0.33557231900146794,-0.09086098141636674,0.42623197487629594,0.7618042938777637,0.22403508771929825,-0.0225757470896377,0.11610185817531725,0.023650097926912375,0.19038377639330814,0.31869100952092727
consumed,69#4,MC_ON,AC,2,6420,0.3185993291789028,-0.10703040582406123,0.433140398689965,0.751739727868868,0.21137071651090342,-0.12786966563038493,0.3590085921691826,-0.06652205449385677,0.35281158789357336,0.3109360563100312
consumed,69#4,MC_ON,AC,3,3192,0.31575200267621845,-0.11426831821992046,0.41618882430215576,0.7319408269783741,0.20802005012531327,-0.24951862798358954,0.5644661598722616,-0.1937364689203017,0.5304396161568673,0.2719571203746801
consumed,69#4,MC_ON,AC,4,7368,0.19631970686247938,-0.1420070080712319,0.3504275754146826,0.546747282277162,0.1471226927252986,-0.3999602477067499,0.7661489213663861,-0.36180469630166395,0.7563160232829305,0.196949572840078
consumed,69#4,MC_ON,AC,5,6120,0.978081608323673,0.1328678059402278,0.5449812361118725,1.5230628444355454,0.3058823529411765,3.4882708090524748,3.4882708090524748,3.2643110407077094,3.2643110407077094,1.3399475160893612
consumed,69#6,MC_OFF,BC,1,7504,0.15147827173566353,-0.11553372821757986,0.4207242267999764,0.57220249853564,0.2062899786780384,-0.018531708015749142,0.12299309962951169,0.04381656384849975,0.19994286888621596,0.354970764528484
consumed,69#6,MC_OFF,BC,2,6706,0.2006612517513453,-0.10669720750399254,0.4537580197023375,0.6544192714536827,0.22487324783775722,-0.12346924392454357,0.3605986866126801,-0.05919502478783785,0.3571143321773291,0.33089643676420505
consumed,69#6,MC_OFF,BC,3,3626,0.24347120062108538,-0.1115114632343093,0.47982525354543254,0.7232964541665179,0.234142305570877,-0.24567675680669593,0.5563348392831193,-0.19617274345779168,0.5361844634289462,0.272496063145167
consumed,69#6,MC_OFF,BC,4,9240,0.2847865195875805,-0.11876009133760056,0.49019289042279557,0.7749794100103761,0.2602813852813853,-0.3181801081866838,0.7753510956181341,-0.26589299933926747,0.781294906101599,0.26187665416571354
consumed,69#6,MC_OFF,BC,5,6524,0.6507620401460918,0.04478335973637521,0.3797080759632111,1.030470116109303,0.19865113427345188,3.598846056309118,3.598846056309118,3.3965595213162043,3.3965595213162043,1.4189551180930633
consumed,69#6,MC_OFF,AC,1,7504,0.17562492509889344,0.08991272692841247,0.4207242267999764,0.5963491518988698,0.2062899786780384,-0.018531708015749142,0.12299309962951169,0.04381656384849975,0.19994286888621596,0.354970764528484
consumed,69#6,MC_OFF,AC,2,6706,0.12361266327075833,0.09556245433451674,0.4537580197023375,0.5773706829730958,0.22487324783775722,-0.12346924392454357,0.3605986866126801,-0.05919502478783785,0.3571143321773291,0.33089643676420505
consumed,69#6,MC_OFF,AC,3,3626,0.0991826109727736,0.08817501153437152,0.47982525354543254,0.5790078645182061,0.234142305570877,-0.24567675680669593,0.5563348392831193,-0.19617274345779168,0.5361844634289462,0.272496063145167
consumed,69#6,MC_OFF,AC,4,9240,0.17391334657792892,0.12210584886441418,0.49019289042279557,0.6641062370007245,0.2602813852813853,-0.3181801081866838,0.7753510956181341,-0.26589299933926747,0.781294906101599,0.26187665416571354
consumed,69#6,MC_OFF,AC,5,6524,0.2930850502207037,-0.0021413853766348075,0.3797080759632111,0.6727931261839148,0.19865113427345188,3.598846056309118,3.598846056309118,3.3965595213162043,3.3965595213162043,1.4189551180930633
consumed,69#7,MC_ON,BC,1,7238,0.1325010668624357,0.1007809805627998,0.44081070023323965,0.5733117670956753,0.231555678364189,-0.025716707448822238,0.12172125895072808,0.026001850741112904,0.18953953141188667,0.3427890024036036
consumed,69#7,MC_ON,BC,2,7168,0.15160078232896734,0.1173466747584036,0.46070295820857815,0.6123037405375454,0.23479352678571427,-0.1209401407690572,0.36278084654079557,-0.05478325380158317,0.3642547677265838,0.330301780599045
consumed,69#7,MC_ON,BC,3,3290,0.20806919640467153,0.17383610970980895,0.3919838792702256,0.6000530756748971,0.18085106382978725,-0.2758535766253307,0.5634521234571662,-0.24184817146953252,0.525556849238689,0.2464770876166983
consumed,69#7,MC_ON,BC,4,9044,0.28564726504557697,0.2995080177469105,0.38974802639036654,0.6753952914359435,0.16298098186643079,-0.3451017100180291,0.7727164580749205,-0.30980721542286727,0.7625475661655328,0.23826612889841256
consumed,69#7,MC_ON,BC,5,6860,0.2717534891623677,-0.0004973758687291662,0.5376771347825452,0.8094306239449129,0.2978134110787172,3.497587287286358,3.497587287286358,3.2954238224780297,3.2954238224780297,1.4035529971518577
consumed,69#7,MC_ON,AC,1,7238,0.23766266340317035,-0.07336217097681882,0.44081070023323965,0.67847336363641,0.231555678364189,-0.025716707448822238,0.12172125895072808,0.026001850741112904,0.18953953141188667,0.3427890024036036
consumed,69#7,MC_ON,AC,2,7168,0.2546545587391957,-0.0855095772093841,0.46070295820857815,0.7153575169477738,0.23479352678571427,-0.1209401407690572,0.36278084654079557,-0.05478325380158317,0.3642547677265838,0.330301780599045
consumed,69#7,MC_ON,AC,3,3290,0.16571683800415782,-0.11426824431137489,0.3919838792702256,0.5577007172743833,0.18085106382978725,-0.2758535766253307,0.5634521234571662,-0.24184817146953252,0.525556849238689,0.2464770876166983
consumed,69#7,MC_ON,AC,4,9044,0.14076348899956884,-0.1376682993077457,0.38974802639036654,0.5305115153899354,0.16298098186643079,-0.3451017100180291,0.7727164580749205,-0.30980721542286727,0.7625475661655328,0.23826612889841256
consumed,69#7,MC_ON,AC,5,6860,0.8917173198679336,0.09100592556586976,0.5376771347825452,1.4293944546504789,0.2978134110787172,3.497587287286358,3.497587287286358,3.2954238224780297,3.2954238224780297,1.4035529971518577
consumed,69#21,PC_OFF,BC,1,7212,0.1445713339868566,-0.0645713423718022,0.5114756196571133,0.6560469536439699,0.2420965058236273,-0.027667565222339343,0.14861092383451768,0.08206198257195184,0.23800944505219682,0.3411304693177522
consumed,69#21,PC_OFF,BC,2,5202,0.1553066707606111,-0.09848377696281839,0.5471511677347181,0.7024578384953291,0.26855055747789314,-0.14554916435299842,0.3982990924606995,-0.057967167935113556,0.3894310096566537,0.29833573147671777
consumed,69#21,PC_OFF,BC,3,3672,0.1897428209742143,-0.08371482325084517,0.5367335160650709,0.7264763370392852,0.27151416122004357,-0.28488571943964025,0.5986611964700369,-0.20886415530508368,0.5706963603493067,0.26939302635235174
consumed,69#21,PC_OFF,BC,4,7140,0.2489124274852905,-0.0784032155177895,0.5685717063632147,0.8174841338485053,0.30798319327731094,-0.40021081389350616,0.7854427260726283,-0.3577764416452225,0.7677138000303277,0.1896020342964251
consumed,69#21,PC_OFF,BC,5,5574,0.4028358572700011,0.13581396438653526,0.3947422720153839,0.7975781292853849,0.17671331180480804,3.56252521524079,3.56252521524079,3.331471135619612,3.331471135619612,1.2556765407633224
consumed,69#21,PC_OFF,AC,1,7212,0.0536100322800848,0.009039229706756163,0.5114756196571133,0.5650856519371982,0.2420965058236273,-0.027667565222339343,0.14861092383451768,0.08206198257195184,0.23800944505219682,0.3411304693177522
consumed,69#21,PC_OFF,AC,2,5202,0.05787445241671088,0.02242368732644877,0.5471511677347181,0.6050256201514288,0.26855055747789314,-0.14554916435299842,0.3982990924606995,-0.057967167935113556,0.3894310096566537,0.29833573147671777
consumed,69#21,PC_OFF,AC,3,3672,0.06947202503359107,0.01712409380404789,0.5367335160650709,0.606205541098662,0.27151416122004357,-0.28488571943964025,0.5986611964700369,-0.20886415530508368,0.5706963603493067,0.26939302635235174
consumed,69#21,PC_OFF,AC,4,7140,0.06498776940523675,0.022723121371795912,0.5685717063632147,0.6335594757684514,0.30798319327731094,-0.40021081389350616,0.7854427260726283,-0.3577764416452225,0.7677138000303277,0.1896020342964251
consumed,69#21,PC_OFF,AC,5,5574,0.08459152971743393,-0.004831004459877008,0.3947422720153839,0.4793338017328177,0.17671331180480804,3.56252521524079,3.56252521524079,3.331471135619612,3.331471135619612,1.2556765407633224
consumed,70#1,PC_ON,BC,1,5532,0.08940686842124503,0.09188430111263901,0.46776592202343503,0.55717279044468,0.2024584237165582,-0.025656930560956834,0.118753110578156,0.051017833730431644,0.20970279004850456,0.33369342522708234
consumed,70#1,PC_ON,BC,2,6132,0.0770643741229086,0.07821374889296599,0.4700239281934818,0.5470883023163905,0.1999347684279191,-0.12014210558515681,0.3471212257228233,-0.029865092445051786,0.3603427117840303,0.31063733567641594
consumed,70#1,PC_ON,BC,3,5154,0.10025825842509314,0.10548765331993659,0.44741587590797555,0.5476741343330687,0.17927823050058206,-0.30123325926341915,0.5904851806223397,-0.2189539271703251,0.5506698283673986,0.2743538673575798
consumed,70#1,PC_ON,BC,4,6990,0.16578365658627972,0.20691099750209957,0.42744211297694723,0.5932257695632269,0.17052932761087267,-0.2547559912266413,0.8262852471631721,-0.22015862148701434,0.8098464764858965,0.2660951944487905
consumed,70#1,PC_ON,BC,5,4992,0.1450863971793806,-0.002361605786354054,0.5154207458817873,0.6605071430611679,0.24258814102564102,3.855540604075941,3.855540604075941,3.4938896592979347,3.4938896592979347,1.203883377296855
consumed,70#1,PC_ON,AC,1,5532,0.07936968747033638,-0.08143441706438836,0.46776592202343503,0.5471356094937714,0.2024584237165582,-0.025656930560956834,0.118753110578156,0.051017833730431644,0.20970279004850456,0.33369342522708234
consumed,70#1,PC_ON,AC,2,6132,0.1256332078229904,-0.06786839159016726,0.4700239281934818,0.5956571360164722,0.1999347684279191,-0.12014210558515681,0.3471212257228233,-0.029865092445051786,0.3603427117840303,0.31063733567641594
consumed,70#1,PC_ON,AC,3,5154,0.1190371069072487,-0.09648038667931477,0.44741587590797555,0.5664529828152242,0.17927823050058206,-0.30123325926341915,0.5904851806223397,-0.2189539271703251,0.5506698283673986,0.2743538673575798
consumed,70#1,PC_ON,AC,4,6990,0.08339180654299949,-0.1263896400669662,0.42744211297694723,0.5108339195199467,0.17052932761087267,-0.2547559912266413,0.8262852471631721,-0.22015862148701434,0.8098464764858965,0.2660951944487905
consumed,70#1,PC_ON,AC,5,4992,0.4434967500706209,0.027994219272038615,0.5154207458817873,0.9589174959524082,0.24258814102564102,3.855540604075941,3.855540604075941,3.4938896592979347,3.4938896592979347,1.203883377296855
consumed,70#7,PC_ON,BC,1,7448,0.20257212614385672,0.173371690127879,0.4729306154463837,0.6755027415902404,0.22784640171858217,-0.02768745884761876,0.13507478720079835,0.04630193454824489,0.21045172080529617,0.3260721836524934
consumed,70#7,PC_ON,BC,2,6398,0.19410251550239335,0.16720064148051095,0.4668485932855161,0.6609511087879095,0.21319162238199438,-0.1435192327384467,0.37882090391365947,-0.06540747376775484,0.3782668910089935,0.3173746235235618
consumed,70#7,PC_ON,BC,3,3304,0.2613221649509207,0.21642257437173634,0.42082314982916824,0.6821453147800889,0.19975786924939468,-0.2822185984266692,0.5592994174266337,-0.2171659706307096,0.5058015789524889,0.2680949704781933
consumed,70#7,PC_ON,BC,4,9387,0.33996787360519704,0.34782198099697637,0.38943271194589,0.729400585551087,0.1714072653669969,-0.42890946531702795,0.7567533713861168,-0.3801799461564688,0.7332610607758694,0.20343813214862963
consumed,70#7,PC_ON,BC,5,7063,0.6133850281632202,0.10291475119834834,0.5486388866286476,1.1620239147918674,0.35508990513945915,3.6469513218470535,3.6469513218470535,3.3517144626554853,3.3517144626554853,1.2235909104957914
consumed,70#7,PC_ON,AC,1,7448,0.1291215912792778,-0.10405580240228626,0.4729306154463837,0.6020522067256614,0.22784640171858217,-0.02768745884761876,0.13507478720079835,0.04630193454824489,0.21045172080529617,0.3260721836524934
consumed,70#7,PC_ON,AC,2,6398,0.14167562849057694,-0.10950480681900525,0.4668485932855161,0.608524221776093,0.21319162238199438,-0.1435192327384467,0.37882090391365947,-0.06540747376775484,0.3782668910089935,0.3173746235235618
consumed,70#7,PC_ON,AC,3,3304,0.0906427149625896,-0.12167747618434008,0.42082314982916824,0.5114658647917579,0.19975786924939468,-0.2822185984266692,0.5592994174266337,-0.2171659706307096,0.5058015789524889,0.2680949704781933
consumed,70#7,PC_ON,AC,4,9387,0.09867618290091917,-0.13266093851612742,0.38943271194589,0.4881088948468092,0.1714072653669969,-0.42890946531702795,0.7567533713861168,-0.3801799461564688,0.7332610607758694,0.20343813214862963
consumed,70#7,PC_ON,AC,5,7063,0.42671668740809837,-0.020772772525785188,0.5486388866286476,0.9753555740367459,0.35508990513945915,3.6469513218470535,3.6469513218470535,3.3517144626554853,3.3517144626554853,1.2235909104957914
consumed,70#15,PC_ON,BC,1,4998,0.1588404212039234,0.10243655619869728,0.3906107189371185,0.5494511401410419,0.15506202480992398,-0.02004981727397954,0.10380245700499098,0.04000213783546678,0.19127254114012823,0.3358556784773703
consumed,70#15,PC_ON,BC,2,6504,0.18400397646431543,0.10972694158063465,0.36504670986952137,0.5490506863338368,0.14268142681426815,-0.11706154231131632,0.32758172957572385,-0.03901176777982983,0.3278380510992068,0.3168321375188173
consumed,70#15,PC_ON,BC,3,3954,0.17360690625181627,0.14328863658478308,0.3429559211475148,0.516562827399331,0.12923621648963077,-0.27799497198849443,0.5438914013322907,-0.19625758694819911,0.5224064462677738,0.29118302846012917
consumed,70#15,PC_ON,BC,4,7482,0.2251280107068513,0.20900241985791493,0.3042448652614158,0.5293728759682671,0.10959636460839348,-0.4145255990165085,0.7696285588067823,-0.3646782843565002,0.7559426569454067,0.22169111133506883
consumed,70#15,PC_ON,BC,5,5862,0.5296793581167204,0.01653214181812794,0.5182602823108423,1.0479396404275627,0.26117366086659843,3.6423141704551125,3.6423141704551125,3.358709180408366,3.358709180408366,1.2655233191484998
consumed,70#15,PC_ON,AC,1,4998,0.11449163231131246,-0.08900330807828033,0.3906107189371185,0.505102351248431,0.15506202480992398,-0.02004981727397954,0.10380245700499098,0.04000213783546678,0.19127254114012823,0.3358556784773703
consumed,70#15,PC_ON,AC,2,6504,0.10740408608461792,-0.08850613279122335,0.36504670986952137,0.4724507959541393,0.14268142681426815,-0.11706154231131632,0.32758172957572385,-0.03901176777982983,0.3278380510992068,0.3168321375188173
consumed,70#15,PC_ON,AC,3,3954,0.10968265091358602,-0.08987769177011116,0.3429559211475148,0.4526385720611008,0.12923621648963077,-0.27799497198849443,0.5438914013322907,-0.19625758694819911,0.5224064462677738,0.29118302846012917
consumed,70#15,PC_ON,AC,4,7482,0.08423055119259787,-0.0955002230001619,0.3042448652614158,0.3884754164540137,0.10959636460839348,-0.4145255990165085,0.7696285588067823,-0.3646782843565002,0.7559426569454067,0.22169111133506883
consumed,70#15,PC_ON,AC,5,5862,0.3915555739095591,-0.05326211735345758,0.5182602823108423,0.9098158562204013,0.26117366086659843,3.6423141704551125,3.6423141704551125,3.358709180408366,3.358709180408366,1.2655233191484998
consumed,70#34,MC_ON,BC,1,6951,0.16129956628755807,0.1065419538210392,0.36373304473006485,0.5250326110176229,0.1709106603366422,-0.021553746262742143,0.12049417810489724,0.040898013904556295,0.1882976270591218,0.3418774357943044
consumed,70#34,MC_ON,BC,2,7077,0.18066688955610083,0.12770803144024814,0.36874066703418906,0.54940755659029,0.17606330365974282,-0.12042876112373492,0.3541232003897504,-0.062198612650007055,0.34192389700125836,0.3162889563625808
consumed,70#34,MC_ON,BC,3,3773,0.24814156268252896,0.1821222164113979,0.35367852561633817,0.601820088298867,0.16644579909886031,-0.24740588494192772,0.5542948067328536,-0.2056901752576944,0.5142931148555324,0.26473929661350015
consumed,70#34,MC_ON,BC,4,8225,0.3082580339196741,0.2862414943706324,0.27646896941858135,0.5847270033382556,0.10990881458966566,-0.4792807800188837,0.7517664639435517,-0.43814476317517637,0.7340107049038567,0.1844836703936684
consumed,70#34,MC_ON,BC,5,7574,0.4930971664313719,0.0034448559686758723,0.48597212956474684,0.9790692959961185,0.2800369685767098,3.376028721815926,3.376028721815926,3.168167186049229,3.168167186049229,1.3328402534307144
consumed,70#34,MC_ON,AC,1,6951,0.20852732069308566,-0.09260398598995258,0.36373304473006485,0.5722603654231505,0.1709106603366422,-0.021553746262742143,0.12049417810489724,0.040898013904556295,0.1882976270591218,0.3418774357943044
consumed,70#34,MC_ON,AC,2,7077,0.2765710652883242,-0.09297711523009917,0.36874066703418906,0.6453117323225133,0.17606330365974282,-0.12042876112373492,0.3541232003897504,-0.062198612650007055,0.34192389700125836,0.3162889563625808
consumed,70#34,MC_ON,AC,3,3773,0.22270462799010854,-0.10886247422343649,0.35367852561633817,0.5763831536064465,0.16644579909886031,-0.24740588494192772,0.5542948067328536,-0.2056901752576944,0.5142931148555324,0.26473929661350015
consumed,70#34,MC_ON,AC,4,8225,0.1466329481043272,-0.10952589671122936,0.27646896941858135,0.4231019175229086,0.10990881458966566,-0.4792807800188837,0.7517664639435517,-0.43814476317517637,0.7340107049038567,0.1844836703936684
consumed,70#34,MC_ON,AC,5,7574,0.7624078079756331,0.016585264529802683,0.48597212956474684,1.2483799375403797,0.2800369685767098,3.376028721815926,3.376028721815926,3.168167186049229,3.168167186049229,1.3328402534307144
