cell_id,group,family,signature,contrast,extent_px,model,mode,paired_logit
67#4,PC_OFF,SBC,bright_minus_dark,0.0,0,canonical_minus_ln,difference,0.0
67#4,PC_OFF,SBC,bright_minus_dark,0.0,2,canonical_minus_ln,difference,0.0
67#4,PC_OFF,SBC,bright_minus_dark,0.0,4,canonical_minus_ln,difference,0.0
67#4,PC_OFF,SBC,bright_minus_dark,0.0,6,canonical_minus_ln,difference,0.0
67#4,PC_OFF,SBC,bright_minus_dark,0.0,8,canonical_minus_ln,difference,0.0
67#4,PC_OFF,SBC,bright_minus_dark,0.0625,0,canonical_minus_ln,difference,0.0
67#4,PC_OFF,SBC,bright_minus_dark,0.0625,2,canonical_minus_ln,difference,0.032239217311143875
67#4,PC_OFF,SBC,bright_minus_dark,0.0625,4,canonical_minus_ln,difference,0.07264118921011686
67#4,PC_OFF,SBC,bright_minus_dark,0.0625,6,canonical_minus_ln,difference,0.09599446784704924
67#4,PC_OFF,SBC,bright_minus_dark,0.0625,8,canonical_minus_ln,difference,0.10443187411874533
67#4,PC_OFF,SBC,bright_minus_dark,0.125,0,canonical_minus_ln,difference,0.0
67#4,PC_OFF,SBC,bright_minus_dark,0.125,2,canonical_minus_ln,difference,0.06447696126997471
67#4,PC_OFF,SBC,bright_minus_dark,0.125,4,canonical_minus_ln,difference,0.14528080075979233
67#4,PC_OFF,SBC,bright_minus_dark,0.125,6,canonical_minus_ln,difference,0.19198739901185036
67#4,PC_OFF,SBC,bright_minus_dark,0.125,8,canonical_minus_ln,difference,0.20886222459375858
67#4,PC_OFF,SBC,bright_minus_dark,0.25,0,canonical_minus_ln,difference,0.0
67#4,PC_OFF,SBC,bright_minus_dark,0.25,2,canonical_minus_ln,difference,0.1289481408894062
67#4,PC_OFF,SBC,bright_minus_dark,0.25,4,canonical_minus_ln,difference,0.2905556447803974
67#4,PC_OFF,SBC,bright_minus_dark,0.25,6,canonical_minus_ln,difference,0.3839687183499336
67#4,PC_OFF,SBC,bright_minus_dark,0.25,8,canonical_minus_ln,difference,0.41771846637129784
67#4,PC_OFF,SBC,bright_minus_dark,0.375,0,canonical_minus_ln,difference,0.0
67#4,PC_OFF,SBC,bright_minus_dark,0.375,2,canonical_minus_ln,difference,0.1934133693575859
67#4,PC_OFF,SBC,bright_minus_dark,0.375,4,canonical_minus_ln,difference,0.4358245059847832
67#4,PC_OFF,SBC,bright_minus_dark,0.375,6,canonical_minus_ln,difference,0.575944110751152
67#4,PC_OFF,SBC,bright_minus_dark,0.375,8,canonical_minus_ln,difference,0.626568578183651
67#4,PC_OFF,SBC,bright_minus_dark,0.5,0,canonical_minus_ln,difference,0.0
67#4,PC_OFF,SBC,bright_minus_dark,0.5,2,canonical_minus_ln,difference,0.2578728199005127
67#4,PC_OFF,SBC,bright_minus_dark,0.5,4,canonical_minus_ln,difference,0.581087201833725
67#4,PC_OFF,SBC,bright_minus_dark,0.5,6,canonical_minus_ln,difference,0.7679133266210556
67#4,PC_OFF,SBC,bright_minus_dark,0.5,8,canonical_minus_ln,difference,0.8354128152132034
67#4,PC_OFF,Mach,dark_ramp_minus_uniform,0.0,0,canonical_minus_ln,difference,0.0
67#4,PC_OFF,Mach,bright_ramp_minus_uniform,0.0,0,canonical_minus_ln,difference,0.0
67#4,PC_OFF,Mach,dark_ramp_minus_uniform,0.0,2,canonical_minus_ln,difference,0.0
67#4,PC_OFF,Mach,bright_ramp_minus_uniform,0.0,2,canonical_minus_ln,difference,0.0
67#4,PC_OFF,Mach,dark_ramp_minus_uniform,0.0,4,canonical_minus_ln,difference,0.0
67#4,PC_OFF,Mach,bright_ramp_minus_uniform,0.0,4,canonical_minus_ln,difference,0.0
67#4,PC_OFF,Mach,dark_ramp_minus_uniform,0.0,8,canonical_minus_ln,difference,0.0
67#4,PC_OFF,Mach,bright_ramp_minus_uniform,0.0,8,canonical_minus_ln,difference,0.0
67#4,PC_OFF,Mach,dark_ramp_minus_uniform,0.0,12,canonical_minus_ln,difference,0.0
67#4,PC_OFF,Mach,bright_ramp_minus_uniform,0.0,12,canonical_minus_ln,difference,0.0
67#4,PC_OFF,Mach,dark_ramp_minus_uniform,0.0,16,canonical_minus_ln,difference,0.0
67#4,PC_OFF,Mach,bright_ramp_minus_uniform,0.0,16,canonical_minus_ln,difference,0.0
67#4,PC_OFF,Mach,dark_ramp_minus_uniform,0.0625,0,canonical_minus_ln,difference,0.05460990406572819
67#4,PC_OFF,Mach,bright_ramp_minus_uniform,0.0625,0,canonical_minus_ln,difference,-0.021042743464931846
67#4,PC_OFF,Mach,dark_ramp_minus_uniform,0.0625,2,canonical_minus_ln,difference,0.0542406071908772
67#4,PC_OFF,Mach,bright_ramp_minus_uniform,0.0625,2,canonical_minus_ln,difference,-0.019447762984782457
67#4,PC_OFF,Mach,dark_ramp_minus_uniform,0.0625,4,canonical_minus_ln,difference,0.042524629388935864
67#4,PC_OFF,Mach,bright_ramp_minus_uniform,0.0625,4,canonical_minus_ln,difference,-0.013836836675181985
67#4,PC_OFF,Mach,dark_ramp_minus_uniform,0.0625,8,canonical_minus_ln,difference,0.024903905868995935
67#4,PC_OFF,Mach,bright_ramp_minus_uniform,0.0625,8,canonical_minus_ln,difference,-0.00754487537778914
67#4,PC_OFF,Mach,dark_ramp_minus_uniform,0.0625,12,canonical_minus_ln,difference,0.016602618619799614
67#4,PC_OFF,Mach,bright_ramp_minus_uniform,0.0625,12,canonical_minus_ln,difference,-0.005029912979807705
67#4,PC_OFF,Mach,dark_ramp_minus_uniform,0.0625,16,canonical_minus_ln,difference,0.012451954797143117
67#4,PC_OFF,Mach,bright_ramp_minus_uniform,0.0625,16,canonical_minus_ln,difference,-0.0037724255525972694
67#4,PC_OFF,Mach,dark_ramp_minus_uniform,0.125,0,canonical_minus_ln,difference,0.10923228971660137
67#4,PC_OFF,Mach,bright_ramp_minus_uniform,0.125,0,canonical_minus_ln,difference,-0.042080508545041084
67#4,PC_OFF,Mach,dark_ramp_minus_uniform,0.125,2,canonical_minus_ln,difference,0.10848562512546778
67#4,PC_OFF,Mach,bright_ramp_minus_uniform,0.125,2,canonical_minus_ln,difference,-0.038899926003068686
67#4,PC_OFF,Mach,dark_ramp_minus_uniform,0.125,4,canonical_minus_ln,difference,0.08505148789845407
67#4,PC_OFF,Mach,bright_ramp_minus_uniform,0.125,4,canonical_minus_ln,difference,-0.02767593925818801
67#4,PC_OFF,Mach,dark_ramp_minus_uniform,0.125,8,canonical_minus_ln,difference,0.04980895121116191
67#4,PC_OFF,Mach,bright_ramp_minus_uniform,0.125,8,canonical_minus_ln,difference,-0.015090878470800817
67#4,PC_OFF,Mach,dark_ramp_minus_uniform,0.125,12,canonical_minus_ln,difference,0.033205942367203534
67#4,PC_OFF,Mach,bright_ramp_minus_uniform,0.125,12,canonical_minus_ln,difference,-0.01006057660561055
67#4,PC_OFF,Mach,dark_ramp_minus_uniform,0.125,16,canonical_minus_ln,difference,0.024904477351810783
67#4,PC_OFF,Mach,bright_ramp_minus_uniform,0.125,16,canonical_minus_ln,difference,-0.007545447151642293
67#4,PC_OFF,Mach,dark_ramp_minus_uniform,0.25,0,canonical_minus_ln,difference,0.21851423382759094
67#4,PC_OFF,Mach,bright_ramp_minus_uniform,0.25,0,canonical_minus_ln,difference,-0.08414110168814659
67#4,PC_OFF,Mach,dark_ramp_minus_uniform,0.25,2,canonical_minus_ln,difference,0.2169888960197568
67#4,PC_OFF,Mach,bright_ramp_minus_uniform,0.25,2,canonical_minus_ln,difference,-0.07781748194247484
67#4,PC_OFF,Mach,dark_ramp_minus_uniform,0.25,4,canonical_minus_ln,difference,0.17011190671473742
67#4,PC_OFF,Mach,bright_ramp_minus_uniform,0.25,4,canonical_minus_ln,difference,-0.05536076007410884
67#4,PC_OFF,Mach,dark_ramp_minus_uniform,0.25,8,canonical_minus_ln,difference,0.09962241305038333
67#4,PC_OFF,Mach,bright_ramp_minus_uniform,0.25,8,canonical_minus_ln,difference,-0.030186275485903025
67#4,PC_OFF,Mach,dark_ramp_minus_uniform,0.25,12,canonical_minus_ln,difference,0.06641493481583893
67#4,PC_OFF,Mach,bright_ramp_minus_uniform,0.25,12,canonical_minus_ln,difference,-0.020124200265854597
67#4,PC_OFF,Mach,dark_ramp_minus_uniform,0.25,16,canonical_minus_ln,difference,0.049811235279776156
67#4,PC_OFF,Mach,bright_ramp_minus_uniform,0.25,16,canonical_minus_ln,difference,-0.01509315229486674
67#4,PC_OFF,Mach,dark_ramp_minus_uniform,0.375,0,canonical_minus_ln,difference,0.3278455249965191
67#4,PC_OFF,Mach,bright_ramp_minus_uniform,0.375,0,canonical_minus_ln,difference,-0.12618174962699413
67#4,PC_OFF,Mach,dark_ramp_minus_uniform,0.375,2,canonical_minus_ln,difference,0.32550958171486855
67#4,PC_OFF,Mach,bright_ramp_minus_uniform,0.375,2,canonical_minus_ln,difference,-0.11675245314836502
67#4,PC_OFF,Mach,dark_ramp_minus_uniform,0.375,4,canonical_minus_ln,difference,0.25518107041716576
67#4,PC_OFF,Mach,bright_ramp_minus_uniform,0.375,4,canonical_minus_ln,difference,-0.08305436000227928
67#4,PC_OFF,Mach,dark_ramp_minus_uniform,0.375,8,canonical_minus_ln,difference,0.1494402694515884
67#4,PC_OFF,Mach,bright_ramp_minus_uniform,0.375,8,canonical_minus_ln,difference,-0.04528605891391635
67#4,PC_OFF,Mach,dark_ramp_minus_uniform,0.375,12,canonical_minus_ln,difference,0.0996268903836608
67#4,PC_OFF,Mach,bright_ramp_minus_uniform,0.375,12,canonical_minus_ln,difference,-0.030190763529390097
67#4,PC_OFF,Mach,dark_ramp_minus_uniform,0.375,16,canonical_minus_ln,difference,0.0747201715130359
67#4,PC_OFF,Mach,bright_ramp_minus_uniform,0.375,16,canonical_minus_ln,difference,-0.022643042262643576
67#4,PC_OFF,Mach,dark_ramp_minus_uniform,0.5,0,canonical_minus_ln,difference,0.4372262507677078
67#4,PC_OFF,Mach,bright_ramp_minus_uniform,0.5,0,canonical_minus_ln,difference,-0.1682028193026781
67#4,PC_OFF,Mach,dark_ramp_minus_uniform,0.5,2,canonical_minus_ln,difference,0.4340478777885437
67#4,PC_OFF,Mach,bright_ramp_minus_uniform,0.5,2,canonical_minus_ln,difference,-0.1557050682604313
67#4,PC_OFF,Mach,dark_ramp_minus_uniform,0.5,4,canonical_minus_ln,difference,0.3402591748163104
67#4,PC_OFF,Mach,bright_ramp_minus_uniform,0.5,4,canonical_minus_ln,difference,-0.11075691878795624
67#4,PC_OFF,Mach,dark_ramp_minus_uniform,0.5,8,canonical_minus_ln,difference,0.1992626190185547
67#4,PC_OFF,Mach,bright_ramp_minus_uniform,0.5,8,canonical_minus_ln,difference,-0.06039036298170686
67#4,PC_OFF,Mach,dark_ramp_minus_uniform,0.5,12,canonical_minus_ln,difference,0.1328417956829071
67#4,PC_OFF,Mach,bright_ramp_minus_uniform,0.5,12,canonical_minus_ln,difference,-0.04026028420776129
67#4,PC_OFF,Mach,dark_ramp_minus_uniform,0.5,16,canonical_minus_ln,difference,0.09963142429478467
67#4,PC_OFF,Mach,bright_ramp_minus_uniform,0.5,16,canonical_minus_ln,difference,-0.030195252737030387
67#6,MC_OFF,SBC,bright_minus_dark,0.0,0,canonical_minus_ln,difference,0.0
67#6,MC_OFF,SBC,bright_minus_dark,0.0,2,canonical_minus_ln,difference,0.0
67#6,MC_OFF,SBC,bright_minus_dark,0.0,4,canonical_minus_ln,difference,0.0
67#6,MC_OFF,SBC,bright_minus_dark,0.0,6,canonical_minus_ln,difference,0.0
67#6,MC_OFF,SBC,bright_minus_dark,0.0,8,canonical_minus_ln,difference,0.0
67#6,MC_OFF,SBC,bright_minus_dark,0.0625,0,canonical_minus_ln,difference,0.0
67#6,MC_OFF,SBC,bright_minus_dark,0.0625,2,canonical_minus_ln,difference,0.05957423895597458
67#6,MC_OFF,SBC,bright_minus_dark,0.0625,4,canonical_minus_ln,difference,0.09536762163043022
67#6,MC_OFF,SBC,bright_minus_dark,0.0625,6,canonical_minus_ln,difference,0.09804269671440125
67#6,MC_OFF,SBC,bright_minus_dark,0.0625,8,canonical_minus_ln,difference,0.09805070608854294
67#6,MC_OFF,SBC,bright_minus_dark,0.125,0,canonical_minus_ln,difference,0.0
67#6,MC_OFF,SBC,bright_minus_dark,0.125,2,canonical_minus_ln,difference,0.11913792043924332
67#6,MC_OFF,SBC,bright_minus_dark,0.125,4,canonical_minus_ln,difference,0.19072318077087402
67#6,MC_OFF,SBC,bright_minus_dark,0.125,6,canonical_minus_ln,difference,0.19607313722372055
67#6,MC_OFF,SBC,bright_minus_dark,0.125,8,canonical_minus_ln,difference,0.1960892304778099
67#6,MC_OFF,SBC,bright_minus_dark,0.25,0,canonical_minus_ln,difference,0.0
67#6,MC_OFF,SBC,bright_minus_dark,0.25,2,canonical_minus_ln,difference,0.23823361098766327
67#6,MC_OFF,SBC,bright_minus_dark,0.25,4,canonical_minus_ln,difference,0.38139840960502625
67#6,MC_OFF,SBC,bright_minus_dark,0.25,6,canonical_minus_ln,difference,0.3920975476503372
67#6,MC_OFF,SBC,bright_minus_dark,0.25,8,canonical_minus_ln,difference,0.39212968945503235
67#6,MC_OFF,SBC,bright_minus_dark,0.375,0,canonical_minus_ln,difference,0.0
67#6,MC_OFF,SBC,bright_minus_dark,0.375,2,canonical_minus_ln,difference,0.3572870343923569
67#6,MC_OFF,SBC,bright_minus_dark,0.375,4,canonical_minus_ln,difference,0.5720255374908447
67#6,MC_OFF,SBC,bright_minus_dark,0.375,6,canonical_minus_ln,difference,0.5880732983350754
67#6,MC_OFF,SBC,bright_minus_dark,0.375,8,canonical_minus_ln,difference,0.5881214737892151
67#6,MC_OFF,SBC,bright_minus_dark,0.5,0,canonical_minus_ln,difference,0.0
67#6,MC_OFF,SBC,bright_minus_dark,0.5,2,canonical_minus_ln,difference,0.47629818320274353
67#6,MC_OFF,SBC,bright_minus_dark,0.5,4,canonical_minus_ln,difference,0.7626046538352966
67#6,MC_OFF,SBC,bright_minus_dark,0.5,6,canonical_minus_ln,difference,0.7840004563331604
67#6,MC_OFF,SBC,bright_minus_dark,0.5,8,canonical_minus_ln,difference,0.784064918756485
67#6,MC_OFF,Mach,dark_ramp_minus_uniform,0.0,0,canonical_minus_ln,difference,0.0
67#6,MC_OFF,Mach,bright_ramp_minus_uniform,0.0,0,canonical_minus_ln,difference,0.0
67#6,MC_OFF,Mach,dark_ramp_minus_uniform,0.0,2,canonical_minus_ln,difference,0.0
67#6,MC_OFF,Mach,bright_ramp_minus_uniform,0.0,2,canonical_minus_ln,difference,0.0
67#6,MC_OFF,Mach,dark_ramp_minus_uniform,0.0,4,canonical_minus_ln,difference,0.0
67#6,MC_OFF,Mach,bright_ramp_minus_uniform,0.0,4,canonical_minus_ln,difference,0.0
67#6,MC_OFF,Mach,dark_ramp_minus_uniform,0.0,8,canonical_minus_ln,difference,0.0
67#6,MC_OFF,Mach,bright_ramp_minus_uniform,0.0,8,canonical_minus_ln,difference,0.0
67#6,MC_OFF,Mach,dark_ramp_minus_uniform,0.0,12,canonical_minus_ln,difference,0.0
67#6,MC_OFF,Mach,bright_ramp_minus_uniform,0.0,12,canonical_minus_ln,difference,0.0
67#6,MC_OFF,Mach,dark_ramp_minus_uniform,0.0,16,canonical_minus_ln,difference,0.0
67#6,MC_OFF,Mach,bright_ramp_minus_uniform,0.0,16,canonical_minus_ln,difference,0.0
67#6,MC_OFF,Mach,dark_ramp_minus_uniform,0.0625,0,canonical_minus_ln,difference,-0.01187259319704026
67#6,MC_OFF,Mach,bright_ramp_minus_uniform,0.0625,0,canonical_minus_ln,difference,-0.06503671128302813
67#6,MC_OFF,Mach,dark_ramp_minus_uniform,0.0625,2,canonical_minus_ln,difference,-0.001226727181347087
67#6,MC_OFF,Mach,bright_ramp_minus_uniform,0.0625,2,canonical_minus_ln,difference,-0.06100651575252414
67#6,MC_OFF,Mach,dark_ramp_minus_uniform,0.0625,4,canonical_minus_ln,difference,-0.00038087366556283087
67#6,MC_OFF,Mach,bright_ramp_minus_uniform,0.0625,4,canonical_minus_ln,difference,-0.0416524427710101
67#6,MC_OFF,Mach,dark_ramp_minus_uniform,0.0625,8,canonical_minus_ln,difference,-0.00018224717496195808
67#6,MC_OFF,Mach,bright_ramp_minus_uniform,0.0625,8,canonical_minus_ln,difference,-0.021161683165701106
67#6,MC_OFF,Mach,dark_ramp_minus_uniform,0.0625,12,canonical_minus_ln,difference,-0.0001214822186739184
67#6,MC_OFF,Mach,bright_ramp_minus_uniform,0.0625,12,canonical_minus_ln,difference,-0.01410779201250989
67#6,MC_OFF,Mach,dark_ramp_minus_uniform,0.0625,16,canonical_minus_ln,difference,-9.110768223763444e-05
67#6,MC_OFF,Mach,bright_ramp_minus_uniform,0.0625,16,canonical_minus_ln,difference,-0.010580865608062595
67#6,MC_OFF,Mach,dark_ramp_minus_uniform,0.125,0,canonical_minus_ln,difference,-0.02373708109371364
67#6,MC_OFF,Mach,bright_ramp_minus_uniform,0.125,0,canonical_minus_ln,difference,-0.13006525486707687
67#6,MC_OFF,Mach,dark_ramp_minus_uniform,0.125,2,canonical_minus_ln,difference,-0.0024515946861356497
67#6,MC_OFF,Mach,bright_ramp_minus_uniform,0.125,2,canonical_minus_ln,difference,-0.1220148871652782
67#6,MC_OFF,Mach,dark_ramp_minus_uniform,0.125,4,canonical_minus_ln,difference,-0.000760928844101727
67#6,MC_OFF,Mach,bright_ramp_minus_uniform,0.125,4,canonical_minus_ln,difference,-0.08330568426754326
67#6,MC_OFF,Mach,dark_ramp_minus_uniform,0.125,8,canonical_minus_ln,difference,-0.0003641048970166594
67#6,MC_OFF,Mach,bright_ramp_minus_uniform,0.125,8,canonical_minus_ln,difference,-0.04232370830141008
67#6,MC_OFF,Mach,dark_ramp_minus_uniform,0.125,12,canonical_minus_ln,difference,-0.0002427339495625347
67#6,MC_OFF,Mach,bright_ramp_minus_uniform,0.125,12,canonical_minus_ln,difference,-0.028215821221238002
67#6,MC_OFF,Mach,dark_ramp_minus_uniform,0.125,16,canonical_minus_ln,difference,-0.00018205643573310226
67#6,MC_OFF,Mach,bright_ramp_minus_uniform,0.125,16,canonical_minus_ln,difference,-0.0211618586035911
67#6,MC_OFF,Mach,dark_ramp_minus_uniform,0.25,0,canonical_minus_ln,difference,-0.04744166857562959
67#6,MC_OFF,Mach,bright_ramp_minus_uniform,0.25,0,canonical_minus_ln,difference,-0.2600979320704937
67#6,MC_OFF,Mach,dark_ramp_minus_uniform,0.25,2,canonical_minus_ln,difference,-0.004895572084933519
67#6,MC_OFF,Mach,bright_ramp_minus_uniform,0.25,2,canonical_minus_ln,difference,-0.24403737392276525
67#6,MC_OFF,Mach,dark_ramp_minus_uniform,0.25,4,canonical_minus_ln,difference,-0.001518293167464435
67#6,MC_OFF,Mach,bright_ramp_minus_uniform,0.25,4,canonical_minus_ln,difference,-0.16661500534974039
67#6,MC_OFF,Mach,dark_ramp_minus_uniform,0.25,8,canonical_minus_ln,difference,-0.000726314407074824
67#6,MC_OFF,Mach,bright_ramp_minus_uniform,0.25,8,canonical_minus_ln,difference,-0.08464932441711426
67#6,MC_OFF,Mach,dark_ramp_minus_uniform,0.25,12,canonical_minus_ln,difference,-0.00048421623068861663
67#6,MC_OFF,Mach,bright_ramp_minus_uniform,0.25,12,canonical_minus_ln,difference,-0.056432908051647246
67#6,MC_OFF,Mach,dark_ramp_minus_uniform,0.25,16,canonical_minus_ln,difference,-0.00036313929012976587
67#6,MC_OFF,Mach,bright_ramp_minus_uniform,0.25,16,canonical_minus_ln,difference,-0.0423247255384922
67#6,MC_OFF,Mach,dark_ramp_minus_uniform,0.375,0,canonical_minus_ln,difference,-0.07111380668357015
67#6,MC_OFF,Mach,bright_ramp_minus_uniform,0.375,0,canonical_minus_ln,difference,-0.39009813964366913
67#6,MC_OFF,Mach,dark_ramp_minus_uniform,0.375,2,canonical_minus_ln,difference,-0.007331919623538852
67#6,MC_OFF,Mach,bright_ramp_minus_uniform,0.375,2,canonical_minus_ln,difference,-0.36606758646667004
67#6,MC_OFF,Mach,dark_ramp_minus_uniform,0.375,4,canonical_minus_ln,difference,-0.002272105193696916
67#6,MC_OFF,Mach,bright_ramp_minus_uniform,0.375,4,canonical_minus_ln,difference,-0.24992777104489505
67#6,MC_OFF,Mach,dark_ramp_minus_uniform,0.375,8,canonical_minus_ln,difference,-0.001086715841665864
67#6,MC_OFF,Mach,bright_ramp_minus_uniform,0.375,8,canonical_minus_ln,difference,-0.12697676417883486
67#6,MC_OFF,Mach,dark_ramp_minus_uniform,0.375,12,canonical_minus_ln,difference,-0.0007243673026096076
67#6,MC_OFF,Mach,bright_ramp_minus_uniform,0.375,12,canonical_minus_ln,difference,-0.08465127891395241
67#6,MC_OFF,Mach,dark_ramp_minus_uniform,0.375,16,canonical_minus_ln,difference,-0.0005432685138657689
67#6,MC_OFF,Mach,bright_ramp_minus_uniform,0.375,16,canonical_minus_ln,difference,-0.06348846259061247
67#6,MC_OFF,Mach,dark_ramp_minus_uniform,0.5,0,canonical_minus_ln,difference,-0.09475351637229323
67#6,MC_OFF,Mach,bright_ramp_minus_uniform,0.5,0,canonical_minus_ln,difference,-0.5200660526752472
67#6,MC_OFF,Mach,dark_ramp_minus_uniform,0.5,2,canonical_minus_ln,difference,-0.009760678047314286
67#6,MC_OFF,Mach,bright_ramp_minus_uniform,0.5,2,canonical_minus_ln,difference,-0.48810525331646204
67#6,MC_OFF,Mach,dark_ramp_minus_uniform,0.5,4,canonical_minus_ln,difference,-0.003022408694960177
67#6,MC_OFF,Mach,bright_ramp_minus_uniform,0.5,4,canonical_minus_ln,difference,-0.333244149107486
67#6,MC_OFF,Mach,dark_ramp_minus_uniform,0.5,8,canonical_minus_ln,difference,-0.001445209898520261
67#6,MC_OFF,Mach,bright_ramp_minus_uniform,0.5,8,canonical_minus_ln,difference,-0.1693060607649386
67#6,MC_OFF,Mach,dark_ramp_minus_uniform,0.5,12,canonical_minus_ln,difference,-0.0009633381851017475
67#6,MC_OFF,Mach,bright_ramp_minus_uniform,0.5,12,canonical_minus_ln,difference,-0.11287090729456395
67#6,MC_OFF,Mach,dark_ramp_minus_uniform,0.5,16,canonical_minus_ln,difference,-0.0007224678702186793
67#6,MC_OFF,Mach,bright_ramp_minus_uniform,0.5,16,canonical_minus_ln,difference,-0.08465322700794786
67#7,MC_ON,SBC,bright_minus_dark,0.0,0,canonical_minus_ln,difference,0.0
67#7,MC_ON,SBC,bright_minus_dark,0.0,2,canonical_minus_ln,difference,0.0
67#7,MC_ON,SBC,bright_minus_dark,0.0,4,canonical_minus_ln,difference,0.0
67#7,MC_ON,SBC,bright_minus_dark,0.0,6,canonical_minus_ln,difference,0.0
67#7,MC_ON,SBC,bright_minus_dark,0.0,8,canonical_minus_ln,difference,0.0
67#7,MC_ON,SBC,bright_minus_dark,0.0625,0,canonical_minus_ln,difference,0.0
67#7,MC_ON,SBC,bright_minus_dark,0.0625,2,canonical_minus_ln,difference,-0.05773332901299
67#7,MC_ON,SBC,bright_minus_dark,0.0625,4,canonical_minus_ln,difference,-0.06209980696439743
67#7,MC_ON,SBC,bright_minus_dark,0.0625,6,canonical_minus_ln,difference,-0.06089416518807411
67#7,MC_ON,SBC,bright_minus_dark,0.0625,8,canonical_minus_ln,difference,-0.0607906486839056
67#7,MC_ON,SBC,bright_minus_dark,0.125,0,canonical_minus_ln,difference,0.0
67#7,MC_ON,SBC,bright_minus_dark,0.125,2,canonical_minus_ln,difference,-0.11544752307236195
67#7,MC_ON,SBC,bright_minus_dark,0.125,4,canonical_minus_ln,difference,-0.12417960725724697
67#7,MC_ON,SBC,bright_minus_dark,0.125,6,canonical_minus_ln,difference,-0.12176830135285854
67#7,MC_ON,SBC,bright_minus_dark,0.125,8,canonical_minus_ln,difference,-0.12156122550368309
67#7,MC_ON,SBC,bright_minus_dark,0.25,0,canonical_minus_ln,difference,0.0
67#7,MC_ON,SBC,bright_minus_dark,0.25,2,canonical_minus_ln,difference,-0.23081810027360916
67#7,MC_ON,SBC,bright_minus_dark,0.25,4,canonical_minus_ln,difference,-0.24827929213643074
67#7,MC_ON,SBC,bright_minus_dark,0.25,6,canonical_minus_ln,difference,-0.24345653504133224
67#7,MC_ON,SBC,bright_minus_dark,0.25,8,canonical_minus_ln,difference,-0.24304243177175522
67#7,MC_ON,SBC,bright_minus_dark,0.375,0,canonical_minus_ln,difference,0.0
67#7,MC_ON,SBC,bright_minus_dark,0.375,2,canonical_minus_ln,difference,-0.3461119011044502
67#7,MC_ON,SBC,bright_minus_dark,0.375,4,canonical_minus_ln,difference,-0.37229932844638824
67#7,MC_ON,SBC,bright_minus_dark,0.375,6,canonical_minus_ln,difference,-0.3650648444890976
67#7,MC_ON,SBC,bright_minus_dark,0.375,8,canonical_minus_ln,difference,-0.364443801343441
67#7,MC_ON,SBC,bright_minus_dark,0.5,0,canonical_minus_ln,difference,0.0
67#7,MC_ON,SBC,bright_minus_dark,0.5,2,canonical_minus_ln,difference,-0.46132903546094894
67#7,MC_ON,SBC,bright_minus_dark,0.5,4,canonical_minus_ln,difference,-0.49623964726924896
67#7,MC_ON,SBC,bright_minus_dark,0.5,6,canonical_minus_ln,difference,-0.4865933656692505
67#7,MC_ON,SBC,bright_minus_dark,0.5,8,canonical_minus_ln,difference,-0.4857652485370636
67#7,MC_ON,Mach,dark_ramp_minus_uniform,0.0,0,canonical_minus_ln,difference,0.0
67#7,MC_ON,Mach,bright_ramp_minus_uniform,0.0,0,canonical_minus_ln,difference,0.0
67#7,MC_ON,Mach,dark_ramp_minus_uniform,0.0,2,canonical_minus_ln,difference,0.0
67#7,MC_ON,Mach,bright_ramp_minus_uniform,0.0,2,canonical_minus_ln,difference,0.0
67#7,MC_ON,Mach,dark_ramp_minus_uniform,0.0,4,canonical_minus_ln,difference,0.0
67#7,MC_ON,Mach,bright_ramp_minus_uniform,0.0,4,canonical_minus_ln,difference,0.0
67#7,MC_ON,Mach,dark_ramp_minus_uniform,0.0,8,canonical_minus_ln,difference,0.0
67#7,MC_ON,Mach,bright_ramp_minus_uniform,0.0,8,canonical_minus_ln,difference,0.0
67#7,MC_ON,Mach,dark_ramp_minus_uniform,0.0,12,canonical_minus_ln,difference,0.0
67#7,MC_ON,Mach,bright_ramp_minus_uniform,0.0,12,canonical_minus_ln,difference,0.0
67#7,MC_ON,Mach,dark_ramp_minus_uniform,0.0,16,canonical_minus_ln,difference,0.0
67#7,MC_ON,Mach,bright_ramp_minus_uniform,0.0,16,canonical_minus_ln,difference,0.0
67#7,MC_ON,Mach,dark_ramp_minus_uniform,0.0625,0,canonical_minus_ln,difference,-0.01658106641843915
67#7,MC_ON,Mach,bright_ramp_minus_uniform,0.0625,0,canonical_minus_ln,difference,0.01096356735797599
67#7,MC_ON,Mach,dark_ramp_minus_uniform,0.0625,2,canonical_minus_ln,difference,-0.021184429293498397
67#7,MC_ON,Mach,bright_ramp_minus_uniform,0.0625,2,canonical_minus_ln,difference,0.0014622528105974197
67#7,MC_ON,Mach,dark_ramp_minus_uniform,0.0625,4,canonical_minus_ln,difference,-0.0113161641638726
67#7,MC_ON,Mach,bright_ramp_minus_uniform,0.0625,4,canonical_minus_ln,difference,0.0007350603700615466
67#7,MC_ON,Mach,dark_ramp_minus_uniform,0.0625,8,canonical_minus_ln,difference,-0.005476904101669788
67#7,MC_ON,Mach,bright_ramp_minus_uniform,0.0625,8,canonical_minus_ln,difference,0.00036755402106791735
67#7,MC_ON,Mach,dark_ramp_minus_uniform,0.0625,12,canonical_minus_ln,difference,-0.003651245526270941
67#7,MC_ON,Mach,bright_ramp_minus_uniform,0.0625,12,canonical_minus_ln,difference,0.0002450386673444882
67#7,MC_ON,Mach,dark_ramp_minus_uniform,0.0625,16,canonical_minus_ln,difference,-0.0027384679415263236
67#7,MC_ON,Mach,bright_ramp_minus_uniform,0.0625,16,canonical_minus_ln,difference,0.00018378098320681602
67#7,MC_ON,Mach,dark_ramp_minus_uniform,0.125,0,canonical_minus_ln,difference,-0.03316704463213682
67#7,MC_ON,Mach,bright_ramp_minus_uniform,0.125,0,canonical_minus_ln,difference,0.021919909515418112
67#7,MC_ON,Mach,dark_ramp_minus_uniform,0.125,2,canonical_minus_ln,difference,-0.0423691519536078
67#7,MC_ON,Mach,bright_ramp_minus_uniform,0.125,2,canonical_minus_ln,difference,0.002924744039773941
67#7,MC_ON,Mach,dark_ramp_minus_uniform,0.125,4,canonical_minus_ln,difference,-0.022632614709436893
67#7,MC_ON,Mach,bright_ramp_minus_uniform,0.125,4,canonical_minus_ln,difference,0.0014703671913594007
67#7,MC_ON,Mach,dark_ramp_minus_uniform,0.125,8,canonical_minus_ln,difference,-0.010953990393318236
67#7,MC_ON,Mach,bright_ramp_minus_uniform,0.125,8,canonical_minus_ln,difference,0.0007352590328082442
67#7,MC_ON,Mach,dark_ramp_minus_uniform,0.125,12,canonical_minus_ln,difference,-0.007302641752175987
67#7,MC_ON,Mach,bright_ramp_minus_uniform,0.125,12,canonical_minus_ln,difference,0.0004901806532870978
67#7,MC_ON,Mach,dark_ramp_minus_uniform,0.125,16,canonical_minus_ln,difference,-0.005476975638885051
67#7,MC_ON,Mach,bright_ramp_minus_uniform,0.125,16,canonical_minus_ln,difference,0.00036762552917934954
67#7,MC_ON,Mach,dark_ramp_minus_uniform,0.25,0,canonical_minus_ln,difference,-0.06635362282395363
67#7,MC_ON,Mach,bright_ramp_minus_uniform,0.25,0,canonical_minus_ln,difference,0.0438109093811363
67#7,MC_ON,Mach,dark_ramp_minus_uniform,0.25,2,canonical_minus_ln,difference,-0.08473932836204767
67#7,MC_ON,Mach,bright_ramp_minus_uniform,0.25,2,canonical_minus_ln,difference,0.005850530229508877
67#7,MC_ON,Mach,dark_ramp_minus_uniform,0.25,4,canonical_minus_ln,difference,-0.04526627203449607
67#7,MC_ON,Mach,bright_ramp_minus_uniform,0.25,4,canonical_minus_ln,difference,0.002941823098808527
67#7,MC_ON,Mach,dark_ramp_minus_uniform,0.25,8,canonical_minus_ln,difference,-0.021908577997237444
67#7,MC_ON,Mach,bright_ramp_minus_uniform,0.25,8,canonical_minus_ln,difference,0.001471225288696587
67#7,MC_ON,Mach,dark_ramp_minus_uniform,0.25,12,canonical_minus_ln,difference,-0.014605760341510177
67#7,MC_ON,Mach,bright_ramp_minus_uniform,0.25,12,canonical_minus_ln,difference,0.0009808143367990851
67#7,MC_ON,Mach,dark_ramp_minus_uniform,0.25,16,canonical_minus_ln,difference,-0.010954324738122523
67#7,MC_ON,Mach,bright_ramp_minus_uniform,0.25,16,canonical_minus_ln,difference,0.0007356564165093005
67#7,MC_ON,Mach,dark_ramp_minus_uniform,0.375,0,canonical_minus_ln,difference,-0.09955966845154762
67#7,MC_ON,Mach,bright_ramp_minus_uniform,0.375,0,canonical_minus_ln,difference,0.06567292334511876
67#7,MC_ON,Mach,dark_ramp_minus_uniform,0.375,2,canonical_minus_ln,difference,-0.12711039185523987
67#7,MC_ON,Mach,bright_ramp_minus_uniform,0.375,2,canonical_minus_ln,difference,0.008777189534157515
67#7,MC_ON,Mach,dark_ramp_minus_uniform,0.375,4,canonical_minus_ln,difference,-0.06790093518793583
67#7,MC_ON,Mach,bright_ramp_minus_uniform,0.375,4,canonical_minus_ln,difference,0.0044142403639853
67#7,MC_ON,Mach,dark_ramp_minus_uniform,0.375,8,canonical_minus_ln,difference,-0.032863822765648365
67#7,MC_ON,Mach,bright_ramp_minus_uniform,0.375,8,canonical_minus_ln,difference,0.002207676530815661
67#7,MC_ON,Mach,dark_ramp_minus_uniform,0.375,12,canonical_minus_ln,difference,-0.02190923667512834
67#7,MC_ON,Mach,bright_ramp_minus_uniform,0.375,12,canonical_minus_ln,difference,0.0014718372840434313
67#7,MC_ON,Mach,dark_ramp_minus_uniform,0.375,16,canonical_minus_ln,difference,-0.016431887866929173
67#7,MC_ON,Mach,bright_ramp_minus_uniform,0.375,16,canonical_minus_ln,difference,0.0011038940283469856
67#7,MC_ON,Mach,dark_ramp_minus_uniform,0.5,0,canonical_minus_ln,difference,-0.13278524205088615
67#7,MC_ON,Mach,bright_ramp_minus_uniform,0.5,0,canonical_minus_ln,difference,0.08750618388876319
67#7,MC_ON,Mach,dark_ramp_minus_uniform,0.5,2,canonical_minus_ln,difference,-0.1694825440645218
67#7,MC_ON,Mach,bright_ramp_minus_uniform,0.5,2,canonical_minus_ln,difference,0.011704925447702408
67#7,MC_ON,Mach,dark_ramp_minus_uniform,0.5,4,canonical_minus_ln,difference,-0.09053666330873966
67#7,MC_ON,Mach,bright_ramp_minus_uniform,0.5,4,canonical_minus_ln,difference,0.005887790583074093
67#7,MC_ON,Mach,dark_ramp_minus_uniform,0.5,8,canonical_minus_ln,difference,-0.04381975391879678
67#7,MC_ON,Mach,bright_ramp_minus_uniform,0.5,8,canonical_minus_ln,difference,0.002944994019344449
67#7,MC_ON,Mach,dark_ramp_minus_uniform,0.5,12,canonical_minus_ln,difference,-0.029213173547759652
67#7,MC_ON,Mach,bright_ramp_minus_uniform,0.5,12,canonical_minus_ln,difference,0.001963365124538541
67#7,MC_ON,Mach,dark_ramp_minus_uniform,0.5,16,canonical_minus_ln,difference,-0.02190992864780128
67#7,MC_ON,Mach,bright_ramp_minus_uniform,0.5,16,canonical_minus_ln,difference,0.0014725088840350509
67#14,PC_ON,SBC,bright_minus_dark,0.0,0,canonical_minus_ln,difference,0.0
67#14,PC_ON,SBC,bright_minus_dark,0.0,2,canonical_minus_ln,difference,0.0
67#14,PC_ON,SBC,bright_minus_dark,0.0,4,canonical_minus_ln,difference,0.0
67#14,PC_ON,SBC,bright_minus_dark,0.0,6,canonical_minus_ln,difference,0.0
67#14,PC_ON,SBC,bright_minus_dark,0.0,8,canonical_minus_ln,difference,0.0
67#14,PC_ON,SBC,bright_minus_dark,0.0625,0,canonical_minus_ln,difference,0.0
67#14,PC_ON,SBC,bright_minus_dark,0.0625,2,canonical_minus_ln,difference,-0.045659175142645836
67#14,PC_ON,SBC,bright_minus_dark,0.0625,4,canonical_minus_ln,difference,-0.047138746827840805
67#14,PC_ON,SBC,bright_minus_dark,0.0625,6,canonical_minus_ln,difference,-0.04475902020931244
67#14,PC_ON,SBC,bright_minus_dark,0.0625,8,canonical_minus_ln,difference,-0.044476429000496864
67#14,PC_ON,SBC,bright_minus_dark,0.125,0,canonical_minus_ln,difference,0.0
67#14,PC_ON,SBC,bright_minus_dark,0.125,2,canonical_minus_ln,difference,-0.0913146585226059
67#14,PC_ON,SBC,bright_minus_dark,0.125,4,canonical_minus_ln,difference,-0.09427342563867569
67#14,PC_ON,SBC,bright_minus_dark,0.125,6,canonical_minus_ln,difference,-0.0895141214132309
67#14,PC_ON,SBC,bright_minus_dark,0.125,8,canonical_minus_ln,difference,-0.08894898742437363
67#14,PC_ON,SBC,bright_minus_dark,0.25,0,canonical_minus_ln,difference,0.0
67#14,PC_ON,SBC,bright_minus_dark,0.25,2,canonical_minus_ln,difference,-0.1826145425438881
67#14,PC_ON,SBC,bright_minus_dark,0.25,4,canonical_minus_ln,difference,-0.18853149563074112
67#14,PC_ON,SBC,bright_minus_dark,0.25,6,canonical_minus_ln,difference,-0.17901285737752914
67#14,PC_ON,SBC,bright_minus_dark,0.25,8,canonical_minus_ln,difference,-0.17788247764110565
67#14,PC_ON,SBC,bright_minus_dark,0.375,0,canonical_minus_ln,difference,0.0
67#14,PC_ON,SBC,bright_minus_dark,0.375,2,canonical_minus_ln,difference,-0.2738993763923645
67#14,PC_ON,SBC,bright_minus_dark,0.375,4,canonical_minus_ln,difference,-0.2827741950750351
67#14,PC_ON,SBC,bright_minus_dark,0.375,6,canonical_minus_ln,difference,-0.2684960216283798
67#14,PC_ON,SBC,bright_minus_dark,0.375,8,canonical_minus_ln,difference,-0.2668006345629692
67#14,PC_ON,SBC,bright_minus_dark,0.5,0,canonical_minus_ln,difference,0.0
67#14,PC_ON,SBC,bright_minus_dark,0.5,2,canonical_minus_ln,difference,-0.365169420838356
67#14,PC_ON,SBC,bright_minus_dark,0.5,4,canonical_minus_ln,difference,-0.37700144946575165
67#14,PC_ON,SBC,bright_minus_dark,0.5,6,canonical_minus_ln,difference,-0.35796378552913666
67#14,PC_ON,SBC,bright_minus_dark,0.5,8,canonical_minus_ln,difference,-0.3557032495737076
67#14,PC_ON,Mach,dark_ramp_minus_uniform,0.0,0,canonical_minus_ln,difference,0.0
67#14,PC_ON,Mach,bright_ramp_minus_uniform,0.0,0,canonical_minus_ln,difference,0.0
67#14,PC_ON,Mach,dark_ramp_minus_uniform,0.0,2,canonical_minus_ln,difference,0.0
67#14,PC_ON,Mach,bright_ramp_minus_uniform,0.0,2,canonical_minus_ln,difference,0.0
67#14,PC_ON,Mach,dark_ramp_minus_uniform,0.0,4,canonical_minus_ln,difference,0.0
67#14,PC_ON,Mach,bright_ramp_minus_uniform,0.0,4,canonical_minus_ln,difference,0.0
67#14,PC_ON,Mach,dark_ramp_minus_uniform,0.0,8,canonical_minus_ln,difference,0.0
67#14,PC_ON,Mach,bright_ramp_minus_uniform,0.0,8,canonical_minus_ln,difference,0.0
67#14,PC_ON,Mach,dark_ramp_minus_uniform,0.0,12,canonical_minus_ln,difference,0.0
67#14,PC_ON,Mach,bright_ramp_minus_uniform,0.0,12,canonical_minus_ln,difference,0.0
67#14,PC_ON,Mach,dark_ramp_minus_uniform,0.0,16,canonical_minus_ln,difference,0.0
67#14,PC_ON,Mach,bright_ramp_minus_uniform,0.0,16,canonical_minus_ln,difference,0.0
67#14,PC_ON,Mach,dark_ramp_minus_uniform,0.0625,0,canonical_minus_ln,difference,-0.046244080644100904
67#14,PC_ON,Mach,bright_ramp_minus_uniform,0.0625,0,canonical_minus_ln,difference,0.0027858419343829155
67#14,PC_ON,Mach,dark_ramp_minus_uniform,0.0625,2,canonical_minus_ln,difference,-0.035921534174121916
67#14,PC_ON,Mach,bright_ramp_minus_uniform,0.0625,2,canonical_minus_ln,difference,0.00047678156988695264
67#14,PC_ON,Mach,dark_ramp_minus_uniform,0.0625,4,canonical_minus_ln,difference,-0.017839241249021143
67#14,PC_ON,Mach,bright_ramp_minus_uniform,0.0625,4,canonical_minus_ln,difference,-0.00017538870451971889
67#14,PC_ON,Mach,dark_ramp_minus_uniform,0.0625,8,canonical_minus_ln,difference,-0.008643158216727898
67#14,PC_ON,Mach,bright_ramp_minus_uniform,0.0625,8,canonical_minus_ln,difference,-0.0001119375228881836
67#14,PC_ON,Mach,dark_ramp_minus_uniform,0.0625,12,canonical_minus_ln,difference,-0.005762147920904681
67#14,PC_ON,Mach,bright_ramp_minus_uniform,0.0625,12,canonical_minus_ln,difference,-7.459323387593031e-05
67#14,PC_ON,Mach,dark_ramp_minus_uniform,0.0625,16,canonical_minus_ln,difference,-0.0043215831101406366
67#14,PC_ON,Mach,bright_ramp_minus_uniform,0.0625,16,canonical_minus_ln,difference,-5.596478877123445e-05
67#14,PC_ON,Mach,dark_ramp_minus_uniform,0.125,0,canonical_minus_ln,difference,-0.0924907554872334
67#14,PC_ON,Mach,bright_ramp_minus_uniform,0.125,0,canonical_minus_ln,difference,0.005566446576267481
67#14,PC_ON,Mach,dark_ramp_minus_uniform,0.125,2,canonical_minus_ln,difference,-0.07184204109944403
67#14,PC_ON,Mach,bright_ramp_minus_uniform,0.125,2,canonical_minus_ln,difference,0.0009524980559945107
67#14,PC_ON,Mach,dark_ramp_minus_uniform,0.125,4,canonical_minus_ln,difference,-0.03567804326303303
67#14,PC_ON,Mach,bright_ramp_minus_uniform,0.125,4,canonical_minus_ln,difference,-0.0003512859111651778
67#14,PC_ON,Mach,dark_ramp_minus_uniform,0.125,8,canonical_minus_ln,difference,-0.017286101705394685
67#14,PC_ON,Mach,bright_ramp_minus_uniform,0.125,8,canonical_minus_ln,difference,-0.00022408959921449423
67#14,PC_ON,Mach,dark_ramp_minus_uniform,0.125,12,canonical_minus_ln,difference,-0.011524081346578896
67#14,PC_ON,Mach,bright_ramp_minus_uniform,0.125,12,canonical_minus_ln,difference,-0.00014940102118998766
67#14,PC_ON,Mach,dark_ramp_minus_uniform,0.125,16,canonical_minus_ln,difference,-0.008643054839922115
67#14,PC_ON,Mach,bright_ramp_minus_uniform,0.125,16,canonical_minus_ln,difference,-0.00011204878683201969
67#14,PC_ON,Mach,dark_ramp_minus_uniform,0.25,0,canonical_minus_ln,difference,-0.18499167915433645
67#14,PC_ON,Mach,bright_ramp_minus_uniform,0.25,0,canonical_minus_ln,difference,0.011111880652606487
67#14,PC_ON,Mach,dark_ramp_minus_uniform,0.25,2,canonical_minus_ln,difference,-0.1436797371134162
67#14,PC_ON,Mach,bright_ramp_minus_uniform,0.25,2,canonical_minus_ln,difference,0.0019006251823157072
67#14,PC_ON,Mach,dark_ramp_minus_uniform,0.25,4,canonical_minus_ln,difference,-0.07135409954935312
67#14,PC_ON,Mach,bright_ramp_minus_uniform,0.25,4,canonical_minus_ln,difference,-0.0007045429665595293
67#14,PC_ON,Mach,dark_ramp_minus_uniform,0.25,8,canonical_minus_ln,difference,-0.03457127360161394
67#14,PC_ON,Mach,bright_ramp_minus_uniform,0.25,8,canonical_minus_ln,difference,-0.000449109124019742
67#14,PC_ON,Mach,dark_ramp_minus_uniform,0.25,12,canonical_minus_ln,difference,-0.023047549882903695
67#14,PC_ON,Mach,bright_ramp_minus_uniform,0.25,12,canonical_minus_ln,difference,-0.00029936630744487047
67#14,PC_ON,Mach,dark_ramp_minus_uniform,0.25,16,canonical_minus_ln,difference,-0.01728574384469539
67#14,PC_ON,Mach,bright_ramp_minus_uniform,0.25,16,canonical_minus_ln,difference,-0.00022455054568126798
67#14,PC_ON,Mach,dark_ramp_minus_uniform,0.375,0,canonical_minus_ln,difference,-0.27750284876674414
67#14,PC_ON,Mach,bright_ramp_minus_uniform,0.375,0,canonical_minus_ln,difference,0.016636396758258343
67#14,PC_ON,Mach,dark_ramp_minus_uniform,0.375,2,canonical_minus_ln,difference,-0.21551312878727913
67#14,PC_ON,Mach,bright_ramp_minus_uniform,0.375,2,canonical_minus_ln,difference,0.0028444603085517883
67#14,PC_ON,Mach,dark_ramp_minus_uniform,0.375,4,canonical_minus_ln,difference,-0.10702810576185584
67#14,PC_ON,Mach,bright_ramp_minus_uniform,0.375,4,canonical_minus_ln,difference,-0.0010598739609122276
67#14,PC_ON,Mach,dark_ramp_minus_uniform,0.375,8,canonical_minus_ln,difference,-0.05185551638714969
67#14,PC_ON,Mach,bright_ramp_minus_uniform,0.375,8,canonical_minus_ln,difference,-0.0006751141045242548
67#14,PC_ON,Mach,dark_ramp_minus_uniform,0.375,12,canonical_minus_ln,difference,-0.03457045485265553
67#14,PC_ON,Mach,bright_ramp_minus_uniform,0.375,12,canonical_minus_ln,difference,-0.00044998328667134047
67#14,PC_ON,Mach,dark_ramp_minus_uniform,0.375,16,canonical_minus_ln,difference,-0.025927884853444993
67#14,PC_ON,Mach,bright_ramp_minus_uniform,0.375,16,canonical_minus_ln,difference,-0.0003373941872268915
67#14,PC_ON,Mach,dark_ramp_minus_uniform,0.5,0,canonical_minus_ln,difference,-0.3700241185724735
67#14,PC_ON,Mach,bright_ramp_minus_uniform,0.5,0,canonical_minus_ln,difference,0.022140033543109894
67#14,PC_ON,Mach,dark_ramp_minus_uniform,0.5,2,canonical_minus_ln,difference,-0.28734217304736376
67#14,PC_ON,Mach,bright_ramp_minus_uniform,0.5,2,canonical_minus_ln,difference,0.003783989232033491
67#14,PC_ON,Mach,dark_ramp_minus_uniform,0.5,4,canonical_minus_ln,difference,-0.14270004909485579
67#14,PC_ON,Mach,bright_ramp_minus_uniform,0.5,4,canonical_minus_ln,difference,-0.0014171521179378033
67#14,PC_ON,Mach,dark_ramp_minus_uniform,0.5,8,canonical_minus_ln,difference,-0.06913877930492163
67#14,PC_ON,Mach,bright_ramp_minus_uniform,0.5,8,canonical_minus_ln,difference,-0.0009020089637488127
67#14,PC_ON,Mach,dark_ramp_minus_uniform,0.5,12,canonical_minus_ln,difference,-0.04609260428696871
67#14,PC_ON,Mach,bright_ramp_minus_uniform,0.5,12,canonical_minus_ln,difference,-0.0006011882796883583
67#14,PC_ON,Mach,dark_ramp_minus_uniform,0.5,16,canonical_minus_ln,difference,-0.03456955822184682
67#14,PC_ON,Mach,bright_ramp_minus_uniform,0.5,16,canonical_minus_ln,difference,-0.000450865481980145
67#21,PC_ON,SBC,bright_minus_dark,0.0,0,canonical_minus_ln,difference,0.0
67#21,PC_ON,SBC,bright_minus_dark,0.0,2,canonical_minus_ln,difference,0.0
67#21,PC_ON,SBC,bright_minus_dark,0.0,4,canonical_minus_ln,difference,0.0
67#21,PC_ON,SBC,bright_minus_dark,0.0,6,canonical_minus_ln,difference,0.0
67#21,PC_ON,SBC,bright_minus_dark,0.0,8,canonical_minus_ln,difference,0.0
67#21,PC_ON,SBC,bright_minus_dark,0.0625,0,canonical_minus_ln,difference,0.0
67#21,PC_ON,SBC,bright_minus_dark,0.0625,2,canonical_minus_ln,difference,-0.025271892547607422
67#21,PC_ON,SBC,bright_minus_dark,0.0625,4,canonical_minus_ln,difference,-0.031117725186049938
67#21,PC_ON,SBC,bright_minus_dark,0.0625,6,canonical_minus_ln,difference,-0.027132892981171608
67#21,PC_ON,SBC,bright_minus_dark,0.0625,8,canonical_minus_ln,difference,-0.025341924279928207
67#21,PC_ON,SBC,bright_minus_dark,0.125,0,canonical_minus_ln,difference,0.0
67#21,PC_ON,SBC,bright_minus_dark,0.125,2,canonical_minus_ln,difference,-0.05054251477122307
67#21,PC_ON,SBC,bright_minus_dark,0.125,4,canonical_minus_ln,difference,-0.06223395653069019
67#21,PC_ON,SBC,bright_minus_dark,0.125,6,canonical_minus_ln,difference,-0.05426445044577122
67#21,PC_ON,SBC,bright_minus_dark,0.125,8,canonical_minus_ln,difference,-0.050682639703154564
67#21,PC_ON,SBC,bright_minus_dark,0.25,0,canonical_minus_ln,difference,0.0
67#21,PC_ON,SBC,bright_minus_dark,0.25,2,canonical_minus_ln,difference,-0.1010797843337059
67#21,PC_ON,SBC,bright_minus_dark,0.25,4,canonical_minus_ln,difference,-0.12446254119277
67#21,PC_ON,SBC,bright_minus_dark,0.25,6,canonical_minus_ln,difference,-0.10852336883544922
67#21,PC_ON,SBC,bright_minus_dark,0.25,8,canonical_minus_ln,difference,-0.10135971754789352
67#21,PC_ON,SBC,bright_minus_dark,0.375,0,canonical_minus_ln,difference,0.0
67#21,PC_ON,SBC,bright_minus_dark,0.375,2,canonical_minus_ln,difference,-0.1516115516424179
67#21,PC_ON,SBC,bright_minus_dark,0.375,4,canonical_minus_ln,difference,-0.18668543547391891
67#21,PC_ON,SBC,bright_minus_dark,0.375,6,canonical_minus_ln,difference,-0.16277673095464706
67#21,PC_ON,SBC,bright_minus_dark,0.375,8,canonical_minus_ln,difference,-0.15203113108873367
67#21,PC_ON,SBC,bright_minus_dark,0.5,0,canonical_minus_ln,difference,0.0
67#21,PC_ON,SBC,bright_minus_dark,0.5,2,canonical_minus_ln,difference,-0.20213794708251953
67#21,PC_ON,SBC,bright_minus_dark,0.5,4,canonical_minus_ln,difference,-0.24890273064374924
67#21,PC_ON,SBC,bright_minus_dark,0.5,6,canonical_minus_ln,difference,-0.21702436357736588
67#21,PC_ON,SBC,bright_minus_dark,0.5,8,canonical_minus_ln,difference,-0.2026969939470291
67#21,PC_ON,Mach,dark_ramp_minus_uniform,0.0,0,canonical_minus_ln,difference,0.0
67#21,PC_ON,Mach,bright_ramp_minus_uniform,0.0,0,canonical_minus_ln,difference,0.0
67#21,PC_ON,Mach,dark_ramp_minus_uniform,0.0,2,canonical_minus_ln,difference,0.0
67#21,PC_ON,Mach,bright_ramp_minus_uniform,0.0,2,canonical_minus_ln,difference,0.0
67#21,PC_ON,Mach,dark_ramp_minus_uniform,0.0,4,canonical_minus_ln,difference,0.0
67#21,PC_ON,Mach,bright_ramp_minus_uniform,0.0,4,canonical_minus_ln,difference,0.0
67#21,PC_ON,Mach,dark_ramp_minus_uniform,0.0,8,canonical_minus_ln,difference,0.0
67#21,PC_ON,Mach,bright_ramp_minus_uniform,0.0,8,canonical_minus_ln,difference,0.0
67#21,PC_ON,Mach,dark_ramp_minus_uniform,0.0,12,canonical_minus_ln,difference,0.0
67#21,PC_ON,Mach,bright_ramp_minus_uniform,0.0,12,canonical_minus_ln,difference,0.0
67#21,PC_ON,Mach,dark_ramp_minus_uniform,0.0,16,canonical_minus_ln,difference,0.0
67#21,PC_ON,Mach,bright_ramp_minus_uniform,0.0,16,canonical_minus_ln,difference,0.0
67#21,PC_ON,Mach,dark_ramp_minus_uniform,0.0625,0,canonical_minus_ln,difference,-0.017410517437383533
67#21,PC_ON,Mach,bright_ramp_minus_uniform,0.0625,0,canonical_minus_ln,difference,0.000788179924711585
67#21,PC_ON,Mach,dark_ramp_minus_uniform,0.0625,2,canonical_minus_ln,difference,-0.014993254444561899
67#21,PC_ON,Mach,bright_ramp_minus_uniform,0.0625,2,canonical_minus_ln,difference,-0.0001685460447333753
67#21,PC_ON,Mach,dark_ramp_minus_uniform,0.0625,4,canonical_minus_ln,difference,-0.007440773712005466
67#21,PC_ON,Mach,bright_ramp_minus_uniform,0.0625,4,canonical_minus_ln,difference,-0.0010814348352141678
67#21,PC_ON,Mach,dark_ramp_minus_uniform,0.0625,8,canonical_minus_ln,difference,-0.0031132222356973216
67#21,PC_ON,Mach,bright_ramp_minus_uniform,0.0625,8,canonical_minus_ln,difference,-0.000738414135412313
67#21,PC_ON,Mach,dark_ramp_minus_uniform,0.0625,12,canonical_minus_ln,difference,-0.0020754813667736016
67#21,PC_ON,Mach,bright_ramp_minus_uniform,0.0625,12,canonical_minus_ln,difference,-0.0004923025553580374
67#21,PC_ON,Mach,dark_ramp_minus_uniform,0.0625,16,canonical_minus_ln,difference,-0.001556618997710757
67#21,PC_ON,Mach,bright_ramp_minus_uniform,0.0625,16,canonical_minus_ln,difference,-0.0003692150203278288
67#21,PC_ON,Mach,dark_ramp_minus_uniform,0.125,0,canonical_minus_ln,difference,-0.034822430461645126
67#21,PC_ON,Mach,bright_ramp_minus_uniform,0.125,0,canonical_minus_ln,difference,0.0015738648362457752
67#21,PC_ON,Mach,dark_ramp_minus_uniform,0.125,2,canonical_minus_ln,difference,-0.029986190842464566
67#21,PC_ON,Mach,bright_ramp_minus_uniform,0.125,2,canonical_minus_ln,difference,-0.00033748941496014595
67#21,PC_ON,Mach,dark_ramp_minus_uniform,0.125,4,canonical_minus_ln,difference,-0.014881404174957424
67#21,PC_ON,Mach,bright_ramp_minus_uniform,0.125,4,canonical_minus_ln,difference,-0.002163060416933149
67#21,PC_ON,Mach,dark_ramp_minus_uniform,0.125,8,canonical_minus_ln,difference,-0.006226428202353418
67#21,PC_ON,Mach,bright_ramp_minus_uniform,0.125,8,canonical_minus_ln,difference,-0.0014769235858693719
67#21,PC_ON,Mach,dark_ramp_minus_uniform,0.125,12,canonical_minus_ln,difference,-0.004150947119342163
67#21,PC_ON,Mach,bright_ramp_minus_uniform,0.125,12,canonical_minus_ln,difference,-0.0009846051398199052
67#21,PC_ON,Mach,dark_ramp_minus_uniform,0.125,16,canonical_minus_ln,difference,-0.003113253944320604
67#21,PC_ON,Mach,bright_ramp_minus_uniform,0.125,16,canonical_minus_ln,difference,-0.0007384777127299458
67#21,PC_ON,Mach,dark_ramp_minus_uniform,0.25,0,canonical_minus_ln,difference,-0.06965042743831873
67#21,PC_ON,Mach,bright_ramp_minus_uniform,0.25,0,canonical_minus_ln,difference,0.003138256259262562
67#21,PC_ON,Mach,dark_ramp_minus_uniform,0.25,2,canonical_minus_ln,difference,-0.059970839181914926
67#21,PC_ON,Mach,bright_ramp_minus_uniform,0.25,2,canonical_minus_ln,difference,-0.0006764570716768503
67#21,PC_ON,Mach,dark_ramp_minus_uniform,0.25,4,canonical_minus_ln,difference,-0.029761996935121715
67#21,PC_ON,Mach,bright_ramp_minus_uniform,0.25,4,canonical_minus_ln,difference,-0.004326947731897235
67#21,PC_ON,Mach,dark_ramp_minus_uniform,0.25,8,canonical_minus_ln,difference,-0.012452459137421101
67#21,PC_ON,Mach,bright_ramp_minus_uniform,0.25,8,canonical_minus_ln,difference,-0.002954292402137071
67#21,PC_ON,Mach,dark_ramp_minus_uniform,0.25,12,canonical_minus_ln,difference,-0.008301607507746667
67#21,PC_ON,Mach,bright_ramp_minus_uniform,0.25,12,canonical_minus_ln,difference,-0.001969496312085539
67#21,PC_ON,Mach,dark_ramp_minus_uniform,0.25,16,canonical_minus_ln,difference,-0.006226205907296389
67#21,PC_ON,Mach,bright_ramp_minus_uniform,0.25,16,canonical_minus_ln,difference,-0.0014771143323741853
67#21,PC_ON,Mach,dark_ramp_minus_uniform,0.375,0,canonical_minus_ln,difference,-0.10448408033698797
67#21,PC_ON,Mach,bright_ramp_minus_uniform,0.375,0,canonical_minus_ln,difference,0.004693158902227879
67#21,PC_ON,Mach,dark_ramp_minus_uniform,0.375,2,canonical_minus_ln,difference,-0.08995402394793928
67#21,PC_ON,Mach,bright_ramp_minus_uniform,0.375,2,canonical_minus_ln,difference,-0.0010169188026338816
67#21,PC_ON,Mach,dark_ramp_minus_uniform,0.375,4,canonical_minus_ln,difference,-0.04464185959659517
67#21,PC_ON,Mach,bright_ramp_minus_uniform,0.375,4,canonical_minus_ln,difference,-0.006491422886028886
67#21,PC_ON,Mach,dark_ramp_minus_uniform,0.375,8,canonical_minus_ln,difference,-0.018678172666113824
67#21,PC_ON,Mach,bright_ramp_minus_uniform,0.375,8,canonical_minus_ln,difference,-0.00443188362987712
67#21,PC_ON,Mach,dark_ramp_minus_uniform,0.375,12,canonical_minus_ln,difference,-0.012452141265384853
67#21,PC_ON,Mach,bright_ramp_minus_uniform,0.375,12,canonical_minus_ln,difference,-0.0029545783763751388
67#21,PC_ON,Mach,dark_ramp_minus_uniform,0.375,16,canonical_minus_ln,difference,-0.009339094278402627
67#21,PC_ON,Mach,bright_ramp_minus_uniform,0.375,16,canonical_minus_ln,difference,-0.002215957618318498
67#21,PC_ON,Mach,dark_ramp_minus_uniform,0.5,0,canonical_minus_ln,difference,-0.13932327926158905
67#21,PC_ON,Mach,bright_ramp_minus_uniform,0.5,0,canonical_minus_ln,difference,0.006238572299480438
67#21,PC_ON,Mach,dark_ramp_minus_uniform,0.5,2,canonical_minus_ln,difference,-0.11993578029796481
67#21,PC_ON,Mach,bright_ramp_minus_uniform,0.5,2,canonical_minus_ln,difference,-0.0013588028959929943
67#21,PC_ON,Mach,dark_ramp_minus_uniform,0.5,4,canonical_minus_ln,difference,-0.059521069284528494
67#21,PC_ON,Mach,bright_ramp_minus_uniform,0.5,4,canonical_minus_ln,difference,-0.008656684309244156
67#21,PC_ON,Mach,dark_ramp_minus_uniform,0.5,8,canonical_minus_ln,difference,-0.024903599871322513
67#21,PC_ON,Mach,bright_ramp_minus_uniform,0.5,8,canonical_minus_ln,difference,-0.005909824511036277
67#21,PC_ON,Mach,dark_ramp_minus_uniform,0.5,12,canonical_minus_ln,difference,-0.016602437593974173
67#21,PC_ON,Mach,bright_ramp_minus_uniform,0.5,12,canonical_minus_ln,difference,-0.003939882793929428
67#21,PC_ON,Mach,dark_ramp_minus_uniform,0.5,16,canonical_minus_ln,difference,-0.012451871007215232
67#21,PC_ON,Mach,bright_ramp_minus_uniform,0.5,16,canonical_minus_ln,difference,-0.002954888390377164
67#26,PC_ON,SBC,bright_minus_dark,0.0,0,canonical_minus_ln,difference,0.0
67#26,PC_ON,SBC,bright_minus_dark,0.0,2,canonical_minus_ln,difference,0.0
67#26,PC_ON,SBC,bright_minus_dark,0.0,4,canonical_minus_ln,difference,0.0
67#26,PC_ON,SBC,bright_minus_dark,0.0,6,canonical_minus_ln,difference,0.0
67#26,PC_ON,SBC,bright_minus_dark,0.0,8,canonical_minus_ln,difference,0.0
67#26,PC_ON,SBC,bright_minus_dark,0.0625,0,canonical_minus_ln,difference,0.0
67#26,PC_ON,SBC,bright_minus_dark,0.0625,2,canonical_minus_ln,difference,-0.029674021527171135
67#26,PC_ON,SBC,bright_minus_dark,0.0625,4,canonical_minus_ln,difference,-0.044530248269438744
67#26,PC_ON,SBC,bright_minus_dark,0.0625,6,canonical_minus_ln,difference,-0.04374535847455263
67#26,PC_ON,SBC,bright_minus_dark,0.0625,8,canonical_minus_ln,difference,-0.041662645526230335
67#26,PC_ON,SBC,bright_minus_dark,0.125,0,canonical_minus_ln,difference,0.0
67#26,PC_ON,SBC,bright_minus_dark,0.125,2,canonical_minus_ln,difference,-0.05934600718319416
67#26,PC_ON,SBC,bright_minus_dark,0.125,4,canonical_minus_ln,difference,-0.08905838429927826
67#26,PC_ON,SBC,bright_minus_dark,0.125,6,canonical_minus_ln,difference,-0.08748852275311947
67#26,PC_ON,SBC,bright_minus_dark,0.125,8,canonical_minus_ln,difference,-0.08332311175763607
67#26,PC_ON,SBC,bright_minus_dark,0.25,0,canonical_minus_ln,difference,0.0
67#26,PC_ON,SBC,bright_minus_dark,0.25,2,canonical_minus_ln,difference,-0.11868376657366753
67#26,PC_ON,SBC,bright_minus_dark,0.25,4,canonical_minus_ln,difference,-0.17810821160674095
67#26,PC_ON,SBC,bright_minus_dark,0.25,6,canonical_minus_ln,difference,-0.17496852576732635
67#26,PC_ON,SBC,bright_minus_dark,0.25,8,canonical_minus_ln,difference,-0.16663767397403717
67#26,PC_ON,SBC,bright_minus_dark,0.375,0,canonical_minus_ln,difference,0.0
67#26,PC_ON,SBC,bright_minus_dark,0.375,2,canonical_minus_ln,difference,-0.17801329493522644
67#26,PC_ON,SBC,bright_minus_dark,0.375,4,canonical_minus_ln,difference,-0.26714950799942017
67#26,PC_ON,SBC,bright_minus_dark,0.375,6,canonical_minus_ln,difference,-0.26243993639945984
67#26,PC_ON,SBC,bright_minus_dark,0.375,8,canonical_minus_ln,difference,-0.24994366616010666
67#26,PC_ON,SBC,bright_minus_dark,0.5,0,canonical_minus_ln,difference,0.0
67#26,PC_ON,SBC,bright_minus_dark,0.5,2,canonical_minus_ln,difference,-0.23733452707529068
67#26,PC_ON,SBC,bright_minus_dark,0.5,4,canonical_minus_ln,difference,-0.3561822399497032
67#26,PC_ON,SBC,bright_minus_dark,0.5,6,canonical_minus_ln,difference,-0.3499027192592621
67#26,PC_ON,SBC,bright_minus_dark,0.5,8,canonical_minus_ln,difference,-0.3332411125302315
67#26,PC_ON,Mach,dark_ramp_minus_uniform,0.0,0,canonical_minus_ln,difference,0.0
67#26,PC_ON,Mach,bright_ramp_minus_uniform,0.0,0,canonical_minus_ln,difference,0.0
67#26,PC_ON,Mach,dark_ramp_minus_uniform,0.0,2,canonical_minus_ln,difference,0.0
67#26,PC_ON,Mach,bright_ramp_minus_uniform,0.0,2,canonical_minus_ln,difference,0.0
67#26,PC_ON,Mach,dark_ramp_minus_uniform,0.0,4,canonical_minus_ln,difference,0.0
67#26,PC_ON,Mach,bright_ramp_minus_uniform,0.0,4,canonical_minus_ln,difference,0.0
67#26,PC_ON,Mach,dark_ramp_minus_uniform,0.0,8,canonical_minus_ln,difference,0.0
67#26,PC_ON,Mach,bright_ramp_minus_uniform,0.0,8,canonical_minus_ln,difference,0.0
67#26,PC_ON,Mach,dark_ramp_minus_uniform,0.0,12,canonical_minus_ln,difference,0.0
67#26,PC_ON,Mach,bright_ramp_minus_uniform,0.0,12,canonical_minus_ln,difference,0.0
67#26,PC_ON,Mach,dark_ramp_minus_uniform,0.0,16,canonical_minus_ln,difference,0.0
67#26,PC_ON,Mach,bright_ramp_minus_uniform,0.0,16,canonical_minus_ln,difference,0.0
67#26,PC_ON,Mach,dark_ramp_minus_uniform,0.0625,0,canonical_minus_ln,difference,-0.02435042808065191
67#26,PC_ON,Mach,bright_ramp_minus_uniform,0.0625,0,canonical_minus_ln,difference,0.005856450414285064
67#26,PC_ON,Mach,dark_ramp_minus_uniform,0.0625,2,canonical_minus_ln,difference,-0.021636160323396325
67#26,PC_ON,Mach,bright_ramp_minus_uniform,0.0625,2,canonical_minus_ln,difference,0.006771731423214078
67#26,PC_ON,Mach,dark_ramp_minus_uniform,0.0625,4,canonical_minus_ln,difference,-0.013186661060899496
67#26,PC_ON,Mach,bright_ramp_minus_uniform,0.0625,4,canonical_minus_ln,difference,0.0029411157593131065
67#26,PC_ON,Mach,dark_ramp_minus_uniform,0.0625,8,canonical_minus_ln,difference,-0.006298327527474612
67#26,PC_ON,Mach,bright_ramp_minus_uniform,0.0625,8,canonical_minus_ln,difference,0.0011959950206801295
67#26,PC_ON,Mach,dark_ramp_minus_uniform,0.0625,12,canonical_minus_ln,difference,-0.004198900802293792
67#26,PC_ON,Mach,bright_ramp_minus_uniform,0.0625,12,canonical_minus_ln,difference,0.0007973432366270572
67#26,PC_ON,Mach,dark_ramp_minus_uniform,0.0625,16,canonical_minus_ln,difference,-0.003149159805616364
67#26,PC_ON,Mach,bright_ramp_minus_uniform,0.0625,16,canonical_minus_ln,difference,0.0005979776324238628
67#26,PC_ON,Mach,dark_ramp_minus_uniform,0.125,0,canonical_minus_ln,difference,-0.048700596613343805
67#26,PC_ON,Mach,bright_ramp_minus_uniform,0.125,0,canonical_minus_ln,difference,0.01171027822420001
67#26,PC_ON,Mach,dark_ramp_minus_uniform,0.125,2,canonical_minus_ln,difference,-0.043270961847156286
67#26,PC_ON,Mach,bright_ramp_minus_uniform,0.125,2,canonical_minus_ln,difference,0.013542103581130505
67#26,PC_ON,Mach,dark_ramp_minus_uniform,0.125,4,canonical_minus_ln,difference,-0.026372639928013086
67#26,PC_ON,Mach,bright_ramp_minus_uniform,0.125,4,canonical_minus_ln,difference,0.005881563760340214
67#26,PC_ON,Mach,dark_ramp_minus_uniform,0.125,8,canonical_minus_ln,difference,-0.012596369138918817
67#26,PC_ON,Mach,bright_ramp_minus_uniform,0.125,8,canonical_minus_ln,difference,0.0023917038924992085
67#26,PC_ON,Mach,dark_ramp_minus_uniform,0.125,12,canonical_minus_ln,difference,-0.008397571102250367
67#26,PC_ON,Mach,bright_ramp_minus_uniform,0.125,12,canonical_minus_ln,difference,0.0015944798942655325
67#26,PC_ON,Mach,dark_ramp_minus_uniform,0.125,16,canonical_minus_ln,difference,-0.006298184336628765
67#26,PC_ON,Mach,bright_ramp_minus_uniform,0.125,16,canonical_minus_ln,difference,0.0011958519462496042
67#26,PC_ON,Mach,dark_ramp_minus_uniform,0.25,0,canonical_minus_ln,difference,-0.09740016213618219
67#26,PC_ON,Mach,bright_ramp_minus_uniform,0.25,0,canonical_minus_ln,difference,0.023409883491694927
67#26,PC_ON,Mach,dark_ramp_minus_uniform,0.25,2,canonical_minus_ln,difference,-0.08653633669018745
67#26,PC_ON,Mach,bright_ramp_minus_uniform,0.25,2,canonical_minus_ln,difference,0.02707862015813589
67#26,PC_ON,Mach,dark_ramp_minus_uniform,0.25,4,canonical_minus_ln,difference,-0.05274263210594654
67#26,PC_ON,Mach,bright_ramp_minus_uniform,0.25,4,canonical_minus_ln,difference,0.011760433670133352
67#26,PC_ON,Mach,dark_ramp_minus_uniform,0.25,8,canonical_minus_ln,difference,-0.02519143372774124
67#26,PC_ON,Mach,bright_ramp_minus_uniform,0.25,8,canonical_minus_ln,difference,0.004782088566571474
67#26,PC_ON,Mach,dark_ramp_minus_uniform,0.25,12,canonical_minus_ln,difference,-0.01679429190699011
67#26,PC_ON,Mach,bright_ramp_minus_uniform,0.25,12,canonical_minus_ln,difference,0.0031880935421213508
67#26,PC_ON,Mach,dark_ramp_minus_uniform,0.25,16,canonical_minus_ln,difference,-0.012595716631039977
67#26,PC_ON,Mach,bright_ramp_minus_uniform,0.25,16,canonical_minus_ln,difference,0.0023910602321848273
67#26,PC_ON,Mach,dark_ramp_minus_uniform,0.375,0,canonical_minus_ln,difference,-0.14609870524145663
67#26,PC_ON,Mach,bright_ramp_minus_uniform,0.375,0,canonical_minus_ln,difference,0.0350988507270813
67#26,PC_ON,Mach,dark_ramp_minus_uniform,0.375,2,canonical_minus_ln,difference,-0.12979612965136766
67#26,PC_ON,Mach,bright_ramp_minus_uniform,0.375,2,canonical_minus_ln,difference,0.040609538555145264
67#26,PC_ON,Mach,dark_ramp_minus_uniform,0.375,4,canonical_minus_ln,difference,-0.07910991366952658
67#26,PC_ON,Mach,bright_ramp_minus_uniform,0.375,4,canonical_minus_ln,difference,0.017636648379266262
67#26,PC_ON,Mach,dark_ramp_minus_uniform,0.375,8,canonical_minus_ln,difference,-0.03778522973880172
67#26,PC_ON,Mach,bright_ramp_minus_uniform,0.375,8,canonical_minus_ln,difference,0.007171201752498746
67#26,PC_ON,Mach,dark_ramp_minus_uniform,0.375,12,canonical_minus_ln,difference,-0.025190211134031415
67#26,PC_ON,Mach,bright_ramp_minus_uniform,0.375,12,canonical_minus_ln,difference,0.004780848743394017
67#26,PC_ON,Mach,dark_ramp_minus_uniform,0.375,16,canonical_minus_ln,difference,-0.018892661202698946
67#26,PC_ON,Mach,bright_ramp_minus_uniform,0.375,16,canonical_minus_ln,difference,0.003585636615753174
67#26,PC_ON,Mach,dark_ramp_minus_uniform,0.5,0,canonical_minus_ln,difference,-0.19479619269259274
67#26,PC_ON,Mach,bright_ramp_minus_uniform,0.5,0,canonical_minus_ln,difference,0.0467771515250206
67#26,PC_ON,Mach,dark_ramp_minus_uniform,0.5,2,canonical_minus_ln,difference,-0.17305032908916473
67#26,PC_ON,Mach,bright_ramp_minus_uniform,0.5,2,canonical_minus_ln,difference,0.05413488671183586
67#26,PC_ON,Mach,dark_ramp_minus_uniform,0.5,4,canonical_minus_ln,difference,-0.10547449719160795
67#26,PC_ON,Mach,bright_ramp_minus_uniform,0.5,4,canonical_minus_ln,difference,0.023510114289820194
67#26,PC_ON,Mach,dark_ramp_minus_uniform,0.5,8,canonical_minus_ln,difference,-0.05037766229361296
67#26,PC_ON,Mach,bright_ramp_minus_uniform,0.5,8,canonical_minus_ln,difference,0.009559003170579672
67#26,PC_ON,Mach,dark_ramp_minus_uniform,0.5,12,canonical_minus_ln,difference,-0.03358515887521207
67#26,PC_ON,Mach,bright_ramp_minus_uniform,0.5,12,canonical_minus_ln,difference,0.006372721865773201
67#26,PC_ON,Mach,dark_ramp_minus_uniform,0.5,16,canonical_minus_ln,difference,-0.025188883766531944
67#26,PC_ON,Mach,bright_ramp_minus_uniform,0.5,16,canonical_minus_ln,difference,0.0047795651480555534
67#33,MC_OFF,SBC,bright_minus_dark,0.0,0,canonical_minus_ln,difference,0.0
67#33,MC_OFF,SBC,bright_minus_dark,0.0,2,canonical_minus_ln,difference,0.0
67#33,MC_OFF,SBC,bright_minus_dark,0.0,4,canonical_minus_ln,difference,0.0
67#33,MC_OFF,SBC,bright_minus_dark,0.0,6,canonical_minus_ln,difference,0.0
67#33,MC_OFF,SBC,bright_minus_dark,0.0,8,canonical_minus_ln,difference,0.0
67#33,MC_OFF,SBC,bright_minus_dark,0.0625,0,canonical_minus_ln,difference,0.0
67#33,MC_OFF,SBC,bright_minus_dark,0.0625,2,canonical_minus_ln,difference,0.07245372049510479
67#33,MC_OFF,SBC,bright_minus_dark,0.0625,4,canonical_minus_ln,difference,0.11297409608960152
67#33,MC_OFF,SBC,bright_minus_dark,0.0625,6,canonical_minus_ln,difference,0.11568386480212212
67#33,MC_OFF,SBC,bright_minus_dark,0.0625,8,canonical_minus_ln,difference,0.11570657044649124
67#33,MC_OFF,SBC,bright_minus_dark,0.125,0,canonical_minus_ln,difference,0.0
67#33,MC_OFF,SBC,bright_minus_dark,0.125,2,canonical_minus_ln,difference,0.14489958062767982
67#33,MC_OFF,SBC,bright_minus_dark,0.125,4,canonical_minus_ln,difference,0.22593925893306732
67#33,MC_OFF,SBC,bright_minus_dark,0.125,6,canonical_minus_ln,difference,0.23135874792933464
67#33,MC_OFF,SBC,bright_minus_dark,0.125,8,canonical_minus_ln,difference,0.2314041145145893
67#33,MC_OFF,SBC,bright_minus_dark,0.25,0,canonical_minus_ln,difference,0.0
67#33,MC_OFF,SBC,bright_minus_dark,0.25,2,canonical_minus_ln,difference,0.28976762294769287
67#33,MC_OFF,SBC,bright_minus_dark,0.25,4,canonical_minus_ln,difference,0.4518432468175888
67#33,MC_OFF,SBC,bright_minus_dark,0.25,6,canonical_minus_ln,difference,0.4626816064119339
67#33,MC_OFF,SBC,bright_minus_dark,0.25,8,canonical_minus_ln,difference,0.46277235448360443
67#33,MC_OFF,SBC,bright_minus_dark,0.375,0,canonical_minus_ln,difference,0.0
67#33,MC_OFF,SBC,bright_minus_dark,0.375,2,canonical_minus_ln,difference,0.43460413813591003
67#33,MC_OFF,SBC,bright_minus_dark,0.375,4,canonical_minus_ln,difference,0.6777119040489197
67#33,MC_OFF,SBC,bright_minus_dark,0.375,6,canonical_minus_ln,difference,0.6939686983823776
67#33,MC_OFF,SBC,bright_minus_dark,0.375,8,canonical_minus_ln,difference,0.6941048949956894
67#33,MC_OFF,SBC,bright_minus_dark,0.5,0,canonical_minus_ln,difference,0.0
67#33,MC_OFF,SBC,bright_minus_dark,0.5,2,canonical_minus_ln,difference,0.5794091671705246
67#33,MC_OFF,SBC,bright_minus_dark,0.5,4,canonical_minus_ln,difference,0.9035453200340271
67#33,MC_OFF,SBC,bright_minus_dark,0.5,6,canonical_minus_ln,difference,0.9252198189496994
67#33,MC_OFF,SBC,bright_minus_dark,0.5,8,canonical_minus_ln,difference,0.9254014641046524
67#33,MC_OFF,Mach,dark_ramp_minus_uniform,0.0,0,canonical_minus_ln,difference,0.0
67#33,MC_OFF,Mach,bright_ramp_minus_uniform,0.0,0,canonical_minus_ln,difference,0.0
67#33,MC_OFF,Mach,dark_ramp_minus_uniform,0.0,2,canonical_minus_ln,difference,0.0
67#33,MC_OFF,Mach,bright_ramp_minus_uniform,0.0,2,canonical_minus_ln,difference,0.0
67#33,MC_OFF,Mach,dark_ramp_minus_uniform,0.0,4,canonical_minus_ln,difference,0.0
67#33,MC_OFF,Mach,bright_ramp_minus_uniform,0.0,4,canonical_minus_ln,difference,0.0
67#33,MC_OFF,Mach,dark_ramp_minus_uniform,0.0,8,canonical_minus_ln,difference,0.0
67#33,MC_OFF,Mach,bright_ramp_minus_uniform,0.0,8,canonical_minus_ln,difference,0.0
67#33,MC_OFF,Mach,dark_ramp_minus_uniform,0.0,12,canonical_minus_ln,difference,0.0
67#33,MC_OFF,Mach,bright_ramp_minus_uniform,0.0,12,canonical_minus_ln,difference,0.0
67#33,MC_OFF,Mach,dark_ramp_minus_uniform,0.0,16,canonical_minus_ln,difference,0.0
67#33,MC_OFF,Mach,bright_ramp_minus_uniform,0.0,16,canonical_minus_ln,difference,0.0
67#33,MC_OFF,Mach,dark_ramp_minus_uniform,0.0625,0,canonical_minus_ln,difference,0.01037461869418621
67#33,MC_OFF,Mach,bright_ramp_minus_uniform,0.0625,0,canonical_minus_ln,difference,-0.023717436008155346
67#33,MC_OFF,Mach,dark_ramp_minus_uniform,0.0625,2,canonical_minus_ln,difference,0.016342933289706707
67#33,MC_OFF,Mach,bright_ramp_minus_uniform,0.0625,2,canonical_minus_ln,difference,-0.018323508091270924
67#33,MC_OFF,Mach,dark_ramp_minus_uniform,0.0625,4,canonical_minus_ln,difference,0.009242479223757982
67#33,MC_OFF,Mach,bright_ramp_minus_uniform,0.0625,4,canonical_minus_ln,difference,-0.010360105894505978
67#33,MC_OFF,Mach,dark_ramp_minus_uniform,0.0625,8,canonical_minus_ln,difference,0.004634284880012274
67#33,MC_OFF,Mach,bright_ramp_minus_uniform,0.0625,8,canonical_minus_ln,difference,-0.005194035824388266
67#33,MC_OFF,Mach,dark_ramp_minus_uniform,0.0625,12,canonical_minus_ln,difference,0.0030895154923200607
67#33,MC_OFF,Mach,bright_ramp_minus_uniform,0.0625,12,canonical_minus_ln,difference,-0.0034627197310328484
67#33,MC_OFF,Mach,dark_ramp_minus_uniform,0.0625,16,canonical_minus_ln,difference,0.002317142440006137
67#33,MC_OFF,Mach,bright_ramp_minus_uniform,0.0625,16,canonical_minus_ln,difference,-0.002597037935629487
67#33,MC_OFF,Mach,dark_ramp_minus_uniform,0.125,0,canonical_minus_ln,difference,0.020787764340639114
67#33,MC_OFF,Mach,bright_ramp_minus_uniform,0.125,0,canonical_minus_ln,difference,-0.04742124862968922
67#33,MC_OFF,Mach,dark_ramp_minus_uniform,0.125,2,canonical_minus_ln,difference,0.032704394310712814
67#33,MC_OFF,Mach,bright_ramp_minus_uniform,0.125,2,canonical_minus_ln,difference,-0.03666547313332558
67#33,MC_OFF,Mach,dark_ramp_minus_uniform,0.125,4,canonical_minus_ln,difference,0.018494581803679466
67#33,MC_OFF,Mach,bright_ramp_minus_uniform,0.125,4,canonical_minus_ln,difference,-0.020729755982756615
67#33,MC_OFF,Mach,dark_ramp_minus_uniform,0.125,8,canonical_minus_ln,difference,0.00927348155528307
67#33,MC_OFF,Mach,bright_ramp_minus_uniform,0.125,8,canonical_minus_ln,difference,-0.010392975993454456
67#33,MC_OFF,Mach,dark_ramp_minus_uniform,0.125,12,canonical_minus_ln,difference,0.0061824084259569645
67#33,MC_OFF,Mach,bright_ramp_minus_uniform,0.125,12,canonical_minus_ln,difference,-0.006928754039108753
67#33,MC_OFF,Mach,dark_ramp_minus_uniform,0.125,16,canonical_minus_ln,difference,0.004636804107576609
67#33,MC_OFF,Mach,bright_ramp_minus_uniform,0.125,16,canonical_minus_ln,difference,-0.005196579033508897
67#33,MC_OFF,Mach,dark_ramp_minus_uniform,0.25,0,canonical_minus_ln,difference,0.041729435324668884
67#33,MC_OFF,Mach,bright_ramp_minus_uniform,0.25,0,canonical_minus_ln,difference,-0.09478820115327835
67#33,MC_OFF,Mach,dark_ramp_minus_uniform,0.25,2,canonical_minus_ln,difference,0.06548253819346428
67#33,MC_OFF,Mach,bright_ramp_minus_uniform,0.25,2,canonical_minus_ln,difference,-0.0734047181904316
67#33,MC_OFF,Mach,dark_ramp_minus_uniform,0.25,4,canonical_minus_ln,difference,0.037027500569820404
67#33,MC_OFF,Mach,bright_ramp_minus_uniform,0.25,4,canonical_minus_ln,difference,-0.041497811675071716
67#33,MC_OFF,Mach,dark_ramp_minus_uniform,0.25,8,canonical_minus_ln,difference,0.018566655926406384
67#33,MC_OFF,Mach,bright_ramp_minus_uniform,0.25,8,canonical_minus_ln,difference,-0.020805622451007366
67#33,MC_OFF,Mach,dark_ramp_minus_uniform,0.25,12,canonical_minus_ln,difference,0.012378049083054066
67#33,MC_OFF,Mach,bright_ramp_minus_uniform,0.25,12,canonical_minus_ln,difference,-0.01387066813185811
67#33,MC_OFF,Mach,dark_ramp_minus_uniform,0.25,16,canonical_minus_ln,difference,0.009283630177378654
67#33,MC_OFF,Mach,bright_ramp_minus_uniform,0.25,16,canonical_minus_ln,difference,-0.010403124615550041
67#33,MC_OFF,Mach,dark_ramp_minus_uniform,0.375,0,canonical_minus_ln,difference,0.06282450258731842
67#33,MC_OFF,Mach,bright_ramp_minus_uniform,0.375,0,canonical_minus_ln,difference,-0.1421012282371521
67#33,MC_OFF,Mach,dark_ramp_minus_uniform,0.375,2,canonical_minus_ln,difference,0.0983341857790947
67#33,MC_OFF,Mach,bright_ramp_minus_uniform,0.375,2,canonical_minus_ln,difference,-0.11021744459867477
67#33,MC_OFF,Mach,dark_ramp_minus_uniform,0.375,4,canonical_minus_ln,difference,0.055598653852939606
67#33,MC_OFF,Mach,bright_ramp_minus_uniform,0.375,4,canonical_minus_ln,difference,-0.062304116785526276
67#33,MC_OFF,Mach,dark_ramp_minus_uniform,0.375,8,canonical_minus_ln,difference,0.02787950076162815
67#33,MC_OFF,Mach,bright_ramp_minus_uniform,0.375,8,canonical_minus_ln,difference,-0.03123798593878746
67#33,MC_OFF,Mach,dark_ramp_minus_uniform,0.375,12,canonical_minus_ln,difference,0.018586937338113785
67#33,MC_OFF,Mach,bright_ramp_minus_uniform,0.375,12,canonical_minus_ln,difference,-0.020825909450650215
67#33,MC_OFF,Mach,dark_ramp_minus_uniform,0.375,16,canonical_minus_ln,difference,0.013940421864390373
67#33,MC_OFF,Mach,bright_ramp_minus_uniform,0.375,16,canonical_minus_ln,difference,-0.015619699843227863
67#33,MC_OFF,Mach,dark_ramp_minus_uniform,0.5,0,canonical_minus_ln,difference,0.08407233655452728
67#33,MC_OFF,Mach,bright_ramp_minus_uniform,0.5,0,canonical_minus_ln,difference,-0.18936021625995636
67#33,MC_OFF,Mach,dark_ramp_minus_uniform,0.5,2,canonical_minus_ln,difference,0.13125889748334885
67#33,MC_OFF,Mach,bright_ramp_minus_uniform,0.5,2,canonical_minus_ln,difference,-0.14710327982902527
67#33,MC_OFF,Mach,dark_ramp_minus_uniform,0.5,4,canonical_minus_ln,difference,0.07420750334858894
67#33,MC_OFF,Mach,bright_ramp_minus_uniform,0.5,4,canonical_minus_ln,difference,-0.08314824476838112
67#33,MC_OFF,Mach,dark_ramp_minus_uniform,0.5,8,canonical_minus_ln,difference,0.037211744114756584
67#33,MC_OFF,Mach,bright_ramp_minus_uniform,0.5,8,canonical_minus_ln,difference,-0.04168964736163616
67#33,MC_OFF,Mach,dark_ramp_minus_uniform,0.5,12,canonical_minus_ln,difference,0.024808868765830994
67#33,MC_OFF,Mach,bright_ramp_minus_uniform,0.5,12,canonical_minus_ln,difference,-0.027794186025857925
67#33,MC_OFF,Mach,dark_ramp_minus_uniform,0.5,16,canonical_minus_ln,difference,0.01860699336975813
67#33,MC_OFF,Mach,bright_ramp_minus_uniform,0.5,16,canonical_minus_ln,difference,-0.020846057683229446
67#34,PC_ON,SBC,bright_minus_dark,0.0,0,canonical_minus_ln,difference,0.0
67#34,PC_ON,SBC,bright_minus_dark,0.0,2,canonical_minus_ln,difference,0.0
67#34,PC_ON,SBC,bright_minus_dark,0.0,4,canonical_minus_ln,difference,0.0
67#34,PC_ON,SBC,bright_minus_dark,0.0,6,canonical_minus_ln,difference,0.0
67#34,PC_ON,SBC,bright_minus_dark,0.0,8,canonical_minus_ln,difference,0.0
67#34,PC_ON,SBC,bright_minus_dark,0.0625,0,canonical_minus_ln,difference,0.0
67#34,PC_ON,SBC,bright_minus_dark,0.0625,2,canonical_minus_ln,difference,-0.03429961949586868
67#34,PC_ON,SBC,bright_minus_dark,0.0625,4,canonical_minus_ln,difference,-0.058006382547318935
67#34,PC_ON,SBC,bright_minus_dark,0.0625,6,canonical_minus_ln,difference,-0.05868686083704233
67#34,PC_ON,SBC,bright_minus_dark,0.0625,8,canonical_minus_ln,difference,-0.05656201113015413
67#34,PC_ON,SBC,bright_minus_dark,0.125,0,canonical_minus_ln,difference,0.0
67#34,PC_ON,SBC,bright_minus_dark,0.125,2,canonical_minus_ln,difference,-0.06859764084219933
67#34,PC_ON,SBC,bright_minus_dark,0.125,4,canonical_minus_ln,difference,-0.11601114831864834
67#34,PC_ON,SBC,bright_minus_dark,0.125,6,canonical_minus_ln,difference,-0.11737208440899849
67#34,PC_ON,SBC,bright_minus_dark,0.125,8,canonical_minus_ln,difference,-0.11312233284115791
67#34,PC_ON,SBC,bright_minus_dark,0.25,0,canonical_minus_ln,difference,0.0
67#34,PC_ON,SBC,bright_minus_dark,0.25,2,canonical_minus_ln,difference,-0.13718877360224724
67#34,PC_ON,SBC,bright_minus_dark,0.25,4,canonical_minus_ln,difference,-0.23201563581824303
67#34,PC_ON,SBC,bright_minus_dark,0.25,6,canonical_minus_ln,difference,-0.23473747447133064
67#34,PC_ON,SBC,bright_minus_dark,0.25,8,canonical_minus_ln,difference,-0.22623801976442337
67#34,PC_ON,SBC,bright_minus_dark,0.375,0,canonical_minus_ln,difference,0.0
67#34,PC_ON,SBC,bright_minus_dark,0.375,2,canonical_minus_ln,difference,-0.20577352494001389
67#34,PC_ON,SBC,bright_minus_dark,0.375,4,canonical_minus_ln,difference,-0.3480134978890419
67#34,PC_ON,SBC,bright_minus_dark,0.375,6,canonical_minus_ln,difference,-0.35209618508815765
67#34,PC_ON,SBC,bright_minus_dark,0.375,8,canonical_minus_ln,difference,-0.3393470272421837
67#34,PC_ON,SBC,bright_minus_dark,0.5,0,canonical_minus_ln,difference,0.0
67#34,PC_ON,SBC,bright_minus_dark,0.5,2,canonical_minus_ln,difference,-0.2743517830967903
67#34,PC_ON,SBC,bright_minus_dark,0.5,4,canonical_minus_ln,difference,-0.4640047401189804
67#34,PC_ON,SBC,bright_minus_dark,0.5,6,canonical_minus_ln,difference,-0.4694482311606407
67#34,PC_ON,SBC,bright_minus_dark,0.5,8,canonical_minus_ln,difference,-0.45244938880205154
67#34,PC_ON,Mach,dark_ramp_minus_uniform,0.0,0,canonical_minus_ln,difference,0.0
67#34,PC_ON,Mach,bright_ramp_minus_uniform,0.0,0,canonical_minus_ln,difference,0.0
67#34,PC_ON,Mach,dark_ramp_minus_uniform,0.0,2,canonical_minus_ln,difference,0.0
67#34,PC_ON,Mach,bright_ramp_minus_uniform,0.0,2,canonical_minus_ln,difference,0.0
67#34,PC_ON,Mach,dark_ramp_minus_uniform,0.0,4,canonical_minus_ln,difference,0.0
67#34,PC_ON,Mach,bright_ramp_minus_uniform,0.0,4,canonical_minus_ln,difference,0.0
67#34,PC_ON,Mach,dark_ramp_minus_uniform,0.0,8,canonical_minus_ln,difference,0.0
67#34,PC_ON,Mach,bright_ramp_minus_uniform,0.0,8,canonical_minus_ln,difference,0.0
67#34,PC_ON,Mach,dark_ramp_minus_uniform,0.0,12,canonical_minus_ln,difference,0.0
67#34,PC_ON,Mach,bright_ramp_minus_uniform,0.0,12,canonical_minus_ln,difference,0.0
67#34,PC_ON,Mach,dark_ramp_minus_uniform,0.0,16,canonical_minus_ln,difference,0.0
67#34,PC_ON,Mach,bright_ramp_minus_uniform,0.0,16,canonical_minus_ln,difference,0.0
67#34,PC_ON,Mach,dark_ramp_minus_uniform,0.0625,0,canonical_minus_ln,difference,-0.016860937932506204
67#34,PC_ON,Mach,bright_ramp_minus_uniform,0.0625,0,canonical_minus_ln,difference,0.017115012975409627
67#34,PC_ON,Mach,dark_ramp_minus_uniform,0.0625,2,canonical_minus_ln,difference,-0.013930876681115478
67#34,PC_ON,Mach,bright_ramp_minus_uniform,0.0625,2,canonical_minus_ln,difference,0.021178643160965294
67#34,PC_ON,Mach,dark_ramp_minus_uniform,0.0625,4,canonical_minus_ln,difference,-0.007019845681497827
67#34,PC_ON,Mach,bright_ramp_minus_uniform,0.0625,4,canonical_minus_ln,difference,0.01169655323610641
67#34,PC_ON,Mach,dark_ramp_minus_uniform,0.0625,8,canonical_minus_ln,difference,-0.0031475463620154187
67#34,PC_ON,Mach,bright_ramp_minus_uniform,0.0625,8,canonical_minus_ln,difference,0.005446235343697481
67#34,PC_ON,Mach,dark_ramp_minus_uniform,0.0625,12,canonical_minus_ln,difference,-0.0020983537469874136
67#34,PC_ON,Mach,bright_ramp_minus_uniform,0.0625,12,canonical_minus_ln,difference,0.0036308208291302435
67#34,PC_ON,Mach,dark_ramp_minus_uniform,0.0625,16,canonical_minus_ln,difference,-0.0015737453577457927
67#34,PC_ON,Mach,bright_ramp_minus_uniform,0.0625,16,canonical_minus_ln,difference,0.0027231216299696825
67#34,PC_ON,Mach,dark_ramp_minus_uniform,0.125,0,canonical_minus_ln,difference,-0.033724125009030104
67#34,PC_ON,Mach,bright_ramp_minus_uniform,0.125,0,canonical_minus_ln,difference,0.034227435011416674
67#34,PC_ON,Mach,dark_ramp_minus_uniform,0.125,2,canonical_minus_ln,difference,-0.027861713606398553
67#34,PC_ON,Mach,bright_ramp_minus_uniform,0.125,2,canonical_minus_ln,difference,0.042357268917839974
67#34,PC_ON,Mach,dark_ramp_minus_uniform,0.125,4,canonical_minus_ln,difference,-0.014039706846233457
67#34,PC_ON,Mach,bright_ramp_minus_uniform,0.125,4,canonical_minus_ln,difference,0.023393194598611444
67#34,PC_ON,Mach,dark_ramp_minus_uniform,0.125,8,canonical_minus_ln,difference,-0.00629507694975473
67#34,PC_ON,Mach,bright_ramp_minus_uniform,0.125,8,canonical_minus_ln,difference,0.010892518679611385
67#34,PC_ON,Mach,dark_ramp_minus_uniform,0.125,12,canonical_minus_ln,difference,-0.0041966917051468045
67#34,PC_ON,Mach,bright_ramp_minus_uniform,0.125,12,canonical_minus_ln,difference,0.00726169758127071
67#34,PC_ON,Mach,dark_ramp_minus_uniform,0.125,16,canonical_minus_ln,difference,-0.003147546391119249
67#34,PC_ON,Mach,bright_ramp_minus_uniform,0.125,16,canonical_minus_ln,difference,0.005446274983114563
67#34,PC_ON,Mach,dark_ramp_minus_uniform,0.25,0,canonical_minus_ln,difference,-0.06745728012174368
67#34,PC_ON,Mach,bright_ramp_minus_uniform,0.25,0,canonical_minus_ln,difference,0.06844437029212713
67#34,PC_ON,Mach,dark_ramp_minus_uniform,0.25,2,canonical_minus_ln,difference,-0.05572346749249846
67#34,PC_ON,Mach,bright_ramp_minus_uniform,0.25,2,canonical_minus_ln,difference,0.08471443457528949
67#34,PC_ON,Mach,dark_ramp_minus_uniform,0.25,4,canonical_minus_ln,difference,-0.02807961229700595
67#34,PC_ON,Mach,bright_ramp_minus_uniform,0.25,4,canonical_minus_ln,difference,0.04678641306236386
67#34,PC_ON,Mach,dark_ramp_minus_uniform,0.25,8,canonical_minus_ln,difference,-0.012590313388500363
67#34,PC_ON,Mach,bright_ramp_minus_uniform,0.25,8,canonical_minus_ln,difference,0.02178510039811954
67#34,PC_ON,Mach,dark_ramp_minus_uniform,0.25,12,canonical_minus_ln,difference,-0.008393549855099991
67#34,PC_ON,Mach,bright_ramp_minus_uniform,0.25,12,canonical_minus_ln,difference,0.01452344239805825
67#34,PC_ON,Mach,dark_ramp_minus_uniform,0.25,16,canonical_minus_ln,difference,-0.006295235885772854
67#34,PC_ON,Mach,bright_ramp_minus_uniform,0.25,16,canonical_minus_ln,difference,0.010892566293478012
67#34,PC_ON,Mach,dark_ramp_minus_uniform,0.375,0,canonical_minus_ln,difference,-0.1011992609128356
67#34,PC_ON,Mach,bright_ramp_minus_uniform,0.375,0,canonical_minus_ln,difference,0.10265073738992214
67#34,PC_ON,Mach,dark_ramp_minus_uniform,0.375,2,canonical_minus_ln,difference,-0.0835849444847554
67#34,PC_ON,Mach,bright_ramp_minus_uniform,0.375,2,canonical_minus_ln,difference,0.12707146257162094
67#34,PC_ON,Mach,dark_ramp_minus_uniform,0.375,4,canonical_minus_ln,difference,-0.042119392775930464
67#34,PC_ON,Mach,bright_ramp_minus_uniform,0.375,4,canonical_minus_ln,difference,0.07017963379621506
67#34,PC_ON,Mach,dark_ramp_minus_uniform,0.375,8,canonical_minus_ln,difference,-0.018885493627749383
67#34,PC_ON,Mach,bright_ramp_minus_uniform,0.375,8,canonical_minus_ln,difference,0.03267765964847058
67#34,PC_ON,Mach,dark_ramp_minus_uniform,0.375,12,canonical_minus_ln,difference,-0.012590344995260239
67#34,PC_ON,Mach,bright_ramp_minus_uniform,0.375,12,canonical_minus_ln,difference,0.021785123622976243
67#34,PC_ON,Mach,dark_ramp_minus_uniform,0.375,16,canonical_minus_ln,difference,-0.009442822251003236
67#34,PC_ON,Mach,bright_ramp_minus_uniform,0.375,16,canonical_minus_ln,difference,0.01633883229806088
67#34,PC_ON,Mach,dark_ramp_minus_uniform,0.5,0,canonical_minus_ln,difference,-0.13495037518441677
67#34,PC_ON,Mach,bright_ramp_minus_uniform,0.5,0,canonical_minus_ln,difference,0.13684677332639694
67#34,PC_ON,Mach,dark_ramp_minus_uniform,0.5,2,canonical_minus_ln,difference,-0.1114465098362416
67#34,PC_ON,Mach,bright_ramp_minus_uniform,0.5,2,canonical_minus_ln,difference,0.16942855925299227
67#34,PC_ON,Mach,dark_ramp_minus_uniform,0.5,4,canonical_minus_ln,difference,-0.05615937593393028
67#34,PC_ON,Mach,bright_ramp_minus_uniform,0.5,4,canonical_minus_ln,difference,0.09357305709272623
67#34,PC_ON,Mach,dark_ramp_minus_uniform,0.5,8,canonical_minus_ln,difference,-0.025180807802826166
67#34,PC_ON,Mach,bright_ramp_minus_uniform,0.5,8,canonical_minus_ln,difference,0.04357043281197548
67#34,PC_ON,Mach,dark_ramp_minus_uniform,0.5,12,canonical_minus_ln,difference,-0.01678733801236376
67#34,PC_ON,Mach,bright_ramp_minus_uniform,0.5,12,canonical_minus_ln,difference,0.029047051793895662
67#34,PC_ON,Mach,dark_ramp_minus_uniform,0.5,16,canonical_minus_ln,difference,-0.012590504018589854
67#34,PC_ON,Mach,bright_ramp_minus_uniform,0.5,16,canonical_minus_ln,difference,0.021785299119073898
68#3,MC_OFF,SBC,bright_minus_dark,0.0,0,canonical_minus_ln,difference,0.0
68#3,MC_OFF,SBC,bright_minus_dark,0.0,2,canonical_minus_ln,difference,0.0
68#3,MC_OFF,SBC,bright_minus_dark,0.0,4,canonical_minus_ln,difference,0.0
68#3,MC_OFF,SBC,bright_minus_dark,0.0,6,canonical_minus_ln,difference,0.0
68#3,MC_OFF,SBC,bright_minus_dark,0.0,8,canonical_minus_ln,difference,0.0
68#3,MC_OFF,SBC,bright_minus_dark,0.0625,0,canonical_minus_ln,difference,0.0
68#3,MC_OFF,SBC,bright_minus_dark,0.0625,2,canonical_minus_ln,difference,0.05634659342467785
68#3,MC_OFF,SBC,bright_minus_dark,0.0625,4,canonical_minus_ln,difference,0.09948508813977242
68#3,MC_OFF,SBC,bright_minus_dark,0.0625,6,canonical_minus_ln,difference,0.10947376862168312
68#3,MC_OFF,SBC,bright_minus_dark,0.0625,8,canonical_minus_ln,difference,0.10989711806178093
68#3,MC_OFF,SBC,bright_minus_dark,0.125,0,canonical_minus_ln,difference,0.0
68#3,MC_OFF,SBC,bright_minus_dark,0.125,2,canonical_minus_ln,difference,0.11268153786659241
68#3,MC_OFF,SBC,bright_minus_dark,0.125,4,canonical_minus_ln,difference,0.19895803183317184
68#3,MC_OFF,SBC,bright_minus_dark,0.125,6,canonical_minus_ln,difference,0.21893543750047684
68#3,MC_OFF,SBC,bright_minus_dark,0.125,8,canonical_minus_ln,difference,0.21978212893009186
68#3,MC_OFF,SBC,bright_minus_dark,0.25,0,canonical_minus_ln,difference,0.0
68#3,MC_OFF,SBC,bright_minus_dark,0.25,2,canonical_minus_ln,difference,0.2253166139125824
68#3,MC_OFF,SBC,bright_minus_dark,0.25,4,canonical_minus_ln,difference,0.3978678584098816
68#3,MC_OFF,SBC,bright_minus_dark,0.25,6,canonical_minus_ln,difference,0.4378223568201065
68#3,MC_OFF,SBC,bright_minus_dark,0.25,8,canonical_minus_ln,difference,0.43951578438282013
68#3,MC_OFF,SBC,bright_minus_dark,0.375,0,canonical_minus_ln,difference,0.0
68#3,MC_OFF,SBC,bright_minus_dark,0.375,2,canonical_minus_ln,difference,0.33790525794029236
68#3,MC_OFF,SBC,bright_minus_dark,0.375,4,canonical_minus_ln,difference,0.5967293530702591
68#3,MC_OFF,SBC,bright_minus_dark,0.375,6,canonical_minus_ln,difference,0.6566607058048248
68#3,MC_OFF,SBC,bright_minus_dark,0.375,8,canonical_minus_ln,difference,0.6592008620500565
68#3,MC_OFF,SBC,bright_minus_dark,0.5,0,canonical_minus_ln,difference,0.0
68#3,MC_OFF,SBC,bright_minus_dark,0.5,2,canonical_minus_ln,difference,0.45044757425785065
68#3,MC_OFF,SBC,bright_minus_dark,0.5,4,canonical_minus_ln,difference,0.7955426871776581
68#3,MC_OFF,SBC,bright_minus_dark,0.5,6,canonical_minus_ln,difference,0.875450849533081
68#3,MC_OFF,SBC,bright_minus_dark,0.5,8,canonical_minus_ln,difference,0.8788377642631531
68#3,MC_OFF,Mach,dark_ramp_minus_uniform,0.0,0,canonical_minus_ln,difference,0.0
68#3,MC_OFF,Mach,bright_ramp_minus_uniform,0.0,0,canonical_minus_ln,difference,0.0
68#3,MC_OFF,Mach,dark_ramp_minus_uniform,0.0,2,canonical_minus_ln,difference,0.0
68#3,MC_OFF,Mach,bright_ramp_minus_uniform,0.0,2,canonical_minus_ln,difference,0.0
68#3,MC_OFF,Mach,dark_ramp_minus_uniform,0.0,4,canonical_minus_ln,difference,0.0
68#3,MC_OFF,Mach,bright_ramp_minus_uniform,0.0,4,canonical_minus_ln,difference,0.0
68#3,MC_OFF,Mach,dark_ramp_minus_uniform,0.0,8,canonical_minus_ln,difference,0.0
68#3,MC_OFF,Mach,bright_ramp_minus_uniform,0.0,8,canonical_minus_ln,difference,0.0
68#3,MC_OFF,Mach,dark_ramp_minus_uniform,0.0,12,canonical_minus_ln,difference,0.0
68#3,MC_OFF,Mach,bright_ramp_minus_uniform,0.0,12,canonical_minus_ln,difference,0.0
68#3,MC_OFF,Mach,dark_ramp_minus_uniform,0.0,16,canonical_minus_ln,difference,0.0
68#3,MC_OFF,Mach,bright_ramp_minus_uniform,0.0,16,canonical_minus_ln,difference,0.0
68#3,MC_OFF,Mach,dark_ramp_minus_uniform,0.0625,0,canonical_minus_ln,difference,-0.013208246266003698
68#3,MC_OFF,Mach,bright_ramp_minus_uniform,0.0625,0,canonical_minus_ln,difference,-0.07760218717157841
68#3,MC_OFF,Mach,dark_ramp_minus_uniform,0.0625,2,canonical_minus_ln,difference,-0.001992821809835732
68#3,MC_OFF,Mach,bright_ramp_minus_uniform,0.0625,2,canonical_minus_ln,difference,-0.0714183016680181
68#3,MC_OFF,Mach,dark_ramp_minus_uniform,0.0625,4,canonical_minus_ln,difference,-0.0009216706384904683
68#3,MC_OFF,Mach,bright_ramp_minus_uniform,0.0625,4,canonical_minus_ln,difference,-0.054596201283857226
68#3,MC_OFF,Mach,dark_ramp_minus_uniform,0.0625,8,canonical_minus_ln,difference,-0.000458312060800381
68#3,MC_OFF,Mach,bright_ramp_minus_uniform,0.0625,8,canonical_minus_ln,difference,-0.028938810748513788
68#3,MC_OFF,Mach,dark_ramp_minus_uniform,0.0625,12,canonical_minus_ln,difference,-0.00030552546377293766
68#3,MC_OFF,Mach,bright_ramp_minus_uniform,0.0625,12,canonical_minus_ln,difference,-0.019292569282697514
68#3,MC_OFF,Mach,dark_ramp_minus_uniform,0.0625,16,canonical_minus_ln,difference,-0.0002291520286235027
68#3,MC_OFF,Mach,bright_ramp_minus_uniform,0.0625,16,canonical_minus_ln,difference,-0.014469432906480506
68#3,MC_OFF,Mach,dark_ramp_minus_uniform,0.125,0,canonical_minus_ln,difference,-0.026406848803162575
68#3,MC_OFF,Mach,bright_ramp_minus_uniform,0.125,0,canonical_minus_ln,difference,-0.1551958341151476
68#3,MC_OFF,Mach,dark_ramp_minus_uniform,0.125,2,canonical_minus_ln,difference,-0.0039829530287534
68#3,MC_OFF,Mach,bright_ramp_minus_uniform,0.125,2,canonical_minus_ln,difference,-0.14283928368240595
68#3,MC_OFF,Mach,dark_ramp_minus_uniform,0.125,4,canonical_minus_ln,difference,-0.0018419980769976974
68#3,MC_OFF,Mach,bright_ramp_minus_uniform,0.125,4,canonical_minus_ln,difference,-0.10919377207756042
68#3,MC_OFF,Mach,dark_ramp_minus_uniform,0.125,8,canonical_minus_ln,difference,-0.0009159365727100521
68#3,MC_OFF,Mach,bright_ramp_minus_uniform,0.125,8,canonical_minus_ln,difference,-0.05787832662463188
68#3,MC_OFF,Mach,dark_ramp_minus_uniform,0.125,12,canonical_minus_ln,difference,-0.0006106098589953035
68#3,MC_OFF,Mach,bright_ramp_minus_uniform,0.125,12,canonical_minus_ln,difference,-0.038585547590628266
68#3,MC_OFF,Mach,dark_ramp_minus_uniform,0.125,16,canonical_minus_ln,difference,-0.0004579742671921849
68#3,MC_OFF,Mach,bright_ramp_minus_uniform,0.125,16,canonical_minus_ln,difference,-0.028939167561475188
68#3,MC_OFF,Mach,dark_ramp_minus_uniform,0.25,0,canonical_minus_ln,difference,-0.052775016985833645
68#3,MC_OFF,Mach,bright_ramp_minus_uniform,0.25,0,canonical_minus_ln,difference,-0.3103574402630329
68#3,MC_OFF,Mach,dark_ramp_minus_uniform,0.25,2,canonical_minus_ln,difference,-0.007955050794407725
68#3,MC_OFF,Mach,bright_ramp_minus_uniform,0.25,2,canonical_minus_ln,difference,-0.2856893837451935
68#3,MC_OFF,Mach,dark_ramp_minus_uniform,0.25,4,canonical_minus_ln,difference,-0.0036783335963264108
68#3,MC_OFF,Mach,bright_ramp_minus_uniform,0.25,4,canonical_minus_ln,difference,-0.2183931479230523
68#3,MC_OFF,Mach,dark_ramp_minus_uniform,0.25,8,canonical_minus_ln,difference,-0.0018289168365299702
68#3,MC_OFF,Mach,bright_ramp_minus_uniform,0.25,8,canonical_minus_ln,difference,-0.11575958877801895
68#3,MC_OFF,Mach,dark_ramp_minus_uniform,0.25,12,canonical_minus_ln,difference,-0.0012192090798635036
68#3,MC_OFF,Mach,bright_ramp_minus_uniform,0.25,12,canonical_minus_ln,difference,-0.07717310439329594
68#3,MC_OFF,Mach,dark_ramp_minus_uniform,0.25,16,canonical_minus_ln,difference,-0.000914410746190697
68#3,MC_OFF,Mach,bright_ramp_minus_uniform,0.25,16,canonical_minus_ln,difference,-0.057879848522134125
68#3,MC_OFF,Mach,dark_ramp_minus_uniform,0.375,0,canonical_minus_ln,difference,-0.07910467172041535
68#3,MC_OFF,Mach,bright_ramp_minus_uniform,0.375,0,canonical_minus_ln,difference,-0.4654848501086235
68#3,MC_OFF,Mach,dark_ramp_minus_uniform,0.375,2,canonical_minus_ln,difference,-0.011916418792679906
68#3,MC_OFF,Mach,bright_ramp_minus_uniform,0.375,2,canonical_minus_ln,difference,-0.42855026945471764
68#3,MC_OFF,Mach,dark_ramp_minus_uniform,0.375,4,canonical_minus_ln,difference,-0.005509117967449129
68#3,MC_OFF,Mach,bright_ramp_minus_uniform,0.375,4,canonical_minus_ln,difference,-0.3275980530306697
68#3,MC_OFF,Mach,dark_ramp_minus_uniform,0.375,8,canonical_minus_ln,difference,-0.00273907178780064
68#3,MC_OFF,Mach,bright_ramp_minus_uniform,0.375,8,canonical_minus_ln,difference,-0.17364366562105715
68#3,MC_OFF,Mach,dark_ramp_minus_uniform,0.375,12,canonical_minus_ln,difference,-0.0018259445787407458
68#3,MC_OFF,Mach,bright_ramp_minus_uniform,0.375,12,canonical_minus_ln,difference,-0.11576257552951574
68#3,MC_OFF,Mach,dark_ramp_minus_uniform,0.375,16,canonical_minus_ln,difference,-0.0013693531800527126
68#3,MC_OFF,Mach,bright_ramp_minus_uniform,0.375,16,canonical_minus_ln,difference,-0.08682196086738259
68#3,MC_OFF,Mach,dark_ramp_minus_uniform,0.5,0,canonical_minus_ln,difference,-0.1053957506082952
68#3,MC_OFF,Mach,bright_ramp_minus_uniform,0.5,0,canonical_minus_ln,difference,-0.6205783113837242
68#3,MC_OFF,Mach,dark_ramp_minus_uniform,0.5,2,canonical_minus_ln,difference,-0.015866974368691444
68#3,MC_OFF,Mach,bright_ramp_minus_uniform,0.5,2,canonical_minus_ln,difference,-0.5714218895882368
68#3,MC_OFF,Mach,dark_ramp_minus_uniform,0.5,4,canonical_minus_ln,difference,-0.007334192516282201
68#3,MC_OFF,Mach,bright_ramp_minus_uniform,0.5,4,canonical_minus_ln,difference,-0.43680879287421703
68#3,MC_OFF,Mach,dark_ramp_minus_uniform,0.5,8,canonical_minus_ln,difference,-0.003646186785772443
68#3,MC_OFF,Mach,bright_ramp_minus_uniform,0.5,8,canonical_minus_ln,difference,-0.23153078136965632
68#3,MC_OFF,Mach,dark_ramp_minus_uniform,0.5,12,canonical_minus_ln,difference,-0.0024306178092956543
68#3,MC_OFF,Mach,bright_ramp_minus_uniform,0.5,12,canonical_minus_ln,difference,-0.15435402980074286
68#3,MC_OFF,Mach,dark_ramp_minus_uniform,0.5,16,canonical_minus_ln,difference,-0.0018228988628834486
68#3,MC_OFF,Mach,bright_ramp_minus_uniform,0.5,16,canonical_minus_ln,difference,-0.11576565564610064
68#4,PC_ON,SBC,bright_minus_dark,0.0,0,canonical_minus_ln,difference,0.0
68#4,PC_ON,SBC,bright_minus_dark,0.0,2,canonical_minus_ln,difference,0.0
68#4,PC_ON,SBC,bright_minus_dark,0.0,4,canonical_minus_ln,difference,0.0
68#4,PC_ON,SBC,bright_minus_dark,0.0,6,canonical_minus_ln,difference,0.0
68#4,PC_ON,SBC,bright_minus_dark,0.0,8,canonical_minus_ln,difference,0.0
68#4,PC_ON,SBC,bright_minus_dark,0.0625,0,canonical_minus_ln,difference,0.0
68#4,PC_ON,SBC,bright_minus_dark,0.0625,2,canonical_minus_ln,difference,-0.03616056346800178
68#4,PC_ON,SBC,bright_minus_dark,0.0625,4,canonical_minus_ln,difference,-0.03584172006230801
68#4,PC_ON,SBC,bright_minus_dark,0.0625,6,canonical_minus_ln,difference,-0.035767508554272354
68#4,PC_ON,SBC,bright_minus_dark,0.0625,8,canonical_minus_ln,difference,-0.03576309035997838
68#4,PC_ON,SBC,bright_minus_dark,0.125,0,canonical_minus_ln,difference,0.0
68#4,PC_ON,SBC,bright_minus_dark,0.125,2,canonical_minus_ln,difference,-0.07231013081036508
68#4,PC_ON,SBC,bright_minus_dark,0.125,4,canonical_minus_ln,difference,-0.07167263072915375
68#4,PC_ON,SBC,bright_minus_dark,0.125,6,canonical_minus_ln,difference,-0.07152423751540482
68#4,PC_ON,SBC,bright_minus_dark,0.125,8,canonical_minus_ln,difference,-0.0715153191704303
68#4,PC_ON,SBC,bright_minus_dark,0.25,0,canonical_minus_ln,difference,0.0
68#4,PC_ON,SBC,bright_minus_dark,0.25,2,canonical_minus_ln,difference,-0.1445764354430139
68#4,PC_ON,SBC,bright_minus_dark,0.25,4,canonical_minus_ln,difference,-0.1433021374978125
68#4,PC_ON,SBC,bright_minus_dark,0.25,6,canonical_minus_ln,difference,-0.14300551498308778
68#4,PC_ON,SBC,bright_minus_dark,0.25,8,canonical_minus_ln,difference,-0.14298773789778352
68#4,PC_ON,SBC,bright_minus_dark,0.375,0,canonical_minus_ln,difference,0.0
68#4,PC_ON,SBC,bright_minus_dark,0.375,2,canonical_minus_ln,difference,-0.2167989183217287
68#4,PC_ON,SBC,bright_minus_dark,0.375,4,canonical_minus_ln,difference,-0.2148886788636446
68#4,PC_ON,SBC,bright_minus_dark,0.375,6,canonical_minus_ln,difference,-0.214444013312459
68#4,PC_ON,SBC,bright_minus_dark,0.375,8,canonical_minus_ln,difference,-0.21441731043159962
68#4,PC_ON,SBC,bright_minus_dark,0.5,0,canonical_minus_ln,difference,0.0
68#4,PC_ON,SBC,bright_minus_dark,0.5,2,canonical_minus_ln,difference,-0.28897768072783947
68#4,PC_ON,SBC,bright_minus_dark,0.5,4,canonical_minus_ln,difference,-0.28643221221864223
68#4,PC_ON,SBC,bright_minus_dark,0.5,6,canonical_minus_ln,difference,-0.2858396824449301
68#4,PC_ON,SBC,bright_minus_dark,0.5,8,canonical_minus_ln,difference,-0.2858040686696768
68#4,PC_ON,Mach,dark_ramp_minus_uniform,0.0,0,canonical_minus_ln,difference,0.0
68#4,PC_ON,Mach,bright_ramp_minus_uniform,0.0,0,canonical_minus_ln,difference,0.0
68#4,PC_ON,Mach,dark_ramp_minus_uniform,0.0,2,canonical_minus_ln,difference,0.0
68#4,PC_ON,Mach,bright_ramp_minus_uniform,0.0,2,canonical_minus_ln,difference,0.0
68#4,PC_ON,Mach,dark_ramp_minus_uniform,0.0,4,canonical_minus_ln,difference,0.0
68#4,PC_ON,Mach,bright_ramp_minus_uniform,0.0,4,canonical_minus_ln,difference,0.0
68#4,PC_ON,Mach,dark_ramp_minus_uniform,0.0,8,canonical_minus_ln,difference,0.0
68#4,PC_ON,Mach,bright_ramp_minus_uniform,0.0,8,canonical_minus_ln,difference,0.0
68#4,PC_ON,Mach,dark_ramp_minus_uniform,0.0,12,canonical_minus_ln,difference,0.0
68#4,PC_ON,Mach,bright_ramp_minus_uniform,0.0,12,canonical_minus_ln,difference,0.0
68#4,PC_ON,Mach,dark_ramp_minus_uniform,0.0,16,canonical_minus_ln,difference,0.0
68#4,PC_ON,Mach,bright_ramp_minus_uniform,0.0,16,canonical_minus_ln,difference,0.0
68#4,PC_ON,Mach,dark_ramp_minus_uniform,0.0625,0,canonical_minus_ln,difference,-0.024300772696733475
68#4,PC_ON,Mach,bright_ramp_minus_uniform,0.0625,0,canonical_minus_ln,difference,0.00865443586371839
68#4,PC_ON,Mach,dark_ramp_minus_uniform,0.0625,2,canonical_minus_ln,difference,-0.016708366107195616
68#4,PC_ON,Mach,bright_ramp_minus_uniform,0.0625,2,canonical_minus_ln,difference,0.011428897269070148
68#4,PC_ON,Mach,dark_ramp_minus_uniform,0.0625,4,canonical_minus_ln,difference,-0.00831184396520257
68#4,PC_ON,Mach,bright_ramp_minus_uniform,0.0625,4,canonical_minus_ln,difference,0.005671509075909853
68#4,PC_ON,Mach,dark_ramp_minus_uniform,0.0625,8,canonical_minus_ln,difference,-0.004152377718128264
68#4,PC_ON,Mach,bright_ramp_minus_uniform,0.0625,8,canonical_minus_ln,difference,0.0028322222642600536
68#4,PC_ON,Mach,dark_ramp_minus_uniform,0.0625,12,canonical_minus_ln,difference,-0.0027682146173901856
68#4,PC_ON,Mach,bright_ramp_minus_uniform,0.0625,12,canonical_minus_ln,difference,0.0018881004070863128
68#4,PC_ON,Mach,dark_ramp_minus_uniform,0.0625,16,canonical_minus_ln,difference,-0.0020761252380907536
68#4,PC_ON,Mach,bright_ramp_minus_uniform,0.0625,16,canonical_minus_ln,difference,0.0014160634018480778
68#4,PC_ON,Mach,dark_ramp_minus_uniform,0.125,0,canonical_minus_ln,difference,-0.04858019948005676
68#4,PC_ON,Mach,bright_ramp_minus_uniform,0.125,0,canonical_minus_ln,difference,0.017299556056968868
68#4,PC_ON,Mach,dark_ramp_minus_uniform,0.125,2,canonical_minus_ln,difference,-0.0333993099629879
68#4,PC_ON,Mach,bright_ramp_minus_uniform,0.125,2,canonical_minus_ln,difference,0.022840354591608047
68#4,PC_ON,Mach,dark_ramp_minus_uniform,0.125,4,canonical_minus_ln,difference,-0.0166133726015687
68#4,PC_ON,Mach,bright_ramp_minus_uniform,0.125,4,canonical_minus_ln,difference,0.011332702822983265
68#4,PC_ON,Mach,dark_ramp_minus_uniform,0.125,8,canonical_minus_ln,difference,-0.008299175649881363
68#4,PC_ON,Mach,bright_ramp_minus_uniform,0.125,8,canonical_minus_ln,difference,0.005658841226249933
68#4,PC_ON,Mach,dark_ramp_minus_uniform,0.125,12,canonical_minus_ln,difference,-0.00553260650485754
68#4,PC_ON,Mach,bright_ramp_minus_uniform,0.125,12,canonical_minus_ln,difference,0.0037723940331488848
68#4,PC_ON,Mach,dark_ramp_minus_uniform,0.125,16,canonical_minus_ln,difference,-0.004149397369474173
68#4,PC_ON,Mach,bright_ramp_minus_uniform,0.125,16,canonical_minus_ln,difference,0.0028292578645050526
68#4,PC_ON,Mach,dark_ramp_minus_uniform,0.25,0,canonical_minus_ln,difference,-0.09707501530647278
68#4,PC_ON,Mach,bright_ramp_minus_uniform,0.25,0,canonical_minus_ln,difference,0.03456184803508222
68#4,PC_ON,Mach,dark_ramp_minus_uniform,0.25,2,canonical_minus_ln,difference,-0.06672903150320053
68#4,PC_ON,Mach,bright_ramp_minus_uniform,0.25,2,canonical_minus_ln,difference,0.045611146837472916
68#4,PC_ON,Mach,dark_ramp_minus_uniform,0.25,4,canonical_minus_ln,difference,-0.03318550530821085
68#4,PC_ON,Mach,bright_ramp_minus_uniform,0.25,4,canonical_minus_ln,difference,0.022624174132943153
68#4,PC_ON,Mach,dark_ramp_minus_uniform,0.25,8,canonical_minus_ln,difference,-0.01657611597329378
68#4,PC_ON,Mach,bright_ramp_minus_uniform,0.25,8,canonical_minus_ln,difference,0.011295430362224579
68#4,PC_ON,Mach,dark_ramp_minus_uniform,0.25,12,canonical_minus_ln,difference,-0.011050034081563354
68#4,PC_ON,Mach,bright_ramp_minus_uniform,0.25,12,canonical_minus_ln,difference,0.007529600989073515
68#4,PC_ON,Mach,dark_ramp_minus_uniform,0.25,16,canonical_minus_ln,difference,-0.008287270786240697
68#4,PC_ON,Mach,bright_ramp_minus_uniform,0.25,16,canonical_minus_ln,difference,0.005646912381052971
68#4,PC_ON,Mach,dark_ramp_minus_uniform,0.375,0,canonical_minus_ln,difference,-0.1454845368862152
68#4,PC_ON,Mach,bright_ramp_minus_uniform,0.375,0,canonical_minus_ln,difference,0.05178696941584349
68#4,PC_ON,Mach,dark_ramp_minus_uniform,0.375,2,canonical_minus_ln,difference,-0.099989278241992
68#4,PC_ON,Mach,bright_ramp_minus_uniform,0.375,2,canonical_minus_ln,difference,0.06831244006752968
68#4,PC_ON,Mach,dark_ramp_minus_uniform,0.375,4,canonical_minus_ln,difference,-0.04971641581505537
68#4,PC_ON,Mach,bright_ramp_minus_uniform,0.375,4,canonical_minus_ln,difference,0.03387442231178284
68#4,PC_ON,Mach,dark_ramp_minus_uniform,0.375,8,canonical_minus_ln,difference,-0.024830795358866453
68#4,PC_ON,Mach,bright_ramp_minus_uniform,0.375,8,canonical_minus_ln,difference,0.016909773461520672
68#4,PC_ON,Mach,dark_ramp_minus_uniform,0.375,12,canonical_minus_ln,difference,-0.016552209854125977
68#4,PC_ON,Mach,bright_ramp_minus_uniform,0.375,12,canonical_minus_ln,difference,0.011271548457443714
68#4,PC_ON,Mach,dark_ramp_minus_uniform,0.375,16,canonical_minus_ln,difference,-0.012413525255396962
68#4,PC_ON,Mach,bright_ramp_minus_uniform,0.375,16,canonical_minus_ln,difference,0.008453027345240116
68#4,PC_ON,Mach,dark_ramp_minus_uniform,0.5,0,canonical_minus_ln,difference,-0.1938091143965721
68#4,PC_ON,Mach,bright_ramp_minus_uniform,0.5,0,canonical_minus_ln,difference,0.06897505652159452
68#4,PC_ON,Mach,dark_ramp_minus_uniform,0.5,2,canonical_minus_ln,difference,-0.1331804320216179
68#4,PC_ON,Mach,bright_ramp_minus_uniform,0.5,2,canonical_minus_ln,difference,0.09094463288784027
68#4,PC_ON,Mach,dark_ramp_minus_uniform,0.5,4,canonical_minus_ln,difference,-0.06620643474161625
68#4,PC_ON,Mach,bright_ramp_minus_uniform,0.5,4,canonical_minus_ln,difference,0.04508373886346817
68#4,PC_ON,Mach,dark_ramp_minus_uniform,0.5,8,canonical_minus_ln,difference,-0.03306346107274294
68#4,PC_ON,Mach,bright_ramp_minus_uniform,0.5,8,canonical_minus_ln,difference,0.022502098232507706
68#4,PC_ON,Mach,dark_ramp_minus_uniform,0.5,12,canonical_minus_ln,difference,-0.022039444651454687
68#4,PC_ON,Mach,bright_ramp_minus_uniform,0.5,12,canonical_minus_ln,difference,0.014998539350926876
68#4,PC_ON,Mach,dark_ramp_minus_uniform,0.5,16,canonical_minus_ln,difference,-0.016528471373021603
68#4,PC_ON,Mach,bright_ramp_minus_uniform,0.5,16,canonical_minus_ln,difference,0.011247793212532997
68#7,PC_ON,SBC,bright_minus_dark,0.0,0,canonical_minus_ln,difference,0.0
68#7,PC_ON,SBC,bright_minus_dark,0.0,2,canonical_minus_ln,difference,0.0
68#7,PC_ON,SBC,bright_minus_dark,0.0,4,canonical_minus_ln,difference,0.0
68#7,PC_ON,SBC,bright_minus_dark,0.0,6,canonical_minus_ln,difference,0.0
68#7,PC_ON,SBC,bright_minus_dark,0.0,8,canonical_minus_ln,difference,0.0
68#7,PC_ON,SBC,bright_minus_dark,0.0625,0,canonical_minus_ln,difference,0.0
68#7,PC_ON,SBC,bright_minus_dark,0.0625,2,canonical_minus_ln,difference,-0.04251951351761818
68#7,PC_ON,SBC,bright_minus_dark,0.0625,4,canonical_minus_ln,difference,-0.06732326559722424
68#7,PC_ON,SBC,bright_minus_dark,0.0625,6,canonical_minus_ln,difference,-0.06353615038096905
68#7,PC_ON,SBC,bright_minus_dark,0.0625,8,canonical_minus_ln,difference,-0.06145665608346462
68#7,PC_ON,SBC,bright_minus_dark,0.125,0,canonical_minus_ln,difference,0.0
68#7,PC_ON,SBC,bright_minus_dark,0.125,2,canonical_minus_ln,difference,-0.08503484725952148
68#7,PC_ON,SBC,bright_minus_dark,0.125,4,canonical_minus_ln,difference,-0.1346423141658306
68#7,PC_ON,SBC,bright_minus_dark,0.125,6,canonical_minus_ln,difference,-0.12706803530454636
68#7,PC_ON,SBC,bright_minus_dark,0.125,8,canonical_minus_ln,difference,-0.12290911376476288
68#7,PC_ON,SBC,bright_minus_dark,0.25,0,canonical_minus_ln,difference,0.0
68#7,PC_ON,SBC,bright_minus_dark,0.25,2,canonical_minus_ln,difference,-0.17005304992198944
68#7,PC_ON,SBC,bright_minus_dark,0.25,4,canonical_minus_ln,difference,-0.2692677676677704
68#7,PC_ON,SBC,bright_minus_dark,0.25,6,canonical_minus_ln,difference,-0.2541191205382347
68#7,PC_ON,SBC,bright_minus_dark,0.25,8,canonical_minus_ln,difference,-0.2458013892173767
68#7,PC_ON,SBC,bright_minus_dark,0.375,0,canonical_minus_ln,difference,0.0
68#7,PC_ON,SBC,bright_minus_dark,0.375,2,canonical_minus_ln,difference,-0.25505462288856506
68#7,PC_ON,SBC,bright_minus_dark,0.375,4,canonical_minus_ln,difference,-0.40387625992298126
68#7,PC_ON,SBC,bright_minus_dark,0.375,6,canonical_minus_ln,difference,-0.381153404712677
68#7,PC_ON,SBC,bright_minus_dark,0.375,8,canonical_minus_ln,difference,-0.3686767965555191
68#7,PC_ON,SBC,bright_minus_dark,0.5,0,canonical_minus_ln,difference,0.0
68#7,PC_ON,SBC,bright_minus_dark,0.5,2,canonical_minus_ln,difference,-0.3400397002696991
68#7,PC_ON,SBC,bright_minus_dark,0.5,4,canonical_minus_ln,difference,-0.5384679585695267
68#7,PC_ON,SBC,bright_minus_dark,0.5,6,canonical_minus_ln,difference,-0.5081707686185837
68#7,PC_ON,SBC,bright_minus_dark,0.5,8,canonical_minus_ln,difference,-0.4915352314710617
68#7,PC_ON,Mach,dark_ramp_minus_uniform,0.0,0,canonical_minus_ln,difference,0.0
68#7,PC_ON,Mach,bright_ramp_minus_uniform,0.0,0,canonical_minus_ln,difference,0.0
68#7,PC_ON,Mach,dark_ramp_minus_uniform,0.0,2,canonical_minus_ln,difference,0.0
68#7,PC_ON,Mach,bright_ramp_minus_uniform,0.0,2,canonical_minus_ln,difference,0.0
68#7,PC_ON,Mach,dark_ramp_minus_uniform,0.0,4,canonical_minus_ln,difference,0.0
68#7,PC_ON,Mach,bright_ramp_minus_uniform,0.0,4,canonical_minus_ln,difference,0.0
68#7,PC_ON,Mach,dark_ramp_minus_uniform,0.0,8,canonical_minus_ln,difference,0.0
68#7,PC_ON,Mach,bright_ramp_minus_uniform,0.0,8,canonical_minus_ln,difference,0.0
68#7,PC_ON,Mach,dark_ramp_minus_uniform,0.0,12,canonical_minus_ln,difference,0.0
68#7,PC_ON,Mach,bright_ramp_minus_uniform,0.0,12,canonical_minus_ln,difference,0.0
68#7,PC_ON,Mach,dark_ramp_minus_uniform,0.0,16,canonical_minus_ln,difference,0.0
68#7,PC_ON,Mach,bright_ramp_minus_uniform,0.0,16,canonical_minus_ln,difference,0.0
68#7,PC_ON,Mach,dark_ramp_minus_uniform,0.0625,0,canonical_minus_ln,difference,0.003894416498951614
68#7,PC_ON,Mach,bright_ramp_minus_uniform,0.0625,0,canonical_minus_ln,difference,0.03257178561761975
68#7,PC_ON,Mach,dark_ramp_minus_uniform,0.0625,2,canonical_minus_ln,difference,0.0007678905967622995
68#7,PC_ON,Mach,bright_ramp_minus_uniform,0.0625,2,canonical_minus_ln,difference,0.03775188303552568
68#7,PC_ON,Mach,dark_ramp_minus_uniform,0.0625,4,canonical_minus_ln,difference,0.001052077510394156
68#7,PC_ON,Mach,bright_ramp_minus_uniform,0.0625,4,canonical_minus_ln,difference,0.020670850877650082
68#7,PC_ON,Mach,dark_ramp_minus_uniform,0.0625,8,canonical_minus_ln,difference,0.0006013393285684288
68#7,PC_ON,Mach,bright_ramp_minus_uniform,0.0625,8,canonical_minus_ln,difference,0.009564718056935817
68#7,PC_ON,Mach,dark_ramp_minus_uniform,0.0625,12,canonical_minus_ln,difference,0.0004008770047221333
68#7,PC_ON,Mach,bright_ramp_minus_uniform,0.0625,12,canonical_minus_ln,difference,0.006376497069140896
68#7,PC_ON,Mach,dark_ramp_minus_uniform,0.0625,16,canonical_minus_ln,difference,0.000300653773592785
68#7,PC_ON,Mach,bright_ramp_minus_uniform,0.0625,16,canonical_minus_ln,difference,0.004782374919159338
68#7,PC_ON,Mach,dark_ramp_minus_uniform,0.125,0,canonical_minus_ln,difference,0.007787831360474229
68#7,PC_ON,Mach,bright_ramp_minus_uniform,0.125,0,canonical_minus_ln,difference,0.06513794977217913
68#7,PC_ON,Mach,dark_ramp_minus_uniform,0.125,2,canonical_minus_ln,difference,0.0015379427932202816
68#7,PC_ON,Mach,bright_ramp_minus_uniform,0.125,2,canonical_minus_ln,difference,0.07550160028040409
68#7,PC_ON,Mach,dark_ramp_minus_uniform,0.125,4,canonical_minus_ln,difference,0.0021051722578704357
68#7,PC_ON,Mach,bright_ramp_minus_uniform,0.125,4,canonical_minus_ln,difference,0.04134070035070181
68#7,PC_ON,Mach,dark_ramp_minus_uniform,0.125,8,canonical_minus_ln,difference,0.0012031792430207133
68#7,PC_ON,Mach,bright_ramp_minus_uniform,0.125,8,canonical_minus_ln,difference,0.019128990941680968
68#7,PC_ON,Mach,dark_ramp_minus_uniform,0.125,12,canonical_minus_ln,difference,0.0008021116955205798
68#7,PC_ON,Mach,bright_ramp_minus_uniform,0.125,12,canonical_minus_ln,difference,0.01275265240110457
68#7,PC_ON,Mach,dark_ramp_minus_uniform,0.125,16,canonical_minus_ln,difference,0.0006016254192218184
68#7,PC_ON,Mach,bright_ramp_minus_uniform,0.125,16,canonical_minus_ln,difference,0.009564463747665286
68#7,PC_ON,Mach,dark_ramp_minus_uniform,0.25,0,canonical_minus_ln,difference,0.0155714750289917
68#7,PC_ON,Mach,bright_ramp_minus_uniform,0.25,0,canonical_minus_ln,difference,0.13025369495153427
68#7,PC_ON,Mach,dark_ramp_minus_uniform,0.25,2,canonical_minus_ln,difference,0.0030840877443552017
68#7,PC_ON,Mach,bright_ramp_minus_uniform,0.25,2,canonical_minus_ln,difference,0.1509950328618288
68#7,PC_ON,Mach,dark_ramp_minus_uniform,0.25,4,canonical_minus_ln,difference,0.004214334301650524
68#7,PC_ON,Mach,bright_ramp_minus_uniform,0.25,4,canonical_minus_ln,difference,0.08267740346491337
68#7,PC_ON,Mach,dark_ramp_minus_uniform,0.25,8,canonical_minus_ln,difference,0.002408266067504883
68#7,PC_ON,Mach,bright_ramp_minus_uniform,0.25,8,canonical_minus_ln,difference,0.03825600864365697
68#7,PC_ON,Mach,dark_ramp_minus_uniform,0.25,12,canonical_minus_ln,difference,0.0016055185114964843
68#7,PC_ON,Mach,bright_ramp_minus_uniform,0.25,12,canonical_minus_ln,difference,0.025504033314064145
68#7,PC_ON,Mach,dark_ramp_minus_uniform,0.25,16,canonical_minus_ln,difference,0.0012040933361276984
68#7,PC_ON,Mach,bright_ramp_minus_uniform,0.25,16,canonical_minus_ln,difference,0.01912802888546139
68#7,PC_ON,Mach,dark_ramp_minus_uniform,0.375,0,canonical_minus_ln,difference,0.023350883275270462
68#7,PC_ON,Mach,bright_ramp_minus_uniform,0.375,0,canonical_minus_ln,difference,0.19534732028841972
68#7,PC_ON,Mach,dark_ramp_minus_uniform,0.375,2,canonical_minus_ln,difference,0.00463841762393713
68#7,PC_ON,Mach,bright_ramp_minus_uniform,0.375,2,canonical_minus_ln,difference,0.22648016270250082
68#7,PC_ON,Mach,dark_ramp_minus_uniform,0.375,4,canonical_minus_ln,difference,0.00632738322019577
68#7,PC_ON,Mach,bright_ramp_minus_uniform,0.375,4,canonical_minus_ln,difference,0.12401014659553766
68#7,PC_ON,Mach,dark_ramp_minus_uniform,0.375,8,canonical_minus_ln,difference,0.0036152044776827097
68#7,PC_ON,Mach,bright_ramp_minus_uniform,0.375,8,canonical_minus_ln,difference,0.057381098391488194
68#7,PC_ON,Mach,dark_ramp_minus_uniform,0.375,12,canonical_minus_ln,difference,0.0024100779555737972
68#7,PC_ON,Mach,bright_ramp_minus_uniform,0.375,12,canonical_minus_ln,difference,0.03825411619618535
68#7,PC_ON,Mach,dark_ramp_minus_uniform,0.375,16,canonical_minus_ln,difference,0.0018075307598337531
68#7,PC_ON,Mach,bright_ramp_minus_uniform,0.375,16,canonical_minus_ln,difference,0.02869060856755823
68#7,PC_ON,Mach,dark_ramp_minus_uniform,0.5,0,canonical_minus_ln,difference,0.031126491725444794
68#7,PC_ON,Mach,bright_ramp_minus_uniform,0.5,0,canonical_minus_ln,difference,0.26041876897215843
68#7,PC_ON,Mach,dark_ramp_minus_uniform,0.5,2,canonical_minus_ln,difference,0.00620122067630291
68#7,PC_ON,Mach,bright_ramp_minus_uniform,0.5,2,canonical_minus_ln,difference,0.30195703357458115
68#7,PC_ON,Mach,dark_ramp_minus_uniform,0.5,4,canonical_minus_ln,difference,0.008444642648100853
68#7,PC_ON,Mach,bright_ramp_minus_uniform,0.5,4,canonical_minus_ln,difference,0.1653387863188982
68#7,PC_ON,Mach,dark_ramp_minus_uniform,0.5,8,canonical_minus_ln,difference,0.004824367817491293
68#7,PC_ON,Mach,bright_ramp_minus_uniform,0.5,8,canonical_minus_ln,difference,0.07650416763499379
68#7,PC_ON,Mach,dark_ramp_minus_uniform,0.5,12,canonical_minus_ln,difference,0.00321617117151618
68#7,PC_ON,Mach,bright_ramp_minus_uniform,0.5,12,canonical_minus_ln,difference,0.051002900348976254
68#7,PC_ON,Mach,dark_ramp_minus_uniform,0.5,16,canonical_minus_ln,difference,0.0024121366441249847
68#7,PC_ON,Mach,bright_ramp_minus_uniform,0.5,16,canonical_minus_ln,difference,0.038252145517617464
68#10,MC_ON,SBC,bright_minus_dark,0.0,0,canonical_minus_ln,difference,0.0
68#10,MC_ON,SBC,bright_minus_dark,0.0,2,canonical_minus_ln,difference,0.0
68#10,MC_ON,SBC,bright_minus_dark,0.0,4,canonical_minus_ln,difference,0.0
68#10,MC_ON,SBC,bright_minus_dark,0.0,6,canonical_minus_ln,difference,0.0
68#10,MC_ON,SBC,bright_minus_dark,0.0,8,canonical_minus_ln,difference,0.0
68#10,MC_ON,SBC,bright_minus_dark,0.0625,0,canonical_minus_ln,difference,0.0
68#10,MC_ON,SBC,bright_minus_dark,0.0625,2,canonical_minus_ln,difference,-0.04005096753462567
68#10,MC_ON,SBC,bright_minus_dark,0.0625,4,canonical_minus_ln,difference,-0.04420859087258577
68#10,MC_ON,SBC,bright_minus_dark,0.0625,6,canonical_minus_ln,difference,-0.06388850323855877
68#10,MC_ON,SBC,bright_minus_dark,0.0625,8,canonical_minus_ln,difference,-0.08383727073669434
68#10,MC_ON,SBC,bright_minus_dark,0.125,0,canonical_minus_ln,difference,0.0
68#10,MC_ON,SBC,bright_minus_dark,0.125,2,canonical_minus_ln,difference,-0.08008718242490431
68#10,MC_ON,SBC,bright_minus_dark,0.125,4,canonical_minus_ln,difference,-0.08840244449675083
68#10,MC_ON,SBC,bright_minus_dark,0.125,6,canonical_minus_ln,difference,-0.1277623027563095
68#10,MC_ON,SBC,bright_minus_dark,0.125,8,canonical_minus_ln,difference,-0.1676599383354187
68#10,MC_ON,SBC,bright_minus_dark,0.25,0,canonical_minus_ln,difference,0.0
68#10,MC_ON,SBC,bright_minus_dark,0.25,2,canonical_minus_ln,difference,-0.16011577745666727
68#10,MC_ON,SBC,bright_minus_dark,0.25,4,canonical_minus_ln,difference,-0.17674597166478634
68#10,MC_ON,SBC,bright_minus_dark,0.25,6,canonical_minus_ln,difference,-0.25546567142009735
68#10,MC_ON,SBC,bright_minus_dark,0.25,8,canonical_minus_ln,difference,-0.3352608382701874
68#10,MC_ON,SBC,bright_minus_dark,0.375,0,canonical_minus_ln,difference,0.0
68#10,MC_ON,SBC,bright_minus_dark,0.375,2,canonical_minus_ln,difference,-0.2400858124019578
68#10,MC_ON,SBC,bright_minus_dark,0.375,4,canonical_minus_ln,difference,-0.26503072306513786
68#10,MC_ON,SBC,bright_minus_dark,0.375,6,canonical_minus_ln,difference,-0.3831102252006531
68#10,MC_ON,SBC,bright_minus_dark,0.375,8,canonical_minus_ln,difference,-0.5028030574321747
68#10,MC_ON,SBC,bright_minus_dark,0.5,0,canonical_minus_ln,difference,0.0
68#10,MC_ON,SBC,bright_minus_dark,0.5,2,canonical_minus_ln,difference,-0.31999754707794636
68#10,MC_ON,SBC,bright_minus_dark,0.5,4,canonical_minus_ln,difference,-0.3532566577196121
68#10,MC_ON,SBC,bright_minus_dark,0.5,6,canonical_minus_ln,difference,-0.5106960535049438
68#10,MC_ON,SBC,bright_minus_dark,0.5,8,canonical_minus_ln,difference,-0.6702865362167358
68#10,MC_ON,Mach,dark_ramp_minus_uniform,0.0,0,canonical_minus_ln,difference,0.0
68#10,MC_ON,Mach,bright_ramp_minus_uniform,0.0,0,canonical_minus_ln,difference,0.0
68#10,MC_ON,Mach,dark_ramp_minus_uniform,0.0,2,canonical_minus_ln,difference,0.0
68#10,MC_ON,Mach,bright_ramp_minus_uniform,0.0,2,canonical_minus_ln,difference,0.0
68#10,MC_ON,Mach,dark_ramp_minus_uniform,0.0,4,canonical_minus_ln,difference,0.0
68#10,MC_ON,Mach,bright_ramp_minus_uniform,0.0,4,canonical_minus_ln,difference,0.0
68#10,MC_ON,Mach,dark_ramp_minus_uniform,0.0,8,canonical_minus_ln,difference,0.0
68#10,MC_ON,Mach,bright_ramp_minus_uniform,0.0,8,canonical_minus_ln,difference,0.0
68#10,MC_ON,Mach,dark_ramp_minus_uniform,0.0,12,canonical_minus_ln,difference,0.0
68#10,MC_ON,Mach,bright_ramp_minus_uniform,0.0,12,canonical_minus_ln,difference,0.0
68#10,MC_ON,Mach,dark_ramp_minus_uniform,0.0,16,canonical_minus_ln,difference,0.0
68#10,MC_ON,Mach,bright_ramp_minus_uniform,0.0,16,canonical_minus_ln,difference,0.0
68#10,MC_ON,Mach,dark_ramp_minus_uniform,0.0625,0,canonical_minus_ln,difference,0.0063118777852650965
68#10,MC_ON,Mach,bright_ramp_minus_uniform,0.0625,0,canonical_minus_ln,difference,0.05191680695861578
68#10,MC_ON,Mach,dark_ramp_minus_uniform,0.0625,2,canonical_minus_ln,difference,-0.001841171568230493
68#10,MC_ON,Mach,bright_ramp_minus_uniform,0.0625,2,canonical_minus_ln,difference,0.04449233063496649
68#10,MC_ON,Mach,dark_ramp_minus_uniform,0.0625,4,canonical_minus_ln,difference,-0.00092348259568098
68#10,MC_ON,Mach,bright_ramp_minus_uniform,0.0625,4,canonical_minus_ln,difference,0.03964345407439396
68#10,MC_ON,Mach,dark_ramp_minus_uniform,0.0625,8,canonical_minus_ln,difference,-0.0004613319915733882
68#10,MC_ON,Mach,bright_ramp_minus_uniform,0.0625,8,canonical_minus_ln,difference,0.025182525801938027
68#10,MC_ON,Mach,dark_ramp_minus_uniform,0.0625,12,canonical_minus_ln,difference,-0.0003075758631894132
68#10,MC_ON,Mach,bright_ramp_minus_uniform,0.0625,12,canonical_minus_ln,difference,0.01678839512169361
68#10,MC_ON,Mach,dark_ramp_minus_uniform,0.0625,16,canonical_minus_ln,difference,-0.00023066996845955146
68#10,MC_ON,Mach,bright_ramp_minus_uniform,0.0625,16,canonical_minus_ln,difference,0.0125912584917387
68#10,MC_ON,Mach,dark_ramp_minus_uniform,0.125,0,canonical_minus_ln,difference,0.01262115637291572
68#10,MC_ON,Mach,bright_ramp_minus_uniform,0.125,0,canonical_minus_ln,difference,0.10382701642811298
68#10,MC_ON,Mach,dark_ramp_minus_uniform,0.125,2,canonical_minus_ln,difference,-0.0036814530249102972
68#10,MC_ON,Mach,bright_ramp_minus_uniform,0.125,2,canonical_minus_ln,difference,0.08898371853865683
68#10,MC_ON,Mach,dark_ramp_minus_uniform,0.125,4,canonical_minus_ln,difference,-0.0018465440007275902
68#10,MC_ON,Mach,bright_ramp_minus_uniform,0.125,4,canonical_minus_ln,difference,0.07928645110223442
68#10,MC_ON,Mach,dark_ramp_minus_uniform,0.125,8,canonical_minus_ln,difference,-0.0009224335353792412
68#10,MC_ON,Mach,bright_ramp_minus_uniform,0.125,8,canonical_minus_ln,difference,0.05036485195159912
68#10,MC_ON,Mach,dark_ramp_minus_uniform,0.125,12,canonical_minus_ln,difference,-0.0006149689434096217
68#10,MC_ON,Mach,bright_ramp_minus_uniform,0.125,12,canonical_minus_ln,difference,0.03357654239516705
68#10,MC_ON,Mach,dark_ramp_minus_uniform,0.125,16,canonical_minus_ln,difference,-0.00046126843699312303
68#10,MC_ON,Mach,bright_ramp_minus_uniform,0.125,16,canonical_minus_ln,difference,0.02518243741360493
68#10,MC_ON,Mach,dark_ramp_minus_uniform,0.25,0,canonical_minus_ln,difference,0.02523179141280707
68#10,MC_ON,Mach,bright_ramp_minus_uniform,0.25,0,canonical_minus_ln,difference,0.2076277732849121
68#10,MC_ON,Mach,dark_ramp_minus_uniform,0.25,2,canonical_minus_ln,difference,-0.00735940138110891
68#10,MC_ON,Mach,bright_ramp_minus_uniform,0.25,2,canonical_minus_ln,difference,0.17796387476846576
68#10,MC_ON,Mach,dark_ramp_minus_uniform,0.25,4,canonical_minus_ln,difference,-0.0036915222663083114
68#10,MC_ON,Mach,bright_ramp_minus_uniform,0.25,4,canonical_minus_ln,difference,0.15857133665122092
68#10,MC_ON,Mach,dark_ramp_minus_uniform,0.25,8,canonical_minus_ln,difference,-0.001844167709350586
68#10,MC_ON,Mach,bright_ramp_minus_uniform,0.25,8,canonical_minus_ln,difference,0.10072899656370282
68#10,MC_ON,Mach,dark_ramp_minus_uniform,0.25,12,canonical_minus_ln,difference,-0.0012294690204726066
68#10,MC_ON,Mach,bright_ramp_minus_uniform,0.25,12,canonical_minus_ln,difference,0.06715272867586464
68#10,MC_ON,Mach,dark_ramp_minus_uniform,0.25,16,canonical_minus_ln,difference,-0.0009220997690135846
68#10,MC_ON,Mach,bright_ramp_minus_uniform,0.25,16,canonical_minus_ln,difference,0.05036451917840168
68#10,MC_ON,Mach,dark_ramp_minus_uniform,0.375,0,canonical_minus_ln,difference,0.03783204530191142
68#10,MC_ON,Mach,bright_ramp_minus_uniform,0.375,0,canonical_minus_ln,difference,0.311402078717947
68#10,MC_ON,Mach,dark_ramp_minus_uniform,0.375,2,canonical_minus_ln,difference,-0.011033677801606245
68#10,MC_ON,Mach,bright_ramp_minus_uniform,0.375,2,canonical_minus_ln,difference,0.2669404624029994
68#10,MC_ON,Mach,dark_ramp_minus_uniform,0.375,4,canonical_minus_ln,difference,-0.005534760100999847
68#10,MC_ON,Mach,bright_ramp_minus_uniform,0.375,4,canonical_minus_ln,difference,0.23785458505153656
68#10,MC_ON,Mach,dark_ramp_minus_uniform,0.375,8,canonical_minus_ln,difference,-0.0027651310883811675
68#10,MC_ON,Mach,bright_ramp_minus_uniform,0.375,8,canonical_minus_ln,difference,0.15109239425510168
68#10,MC_ON,Mach,dark_ramp_minus_uniform,0.375,12,canonical_minus_ln,difference,-0.0018434444682497997
68#10,MC_ON,Mach,bright_ramp_minus_uniform,0.375,12,canonical_minus_ln,difference,0.10072831308934838
68#10,MC_ON,Mach,dark_ramp_minus_uniform,0.375,16,canonical_minus_ln,difference,-0.001382636994094355
68#10,MC_ON,Mach,bright_ramp_minus_uniform,0.375,16,canonical_minus_ln,difference,0.0755462720990181
68#10,MC_ON,Mach,dark_ramp_minus_uniform,0.5,0,canonical_minus_ln,difference,0.05042178605799563
68#10,MC_ON,Mach,bright_ramp_minus_uniform,0.5,0,canonical_minus_ln,difference,0.41515015065670013
68#10,MC_ON,Mach,dark_ramp_minus_uniform,0.5,2,canonical_minus_ln,difference,-0.014704362314660102
68#10,MC_ON,Mach,bright_ramp_minus_uniform,0.5,2,canonical_minus_ln,difference,0.3559133969247341
68#10,MC_ON,Mach,dark_ramp_minus_uniform,0.5,4,canonical_minus_ln,difference,-0.007376559544354677
68#10,MC_ON,Mach,bright_ramp_minus_uniform,0.5,4,canonical_minus_ln,difference,0.317136243917048
68#10,MC_ON,Mach,dark_ramp_minus_uniform,0.5,8,canonical_minus_ln,difference,-0.0036853392884950154
68#10,MC_ON,Mach,bright_ramp_minus_uniform,0.5,8,canonical_minus_ln,difference,0.2014550417661667
68#10,MC_ON,Mach,dark_ramp_minus_uniform,0.5,12,canonical_minus_ln,difference,-0.002457014750689268
68#10,MC_ON,Mach,bright_ramp_minus_uniform,0.5,12,canonical_minus_ln,difference,0.13430346455425024
68#10,MC_ON,Mach,dark_ramp_minus_uniform,0.5,16,canonical_minus_ln,difference,-0.0018428166622470599
68#10,MC_ON,Mach,bright_ramp_minus_uniform,0.5,16,canonical_minus_ln,difference,0.10072757501620799
68#11,PC_OFF,SBC,bright_minus_dark,0.0,0,canonical_minus_ln,difference,0.0
68#11,PC_OFF,SBC,bright_minus_dark,0.0,2,canonical_minus_ln,difference,0.0
68#11,PC_OFF,SBC,bright_minus_dark,0.0,4,canonical_minus_ln,difference,0.0
68#11,PC_OFF,SBC,bright_minus_dark,0.0,6,canonical_minus_ln,difference,0.0
68#11,PC_OFF,SBC,bright_minus_dark,0.0,8,canonical_minus_ln,difference,0.0
68#11,PC_OFF,SBC,bright_minus_dark,0.0625,0,canonical_minus_ln,difference,0.0
68#11,PC_OFF,SBC,bright_minus_dark,0.0625,2,canonical_minus_ln,difference,0.048326604068279266
68#11,PC_OFF,SBC,bright_minus_dark,0.0625,4,canonical_minus_ln,difference,0.10373977292329073
68#11,PC_OFF,SBC,bright_minus_dark,0.0625,6,canonical_minus_ln,difference,0.12165581714361906
68#11,PC_OFF,SBC,bright_minus_dark,0.0625,8,canonical_minus_ln,difference,0.12454765941947699
68#11,PC_OFF,SBC,bright_minus_dark,0.125,0,canonical_minus_ln,difference,0.0
68#11,PC_OFF,SBC,bright_minus_dark,0.125,2,canonical_minus_ln,difference,0.09665168076753616
68#11,PC_OFF,SBC,bright_minus_dark,0.125,4,canonical_minus_ln,difference,0.20747788436710835
68#11,PC_OFF,SBC,bright_minus_dark,0.125,6,canonical_minus_ln,difference,0.243310134857893
68#11,PC_OFF,SBC,bright_minus_dark,0.125,8,canonical_minus_ln,difference,0.2490937728434801
68#11,PC_OFF,SBC,bright_minus_dark,0.25,0,canonical_minus_ln,difference,0.0
68#11,PC_OFF,SBC,bright_minus_dark,0.25,2,canonical_minus_ln,difference,0.19329741224646568
68#11,PC_OFF,SBC,bright_minus_dark,0.25,4,canonical_minus_ln,difference,0.4149496294558048
68#11,PC_OFF,SBC,bright_minus_dark,0.25,6,canonical_minus_ln,difference,0.4866138584911823
68#11,PC_OFF,SBC,bright_minus_dark,0.25,8,canonical_minus_ln,difference,0.4981812536716461
68#11,PC_OFF,SBC,bright_minus_dark,0.375,0,canonical_minus_ln,difference,0.0
68#11,PC_OFF,SBC,bright_minus_dark,0.375,2,canonical_minus_ln,difference,0.2899370789527893
68#11,PC_OFF,SBC,bright_minus_dark,0.375,4,canonical_minus_ln,difference,0.6224150210618973
68#11,PC_OFF,SBC,bright_minus_dark,0.375,6,canonical_minus_ln,difference,0.7299113646149635
68#11,PC_OFF,SBC,bright_minus_dark,0.375,8,canonical_minus_ln,difference,0.7472625151276588
68#11,PC_OFF,SBC,bright_minus_dark,0.5,0,canonical_minus_ln,difference,0.0
68#11,PC_OFF,SBC,bright_minus_dark,0.5,2,canonical_minus_ln,difference,0.3865708261728287
68#11,PC_OFF,SBC,bright_minus_dark,0.5,4,canonical_minus_ln,difference,0.8298743143677711
68#11,PC_OFF,SBC,bright_minus_dark,0.5,6,canonical_minus_ln,difference,0.9732027873396873
68#11,PC_OFF,SBC,bright_minus_dark,0.5,8,canonical_minus_ln,difference,0.9963374137878418
68#11,PC_OFF,Mach,dark_ramp_minus_uniform,0.0,0,canonical_minus_ln,difference,0.0
68#11,PC_OFF,Mach,bright_ramp_minus_uniform,0.0,0,canonical_minus_ln,difference,0.0
68#11,PC_OFF,Mach,dark_ramp_minus_uniform,0.0,2,canonical_minus_ln,difference,0.0
68#11,PC_OFF,Mach,bright_ramp_minus_uniform,0.0,2,canonical_minus_ln,difference,0.0
68#11,PC_OFF,Mach,dark_ramp_minus_uniform,0.0,4,canonical_minus_ln,difference,0.0
68#11,PC_OFF,Mach,bright_ramp_minus_uniform,0.0,4,canonical_minus_ln,difference,0.0
68#11,PC_OFF,Mach,dark_ramp_minus_uniform,0.0,8,canonical_minus_ln,difference,0.0
68#11,PC_OFF,Mach,bright_ramp_minus_uniform,0.0,8,canonical_minus_ln,difference,0.0
68#11,PC_OFF,Mach,dark_ramp_minus_uniform,0.0,12,canonical_minus_ln,difference,0.0
68#11,PC_OFF,Mach,bright_ramp_minus_uniform,0.0,12,canonical_minus_ln,difference,0.0
68#11,PC_OFF,Mach,dark_ramp_minus_uniform,0.0,16,canonical_minus_ln,difference,0.0
68#11,PC_OFF,Mach,bright_ramp_minus_uniform,0.0,16,canonical_minus_ln,difference,0.0
68#11,PC_OFF,Mach,dark_ramp_minus_uniform,0.0625,0,canonical_minus_ln,difference,0.030445018783211708
68#11,PC_OFF,Mach,bright_ramp_minus_uniform,0.0625,0,canonical_minus_ln,difference,-0.04462460824288428
68#11,PC_OFF,Mach,dark_ramp_minus_uniform,0.0625,2,canonical_minus_ln,difference,0.03346424829214811
68#11,PC_OFF,Mach,bright_ramp_minus_uniform,0.0625,2,canonical_minus_ln,difference,-0.04238968621939421
68#11,PC_OFF,Mach,dark_ramp_minus_uniform,0.0625,4,canonical_minus_ln,difference,0.023501873947679996
68#11,PC_OFF,Mach,bright_ramp_minus_uniform,0.0625,4,canonical_minus_ln,difference,-0.030259800143539906
68#11,PC_OFF,Mach,dark_ramp_minus_uniform,0.0625,8,canonical_minus_ln,difference,0.012437709141522646
68#11,PC_OFF,Mach,bright_ramp_minus_uniform,0.0625,8,canonical_minus_ln,difference,-0.016167957801371813
68#11,PC_OFF,Mach,dark_ramp_minus_uniform,0.0625,12,canonical_minus_ln,difference,0.008291793172247708
68#11,PC_OFF,Mach,bright_ramp_minus_uniform,0.0625,12,canonical_minus_ln,difference,-0.01077865727711469
68#11,PC_OFF,Mach,dark_ramp_minus_uniform,0.0625,16,canonical_minus_ln,difference,0.006218846654519439
68#11,PC_OFF,Mach,bright_ramp_minus_uniform,0.0625,16,canonical_minus_ln,difference,-0.008083963533863425
68#11,PC_OFF,Mach,dark_ramp_minus_uniform,0.125,0,canonical_minus_ln,difference,0.060938987880945206
68#11,PC_OFF,Mach,bright_ramp_minus_uniform,0.125,0,canonical_minus_ln,difference,-0.0892406776547432
68#11,PC_OFF,Mach,dark_ramp_minus_uniform,0.125,2,canonical_minus_ln,difference,0.06695136614143848
68#11,PC_OFF,Mach,bright_ramp_minus_uniform,0.125,2,canonical_minus_ln,difference,-0.08480230160057545
68#11,PC_OFF,Mach,dark_ramp_minus_uniform,0.125,4,canonical_minus_ln,difference,0.04701539594680071
68#11,PC_OFF,Mach,bright_ramp_minus_uniform,0.125,4,canonical_minus_ln,difference,-0.060531304217875004
68#11,PC_OFF,Mach,dark_ramp_minus_uniform,0.125,8,canonical_minus_ln,difference,0.02488128375262022
68#11,PC_OFF,Mach,bright_ramp_minus_uniform,0.125,8,canonical_minus_ln,difference,-0.03234186116605997
68#11,PC_OFF,Mach,dark_ramp_minus_uniform,0.125,12,canonical_minus_ln,difference,0.016587591264396906
68#11,PC_OFF,Mach,bright_ramp_minus_uniform,0.125,12,canonical_minus_ln,difference,-0.021561248693615198
68#11,PC_OFF,Mach,dark_ramp_minus_uniform,0.125,16,canonical_minus_ln,difference,0.012440705206245184
68#11,PC_OFF,Mach,bright_ramp_minus_uniform,0.125,16,canonical_minus_ln,difference,-0.016170938964933157
68#11,PC_OFF,Mach,dark_ramp_minus_uniform,0.25,0,canonical_minus_ln,difference,0.12207381427288055
68#11,PC_OFF,Mach,bright_ramp_minus_uniform,0.25,0,canonical_minus_ln,difference,-0.1784475902095437
68#11,PC_OFF,Mach,dark_ramp_minus_uniform,0.25,2,canonical_minus_ln,difference,0.13399455696344376
68#11,PC_OFF,Mach,bright_ramp_minus_uniform,0.25,2,canonical_minus_ln,difference,-0.1696963831782341
68#11,PC_OFF,Mach,dark_ramp_minus_uniform,0.25,4,canonical_minus_ln,difference,0.09407803975045681
68#11,PC_OFF,Mach,bright_ramp_minus_uniform,0.25,4,canonical_minus_ln,difference,-0.1211098711937666
68#11,PC_OFF,Mach,dark_ramp_minus_uniform,0.25,8,canonical_minus_ln,difference,0.04978654254227877
68#11,PC_OFF,Mach,bright_ramp_minus_uniform,0.25,8,canonical_minus_ln,difference,-0.06470770481973886
68#11,PC_OFF,Mach,dark_ramp_minus_uniform,0.25,12,canonical_minus_ln,difference,0.03319122176617384
68#11,PC_OFF,Mach,bright_ramp_minus_uniform,0.25,12,canonical_minus_ln,difference,-0.043138598557561636
68#11,PC_OFF,Mach,dark_ramp_minus_uniform,0.25,16,canonical_minus_ln,difference,0.024893530644476414
68#11,PC_OFF,Mach,bright_ramp_minus_uniform,0.25,16,canonical_minus_ln,difference,-0.03235403634607792
68#11,PC_OFF,Mach,dark_ramp_minus_uniform,0.375,0,canonical_minus_ln,difference,0.18340329825878143
68#11,PC_OFF,Mach,bright_ramp_minus_uniform,0.375,0,canonical_minus_ln,difference,-0.2676209509372711
68#11,PC_OFF,Mach,dark_ramp_minus_uniform,0.375,2,canonical_minus_ln,difference,0.20112887024879456
68#11,PC_OFF,Mach,bright_ramp_minus_uniform,0.375,2,canonical_minus_ln,difference,-0.25468168407678604
68#11,PC_OFF,Mach,dark_ramp_minus_uniform,0.375,4,canonical_minus_ln,difference,0.1411875393241644
68#11,PC_OFF,Mach,bright_ramp_minus_uniform,0.375,4,canonical_minus_ln,difference,-0.18173526786267757
68#11,PC_OFF,Mach,dark_ramp_minus_uniform,0.375,8,canonical_minus_ln,difference,0.0747155575081706
68#11,PC_OFF,Mach,bright_ramp_minus_uniform,0.375,8,canonical_minus_ln,difference,-0.09709738753736019
68#11,PC_OFF,Mach,dark_ramp_minus_uniform,0.375,12,canonical_minus_ln,difference,0.0498107997700572
68#11,PC_OFF,Mach,bright_ramp_minus_uniform,0.375,12,canonical_minus_ln,difference,-0.0647319508716464
68#11,PC_OFF,Mach,dark_ramp_minus_uniform,0.375,16,canonical_minus_ln,difference,0.03735818853601813
68#11,PC_OFF,Mach,bright_ramp_minus_uniform,0.375,16,canonical_minus_ln,difference,-0.048549143597483635
68#11,PC_OFF,Mach,dark_ramp_minus_uniform,0.5,0,canonical_minus_ln,difference,0.2449263632297516
68#11,PC_OFF,Mach,bright_ramp_minus_uniform,0.5,0,canonical_minus_ln,difference,-0.35676074773073196
68#11,PC_OFF,Mach,dark_ramp_minus_uniform,0.5,2,canonical_minus_ln,difference,0.2683537155389786
68#11,PC_OFF,Mach,bright_ramp_minus_uniform,0.5,2,canonical_minus_ln,difference,-0.33975745737552643
68#11,PC_OFF,Mach,dark_ramp_minus_uniform,0.5,4,canonical_minus_ln,difference,0.18834352493286133
68#11,PC_OFF,Mach,bright_ramp_minus_uniform,0.5,4,canonical_minus_ln,difference,-0.2424071729183197
68#11,PC_OFF,Mach,dark_ramp_minus_uniform,0.5,8,canonical_minus_ln,difference,0.0996682308614254
68#11,PC_OFF,Mach,bright_ramp_minus_uniform,0.5,8,canonical_minus_ln,difference,-0.12951050139963627
68#11,PC_OFF,Mach,dark_ramp_minus_uniform,0.5,12,canonical_minus_ln,difference,0.06644628569483757
68#11,PC_OFF,Mach,bright_ramp_minus_uniform,0.5,12,canonical_minus_ln,difference,-0.08634099829941988
68#11,PC_OFF,Mach,dark_ramp_minus_uniform,0.5,16,canonical_minus_ln,difference,0.04983497131615877
68#11,PC_OFF,Mach,bright_ramp_minus_uniform,0.5,16,canonical_minus_ln,difference,-0.06475594080984592
69#3,PC_OFF,SBC,bright_minus_dark,0.0,0,canonical_minus_ln,difference,0.0
69#3,PC_OFF,SBC,bright_minus_dark,0.0,2,canonical_minus_ln,difference,0.0
69#3,PC_OFF,SBC,bright_minus_dark,0.0,4,canonical_minus_ln,difference,0.0
69#3,PC_OFF,SBC,bright_minus_dark,0.0,6,canonical_minus_ln,difference,0.0
69#3,PC_OFF,SBC,bright_minus_dark,0.0,8,canonical_minus_ln,difference,0.0
69#3,PC_OFF,SBC,bright_minus_dark,0.0625,0,canonical_minus_ln,difference,0.0
69#3,PC_OFF,SBC,bright_minus_dark,0.0625,2,canonical_minus_ln,difference,0.014130091934930533
69#3,PC_OFF,SBC,bright_minus_dark,0.0625,4,canonical_minus_ln,difference,0.01969031529733911
69#3,PC_OFF,SBC,bright_minus_dark,0.0625,6,canonical_minus_ln,difference,0.02034431236097589
69#3,PC_OFF,SBC,bright_minus_dark,0.0625,8,canonical_minus_ln,difference,0.020344638323877007
69#3,PC_OFF,SBC,bright_minus_dark,0.125,0,canonical_minus_ln,difference,0.0
69#3,PC_OFF,SBC,bright_minus_dark,0.125,2,canonical_minus_ln,difference,0.028258562786504626
69#3,PC_OFF,SBC,bright_minus_dark,0.125,4,canonical_minus_ln,difference,0.03937743650749326
69#3,PC_OFF,SBC,bright_minus_dark,0.125,6,canonical_minus_ln,difference,0.040685262996703386
69#3,PC_OFF,SBC,bright_minus_dark,0.125,8,canonical_minus_ln,difference,0.040685922373086214
69#3,PC_OFF,SBC,bright_minus_dark,0.25,0,canonical_minus_ln,difference,0.0
69#3,PC_OFF,SBC,bright_minus_dark,0.25,2,canonical_minus_ln,difference,0.056510575115680695
69#3,PC_OFF,SBC,bright_minus_dark,0.25,4,canonical_minus_ln,difference,0.07874222937971354
69#3,PC_OFF,SBC,bright_minus_dark,0.25,6,canonical_minus_ln,difference,0.08135703299194574
69#3,PC_OFF,SBC,bright_minus_dark,0.25,8,canonical_minus_ln,difference,0.0813583368435502
69#3,PC_OFF,SBC,bright_minus_dark,0.375,0,canonical_minus_ln,difference,0.0
69#3,PC_OFF,SBC,bright_minus_dark,0.375,2,canonical_minus_ln,difference,0.08475607354193926
69#3,PC_OFF,SBC,bright_minus_dark,0.375,4,canonical_minus_ln,difference,0.11809440143406391
69#3,PC_OFF,SBC,bright_minus_dark,0.375,6,canonical_minus_ln,difference,0.12201531417667866
69#3,PC_OFF,SBC,bright_minus_dark,0.375,8,canonical_minus_ln,difference,0.12201725132763386
69#3,PC_OFF,SBC,bright_minus_dark,0.5,0,canonical_minus_ln,difference,0.0
69#3,PC_OFF,SBC,bright_minus_dark,0.5,2,canonical_minus_ln,difference,0.11299507552757859
69#3,PC_OFF,SBC,bright_minus_dark,0.5,4,canonical_minus_ln,difference,0.1574339298531413
69#3,PC_OFF,SBC,bright_minus_dark,0.5,6,canonical_minus_ln,difference,0.16266013961285353
69#3,PC_OFF,SBC,bright_minus_dark,0.5,8,canonical_minus_ln,difference,0.16266276221722364
69#3,PC_OFF,Mach,dark_ramp_minus_uniform,0.0,0,canonical_minus_ln,difference,0.0
69#3,PC_OFF,Mach,bright_ramp_minus_uniform,0.0,0,canonical_minus_ln,difference,0.0
69#3,PC_OFF,Mach,dark_ramp_minus_uniform,0.0,2,canonical_minus_ln,difference,0.0
69#3,PC_OFF,Mach,bright_ramp_minus_uniform,0.0,2,canonical_minus_ln,difference,0.0
69#3,PC_OFF,Mach,dark_ramp_minus_uniform,0.0,4,canonical_minus_ln,difference,0.0
69#3,PC_OFF,Mach,bright_ramp_minus_uniform,0.0,4,canonical_minus_ln,difference,0.0
69#3,PC_OFF,Mach,dark_ramp_minus_uniform,0.0,8,canonical_minus_ln,difference,0.0
69#3,PC_OFF,Mach,bright_ramp_minus_uniform,0.0,8,canonical_minus_ln,difference,0.0
69#3,PC_OFF,Mach,dark_ramp_minus_uniform,0.0,12,canonical_minus_ln,difference,0.0
69#3,PC_OFF,Mach,bright_ramp_minus_uniform,0.0,12,canonical_minus_ln,difference,0.0
69#3,PC_OFF,Mach,dark_ramp_minus_uniform,0.0,16,canonical_minus_ln,difference,0.0
69#3,PC_OFF,Mach,bright_ramp_minus_uniform,0.0,16,canonical_minus_ln,difference,0.0
69#3,PC_OFF,Mach,dark_ramp_minus_uniform,0.0625,0,canonical_minus_ln,difference,0.01270256470888853
69#3,PC_OFF,Mach,bright_ramp_minus_uniform,0.0625,0,canonical_minus_ln,difference,-0.005706079894054028
69#3,PC_OFF,Mach,dark_ramp_minus_uniform,0.0625,2,canonical_minus_ln,difference,0.009227911446942016
69#3,PC_OFF,Mach,bright_ramp_minus_uniform,0.0625,2,canonical_minus_ln,difference,-0.0004817843728233129
69#3,PC_OFF,Mach,dark_ramp_minus_uniform,0.0625,4,canonical_minus_ln,difference,0.005197032063733786
69#3,PC_OFF,Mach,bright_ramp_minus_uniform,0.0625,4,canonical_minus_ln,difference,-0.000823954731458798
69#3,PC_OFF,Mach,dark_ramp_minus_uniform,0.0625,8,canonical_minus_ln,difference,0.0026218017155770212
69#3,PC_OFF,Mach,bright_ramp_minus_uniform,0.0625,8,canonical_minus_ln,difference,-0.0004352648975327611
69#3,PC_OFF,Mach,dark_ramp_minus_uniform,0.0625,12,canonical_minus_ln,difference,0.001747874470311217
69#3,PC_OFF,Mach,bright_ramp_minus_uniform,0.0625,12,canonical_minus_ln,difference,-0.0002901673287851736
69#3,PC_OFF,Mach,dark_ramp_minus_uniform,0.0625,16,canonical_minus_ln,difference,0.0013108849962009117
69#3,PC_OFF,Mach,bright_ramp_minus_uniform,0.0625,16,canonical_minus_ln,difference,-0.00021762450342066586
69#3,PC_OFF,Mach,dark_ramp_minus_uniform,0.125,0,canonical_minus_ln,difference,0.02541254460811615
69#3,PC_OFF,Mach,bright_ramp_minus_uniform,0.125,0,canonical_minus_ln,difference,-0.01140408106147106
69#3,PC_OFF,Mach,dark_ramp_minus_uniform,0.125,2,canonical_minus_ln,difference,0.018456104531651363
69#3,PC_OFF,Mach,bright_ramp_minus_uniform,0.125,2,canonical_minus_ln,difference,-0.0009638468909543008
69#3,PC_OFF,Mach,dark_ramp_minus_uniform,0.125,4,canonical_minus_ln,difference,0.01039344840683043
69#3,PC_OFF,Mach,bright_ramp_minus_uniform,0.125,4,canonical_minus_ln,difference,-0.001647301483899355
69#3,PC_OFF,Mach,dark_ramp_minus_uniform,0.125,8,canonical_minus_ln,difference,0.005243281542789191
69#3,PC_OFF,Mach,bright_ramp_minus_uniform,0.125,8,canonical_minus_ln,difference,-0.0008702079358045012
69#3,PC_OFF,Mach,dark_ramp_minus_uniform,0.125,12,canonical_minus_ln,difference,0.0034955383162014186
69#3,PC_OFF,Mach,bright_ramp_minus_uniform,0.125,12,canonical_minus_ln,difference,-0.0005801677762065083
69#3,PC_OFF,Mach,dark_ramp_minus_uniform,0.125,16,canonical_minus_ln,difference,0.002621658582938835
69#3,PC_OFF,Mach,bright_ramp_minus_uniform,0.125,16,canonical_minus_ln,difference,-0.000435121837654151
69#3,PC_OFF,Mach,dark_ramp_minus_uniform,0.25,0,canonical_minus_ln,difference,0.050854628905653954
69#3,PC_OFF,Mach,bright_ramp_minus_uniform,0.25,0,canonical_minus_ln,difference,-0.02277583243949266
69#3,PC_OFF,Mach,dark_ramp_minus_uniform,0.25,2,canonical_minus_ln,difference,0.03691310784779489
69#3,PC_OFF,Mach,bright_ramp_minus_uniform,0.25,2,canonical_minus_ln,difference,-0.0019286077003926039
69#3,PC_OFF,Mach,dark_ramp_minus_uniform,0.25,4,canonical_minus_ln,difference,0.02078423905186355
69#3,PC_OFF,Mach,bright_ramp_minus_uniform,0.25,4,canonical_minus_ln,difference,-0.003291988279670477
69#3,PC_OFF,Mach,dark_ramp_minus_uniform,0.25,8,canonical_minus_ln,difference,0.010485172038897872
69#3,PC_OFF,Mach,bright_ramp_minus_uniform,0.25,8,canonical_minus_ln,difference,-0.0017390171415172517
69#3,PC_OFF,Mach,dark_ramp_minus_uniform,0.25,12,canonical_minus_ln,difference,0.006990118999965489
69#3,PC_OFF,Mach,bright_ramp_minus_uniform,0.25,12,canonical_minus_ln,difference,-0.001159365987405181
69#3,PC_OFF,Mach,dark_ramp_minus_uniform,0.25,16,canonical_minus_ln,difference,0.0052425900939852
69#3,PC_OFF,Mach,bright_ramp_minus_uniform,0.25,16,canonical_minus_ln,difference,-0.0008695324358996004
69#3,PC_OFF,Mach,dark_ramp_minus_uniform,0.375,0,canonical_minus_ln,difference,0.0763261653482914
69#3,PC_OFF,Mach,bright_ramp_minus_uniform,0.375,0,canonical_minus_ln,difference,-0.03411535695192924
69#3,PC_OFF,Mach,dark_ramp_minus_uniform,0.375,2,canonical_minus_ln,difference,0.05537103861570358
69#3,PC_OFF,Mach,bright_ramp_minus_uniform,0.375,2,canonical_minus_ln,difference,-0.002894309931434691
69#3,PC_OFF,Mach,dark_ramp_minus_uniform,0.375,4,canonical_minus_ln,difference,0.031172526068985462
69#3,PC_OFF,Mach,bright_ramp_minus_uniform,0.375,4,canonical_minus_ln,difference,-0.0049341400153934956
69#3,PC_OFF,Mach,dark_ramp_minus_uniform,0.375,8,canonical_minus_ln,difference,0.01572563883382827
69#3,PC_OFF,Mach,bright_ramp_minus_uniform,0.375,8,canonical_minus_ln,difference,-0.0026064554695039988
69#3,PC_OFF,Mach,dark_ramp_minus_uniform,0.375,12,canonical_minus_ln,difference,0.010483777849003673
69#3,PC_OFF,Mach,bright_ramp_minus_uniform,0.375,12,canonical_minus_ln,difference,-0.0017376422765664756
69#3,PC_OFF,Mach,dark_ramp_minus_uniform,0.375,16,canonical_minus_ln,difference,0.007862858066800982
69#3,PC_OFF,Mach,bright_ramp_minus_uniform,0.375,16,canonical_minus_ln,difference,-0.001303259574342519
69#3,PC_OFF,Mach,dark_ramp_minus_uniform,0.5,0,canonical_minus_ln,difference,0.10182713344693184
69#3,PC_OFF,Mach,bright_ramp_minus_uniform,0.5,0,canonical_minus_ln,difference,-0.04542283962177862
69#3,PC_OFF,Mach,dark_ramp_minus_uniform,0.5,2,canonical_minus_ln,difference,0.0738299653166905
69#3,PC_OFF,Mach,bright_ramp_minus_uniform,0.5,2,canonical_minus_ln,difference,-0.0038609665352851152
69#3,PC_OFF,Mach,dark_ramp_minus_uniform,0.5,4,canonical_minus_ln,difference,0.04155821423046291
69#3,PC_OFF,Mach,bright_ramp_minus_uniform,0.5,4,canonical_minus_ln,difference,-0.006573677062988281
69#3,PC_OFF,Mach,dark_ramp_minus_uniform,0.5,8,canonical_minus_ln,difference,0.02096474450081587
69#3,PC_OFF,Mach,bright_ramp_minus_uniform,0.5,8,canonical_minus_ln,difference,-0.003472491167485714
69#3,PC_OFF,Mach,dark_ramp_minus_uniform,0.5,12,canonical_minus_ln,difference,0.013976531801745296
69#3,PC_OFF,Mach,bright_ramp_minus_uniform,0.5,12,canonical_minus_ln,difference,-0.0023150602937676013
69#3,PC_OFF,Mach,dark_ramp_minus_uniform,0.5,16,canonical_minus_ln,difference,0.0104824542067945
69#3,PC_OFF,Mach,bright_ramp_minus_uniform,0.5,16,canonical_minus_ln,difference,-0.0017362991929985583
69#4,MC_ON,SBC,bright_minus_dark,0.0,0,canonical_minus_ln,difference,0.0
69#4,MC_ON,SBC,bright_minus_dark,0.0,2,canonical_minus_ln,difference,0.0
69#4,MC_ON,SBC,bright_minus_dark,0.0,4,canonical_minus_ln,difference,0.0
69#4,MC_ON,SBC,bright_minus_dark,0.0,6,canonical_minus_ln,difference,0.0
69#4,MC_ON,SBC,bright_minus_dark,0.0,8,canonical_minus_ln,difference,0.0
69#4,MC_ON,SBC,bright_minus_dark,0.0625,0,canonical_minus_ln,difference,0.0
69#4,MC_ON,SBC,bright_minus_dark,0.0625,2,canonical_minus_ln,difference,-0.062047259882092476
69#4,MC_ON,SBC,bright_minus_dark,0.0625,4,canonical_minus_ln,difference,-0.06163515988737345
69#4,MC_ON,SBC,bright_minus_dark,0.0625,6,canonical_minus_ln,difference,-0.06006708089262247
69#4,MC_ON,SBC,bright_minus_dark,0.0625,8,canonical_minus_ln,difference,-0.05990066658705473
69#4,MC_ON,SBC,bright_minus_dark,0.125,0,canonical_minus_ln,difference,0.0
69#4,MC_ON,SBC,bright_minus_dark,0.125,2,canonical_minus_ln,difference,-0.12407067231833935
69#4,MC_ON,SBC,bright_minus_dark,0.125,4,canonical_minus_ln,difference,-0.12324630096554756
69#4,MC_ON,SBC,bright_minus_dark,0.125,6,canonical_minus_ln,difference,-0.12011007219552994
69#4,MC_ON,SBC,bright_minus_dark,0.125,8,canonical_minus_ln,difference,-0.11977727338671684
69#4,MC_ON,SBC,bright_minus_dark,0.25,0,canonical_minus_ln,difference,0.0
69#4,MC_ON,SBC,bright_minus_dark,0.25,2,canonical_minus_ln,difference,-0.2480461150407791
69#4,MC_ON,SBC,bright_minus_dark,0.25,4,canonical_minus_ln,difference,-0.24639645963907242
69#4,MC_ON,SBC,bright_minus_dark,0.25,6,canonical_minus_ln,difference,-0.24012402072548866
69#4,MC_ON,SBC,bright_minus_dark,0.25,8,canonical_minus_ln,difference,-0.2394585907459259
69#4,MC_ON,SBC,bright_minus_dark,0.375,0,canonical_minus_ln,difference,0.0
69#4,MC_ON,SBC,bright_minus_dark,0.375,2,canonical_minus_ln,difference,-0.37192660570144653
69#4,MC_ON,SBC,bright_minus_dark,0.375,4,canonical_minus_ln,difference,-0.36945078149437904
69#4,MC_ON,SBC,bright_minus_dark,0.375,6,canonical_minus_ln,difference,-0.36004215478897095
69#4,MC_ON,SBC,bright_minus_dark,0.375,8,canonical_minus_ln,difference,-0.3590438440442085
69#4,MC_ON,SBC,bright_minus_dark,0.5,0,canonical_minus_ln,difference,0.0
69#4,MC_ON,SBC,bright_minus_dark,0.5,2,canonical_minus_ln,difference,-0.49571212381124496
69#4,MC_ON,SBC,bright_minus_dark,0.5,4,canonical_minus_ln,difference,-0.49240950495004654
69#4,MC_ON,SBC,bright_minus_dark,0.5,6,canonical_minus_ln,difference,-0.4798645004630089
69#4,MC_ON,SBC,bright_minus_dark,0.5,8,canonical_minus_ln,difference,-0.47853340208530426
69#4,MC_ON,Mach,dark_ramp_minus_uniform,0.0,0,canonical_minus_ln,difference,0.0
69#4,MC_ON,Mach,bright_ramp_minus_uniform,0.0,0,canonical_minus_ln,difference,0.0
69#4,MC_ON,Mach,dark_ramp_minus_uniform,0.0,2,canonical_minus_ln,difference,0.0
69#4,MC_ON,Mach,bright_ramp_minus_uniform,0.0,2,canonical_minus_ln,difference,0.0
69#4,MC_ON,Mach,dark_ramp_minus_uniform,0.0,4,canonical_minus_ln,difference,0.0
69#4,MC_ON,Mach,bright_ramp_minus_uniform,0.0,4,canonical_minus_ln,difference,0.0
69#4,MC_ON,Mach,dark_ramp_minus_uniform,0.0,8,canonical_minus_ln,difference,0.0
69#4,MC_ON,Mach,bright_ramp_minus_uniform,0.0,8,canonical_minus_ln,difference,0.0
69#4,MC_ON,Mach,dark_ramp_minus_uniform,0.0,12,canonical_minus_ln,difference,0.0
69#4,MC_ON,Mach,bright_ramp_minus_uniform,0.0,12,canonical_minus_ln,difference,0.0
69#4,MC_ON,Mach,dark_ramp_minus_uniform,0.0,16,canonical_minus_ln,difference,0.0
69#4,MC_ON,Mach,bright_ramp_minus_uniform,0.0,16,canonical_minus_ln,difference,0.0
69#4,MC_ON,Mach,dark_ramp_minus_uniform,0.0625,0,canonical_minus_ln,difference,-0.013657959643751383
69#4,MC_ON,Mach,bright_ramp_minus_uniform,0.0625,0,canonical_minus_ln,difference,0.011352332541719079
69#4,MC_ON,Mach,dark_ramp_minus_uniform,0.0625,2,canonical_minus_ln,difference,-0.017588217742741108
69#4,MC_ON,Mach,bright_ramp_minus_uniform,0.0625,2,canonical_minus_ln,difference,0.0021514734253287315
69#4,MC_ON,Mach,dark_ramp_minus_uniform,0.0625,4,canonical_minus_ln,difference,-0.008490276406519115
69#4,MC_ON,Mach,bright_ramp_minus_uniform,0.0625,4,canonical_minus_ln,difference,0.0008195241098292172
69#4,MC_ON,Mach,dark_ramp_minus_uniform,0.0625,8,canonical_minus_ln,difference,-0.004053139768075198
69#4,MC_ON,Mach,bright_ramp_minus_uniform,0.0625,8,canonical_minus_ln,difference,0.00039665697840973735
69#4,MC_ON,Mach,dark_ramp_minus_uniform,0.0625,12,canonical_minus_ln,difference,-0.0027021170244552195
69#4,MC_ON,Mach,bright_ramp_minus_uniform,0.0625,12,canonical_minus_ln,difference,0.00026444593095220625
69#4,MC_ON,Mach,dark_ramp_minus_uniform,0.0625,16,canonical_minus_ln,difference,-0.0020266135106794536
69#4,MC_ON,Mach,bright_ramp_minus_uniform,0.0625,16,canonical_minus_ln,difference,0.00019833247642964125
69#4,MC_ON,Mach,dark_ramp_minus_uniform,0.125,0,canonical_minus_ln,difference,-0.02732046600431204
69#4,MC_ON,Mach,bright_ramp_minus_uniform,0.125,0,canonical_minus_ln,difference,0.02269658213481307
69#4,MC_ON,Mach,dark_ramp_minus_uniform,0.125,2,canonical_minus_ln,difference,-0.03517611790448427
69#4,MC_ON,Mach,bright_ramp_minus_uniform,0.125,2,canonical_minus_ln,difference,0.004302700283005834
69#4,MC_ON,Mach,dark_ramp_minus_uniform,0.125,4,canonical_minus_ln,difference,-0.01698054443113506
69#4,MC_ON,Mach,bright_ramp_minus_uniform,0.125,4,canonical_minus_ln,difference,0.0016390959499403834
69#4,MC_ON,Mach,dark_ramp_minus_uniform,0.125,8,canonical_minus_ln,difference,-0.008106199675239623
69#4,MC_ON,Mach,bright_ramp_minus_uniform,0.125,8,canonical_minus_ln,difference,0.0007932980661280453
69#4,MC_ON,Mach,dark_ramp_minus_uniform,0.125,12,canonical_minus_ln,difference,-0.0054041307885199785
69#4,MC_ON,Mach,bright_ramp_minus_uniform,0.125,12,canonical_minus_ln,difference,0.0005288521642796695
69#4,MC_ON,Mach,dark_ramp_minus_uniform,0.125,16,canonical_minus_ln,difference,-0.004053076088894159
69#4,MC_ON,Mach,bright_ramp_minus_uniform,0.125,16,canonical_minus_ln,difference,0.00039664903306402266
69#4,MC_ON,Mach,dark_ramp_minus_uniform,0.25,0,canonical_minus_ln,difference,-0.054659413173794746
69#4,MC_ON,Mach,bright_ramp_minus_uniform,0.25,0,canonical_minus_ln,difference,0.0453612981364131
69#4,MC_ON,Mach,dark_ramp_minus_uniform,0.25,2,canonical_minus_ln,difference,-0.07035146653652191
69#4,MC_ON,Mach,bright_ramp_minus_uniform,0.25,2,canonical_minus_ln,difference,0.008604590315371752
69#4,MC_ON,Mach,dark_ramp_minus_uniform,0.25,4,canonical_minus_ln,difference,-0.03396140644326806
69#4,MC_ON,Mach,bright_ramp_minus_uniform,0.25,4,canonical_minus_ln,difference,0.0032785097137093544
69#4,MC_ON,Mach,dark_ramp_minus_uniform,0.25,8,canonical_minus_ln,difference,-0.016212670132517815
69#4,MC_ON,Mach,bright_ramp_minus_uniform,0.25,8,canonical_minus_ln,difference,0.001586858299560845
69#4,MC_ON,Mach,dark_ramp_minus_uniform,0.25,12,canonical_minus_ln,difference,-0.010808372870087624
69#4,MC_ON,Mach,bright_ramp_minus_uniform,0.25,12,canonical_minus_ln,difference,0.0010578871006146073
69#4,MC_ON,Mach,dark_ramp_minus_uniform,0.25,16,canonical_minus_ln,difference,-0.008106319233775139
69#4,MC_ON,Mach,bright_ramp_minus_uniform,0.25,16,canonical_minus_ln,difference,0.0007934013847261667
69#4,MC_ON,Mach,dark_ramp_minus_uniform,0.375,0,canonical_minus_ln,difference,-0.0820167288184166
69#4,MC_ON,Mach,bright_ramp_minus_uniform,0.375,0,canonical_minus_ln,difference,0.06799415126442909
69#4,MC_ON,Mach,dark_ramp_minus_uniform,0.375,2,canonical_minus_ln,difference,-0.10552606172859669
69#4,MC_ON,Mach,bright_ramp_minus_uniform,0.375,2,canonical_minus_ln,difference,0.012905708514153957
69#4,MC_ON,Mach,dark_ramp_minus_uniform,0.375,4,canonical_minus_ln,difference,-0.050942554138600826
69#4,MC_ON,Mach,bright_ramp_minus_uniform,0.375,4,canonical_minus_ln,difference,0.004918217658996582
69#4,MC_ON,Mach,dark_ramp_minus_uniform,0.375,8,canonical_minus_ln,difference,-0.024319258984178305
69#4,MC_ON,Mach,bright_ramp_minus_uniform,0.375,8,canonical_minus_ln,difference,0.0023805382661521435
69#4,MC_ON,Mach,dark_ramp_minus_uniform,0.375,12,canonical_minus_ln,difference,-0.016212836606428027
69#4,MC_ON,Mach,bright_ramp_minus_uniform,0.375,12,canonical_minus_ln,difference,0.0015870649367570877
69#4,MC_ON,Mach,dark_ramp_minus_uniform,0.375,16,canonical_minus_ln,difference,-0.012159562204033136
69#4,MC_ON,Mach,bright_ramp_minus_uniform,0.375,16,canonical_minus_ln,difference,0.0011902331607416272
69#4,MC_ON,Mach,dark_ramp_minus_uniform,0.5,0,canonical_minus_ln,difference,-0.1093924418091774
69#4,MC_ON,Mach,bright_ramp_minus_uniform,0.5,0,canonical_minus_ln,difference,0.09059512615203857
69#4,MC_ON,Mach,dark_ramp_minus_uniform,0.5,2,canonical_minus_ln,difference,-0.1406997460871935
69#4,MC_ON,Mach,bright_ramp_minus_uniform,0.5,2,canonical_minus_ln,difference,0.017205961048603058
69#4,MC_ON,Mach,dark_ramp_minus_uniform,0.5,4,canonical_minus_ln,difference,-0.06792403757572174
69#4,MC_ON,Mach,bright_ramp_minus_uniform,0.5,4,canonical_minus_ln,difference,0.006558251101523638
69#4,MC_ON,Mach,dark_ramp_minus_uniform,0.5,8,canonical_minus_ln,difference,-0.03242610348388553
69#4,MC_ON,Mach,bright_ramp_minus_uniform,0.5,8,canonical_minus_ln,difference,0.0031745275482535362
69#4,MC_ON,Mach,dark_ramp_minus_uniform,0.5,12,canonical_minus_ln,difference,-0.021617373451590538
69#4,MC_ON,Mach,bright_ramp_minus_uniform,0.5,12,canonical_minus_ln,difference,0.002116263145580888
69#4,MC_ON,Mach,dark_ramp_minus_uniform,0.5,16,canonical_minus_ln,difference,-0.01621293229982257
69#4,MC_ON,Mach,bright_ramp_minus_uniform,0.5,16,canonical_minus_ln,difference,0.0015872002113610506
69#6,MC_OFF,SBC,bright_minus_dark,0.0,0,canonical_minus_ln,difference,0.0
69#6,MC_OFF,SBC,bright_minus_dark,0.0,2,canonical_minus_ln,difference,0.0
69#6,MC_OFF,SBC,bright_minus_dark,0.0,4,canonical_minus_ln,difference,0.0
69#6,MC_OFF,SBC,bright_minus_dark,0.0,6,canonical_minus_ln,difference,0.0
69#6,MC_OFF,SBC,bright_minus_dark,0.0,8,canonical_minus_ln,difference,0.0
69#6,MC_OFF,SBC,bright_minus_dark,0.0625,0,canonical_minus_ln,difference,0.0
69#6,MC_OFF,SBC,bright_minus_dark,0.0625,2,canonical_minus_ln,difference,0.04978715442121029
69#6,MC_OFF,SBC,bright_minus_dark,0.0625,4,canonical_minus_ln,difference,0.055903755128383636
69#6,MC_OFF,SBC,bright_minus_dark,0.0625,6,canonical_minus_ln,difference,0.056081706658005714
69#6,MC_OFF,SBC,bright_minus_dark,0.0625,8,canonical_minus_ln,difference,0.05607461743056774
69#6,MC_OFF,SBC,bright_minus_dark,0.125,0,canonical_minus_ln,difference,0.0
69#6,MC_OFF,SBC,bright_minus_dark,0.125,2,canonical_minus_ln,difference,0.09956402331590652
69#6,MC_OFF,SBC,bright_minus_dark,0.125,4,canonical_minus_ln,difference,0.11179628595709801
69#6,MC_OFF,SBC,bright_minus_dark,0.125,6,canonical_minus_ln,difference,0.11215200275182724
69#6,MC_OFF,SBC,bright_minus_dark,0.125,8,canonical_minus_ln,difference,0.1121378093957901
69#6,MC_OFF,SBC,bright_minus_dark,0.25,0,canonical_minus_ln,difference,0.0
69#6,MC_OFF,SBC,bright_minus_dark,0.25,2,canonical_minus_ln,difference,0.19908712059259415
69#6,MC_OFF,SBC,bright_minus_dark,0.25,4,canonical_minus_ln,difference,0.2235473245382309
69#6,MC_OFF,SBC,bright_minus_dark,0.25,6,canonical_minus_ln,difference,0.22425831854343414
69#6,MC_OFF,SBC,bright_minus_dark,0.25,8,canonical_minus_ln,difference,0.22422997653484344
69#6,MC_OFF,SBC,bright_minus_dark,0.375,0,canonical_minus_ln,difference,0.0
69#6,MC_OFF,SBC,bright_minus_dark,0.375,2,canonical_minus_ln,difference,0.2985691502690315
69#6,MC_OFF,SBC,bright_minus_dark,0.375,4,canonical_minus_ln,difference,0.33525319397449493
69#6,MC_OFF,SBC,bright_minus_dark,0.375,6,canonical_minus_ln,difference,0.3363190293312073
69#6,MC_OFF,SBC,bright_minus_dark,0.375,8,canonical_minus_ln,difference,0.336276575922966
69#6,MC_OFF,SBC,bright_minus_dark,0.5,0,canonical_minus_ln,difference,0.0
69#6,MC_OFF,SBC,bright_minus_dark,0.5,2,canonical_minus_ln,difference,0.39801032841205597
69#6,MC_OFF,SBC,bright_minus_dark,0.5,4,canonical_minus_ln,difference,0.4469138979911804
69#6,MC_OFF,SBC,bright_minus_dark,0.5,6,canonical_minus_ln,difference,0.4483342319726944
69#6,MC_OFF,SBC,bright_minus_dark,0.5,8,canonical_minus_ln,difference,0.4482776075601578
69#6,MC_OFF,Mach,dark_ramp_minus_uniform,0.0,0,canonical_minus_ln,difference,0.0
69#6,MC_OFF,Mach,bright_ramp_minus_uniform,0.0,0,canonical_minus_ln,difference,0.0
69#6,MC_OFF,Mach,dark_ramp_minus_uniform,0.0,2,canonical_minus_ln,difference,0.0
69#6,MC_OFF,Mach,bright_ramp_minus_uniform,0.0,2,canonical_minus_ln,difference,0.0
69#6,MC_OFF,Mach,dark_ramp_minus_uniform,0.0,4,canonical_minus_ln,difference,0.0
69#6,MC_OFF,Mach,bright_ramp_minus_uniform,0.0,4,canonical_minus_ln,difference,0.0
69#6,MC_OFF,Mach,dark_ramp_minus_uniform,0.0,8,canonical_minus_ln,difference,0.0
69#6,MC_OFF,Mach,bright_ramp_minus_uniform,0.0,8,canonical_minus_ln,difference,0.0
69#6,MC_OFF,Mach,dark_ramp_minus_uniform,0.0,12,canonical_minus_ln,difference,0.0
69#6,MC_OFF,Mach,bright_ramp_minus_uniform,0.0,12,canonical_minus_ln,difference,0.0
69#6,MC_OFF,Mach,dark_ramp_minus_uniform,0.0,16,canonical_minus_ln,difference,0.0
69#6,MC_OFF,Mach,bright_ramp_minus_uniform,0.0,16,canonical_minus_ln,difference,0.0
69#6,MC_OFF,Mach,dark_ramp_minus_uniform,0.0625,0,canonical_minus_ln,difference,0.014901495538651943
69#6,MC_OFF,Mach,bright_ramp_minus_uniform,0.0625,0,canonical_minus_ln,difference,-0.009158913366263732
69#6,MC_OFF,Mach,dark_ramp_minus_uniform,0.0625,2,canonical_minus_ln,difference,0.01573978190572234
69#6,MC_OFF,Mach,bright_ramp_minus_uniform,0.0625,2,canonical_minus_ln,difference,-0.001988236101169605
69#6,MC_OFF,Mach,dark_ramp_minus_uniform,0.0625,4,canonical_minus_ln,difference,0.008261355076683685
69#6,MC_OFF,Mach,bright_ramp_minus_uniform,0.0625,4,canonical_minus_ln,difference,-0.001165429741377011
69#6,MC_OFF,Mach,dark_ramp_minus_uniform,0.0625,8,canonical_minus_ln,difference,0.004135847091674805
69#6,MC_OFF,Mach,bright_ramp_minus_uniform,0.0625,8,canonical_minus_ln,difference,-0.0005878368974663317
69#6,MC_OFF,Mach,dark_ramp_minus_uniform,0.0625,12,canonical_minus_ln,difference,0.002757239453785587
69#6,MC_OFF,Mach,bright_ramp_minus_uniform,0.0625,12,canonical_minus_ln,difference,-0.0003919124501408078
69#6,MC_OFF,Mach,dark_ramp_minus_uniform,0.0625,16,canonical_minus_ln,difference,0.002067915629595518
69#6,MC_OFF,Mach,bright_ramp_minus_uniform,0.0625,16,canonical_minus_ln,difference,-0.0002939144760603085
69#6,MC_OFF,Mach,dark_ramp_minus_uniform,0.125,0,canonical_minus_ln,difference,0.029807915911078453
69#6,MC_OFF,Mach,bright_ramp_minus_uniform,0.125,0,canonical_minus_ln,difference,-0.01831182715250179
69#6,MC_OFF,Mach,dark_ramp_minus_uniform,0.125,2,canonical_minus_ln,difference,0.0314802721113665
69#6,MC_OFF,Mach,bright_ramp_minus_uniform,0.125,2,canonical_minus_ln,difference,-0.003977203319664113
69#6,MC_OFF,Mach,dark_ramp_minus_uniform,0.125,4,canonical_minus_ln,difference,0.016523074737051502
69#6,MC_OFF,Mach,bright_ramp_minus_uniform,0.125,4,canonical_minus_ln,difference,-0.002331256924662739
69#6,MC_OFF,Mach,dark_ramp_minus_uniform,0.125,8,canonical_minus_ln,difference,0.008271956379758194
69#6,MC_OFF,Mach,bright_ramp_minus_uniform,0.125,8,canonical_minus_ln,difference,-0.0011759519402403384
69#6,MC_OFF,Mach,dark_ramp_minus_uniform,0.125,12,canonical_minus_ln,difference,0.005514661592314951
69#6,MC_OFF,Mach,bright_ramp_minus_uniform,0.125,12,canonical_minus_ln,difference,-0.0007840156758902594
69#6,MC_OFF,Mach,dark_ramp_minus_uniform,0.125,16,canonical_minus_ln,difference,0.004135998031415511
69#6,MC_OFF,Mach,bright_ramp_minus_uniform,0.125,16,canonical_minus_ln,difference,-0.0005879799500689842
69#6,MC_OFF,Mach,dark_ramp_minus_uniform,0.25,0,canonical_minus_ln,difference,0.05963533744215965
69#6,MC_OFF,Mach,bright_ramp_minus_uniform,0.25,0,canonical_minus_ln,difference,-0.03659956331830472
69#6,MC_OFF,Mach,dark_ramp_minus_uniform,0.25,2,canonical_minus_ln,difference,0.06296341121196747
69#6,MC_OFF,Mach,bright_ramp_minus_uniform,0.25,2,canonical_minus_ln,difference,-0.007957220077514648
69#6,MC_OFF,Mach,dark_ramp_minus_uniform,0.25,4,canonical_minus_ln,difference,0.033047547680325806
69#6,MC_OFF,Mach,bright_ramp_minus_uniform,0.25,4,canonical_minus_ln,difference,-0.004663872707169503
69#6,MC_OFF,Mach,dark_ramp_minus_uniform,0.25,8,canonical_minus_ln,difference,0.01654465199680999
69#6,MC_OFF,Mach,bright_ramp_minus_uniform,0.25,8,canonical_minus_ln,difference,-0.0023526509176008403
69#6,MC_OFF,Mach,dark_ramp_minus_uniform,0.25,12,canonical_minus_ln,difference,0.011029831803170964
69#6,MC_OFF,Mach,bright_ramp_minus_uniform,0.25,12,canonical_minus_ln,difference,-0.0015685002435930073
69#6,MC_OFF,Mach,dark_ramp_minus_uniform,0.25,16,canonical_minus_ln,difference,0.00827240185753908
69#6,MC_OFF,Mach,bright_ramp_minus_uniform,0.25,16,canonical_minus_ln,difference,-0.0011763969960156828
69#6,MC_OFF,Mach,dark_ramp_minus_uniform,0.375,0,canonical_minus_ln,difference,0.08948223665356636
69#6,MC_OFF,Mach,bright_ramp_minus_uniform,0.375,0,canonical_minus_ln,difference,-0.05486323731020093
69#6,MC_OFF,Mach,dark_ramp_minus_uniform,0.375,2,canonical_minus_ln,difference,0.09444935023202561
69#6,MC_OFF,Mach,bright_ramp_minus_uniform,0.375,2,canonical_minus_ln,difference,-0.01194011332700029
69#6,MC_OFF,Mach,dark_ramp_minus_uniform,0.375,4,canonical_minus_ln,difference,0.04957341426052153
69#6,MC_OFF,Mach,bright_ramp_minus_uniform,0.375,4,canonical_minus_ln,difference,-0.0069979268591851
69#6,MC_OFF,Mach,dark_ramp_minus_uniform,0.375,8,canonical_minus_ln,difference,0.02481814188649878
69#6,MC_OFF,Mach,bright_ramp_minus_uniform,0.375,8,canonical_minus_ln,difference,-0.003530232177581638
69#6,MC_OFF,Mach,dark_ramp_minus_uniform,0.375,12,canonical_minus_ln,difference,0.016545550024602562
69#6,MC_OFF,Mach,bright_ramp_minus_uniform,0.375,12,canonical_minus_ln,difference,-0.0023535807558801025
69#6,MC_OFF,Mach,dark_ramp_minus_uniform,0.375,16,canonical_minus_ln,difference,0.012409170594764873
69#6,MC_OFF,Mach,bright_ramp_minus_uniform,0.375,16,canonical_minus_ln,difference,-0.0017652114329393953
69#6,MC_OFF,Mach,dark_ramp_minus_uniform,0.5,0,canonical_minus_ln,difference,0.11934864521026611
69#6,MC_OFF,Mach,bright_ramp_minus_uniform,0.5,0,canonical_minus_ln,difference,-0.07310282438993454
69#6,MC_OFF,Mach,dark_ramp_minus_uniform,0.5,2,canonical_minus_ln,difference,0.12593813240528107
69#6,MC_OFF,Mach,bright_ramp_minus_uniform,0.5,2,canonical_minus_ln,difference,-0.015925725660054013
69#6,MC_OFF,Mach,dark_ramp_minus_uniform,0.5,4,canonical_minus_ln,difference,0.06610066746361554
69#6,MC_OFF,Mach,bright_ramp_minus_uniform,0.5,4,canonical_minus_ln,difference,-0.009333268739283085
69#6,MC_OFF,Mach,dark_ramp_minus_uniform,0.5,8,canonical_minus_ln,difference,0.03309243073454127
69#6,MC_OFF,Mach,bright_ramp_minus_uniform,0.5,8,canonical_minus_ln,difference,-0.004708464897703379
69#6,MC_OFF,Mach,dark_ramp_minus_uniform,0.5,12,canonical_minus_ln,difference,0.02206187730189413
69#6,MC_OFF,Mach,bright_ramp_minus_uniform,0.5,12,canonical_minus_ln,difference,-0.003139201842714101
69#6,MC_OFF,Mach,dark_ramp_minus_uniform,0.5,16,canonical_minus_ln,difference,0.016546483588172123
69#6,MC_OFF,Mach,bright_ramp_minus_uniform,0.5,16,canonical_minus_ln,difference,-0.002354431140702218
69#7,MC_ON,SBC,bright_minus_dark,0.0,0,canonical_minus_ln,difference,0.0
69#7,MC_ON,SBC,bright_minus_dark,0.0,2,canonical_minus_ln,difference,0.0
69#7,MC_ON,SBC,bright_minus_dark,0.0,4,canonical_minus_ln,difference,0.0
69#7,MC_ON,SBC,bright_minus_dark,0.0,6,canonical_minus_ln,difference,0.0
69#7,MC_ON,SBC,bright_minus_dark,0.0,8,canonical_minus_ln,difference,0.0
69#7,MC_ON,SBC,bright_minus_dark,0.0625,0,canonical_minus_ln,difference,0.0
69#7,MC_ON,SBC,bright_minus_dark,0.0625,2,canonical_minus_ln,difference,-0.05550258979201317
69#7,MC_ON,SBC,bright_minus_dark,0.0625,4,canonical_minus_ln,difference,-0.05244585778564215
69#7,MC_ON,SBC,bright_minus_dark,0.0625,6,canonical_minus_ln,difference,-0.05124579928815365
69#7,MC_ON,SBC,bright_minus_dark,0.0625,8,canonical_minus_ln,difference,-0.051170636899769306
69#7,MC_ON,SBC,bright_minus_dark,0.125,0,canonical_minus_ln,difference,0.0
69#7,MC_ON,SBC,bright_minus_dark,0.125,2,canonical_minus_ln,difference,-0.11098618805408478
69#7,MC_ON,SBC,bright_minus_dark,0.125,4,canonical_minus_ln,difference,-0.10487192310392857
69#7,MC_ON,SBC,bright_minus_dark,0.125,6,canonical_minus_ln,difference,-0.10247190576046705
69#7,MC_ON,SBC,bright_minus_dark,0.125,8,canonical_minus_ln,difference,-0.10232163686305285
69#7,MC_ON,SBC,bright_minus_dark,0.25,0,canonical_minus_ln,difference,0.0
69#7,MC_ON,SBC,bright_minus_dark,0.25,2,canonical_minus_ln,difference,-0.22189633548259735
69#7,MC_ON,SBC,bright_minus_dark,0.25,4,canonical_minus_ln,difference,-0.2096652016043663
69#7,MC_ON,SBC,bright_minus_dark,0.25,6,canonical_minus_ln,difference,-0.20486498437821865
69#7,MC_ON,SBC,bright_minus_dark,0.25,8,canonical_minus_ln,difference,-0.20456445962190628
69#7,MC_ON,SBC,bright_minus_dark,0.375,0,canonical_minus_ln,difference,0.0
69#7,MC_ON,SBC,bright_minus_dark,0.375,2,canonical_minus_ln,difference,-0.33273061364889145
69#7,MC_ON,SBC,bright_minus_dark,0.375,4,canonical_minus_ln,difference,-0.31437983736395836
69#7,MC_ON,SBC,bright_minus_dark,0.375,6,canonical_minus_ln,difference,-0.30717936903238297
69#7,MC_ON,SBC,bright_minus_dark,0.375,8,canonical_minus_ln,difference,-0.30672864243388176
69#7,MC_ON,SBC,bright_minus_dark,0.5,0,canonical_minus_ln,difference,0.0
69#7,MC_ON,SBC,bright_minus_dark,0.5,2,canonical_minus_ln,difference,-0.4434891939163208
69#7,MC_ON,SBC,bright_minus_dark,0.5,4,canonical_minus_ln,difference,-0.4190160855650902
69#7,MC_ON,SBC,bright_minus_dark,0.5,6,canonical_minus_ln,difference,-0.4094151668250561
69#7,MC_ON,SBC,bright_minus_dark,0.5,8,canonical_minus_ln,difference,-0.4088142588734627
69#7,MC_ON,Mach,dark_ramp_minus_uniform,0.0,0,canonical_minus_ln,difference,0.0
69#7,MC_ON,Mach,bright_ramp_minus_uniform,0.0,0,canonical_minus_ln,difference,0.0
69#7,MC_ON,Mach,dark_ramp_minus_uniform,0.0,2,canonical_minus_ln,difference,0.0
69#7,MC_ON,Mach,bright_ramp_minus_uniform,0.0,2,canonical_minus_ln,difference,0.0
69#7,MC_ON,Mach,dark_ramp_minus_uniform,0.0,4,canonical_minus_ln,difference,0.0
69#7,MC_ON,Mach,bright_ramp_minus_uniform,0.0,4,canonical_minus_ln,difference,0.0
69#7,MC_ON,Mach,dark_ramp_minus_uniform,0.0,8,canonical_minus_ln,difference,0.0
69#7,MC_ON,Mach,bright_ramp_minus_uniform,0.0,8,canonical_minus_ln,difference,0.0
69#7,MC_ON,Mach,dark_ramp_minus_uniform,0.0,12,canonical_minus_ln,difference,0.0
69#7,MC_ON,Mach,bright_ramp_minus_uniform,0.0,12,canonical_minus_ln,difference,0.0
69#7,MC_ON,Mach,dark_ramp_minus_uniform,0.0,16,canonical_minus_ln,difference,0.0
69#7,MC_ON,Mach,bright_ramp_minus_uniform,0.0,16,canonical_minus_ln,difference,0.0
69#7,MC_ON,Mach,dark_ramp_minus_uniform,0.0625,0,canonical_minus_ln,difference,-0.014650393044576049
69#7,MC_ON,Mach,bright_ramp_minus_uniform,0.0625,0,canonical_minus_ln,difference,0.01037665200419724
69#7,MC_ON,Mach,dark_ramp_minus_uniform,0.0625,2,canonical_minus_ln,difference,-0.01634363317862153
69#7,MC_ON,Mach,bright_ramp_minus_uniform,0.0625,2,canonical_minus_ln,difference,0.0018694957252591848
69#7,MC_ON,Mach,dark_ramp_minus_uniform,0.0625,4,canonical_minus_ln,difference,-0.007116389228031039
69#7,MC_ON,Mach,bright_ramp_minus_uniform,0.0625,4,canonical_minus_ln,difference,0.0008812904125079513
69#7,MC_ON,Mach,dark_ramp_minus_uniform,0.0625,8,canonical_minus_ln,difference,-0.0034169992431998253
69#7,MC_ON,Mach,bright_ramp_minus_uniform,0.0625,8,canonical_minus_ln,difference,0.0004379670135676861
69#7,MC_ON,Mach,dark_ramp_minus_uniform,0.0625,12,canonical_minus_ln,difference,-0.002278010069858283
69#7,MC_ON,Mach,bright_ramp_minus_uniform,0.0625,12,canonical_minus_ln,difference,0.0002919674152508378
69#7,MC_ON,Mach,dark_ramp_minus_uniform,0.0625,16,canonical_minus_ln,difference,-0.0017084917053580284
69#7,MC_ON,Mach,bright_ramp_minus_uniform,0.0625,16,canonical_minus_ln,difference,0.00021897157421335578
69#7,MC_ON,Mach,dark_ramp_minus_uniform,0.125,0,canonical_minus_ln,difference,-0.029303655494004488
69#7,MC_ON,Mach,bright_ramp_minus_uniform,0.125,0,canonical_minus_ln,difference,0.02074764482676983
69#7,MC_ON,Mach,dark_ramp_minus_uniform,0.125,2,canonical_minus_ln,difference,-0.03268683794885874
69#7,MC_ON,Mach,bright_ramp_minus_uniform,0.125,2,canonical_minus_ln,difference,0.0037385625764727592
69#7,MC_ON,Mach,dark_ramp_minus_uniform,0.125,4,canonical_minus_ln,difference,-0.014232714660465717
69#7,MC_ON,Mach,bright_ramp_minus_uniform,0.125,4,canonical_minus_ln,difference,0.0017625174950808287
69#7,MC_ON,Mach,dark_ramp_minus_uniform,0.125,8,canonical_minus_ln,difference,-0.006833974272012711
69#7,MC_ON,Mach,bright_ramp_minus_uniform,0.125,8,canonical_minus_ln,difference,0.0008759021293371916
69#7,MC_ON,Mach,dark_ramp_minus_uniform,0.125,12,canonical_minus_ln,difference,-0.004555988358333707
69#7,MC_ON,Mach,bright_ramp_minus_uniform,0.125,12,canonical_minus_ln,difference,0.0005839267978444695
69#7,MC_ON,Mach,dark_ramp_minus_uniform,0.125,16,canonical_minus_ln,difference,-0.0034169992431998253
69#7,MC_ON,Mach,bright_ramp_minus_uniform,0.125,16,canonical_minus_ln,difference,0.00043796695536002517
69#7,MC_ON,Mach,dark_ramp_minus_uniform,0.25,0,canonical_minus_ln,difference,-0.05861859396100044
69#7,MC_ON,Mach,bright_ramp_minus_uniform,0.25,0,canonical_minus_ln,difference,0.04147251462563872
69#7,MC_ON,Mach,dark_ramp_minus_uniform,0.25,2,canonical_minus_ln,difference,-0.06537192687392235
69#7,MC_ON,Mach,bright_ramp_minus_uniform,0.25,2,canonical_minus_ln,difference,0.007475399412214756
69#7,MC_ON,Mach,dark_ramp_minus_uniform,0.25,4,canonical_minus_ln,difference,-0.028464960865676403
69#7,MC_ON,Mach,bright_ramp_minus_uniform,0.25,4,canonical_minus_ln,difference,0.0035245618782937527
69#7,MC_ON,Mach,dark_ramp_minus_uniform,0.25,8,canonical_minus_ln,difference,-0.013667678460478783
69#7,MC_ON,Mach,bright_ramp_minus_uniform,0.25,8,canonical_minus_ln,difference,0.0017515341751277447
69#7,MC_ON,Mach,dark_ramp_minus_uniform,0.25,12,canonical_minus_ln,difference,-0.009111746214330196
69#7,MC_ON,Mach,bright_ramp_minus_uniform,0.25,12,canonical_minus_ln,difference,0.0011676033027470112
69#7,MC_ON,Mach,dark_ramp_minus_uniform,0.25,16,canonical_minus_ln,difference,-0.006833751918748021
69#7,MC_ON,Mach,bright_ramp_minus_uniform,0.25,16,canonical_minus_ln,difference,0.00087567581795156
69#7,MC_ON,Mach,dark_ramp_minus_uniform,0.375,0,canonical_minus_ln,difference,-0.08794484101235867
69#7,MC_ON,Mach,bright_ramp_minus_uniform,0.375,0,canonical_minus_ln,difference,0.06217467226088047
69#7,MC_ON,Mach,dark_ramp_minus_uniform,0.375,2,canonical_minus_ln,difference,-0.09805533289909363
69#7,MC_ON,Mach,bright_ramp_minus_uniform,0.375,2,canonical_minus_ln,difference,0.011210540309548378
69#7,MC_ON,Mach,dark_ramp_minus_uniform,0.375,4,canonical_minus_ln,difference,-0.04269679356366396
69#7,MC_ON,Mach,bright_ramp_minus_uniform,0.375,4,canonical_minus_ln,difference,0.005286201369017363
69#7,MC_ON,Mach,dark_ramp_minus_uniform,0.375,8,canonical_minus_ln,difference,-0.02050116052851081
69#7,MC_ON,Mach,bright_ramp_minus_uniform,0.375,8,canonical_minus_ln,difference,0.0026269357185810804
69#7,MC_ON,Mach,dark_ramp_minus_uniform,0.375,12,canonical_minus_ln,difference,-0.013667329214513302
69#7,MC_ON,Mach,bright_ramp_minus_uniform,0.375,12,canonical_minus_ln,difference,0.0017511483747512102
69#7,MC_ON,Mach,dark_ramp_minus_uniform,0.375,16,canonical_minus_ln,difference,-0.010250409133732319
69#7,MC_ON,Mach,bright_ramp_minus_uniform,0.375,16,canonical_minus_ln,difference,0.0013133167522028089
69#7,MC_ON,Mach,dark_ramp_minus_uniform,0.5,0,canonical_minus_ln,difference,-0.11728238500654697
69#7,MC_ON,Mach,bright_ramp_minus_uniform,0.5,0,canonical_minus_ln,difference,0.0828540874645114
69#7,MC_ON,Mach,dark_ramp_minus_uniform,0.5,2,canonical_minus_ln,difference,-0.1307370364665985
69#7,MC_ON,Mach,bright_ramp_minus_uniform,0.5,2,canonical_minus_ln,difference,0.014943938702344894
69#7,MC_ON,Mach,dark_ramp_minus_uniform,0.5,4,canonical_minus_ln,difference,-0.05692817270755768
69#7,MC_ON,Mach,bright_ramp_minus_uniform,0.5,4,canonical_minus_ln,difference,0.007047395221889019
69#7,MC_ON,Mach,dark_ramp_minus_uniform,0.5,8,canonical_minus_ln,difference,-0.027334395796060562
69#7,MC_ON,Mach,bright_ramp_minus_uniform,0.5,8,canonical_minus_ln,difference,0.0035020471550524235
69#7,MC_ON,Mach,dark_ramp_minus_uniform,0.5,12,canonical_minus_ln,difference,-0.01822269754484296
69#7,MC_ON,Mach,bright_ramp_minus_uniform,0.5,12,canonical_minus_ln,difference,0.0023344317451119423
69#7,MC_ON,Mach,dark_ramp_minus_uniform,0.5,16,canonical_minus_ln,difference,-0.013666883576661348
69#7,MC_ON,Mach,bright_ramp_minus_uniform,0.5,16,canonical_minus_ln,difference,0.0017507197335362434
69#21,PC_OFF,SBC,bright_minus_dark,0.0,0,canonical_minus_ln,difference,0.0
69#21,PC_OFF,SBC,bright_minus_dark,0.0,2,canonical_minus_ln,difference,0.0
69#21,PC_OFF,SBC,bright_minus_dark,0.0,4,canonical_minus_ln,difference,0.0
69#21,PC_OFF,SBC,bright_minus_dark,0.0,6,canonical_minus_ln,difference,0.0
69#21,PC_OFF,SBC,bright_minus_dark,0.0,8,canonical_minus_ln,difference,0.0
69#21,PC_OFF,SBC,bright_minus_dark,0.0625,0,canonical_minus_ln,difference,0.0
69#21,PC_OFF,SBC,bright_minus_dark,0.0625,2,canonical_minus_ln,difference,0.01470596028957516
69#21,PC_OFF,SBC,bright_minus_dark,0.0625,4,canonical_minus_ln,difference,0.04216260835528374
69#21,PC_OFF,SBC,bright_minus_dark,0.0625,6,canonical_minus_ln,difference,0.07179217506200075
69#21,PC_OFF,SBC,bright_minus_dark,0.0625,8,canonical_minus_ln,difference,0.07295669056475163
69#21,PC_OFF,SBC,bright_minus_dark,0.125,0,canonical_minus_ln,difference,0.0
69#21,PC_OFF,SBC,bright_minus_dark,0.125,2,canonical_minus_ln,difference,0.02941027795895934
69#21,PC_OFF,SBC,bright_minus_dark,0.125,4,canonical_minus_ln,difference,0.08432347886264324
69#21,PC_OFF,SBC,bright_minus_dark,0.125,6,canonical_minus_ln,difference,0.143582658842206
69#21,PC_OFF,SBC,bright_minus_dark,0.125,8,canonical_minus_ln,difference,0.14591175317764282
69#21,PC_OFF,SBC,bright_minus_dark,0.25,0,canonical_minus_ln,difference,0.0
69#21,PC_OFF,SBC,bright_minus_dark,0.25,2,canonical_minus_ln,difference,0.05881378008052707
69#21,PC_OFF,SBC,bright_minus_dark,0.25,4,canonical_minus_ln,difference,0.16864007711410522
69#21,PC_OFF,SBC,bright_minus_dark,0.25,6,canonical_minus_ln,difference,0.28715842589735985
69#21,PC_OFF,SBC,bright_minus_dark,0.25,8,canonical_minus_ln,difference,0.2918166555464268
69#21,PC_OFF,SBC,bright_minus_dark,0.375,0,canonical_minus_ln,difference,0.0
69#21,PC_OFF,SBC,bright_minus_dark,0.375,2,canonical_minus_ln,difference,0.08821061812341213
69#21,PC_OFF,SBC,bright_minus_dark,0.375,4,canonical_minus_ln,difference,0.25294987112283707
69#21,PC_OFF,SBC,bright_minus_dark,0.375,6,canonical_minus_ln,difference,0.4307272955775261
69#21,PC_OFF,SBC,bright_minus_dark,0.375,8,canonical_minus_ln,difference,0.437714658677578
69#21,PC_OFF,SBC,bright_minus_dark,0.5,0,canonical_minus_ln,difference,0.0
69#21,PC_OFF,SBC,bright_minus_dark,0.5,2,canonical_minus_ln,difference,0.11760082514956594
69#21,PC_OFF,SBC,bright_minus_dark,0.5,4,canonical_minus_ln,difference,0.3372528702020645
69#21,PC_OFF,SBC,bright_minus_dark,0.5,6,canonical_minus_ln,difference,0.5742896050214767
69#21,PC_OFF,SBC,bright_minus_dark,0.5,8,canonical_minus_ln,difference,0.5836059525609016
69#21,PC_OFF,Mach,dark_ramp_minus_uniform,0.0,0,canonical_minus_ln,difference,0.0
69#21,PC_OFF,Mach,bright_ramp_minus_uniform,0.0,0,canonical_minus_ln,difference,0.0
69#21,PC_OFF,Mach,dark_ramp_minus_uniform,0.0,2,canonical_minus_ln,difference,0.0
69#21,PC_OFF,Mach,bright_ramp_minus_uniform,0.0,2,canonical_minus_ln,difference,0.0
69#21,PC_OFF,Mach,dark_ramp_minus_uniform,0.0,4,canonical_minus_ln,difference,0.0
69#21,PC_OFF,Mach,bright_ramp_minus_uniform,0.0,4,canonical_minus_ln,difference,0.0
69#21,PC_OFF,Mach,dark_ramp_minus_uniform,0.0,8,canonical_minus_ln,difference,0.0
69#21,PC_OFF,Mach,bright_ramp_minus_uniform,0.0,8,canonical_minus_ln,difference,0.0
69#21,PC_OFF,Mach,dark_ramp_minus_uniform,0.0,12,canonical_minus_ln,difference,0.0
69#21,PC_OFF,Mach,bright_ramp_minus_uniform,0.0,12,canonical_minus_ln,difference,0.0
69#21,PC_OFF,Mach,dark_ramp_minus_uniform,0.0,16,canonical_minus_ln,difference,0.0
69#21,PC_OFF,Mach,bright_ramp_minus_uniform,0.0,16,canonical_minus_ln,difference,0.0
69#21,PC_OFF,Mach,dark_ramp_minus_uniform,0.0625,0,canonical_minus_ln,difference,0.05740370973944664
69#21,PC_OFF,Mach,bright_ramp_minus_uniform,0.0625,0,canonical_minus_ln,difference,-0.0035356441512703896
69#21,PC_OFF,Mach,dark_ramp_minus_uniform,0.0625,2,canonical_minus_ln,difference,0.05990588816348463
69#21,PC_OFF,Mach,bright_ramp_minus_uniform,0.0625,2,canonical_minus_ln,difference,-0.0010141372913494706
69#21,PC_OFF,Mach,dark_ramp_minus_uniform,0.0625,4,canonical_minus_ln,difference,0.057257628184743226
69#21,PC_OFF,Mach,bright_ramp_minus_uniform,0.0625,4,canonical_minus_ln,difference,-0.0005206108326092362
69#21,PC_OFF,Mach,dark_ramp_minus_uniform,0.0625,8,canonical_minus_ln,difference,0.03378736675949767
69#21,PC_OFF,Mach,bright_ramp_minus_uniform,0.0625,8,canonical_minus_ln,difference,-0.0002605915069580078
69#21,PC_OFF,Mach,dark_ramp_minus_uniform,0.0625,12,canonical_minus_ln,difference,0.02252488881640602
69#21,PC_OFF,Mach,bright_ramp_minus_uniform,0.0625,12,canonical_minus_ln,difference,-0.00017372767615597695
69#21,PC_OFF,Mach,dark_ramp_minus_uniform,0.0625,16,canonical_minus_ln,difference,0.016893672320293263
69#21,PC_OFF,Mach,bright_ramp_minus_uniform,0.0625,16,canonical_minus_ln,difference,-0.0001303036988247186
69#21,PC_OFF,Mach,dark_ramp_minus_uniform,0.125,0,canonical_minus_ln,difference,0.11480836174450815
69#21,PC_OFF,Mach,bright_ramp_minus_uniform,0.125,0,canonical_minus_ln,difference,-0.007068451028317213
69#21,PC_OFF,Mach,dark_ramp_minus_uniform,0.125,2,canonical_minus_ln,difference,0.11981095233932137
69#21,PC_OFF,Mach,bright_ramp_minus_uniform,0.125,2,canonical_minus_ln,difference,-0.0020274401176720858
69#21,PC_OFF,Mach,dark_ramp_minus_uniform,0.125,4,canonical_minus_ln,difference,0.11451483564451337
69#21,PC_OFF,Mach,bright_ramp_minus_uniform,0.125,4,canonical_minus_ln,difference,-0.0010408322559669614
69#21,PC_OFF,Mach,dark_ramp_minus_uniform,0.125,8,canonical_minus_ln,difference,0.0675745124462992
69#21,PC_OFF,Mach,bright_ramp_minus_uniform,0.125,8,canonical_minus_ln,difference,-0.0005210161325521767
69#21,PC_OFF,Mach,dark_ramp_minus_uniform,0.125,12,canonical_minus_ln,difference,0.045049680513329804
69#21,PC_OFF,Mach,bright_ramp_minus_uniform,0.125,12,canonical_minus_ln,difference,-0.0003473520337138325
69#21,PC_OFF,Mach,dark_ramp_minus_uniform,0.125,16,canonical_minus_ln,difference,0.03378727933159098
69#21,PC_OFF,Mach,bright_ramp_minus_uniform,0.125,16,canonical_minus_ln,difference,-0.00026051202439703047
69#21,PC_OFF,Mach,dark_ramp_minus_uniform,0.25,0,canonical_minus_ln,difference,0.22962058568373322
69#21,PC_OFF,Mach,bright_ramp_minus_uniform,0.25,0,canonical_minus_ln,difference,-0.014125394634902477
69#21,PC_OFF,Mach,dark_ramp_minus_uniform,0.25,2,canonical_minus_ln,difference,0.23961852211505175
69#21,PC_OFF,Mach,bright_ramp_minus_uniform,0.25,2,canonical_minus_ln,difference,-0.00405146277820112
69#21,PC_OFF,Mach,dark_ramp_minus_uniform,0.25,4,canonical_minus_ln,difference,0.22902801935561
69#21,PC_OFF,Mach,bright_ramp_minus_uniform,0.25,4,canonical_minus_ln,difference,-0.0020799637151265316
69#21,PC_OFF,Mach,dark_ramp_minus_uniform,0.25,8,canonical_minus_ln,difference,0.1351482013706118
69#21,PC_OFF,Mach,bright_ramp_minus_uniform,0.25,8,canonical_minus_ln,difference,-0.0010411739349365234
69#21,PC_OFF,Mach,dark_ramp_minus_uniform,0.25,12,canonical_minus_ln,difference,0.09009882609825581
69#21,PC_OFF,Mach,bright_ramp_minus_uniform,0.25,12,canonical_minus_ln,difference,-0.0006941080209799111
69#21,PC_OFF,Mach,dark_ramp_minus_uniform,0.25,16,canonical_minus_ln,difference,0.06757410266436636
69#21,PC_OFF,Mach,bright_ramp_minus_uniform,0.25,16,canonical_minus_ln,difference,-0.0005205869674682617
69#21,PC_OFF,Mach,dark_ramp_minus_uniform,0.375,0,canonical_minus_ln,difference,0.3444367563351989
69#21,PC_OFF,Mach,bright_ramp_minus_uniform,0.375,0,canonical_minus_ln,difference,-0.02117091789841652
69#21,PC_OFF,Mach,dark_ramp_minus_uniform,0.375,2,canonical_minus_ln,difference,0.3594227312132716
69#21,PC_OFF,Mach,bright_ramp_minus_uniform,0.375,2,canonical_minus_ln,difference,-0.006072155696650761
69#21,PC_OFF,Mach,dark_ramp_minus_uniform,0.375,4,canonical_minus_ln,difference,0.3435394486878067
69#21,PC_OFF,Mach,bright_ramp_minus_uniform,0.375,4,canonical_minus_ln,difference,-0.003117426298558712
69#21,PC_OFF,Mach,dark_ramp_minus_uniform,0.375,8,canonical_minus_ln,difference,0.2027210573432967
69#21,PC_OFF,Mach,bright_ramp_minus_uniform,0.375,8,canonical_minus_ln,difference,-0.0015605370281264186
69#21,PC_OFF,Mach,dark_ramp_minus_uniform,0.375,12,canonical_minus_ln,difference,0.13514738285448402
69#21,PC_OFF,Mach,bright_ramp_minus_uniform,0.375,12,canonical_minus_ln,difference,-0.0010403473861515522
69#21,PC_OFF,Mach,dark_ramp_minus_uniform,0.375,16,canonical_minus_ln,difference,0.10136055498151109
69#21,PC_OFF,Mach,bright_ramp_minus_uniform,0.375,16,canonical_minus_ln,difference,-0.0007802963373251259
69#21,PC_OFF,Mach,dark_ramp_minus_uniform,0.5,0,canonical_minus_ln,difference,0.4592567505314946
69#21,PC_OFF,Mach,bright_ramp_minus_uniform,0.5,0,canonical_minus_ln,difference,-0.028205029666423798
69#21,PC_OFF,Mach,dark_ramp_minus_uniform,0.5,2,canonical_minus_ln,difference,0.47922360338270664
69#21,PC_OFF,Mach,bright_ramp_minus_uniform,0.5,2,canonical_minus_ln,difference,-0.008089471173783558
69#21,PC_OFF,Mach,dark_ramp_minus_uniform,0.5,4,canonical_minus_ln,difference,0.4580493210814893
69#21,PC_OFF,Mach,bright_ramp_minus_uniform,0.5,4,canonical_minus_ln,difference,-0.004153251678993719
69#21,PC_OFF,Mach,dark_ramp_minus_uniform,0.5,8,canonical_minus_ln,difference,0.2702931920066476
69#21,PC_OFF,Mach,bright_ramp_minus_uniform,0.5,8,canonical_minus_ln,difference,-0.0020790814887732267
69#21,PC_OFF,Mach,dark_ramp_minus_uniform,0.5,12,canonical_minus_ln,difference,0.1801954786060378
69#21,PC_OFF,Mach,bright_ramp_minus_uniform,0.5,12,canonical_minus_ln,difference,-0.0013860781909897923
69#21,PC_OFF,Mach,dark_ramp_minus_uniform,0.5,16,canonical_minus_ln,difference,0.1351466248743236
69#21,PC_OFF,Mach,bright_ramp_minus_uniform,0.5,16,canonical_minus_ln,difference,-0.00103956856764853
70#1,PC_ON,SBC,bright_minus_dark,0.0,0,canonical_minus_ln,difference,0.0
70#1,PC_ON,SBC,bright_minus_dark,0.0,2,canonical_minus_ln,difference,0.0
70#1,PC_ON,SBC,bright_minus_dark,0.0,4,canonical_minus_ln,difference,0.0
70#1,PC_ON,SBC,bright_minus_dark,0.0,6,canonical_minus_ln,difference,0.0
70#1,PC_ON,SBC,bright_minus_dark,0.0,8,canonical_minus_ln,difference,0.0
70#1,PC_ON,SBC,bright_minus_dark,0.0625,0,canonical_minus_ln,difference,0.0
70#1,PC_ON,SBC,bright_minus_dark,0.0625,2,canonical_minus_ln,difference,-0.015712754800915718
70#1,PC_ON,SBC,bright_minus_dark,0.0625,4,canonical_minus_ln,difference,-0.017390330001944676
70#1,PC_ON,SBC,bright_minus_dark,0.0625,6,canonical_minus_ln,difference,-0.03204778116196394
70#1,PC_ON,SBC,bright_minus_dark,0.0625,8,canonical_minus_ln,difference,-0.035162147134542465
70#1,PC_ON,SBC,bright_minus_dark,0.125,0,canonical_minus_ln,difference,0.0
70#1,PC_ON,SBC,bright_minus_dark,0.125,2,canonical_minus_ln,difference,-0.031422724947333336
70#1,PC_ON,SBC,bright_minus_dark,0.125,4,canonical_minus_ln,difference,-0.03477784642018378
70#1,PC_ON,SBC,bright_minus_dark,0.125,6,canonical_minus_ln,difference,-0.06409265287220478
70#1,PC_ON,SBC,bright_minus_dark,0.125,8,canonical_minus_ln,difference,-0.07032149657607079
70#1,PC_ON,SBC,bright_minus_dark,0.25,0,canonical_minus_ln,difference,0.0
70#1,PC_ON,SBC,bright_minus_dark,0.25,2,canonical_minus_ln,difference,-0.06283431220799685
70#1,PC_ON,SBC,bright_minus_dark,0.25,4,canonical_minus_ln,difference,-0.06954458705149591
70#1,PC_ON,SBC,bright_minus_dark,0.25,6,canonical_minus_ln,difference,-0.1281742937862873
70#1,PC_ON,SBC,bright_minus_dark,0.25,8,canonical_minus_ln,difference,-0.14063186943531036
70#1,PC_ON,SBC,bright_minus_dark,0.375,0,canonical_minus_ln,difference,0.0
70#1,PC_ON,SBC,bright_minus_dark,0.375,2,canonical_minus_ln,difference,-0.09423481859266758
70#1,PC_ON,SBC,bright_minus_dark,0.375,4,canonical_minus_ln,difference,-0.10430014878511429
70#1,PC_ON,SBC,bright_minus_dark,0.375,6,canonical_minus_ln,difference,-0.19224459677934647
70#1,PC_ON,SBC,bright_minus_dark,0.375,8,canonical_minus_ln,difference,-0.21093106269836426
70#1,PC_ON,SBC,bright_minus_dark,0.5,0,canonical_minus_ln,difference,0.0
70#1,PC_ON,SBC,bright_minus_dark,0.5,2,canonical_minus_ln,difference,-0.12562409974634647
70#1,PC_ON,SBC,bright_minus_dark,0.5,4,canonical_minus_ln,difference,-0.13904460379853845
70#1,PC_ON,SBC,bright_minus_dark,0.5,6,canonical_minus_ln,difference,-0.25630397349596024
70#1,PC_ON,SBC,bright_minus_dark,0.5,8,canonical_minus_ln,difference,-0.2812192589044571
70#1,PC_ON,Mach,dark_ramp_minus_uniform,0.0,0,canonical_minus_ln,difference,0.0
70#1,PC_ON,Mach,bright_ramp_minus_uniform,0.0,0,canonical_minus_ln,difference,0.0
70#1,PC_ON,Mach,dark_ramp_minus_uniform,0.0,2,canonical_minus_ln,difference,0.0
70#1,PC_ON,Mach,bright_ramp_minus_uniform,0.0,2,canonical_minus_ln,difference,0.0
70#1,PC_ON,Mach,dark_ramp_minus_uniform,0.0,4,canonical_minus_ln,difference,0.0
70#1,PC_ON,Mach,bright_ramp_minus_uniform,0.0,4,canonical_minus_ln,difference,0.0
70#1,PC_ON,Mach,dark_ramp_minus_uniform,0.0,8,canonical_minus_ln,difference,0.0
70#1,PC_ON,Mach,bright_ramp_minus_uniform,0.0,8,canonical_minus_ln,difference,0.0
70#1,PC_ON,Mach,dark_ramp_minus_uniform,0.0,12,canonical_minus_ln,difference,0.0
70#1,PC_ON,Mach,bright_ramp_minus_uniform,0.0,12,canonical_minus_ln,difference,0.0
70#1,PC_ON,Mach,dark_ramp_minus_uniform,0.0,16,canonical_minus_ln,difference,0.0
70#1,PC_ON,Mach,bright_ramp_minus_uniform,0.0,16,canonical_minus_ln,difference,0.0
70#1,PC_ON,Mach,dark_ramp_minus_uniform,0.0625,0,canonical_minus_ln,difference,-0.012853169348090887
70#1,PC_ON,Mach,bright_ramp_minus_uniform,0.0625,0,canonical_minus_ln,difference,-0.0006516058929264545
70#1,PC_ON,Mach,dark_ramp_minus_uniform,0.0625,2,canonical_minus_ln,difference,-0.0068835418787784874
70#1,PC_ON,Mach,bright_ramp_minus_uniform,0.0625,2,canonical_minus_ln,difference,0.004653366515412927
70#1,PC_ON,Mach,dark_ramp_minus_uniform,0.0625,4,canonical_minus_ln,difference,-0.00023012165911495686
70#1,PC_ON,Mach,bright_ramp_minus_uniform,0.0625,4,canonical_minus_ln,difference,-0.0008482933044433594
70#1,PC_ON,Mach,dark_ramp_minus_uniform,0.0625,8,canonical_minus_ln,difference,0.0010099172359332442
70#1,PC_ON,Mach,bright_ramp_minus_uniform,0.0625,8,canonical_minus_ln,difference,-0.0014259734889492393
70#1,PC_ON,Mach,dark_ramp_minus_uniform,0.0625,12,canonical_minus_ln,difference,0.000673278234899044
70#1,PC_ON,Mach,bright_ramp_minus_uniform,0.0625,12,canonical_minus_ln,difference,-0.0009506226051598787
70#1,PC_ON,Mach,dark_ramp_minus_uniform,0.0625,16,canonical_minus_ln,difference,0.0005049625760875642
70#1,PC_ON,Mach,bright_ramp_minus_uniform,0.0625,16,canonical_minus_ln,difference,-0.0007129748701117933
70#1,PC_ON,Mach,dark_ramp_minus_uniform,0.125,0,canonical_minus_ln,difference,-0.025704518891870975
70#1,PC_ON,Mach,bright_ramp_minus_uniform,0.125,0,canonical_minus_ln,difference,-0.0013038553297519684
70#1,PC_ON,Mach,dark_ramp_minus_uniform,0.125,2,canonical_minus_ln,difference,-0.01376597082708031
70#1,PC_ON,Mach,bright_ramp_minus_uniform,0.125,2,canonical_minus_ln,difference,0.00930560426786542
70#1,PC_ON,Mach,dark_ramp_minus_uniform,0.125,4,canonical_minus_ln,difference,-0.0004598619416356087
70#1,PC_ON,Mach,bright_ramp_minus_uniform,0.125,4,canonical_minus_ln,difference,-0.001696968451142311
70#1,PC_ON,Mach,dark_ramp_minus_uniform,0.125,8,canonical_minus_ln,difference,0.0020200172439217567
70#1,PC_ON,Mach,bright_ramp_minus_uniform,0.125,8,canonical_minus_ln,difference,-0.002852074336260557
70#1,PC_ON,Mach,dark_ramp_minus_uniform,0.125,12,canonical_minus_ln,difference,0.0013466596137732267
70#1,PC_ON,Mach,bright_ramp_minus_uniform,0.125,12,canonical_minus_ln,difference,-0.001901340438053012
70#1,PC_ON,Mach,dark_ramp_minus_uniform,0.125,16,canonical_minus_ln,difference,0.0010099728824570775
70#1,PC_ON,Mach,bright_ramp_minus_uniform,0.125,16,canonical_minus_ln,difference,-0.001426013302989304
70#1,PC_ON,Mach,dark_ramp_minus_uniform,0.25,0,canonical_minus_ln,difference,-0.05140171945095062
70#1,PC_ON,Mach,bright_ramp_minus_uniform,0.25,0,canonical_minus_ln,difference,-0.002610262483358383
70#1,PC_ON,Mach,dark_ramp_minus_uniform,0.25,2,canonical_minus_ln,difference,-0.02752734045498073
70#1,PC_ON,Mach,bright_ramp_minus_uniform,0.25,2,canonical_minus_ln,difference,0.018606606870889664
70#1,PC_ON,Mach,dark_ramp_minus_uniform,0.25,4,canonical_minus_ln,difference,-0.0009181499481201172
70#1,PC_ON,Mach,bright_ramp_minus_uniform,0.25,4,canonical_minus_ln,difference,-0.0033954856917262077
70#1,PC_ON,Mach,dark_ramp_minus_uniform,0.25,8,canonical_minus_ln,difference,0.004040590953081846
70#1,PC_ON,Mach,bright_ramp_minus_uniform,0.25,8,canonical_minus_ln,difference,-0.00570475310087204
70#1,PC_ON,Mach,dark_ramp_minus_uniform,0.25,12,canonical_minus_ln,difference,0.0026936852373182774
70#1,PC_ON,Mach,bright_ramp_minus_uniform,0.25,12,canonical_minus_ln,difference,-0.0038030780851840973
70#1,PC_ON,Mach,dark_ramp_minus_uniform,0.25,16,canonical_minus_ln,difference,0.0020202079322189093
70#1,PC_ON,Mach,bright_ramp_minus_uniform,0.25,16,canonical_minus_ln,difference,-0.0028522887732833624
70#1,PC_ON,Mach,dark_ramp_minus_uniform,0.375,0,canonical_minus_ln,difference,-0.07709159888327122
70#1,PC_ON,Mach,bright_ramp_minus_uniform,0.375,0,canonical_minus_ln,difference,-0.003919292241334915
70#1,PC_ON,Mach,dark_ramp_minus_uniform,0.375,2,canonical_minus_ln,difference,-0.04128405940718949
70#1,PC_ON,Mach,bright_ramp_minus_uniform,0.375,2,canonical_minus_ln,difference,0.027902968227863312
70#1,PC_ON,Mach,dark_ramp_minus_uniform,0.375,4,canonical_minus_ln,difference,-0.0013748090714216232
70#1,PC_ON,Mach,bright_ramp_minus_uniform,0.375,4,canonical_minus_ln,difference,-0.0050956010818481445
70#1,PC_ON,Mach,dark_ramp_minus_uniform,0.375,8,canonical_minus_ln,difference,0.006061863154172897
70#1,PC_ON,Mach,bright_ramp_minus_uniform,0.375,8,canonical_minus_ln,difference,-0.00855807401239872
70#1,PC_ON,Mach,dark_ramp_minus_uniform,0.375,12,canonical_minus_ln,difference,0.004041075706481934
70#1,PC_ON,Mach,bright_ramp_minus_uniform,0.375,12,canonical_minus_ln,difference,-0.005705229472368956
70#1,PC_ON,Mach,dark_ramp_minus_uniform,0.375,16,canonical_minus_ln,difference,0.003030792810022831
70#1,PC_ON,Mach,bright_ramp_minus_uniform,0.375,16,canonical_minus_ln,difference,-0.004278866574168205
70#1,PC_ON,Mach,dark_ramp_minus_uniform,0.5,0,canonical_minus_ln,difference,-0.10277429595589638
70#1,PC_ON,Mach,bright_ramp_minus_uniform,0.5,0,canonical_minus_ln,difference,-0.005230817943811417
70#1,PC_ON,Mach,dark_ramp_minus_uniform,0.5,2,canonical_minus_ln,difference,-0.05503631429746747
70#1,PC_ON,Mach,bright_ramp_minus_uniform,0.5,2,canonical_minus_ln,difference,0.03719483222812414
70#1,PC_ON,Mach,dark_ramp_minus_uniform,0.5,4,canonical_minus_ln,difference,-0.0018301084637641907
70#1,PC_ON,Mach,bright_ramp_minus_uniform,0.5,4,canonical_minus_ln,difference,-0.006797177717089653
70#1,PC_ON,Mach,dark_ramp_minus_uniform,0.5,8,canonical_minus_ln,difference,0.008083590306341648
70#1,PC_ON,Mach,bright_ramp_minus_uniform,0.5,8,canonical_minus_ln,difference,-0.011411906220018864
70#1,PC_ON,Mach,dark_ramp_minus_uniform,0.5,12,canonical_minus_ln,difference,0.0053888242691755295
70#1,PC_ON,Mach,bright_ramp_minus_uniform,0.5,12,canonical_minus_ln,difference,-0.007607675157487392
70#1,PC_ON,Mach,dark_ramp_minus_uniform,0.5,16,canonical_minus_ln,difference,0.004041536711156368
70#1,PC_ON,Mach,bright_ramp_minus_uniform,0.5,16,canonical_minus_ln,difference,-0.0057056983932852745
70#7,PC_ON,SBC,bright_minus_dark,0.0,0,canonical_minus_ln,difference,0.0
70#7,PC_ON,SBC,bright_minus_dark,0.0,2,canonical_minus_ln,difference,0.0
70#7,PC_ON,SBC,bright_minus_dark,0.0,4,canonical_minus_ln,difference,0.0
70#7,PC_ON,SBC,bright_minus_dark,0.0,6,canonical_minus_ln,difference,0.0
70#7,PC_ON,SBC,bright_minus_dark,0.0,8,canonical_minus_ln,difference,0.0
70#7,PC_ON,SBC,bright_minus_dark,0.0625,0,canonical_minus_ln,difference,0.0
70#7,PC_ON,SBC,bright_minus_dark,0.0625,2,canonical_minus_ln,difference,-0.027904892805963755
70#7,PC_ON,SBC,bright_minus_dark,0.0625,4,canonical_minus_ln,difference,-0.019156646449118853
70#7,PC_ON,SBC,bright_minus_dark,0.0625,6,canonical_minus_ln,difference,-0.015761423856019974
70#7,PC_ON,SBC,bright_minus_dark,0.0625,8,canonical_minus_ln,difference,-0.0151955122128129
70#7,PC_ON,SBC,bright_minus_dark,0.125,0,canonical_minus_ln,difference,0.0
70#7,PC_ON,SBC,bright_minus_dark,0.125,2,canonical_minus_ln,difference,-0.05580539908260107
70#7,PC_ON,SBC,bright_minus_dark,0.125,4,canonical_minus_ln,difference,-0.0383087326772511
70#7,PC_ON,SBC,bright_minus_dark,0.125,6,canonical_minus_ln,difference,-0.03151822183281183
70#7,PC_ON,SBC,bright_minus_dark,0.125,8,canonical_minus_ln,difference,-0.030386400409042835
70#7,PC_ON,SBC,bright_minus_dark,0.25,0,canonical_minus_ln,difference,0.0
70#7,PC_ON,SBC,bright_minus_dark,0.25,2,canonical_minus_ln,difference,-0.11159300804138184
70#7,PC_ON,SBC,bright_minus_dark,0.25,4,canonical_minus_ln,difference,-0.07659875880926847
70#7,PC_ON,SBC,bright_minus_dark,0.25,6,canonical_minus_ln,difference,-0.06301776506006718
70#7,PC_ON,SBC,bright_minus_dark,0.25,8,canonical_minus_ln,difference,-0.06075425259768963
70#7,PC_ON,SBC,bright_minus_dark,0.375,0,canonical_minus_ln,difference,0.0
70#7,PC_ON,SBC,bright_minus_dark,0.375,2,canonical_minus_ln,difference,-0.16736293211579323
70#7,PC_ON,SBC,bright_minus_dark,0.375,4,canonical_minus_ln,difference,-0.1148703470826149
70#7,PC_ON,SBC,bright_minus_dark,0.375,6,canonical_minus_ln,difference,-0.09449877217411995
70#7,PC_ON,SBC,bright_minus_dark,0.375,8,canonical_minus_ln,difference,-0.09110340103507042
70#7,PC_ON,SBC,bright_minus_dark,0.5,0,canonical_minus_ln,difference,0.0
70#7,PC_ON,SBC,bright_minus_dark,0.5,2,canonical_minus_ln,difference,-0.22311510518193245
70#7,PC_ON,SBC,bright_minus_dark,0.5,4,canonical_minus_ln,difference,-0.1531233135610819
70#7,PC_ON,SBC,bright_minus_dark,0.5,6,canonical_minus_ln,difference,-0.12596117332577705
70#7,PC_ON,SBC,bright_minus_dark,0.5,8,canonical_minus_ln,difference,-0.12143390625715256
70#7,PC_ON,Mach,dark_ramp_minus_uniform,0.0,0,canonical_minus_ln,difference,0.0
70#7,PC_ON,Mach,bright_ramp_minus_uniform,0.0,0,canonical_minus_ln,difference,0.0
70#7,PC_ON,Mach,dark_ramp_minus_uniform,0.0,2,canonical_minus_ln,difference,0.0
70#7,PC_ON,Mach,bright_ramp_minus_uniform,0.0,2,canonical_minus_ln,difference,0.0
70#7,PC_ON,Mach,dark_ramp_minus_uniform,0.0,4,canonical_minus_ln,difference,0.0
70#7,PC_ON,Mach,bright_ramp_minus_uniform,0.0,4,canonical_minus_ln,difference,0.0
70#7,PC_ON,Mach,dark_ramp_minus_uniform,0.0,8,canonical_minus_ln,difference,0.0
70#7,PC_ON,Mach,bright_ramp_minus_uniform,0.0,8,canonical_minus_ln,difference,0.0
70#7,PC_ON,Mach,dark_ramp_minus_uniform,0.0,12,canonical_minus_ln,difference,0.0
70#7,PC_ON,Mach,bright_ramp_minus_uniform,0.0,12,canonical_minus_ln,difference,0.0
70#7,PC_ON,Mach,dark_ramp_minus_uniform,0.0,16,canonical_minus_ln,difference,0.0
70#7,PC_ON,Mach,bright_ramp_minus_uniform,0.0,16,canonical_minus_ln,difference,0.0
70#7,PC_ON,Mach,dark_ramp_minus_uniform,0.0625,0,canonical_minus_ln,difference,-0.01755061117000878
70#7,PC_ON,Mach,bright_ramp_minus_uniform,0.0625,0,canonical_minus_ln,difference,0.000992456916719675
70#7,PC_ON,Mach,dark_ramp_minus_uniform,0.0625,2,canonical_minus_ln,difference,-0.01059509115293622
70#7,PC_ON,Mach,bright_ramp_minus_uniform,0.0625,2,canonical_minus_ln,difference,0.0028787137707695365
70#7,PC_ON,Mach,dark_ramp_minus_uniform,0.0625,4,canonical_minus_ln,difference,-0.003528594970703125
70#7,PC_ON,Mach,bright_ramp_minus_uniform,0.0625,4,canonical_minus_ln,difference,0.0001749834045767784
70#7,PC_ON,Mach,dark_ramp_minus_uniform,0.0625,8,canonical_minus_ln,difference,-0.001502092753071338
70#7,PC_ON,Mach,bright_ramp_minus_uniform,0.0625,8,canonical_minus_ln,difference,-6.35385513305664e-05
70#7,PC_ON,Mach,dark_ramp_minus_uniform,0.0625,12,canonical_minus_ln,difference,-0.0010014057043008506
70#7,PC_ON,Mach,bright_ramp_minus_uniform,0.0625,12,canonical_minus_ln,difference,-4.23510791733861e-05
70#7,PC_ON,Mach,dark_ramp_minus_uniform,0.0625,16,canonical_minus_ln,difference,-0.0007510582508984953
70#7,PC_ON,Mach,bright_ramp_minus_uniform,0.0625,16,canonical_minus_ln,difference,-3.174942685291171e-05
70#7,PC_ON,Mach,dark_ramp_minus_uniform,0.125,0,canonical_minus_ln,difference,-0.03509982489049435
70#7,PC_ON,Mach,bright_ramp_minus_uniform,0.125,0,canonical_minus_ln,difference,0.001980639062821865
70#7,PC_ON,Mach,dark_ramp_minus_uniform,0.125,2,canonical_minus_ln,difference,-0.021187424659729004
70#7,PC_ON,Mach,bright_ramp_minus_uniform,0.125,2,canonical_minus_ln,difference,0.005754661513492465
70#7,PC_ON,Mach,dark_ramp_minus_uniform,0.125,4,canonical_minus_ln,difference,-0.0070558947045356035
70#7,PC_ON,Mach,bright_ramp_minus_uniform,0.125,4,canonical_minus_ln,difference,0.0003486315254122019
70#7,PC_ON,Mach,dark_ramp_minus_uniform,0.125,8,canonical_minus_ln,difference,-0.003003541612997651
70#7,PC_ON,Mach,bright_ramp_minus_uniform,0.125,8,canonical_minus_ln,difference,-0.00012767314910888672
70#7,PC_ON,Mach,dark_ramp_minus_uniform,0.125,12,canonical_minus_ln,difference,-0.002002366352826357
70#7,PC_ON,Mach,bright_ramp_minus_uniform,0.125,12,canonical_minus_ln,difference,-8.510751649737358e-05
70#7,PC_ON,Mach,dark_ramp_minus_uniform,0.125,16,canonical_minus_ln,difference,-0.001501742983236909
70#7,PC_ON,Mach,bright_ramp_minus_uniform,0.125,16,canonical_minus_ln,difference,-6.383261643350124e-05
70#7,PC_ON,Mach,dark_ramp_minus_uniform,0.25,0,canonical_minus_ln,difference,-0.0701942602172494
70#7,PC_ON,Mach,bright_ramp_minus_uniform,0.25,0,canonical_minus_ln,difference,0.003944186493754387
70#7,PC_ON,Mach,dark_ramp_minus_uniform,0.25,2,canonical_minus_ln,difference,-0.04236396960914135
70#7,PC_ON,Mach,bright_ramp_minus_uniform,0.25,2,canonical_minus_ln,difference,0.011498435400426388
70#7,PC_ON,Mach,dark_ramp_minus_uniform,0.25,4,canonical_minus_ln,difference,-0.014106686692684889
70#7,PC_ON,Mach,bright_ramp_minus_uniform,0.25,4,canonical_minus_ln,difference,0.0006921966560184956
70#7,PC_ON,Mach,dark_ramp_minus_uniform,0.25,8,canonical_minus_ln,difference,-0.006004715105518699
70#7,PC_ON,Mach,bright_ramp_minus_uniform,0.25,8,canonical_minus_ln,difference,-0.00025775423273444176
70#7,PC_ON,Mach,dark_ramp_minus_uniform,0.25,12,canonical_minus_ln,difference,-0.004003175185061991
70#7,PC_ON,Mach,bright_ramp_minus_uniform,0.25,12,canonical_minus_ln,difference,-0.00017176475375890732
70#7,PC_ON,Mach,dark_ramp_minus_uniform,0.25,16,canonical_minus_ln,difference,-0.003002389334142208
70#7,PC_ON,Mach,bright_ramp_minus_uniform,0.25,16,canonical_minus_ln,difference,-0.00012882938608527184
70#7,PC_ON,Mach,dark_ramp_minus_uniform,0.375,0,canonical_minus_ln,difference,-0.10528318397700787
70#7,PC_ON,Mach,bright_ramp_minus_uniform,0.375,0,canonical_minus_ln,difference,0.005890641361474991
70#7,PC_ON,Mach,dark_ramp_minus_uniform,0.375,2,canonical_minus_ln,difference,-0.06352957151830196
70#7,PC_ON,Mach,bright_ramp_minus_uniform,0.375,2,canonical_minus_ln,difference,0.017231257166713476
70#7,PC_ON,Mach,dark_ramp_minus_uniform,0.375,4,canonical_minus_ln,difference,-0.021152313798666
70#7,PC_ON,Mach,bright_ramp_minus_uniform,0.375,4,canonical_minus_ln,difference,0.0010305717587471008
70#7,PC_ON,Mach,dark_ramp_minus_uniform,0.375,8,canonical_minus_ln,difference,-0.009003353072330356
70#7,PC_ON,Mach,bright_ramp_minus_uniform,0.375,8,canonical_minus_ln,difference,-0.00039031123742461205
70#7,PC_ON,Mach,dark_ramp_minus_uniform,0.375,12,canonical_minus_ln,difference,-0.006002338603138924
70#7,PC_ON,Mach,bright_ramp_minus_uniform,0.375,12,canonical_minus_ln,difference,-0.00026007089763879776
70#7,PC_ON,Mach,dark_ramp_minus_uniform,0.375,16,canonical_minus_ln,difference,-0.004501811694353819
70#7,PC_ON,Mach,bright_ramp_minus_uniform,0.375,16,canonical_minus_ln,difference,-0.0001950184814631939
70#7,PC_ON,Mach,dark_ramp_minus_uniform,0.5,0,canonical_minus_ln,difference,-0.14036665856838226
70#7,PC_ON,Mach,bright_ramp_minus_uniform,0.5,0,canonical_minus_ln,difference,0.007820036262273788
70#7,PC_ON,Mach,dark_ramp_minus_uniform,0.5,2,canonical_minus_ln,difference,-0.08468431606888771
70#7,PC_ON,Mach,bright_ramp_minus_uniform,0.5,2,canonical_minus_ln,difference,0.022953206673264503
70#7,PC_ON,Mach,dark_ramp_minus_uniform,0.5,4,canonical_minus_ln,difference,-0.02819283865392208
70#7,PC_ON,Mach,bright_ramp_minus_uniform,0.5,4,canonical_minus_ln,difference,0.0013638492673635483
70#7,PC_ON,Mach,dark_ramp_minus_uniform,0.5,8,canonical_minus_ln,difference,-0.01199956750497222
70#7,PC_ON,Mach,bright_ramp_minus_uniform,0.5,8,canonical_minus_ln,difference,-0.0005253152921795845
70#7,PC_ON,Mach,dark_ramp_minus_uniform,0.5,12,canonical_minus_ln,difference,-0.007999936817213893
70#7,PC_ON,Mach,bright_ramp_minus_uniform,0.5,12,canonical_minus_ln,difference,-0.0003499784506857395
70#7,PC_ON,Mach,dark_ramp_minus_uniform,0.5,16,canonical_minus_ln,difference,-0.005999986082315445
70#7,PC_ON,Mach,bright_ramp_minus_uniform,0.5,16,canonical_minus_ln,difference,-0.00026245880872011185
70#15,PC_ON,SBC,bright_minus_dark,0.0,0,canonical_minus_ln,difference,0.0
70#15,PC_ON,SBC,bright_minus_dark,0.0,2,canonical_minus_ln,difference,0.0
70#15,PC_ON,SBC,bright_minus_dark,0.0,4,canonical_minus_ln,difference,0.0
70#15,PC_ON,SBC,bright_minus_dark,0.0,6,canonical_minus_ln,difference,0.0
70#15,PC_ON,SBC,bright_minus_dark,0.0,8,canonical_minus_ln,difference,0.0
70#15,PC_ON,SBC,bright_minus_dark,0.0625,0,canonical_minus_ln,difference,0.0
70#15,PC_ON,SBC,bright_minus_dark,0.0625,2,canonical_minus_ln,difference,-0.03489780332893133
70#15,PC_ON,SBC,bright_minus_dark,0.0625,4,canonical_minus_ln,difference,-0.051751915365457535
70#15,PC_ON,SBC,bright_minus_dark,0.0625,6,canonical_minus_ln,difference,-0.055755987763404846
70#15,PC_ON,SBC,bright_minus_dark,0.0625,8,canonical_minus_ln,difference,-0.05392328090965748
70#15,PC_ON,SBC,bright_minus_dark,0.125,0,canonical_minus_ln,difference,0.0
70#15,PC_ON,SBC,bright_minus_dark,0.125,2,canonical_minus_ln,difference,-0.06978961452841759
70#15,PC_ON,SBC,bright_minus_dark,0.125,4,canonical_minus_ln,difference,-0.10349779203534126
70#15,PC_ON,SBC,bright_minus_dark,0.125,6,canonical_minus_ln,difference,-0.11150593683123589
70#15,PC_ON,SBC,bright_minus_dark,0.125,8,canonical_minus_ln,difference,-0.10784060508012772
70#15,PC_ON,SBC,bright_minus_dark,0.25,0,canonical_minus_ln,difference,0.0
70#15,PC_ON,SBC,bright_minus_dark,0.25,2,canonical_minus_ln,difference,-0.13955537229776382
70#15,PC_ON,SBC,bright_minus_dark,0.25,4,canonical_minus_ln,difference,-0.2069714516401291
70#15,PC_ON,SBC,bright_minus_dark,0.25,6,canonical_minus_ln,difference,-0.22298786044120789
70#15,PC_ON,SBC,bright_minus_dark,0.25,8,canonical_minus_ln,difference,-0.21565715968608856
70#15,PC_ON,SBC,bright_minus_dark,0.375,0,canonical_minus_ln,difference,0.0
70#15,PC_ON,SBC,bright_minus_dark,0.375,2,canonical_minus_ln,difference,-0.20929733663797379
70#15,PC_ON,SBC,bright_minus_dark,0.375,4,canonical_minus_ln,difference,-0.3104211688041687
70#15,PC_ON,SBC,bright_minus_dark,0.375,6,canonical_minus_ln,difference,-0.3344457745552063
70#15,PC_ON,SBC,bright_minus_dark,0.375,8,canonical_minus_ln,difference,-0.32344965636730194
70#15,PC_ON,SBC,bright_minus_dark,0.5,0,canonical_minus_ln,difference,0.0
70#15,PC_ON,SBC,bright_minus_dark,0.5,2,canonical_minus_ln,difference,-0.27901550382375717
70#15,PC_ON,SBC,bright_minus_dark,0.5,4,canonical_minus_ln,difference,-0.41384685039520264
70#15,PC_ON,SBC,bright_minus_dark,0.5,6,canonical_minus_ln,difference,-0.44587957859039307
70#15,PC_ON,SBC,bright_minus_dark,0.5,8,canonical_minus_ln,difference,-0.431218221783638
70#15,PC_ON,Mach,dark_ramp_minus_uniform,0.0,0,canonical_minus_ln,difference,0.0
70#15,PC_ON,Mach,bright_ramp_minus_uniform,0.0,0,canonical_minus_ln,difference,0.0
70#15,PC_ON,Mach,dark_ramp_minus_uniform,0.0,2,canonical_minus_ln,difference,0.0
70#15,PC_ON,Mach,bright_ramp_minus_uniform,0.0,2,canonical_minus_ln,difference,0.0
70#15,PC_ON,Mach,dark_ramp_minus_uniform,0.0,4,canonical_minus_ln,difference,0.0
70#15,PC_ON,Mach,bright_ramp_minus_uniform,0.0,4,canonical_minus_ln,difference,0.0
70#15,PC_ON,Mach,dark_ramp_minus_uniform,0.0,8,canonical_minus_ln,difference,0.0
70#15,PC_ON,Mach,bright_ramp_minus_uniform,0.0,8,canonical_minus_ln,difference,0.0
70#15,PC_ON,Mach,dark_ramp_minus_uniform,0.0,12,canonical_minus_ln,difference,0.0
70#15,PC_ON,Mach,bright_ramp_minus_uniform,0.0,12,canonical_minus_ln,difference,0.0
70#15,PC_ON,Mach,dark_ramp_minus_uniform,0.0,16,canonical_minus_ln,difference,0.0
70#15,PC_ON,Mach,bright_ramp_minus_uniform,0.0,16,canonical_minus_ln,difference,0.0
70#15,PC_ON,Mach,dark_ramp_minus_uniform,0.0625,0,canonical_minus_ln,difference,-0.005868800566531718
70#15,PC_ON,Mach,bright_ramp_minus_uniform,0.0625,0,canonical_minus_ln,difference,0.02728319074958563
70#15,PC_ON,Mach,dark_ramp_minus_uniform,0.0625,2,canonical_minus_ln,difference,-0.005731383862439543
70#15,PC_ON,Mach,bright_ramp_minus_uniform,0.0625,2,canonical_minus_ln,difference,0.029692245181649923
70#15,PC_ON,Mach,dark_ramp_minus_uniform,0.0625,4,canonical_minus_ln,difference,-0.0021457195980474353
70#15,PC_ON,Mach,bright_ramp_minus_uniform,0.0625,4,canonical_minus_ln,difference,0.019707687897607684
70#15,PC_ON,Mach,dark_ramp_minus_uniform,0.0625,8,canonical_minus_ln,difference,-0.0008481343975290656
70#15,PC_ON,Mach,bright_ramp_minus_uniform,0.0625,8,canonical_minus_ln,difference,0.009925397695042193
70#15,PC_ON,Mach,dark_ramp_minus_uniform,0.0625,12,canonical_minus_ln,difference,-0.0005654414417222142
70#15,PC_ON,Mach,bright_ramp_minus_uniform,0.0625,12,canonical_minus_ln,difference,0.006616926228161901
70#15,PC_ON,Mach,dark_ramp_minus_uniform,0.0625,16,canonical_minus_ln,difference,-0.0004241148417349905
70#15,PC_ON,Mach,bright_ramp_minus_uniform,0.0625,16,canonical_minus_ln,difference,0.0049627142725512385
70#15,PC_ON,Mach,dark_ramp_minus_uniform,0.125,0,canonical_minus_ln,difference,-0.011734517058357596
70#15,PC_ON,Mach,bright_ramp_minus_uniform,0.125,0,canonical_minus_ln,difference,0.054561990313231945
70#15,PC_ON,Mach,dark_ramp_minus_uniform,0.125,2,canonical_minus_ln,difference,-0.011459048895630985
70#15,PC_ON,Mach,bright_ramp_minus_uniform,0.125,2,canonical_minus_ln,difference,0.059380801394581795
70#15,PC_ON,Mach,dark_ramp_minus_uniform,0.125,4,canonical_minus_ln,difference,-0.004289809963665903
70#15,PC_ON,Mach,bright_ramp_minus_uniform,0.125,4,canonical_minus_ln,difference,0.039413752499967813
70#15,PC_ON,Mach,dark_ramp_minus_uniform,0.125,8,canonical_minus_ln,difference,-0.0016955056926235557
70#15,PC_ON,Mach,bright_ramp_minus_uniform,0.125,8,canonical_minus_ln,difference,0.019849999342113733
70#15,PC_ON,Mach,dark_ramp_minus_uniform,0.125,12,canonical_minus_ln,difference,-0.0011303265928290784
70#15,PC_ON,Mach,bright_ramp_minus_uniform,0.125,12,canonical_minus_ln,difference,0.01323339925147593
70#15,PC_ON,Mach,dark_ramp_minus_uniform,0.125,16,canonical_minus_ln,difference,-0.0008477449882775545
70#15,PC_ON,Mach,bright_ramp_minus_uniform,0.125,16,canonical_minus_ln,difference,0.009925031568855047
70#15,PC_ON,Mach,dark_ramp_minus_uniform,0.25,0,canonical_minus_ln,difference,-0.02345667639747262
70#15,PC_ON,Mach,bright_ramp_minus_uniform,0.25,0,canonical_minus_ln,difference,0.10910630039870739
70#15,PC_ON,Mach,dark_ramp_minus_uniform,0.25,2,canonical_minus_ln,difference,-0.02290322072803974
70#15,PC_ON,Mach,bright_ramp_minus_uniform,0.25,2,canonical_minus_ln,difference,0.11874664761126041
70#15,PC_ON,Mach,dark_ramp_minus_uniform,0.25,4,canonical_minus_ln,difference,-0.008572808932512999
70#15,PC_ON,Mach,bright_ramp_minus_uniform,0.25,4,canonical_minus_ln,difference,0.07882057037204504
70#15,PC_ON,Mach,dark_ramp_minus_uniform,0.25,8,canonical_minus_ln,difference,-0.0033877373207360506
70#15,PC_ON,Mach,bright_ramp_minus_uniform,0.25,8,canonical_minus_ln,difference,0.03969673486426473
70#15,PC_ON,Mach,dark_ramp_minus_uniform,0.25,12,canonical_minus_ln,difference,-0.0022585709812119603
70#15,PC_ON,Mach,bright_ramp_minus_uniform,0.25,12,canonical_minus_ln,difference,0.026464565424248576
70#15,PC_ON,Mach,dark_ramp_minus_uniform,0.25,16,canonical_minus_ln,difference,-0.001693948172032833
70#15,PC_ON,Mach,bright_ramp_minus_uniform,0.25,16,canonical_minus_ln,difference,0.01984845823608339
70#15,PC_ON,Mach,dark_ramp_minus_uniform,0.375,0,canonical_minus_ln,difference,-0.03516652528196573
70#15,PC_ON,Mach,bright_ramp_minus_uniform,0.375,0,canonical_minus_ln,difference,0.16363298520445824
70#15,PC_ON,Mach,dark_ramp_minus_uniform,0.375,2,canonical_minus_ln,difference,-0.03433250484522432
70#15,PC_ON,Mach,bright_ramp_minus_uniform,0.375,2,canonical_minus_ln,difference,0.1780976578593254
70#15,PC_ON,Mach,dark_ramp_minus_uniform,0.375,4,canonical_minus_ln,difference,-0.012848957674577832
70#15,PC_ON,Mach,bright_ramp_minus_uniform,0.375,4,canonical_minus_ln,difference,0.11822064965963364
70#15,PC_ON,Mach,dark_ramp_minus_uniform,0.375,8,canonical_minus_ln,difference,-0.005076734581962228
70#15,PC_ON,Mach,bright_ramp_minus_uniform,0.375,8,canonical_minus_ln,difference,0.0595402242615819
70#15,PC_ON,Mach,dark_ramp_minus_uniform,0.375,12,canonical_minus_ln,difference,-0.0033846693113446236
70#15,PC_ON,Mach,bright_ramp_minus_uniform,0.375,12,canonical_minus_ln,difference,0.03969366569072008
70#15,PC_ON,Mach,dark_ramp_minus_uniform,0.375,16,canonical_minus_ln,difference,-0.0025385775370523334
70#15,PC_ON,Mach,bright_ramp_minus_uniform,0.375,16,canonical_minus_ln,difference,0.029770287685096264
70#15,PC_ON,Mach,dark_ramp_minus_uniform,0.5,0,canonical_minus_ln,difference,-0.046863905154168606
70#15,PC_ON,Mach,bright_ramp_minus_uniform,0.5,0,canonical_minus_ln,difference,0.21814217045903206
70#15,PC_ON,Mach,dark_ramp_minus_uniform,0.5,2,canonical_minus_ln,difference,-0.045746936928480864
70#15,PC_ON,Mach,bright_ramp_minus_uniform,0.5,2,canonical_minus_ln,difference,0.23743391036987305
70#15,PC_ON,Mach,dark_ramp_minus_uniform,0.5,4,canonical_minus_ln,difference,-0.017118286807090044
70#15,PC_ON,Mach,bright_ramp_minus_uniform,0.5,4,canonical_minus_ln,difference,0.15761385671794415
70#15,PC_ON,Mach,dark_ramp_minus_uniform,0.5,8,canonical_minus_ln,difference,-0.006762488279491663
70#15,PC_ON,Mach,bright_ramp_minus_uniform,0.5,8,canonical_minus_ln,difference,0.07938046753406525
70#15,PC_ON,Mach,dark_ramp_minus_uniform,0.5,12,canonical_minus_ln,difference,-0.004508614772930741
70#15,PC_ON,Mach,bright_ramp_minus_uniform,0.5,12,canonical_minus_ln,difference,0.05292061157524586
70#15,PC_ON,Mach,dark_ramp_minus_uniform,0.5,16,canonical_minus_ln,difference,-0.0033815542701631784
70#15,PC_ON,Mach,bright_ramp_minus_uniform,0.5,16,canonical_minus_ln,difference,0.03969053365290165
70#34,MC_ON,SBC,bright_minus_dark,0.0,0,canonical_minus_ln,difference,0.0
70#34,MC_ON,SBC,bright_minus_dark,0.0,2,canonical_minus_ln,difference,0.0
70#34,MC_ON,SBC,bright_minus_dark,0.0,4,canonical_minus_ln,difference,0.0
70#34,MC_ON,SBC,bright_minus_dark,0.0,6,canonical_minus_ln,difference,0.0
70#34,MC_ON,SBC,bright_minus_dark,0.0,8,canonical_minus_ln,difference,0.0
70#34,MC_ON,SBC,bright_minus_dark,0.0625,0,canonical_minus_ln,difference,0.0
70#34,MC_ON,SBC,bright_minus_dark,0.0625,2,canonical_minus_ln,difference,-0.060737863183021545
70#34,MC_ON,SBC,bright_minus_dark,0.0625,4,canonical_minus_ln,difference,-0.050291648134589195
70#34,MC_ON,SBC,bright_minus_dark,0.0625,6,canonical_minus_ln,difference,-0.04520026920363307
70#34,MC_ON,SBC,bright_minus_dark,0.0625,8,canonical_minus_ln,difference,-0.04433053405955434
70#34,MC_ON,SBC,bright_minus_dark,0.125,0,canonical_minus_ln,difference,0.0
70#34,MC_ON,SBC,bright_minus_dark,0.125,2,canonical_minus_ln,difference,-0.1214609146118164
70#34,MC_ON,SBC,bright_minus_dark,0.125,4,canonical_minus_ln,difference,-0.10056835785508156
70#34,MC_ON,SBC,bright_minus_dark,0.125,6,canonical_minus_ln,difference,-0.09038538672029972
70#34,MC_ON,SBC,bright_minus_dark,0.125,8,canonical_minus_ln,difference,-0.08864588756114244
70#34,MC_ON,SBC,bright_minus_dark,0.25,0,canonical_minus_ln,difference,0.0
70#34,MC_ON,SBC,bright_minus_dark,0.25,2,canonical_minus_ln,difference,-0.24286307394504547
70#34,MC_ON,SBC,bright_minus_dark,0.25,4,canonical_minus_ln,difference,-0.2010764144361019
70#34,MC_ON,SBC,bright_minus_dark,0.25,6,canonical_minus_ln,difference,-0.18071036785840988
70#34,MC_ON,SBC,bright_minus_dark,0.25,8,canonical_minus_ln,difference,-0.1772313080728054
70#34,MC_ON,SBC,bright_minus_dark,0.375,0,canonical_minus_ln,difference,0.0
70#34,MC_ON,SBC,bright_minus_dark,0.375,2,canonical_minus_ln,difference,-0.3642061948776245
70#34,MC_ON,SBC,bright_minus_dark,0.375,4,canonical_minus_ln,difference,-0.3015242964029312
70#34,MC_ON,SBC,bright_minus_dark,0.375,6,canonical_minus_ln,difference,-0.27097501419484615
70#34,MC_ON,SBC,bright_minus_dark,0.375,8,canonical_minus_ln,difference,-0.26575646363198757
70#34,MC_ON,SBC,bright_minus_dark,0.5,0,canonical_minus_ln,difference,0.0
70#34,MC_ON,SBC,bright_minus_dark,0.5,2,canonical_minus_ln,difference,-0.485490620136261
70#34,MC_ON,SBC,bright_minus_dark,0.5,4,canonical_minus_ln,difference,-0.4019120782613754
70#34,MC_ON,SBC,bright_minus_dark,0.5,6,canonical_minus_ln,difference,-0.3611793741583824
70#34,MC_ON,SBC,bright_minus_dark,0.5,8,canonical_minus_ln,difference,-0.3542213849723339
70#34,MC_ON,Mach,dark_ramp_minus_uniform,0.0,0,canonical_minus_ln,difference,0.0
70#34,MC_ON,Mach,bright_ramp_minus_uniform,0.0,0,canonical_minus_ln,difference,0.0
70#34,MC_ON,Mach,dark_ramp_minus_uniform,0.0,2,canonical_minus_ln,difference,0.0
70#34,MC_ON,Mach,bright_ramp_minus_uniform,0.0,2,canonical_minus_ln,difference,0.0
70#34,MC_ON,Mach,dark_ramp_minus_uniform,0.0,4,canonical_minus_ln,difference,0.0
70#34,MC_ON,Mach,bright_ramp_minus_uniform,0.0,4,canonical_minus_ln,difference,0.0
70#34,MC_ON,Mach,dark_ramp_minus_uniform,0.0,8,canonical_minus_ln,difference,0.0
70#34,MC_ON,Mach,bright_ramp_minus_uniform,0.0,8,canonical_minus_ln,difference,0.0
70#34,MC_ON,Mach,dark_ramp_minus_uniform,0.0,12,canonical_minus_ln,difference,0.0
70#34,MC_ON,Mach,bright_ramp_minus_uniform,0.0,12,canonical_minus_ln,difference,0.0
70#34,MC_ON,Mach,dark_ramp_minus_uniform,0.0,16,canonical_minus_ln,difference,0.0
70#34,MC_ON,Mach,bright_ramp_minus_uniform,0.0,16,canonical_minus_ln,difference,0.0
70#34,MC_ON,Mach,dark_ramp_minus_uniform,0.0625,0,canonical_minus_ln,difference,0.01639909716323018
70#34,MC_ON,Mach,bright_ramp_minus_uniform,0.0625,0,canonical_minus_ln,difference,0.00747858639806509
70#34,MC_ON,Mach,dark_ramp_minus_uniform,0.0625,2,canonical_minus_ln,difference,0.00583980861119926
70#34,MC_ON,Mach,bright_ramp_minus_uniform,0.0625,2,canonical_minus_ln,difference,0.012345981551334262
70#34,MC_ON,Mach,dark_ramp_minus_uniform,0.0625,4,canonical_minus_ln,difference,0.0037997247418388724
70#34,MC_ON,Mach,bright_ramp_minus_uniform,0.0625,4,canonical_minus_ln,difference,0.002899932791478932
70#34,MC_ON,Mach,dark_ramp_minus_uniform,0.0625,8,canonical_minus_ln,difference,0.001967064483324066
70#34,MC_ON,Mach,bright_ramp_minus_uniform,0.0625,8,canonical_minus_ln,difference,0.0009953657572623342
70#34,MC_ON,Mach,dark_ramp_minus_uniform,0.0625,12,canonical_minus_ln,difference,0.001311349929892458
70#34,MC_ON,Mach,bright_ramp_minus_uniform,0.0625,12,canonical_minus_ln,difference,0.0006635904283029959
70#34,MC_ON,Mach,dark_ramp_minus_uniform,0.0625,16,canonical_minus_ln,difference,0.0009835561068030074
70#34,MC_ON,Mach,bright_ramp_minus_uniform,0.0625,16,canonical_minus_ln,difference,0.0004976749332854524
70#34,MC_ON,Mach,dark_ramp_minus_uniform,0.125,0,canonical_minus_ln,difference,0.03279347438365221
70#34,MC_ON,Mach,bright_ramp_minus_uniform,0.125,0,canonical_minus_ln,difference,0.01495084771886468
70#34,MC_ON,Mach,dark_ramp_minus_uniform,0.125,2,canonical_minus_ln,difference,0.011679148767143488
70#34,MC_ON,Mach,bright_ramp_minus_uniform,0.125,2,canonical_minus_ln,difference,0.02469237567856908
70#34,MC_ON,Mach,dark_ramp_minus_uniform,0.125,4,canonical_minus_ln,difference,0.00759910698980093
70#34,MC_ON,Mach,bright_ramp_minus_uniform,0.125,4,canonical_minus_ln,difference,0.005800326820462942
70#34,MC_ON,Mach,dark_ramp_minus_uniform,0.125,8,canonical_minus_ln,difference,0.003933859057724476
70#34,MC_ON,Mach,bright_ramp_minus_uniform,0.125,8,canonical_minus_ln,difference,0.001991017605178058
70#34,MC_ON,Mach,dark_ramp_minus_uniform,0.125,12,canonical_minus_ln,difference,0.0026225805340800434
70#34,MC_ON,Mach,bright_ramp_minus_uniform,0.125,12,canonical_minus_ln,difference,0.0013273874938022345
70#34,MC_ON,Mach,dark_ramp_minus_uniform,0.125,16,canonical_minus_ln,difference,0.0019669054890982807
70#34,MC_ON,Mach,bright_ramp_minus_uniform,0.125,16,canonical_minus_ln,difference,0.0009955008863471448
70#34,MC_ON,Mach,dark_ramp_minus_uniform,0.25,0,canonical_minus_ln,difference,0.06556880287826061
70#34,MC_ON,Mach,bright_ramp_minus_uniform,0.25,0,canonical_minus_ln,difference,0.029876050539314747
70#34,MC_ON,Mach,dark_ramp_minus_uniform,0.25,2,canonical_minus_ln,difference,0.023356851655989885
70#34,MC_ON,Mach,bright_ramp_minus_uniform,0.25,2,canonical_minus_ln,difference,0.04938627174124122
70#34,MC_ON,Mach,dark_ramp_minus_uniform,0.25,4,canonical_minus_ln,difference,0.015197006985545158
70#34,MC_ON,Mach,bright_ramp_minus_uniform,0.25,4,canonical_minus_ln,difference,0.011601774021983147
70#34,MC_ON,Mach,dark_ramp_minus_uniform,0.25,8,canonical_minus_ln,difference,0.007867066073231399
70#34,MC_ON,Mach,bright_ramp_minus_uniform,0.25,8,canonical_minus_ln,difference,0.00398272683378309
70#34,MC_ON,Mach,dark_ramp_minus_uniform,0.25,12,canonical_minus_ln,difference,0.005244612810201943
70#34,MC_ON,Mach,bright_ramp_minus_uniform,0.25,12,canonical_minus_ln,difference,0.002655204152688384
70#34,MC_ON,Mach,dark_ramp_minus_uniform,0.25,16,canonical_minus_ln,difference,0.003933453583158553
70#34,MC_ON,Mach,bright_ramp_minus_uniform,0.25,16,canonical_minus_ln,difference,0.001991438795812428
70#34,MC_ON,Mach,dark_ramp_minus_uniform,0.375,0,canonical_minus_ln,difference,0.09832573682069778
70#34,MC_ON,Mach,bright_ramp_minus_uniform,0.375,0,canonical_minus_ln,difference,0.04477574955672026
70#34,MC_ON,Mach,dark_ramp_minus_uniform,0.375,2,canonical_minus_ln,difference,0.035032947547733784
70#34,MC_ON,Mach,bright_ramp_minus_uniform,0.375,2,canonical_minus_ln,difference,0.0740817254409194
70#34,MC_ON,Mach,dark_ramp_minus_uniform,0.375,4,canonical_minus_ln,difference,0.02279374562203884
70#34,MC_ON,Mach,bright_ramp_minus_uniform,0.375,4,canonical_minus_ln,difference,0.0174044924788177
70#34,MC_ON,Mach,dark_ramp_minus_uniform,0.375,8,canonical_minus_ln,difference,0.011799423256888986
70#34,MC_ON,Mach,bright_ramp_minus_uniform,0.375,8,canonical_minus_ln,difference,0.0059752066154032946
70#34,MC_ON,Mach,dark_ramp_minus_uniform,0.375,12,canonical_minus_ln,difference,0.007866144413128495
70#34,MC_ON,Mach,bright_ramp_minus_uniform,0.375,12,canonical_minus_ln,difference,0.003983608912676573
70#34,MC_ON,Mach,dark_ramp_minus_uniform,0.375,16,canonical_minus_ln,difference,0.005899612209759653
70#34,MC_ON,Mach,bright_ramp_minus_uniform,0.375,16,canonical_minus_ln,difference,0.00298772647511214
70#34,MC_ON,Mach,dark_ramp_minus_uniform,0.5,0,canonical_minus_ln,difference,0.13106442615389824
70#34,MC_ON,Mach,bright_ramp_minus_uniform,0.5,0,canonical_minus_ln,difference,0.059649817645549774
70#34,MC_ON,Mach,dark_ramp_minus_uniform,0.5,2,canonical_minus_ln,difference,0.04670752864331007
70#34,MC_ON,Mach,bright_ramp_minus_uniform,0.5,2,canonical_minus_ln,difference,0.09877863712608814
70#34,MC_ON,Mach,dark_ramp_minus_uniform,0.5,4,canonical_minus_ln,difference,0.030389245599508286
70#34,MC_ON,Mach,bright_ramp_minus_uniform,0.5,4,canonical_minus_ln,difference,0.023208356462419033
70#34,MC_ON,Mach,dark_ramp_minus_uniform,0.5,8,canonical_minus_ln,difference,0.015731152379885316
70#34,MC_ON,Mach,bright_ramp_minus_uniform,0.5,8,canonical_minus_ln,difference,0.007968362187966704
70#34,MC_ON,Mach,dark_ramp_minus_uniform,0.5,12,canonical_minus_ln,difference,0.010487167397513986
70#34,MC_ON,Mach,bright_ramp_minus_uniform,0.5,12,canonical_minus_ln,difference,0.005312482360750437
70#34,MC_ON,Mach,dark_ramp_minus_uniform,0.5,16,canonical_minus_ln,difference,0.007865294115617871
70#34,MC_ON,Mach,bright_ramp_minus_uniform,0.5,16,canonical_minus_ln,difference,0.003984467242844403
67#4,PC_OFF,SBC,bright_minus_dark,0.0,0,canonical_minus_cnn,difference,0.0
67#4,PC_OFF,SBC,bright_minus_dark,0.0,2,canonical_minus_cnn,difference,0.0
67#4,PC_OFF,SBC,bright_minus_dark,0.0,4,canonical_minus_cnn,difference,0.0
67#4,PC_OFF,SBC,bright_minus_dark,0.0,6,canonical_minus_cnn,difference,0.0
67#4,PC_OFF,SBC,bright_minus_dark,0.0,8,canonical_minus_cnn,difference,0.0
67#4,PC_OFF,SBC,bright_minus_dark,0.0625,0,canonical_minus_cnn,difference,0.0
67#4,PC_OFF,SBC,bright_minus_dark,0.0625,2,canonical_minus_cnn,difference,0.04868670739233494
67#4,PC_OFF,SBC,bright_minus_dark,0.0625,4,canonical_minus_cnn,difference,0.12545874621719122
67#4,PC_OFF,SBC,bright_minus_dark,0.0625,6,canonical_minus_cnn,difference,0.16102876048535109
67#4,PC_OFF,SBC,bright_minus_dark,0.0625,8,canonical_minus_cnn,difference,0.16923587676137686
67#4,PC_OFF,SBC,bright_minus_dark,0.125,0,canonical_minus_cnn,difference,0.0
67#4,PC_OFF,SBC,bright_minus_dark,0.125,2,canonical_minus_cnn,difference,0.08935555256903172
67#4,PC_OFF,SBC,bright_minus_dark,0.125,4,canonical_minus_cnn,difference,0.2003232091665268
67#4,PC_OFF,SBC,bright_minus_dark,0.125,6,canonical_minus_cnn,difference,0.24236081913113594
67#4,PC_OFF,SBC,bright_minus_dark,0.125,8,canonical_minus_cnn,difference,0.25605867244303226
67#4,PC_OFF,SBC,bright_minus_dark,0.25,0,canonical_minus_cnn,difference,0.0
67#4,PC_OFF,SBC,bright_minus_dark,0.25,2,canonical_minus_cnn,difference,0.15558600053191185
67#4,PC_OFF,SBC,bright_minus_dark,0.25,4,canonical_minus_cnn,difference,0.31733468547463417
67#4,PC_OFF,SBC,bright_minus_dark,0.25,6,canonical_minus_cnn,difference,0.3956727758049965
67#4,PC_OFF,SBC,bright_minus_dark,0.25,8,canonical_minus_cnn,difference,0.42285292968153954
67#4,PC_OFF,SBC,bright_minus_dark,0.375,0,canonical_minus_cnn,difference,0.0
67#4,PC_OFF,SBC,bright_minus_dark,0.375,2,canonical_minus_cnn,difference,0.2128218486905098
67#4,PC_OFF,SBC,bright_minus_dark,0.375,4,canonical_minus_cnn,difference,0.4302899166941643
67#4,PC_OFF,SBC,bright_minus_dark,0.375,6,canonical_minus_cnn,difference,0.5480103343725204
67#4,PC_OFF,SBC,bright_minus_dark,0.375,8,canonical_minus_cnn,difference,0.5886427983641624
67#4,PC_OFF,SBC,bright_minus_dark,0.5,0,canonical_minus_cnn,difference,0.0
67#4,PC_OFF,SBC,bright_minus_dark,0.5,2,canonical_minus_cnn,difference,0.2676437646150589
67#4,PC_OFF,SBC,bright_minus_dark,0.5,4,canonical_minus_cnn,difference,0.5429173707962036
67#4,PC_OFF,SBC,bright_minus_dark,0.5,6,canonical_minus_cnn,difference,0.699138268828392
67#4,PC_OFF,SBC,bright_minus_dark,0.5,8,canonical_minus_cnn,difference,0.7511195689439774
67#4,PC_OFF,Mach,dark_ramp_minus_uniform,0.0,0,canonical_minus_cnn,difference,0.0
67#4,PC_OFF,Mach,bright_ramp_minus_uniform,0.0,0,canonical_minus_cnn,difference,0.0
67#4,PC_OFF,Mach,dark_ramp_minus_uniform,0.0,2,canonical_minus_cnn,difference,0.0
67#4,PC_OFF,Mach,bright_ramp_minus_uniform,0.0,2,canonical_minus_cnn,difference,0.0
67#4,PC_OFF,Mach,dark_ramp_minus_uniform,0.0,4,canonical_minus_cnn,difference,0.0
67#4,PC_OFF,Mach,bright_ramp_minus_uniform,0.0,4,canonical_minus_cnn,difference,0.0
67#4,PC_OFF,Mach,dark_ramp_minus_uniform,0.0,8,canonical_minus_cnn,difference,0.0
67#4,PC_OFF,Mach,bright_ramp_minus_uniform,0.0,8,canonical_minus_cnn,difference,0.0
67#4,PC_OFF,Mach,dark_ramp_minus_uniform,0.0,12,canonical_minus_cnn,difference,0.0
67#4,PC_OFF,Mach,bright_ramp_minus_uniform,0.0,12,canonical_minus_cnn,difference,0.0
67#4,PC_OFF,Mach,dark_ramp_minus_uniform,0.0,16,canonical_minus_cnn,difference,0.0
67#4,PC_OFF,Mach,bright_ramp_minus_uniform,0.0,16,canonical_minus_cnn,difference,0.0
67#4,PC_OFF,Mach,dark_ramp_minus_uniform,0.0625,0,canonical_minus_cnn,difference,0.09701729752123356
67#4,PC_OFF,Mach,bright_ramp_minus_uniform,0.0625,0,canonical_minus_cnn,difference,-0.0355532334651798
67#4,PC_OFF,Mach,dark_ramp_minus_uniform,0.0625,2,canonical_minus_cnn,difference,0.09490364091470838
67#4,PC_OFF,Mach,bright_ramp_minus_uniform,0.0625,2,canonical_minus_cnn,difference,-0.03443144308403134
67#4,PC_OFF,Mach,dark_ramp_minus_uniform,0.0625,4,canonical_minus_cnn,difference,0.07859561697114259
67#4,PC_OFF,Mach,bright_ramp_minus_uniform,0.0625,4,canonical_minus_cnn,difference,-0.02225784515030682
67#4,PC_OFF,Mach,dark_ramp_minus_uniform,0.0625,8,canonical_minus_cnn,difference,0.04546101141022518
67#4,PC_OFF,Mach,bright_ramp_minus_uniform,0.0625,8,canonical_minus_cnn,difference,-0.009780247928574681
67#4,PC_OFF,Mach,dark_ramp_minus_uniform,0.0625,12,canonical_minus_cnn,difference,0.02681109495460987
67#4,PC_OFF,Mach,bright_ramp_minus_uniform,0.0625,12,canonical_minus_cnn,difference,-0.005746106093283743
67#4,PC_OFF,Mach,dark_ramp_minus_uniform,0.0625,16,canonical_minus_cnn,difference,0.017918142169946805
67#4,PC_OFF,Mach,bright_ramp_minus_uniform,0.0625,16,canonical_minus_cnn,difference,-0.004128153988858685
67#4,PC_OFF,Mach,dark_ramp_minus_uniform,0.125,0,canonical_minus_cnn,difference,0.1357003878802061
67#4,PC_OFF,Mach,bright_ramp_minus_uniform,0.125,0,canonical_minus_cnn,difference,-0.05075368471443653
67#4,PC_OFF,Mach,dark_ramp_minus_uniform,0.125,2,canonical_minus_cnn,difference,0.13378426525741816
67#4,PC_OFF,Mach,bright_ramp_minus_uniform,0.125,2,canonical_minus_cnn,difference,-0.04503932362422347
67#4,PC_OFF,Mach,dark_ramp_minus_uniform,0.125,4,canonical_minus_cnn,difference,0.11077050468884408
67#4,PC_OFF,Mach,bright_ramp_minus_uniform,0.125,4,canonical_minus_cnn,difference,-0.02941214246675372
67#4,PC_OFF,Mach,dark_ramp_minus_uniform,0.125,8,canonical_minus_cnn,difference,0.06079432193655521
67#4,PC_OFF,Mach,bright_ramp_minus_uniform,0.125,8,canonical_minus_cnn,difference,-0.01716395968105644
67#4,PC_OFF,Mach,dark_ramp_minus_uniform,0.125,12,canonical_minus_cnn,difference,0.029562135343439877
67#4,PC_OFF,Mach,bright_ramp_minus_uniform,0.125,12,canonical_minus_cnn,difference,-0.010973171214573085
67#4,PC_OFF,Mach,dark_ramp_minus_uniform,0.125,16,canonical_minus_cnn,difference,0.01730916550150141
67#4,PC_OFF,Mach,bright_ramp_minus_uniform,0.125,16,canonical_minus_cnn,difference,-0.008334000769536942
67#4,PC_OFF,Mach,dark_ramp_minus_uniform,0.25,0,canonical_minus_cnn,difference,0.20743145048618317
67#4,PC_OFF,Mach,bright_ramp_minus_uniform,0.25,0,canonical_minus_cnn,difference,-0.0788295604288578
67#4,PC_OFF,Mach,dark_ramp_minus_uniform,0.25,2,canonical_minus_cnn,difference,0.21336174476891756
67#4,PC_OFF,Mach,bright_ramp_minus_uniform,0.25,2,canonical_minus_cnn,difference,-0.06696247775107622
67#4,PC_OFF,Mach,dark_ramp_minus_uniform,0.25,4,canonical_minus_cnn,difference,0.17914971429854631
67#4,PC_OFF,Mach,bright_ramp_minus_uniform,0.25,4,canonical_minus_cnn,difference,-0.039576980751007795
67#4,PC_OFF,Mach,dark_ramp_minus_uniform,0.25,8,canonical_minus_cnn,difference,0.09359827591106296
67#4,PC_OFF,Mach,bright_ramp_minus_uniform,0.25,8,canonical_minus_cnn,difference,-0.030086370650678873
67#4,PC_OFF,Mach,dark_ramp_minus_uniform,0.25,12,canonical_minus_cnn,difference,0.04298436385579407
67#4,PC_OFF,Mach,bright_ramp_minus_uniform,0.25,12,canonical_minus_cnn,difference,-0.021000174339860678
67#4,PC_OFF,Mach,dark_ramp_minus_uniform,0.25,16,canonical_minus_cnn,difference,0.02956511511001736
67#4,PC_OFF,Mach,bright_ramp_minus_uniform,0.25,16,canonical_minus_cnn,difference,-0.016260989825241268
67#4,PC_OFF,Mach,dark_ramp_minus_uniform,0.375,0,canonical_minus_cnn,difference,0.2793632857501507
67#4,PC_OFF,Mach,bright_ramp_minus_uniform,0.375,0,canonical_minus_cnn,difference,-0.1076092179864645
67#4,PC_OFF,Mach,dark_ramp_minus_uniform,0.375,2,canonical_minus_cnn,difference,0.2915658690035343
67#4,PC_OFF,Mach,bright_ramp_minus_uniform,0.375,2,canonical_minus_cnn,difference,-0.09013127535581589
67#4,PC_OFF,Mach,dark_ramp_minus_uniform,0.375,4,canonical_minus_cnn,difference,0.2469981573522091
67#4,PC_OFF,Mach,bright_ramp_minus_uniform,0.375,4,canonical_minus_cnn,difference,-0.04923079162836075
67#4,PC_OFF,Mach,dark_ramp_minus_uniform,0.375,8,canonical_minus_cnn,difference,0.1262868749909103
67#4,PC_OFF,Mach,bright_ramp_minus_uniform,0.375,8,canonical_minus_cnn,difference,-0.04176247073337436
67#4,PC_OFF,Mach,dark_ramp_minus_uniform,0.375,12,canonical_minus_cnn,difference,0.06011879350990057
67#4,PC_OFF,Mach,bright_ramp_minus_uniform,0.375,12,canonical_minus_cnn,difference,-0.031519708689302206
67#4,PC_OFF,Mach,dark_ramp_minus_uniform,0.375,16,canonical_minus_cnn,difference,0.042712533148005605
67#4,PC_OFF,Mach,bright_ramp_minus_uniform,0.375,16,canonical_minus_cnn,difference,-0.024463867302984
67#4,PC_OFF,Mach,dark_ramp_minus_uniform,0.5,0,canonical_minus_cnn,difference,0.35010530054569244
67#4,PC_OFF,Mach,bright_ramp_minus_uniform,0.5,0,canonical_minus_cnn,difference,-0.1351993177086115
67#4,PC_OFF,Mach,dark_ramp_minus_uniform,0.5,2,canonical_minus_cnn,difference,0.3676604926586151
67#4,PC_OFF,Mach,bright_ramp_minus_uniform,0.5,2,canonical_minus_cnn,difference,-0.11232684925198555
67#4,PC_OFF,Mach,dark_ramp_minus_uniform,0.5,4,canonical_minus_cnn,difference,0.3129249019548297
67#4,PC_OFF,Mach,bright_ramp_minus_uniform,0.5,4,canonical_minus_cnn,difference,-0.05868079513311386
67#4,PC_OFF,Mach,dark_ramp_minus_uniform,0.5,8,canonical_minus_cnn,difference,0.15869781374931335
67#4,PC_OFF,Mach,bright_ramp_minus_uniform,0.5,8,canonical_minus_cnn,difference,-0.05401021474972367
67#4,PC_OFF,Mach,dark_ramp_minus_uniform,0.5,12,canonical_minus_cnn,difference,0.07830248028039932
67#4,PC_OFF,Mach,bright_ramp_minus_uniform,0.5,12,canonical_minus_cnn,difference,-0.042429051361978054
67#4,PC_OFF,Mach,dark_ramp_minus_uniform,0.5,16,canonical_minus_cnn,difference,0.05596036394126713
67#4,PC_OFF,Mach,bright_ramp_minus_uniform,0.5,16,canonical_minus_cnn,difference,-0.03319156332872808
67#6,MC_OFF,SBC,bright_minus_dark,0.0,0,canonical_minus_cnn,difference,0.0
67#6,MC_OFF,SBC,bright_minus_dark,0.0,2,canonical_minus_cnn,difference,0.0
67#6,MC_OFF,SBC,bright_minus_dark,0.0,4,canonical_minus_cnn,difference,0.0
67#6,MC_OFF,SBC,bright_minus_dark,0.0,6,canonical_minus_cnn,difference,0.0
67#6,MC_OFF,SBC,bright_minus_dark,0.0,8,canonical_minus_cnn,difference,0.0
67#6,MC_OFF,SBC,bright_minus_dark,0.0625,0,canonical_minus_cnn,difference,0.0
67#6,MC_OFF,SBC,bright_minus_dark,0.0625,2,canonical_minus_cnn,difference,0.20421406626701355
67#6,MC_OFF,SBC,bright_minus_dark,0.0625,4,canonical_minus_cnn,difference,0.3124973252415657
67#6,MC_OFF,SBC,bright_minus_dark,0.0625,6,canonical_minus_cnn,difference,0.28271659091115
67#6,MC_OFF,SBC,bright_minus_dark,0.0625,8,canonical_minus_cnn,difference,0.28147198259830475
67#6,MC_OFF,SBC,bright_minus_dark,0.125,0,canonical_minus_cnn,difference,0.0
67#6,MC_OFF,SBC,bright_minus_dark,0.125,2,canonical_minus_cnn,difference,0.3700232431292534
67#6,MC_OFF,SBC,bright_minus_dark,0.125,4,canonical_minus_cnn,difference,0.5460950210690498
67#6,MC_OFF,SBC,bright_minus_dark,0.125,6,canonical_minus_cnn,difference,0.47416258603334427
67#6,MC_OFF,SBC,bright_minus_dark,0.125,8,canonical_minus_cnn,difference,0.4716932773590088
67#6,MC_OFF,SBC,bright_minus_dark,0.25,0,canonical_minus_cnn,difference,0.0
67#6,MC_OFF,SBC,bright_minus_dark,0.25,2,canonical_minus_cnn,difference,0.6643863320350647
67#6,MC_OFF,SBC,bright_minus_dark,0.25,4,canonical_minus_cnn,difference,0.8864191174507141
67#6,MC_OFF,SBC,bright_minus_dark,0.25,6,canonical_minus_cnn,difference,0.7413486689329147
67#6,MC_OFF,SBC,bright_minus_dark,0.25,8,canonical_minus_cnn,difference,0.7407311052083969
67#6,MC_OFF,SBC,bright_minus_dark,0.375,0,canonical_minus_cnn,difference,0.0
67#6,MC_OFF,SBC,bright_minus_dark,0.375,2,canonical_minus_cnn,difference,0.9104702770709991
67#6,MC_OFF,SBC,bright_minus_dark,0.375,4,canonical_minus_cnn,difference,1.1332091987133026
67#6,MC_OFF,SBC,bright_minus_dark,0.375,6,canonical_minus_cnn,difference,0.9520398527383804
67#6,MC_OFF,SBC,bright_minus_dark,0.375,8,canonical_minus_cnn,difference,0.9504189491271973
67#6,MC_OFF,SBC,bright_minus_dark,0.5,0,canonical_minus_cnn,difference,0.0
67#6,MC_OFF,SBC,bright_minus_dark,0.5,2,canonical_minus_cnn,difference,1.1211396753787994
67#6,MC_OFF,SBC,bright_minus_dark,0.5,4,canonical_minus_cnn,difference,1.3679164350032806
67#6,MC_OFF,SBC,bright_minus_dark,0.5,6,canonical_minus_cnn,difference,1.1405295729637146
67#6,MC_OFF,SBC,bright_minus_dark,0.5,8,canonical_minus_cnn,difference,1.1375900208950043
67#6,MC_OFF,Mach,dark_ramp_minus_uniform,0.0,0,canonical_minus_cnn,difference,0.0
67#6,MC_OFF,Mach,bright_ramp_minus_uniform,0.0,0,canonical_minus_cnn,difference,0.0
67#6,MC_OFF,Mach,dark_ramp_minus_uniform,0.0,2,canonical_minus_cnn,difference,0.0
67#6,MC_OFF,Mach,bright_ramp_minus_uniform,0.0,2,canonical_minus_cnn,difference,0.0
67#6,MC_OFF,Mach,dark_ramp_minus_uniform,0.0,4,canonical_minus_cnn,difference,0.0
67#6,MC_OFF,Mach,bright_ramp_minus_uniform,0.0,4,canonical_minus_cnn,difference,0.0
67#6,MC_OFF,Mach,dark_ramp_minus_uniform,0.0,8,canonical_minus_cnn,difference,0.0
67#6,MC_OFF,Mach,bright_ramp_minus_uniform,0.0,8,canonical_minus_cnn,difference,0.0
67#6,MC_OFF,Mach,dark_ramp_minus_uniform,0.0,12,canonical_minus_cnn,difference,0.0
67#6,MC_OFF,Mach,bright_ramp_minus_uniform,0.0,12,canonical_minus_cnn,difference,0.0
67#6,MC_OFF,Mach,dark_ramp_minus_uniform,0.0,16,canonical_minus_cnn,difference,0.0
67#6,MC_OFF,Mach,bright_ramp_minus_uniform,0.0,16,canonical_minus_cnn,difference,0.0
67#6,MC_OFF,Mach,dark_ramp_minus_uniform,0.0625,0,canonical_minus_cnn,difference,-0.024957413785159588
67#6,MC_OFF,Mach,bright_ramp_minus_uniform,0.0625,0,canonical_minus_cnn,difference,-0.2359618442133069
67#6,MC_OFF,Mach,dark_ramp_minus_uniform,0.0625,2,canonical_minus_cnn,difference,-0.026634732261300087
67#6,MC_OFF,Mach,bright_ramp_minus_uniform,0.0625,2,canonical_minus_cnn,difference,-0.26573537988588214
67#6,MC_OFF,Mach,dark_ramp_minus_uniform,0.0625,4,canonical_minus_cnn,difference,-0.03063059237319976
67#6,MC_OFF,Mach,bright_ramp_minus_uniform,0.0625,4,canonical_minus_cnn,difference,-0.17148470680695027
67#6,MC_OFF,Mach,dark_ramp_minus_uniform,0.0625,8,canonical_minus_cnn,difference,-0.019127067440422252
67#6,MC_OFF,Mach,bright_ramp_minus_uniform,0.0625,8,canonical_minus_cnn,difference,-0.05512623887625523
67#6,MC_OFF,Mach,dark_ramp_minus_uniform,0.0625,12,canonical_minus_cnn,difference,-0.012901966154458933
67#6,MC_OFF,Mach,bright_ramp_minus_uniform,0.0625,12,canonical_minus_cnn,difference,-0.025748753294465132
67#6,MC_OFF,Mach,dark_ramp_minus_uniform,0.0625,16,canonical_minus_cnn,difference,-0.009676448127720505
67#6,MC_OFF,Mach,bright_ramp_minus_uniform,0.0625,16,canonical_minus_cnn,difference,-0.018097623193170875
67#6,MC_OFF,Mach,dark_ramp_minus_uniform,0.125,0,canonical_minus_cnn,difference,-0.05170594900846481
67#6,MC_OFF,Mach,bright_ramp_minus_uniform,0.125,0,canonical_minus_cnn,difference,-0.3892292380332947
67#6,MC_OFF,Mach,dark_ramp_minus_uniform,0.125,2,canonical_minus_cnn,difference,-0.05006417213007808
67#6,MC_OFF,Mach,bright_ramp_minus_uniform,0.125,2,canonical_minus_cnn,difference,-0.4399755815975368
67#6,MC_OFF,Mach,dark_ramp_minus_uniform,0.125,4,canonical_minus_cnn,difference,-0.052342354552820325
67#6,MC_OFF,Mach,bright_ramp_minus_uniform,0.125,4,canonical_minus_cnn,difference,-0.2868809005012736
67#6,MC_OFF,Mach,dark_ramp_minus_uniform,0.125,8,canonical_minus_cnn,difference,-0.023108275840058923
67#6,MC_OFF,Mach,bright_ramp_minus_uniform,0.125,8,canonical_minus_cnn,difference,-0.07750529400072992
67#6,MC_OFF,Mach,dark_ramp_minus_uniform,0.125,12,canonical_minus_cnn,difference,-0.011522865534061566
67#6,MC_OFF,Mach,bright_ramp_minus_uniform,0.125,12,canonical_minus_cnn,difference,-0.04211725419736467
67#6,MC_OFF,Mach,dark_ramp_minus_uniform,0.125,16,canonical_minus_cnn,difference,-0.007985651347553357
67#6,MC_OFF,Mach,bright_ramp_minus_uniform,0.125,16,canonical_minus_cnn,difference,-0.03314322480582632
67#6,MC_OFF,Mach,dark_ramp_minus_uniform,0.25,0,canonical_minus_cnn,difference,-0.08422566205263138
67#6,MC_OFF,Mach,bright_ramp_minus_uniform,0.25,0,canonical_minus_cnn,difference,-0.5678836517035961
67#6,MC_OFF,Mach,dark_ramp_minus_uniform,0.25,2,canonical_minus_cnn,difference,-0.071237881667912
67#6,MC_OFF,Mach,bright_ramp_minus_uniform,0.25,2,canonical_minus_cnn,difference,-0.6384976347908378
67#6,MC_OFF,Mach,dark_ramp_minus_uniform,0.25,4,canonical_minus_cnn,difference,-0.0758537882938981
67#6,MC_OFF,Mach,bright_ramp_minus_uniform,0.25,4,canonical_minus_cnn,difference,-0.42144676647149026
67#6,MC_OFF,Mach,dark_ramp_minus_uniform,0.25,8,canonical_minus_cnn,difference,-0.03199618658982217
67#6,MC_OFF,Mach,bright_ramp_minus_uniform,0.25,8,canonical_minus_cnn,difference,-0.10498882830142975
67#6,MC_OFF,Mach,dark_ramp_minus_uniform,0.25,12,canonical_minus_cnn,difference,-0.028411368548404425
67#6,MC_OFF,Mach,bright_ramp_minus_uniform,0.25,12,canonical_minus_cnn,difference,-0.05153839441481978
67#6,MC_OFF,Mach,dark_ramp_minus_uniform,0.25,16,canonical_minus_cnn,difference,-0.02133676246739924
67#6,MC_OFF,Mach,bright_ramp_minus_uniform,0.25,16,canonical_minus_cnn,difference,-0.04019651561975479
67#6,MC_OFF,Mach,dark_ramp_minus_uniform,0.375,0,canonical_minus_cnn,difference,-0.11070568487048149
67#6,MC_OFF,Mach,bright_ramp_minus_uniform,0.375,0,canonical_minus_cnn,difference,-0.700533851981163
67#6,MC_OFF,Mach,dark_ramp_minus_uniform,0.375,2,canonical_minus_cnn,difference,-0.0884839091449976
67#6,MC_OFF,Mach,bright_ramp_minus_uniform,0.375,2,canonical_minus_cnn,difference,-0.7812942545861006
67#6,MC_OFF,Mach,dark_ramp_minus_uniform,0.375,4,canonical_minus_cnn,difference,-0.09477084525860846
67#6,MC_OFF,Mach,bright_ramp_minus_uniform,0.375,4,canonical_minus_cnn,difference,-0.5210615515243262
67#6,MC_OFF,Mach,dark_ramp_minus_uniform,0.375,8,canonical_minus_cnn,difference,-0.04349433828610927
67#6,MC_OFF,Mach,bright_ramp_minus_uniform,0.375,8,canonical_minus_cnn,difference,-0.12520029244478792
67#6,MC_OFF,Mach,dark_ramp_minus_uniform,0.375,12,canonical_minus_cnn,difference,-0.032907226937823
67#6,MC_OFF,Mach,bright_ramp_minus_uniform,0.375,12,canonical_minus_cnn,difference,-0.06122928357217461
67#6,MC_OFF,Mach,dark_ramp_minus_uniform,0.375,16,canonical_minus_cnn,difference,-0.01726900797802955
67#6,MC_OFF,Mach,bright_ramp_minus_uniform,0.375,16,canonical_minus_cnn,difference,-0.050421239458955824
67#6,MC_OFF,Mach,dark_ramp_minus_uniform,0.5,0,canonical_minus_cnn,difference,-0.13691482320427895
67#6,MC_OFF,Mach,bright_ramp_minus_uniform,0.5,0,canonical_minus_cnn,difference,-0.8081954717636108
67#6,MC_OFF,Mach,dark_ramp_minus_uniform,0.5,2,canonical_minus_cnn,difference,-0.10272453539073467
67#6,MC_OFF,Mach,bright_ramp_minus_uniform,0.5,2,canonical_minus_cnn,difference,-0.8956170836463571
67#6,MC_OFF,Mach,dark_ramp_minus_uniform,0.5,4,canonical_minus_cnn,difference,-0.10853971960023046
67#6,MC_OFF,Mach,bright_ramp_minus_uniform,0.5,4,canonical_minus_cnn,difference,-0.595782105345279
67#6,MC_OFF,Mach,dark_ramp_minus_uniform,0.5,8,canonical_minus_cnn,difference,-0.045930274995043874
67#6,MC_OFF,Mach,bright_ramp_minus_uniform,0.5,8,canonical_minus_cnn,difference,-0.13935466716066003
67#6,MC_OFF,Mach,dark_ramp_minus_uniform,0.5,12,canonical_minus_cnn,difference,-0.025686145178042352
67#6,MC_OFF,Mach,bright_ramp_minus_uniform,0.5,12,canonical_minus_cnn,difference,-0.06977413396816701
67#6,MC_OFF,Mach,dark_ramp_minus_uniform,0.5,16,canonical_minus_cnn,difference,-0.010764197795651853
67#6,MC_OFF,Mach,bright_ramp_minus_uniform,0.5,16,canonical_minus_cnn,difference,-0.06030134332831949
67#7,MC_ON,SBC,bright_minus_dark,0.0,0,canonical_minus_cnn,difference,0.0
67#7,MC_ON,SBC,bright_minus_dark,0.0,2,canonical_minus_cnn,difference,0.0
67#7,MC_ON,SBC,bright_minus_dark,0.0,4,canonical_minus_cnn,difference,0.0
67#7,MC_ON,SBC,bright_minus_dark,0.0,6,canonical_minus_cnn,difference,0.0
67#7,MC_ON,SBC,bright_minus_dark,0.0,8,canonical_minus_cnn,difference,0.0
67#7,MC_ON,SBC,bright_minus_dark,0.0625,0,canonical_minus_cnn,difference,0.0
67#7,MC_ON,SBC,bright_minus_dark,0.0625,2,canonical_minus_cnn,difference,-0.21263612434267998
67#7,MC_ON,SBC,bright_minus_dark,0.0625,4,canonical_minus_cnn,difference,-0.4253971166908741
67#7,MC_ON,SBC,bright_minus_dark,0.0625,6,canonical_minus_cnn,difference,-0.42262670770287514
67#7,MC_ON,SBC,bright_minus_dark,0.0625,8,canonical_minus_cnn,difference,-0.3965581841766834
67#7,MC_ON,SBC,bright_minus_dark,0.125,0,canonical_minus_cnn,difference,0.0
67#7,MC_ON,SBC,bright_minus_dark,0.125,2,canonical_minus_cnn,difference,-0.3828490972518921
67#7,MC_ON,SBC,bright_minus_dark,0.125,4,canonical_minus_cnn,difference,-0.7255389913916588
67#7,MC_ON,SBC,bright_minus_dark,0.125,6,canonical_minus_cnn,difference,-0.7030365690588951
67#7,MC_ON,SBC,bright_minus_dark,0.125,8,canonical_minus_cnn,difference,-0.6646217629313469
67#7,MC_ON,SBC,bright_minus_dark,0.25,0,canonical_minus_cnn,difference,0.0
67#7,MC_ON,SBC,bright_minus_dark,0.25,2,canonical_minus_cnn,difference,-0.6750267148017883
67#7,MC_ON,SBC,bright_minus_dark,0.25,4,canonical_minus_cnn,difference,-1.1843937188386917
67#7,MC_ON,SBC,bright_minus_dark,0.25,6,canonical_minus_cnn,difference,-1.154168426990509
67#7,MC_ON,SBC,bright_minus_dark,0.25,8,canonical_minus_cnn,difference,-1.0861680954694748
67#7,MC_ON,SBC,bright_minus_dark,0.375,0,canonical_minus_cnn,difference,0.0
67#7,MC_ON,SBC,bright_minus_dark,0.375,2,canonical_minus_cnn,difference,-0.9226264953613281
67#7,MC_ON,SBC,bright_minus_dark,0.375,4,canonical_minus_cnn,difference,-1.5832834839820862
67#7,MC_ON,SBC,bright_minus_dark,0.375,6,canonical_minus_cnn,difference,-1.5517128705978394
67#7,MC_ON,SBC,bright_minus_dark,0.375,8,canonical_minus_cnn,difference,-1.454695612192154
67#7,MC_ON,SBC,bright_minus_dark,0.5,0,canonical_minus_cnn,difference,0.0
67#7,MC_ON,SBC,bright_minus_dark,0.5,2,canonical_minus_cnn,difference,-1.1524474024772644
67#7,MC_ON,SBC,bright_minus_dark,0.5,4,canonical_minus_cnn,difference,-1.9608308970928192
67#7,MC_ON,SBC,bright_minus_dark,0.5,6,canonical_minus_cnn,difference,-1.9310705959796906
67#7,MC_ON,SBC,bright_minus_dark,0.5,8,canonical_minus_cnn,difference,-1.8056502640247345
67#7,MC_ON,Mach,dark_ramp_minus_uniform,0.0,0,canonical_minus_cnn,difference,0.0
67#7,MC_ON,Mach,bright_ramp_minus_uniform,0.0,0,canonical_minus_cnn,difference,0.0
67#7,MC_ON,Mach,dark_ramp_minus_uniform,0.0,2,canonical_minus_cnn,difference,0.0
67#7,MC_ON,Mach,bright_ramp_minus_uniform,0.0,2,canonical_minus_cnn,difference,0.0
67#7,MC_ON,Mach,dark_ramp_minus_uniform,0.0,4,canonical_minus_cnn,difference,0.0
67#7,MC_ON,Mach,bright_ramp_minus_uniform,0.0,4,canonical_minus_cnn,difference,0.0
67#7,MC_ON,Mach,dark_ramp_minus_uniform,0.0,8,canonical_minus_cnn,difference,0.0
67#7,MC_ON,Mach,bright_ramp_minus_uniform,0.0,8,canonical_minus_cnn,difference,0.0
67#7,MC_ON,Mach,dark_ramp_minus_uniform,0.0,12,canonical_minus_cnn,difference,0.0
67#7,MC_ON,Mach,bright_ramp_minus_uniform,0.0,12,canonical_minus_cnn,difference,0.0
67#7,MC_ON,Mach,dark_ramp_minus_uniform,0.0,16,canonical_minus_cnn,difference,0.0
67#7,MC_ON,Mach,bright_ramp_minus_uniform,0.0,16,canonical_minus_cnn,difference,0.0
67#7,MC_ON,Mach,dark_ramp_minus_uniform,0.0625,0,canonical_minus_cnn,difference,-0.3911836207844317
67#7,MC_ON,Mach,bright_ramp_minus_uniform,0.0625,0,canonical_minus_cnn,difference,-0.08587149158120155
67#7,MC_ON,Mach,dark_ramp_minus_uniform,0.0625,2,canonical_minus_cnn,difference,-0.3531506040599197
67#7,MC_ON,Mach,bright_ramp_minus_uniform,0.0625,2,canonical_minus_cnn,difference,-0.0809946155641228
67#7,MC_ON,Mach,dark_ramp_minus_uniform,0.0625,4,canonical_minus_cnn,difference,-0.25803991756401956
67#7,MC_ON,Mach,bright_ramp_minus_uniform,0.0625,4,canonical_minus_cnn,difference,-0.08822639682330191
67#7,MC_ON,Mach,dark_ramp_minus_uniform,0.0625,8,canonical_minus_cnn,difference,-0.1398381143808365
67#7,MC_ON,Mach,bright_ramp_minus_uniform,0.0625,8,canonical_minus_cnn,difference,-0.04326627776026726
67#7,MC_ON,Mach,dark_ramp_minus_uniform,0.0625,12,canonical_minus_cnn,difference,-0.0915774707973469
67#7,MC_ON,Mach,bright_ramp_minus_uniform,0.0625,12,canonical_minus_cnn,difference,-0.018221506354166195
67#7,MC_ON,Mach,dark_ramp_minus_uniform,0.0625,16,canonical_minus_cnn,difference,-0.06757048616418615
67#7,MC_ON,Mach,bright_ramp_minus_uniform,0.0625,16,canonical_minus_cnn,difference,-0.00945906198467128
67#7,MC_ON,Mach,dark_ramp_minus_uniform,0.125,0,canonical_minus_cnn,difference,-0.6042623994871974
67#7,MC_ON,Mach,bright_ramp_minus_uniform,0.125,0,canonical_minus_cnn,difference,-0.12350360117852688
67#7,MC_ON,Mach,dark_ramp_minus_uniform,0.125,2,canonical_minus_cnn,difference,-0.5574022331275046
67#7,MC_ON,Mach,bright_ramp_minus_uniform,0.125,2,canonical_minus_cnn,difference,-0.1266103140078485
67#7,MC_ON,Mach,dark_ramp_minus_uniform,0.125,4,canonical_minus_cnn,difference,-0.4061017194762826
67#7,MC_ON,Mach,bright_ramp_minus_uniform,0.125,4,canonical_minus_cnn,difference,-0.14539962308481336
67#7,MC_ON,Mach,dark_ramp_minus_uniform,0.125,8,canonical_minus_cnn,difference,-0.2077066699275747
67#7,MC_ON,Mach,bright_ramp_minus_uniform,0.125,8,canonical_minus_cnn,difference,-0.0677651216974482
67#7,MC_ON,Mach,dark_ramp_minus_uniform,0.125,12,canonical_minus_cnn,difference,-0.1272336452966556
67#7,MC_ON,Mach,bright_ramp_minus_uniform,0.125,12,canonical_minus_cnn,difference,-0.023267277574632317
67#7,MC_ON,Mach,dark_ramp_minus_uniform,0.125,16,canonical_minus_cnn,difference,-0.09114981192396954
67#7,MC_ON,Mach,bright_ramp_minus_uniform,0.125,16,canonical_minus_cnn,difference,-0.012059903412591666
67#7,MC_ON,Mach,dark_ramp_minus_uniform,0.25,0,canonical_minus_cnn,difference,-0.9375309981405735
67#7,MC_ON,Mach,bright_ramp_minus_uniform,0.25,0,canonical_minus_cnn,difference,-0.15573906153440475
67#7,MC_ON,Mach,dark_ramp_minus_uniform,0.25,2,canonical_minus_cnn,difference,-0.8654362643137574
67#7,MC_ON,Mach,bright_ramp_minus_uniform,0.25,2,canonical_minus_cnn,difference,-0.15263915713876486
67#7,MC_ON,Mach,dark_ramp_minus_uniform,0.25,4,canonical_minus_cnn,difference,-0.6448494992218912
67#7,MC_ON,Mach,bright_ramp_minus_uniform,0.25,4,canonical_minus_cnn,difference,-0.20682875299826264
67#7,MC_ON,Mach,dark_ramp_minus_uniform,0.25,8,canonical_minus_cnn,difference,-0.34502939181402326
67#7,MC_ON,Mach,bright_ramp_minus_uniform,0.25,8,canonical_minus_cnn,difference,-0.09797932812944055
67#7,MC_ON,Mach,dark_ramp_minus_uniform,0.25,12,canonical_minus_cnn,difference,-0.2159640600439161
67#7,MC_ON,Mach,bright_ramp_minus_uniform,0.25,12,canonical_minus_cnn,difference,-0.02401440986432135
67#7,MC_ON,Mach,dark_ramp_minus_uniform,0.25,16,canonical_minus_cnn,difference,-0.15879466629121453
67#7,MC_ON,Mach,bright_ramp_minus_uniform,0.25,16,canonical_minus_cnn,difference,-0.010861877235583961
67#7,MC_ON,Mach,dark_ramp_minus_uniform,0.375,0,canonical_minus_cnn,difference,-1.2337111718952656
67#7,MC_ON,Mach,bright_ramp_minus_uniform,0.375,0,canonical_minus_cnn,difference,-0.17442470788955688
67#7,MC_ON,Mach,dark_ramp_minus_uniform,0.375,2,canonical_minus_cnn,difference,-1.150871992111206
67#7,MC_ON,Mach,bright_ramp_minus_uniform,0.375,2,canonical_minus_cnn,difference,-0.1822768012061715
67#7,MC_ON,Mach,dark_ramp_minus_uniform,0.375,4,canonical_minus_cnn,difference,-0.8609726671129465
67#7,MC_ON,Mach,bright_ramp_minus_uniform,0.375,4,canonical_minus_cnn,difference,-0.2569760959595442
67#7,MC_ON,Mach,dark_ramp_minus_uniform,0.375,8,canonical_minus_cnn,difference,-0.485498801805079
67#7,MC_ON,Mach,bright_ramp_minus_uniform,0.375,8,canonical_minus_cnn,difference,-0.1198757360689342
67#7,MC_ON,Mach,dark_ramp_minus_uniform,0.375,12,canonical_minus_cnn,difference,-0.3092453160788864
67#7,MC_ON,Mach,bright_ramp_minus_uniform,0.375,12,canonical_minus_cnn,difference,-0.023550084559246898
67#7,MC_ON,Mach,dark_ramp_minus_uniform,0.375,16,canonical_minus_cnn,difference,-0.22957515926100314
67#7,MC_ON,Mach,bright_ramp_minus_uniform,0.375,16,canonical_minus_cnn,difference,-0.009119335329160094
67#7,MC_ON,Mach,dark_ramp_minus_uniform,0.5,0,canonical_minus_cnn,difference,-1.5179993323981762
67#7,MC_ON,Mach,bright_ramp_minus_uniform,0.5,0,canonical_minus_cnn,difference,-0.19359900057315826
67#7,MC_ON,Mach,dark_ramp_minus_uniform,0.5,2,canonical_minus_cnn,difference,-1.4327138662338257
67#7,MC_ON,Mach,bright_ramp_minus_uniform,0.5,2,canonical_minus_cnn,difference,-0.21680232509970665
67#7,MC_ON,Mach,dark_ramp_minus_uniform,0.5,4,canonical_minus_cnn,difference,-1.077352674677968
67#7,MC_ON,Mach,bright_ramp_minus_uniform,0.5,4,canonical_minus_cnn,difference,-0.30628009233623743
67#7,MC_ON,Mach,dark_ramp_minus_uniform,0.5,8,canonical_minus_cnn,difference,-0.6259461403824389
67#7,MC_ON,Mach,bright_ramp_minus_uniform,0.5,8,canonical_minus_cnn,difference,-0.14251738972961903
67#7,MC_ON,Mach,dark_ramp_minus_uniform,0.5,12,canonical_minus_cnn,difference,-0.40648088068701327
67#7,MC_ON,Mach,bright_ramp_minus_uniform,0.5,12,canonical_minus_cnn,difference,-0.027372591197490692
67#7,MC_ON,Mach,dark_ramp_minus_uniform,0.5,16,canonical_minus_cnn,difference,-0.30349303293041885
67#7,MC_ON,Mach,bright_ramp_minus_uniform,0.5,16,canonical_minus_cnn,difference,-0.010728323133662343
67#14,PC_ON,SBC,bright_minus_dark,0.0,0,canonical_minus_cnn,difference,0.0
67#14,PC_ON,SBC,bright_minus_dark,0.0,2,canonical_minus_cnn,difference,0.0
67#14,PC_ON,SBC,bright_minus_dark,0.0,4,canonical_minus_cnn,difference,0.0
67#14,PC_ON,SBC,bright_minus_dark,0.0,6,canonical_minus_cnn,difference,0.0
67#14,PC_ON,SBC,bright_minus_dark,0.0,8,canonical_minus_cnn,difference,0.0
67#14,PC_ON,SBC,bright_minus_dark,0.0625,0,canonical_minus_cnn,difference,0.0
67#14,PC_ON,SBC,bright_minus_dark,0.0625,2,canonical_minus_cnn,difference,-0.3014907017350197
67#14,PC_ON,SBC,bright_minus_dark,0.0625,4,canonical_minus_cnn,difference,-0.48789437860250473
67#14,PC_ON,SBC,bright_minus_dark,0.0625,6,canonical_minus_cnn,difference,-0.352570166811347
67#14,PC_ON,SBC,bright_minus_dark,0.0625,8,canonical_minus_cnn,difference,-0.2915113251656294
67#14,PC_ON,SBC,bright_minus_dark,0.125,0,canonical_minus_cnn,difference,0.0
67#14,PC_ON,SBC,bright_minus_dark,0.125,2,canonical_minus_cnn,difference,-0.5402876660227776
67#14,PC_ON,SBC,bright_minus_dark,0.125,4,canonical_minus_cnn,difference,-0.7812667302787304
67#14,PC_ON,SBC,bright_minus_dark,0.125,6,canonical_minus_cnn,difference,-0.5911872312426567
67#14,PC_ON,SBC,bright_minus_dark,0.125,8,canonical_minus_cnn,difference,-0.49553345888853073
67#14,PC_ON,SBC,bright_minus_dark,0.25,0,canonical_minus_cnn,difference,0.0
67#14,PC_ON,SBC,bright_minus_dark,0.25,2,canonical_minus_cnn,difference,-0.8772046640515327
67#14,PC_ON,SBC,bright_minus_dark,0.25,4,canonical_minus_cnn,difference,-1.2471503764390945
67#14,PC_ON,SBC,bright_minus_dark,0.25,6,canonical_minus_cnn,difference,-0.9496197551488876
67#14,PC_ON,SBC,bright_minus_dark,0.25,8,canonical_minus_cnn,difference,-0.807433471083641
67#14,PC_ON,SBC,bright_minus_dark,0.375,0,canonical_minus_cnn,difference,0.0
67#14,PC_ON,SBC,bright_minus_dark,0.375,2,canonical_minus_cnn,difference,-1.1543713510036469
67#14,PC_ON,SBC,bright_minus_dark,0.375,4,canonical_minus_cnn,difference,-1.6396853029727936
67#14,PC_ON,SBC,bright_minus_dark,0.375,6,canonical_minus_cnn,difference,-1.2662628442049026
67#14,PC_ON,SBC,bright_minus_dark,0.375,8,canonical_minus_cnn,difference,-1.072878398001194
67#14,PC_ON,SBC,bright_minus_dark,0.5,0,canonical_minus_cnn,difference,0.0
67#14,PC_ON,SBC,bright_minus_dark,0.5,2,canonical_minus_cnn,difference,-1.3993337154388428
67#14,PC_ON,SBC,bright_minus_dark,0.5,4,canonical_minus_cnn,difference,-2.0246892124414444
67#14,PC_ON,SBC,bright_minus_dark,0.5,6,canonical_minus_cnn,difference,-1.5689819902181625
67#14,PC_ON,SBC,bright_minus_dark,0.5,8,canonical_minus_cnn,difference,-1.3178988844156265
67#14,PC_ON,Mach,dark_ramp_minus_uniform,0.0,0,canonical_minus_cnn,difference,0.0
67#14,PC_ON,Mach,bright_ramp_minus_uniform,0.0,0,canonical_minus_cnn,difference,0.0
67#14,PC_ON,Mach,dark_ramp_minus_uniform,0.0,2,canonical_minus_cnn,difference,0.0
67#14,PC_ON,Mach,bright_ramp_minus_uniform,0.0,2,canonical_minus_cnn,difference,0.0
67#14,PC_ON,Mach,dark_ramp_minus_uniform,0.0,4,canonical_minus_cnn,difference,0.0
67#14,PC_ON,Mach,bright_ramp_minus_uniform,0.0,4,canonical_minus_cnn,difference,0.0
67#14,PC_ON,Mach,dark_ramp_minus_uniform,0.0,8,canonical_minus_cnn,difference,0.0
67#14,PC_ON,Mach,bright_ramp_minus_uniform,0.0,8,canonical_minus_cnn,difference,0.0
67#14,PC_ON,Mach,dark_ramp_minus_uniform,0.0,12,canonical_minus_cnn,difference,0.0
67#14,PC_ON,Mach,bright_ramp_minus_uniform,0.0,12,canonical_minus_cnn,difference,0.0
67#14,PC_ON,Mach,dark_ramp_minus_uniform,0.0,16,canonical_minus_cnn,difference,0.0
67#14,PC_ON,Mach,bright_ramp_minus_uniform,0.0,16,canonical_minus_cnn,difference,0.0
67#14,PC_ON,Mach,dark_ramp_minus_uniform,0.0625,0,canonical_minus_cnn,difference,-0.2823340813629329
67#14,PC_ON,Mach,bright_ramp_minus_uniform,0.0625,0,canonical_minus_cnn,difference,-0.06291745183989406
67#14,PC_ON,Mach,dark_ramp_minus_uniform,0.0625,2,canonical_minus_cnn,difference,-0.230276906513609
67#14,PC_ON,Mach,bright_ramp_minus_uniform,0.0625,2,canonical_minus_cnn,difference,-0.028121170005761087
67#14,PC_ON,Mach,dark_ramp_minus_uniform,0.0625,4,canonical_minus_cnn,difference,-0.13288787700003013
67#14,PC_ON,Mach,bright_ramp_minus_uniform,0.0625,4,canonical_minus_cnn,difference,-0.0795509745948948
67#14,PC_ON,Mach,dark_ramp_minus_uniform,0.0625,8,canonical_minus_cnn,difference,-0.056911881518317387
67#14,PC_ON,Mach,bright_ramp_minus_uniform,0.0625,8,canonical_minus_cnn,difference,-0.06742065498838201
67#14,PC_ON,Mach,dark_ramp_minus_uniform,0.0625,12,canonical_minus_cnn,difference,-0.04164005789789371
67#14,PC_ON,Mach,bright_ramp_minus_uniform,0.0625,12,canonical_minus_cnn,difference,-0.03677613736363128
67#14,PC_ON,Mach,dark_ramp_minus_uniform,0.0625,16,canonical_minus_cnn,difference,-0.03403356720809825
67#14,PC_ON,Mach,bright_ramp_minus_uniform,0.0625,16,canonical_minus_cnn,difference,-0.022688090306473896
67#14,PC_ON,Mach,dark_ramp_minus_uniform,0.125,0,canonical_minus_cnn,difference,-0.4800889571197331
67#14,PC_ON,Mach,bright_ramp_minus_uniform,0.125,0,canonical_minus_cnn,difference,-0.09008283074945211
67#14,PC_ON,Mach,dark_ramp_minus_uniform,0.125,2,canonical_minus_cnn,difference,-0.3953694442752749
67#14,PC_ON,Mach,bright_ramp_minus_uniform,0.125,2,canonical_minus_cnn,difference,-0.040050063049420714
67#14,PC_ON,Mach,dark_ramp_minus_uniform,0.125,4,canonical_minus_cnn,difference,-0.23831691150553524
67#14,PC_ON,Mach,bright_ramp_minus_uniform,0.125,4,canonical_minus_cnn,difference,-0.12033442850224674
67#14,PC_ON,Mach,dark_ramp_minus_uniform,0.125,8,canonical_minus_cnn,difference,-0.10654275713022798
67#14,PC_ON,Mach,bright_ramp_minus_uniform,0.125,8,canonical_minus_cnn,difference,-0.10379877040395513
67#14,PC_ON,Mach,dark_ramp_minus_uniform,0.125,12,canonical_minus_cnn,difference,-0.07626421202439815
67#14,PC_ON,Mach,bright_ramp_minus_uniform,0.125,12,canonical_minus_cnn,difference,-0.04995944525580853
67#14,PC_ON,Mach,dark_ramp_minus_uniform,0.125,16,canonical_minus_cnn,difference,-0.057486995559884235
67#14,PC_ON,Mach,bright_ramp_minus_uniform,0.125,16,canonical_minus_cnn,difference,-0.028411285078618675
67#14,PC_ON,Mach,dark_ramp_minus_uniform,0.25,0,canonical_minus_cnn,difference,-0.7950622951611876
67#14,PC_ON,Mach,bright_ramp_minus_uniform,0.25,0,canonical_minus_cnn,difference,-0.1397144626826048
67#14,PC_ON,Mach,dark_ramp_minus_uniform,0.25,2,canonical_minus_cnn,difference,-0.676756783388555
67#14,PC_ON,Mach,bright_ramp_minus_uniform,0.25,2,canonical_minus_cnn,difference,-0.07891146186739206
67#14,PC_ON,Mach,dark_ramp_minus_uniform,0.25,4,canonical_minus_cnn,difference,-0.43129895720630884
67#14,PC_ON,Mach,bright_ramp_minus_uniform,0.25,4,canonical_minus_cnn,difference,-0.19733989145606756
67#14,PC_ON,Mach,dark_ramp_minus_uniform,0.25,8,canonical_minus_cnn,difference,-0.20904608664568514
67#14,PC_ON,Mach,bright_ramp_minus_uniform,0.25,8,canonical_minus_cnn,difference,-0.16889304819051176
67#14,PC_ON,Mach,dark_ramp_minus_uniform,0.25,12,canonical_minus_cnn,difference,-0.14278236427344382
67#14,PC_ON,Mach,bright_ramp_minus_uniform,0.25,12,canonical_minus_cnn,difference,-0.08534582308493555
67#14,PC_ON,Mach,dark_ramp_minus_uniform,0.25,16,canonical_minus_cnn,difference,-0.10831525374669582
67#14,PC_ON,Mach,bright_ramp_minus_uniform,0.25,16,canonical_minus_cnn,difference,-0.05166449991520494
67#14,PC_ON,Mach,dark_ramp_minus_uniform,0.375,0,canonical_minus_cnn,difference,-1.1076860269531608
67#14,PC_ON,Mach,bright_ramp_minus_uniform,0.375,0,canonical_minus_cnn,difference,-0.19217109493911266
67#14,PC_ON,Mach,dark_ramp_minus_uniform,0.375,2,canonical_minus_cnn,difference,-0.9623218812048435
67#14,PC_ON,Mach,bright_ramp_minus_uniform,0.375,2,canonical_minus_cnn,difference,-0.1250763339921832
67#14,PC_ON,Mach,dark_ramp_minus_uniform,0.375,4,canonical_minus_cnn,difference,-0.636923813726753
67#14,PC_ON,Mach,bright_ramp_minus_uniform,0.375,4,canonical_minus_cnn,difference,-0.2617658278904855
67#14,PC_ON,Mach,dark_ramp_minus_uniform,0.375,8,canonical_minus_cnn,difference,-0.3233710646163672
67#14,PC_ON,Mach,bright_ramp_minus_uniform,0.375,8,canonical_minus_cnn,difference,-0.2221753776539117
67#14,PC_ON,Mach,dark_ramp_minus_uniform,0.375,12,canonical_minus_cnn,difference,-0.21611221437342465
67#14,PC_ON,Mach,bright_ramp_minus_uniform,0.375,12,canonical_minus_cnn,difference,-0.11368741444312036
67#14,PC_ON,Mach,dark_ramp_minus_uniform,0.375,16,canonical_minus_cnn,difference,-0.16343828139360994
67#14,PC_ON,Mach,bright_ramp_minus_uniform,0.375,16,canonical_minus_cnn,difference,-0.06625738099683076
67#14,PC_ON,Mach,dark_ramp_minus_uniform,0.5,0,canonical_minus_cnn,difference,-1.4127563871443272
67#14,PC_ON,Mach,bright_ramp_minus_uniform,0.5,0,canonical_minus_cnn,difference,-0.23957566544413567
67#14,PC_ON,Mach,dark_ramp_minus_uniform,0.5,2,canonical_minus_cnn,difference,-1.2455346109345555
67#14,PC_ON,Mach,bright_ramp_minus_uniform,0.5,2,canonical_minus_cnn,difference,-0.16630904655903578
67#14,PC_ON,Mach,dark_ramp_minus_uniform,0.5,4,canonical_minus_cnn,difference,-0.844963657669723
67#14,PC_ON,Mach,bright_ramp_minus_uniform,0.5,4,canonical_minus_cnn,difference,-0.3205075762234628
67#14,PC_ON,Mach,dark_ramp_minus_uniform,0.5,8,canonical_minus_cnn,difference,-0.44259954895824194
67#14,PC_ON,Mach,bright_ramp_minus_uniform,0.5,8,canonical_minus_cnn,difference,-0.2676552911289036
67#14,PC_ON,Mach,dark_ramp_minus_uniform,0.5,12,canonical_minus_cnn,difference,-0.29057778511196375
67#14,PC_ON,Mach,bright_ramp_minus_uniform,0.5,12,canonical_minus_cnn,difference,-0.13824293506331742
67#14,PC_ON,Mach,dark_ramp_minus_uniform,0.5,16,canonical_minus_cnn,difference,-0.2193649192340672
67#14,PC_ON,Mach,bright_ramp_minus_uniform,0.5,16,canonical_minus_cnn,difference,-0.07947290642187
67#21,PC_ON,SBC,bright_minus_dark,0.0,0,canonical_minus_cnn,difference,0.0
67#21,PC_ON,SBC,bright_minus_dark,0.0,2,canonical_minus_cnn,difference,0.0
67#21,PC_ON,SBC,bright_minus_dark,0.0,4,canonical_minus_cnn,difference,0.0
67#21,PC_ON,SBC,bright_minus_dark,0.0,6,canonical_minus_cnn,difference,0.0
67#21,PC_ON,SBC,bright_minus_dark,0.0,8,canonical_minus_cnn,difference,0.0
67#21,PC_ON,SBC,bright_minus_dark,0.0625,0,canonical_minus_cnn,difference,0.0
67#21,PC_ON,SBC,bright_minus_dark,0.0625,2,canonical_minus_cnn,difference,-0.09433723799884319
67#21,PC_ON,SBC,bright_minus_dark,0.0625,4,canonical_minus_cnn,difference,-0.24390562903136015
67#21,PC_ON,SBC,bright_minus_dark,0.0625,6,canonical_minus_cnn,difference,-0.29908011201769114
67#21,PC_ON,SBC,bright_minus_dark,0.0625,8,canonical_minus_cnn,difference,-0.308382467366755
67#21,PC_ON,SBC,bright_minus_dark,0.125,0,canonical_minus_cnn,difference,0.0
67#21,PC_ON,SBC,bright_minus_dark,0.125,2,canonical_minus_cnn,difference,-0.17889753356575966
67#21,PC_ON,SBC,bright_minus_dark,0.125,4,canonical_minus_cnn,difference,-0.40725415386259556
67#21,PC_ON,SBC,bright_minus_dark,0.125,6,canonical_minus_cnn,difference,-0.4970256295055151
67#21,PC_ON,SBC,bright_minus_dark,0.125,8,canonical_minus_cnn,difference,-0.5169688798487186
67#21,PC_ON,SBC,bright_minus_dark,0.25,0,canonical_minus_cnn,difference,0.0
67#21,PC_ON,SBC,bright_minus_dark,0.25,2,canonical_minus_cnn,difference,-0.30896348133683205
67#21,PC_ON,SBC,bright_minus_dark,0.25,4,canonical_minus_cnn,difference,-0.668989572674036
67#21,PC_ON,SBC,bright_minus_dark,0.25,6,canonical_minus_cnn,difference,-0.8372974619269371
67#21,PC_ON,SBC,bright_minus_dark,0.25,8,canonical_minus_cnn,difference,-0.8878945074975491
67#21,PC_ON,SBC,bright_minus_dark,0.375,0,canonical_minus_cnn,difference,0.0
67#21,PC_ON,SBC,bright_minus_dark,0.375,2,canonical_minus_cnn,difference,-0.420245923101902
67#21,PC_ON,SBC,bright_minus_dark,0.375,4,canonical_minus_cnn,difference,-0.898274764418602
67#21,PC_ON,SBC,bright_minus_dark,0.375,6,canonical_minus_cnn,difference,-1.149213619530201
67#21,PC_ON,SBC,bright_minus_dark,0.375,8,canonical_minus_cnn,difference,-1.222839966416359
67#21,PC_ON,SBC,bright_minus_dark,0.5,0,canonical_minus_cnn,difference,0.0
67#21,PC_ON,SBC,bright_minus_dark,0.5,2,canonical_minus_cnn,difference,-0.5190750658512115
67#21,PC_ON,SBC,bright_minus_dark,0.5,4,canonical_minus_cnn,difference,-1.1204720810055733
67#21,PC_ON,SBC,bright_minus_dark,0.5,6,canonical_minus_cnn,difference,-1.4457460269331932
67#21,PC_ON,SBC,bright_minus_dark,0.5,8,canonical_minus_cnn,difference,-1.5414855107665062
67#21,PC_ON,Mach,dark_ramp_minus_uniform,0.0,0,canonical_minus_cnn,difference,0.0
67#21,PC_ON,Mach,bright_ramp_minus_uniform,0.0,0,canonical_minus_cnn,difference,0.0
67#21,PC_ON,Mach,dark_ramp_minus_uniform,0.0,2,canonical_minus_cnn,difference,0.0
67#21,PC_ON,Mach,bright_ramp_minus_uniform,0.0,2,canonical_minus_cnn,difference,0.0
67#21,PC_ON,Mach,dark_ramp_minus_uniform,0.0,4,canonical_minus_cnn,difference,0.0
67#21,PC_ON,Mach,bright_ramp_minus_uniform,0.0,4,canonical_minus_cnn,difference,0.0
67#21,PC_ON,Mach,dark_ramp_minus_uniform,0.0,8,canonical_minus_cnn,difference,0.0
67#21,PC_ON,Mach,bright_ramp_minus_uniform,0.0,8,canonical_minus_cnn,difference,0.0
67#21,PC_ON,Mach,dark_ramp_minus_uniform,0.0,12,canonical_minus_cnn,difference,0.0
67#21,PC_ON,Mach,bright_ramp_minus_uniform,0.0,12,canonical_minus_cnn,difference,0.0
67#21,PC_ON,Mach,dark_ramp_minus_uniform,0.0,16,canonical_minus_cnn,difference,0.0
67#21,PC_ON,Mach,bright_ramp_minus_uniform,0.0,16,canonical_minus_cnn,difference,0.0
67#21,PC_ON,Mach,dark_ramp_minus_uniform,0.0625,0,canonical_minus_cnn,difference,-0.2772293786983937
67#21,PC_ON,Mach,bright_ramp_minus_uniform,0.0625,0,canonical_minus_cnn,difference,-0.033478061901405454
67#21,PC_ON,Mach,dark_ramp_minus_uniform,0.0625,2,canonical_minus_cnn,difference,-0.23741235432680696
67#21,PC_ON,Mach,bright_ramp_minus_uniform,0.0625,2,canonical_minus_cnn,difference,-0.02123528311494738
67#21,PC_ON,Mach,dark_ramp_minus_uniform,0.0625,4,canonical_minus_cnn,difference,-0.1646085967659019
67#21,PC_ON,Mach,bright_ramp_minus_uniform,0.0625,4,canonical_minus_cnn,difference,-0.02800986828515306
67#21,PC_ON,Mach,dark_ramp_minus_uniform,0.0625,8,canonical_minus_cnn,difference,-0.09311892341065686
67#21,PC_ON,Mach,bright_ramp_minus_uniform,0.0625,8,canonical_minus_cnn,difference,-0.014254840396461077
67#21,PC_ON,Mach,dark_ramp_minus_uniform,0.0625,12,canonical_minus_cnn,difference,-0.06180553361627972
67#21,PC_ON,Mach,bright_ramp_minus_uniform,0.0625,12,canonical_minus_cnn,difference,-0.00864029725198634
67#21,PC_ON,Mach,dark_ramp_minus_uniform,0.0625,16,canonical_minus_cnn,difference,-0.046120882776449434
67#21,PC_ON,Mach,bright_ramp_minus_uniform,0.0625,16,canonical_minus_cnn,difference,-0.0059567770949797705
67#21,PC_ON,Mach,dark_ramp_minus_uniform,0.125,0,canonical_minus_cnn,difference,-0.46477416157722473
67#21,PC_ON,Mach,bright_ramp_minus_uniform,0.125,0,canonical_minus_cnn,difference,-0.05861129006370902
67#21,PC_ON,Mach,dark_ramp_minus_uniform,0.125,2,canonical_minus_cnn,difference,-0.40275480155833066
67#21,PC_ON,Mach,bright_ramp_minus_uniform,0.125,2,canonical_minus_cnn,difference,-0.041793622775003314
67#21,PC_ON,Mach,dark_ramp_minus_uniform,0.125,4,canonical_minus_cnn,difference,-0.27917893329868093
67#21,PC_ON,Mach,bright_ramp_minus_uniform,0.125,4,canonical_minus_cnn,difference,-0.05164301296463236
67#21,PC_ON,Mach,dark_ramp_minus_uniform,0.125,8,canonical_minus_cnn,difference,-0.16232012014370412
67#21,PC_ON,Mach,bright_ramp_minus_uniform,0.125,8,canonical_minus_cnn,difference,-0.02693576004821807
67#21,PC_ON,Mach,dark_ramp_minus_uniform,0.125,12,canonical_minus_cnn,difference,-0.10721565832500346
67#21,PC_ON,Mach,bright_ramp_minus_uniform,0.125,12,canonical_minus_cnn,difference,-0.015706086036516353
67#21,PC_ON,Mach,dark_ramp_minus_uniform,0.125,16,canonical_minus_cnn,difference,-0.0789116392552387
67#21,PC_ON,Mach,bright_ramp_minus_uniform,0.125,16,canonical_minus_cnn,difference,-0.011304633255349472
67#21,PC_ON,Mach,dark_ramp_minus_uniform,0.25,0,canonical_minus_cnn,difference,-0.7531005227938294
67#21,PC_ON,Mach,bright_ramp_minus_uniform,0.25,0,canonical_minus_cnn,difference,-0.06480801850557327
67#21,PC_ON,Mach,dark_ramp_minus_uniform,0.25,2,canonical_minus_cnn,difference,-0.6510163268540055
67#21,PC_ON,Mach,bright_ramp_minus_uniform,0.25,2,canonical_minus_cnn,difference,-0.034853061428293586
67#21,PC_ON,Mach,dark_ramp_minus_uniform,0.25,4,canonical_minus_cnn,difference,-0.46148599579464644
67#21,PC_ON,Mach,bright_ramp_minus_uniform,0.25,4,canonical_minus_cnn,difference,-0.06514942203648388
67#21,PC_ON,Mach,dark_ramp_minus_uniform,0.25,8,canonical_minus_cnn,difference,-0.2841855764272623
67#21,PC_ON,Mach,bright_ramp_minus_uniform,0.25,8,canonical_minus_cnn,difference,-0.0445694521185942
67#21,PC_ON,Mach,dark_ramp_minus_uniform,0.25,12,canonical_minus_cnn,difference,-0.20041516720084473
67#21,PC_ON,Mach,bright_ramp_minus_uniform,0.25,12,canonical_minus_cnn,difference,-0.02597167418571189
67#21,PC_ON,Mach,dark_ramp_minus_uniform,0.25,16,canonical_minus_cnn,difference,-0.15593412815360352
67#21,PC_ON,Mach,bright_ramp_minus_uniform,0.25,16,canonical_minus_cnn,difference,-0.018162051972467452
67#21,PC_ON,Mach,dark_ramp_minus_uniform,0.375,0,canonical_minus_cnn,difference,-1.0192490732297301
67#21,PC_ON,Mach,bright_ramp_minus_uniform,0.375,0,canonical_minus_cnn,difference,-0.06805871054530144
67#21,PC_ON,Mach,dark_ramp_minus_uniform,0.375,2,canonical_minus_cnn,difference,-0.8855707326438278
67#21,PC_ON,Mach,bright_ramp_minus_uniform,0.375,2,canonical_minus_cnn,difference,-0.026619315380230546
67#21,PC_ON,Mach,dark_ramp_minus_uniform,0.375,4,canonical_minus_cnn,difference,-0.6397902329917997
67#21,PC_ON,Mach,bright_ramp_minus_uniform,0.375,4,canonical_minus_cnn,difference,-0.07516999100334942
67#21,PC_ON,Mach,dark_ramp_minus_uniform,0.375,8,canonical_minus_cnn,difference,-0.41330085991648957
67#21,PC_ON,Mach,bright_ramp_minus_uniform,0.375,8,canonical_minus_cnn,difference,-0.06511300505371764
67#21,PC_ON,Mach,dark_ramp_minus_uniform,0.375,12,canonical_minus_cnn,difference,-0.304007230210118
67#21,PC_ON,Mach,bright_ramp_minus_uniform,0.375,12,canonical_minus_cnn,difference,-0.038046477478928864
67#21,PC_ON,Mach,dark_ramp_minus_uniform,0.375,16,canonical_minus_cnn,difference,-0.2423947771312669
67#21,PC_ON,Mach,bright_ramp_minus_uniform,0.375,16,canonical_minus_cnn,difference,-0.027033297228626907
67#21,PC_ON,Mach,dark_ramp_minus_uniform,0.5,0,canonical_minus_cnn,difference,-1.2786089181900024
67#21,PC_ON,Mach,bright_ramp_minus_uniform,0.5,0,canonical_minus_cnn,difference,-0.07125146500766277
67#21,PC_ON,Mach,dark_ramp_minus_uniform,0.5,2,canonical_minus_cnn,difference,-1.1154739777557552
67#21,PC_ON,Mach,bright_ramp_minus_uniform,0.5,2,canonical_minus_cnn,difference,-0.022135576233267784
67#21,PC_ON,Mach,dark_ramp_minus_uniform,0.5,4,canonical_minus_cnn,difference,-0.8152418970130384
67#21,PC_ON,Mach,bright_ramp_minus_uniform,0.5,4,canonical_minus_cnn,difference,-0.08466705586761236
67#21,PC_ON,Mach,dark_ramp_minus_uniform,0.5,8,canonical_minus_cnn,difference,-0.5424500822555274
67#21,PC_ON,Mach,bright_ramp_minus_uniform,0.5,8,canonical_minus_cnn,difference,-0.0852643430698663
67#21,PC_ON,Mach,dark_ramp_minus_uniform,0.5,12,canonical_minus_cnn,difference,-0.40834590198937804
67#21,PC_ON,Mach,bright_ramp_minus_uniform,0.5,12,canonical_minus_cnn,difference,-0.05131970293587074
67#21,PC_ON,Mach,dark_ramp_minus_uniform,0.5,16,canonical_minus_cnn,difference,-0.32567865651799366
67#21,PC_ON,Mach,bright_ramp_minus_uniform,0.5,16,canonical_minus_cnn,difference,-0.037388984113931656
67#26,PC_ON,SBC,bright_minus_dark,0.0,0,canonical_minus_cnn,difference,0.0
67#26,PC_ON,SBC,bright_minus_dark,0.0,2,canonical_minus_cnn,difference,0.0
67#26,PC_ON,SBC,bright_minus_dark,0.0,4,canonical_minus_cnn,difference,0.0
67#26,PC_ON,SBC,bright_minus_dark,0.0,6,canonical_minus_cnn,difference,0.0
67#26,PC_ON,SBC,bright_minus_dark,0.0,8,canonical_minus_cnn,difference,0.0
67#26,PC_ON,SBC,bright_minus_dark,0.0625,0,canonical_minus_cnn,difference,0.0
67#26,PC_ON,SBC,bright_minus_dark,0.0625,2,canonical_minus_cnn,difference,-0.059527735225856304
67#26,PC_ON,SBC,bright_minus_dark,0.0625,4,canonical_minus_cnn,difference,-0.15579075925052166
67#26,PC_ON,SBC,bright_minus_dark,0.0625,6,canonical_minus_cnn,difference,-0.17538418341428041
67#26,PC_ON,SBC,bright_minus_dark,0.0625,8,canonical_minus_cnn,difference,-0.1712553771212697
67#26,PC_ON,SBC,bright_minus_dark,0.125,0,canonical_minus_cnn,difference,0.0
67#26,PC_ON,SBC,bright_minus_dark,0.125,2,canonical_minus_cnn,difference,-0.11675441823899746
67#26,PC_ON,SBC,bright_minus_dark,0.125,4,canonical_minus_cnn,difference,-0.2610352449119091
67#26,PC_ON,SBC,bright_minus_dark,0.125,6,canonical_minus_cnn,difference,-0.28567361272871494
67#26,PC_ON,SBC,bright_minus_dark,0.125,8,canonical_minus_cnn,difference,-0.28115219436585903
67#26,PC_ON,SBC,bright_minus_dark,0.25,0,canonical_minus_cnn,difference,0.0
67#26,PC_ON,SBC,bright_minus_dark,0.25,2,canonical_minus_cnn,difference,-0.2021709866821766
67#26,PC_ON,SBC,bright_minus_dark,0.25,4,canonical_minus_cnn,difference,-0.426909726113081
67#26,PC_ON,SBC,bright_minus_dark,0.25,6,canonical_minus_cnn,difference,-0.4759492799639702
67#26,PC_ON,SBC,bright_minus_dark,0.25,8,canonical_minus_cnn,difference,-0.4743329733610153
67#26,PC_ON,SBC,bright_minus_dark,0.375,0,canonical_minus_cnn,difference,0.0
67#26,PC_ON,SBC,bright_minus_dark,0.375,2,canonical_minus_cnn,difference,-0.27846237272024155
67#26,PC_ON,SBC,bright_minus_dark,0.375,4,canonical_minus_cnn,difference,-0.5842979103326797
67#26,PC_ON,SBC,bright_minus_dark,0.375,6,canonical_minus_cnn,difference,-0.6619754135608673
67#26,PC_ON,SBC,bright_minus_dark,0.375,8,canonical_minus_cnn,difference,-0.6622932031750679
67#26,PC_ON,SBC,bright_minus_dark,0.5,0,canonical_minus_cnn,difference,0.0
67#26,PC_ON,SBC,bright_minus_dark,0.5,2,canonical_minus_cnn,difference,-0.35253453254699707
67#26,PC_ON,SBC,bright_minus_dark,0.5,4,canonical_minus_cnn,difference,-0.7404409870505333
67#26,PC_ON,SBC,bright_minus_dark,0.5,6,canonical_minus_cnn,difference,-0.8441960662603378
67#26,PC_ON,SBC,bright_minus_dark,0.5,8,canonical_minus_cnn,difference,-0.844949297606945
67#26,PC_ON,Mach,dark_ramp_minus_uniform,0.0,0,canonical_minus_cnn,difference,0.0
67#26,PC_ON,Mach,bright_ramp_minus_uniform,0.0,0,canonical_minus_cnn,difference,0.0
67#26,PC_ON,Mach,dark_ramp_minus_uniform,0.0,2,canonical_minus_cnn,difference,0.0
67#26,PC_ON,Mach,bright_ramp_minus_uniform,0.0,2,canonical_minus_cnn,difference,0.0
67#26,PC_ON,Mach,dark_ramp_minus_uniform,0.0,4,canonical_minus_cnn,difference,0.0
67#26,PC_ON,Mach,bright_ramp_minus_uniform,0.0,4,canonical_minus_cnn,difference,0.0
67#26,PC_ON,Mach,dark_ramp_minus_uniform,0.0,8,canonical_minus_cnn,difference,0.0
67#26,PC_ON,Mach,bright_ramp_minus_uniform,0.0,8,canonical_minus_cnn,difference,0.0
67#26,PC_ON,Mach,dark_ramp_minus_uniform,0.0,12,canonical_minus_cnn,difference,0.0
67#26,PC_ON,Mach,bright_ramp_minus_uniform,0.0,12,canonical_minus_cnn,difference,0.0
67#26,PC_ON,Mach,dark_ramp_minus_uniform,0.0,16,canonical_minus_cnn,difference,0.0
67#26,PC_ON,Mach,bright_ramp_minus_uniform,0.0,16,canonical_minus_cnn,difference,0.0
67#26,PC_ON,Mach,dark_ramp_minus_uniform,0.0625,0,canonical_minus_cnn,difference,-0.14943866530666128
67#26,PC_ON,Mach,bright_ramp_minus_uniform,0.0625,0,canonical_minus_cnn,difference,-0.01132536306977272
67#26,PC_ON,Mach,dark_ramp_minus_uniform,0.0625,2,canonical_minus_cnn,difference,-0.12904679984785616
67#26,PC_ON,Mach,bright_ramp_minus_uniform,0.0625,2,canonical_minus_cnn,difference,-0.005602605873718858
67#26,PC_ON,Mach,dark_ramp_minus_uniform,0.0625,4,canonical_minus_cnn,difference,-0.08448226703330874
67#26,PC_ON,Mach,bright_ramp_minus_uniform,0.0625,4,canonical_minus_cnn,difference,-0.010380300227552652
67#26,PC_ON,Mach,dark_ramp_minus_uniform,0.0625,8,canonical_minus_cnn,difference,-0.0412951770122163
67#26,PC_ON,Mach,bright_ramp_minus_uniform,0.0625,8,canonical_minus_cnn,difference,-0.006652458454482257
67#26,PC_ON,Mach,dark_ramp_minus_uniform,0.0625,12,canonical_minus_cnn,difference,-0.027576251566642895
67#26,PC_ON,Mach,bright_ramp_minus_uniform,0.0625,12,canonical_minus_cnn,difference,-0.005608928215224296
67#26,PC_ON,Mach,dark_ramp_minus_uniform,0.0625,16,canonical_minus_cnn,difference,-0.020711915189167485
67#26,PC_ON,Mach,bright_ramp_minus_uniform,0.0625,16,canonical_minus_cnn,difference,-0.004740059288451448
67#26,PC_ON,Mach,dark_ramp_minus_uniform,0.125,0,canonical_minus_cnn,difference,-0.24875492550199851
67#26,PC_ON,Mach,bright_ramp_minus_uniform,0.125,0,canonical_minus_cnn,difference,-0.025173560716211796
67#26,PC_ON,Mach,dark_ramp_minus_uniform,0.125,2,canonical_minus_cnn,difference,-0.21369702136144042
67#26,PC_ON,Mach,bright_ramp_minus_uniform,0.125,2,canonical_minus_cnn,difference,-0.0171511173248291
67#26,PC_ON,Mach,dark_ramp_minus_uniform,0.125,4,canonical_minus_cnn,difference,-0.1422617812640965
67#26,PC_ON,Mach,bright_ramp_minus_uniform,0.125,4,canonical_minus_cnn,difference,-0.02285580663010478
67#26,PC_ON,Mach,dark_ramp_minus_uniform,0.125,8,canonical_minus_cnn,difference,-0.07064309564884752
67#26,PC_ON,Mach,bright_ramp_minus_uniform,0.125,8,canonical_minus_cnn,difference,-0.01230072567705065
67#26,PC_ON,Mach,dark_ramp_minus_uniform,0.125,12,canonical_minus_cnn,difference,-0.04680386633845046
67#26,PC_ON,Mach,bright_ramp_minus_uniform,0.125,12,canonical_minus_cnn,difference,-0.006918279163073748
67#26,PC_ON,Mach,dark_ramp_minus_uniform,0.125,16,canonical_minus_cnn,difference,-0.035139146202709526
67#26,PC_ON,Mach,bright_ramp_minus_uniform,0.125,16,canonical_minus_cnn,difference,-0.004132334608584642
67#26,PC_ON,Mach,dark_ramp_minus_uniform,0.25,0,canonical_minus_cnn,difference,-0.41522264084778726
67#26,PC_ON,Mach,bright_ramp_minus_uniform,0.25,0,canonical_minus_cnn,difference,-0.04139186441898346
67#26,PC_ON,Mach,dark_ramp_minus_uniform,0.25,2,canonical_minus_cnn,difference,-0.3616150952875614
67#26,PC_ON,Mach,bright_ramp_minus_uniform,0.25,2,canonical_minus_cnn,difference,-0.029815628193318844
67#26,PC_ON,Mach,dark_ramp_minus_uniform,0.25,4,canonical_minus_cnn,difference,-0.24247152917087078
67#26,PC_ON,Mach,bright_ramp_minus_uniform,0.25,4,canonical_minus_cnn,difference,-0.037517404183745384
67#26,PC_ON,Mach,dark_ramp_minus_uniform,0.25,8,canonical_minus_cnn,difference,-0.13123616576194763
67#26,PC_ON,Mach,bright_ramp_minus_uniform,0.25,8,canonical_minus_cnn,difference,-0.019176090136170387
67#26,PC_ON,Mach,dark_ramp_minus_uniform,0.25,12,canonical_minus_cnn,difference,-0.09195277246180922
67#26,PC_ON,Mach,bright_ramp_minus_uniform,0.25,12,canonical_minus_cnn,difference,-0.009187062620185316
67#26,PC_ON,Mach,dark_ramp_minus_uniform,0.25,16,canonical_minus_cnn,difference,-0.0734740465413779
67#26,PC_ON,Mach,bright_ramp_minus_uniform,0.25,16,canonical_minus_cnn,difference,-0.005369221908040345
67#26,PC_ON,Mach,dark_ramp_minus_uniform,0.375,0,canonical_minus_cnn,difference,-0.580356570193544
67#26,PC_ON,Mach,bright_ramp_minus_uniform,0.375,0,canonical_minus_cnn,difference,-0.0553143210709095
67#26,PC_ON,Mach,dark_ramp_minus_uniform,0.375,2,canonical_minus_cnn,difference,-0.5109524326398969
67#26,PC_ON,Mach,bright_ramp_minus_uniform,0.375,2,canonical_minus_cnn,difference,-0.04101692698895931
67#26,PC_ON,Mach,dark_ramp_minus_uniform,0.375,4,canonical_minus_cnn,difference,-0.3454837938770652
67#26,PC_ON,Mach,bright_ramp_minus_uniform,0.375,4,canonical_minus_cnn,difference,-0.051459167152643204
67#26,PC_ON,Mach,dark_ramp_minus_uniform,0.375,8,canonical_minus_cnn,difference,-0.19461492588743567
67#26,PC_ON,Mach,bright_ramp_minus_uniform,0.375,8,canonical_minus_cnn,difference,-0.026877264492213726
67#26,PC_ON,Mach,dark_ramp_minus_uniform,0.375,12,canonical_minus_cnn,difference,-0.14154427242465317
67#26,PC_ON,Mach,bright_ramp_minus_uniform,0.375,12,canonical_minus_cnn,difference,-0.012613729340955615
67#26,PC_ON,Mach,dark_ramp_minus_uniform,0.375,16,canonical_minus_cnn,difference,-0.11385051207616925
67#26,PC_ON,Mach,bright_ramp_minus_uniform,0.375,16,canonical_minus_cnn,difference,-0.007840235950425267
67#26,PC_ON,Mach,dark_ramp_minus_uniform,0.5,0,canonical_minus_cnn,difference,-0.7406882524956018
67#26,PC_ON,Mach,bright_ramp_minus_uniform,0.5,0,canonical_minus_cnn,difference,-0.0687338076531887
67#26,PC_ON,Mach,dark_ramp_minus_uniform,0.5,2,canonical_minus_cnn,difference,-0.6535306572914124
67#26,PC_ON,Mach,bright_ramp_minus_uniform,0.5,2,canonical_minus_cnn,difference,-0.05281936377286911
67#26,PC_ON,Mach,dark_ramp_minus_uniform,0.5,4,canonical_minus_cnn,difference,-0.4445588765665889
67#26,PC_ON,Mach,bright_ramp_minus_uniform,0.5,4,canonical_minus_cnn,difference,-0.066916573792696
67#26,PC_ON,Mach,dark_ramp_minus_uniform,0.5,8,canonical_minus_cnn,difference,-0.25687216501682997
67#26,PC_ON,Mach,bright_ramp_minus_uniform,0.5,8,canonical_minus_cnn,difference,-0.03674966283142567
67#26,PC_ON,Mach,dark_ramp_minus_uniform,0.5,12,canonical_minus_cnn,difference,-0.18944640248082578
67#26,PC_ON,Mach,bright_ramp_minus_uniform,0.5,12,canonical_minus_cnn,difference,-0.01843183604069054
67#26,PC_ON,Mach,dark_ramp_minus_uniform,0.5,16,canonical_minus_cnn,difference,-0.1511542648077011
67#26,PC_ON,Mach,bright_ramp_minus_uniform,0.5,16,canonical_minus_cnn,difference,-0.012774675851687789
67#33,MC_OFF,SBC,bright_minus_dark,0.0,0,canonical_minus_cnn,difference,0.0
67#33,MC_OFF,SBC,bright_minus_dark,0.0,2,canonical_minus_cnn,difference,0.0
67#33,MC_OFF,SBC,bright_minus_dark,0.0,4,canonical_minus_cnn,difference,0.0
67#33,MC_OFF,SBC,bright_minus_dark,0.0,6,canonical_minus_cnn,difference,0.0
67#33,MC_OFF,SBC,bright_minus_dark,0.0,8,canonical_minus_cnn,difference,0.0
67#33,MC_OFF,SBC,bright_minus_dark,0.0625,0,canonical_minus_cnn,difference,0.0
67#33,MC_OFF,SBC,bright_minus_dark,0.0625,2,canonical_minus_cnn,difference,0.22880387492477894
67#33,MC_OFF,SBC,bright_minus_dark,0.0625,4,canonical_minus_cnn,difference,0.4521702192723751
67#33,MC_OFF,SBC,bright_minus_dark,0.0625,6,canonical_minus_cnn,difference,0.4328417666256428
67#33,MC_OFF,SBC,bright_minus_dark,0.0625,8,canonical_minus_cnn,difference,0.4073983132839203
67#33,MC_OFF,SBC,bright_minus_dark,0.125,0,canonical_minus_cnn,difference,0.0
67#33,MC_OFF,SBC,bright_minus_dark,0.125,2,canonical_minus_cnn,difference,0.40303804352879524
67#33,MC_OFF,SBC,bright_minus_dark,0.125,4,canonical_minus_cnn,difference,0.7224049121141434
67#33,MC_OFF,SBC,bright_minus_dark,0.125,6,canonical_minus_cnn,difference,0.682153981178999
67#33,MC_OFF,SBC,bright_minus_dark,0.125,8,canonical_minus_cnn,difference,0.6529066599905491
67#33,MC_OFF,SBC,bright_minus_dark,0.25,0,canonical_minus_cnn,difference,0.0
67#33,MC_OFF,SBC,bright_minus_dark,0.25,2,canonical_minus_cnn,difference,0.6717146188020706
67#33,MC_OFF,SBC,bright_minus_dark,0.25,4,canonical_minus_cnn,difference,1.050805076956749
67#33,MC_OFF,SBC,bright_minus_dark,0.25,6,canonical_minus_cnn,difference,0.9682787209749222
67#33,MC_OFF,SBC,bright_minus_dark,0.25,8,canonical_minus_cnn,difference,0.9002674967050552
67#33,MC_OFF,SBC,bright_minus_dark,0.375,0,canonical_minus_cnn,difference,0.0
67#33,MC_OFF,SBC,bright_minus_dark,0.375,2,canonical_minus_cnn,difference,0.8693264126777649
67#33,MC_OFF,SBC,bright_minus_dark,0.375,4,canonical_minus_cnn,difference,1.3105962574481964
67#33,MC_OFF,SBC,bright_minus_dark,0.375,6,canonical_minus_cnn,difference,1.1657082289457321
67#33,MC_OFF,SBC,bright_minus_dark,0.375,8,canonical_minus_cnn,difference,1.0647229999303818
67#33,MC_OFF,SBC,bright_minus_dark,0.5,0,canonical_minus_cnn,difference,0.0
67#33,MC_OFF,SBC,bright_minus_dark,0.5,2,canonical_minus_cnn,difference,1.0327639728784561
67#33,MC_OFF,SBC,bright_minus_dark,0.5,4,canonical_minus_cnn,difference,1.539758026599884
67#33,MC_OFF,SBC,bright_minus_dark,0.5,6,canonical_minus_cnn,difference,1.3532416075468063
67#33,MC_OFF,SBC,bright_minus_dark,0.5,8,canonical_minus_cnn,difference,1.2219547778367996
67#33,MC_OFF,Mach,dark_ramp_minus_uniform,0.0,0,canonical_minus_cnn,difference,0.0
67#33,MC_OFF,Mach,bright_ramp_minus_uniform,0.0,0,canonical_minus_cnn,difference,0.0
67#33,MC_OFF,Mach,dark_ramp_minus_uniform,0.0,2,canonical_minus_cnn,difference,0.0
67#33,MC_OFF,Mach,bright_ramp_minus_uniform,0.0,2,canonical_minus_cnn,difference,0.0
67#33,MC_OFF,Mach,dark_ramp_minus_uniform,0.0,4,canonical_minus_cnn,difference,0.0
67#33,MC_OFF,Mach,bright_ramp_minus_uniform,0.0,4,canonical_minus_cnn,difference,0.0
67#33,MC_OFF,Mach,dark_ramp_minus_uniform,0.0,8,canonical_minus_cnn,difference,0.0
67#33,MC_OFF,Mach,bright_ramp_minus_uniform,0.0,8,canonical_minus_cnn,difference,0.0
67#33,MC_OFF,Mach,dark_ramp_minus_uniform,0.0,12,canonical_minus_cnn,difference,0.0
67#33,MC_OFF,Mach,bright_ramp_minus_uniform,0.0,12,canonical_minus_cnn,difference,0.0
67#33,MC_OFF,Mach,dark_ramp_minus_uniform,0.0,16,canonical_minus_cnn,difference,0.0
67#33,MC_OFF,Mach,bright_ramp_minus_uniform,0.0,16,canonical_minus_cnn,difference,0.0
67#33,MC_OFF,Mach,dark_ramp_minus_uniform,0.0625,0,canonical_minus_cnn,difference,0.20276976563036442
67#33,MC_OFF,Mach,bright_ramp_minus_uniform,0.0625,0,canonical_minus_cnn,difference,-0.07939176354557276
67#33,MC_OFF,Mach,dark_ramp_minus_uniform,0.0625,2,canonical_minus_cnn,difference,0.1822112826630473
67#33,MC_OFF,Mach,bright_ramp_minus_uniform,0.0625,2,canonical_minus_cnn,difference,-0.09789407532662153
67#33,MC_OFF,Mach,dark_ramp_minus_uniform,0.0625,4,canonical_minus_cnn,difference,0.1232371679507196
67#33,MC_OFF,Mach,bright_ramp_minus_uniform,0.0625,4,canonical_minus_cnn,difference,-0.03254512045532465
67#33,MC_OFF,Mach,dark_ramp_minus_uniform,0.0625,8,canonical_minus_cnn,difference,0.0629263068549335
67#33,MC_OFF,Mach,bright_ramp_minus_uniform,0.0625,8,canonical_minus_cnn,difference,0.008046658709645271
67#33,MC_OFF,Mach,dark_ramp_minus_uniform,0.0625,12,canonical_minus_cnn,difference,0.03953438624739647
67#33,MC_OFF,Mach,bright_ramp_minus_uniform,0.0625,12,canonical_minus_cnn,difference,0.0037010987289249897
67#33,MC_OFF,Mach,dark_ramp_minus_uniform,0.0625,16,canonical_minus_cnn,difference,0.028404443291947246
67#33,MC_OFF,Mach,bright_ramp_minus_uniform,0.0625,16,canonical_minus_cnn,difference,-0.0007049401756376028
67#33,MC_OFF,Mach,dark_ramp_minus_uniform,0.125,0,canonical_minus_cnn,difference,0.2593208961188793
67#33,MC_OFF,Mach,bright_ramp_minus_uniform,0.125,0,canonical_minus_cnn,difference,-0.12703398056328297
67#33,MC_OFF,Mach,dark_ramp_minus_uniform,0.125,2,canonical_minus_cnn,difference,0.2393137440085411
67#33,MC_OFF,Mach,bright_ramp_minus_uniform,0.125,2,canonical_minus_cnn,difference,-0.1419670209288597
67#33,MC_OFF,Mach,dark_ramp_minus_uniform,0.125,4,canonical_minus_cnn,difference,0.1527413483709097
67#33,MC_OFF,Mach,bright_ramp_minus_uniform,0.125,4,canonical_minus_cnn,difference,-0.039737971499562263
67#33,MC_OFF,Mach,dark_ramp_minus_uniform,0.125,8,canonical_minus_cnn,difference,0.06787930522114038
67#33,MC_OFF,Mach,bright_ramp_minus_uniform,0.125,8,canonical_minus_cnn,difference,0.02502597216516733
67#33,MC_OFF,Mach,dark_ramp_minus_uniform,0.125,12,canonical_minus_cnn,difference,0.0384750678204
67#33,MC_OFF,Mach,bright_ramp_minus_uniform,0.125,12,canonical_minus_cnn,difference,0.00805438356474042
67#33,MC_OFF,Mach,dark_ramp_minus_uniform,0.125,16,canonical_minus_cnn,difference,0.028816071804612875
67#33,MC_OFF,Mach,bright_ramp_minus_uniform,0.125,16,canonical_minus_cnn,difference,8.26357863843441e-05
67#33,MC_OFF,Mach,dark_ramp_minus_uniform,0.25,0,canonical_minus_cnn,difference,0.26250556111335754
67#33,MC_OFF,Mach,bright_ramp_minus_uniform,0.25,0,canonical_minus_cnn,difference,-0.164579339325428
67#33,MC_OFF,Mach,dark_ramp_minus_uniform,0.25,2,canonical_minus_cnn,difference,0.25374723598361015
67#33,MC_OFF,Mach,bright_ramp_minus_uniform,0.25,2,canonical_minus_cnn,difference,-0.16833429411053658
67#33,MC_OFF,Mach,dark_ramp_minus_uniform,0.25,4,canonical_minus_cnn,difference,0.1417820006608963
67#33,MC_OFF,Mach,bright_ramp_minus_uniform,0.25,4,canonical_minus_cnn,difference,-0.03524480760097504
67#33,MC_OFF,Mach,dark_ramp_minus_uniform,0.25,8,canonical_minus_cnn,difference,0.03531345631927252
67#33,MC_OFF,Mach,bright_ramp_minus_uniform,0.25,8,canonical_minus_cnn,difference,0.05561635363847017
67#33,MC_OFF,Mach,dark_ramp_minus_uniform,0.25,12,canonical_minus_cnn,difference,0.005921419709920883
67#33,MC_OFF,Mach,bright_ramp_minus_uniform,0.25,12,canonical_minus_cnn,difference,0.01262911967933178
67#33,MC_OFF,Mach,dark_ramp_minus_uniform,0.25,16,canonical_minus_cnn,difference,-0.006003920425428078
67#33,MC_OFF,Mach,bright_ramp_minus_uniform,0.25,16,canonical_minus_cnn,difference,-0.0017936071380972862
67#33,MC_OFF,Mach,dark_ramp_minus_uniform,0.375,0,canonical_minus_cnn,difference,0.23347777128219604
67#33,MC_OFF,Mach,bright_ramp_minus_uniform,0.375,0,canonical_minus_cnn,difference,-0.18423273414373398
67#33,MC_OFF,Mach,dark_ramp_minus_uniform,0.375,2,canonical_minus_cnn,difference,0.24819239228963852
67#33,MC_OFF,Mach,bright_ramp_minus_uniform,0.375,2,canonical_minus_cnn,difference,-0.17507203668355942
67#33,MC_OFF,Mach,dark_ramp_minus_uniform,0.375,4,canonical_minus_cnn,difference,0.12084037065505981
67#33,MC_OFF,Mach,bright_ramp_minus_uniform,0.375,4,canonical_minus_cnn,difference,-0.008313681930303574
67#33,MC_OFF,Mach,dark_ramp_minus_uniform,0.375,8,canonical_minus_cnn,difference,-0.007831605151295662
67#33,MC_OFF,Mach,bright_ramp_minus_uniform,0.375,8,canonical_minus_cnn,difference,0.07614640146493912
67#33,MC_OFF,Mach,dark_ramp_minus_uniform,0.375,12,canonical_minus_cnn,difference,-0.03580249473452568
67#33,MC_OFF,Mach,bright_ramp_minus_uniform,0.375,12,canonical_minus_cnn,difference,0.01374794659204781
67#33,MC_OFF,Mach,dark_ramp_minus_uniform,0.375,16,canonical_minus_cnn,difference,-0.038962287828326225
67#33,MC_OFF,Mach,bright_ramp_minus_uniform,0.375,16,canonical_minus_cnn,difference,-0.0040438733994960785
67#33,MC_OFF,Mach,dark_ramp_minus_uniform,0.5,0,canonical_minus_cnn,difference,0.2183184176683426
67#33,MC_OFF,Mach,bright_ramp_minus_uniform,0.5,0,canonical_minus_cnn,difference,-0.20356419682502747
67#33,MC_OFF,Mach,dark_ramp_minus_uniform,0.5,2,canonical_minus_cnn,difference,0.2505722716450691
67#33,MC_OFF,Mach,bright_ramp_minus_uniform,0.5,2,canonical_minus_cnn,difference,-0.18338686227798462
67#33,MC_OFF,Mach,dark_ramp_minus_uniform,0.5,4,canonical_minus_cnn,difference,0.1062370128929615
67#33,MC_OFF,Mach,bright_ramp_minus_uniform,0.5,4,canonical_minus_cnn,difference,0.021819353103637695
67#33,MC_OFF,Mach,dark_ramp_minus_uniform,0.5,8,canonical_minus_cnn,difference,-0.038410767912864685
67#33,MC_OFF,Mach,bright_ramp_minus_uniform,0.5,8,canonical_minus_cnn,difference,0.09317938424646854
67#33,MC_OFF,Mach,dark_ramp_minus_uniform,0.5,12,canonical_minus_cnn,difference,-0.06385497003793716
67#33,MC_OFF,Mach,bright_ramp_minus_uniform,0.5,12,canonical_minus_cnn,difference,0.014147925132419914
67#33,MC_OFF,Mach,dark_ramp_minus_uniform,0.5,16,canonical_minus_cnn,difference,-0.05359805840998888
67#33,MC_OFF,Mach,bright_ramp_minus_uniform,0.5,16,canonical_minus_cnn,difference,-0.005677159875631332
67#34,PC_ON,SBC,bright_minus_dark,0.0,0,canonical_minus_cnn,difference,0.0
67#34,PC_ON,SBC,bright_minus_dark,0.0,2,canonical_minus_cnn,difference,0.0
67#34,PC_ON,SBC,bright_minus_dark,0.0,4,canonical_minus_cnn,difference,0.0
67#34,PC_ON,SBC,bright_minus_dark,0.0,6,canonical_minus_cnn,difference,0.0
67#34,PC_ON,SBC,bright_minus_dark,0.0,8,canonical_minus_cnn,difference,0.0
67#34,PC_ON,SBC,bright_minus_dark,0.0625,0,canonical_minus_cnn,difference,0.0
67#34,PC_ON,SBC,bright_minus_dark,0.0625,2,canonical_minus_cnn,difference,-0.1766511034220457
67#34,PC_ON,SBC,bright_minus_dark,0.0625,4,canonical_minus_cnn,difference,-0.4420043332502246
67#34,PC_ON,SBC,bright_minus_dark,0.0625,6,canonical_minus_cnn,difference,-0.46009450126439333
67#34,PC_ON,SBC,bright_minus_dark,0.0625,8,canonical_minus_cnn,difference,-0.4403834128752351
67#34,PC_ON,SBC,bright_minus_dark,0.125,0,canonical_minus_cnn,difference,0.0
67#34,PC_ON,SBC,bright_minus_dark,0.125,2,canonical_minus_cnn,difference,-0.32218819856643677
67#34,PC_ON,SBC,bright_minus_dark,0.125,4,canonical_minus_cnn,difference,-0.6689233537763357
67#34,PC_ON,SBC,bright_minus_dark,0.125,6,canonical_minus_cnn,difference,-0.6846950612962246
67#34,PC_ON,SBC,bright_minus_dark,0.125,8,canonical_minus_cnn,difference,-0.6648128740489483
67#34,PC_ON,SBC,bright_minus_dark,0.25,0,canonical_minus_cnn,difference,0.0
67#34,PC_ON,SBC,bright_minus_dark,0.25,2,canonical_minus_cnn,difference,-0.5229364298284054
67#34,PC_ON,SBC,bright_minus_dark,0.25,4,canonical_minus_cnn,difference,-1.0208631865680218
67#34,PC_ON,SBC,bright_minus_dark,0.25,6,canonical_minus_cnn,difference,-1.0851583071053028
67#34,PC_ON,SBC,bright_minus_dark,0.25,8,canonical_minus_cnn,difference,-1.0560279116034508
67#34,PC_ON,SBC,bright_minus_dark,0.375,0,canonical_minus_cnn,difference,0.0
67#34,PC_ON,SBC,bright_minus_dark,0.375,2,canonical_minus_cnn,difference,-0.6805994883179665
67#34,PC_ON,SBC,bright_minus_dark,0.375,4,canonical_minus_cnn,difference,-1.3502800539135933
67#34,PC_ON,SBC,bright_minus_dark,0.375,6,canonical_minus_cnn,difference,-1.471811756491661
67#34,PC_ON,SBC,bright_minus_dark,0.375,8,canonical_minus_cnn,difference,-1.4317521378397942
67#34,PC_ON,SBC,bright_minus_dark,0.5,0,canonical_minus_cnn,difference,0.0
67#34,PC_ON,SBC,bright_minus_dark,0.5,2,canonical_minus_cnn,difference,-0.8260704502463341
67#34,PC_ON,SBC,bright_minus_dark,0.5,4,canonical_minus_cnn,difference,-1.674089327454567
67#34,PC_ON,SBC,bright_minus_dark,0.5,6,canonical_minus_cnn,difference,-1.8535403534770012
67#34,PC_ON,SBC,bright_minus_dark,0.5,8,canonical_minus_cnn,difference,-1.8027457371354103
67#34,PC_ON,Mach,dark_ramp_minus_uniform,0.0,0,canonical_minus_cnn,difference,0.0
67#34,PC_ON,Mach,bright_ramp_minus_uniform,0.0,0,canonical_minus_cnn,difference,0.0
67#34,PC_ON,Mach,dark_ramp_minus_uniform,0.0,2,canonical_minus_cnn,difference,0.0
67#34,PC_ON,Mach,bright_ramp_minus_uniform,0.0,2,canonical_minus_cnn,difference,0.0
67#34,PC_ON,Mach,dark_ramp_minus_uniform,0.0,4,canonical_minus_cnn,difference,0.0
67#34,PC_ON,Mach,bright_ramp_minus_uniform,0.0,4,canonical_minus_cnn,difference,0.0
67#34,PC_ON,Mach,dark_ramp_minus_uniform,0.0,8,canonical_minus_cnn,difference,0.0
67#34,PC_ON,Mach,bright_ramp_minus_uniform,0.0,8,canonical_minus_cnn,difference,0.0
67#34,PC_ON,Mach,dark_ramp_minus_uniform,0.0,12,canonical_minus_cnn,difference,0.0
67#34,PC_ON,Mach,bright_ramp_minus_uniform,0.0,12,canonical_minus_cnn,difference,0.0
67#34,PC_ON,Mach,dark_ramp_minus_uniform,0.0,16,canonical_minus_cnn,difference,0.0
67#34,PC_ON,Mach,bright_ramp_minus_uniform,0.0,16,canonical_minus_cnn,difference,0.0
67#34,PC_ON,Mach,dark_ramp_minus_uniform,0.0625,0,canonical_minus_cnn,difference,-0.11004477390088141
67#34,PC_ON,Mach,bright_ramp_minus_uniform,0.0625,0,canonical_minus_cnn,difference,0.1625446726102382
67#34,PC_ON,Mach,dark_ramp_minus_uniform,0.0625,2,canonical_minus_cnn,difference,-0.07441335817566141
67#34,PC_ON,Mach,bright_ramp_minus_uniform,0.0625,2,canonical_minus_cnn,difference,0.21048878034343943
67#34,PC_ON,Mach,dark_ramp_minus_uniform,0.0625,4,canonical_minus_cnn,difference,-0.025010999670485035
67#34,PC_ON,Mach,bright_ramp_minus_uniform,0.0625,4,canonical_minus_cnn,difference,0.11362740994081832
67#34,PC_ON,Mach,dark_ramp_minus_uniform,0.0625,8,canonical_minus_cnn,difference,-0.0036291281430749223
67#34,PC_ON,Mach,bright_ramp_minus_uniform,0.0625,8,canonical_minus_cnn,difference,0.024238832920673303
67#34,PC_ON,Mach,dark_ramp_minus_uniform,0.0625,12,canonical_minus_cnn,difference,-0.003258800534240436
67#34,PC_ON,Mach,bright_ramp_minus_uniform,0.0625,12,canonical_minus_cnn,difference,0.009179942244372796
67#34,PC_ON,Mach,dark_ramp_minus_uniform,0.0625,16,canonical_minus_cnn,difference,-0.0030164640265866183
67#34,PC_ON,Mach,bright_ramp_minus_uniform,0.0625,16,canonical_minus_cnn,difference,0.006543612420500722
67#34,PC_ON,Mach,dark_ramp_minus_uniform,0.125,0,canonical_minus_cnn,difference,-0.180951080750674
67#34,PC_ON,Mach,bright_ramp_minus_uniform,0.125,0,canonical_minus_cnn,difference,0.23054590122774243
67#34,PC_ON,Mach,dark_ramp_minus_uniform,0.125,2,canonical_minus_cnn,difference,-0.12998241483001038
67#34,PC_ON,Mach,bright_ramp_minus_uniform,0.125,2,canonical_minus_cnn,difference,0.294887769210618
67#34,PC_ON,Mach,dark_ramp_minus_uniform,0.125,4,canonical_minus_cnn,difference,-0.0513461972004734
67#34,PC_ON,Mach,bright_ramp_minus_uniform,0.125,4,canonical_minus_cnn,difference,0.14942756987875327
67#34,PC_ON,Mach,dark_ramp_minus_uniform,0.125,8,canonical_minus_cnn,difference,-0.012360207183519378
67#34,PC_ON,Mach,bright_ramp_minus_uniform,0.125,8,canonical_minus_cnn,difference,0.01855601544957608
67#34,PC_ON,Mach,dark_ramp_minus_uniform,0.125,12,canonical_minus_cnn,difference,-0.014045659831026569
67#34,PC_ON,Mach,bright_ramp_minus_uniform,0.125,12,canonical_minus_cnn,difference,0.007403008086839691
67#34,PC_ON,Mach,dark_ramp_minus_uniform,0.125,16,canonical_minus_cnn,difference,-0.012781429293681867
67#34,PC_ON,Mach,bright_ramp_minus_uniform,0.125,16,canonical_minus_cnn,difference,0.009966810917831026
67#34,PC_ON,Mach,dark_ramp_minus_uniform,0.25,0,canonical_minus_cnn,difference,-0.3342816671356559
67#34,PC_ON,Mach,bright_ramp_minus_uniform,0.25,0,canonical_minus_cnn,difference,0.34205716010183096
67#34,PC_ON,Mach,dark_ramp_minus_uniform,0.25,2,canonical_minus_cnn,difference,-0.2487661481136456
67#34,PC_ON,Mach,bright_ramp_minus_uniform,0.25,2,canonical_minus_cnn,difference,0.4418446044437587
67#34,PC_ON,Mach,dark_ramp_minus_uniform,0.25,4,canonical_minus_cnn,difference,-0.11752606381196529
67#34,PC_ON,Mach,bright_ramp_minus_uniform,0.25,4,canonical_minus_cnn,difference,0.21306604938581586
67#34,PC_ON,Mach,dark_ramp_minus_uniform,0.25,8,canonical_minus_cnn,difference,-0.04435198480496183
67#34,PC_ON,Mach,bright_ramp_minus_uniform,0.25,8,canonical_minus_cnn,difference,0.012800550495740026
67#34,PC_ON,Mach,dark_ramp_minus_uniform,0.25,12,canonical_minus_cnn,difference,-0.036965054023312405
67#34,PC_ON,Mach,bright_ramp_minus_uniform,0.25,12,canonical_minus_cnn,difference,0.0028763690788764507
67#34,PC_ON,Mach,dark_ramp_minus_uniform,0.25,16,canonical_minus_cnn,difference,-0.02853177400538698
67#34,PC_ON,Mach,bright_ramp_minus_uniform,0.25,16,canonical_minus_cnn,difference,0.008426571264863014
67#34,PC_ON,Mach,dark_ramp_minus_uniform,0.375,0,canonical_minus_cnn,difference,-0.49184834118932486
67#34,PC_ON,Mach,bright_ramp_minus_uniform,0.375,0,canonical_minus_cnn,difference,0.44453410618007183
67#34,PC_ON,Mach,dark_ramp_minus_uniform,0.375,2,canonical_minus_cnn,difference,-0.3732357721310109
67#34,PC_ON,Mach,bright_ramp_minus_uniform,0.375,2,canonical_minus_cnn,difference,0.5767061710357666
67#34,PC_ON,Mach,dark_ramp_minus_uniform,0.375,4,canonical_minus_cnn,difference,-0.19148477318231016
67#34,PC_ON,Mach,bright_ramp_minus_uniform,0.375,4,canonical_minus_cnn,difference,0.27249592542648315
67#34,PC_ON,Mach,dark_ramp_minus_uniform,0.375,8,canonical_minus_cnn,difference,-0.07896733132656664
67#34,PC_ON,Mach,bright_ramp_minus_uniform,0.375,8,canonical_minus_cnn,difference,0.014007929596118629
67#34,PC_ON,Mach,dark_ramp_minus_uniform,0.375,12,canonical_minus_cnn,difference,-0.05712890625
67#34,PC_ON,Mach,bright_ramp_minus_uniform,0.375,12,canonical_minus_cnn,difference,0.001261246157810092
67#34,PC_ON,Mach,dark_ramp_minus_uniform,0.375,16,canonical_minus_cnn,difference,-0.043148230004590005
67#34,PC_ON,Mach,bright_ramp_minus_uniform,0.375,16,canonical_minus_cnn,difference,0.009528005117317662
67#34,PC_ON,Mach,dark_ramp_minus_uniform,0.5,0,canonical_minus_cnn,difference,-0.6479978915303946
67#34,PC_ON,Mach,bright_ramp_minus_uniform,0.5,0,canonical_minus_cnn,difference,0.5465680956840515
67#34,PC_ON,Mach,dark_ramp_minus_uniform,0.5,2,canonical_minus_cnn,difference,-0.4967513482552022
67#34,PC_ON,Mach,bright_ramp_minus_uniform,0.5,2,canonical_minus_cnn,difference,0.7101754865143448
67#34,PC_ON,Mach,dark_ramp_minus_uniform,0.5,4,canonical_minus_cnn,difference,-0.26540611195378006
67#34,PC_ON,Mach,bright_ramp_minus_uniform,0.5,4,canonical_minus_cnn,difference,0.3320081690326333
67#34,PC_ON,Mach,dark_ramp_minus_uniform,0.5,8,canonical_minus_cnn,difference,-0.11209215270355344
67#34,PC_ON,Mach,bright_ramp_minus_uniform,0.5,8,canonical_minus_cnn,difference,0.016752680763602257
67#34,PC_ON,Mach,dark_ramp_minus_uniform,0.5,12,canonical_minus_cnn,difference,-0.07593607058515772
67#34,PC_ON,Mach,bright_ramp_minus_uniform,0.5,12,canonical_minus_cnn,difference,0.0028834660770371556
67#34,PC_ON,Mach,dark_ramp_minus_uniform,0.5,16,canonical_minus_cnn,difference,-0.05714173219166696
67#34,PC_ON,Mach,bright_ramp_minus_uniform,0.5,16,canonical_minus_cnn,difference,0.013736482535023242
68#3,MC_OFF,SBC,bright_minus_dark,0.0,0,canonical_minus_cnn,difference,0.0
68#3,MC_OFF,SBC,bright_minus_dark,0.0,2,canonical_minus_cnn,difference,0.0
68#3,MC_OFF,SBC,bright_minus_dark,0.0,4,canonical_minus_cnn,difference,0.0
68#3,MC_OFF,SBC,bright_minus_dark,0.0,6,canonical_minus_cnn,difference,0.0
68#3,MC_OFF,SBC,bright_minus_dark,0.0,8,canonical_minus_cnn,difference,0.0
68#3,MC_OFF,SBC,bright_minus_dark,0.0625,0,canonical_minus_cnn,difference,0.0
68#3,MC_OFF,SBC,bright_minus_dark,0.0625,2,canonical_minus_cnn,difference,0.16399987414479256
68#3,MC_OFF,SBC,bright_minus_dark,0.0625,4,canonical_minus_cnn,difference,0.3192809112370014
68#3,MC_OFF,SBC,bright_minus_dark,0.0625,6,canonical_minus_cnn,difference,0.3202670328319073
68#3,MC_OFF,SBC,bright_minus_dark,0.0625,8,canonical_minus_cnn,difference,0.2974301911890507
68#3,MC_OFF,SBC,bright_minus_dark,0.125,0,canonical_minus_cnn,difference,0.0
68#3,MC_OFF,SBC,bright_minus_dark,0.125,2,canonical_minus_cnn,difference,0.3008566349744797
68#3,MC_OFF,SBC,bright_minus_dark,0.125,4,canonical_minus_cnn,difference,0.5878681913018227
68#3,MC_OFF,SBC,bright_minus_dark,0.125,6,canonical_minus_cnn,difference,0.5795573815703392
68#3,MC_OFF,SBC,bright_minus_dark,0.125,8,canonical_minus_cnn,difference,0.5417365729808807
68#3,MC_OFF,SBC,bright_minus_dark,0.25,0,canonical_minus_cnn,difference,0.0
68#3,MC_OFF,SBC,bright_minus_dark,0.25,2,canonical_minus_cnn,difference,0.5504934042692184
68#3,MC_OFF,SBC,bright_minus_dark,0.25,4,canonical_minus_cnn,difference,0.9620349109172821
68#3,MC_OFF,SBC,bright_minus_dark,0.25,6,canonical_minus_cnn,difference,0.9340226501226425
68#3,MC_OFF,SBC,bright_minus_dark,0.25,8,canonical_minus_cnn,difference,0.882103905081749
68#3,MC_OFF,SBC,bright_minus_dark,0.375,0,canonical_minus_cnn,difference,0.0
68#3,MC_OFF,SBC,bright_minus_dark,0.375,2,canonical_minus_cnn,difference,0.7623806297779083
68#3,MC_OFF,SBC,bright_minus_dark,0.375,4,canonical_minus_cnn,difference,1.2635898441076279
68#3,MC_OFF,SBC,bright_minus_dark,0.375,6,canonical_minus_cnn,difference,1.2391666769981384
68#3,MC_OFF,SBC,bright_minus_dark,0.375,8,canonical_minus_cnn,difference,1.1681895703077316
68#3,MC_OFF,SBC,bright_minus_dark,0.5,0,canonical_minus_cnn,difference,0.0
68#3,MC_OFF,SBC,bright_minus_dark,0.5,2,canonical_minus_cnn,difference,0.9511318206787109
68#3,MC_OFF,SBC,bright_minus_dark,0.5,4,canonical_minus_cnn,difference,1.553509920835495
68#3,MC_OFF,SBC,bright_minus_dark,0.5,6,canonical_minus_cnn,difference,1.5368950366973877
68#3,MC_OFF,SBC,bright_minus_dark,0.5,8,canonical_minus_cnn,difference,1.4448655247688293
68#3,MC_OFF,Mach,dark_ramp_minus_uniform,0.0,0,canonical_minus_cnn,difference,0.0
68#3,MC_OFF,Mach,bright_ramp_minus_uniform,0.0,0,canonical_minus_cnn,difference,0.0
68#3,MC_OFF,Mach,dark_ramp_minus_uniform,0.0,2,canonical_minus_cnn,difference,0.0
68#3,MC_OFF,Mach,bright_ramp_minus_uniform,0.0,2,canonical_minus_cnn,difference,0.0
68#3,MC_OFF,Mach,dark_ramp_minus_uniform,0.0,4,canonical_minus_cnn,difference,0.0
68#3,MC_OFF,Mach,bright_ramp_minus_uniform,0.0,4,canonical_minus_cnn,difference,0.0
68#3,MC_OFF,Mach,dark_ramp_minus_uniform,0.0,8,canonical_minus_cnn,difference,0.0
68#3,MC_OFF,Mach,bright_ramp_minus_uniform,0.0,8,canonical_minus_cnn,difference,0.0
68#3,MC_OFF,Mach,dark_ramp_minus_uniform,0.0,12,canonical_minus_cnn,difference,0.0
68#3,MC_OFF,Mach,bright_ramp_minus_uniform,0.0,12,canonical_minus_cnn,difference,0.0
68#3,MC_OFF,Mach,dark_ramp_minus_uniform,0.0,16,canonical_minus_cnn,difference,0.0
68#3,MC_OFF,Mach,bright_ramp_minus_uniform,0.0,16,canonical_minus_cnn,difference,0.0
68#3,MC_OFF,Mach,dark_ramp_minus_uniform,0.0625,0,canonical_minus_cnn,difference,-0.10812260117381811
68#3,MC_OFF,Mach,bright_ramp_minus_uniform,0.0625,0,canonical_minus_cnn,difference,-0.3103837613016367
68#3,MC_OFF,Mach,dark_ramp_minus_uniform,0.0625,2,canonical_minus_cnn,difference,-0.10869169095531106
68#3,MC_OFF,Mach,bright_ramp_minus_uniform,0.0625,2,canonical_minus_cnn,difference,-0.3326199590228498
68#3,MC_OFF,Mach,dark_ramp_minus_uniform,0.0625,4,canonical_minus_cnn,difference,-0.10595674370415509
68#3,MC_OFF,Mach,bright_ramp_minus_uniform,0.0625,4,canonical_minus_cnn,difference,-0.24142408068291843
68#3,MC_OFF,Mach,dark_ramp_minus_uniform,0.0625,8,canonical_minus_cnn,difference,-0.06982410751516
68#3,MC_OFF,Mach,bright_ramp_minus_uniform,0.0625,8,canonical_minus_cnn,difference,-0.10499982483452186
68#3,MC_OFF,Mach,dark_ramp_minus_uniform,0.0625,12,canonical_minus_cnn,difference,-0.04799814845318906
68#3,MC_OFF,Mach,bright_ramp_minus_uniform,0.0625,12,canonical_minus_cnn,difference,-0.05833437343244441
68#3,MC_OFF,Mach,dark_ramp_minus_uniform,0.0625,16,canonical_minus_cnn,difference,-0.035998612380353734
68#3,MC_OFF,Mach,bright_ramp_minus_uniform,0.0625,16,canonical_minus_cnn,difference,-0.03938542332616635
68#3,MC_OFF,Mach,dark_ramp_minus_uniform,0.125,0,canonical_minus_cnn,difference,-0.17757886089384556
68#3,MC_OFF,Mach,bright_ramp_minus_uniform,0.125,0,canonical_minus_cnn,difference,-0.532002778723836
68#3,MC_OFF,Mach,dark_ramp_minus_uniform,0.125,2,canonical_minus_cnn,difference,-0.18107693176716566
68#3,MC_OFF,Mach,bright_ramp_minus_uniform,0.125,2,canonical_minus_cnn,difference,-0.5680577913299203
68#3,MC_OFF,Mach,dark_ramp_minus_uniform,0.125,4,canonical_minus_cnn,difference,-0.18571702437475324
68#3,MC_OFF,Mach,bright_ramp_minus_uniform,0.125,4,canonical_minus_cnn,difference,-0.4136006236076355
68#3,MC_OFF,Mach,dark_ramp_minus_uniform,0.125,8,canonical_minus_cnn,difference,-0.12466668779961765
68#3,MC_OFF,Mach,bright_ramp_minus_uniform,0.125,8,canonical_minus_cnn,difference,-0.1611700803041458
68#3,MC_OFF,Mach,dark_ramp_minus_uniform,0.125,12,canonical_minus_cnn,difference,-0.08299210271798074
68#3,MC_OFF,Mach,bright_ramp_minus_uniform,0.125,12,canonical_minus_cnn,difference,-0.0828240702394396
68#3,MC_OFF,Mach,dark_ramp_minus_uniform,0.125,16,canonical_minus_cnn,difference,-0.05836219264892861
68#3,MC_OFF,Mach,bright_ramp_minus_uniform,0.125,16,canonical_minus_cnn,difference,-0.05531437374884263
68#3,MC_OFF,Mach,dark_ramp_minus_uniform,0.25,0,canonical_minus_cnn,difference,-0.22955598682165146
68#3,MC_OFF,Mach,bright_ramp_minus_uniform,0.25,0,canonical_minus_cnn,difference,-0.7791463024914265
68#3,MC_OFF,Mach,dark_ramp_minus_uniform,0.25,2,canonical_minus_cnn,difference,-0.24474894348531961
68#3,MC_OFF,Mach,bright_ramp_minus_uniform,0.25,2,canonical_minus_cnn,difference,-0.8123215436935425
68#3,MC_OFF,Mach,dark_ramp_minus_uniform,0.25,4,canonical_minus_cnn,difference,-0.27501441817730665
68#3,MC_OFF,Mach,bright_ramp_minus_uniform,0.25,4,canonical_minus_cnn,difference,-0.631028370000422
68#3,MC_OFF,Mach,dark_ramp_minus_uniform,0.25,8,canonical_minus_cnn,difference,-0.16543439426459372
68#3,MC_OFF,Mach,bright_ramp_minus_uniform,0.25,8,canonical_minus_cnn,difference,-0.24775013327598572
68#3,MC_OFF,Mach,dark_ramp_minus_uniform,0.25,12,canonical_minus_cnn,difference,-0.09300816163886338
68#3,MC_OFF,Mach,bright_ramp_minus_uniform,0.25,12,canonical_minus_cnn,difference,-0.11523815046530217
68#3,MC_OFF,Mach,dark_ramp_minus_uniform,0.25,16,canonical_minus_cnn,difference,-0.05660044576507062
68#3,MC_OFF,Mach,bright_ramp_minus_uniform,0.25,16,canonical_minus_cnn,difference,-0.07274579454679042
68#3,MC_OFF,Mach,dark_ramp_minus_uniform,0.375,0,canonical_minus_cnn,difference,-0.2641860097646713
68#3,MC_OFF,Mach,bright_ramp_minus_uniform,0.375,0,canonical_minus_cnn,difference,-0.9615030810236931
68#3,MC_OFF,Mach,dark_ramp_minus_uniform,0.375,2,canonical_minus_cnn,difference,-0.2861794987693429
68#3,MC_OFF,Mach,bright_ramp_minus_uniform,0.375,2,canonical_minus_cnn,difference,-0.9931332431733608
68#3,MC_OFF,Mach,dark_ramp_minus_uniform,0.375,4,canonical_minus_cnn,difference,-0.3370220619253814
68#3,MC_OFF,Mach,bright_ramp_minus_uniform,0.375,4,canonical_minus_cnn,difference,-0.7883728025481105
68#3,MC_OFF,Mach,dark_ramp_minus_uniform,0.375,8,canonical_minus_cnn,difference,-0.19048168556764722
68#3,MC_OFF,Mach,bright_ramp_minus_uniform,0.375,8,canonical_minus_cnn,difference,-0.33526089997030795
68#3,MC_OFF,Mach,dark_ramp_minus_uniform,0.375,12,canonical_minus_cnn,difference,-0.10271267592906952
68#3,MC_OFF,Mach,bright_ramp_minus_uniform,0.375,12,canonical_minus_cnn,difference,-0.15279588010162115
68#3,MC_OFF,Mach,dark_ramp_minus_uniform,0.375,16,canonical_minus_cnn,difference,-0.062328511266969144
68#3,MC_OFF,Mach,bright_ramp_minus_uniform,0.375,16,canonical_minus_cnn,difference,-0.09826693183276802
68#3,MC_OFF,Mach,dark_ramp_minus_uniform,0.5,0,canonical_minus_cnn,difference,-0.29924560338258743
68#3,MC_OFF,Mach,bright_ramp_minus_uniform,0.5,0,canonical_minus_cnn,difference,-1.1354121789336205
68#3,MC_OFF,Mach,dark_ramp_minus_uniform,0.5,2,canonical_minus_cnn,difference,-0.32269803807139397
68#3,MC_OFF,Mach,bright_ramp_minus_uniform,0.5,2,canonical_minus_cnn,difference,-1.165980426594615
68#3,MC_OFF,Mach,dark_ramp_minus_uniform,0.5,4,canonical_minus_cnn,difference,-0.39349267072975636
68#3,MC_OFF,Mach,bright_ramp_minus_uniform,0.5,4,canonical_minus_cnn,difference,-0.928624777123332
68#3,MC_OFF,Mach,dark_ramp_minus_uniform,0.5,8,canonical_minus_cnn,difference,-0.2193373697809875
68#3,MC_OFF,Mach,bright_ramp_minus_uniform,0.5,8,canonical_minus_cnn,difference,-0.4190317648462951
68#3,MC_OFF,Mach,dark_ramp_minus_uniform,0.5,12,canonical_minus_cnn,difference,-0.11956009664572775
68#3,MC_OFF,Mach,bright_ramp_minus_uniform,0.5,12,canonical_minus_cnn,difference,-0.1938545792363584
68#3,MC_OFF,Mach,dark_ramp_minus_uniform,0.5,16,canonical_minus_cnn,difference,-0.07452583964914083
68#3,MC_OFF,Mach,bright_ramp_minus_uniform,0.5,16,canonical_minus_cnn,difference,-0.12712793261744082
68#4,PC_ON,SBC,bright_minus_dark,0.0,0,canonical_minus_cnn,difference,0.0
68#4,PC_ON,SBC,bright_minus_dark,0.0,2,canonical_minus_cnn,difference,0.0
68#4,PC_ON,SBC,bright_minus_dark,0.0,4,canonical_minus_cnn,difference,0.0
68#4,PC_ON,SBC,bright_minus_dark,0.0,6,canonical_minus_cnn,difference,0.0
68#4,PC_ON,SBC,bright_minus_dark,0.0,8,canonical_minus_cnn,difference,0.0
68#4,PC_ON,SBC,bright_minus_dark,0.0625,0,canonical_minus_cnn,difference,0.0
68#4,PC_ON,SBC,bright_minus_dark,0.0625,2,canonical_minus_cnn,difference,0.02273852750658989
68#4,PC_ON,SBC,bright_minus_dark,0.0625,4,canonical_minus_cnn,difference,0.09506739303469658
68#4,PC_ON,SBC,bright_minus_dark,0.0625,6,canonical_minus_cnn,difference,0.11587899923324585
68#4,PC_ON,SBC,bright_minus_dark,0.0625,8,canonical_minus_cnn,difference,0.1170571967959404
68#4,PC_ON,SBC,bright_minus_dark,0.125,0,canonical_minus_cnn,difference,0.0
68#4,PC_ON,SBC,bright_minus_dark,0.125,2,canonical_minus_cnn,difference,0.018524155020713806
68#4,PC_ON,SBC,bright_minus_dark,0.125,4,canonical_minus_cnn,difference,0.12153015285730362
68#4,PC_ON,SBC,bright_minus_dark,0.125,6,canonical_minus_cnn,difference,0.14865173399448395
68#4,PC_ON,SBC,bright_minus_dark,0.125,8,canonical_minus_cnn,difference,0.14883240312337875
68#4,PC_ON,SBC,bright_minus_dark,0.25,0,canonical_minus_cnn,difference,0.0
68#4,PC_ON,SBC,bright_minus_dark,0.25,2,canonical_minus_cnn,difference,-0.01014341413974762
68#4,PC_ON,SBC,bright_minus_dark,0.25,4,canonical_minus_cnn,difference,0.15695033967494965
68#4,PC_ON,SBC,bright_minus_dark,0.25,6,canonical_minus_cnn,difference,0.2041604071855545
68#4,PC_ON,SBC,bright_minus_dark,0.25,8,canonical_minus_cnn,difference,0.20394545793533325
68#4,PC_ON,SBC,bright_minus_dark,0.375,0,canonical_minus_cnn,difference,0.0
68#4,PC_ON,SBC,bright_minus_dark,0.375,2,canonical_minus_cnn,difference,-0.045784249901771545
68#4,PC_ON,SBC,bright_minus_dark,0.375,4,canonical_minus_cnn,difference,0.18869028985500336
68#4,PC_ON,SBC,bright_minus_dark,0.375,6,canonical_minus_cnn,difference,0.2576731741428375
68#4,PC_ON,SBC,bright_minus_dark,0.375,8,canonical_minus_cnn,difference,0.25720348954200745
68#4,PC_ON,SBC,bright_minus_dark,0.5,0,canonical_minus_cnn,difference,0.0
68#4,PC_ON,SBC,bright_minus_dark,0.5,2,canonical_minus_cnn,difference,-0.08388710021972656
68#4,PC_ON,SBC,bright_minus_dark,0.5,4,canonical_minus_cnn,difference,0.21958550810813904
68#4,PC_ON,SBC,bright_minus_dark,0.5,6,canonical_minus_cnn,difference,0.3111375868320465
68#4,PC_ON,SBC,bright_minus_dark,0.5,8,canonical_minus_cnn,difference,0.3102632761001587
68#4,PC_ON,Mach,dark_ramp_minus_uniform,0.0,0,canonical_minus_cnn,difference,0.0
68#4,PC_ON,Mach,bright_ramp_minus_uniform,0.0,0,canonical_minus_cnn,difference,0.0
68#4,PC_ON,Mach,dark_ramp_minus_uniform,0.0,2,canonical_minus_cnn,difference,0.0
68#4,PC_ON,Mach,bright_ramp_minus_uniform,0.0,2,canonical_minus_cnn,difference,0.0
68#4,PC_ON,Mach,dark_ramp_minus_uniform,0.0,4,canonical_minus_cnn,difference,0.0
68#4,PC_ON,Mach,bright_ramp_minus_uniform,0.0,4,canonical_minus_cnn,difference,0.0
68#4,PC_ON,Mach,dark_ramp_minus_uniform,0.0,8,canonical_minus_cnn,difference,0.0
68#4,PC_ON,Mach,bright_ramp_minus_uniform,0.0,8,canonical_minus_cnn,difference,0.0
68#4,PC_ON,Mach,dark_ramp_minus_uniform,0.0,12,canonical_minus_cnn,difference,0.0
68#4,PC_ON,Mach,bright_ramp_minus_uniform,0.0,12,canonical_minus_cnn,difference,0.0
68#4,PC_ON,Mach,dark_ramp_minus_uniform,0.0,16,canonical_minus_cnn,difference,0.0
68#4,PC_ON,Mach,bright_ramp_minus_uniform,0.0,16,canonical_minus_cnn,difference,0.0
68#4,PC_ON,Mach,dark_ramp_minus_uniform,0.0625,0,canonical_minus_cnn,difference,0.01953781396150589
68#4,PC_ON,Mach,bright_ramp_minus_uniform,0.0625,0,canonical_minus_cnn,difference,-0.05202445201575756
68#4,PC_ON,Mach,dark_ramp_minus_uniform,0.0625,2,canonical_minus_cnn,difference,0.016912784427404404
68#4,PC_ON,Mach,bright_ramp_minus_uniform,0.0625,2,canonical_minus_cnn,difference,-0.054605863988399506
68#4,PC_ON,Mach,dark_ramp_minus_uniform,0.0625,4,canonical_minus_cnn,difference,0.0062304092571139336
68#4,PC_ON,Mach,bright_ramp_minus_uniform,0.0625,4,canonical_minus_cnn,difference,-0.03764071594923735
68#4,PC_ON,Mach,dark_ramp_minus_uniform,0.0625,8,canonical_minus_cnn,difference,-0.008164382306858897
68#4,PC_ON,Mach,bright_ramp_minus_uniform,0.0625,8,canonical_minus_cnn,difference,-0.015110969077795744
68#4,PC_ON,Mach,dark_ramp_minus_uniform,0.0625,12,canonical_minus_cnn,difference,-0.008621104760095477
68#4,PC_ON,Mach,bright_ramp_minus_uniform,0.0625,12,canonical_minus_cnn,difference,-0.007096107816323638
68#4,PC_ON,Mach,dark_ramp_minus_uniform,0.0625,16,canonical_minus_cnn,difference,-0.0071271739434450865
68#4,PC_ON,Mach,bright_ramp_minus_uniform,0.0625,16,canonical_minus_cnn,difference,-0.004554311512038112
68#4,PC_ON,Mach,dark_ramp_minus_uniform,0.125,0,canonical_minus_cnn,difference,0.016115151345729828
68#4,PC_ON,Mach,bright_ramp_minus_uniform,0.125,0,canonical_minus_cnn,difference,-0.059196291491389275
68#4,PC_ON,Mach,dark_ramp_minus_uniform,0.125,2,canonical_minus_cnn,difference,0.01661672815680504
68#4,PC_ON,Mach,bright_ramp_minus_uniform,0.125,2,canonical_minus_cnn,difference,-0.05483118072152138
68#4,PC_ON,Mach,dark_ramp_minus_uniform,0.125,4,canonical_minus_cnn,difference,0.003366731107234955
68#4,PC_ON,Mach,bright_ramp_minus_uniform,0.125,4,canonical_minus_cnn,difference,-0.035917678847908974
68#4,PC_ON,Mach,dark_ramp_minus_uniform,0.125,8,canonical_minus_cnn,difference,-0.021662465296685696
68#4,PC_ON,Mach,bright_ramp_minus_uniform,0.125,8,canonical_minus_cnn,difference,-0.017718450166285038
68#4,PC_ON,Mach,dark_ramp_minus_uniform,0.125,12,canonical_minus_cnn,difference,-0.019867754075676203
68#4,PC_ON,Mach,bright_ramp_minus_uniform,0.125,12,canonical_minus_cnn,difference,-0.008767429273575544
68#4,PC_ON,Mach,dark_ramp_minus_uniform,0.125,16,canonical_minus_cnn,difference,-0.014824692625552416
68#4,PC_ON,Mach,bright_ramp_minus_uniform,0.125,16,canonical_minus_cnn,difference,-0.005972488317638636
68#4,PC_ON,Mach,dark_ramp_minus_uniform,0.25,0,canonical_minus_cnn,difference,0.008396908640861511
68#4,PC_ON,Mach,bright_ramp_minus_uniform,0.25,0,canonical_minus_cnn,difference,-0.06842517107725143
68#4,PC_ON,Mach,dark_ramp_minus_uniform,0.25,2,canonical_minus_cnn,difference,0.015513189136981964
68#4,PC_ON,Mach,bright_ramp_minus_uniform,0.25,2,canonical_minus_cnn,difference,-0.05149494856595993
68#4,PC_ON,Mach,dark_ramp_minus_uniform,0.25,4,canonical_minus_cnn,difference,-0.0011419057846069336
68#4,PC_ON,Mach,bright_ramp_minus_uniform,0.25,4,canonical_minus_cnn,difference,-0.03219872713088989
68#4,PC_ON,Mach,dark_ramp_minus_uniform,0.25,8,canonical_minus_cnn,difference,-0.04670718498528004
68#4,PC_ON,Mach,bright_ramp_minus_uniform,0.25,8,canonical_minus_cnn,difference,-0.0237942673265934
68#4,PC_ON,Mach,dark_ramp_minus_uniform,0.25,12,canonical_minus_cnn,difference,-0.04078992176800966
68#4,PC_ON,Mach,bright_ramp_minus_uniform,0.25,12,canonical_minus_cnn,difference,-0.017000618390738964
68#4,PC_ON,Mach,dark_ramp_minus_uniform,0.25,16,canonical_minus_cnn,difference,-0.030549628660082817
68#4,PC_ON,Mach,bright_ramp_minus_uniform,0.25,16,canonical_minus_cnn,difference,-0.012205838225781918
68#4,PC_ON,Mach,dark_ramp_minus_uniform,0.375,0,canonical_minus_cnn,difference,0.0008555203676223755
68#4,PC_ON,Mach,bright_ramp_minus_uniform,0.375,0,canonical_minus_cnn,difference,-0.07611847296357155
68#4,PC_ON,Mach,dark_ramp_minus_uniform,0.375,2,canonical_minus_cnn,difference,0.01450127363204956
68#4,PC_ON,Mach,bright_ramp_minus_uniform,0.375,2,canonical_minus_cnn,difference,-0.048287175595760345
68#4,PC_ON,Mach,dark_ramp_minus_uniform,0.375,4,canonical_minus_cnn,difference,-0.00614914670586586
68#4,PC_ON,Mach,bright_ramp_minus_uniform,0.375,4,canonical_minus_cnn,difference,-0.02926856279373169
68#4,PC_ON,Mach,dark_ramp_minus_uniform,0.375,8,canonical_minus_cnn,difference,-0.07059056870639324
68#4,PC_ON,Mach,bright_ramp_minus_uniform,0.375,8,canonical_minus_cnn,difference,-0.030604377388954163
68#4,PC_ON,Mach,dark_ramp_minus_uniform,0.375,12,canonical_minus_cnn,difference,-0.06162451021373272
68#4,PC_ON,Mach,bright_ramp_minus_uniform,0.375,12,canonical_minus_cnn,difference,-0.02545633167028427
68#4,PC_ON,Mach,dark_ramp_minus_uniform,0.375,16,canonical_minus_cnn,difference,-0.04592104721814394
68#4,PC_ON,Mach,bright_ramp_minus_uniform,0.375,16,canonical_minus_cnn,difference,-0.018373035825788975
68#4,PC_ON,Mach,dark_ramp_minus_uniform,0.5,0,canonical_minus_cnn,difference,-0.00638735294342041
68#4,PC_ON,Mach,bright_ramp_minus_uniform,0.5,0,canonical_minus_cnn,difference,-0.08384639769792557
68#4,PC_ON,Mach,dark_ramp_minus_uniform,0.5,2,canonical_minus_cnn,difference,0.013836145401000977
68#4,PC_ON,Mach,bright_ramp_minus_uniform,0.5,2,canonical_minus_cnn,difference,-0.04492160677909851
68#4,PC_ON,Mach,dark_ramp_minus_uniform,0.5,4,canonical_minus_cnn,difference,-0.010930582880973816
68#4,PC_ON,Mach,bright_ramp_minus_uniform,0.5,4,canonical_minus_cnn,difference,-0.025873810052871704
68#4,PC_ON,Mach,dark_ramp_minus_uniform,0.5,8,canonical_minus_cnn,difference,-0.09380930662155151
68#4,PC_ON,Mach,bright_ramp_minus_uniform,0.5,8,canonical_minus_cnn,difference,-0.037550222128629684
68#4,PC_ON,Mach,dark_ramp_minus_uniform,0.5,12,canonical_minus_cnn,difference,-0.08218053355813026
68#4,PC_ON,Mach,bright_ramp_minus_uniform,0.5,12,canonical_minus_cnn,difference,-0.03384993225336075
68#4,PC_ON,Mach,dark_ramp_minus_uniform,0.5,16,canonical_minus_cnn,difference,-0.06121710687875748
68#4,PC_ON,Mach,bright_ramp_minus_uniform,0.5,16,canonical_minus_cnn,difference,-0.024507293477654457
68#7,PC_ON,SBC,bright_minus_dark,0.0,0,canonical_minus_cnn,difference,0.0
68#7,PC_ON,SBC,bright_minus_dark,0.0,2,canonical_minus_cnn,difference,0.0
68#7,PC_ON,SBC,bright_minus_dark,0.0,4,canonical_minus_cnn,difference,0.0
68#7,PC_ON,SBC,bright_minus_dark,0.0,6,canonical_minus_cnn,difference,0.0
68#7,PC_ON,SBC,bright_minus_dark,0.0,8,canonical_minus_cnn,difference,0.0
68#7,PC_ON,SBC,bright_minus_dark,0.0625,0,canonical_minus_cnn,difference,0.0
68#7,PC_ON,SBC,bright_minus_dark,0.0625,2,canonical_minus_cnn,difference,-0.18375752493739128
68#7,PC_ON,SBC,bright_minus_dark,0.0625,4,canonical_minus_cnn,difference,-0.4452431369572878
68#7,PC_ON,SBC,bright_minus_dark,0.0625,6,canonical_minus_cnn,difference,-0.39310397766530514
68#7,PC_ON,SBC,bright_minus_dark,0.0625,8,canonical_minus_cnn,difference,-0.3606505263596773
68#7,PC_ON,SBC,bright_minus_dark,0.125,0,canonical_minus_cnn,difference,0.0
68#7,PC_ON,SBC,bright_minus_dark,0.125,2,canonical_minus_cnn,difference,-0.36077557876706123
68#7,PC_ON,SBC,bright_minus_dark,0.125,4,canonical_minus_cnn,difference,-0.6962260194122791
68#7,PC_ON,SBC,bright_minus_dark,0.125,6,canonical_minus_cnn,difference,-0.6041059345006943
68#7,PC_ON,SBC,bright_minus_dark,0.125,8,canonical_minus_cnn,difference,-0.5608145520091057
68#7,PC_ON,SBC,bright_minus_dark,0.25,0,canonical_minus_cnn,difference,0.0
68#7,PC_ON,SBC,bright_minus_dark,0.25,2,canonical_minus_cnn,difference,-0.6265037134289742
68#7,PC_ON,SBC,bright_minus_dark,0.25,4,canonical_minus_cnn,difference,-1.0793067663908005
68#7,PC_ON,SBC,bright_minus_dark,0.25,6,canonical_minus_cnn,difference,-0.9469580575823784
68#7,PC_ON,SBC,bright_minus_dark,0.25,8,canonical_minus_cnn,difference,-0.8735533952713013
68#7,PC_ON,SBC,bright_minus_dark,0.375,0,canonical_minus_cnn,difference,0.0
68#7,PC_ON,SBC,bright_minus_dark,0.375,2,canonical_minus_cnn,difference,-0.8445829749107361
68#7,PC_ON,SBC,bright_minus_dark,0.375,4,canonical_minus_cnn,difference,-1.4114754050970078
68#7,PC_ON,SBC,bright_minus_dark,0.375,6,canonical_minus_cnn,difference,-1.2621228694915771
68#7,PC_ON,SBC,bright_minus_dark,0.375,8,canonical_minus_cnn,difference,-1.1792687624692917
68#7,PC_ON,SBC,bright_minus_dark,0.5,0,canonical_minus_cnn,difference,0.0
68#7,PC_ON,SBC,bright_minus_dark,0.5,2,canonical_minus_cnn,difference,-1.038453534245491
68#7,PC_ON,SBC,bright_minus_dark,0.5,4,canonical_minus_cnn,difference,-1.7059012204408646
68#7,PC_ON,SBC,bright_minus_dark,0.5,6,canonical_minus_cnn,difference,-1.5597598403692245
68#7,PC_ON,SBC,bright_minus_dark,0.5,8,canonical_minus_cnn,difference,-1.4709475487470627
68#7,PC_ON,Mach,dark_ramp_minus_uniform,0.0,0,canonical_minus_cnn,difference,0.0
68#7,PC_ON,Mach,bright_ramp_minus_uniform,0.0,0,canonical_minus_cnn,difference,0.0
68#7,PC_ON,Mach,dark_ramp_minus_uniform,0.0,2,canonical_minus_cnn,difference,0.0
68#7,PC_ON,Mach,bright_ramp_minus_uniform,0.0,2,canonical_minus_cnn,difference,0.0
68#7,PC_ON,Mach,dark_ramp_minus_uniform,0.0,4,canonical_minus_cnn,difference,0.0
68#7,PC_ON,Mach,bright_ramp_minus_uniform,0.0,4,canonical_minus_cnn,difference,0.0
68#7,PC_ON,Mach,dark_ramp_minus_uniform,0.0,8,canonical_minus_cnn,difference,0.0
68#7,PC_ON,Mach,bright_ramp_minus_uniform,0.0,8,canonical_minus_cnn,difference,0.0
68#7,PC_ON,Mach,dark_ramp_minus_uniform,0.0,12,canonical_minus_cnn,difference,0.0
68#7,PC_ON,Mach,bright_ramp_minus_uniform,0.0,12,canonical_minus_cnn,difference,0.0
68#7,PC_ON,Mach,dark_ramp_minus_uniform,0.0,16,canonical_minus_cnn,difference,0.0
68#7,PC_ON,Mach,bright_ramp_minus_uniform,0.0,16,canonical_minus_cnn,difference,0.0
68#7,PC_ON,Mach,dark_ramp_minus_uniform,0.0625,0,canonical_minus_cnn,difference,0.015360887511633337
68#7,PC_ON,Mach,bright_ramp_minus_uniform,0.0625,0,canonical_minus_cnn,difference,0.24139579245820642
68#7,PC_ON,Mach,dark_ramp_minus_uniform,0.0625,2,canonical_minus_cnn,difference,0.03949564346112311
68#7,PC_ON,Mach,bright_ramp_minus_uniform,0.0625,2,canonical_minus_cnn,difference,0.2907798846717924
68#7,PC_ON,Mach,dark_ramp_minus_uniform,0.0625,4,canonical_minus_cnn,difference,0.06354485347401351
68#7,PC_ON,Mach,bright_ramp_minus_uniform,0.0625,4,canonical_minus_cnn,difference,0.18896712467540056
68#7,PC_ON,Mach,dark_ramp_minus_uniform,0.0625,8,canonical_minus_cnn,difference,0.035334713000338525
68#7,PC_ON,Mach,bright_ramp_minus_uniform,0.0625,8,canonical_minus_cnn,difference,0.07001758069964126
68#7,PC_ON,Mach,dark_ramp_minus_uniform,0.0625,12,canonical_minus_cnn,difference,0.020879857620457187
68#7,PC_ON,Mach,bright_ramp_minus_uniform,0.0625,12,canonical_minus_cnn,difference,0.030455087864538655
68#7,PC_ON,Mach,dark_ramp_minus_uniform,0.0625,16,canonical_minus_cnn,difference,0.013951961445854977
68#7,PC_ON,Mach,bright_ramp_minus_uniform,0.0625,16,canonical_minus_cnn,difference,0.017643078666878864
68#7,PC_ON,Mach,dark_ramp_minus_uniform,0.125,0,canonical_minus_cnn,difference,0.009875146439298987
68#7,PC_ON,Mach,bright_ramp_minus_uniform,0.125,0,canonical_minus_cnn,difference,0.33538848999887705
68#7,PC_ON,Mach,dark_ramp_minus_uniform,0.125,2,canonical_minus_cnn,difference,0.04373536817729473
68#7,PC_ON,Mach,bright_ramp_minus_uniform,0.125,2,canonical_minus_cnn,difference,0.4013525266200304
68#7,PC_ON,Mach,dark_ramp_minus_uniform,0.125,4,canonical_minus_cnn,difference,0.09083023713901639
68#7,PC_ON,Mach,bright_ramp_minus_uniform,0.125,4,canonical_minus_cnn,difference,0.23702195193618536
68#7,PC_ON,Mach,dark_ramp_minus_uniform,0.125,8,canonical_minus_cnn,difference,0.057102846330963075
68#7,PC_ON,Mach,bright_ramp_minus_uniform,0.125,8,canonical_minus_cnn,difference,0.05537444131914526
68#7,PC_ON,Mach,dark_ramp_minus_uniform,0.125,12,canonical_minus_cnn,difference,0.028042483842000365
68#7,PC_ON,Mach,bright_ramp_minus_uniform,0.125,12,canonical_minus_cnn,difference,0.009516302729025483
68#7,PC_ON,Mach,dark_ramp_minus_uniform,0.125,16,canonical_minus_cnn,difference,0.018179638544097543
68#7,PC_ON,Mach,bright_ramp_minus_uniform,0.125,16,canonical_minus_cnn,difference,0.006696470780298114
68#7,PC_ON,Mach,dark_ramp_minus_uniform,0.25,0,canonical_minus_cnn,difference,-0.011793836019933224
68#7,PC_ON,Mach,bright_ramp_minus_uniform,0.25,0,canonical_minus_cnn,difference,0.46926870942115784
68#7,PC_ON,Mach,dark_ramp_minus_uniform,0.25,2,canonical_minus_cnn,difference,0.05023806728422642
68#7,PC_ON,Mach,bright_ramp_minus_uniform,0.25,2,canonical_minus_cnn,difference,0.5931157786399126
68#7,PC_ON,Mach,dark_ramp_minus_uniform,0.25,4,canonical_minus_cnn,difference,0.1269459705799818
68#7,PC_ON,Mach,bright_ramp_minus_uniform,0.25,4,canonical_minus_cnn,difference,0.3164303321391344
68#7,PC_ON,Mach,dark_ramp_minus_uniform,0.25,8,canonical_minus_cnn,difference,0.08683908684179187
68#7,PC_ON,Mach,bright_ramp_minus_uniform,0.25,8,canonical_minus_cnn,difference,0.044458035845309496
68#7,PC_ON,Mach,dark_ramp_minus_uniform,0.25,12,canonical_minus_cnn,difference,0.041883285040967166
68#7,PC_ON,Mach,bright_ramp_minus_uniform,0.25,12,canonical_minus_cnn,difference,0.0010779659496620297
68#7,PC_ON,Mach,dark_ramp_minus_uniform,0.25,16,canonical_minus_cnn,difference,0.0292378751328215
68#7,PC_ON,Mach,bright_ramp_minus_uniform,0.25,16,canonical_minus_cnn,difference,0.008263436728157103
68#7,PC_ON,Mach,dark_ramp_minus_uniform,0.375,0,canonical_minus_cnn,difference,-0.03797942120581865
68#7,PC_ON,Mach,bright_ramp_minus_uniform,0.375,0,canonical_minus_cnn,difference,0.5927452556788921
68#7,PC_ON,Mach,dark_ramp_minus_uniform,0.375,2,canonical_minus_cnn,difference,0.0484717758372426
68#7,PC_ON,Mach,bright_ramp_minus_uniform,0.375,2,canonical_minus_cnn,difference,0.7661636983975768
68#7,PC_ON,Mach,dark_ramp_minus_uniform,0.375,4,canonical_minus_cnn,difference,0.15399520006030798
68#7,PC_ON,Mach,bright_ramp_minus_uniform,0.375,4,canonical_minus_cnn,difference,0.3842818895354867
68#7,PC_ON,Mach,dark_ramp_minus_uniform,0.375,8,canonical_minus_cnn,difference,0.10633026319555938
68#7,PC_ON,Mach,bright_ramp_minus_uniform,0.375,8,canonical_minus_cnn,difference,0.03236177680082619
68#7,PC_ON,Mach,dark_ramp_minus_uniform,0.375,12,canonical_minus_cnn,difference,0.05504775792360306
68#7,PC_ON,Mach,bright_ramp_minus_uniform,0.375,12,canonical_minus_cnn,difference,-0.011824500281363726
68#7,PC_ON,Mach,dark_ramp_minus_uniform,0.375,16,canonical_minus_cnn,difference,0.03816130117047578
68#7,PC_ON,Mach,bright_ramp_minus_uniform,0.375,16,canonical_minus_cnn,difference,-0.0009719213703647256
68#7,PC_ON,Mach,dark_ramp_minus_uniform,0.5,0,canonical_minus_cnn,difference,-0.0715626310557127
68#7,PC_ON,Mach,bright_ramp_minus_uniform,0.5,0,canonical_minus_cnn,difference,0.7177982740104198
68#7,PC_ON,Mach,dark_ramp_minus_uniform,0.5,2,canonical_minus_cnn,difference,0.03807652182877064
68#7,PC_ON,Mach,bright_ramp_minus_uniform,0.5,2,canonical_minus_cnn,difference,0.9252345487475395
68#7,PC_ON,Mach,dark_ramp_minus_uniform,0.5,4,canonical_minus_cnn,difference,0.17551660910248756
68#7,PC_ON,Mach,bright_ramp_minus_uniform,0.5,4,canonical_minus_cnn,difference,0.44992524571716785
68#7,PC_ON,Mach,dark_ramp_minus_uniform,0.5,8,canonical_minus_cnn,difference,0.12237592926248908
68#7,PC_ON,Mach,bright_ramp_minus_uniform,0.5,8,canonical_minus_cnn,difference,0.021200443152338266
68#7,PC_ON,Mach,dark_ramp_minus_uniform,0.5,12,canonical_minus_cnn,difference,0.06394229689612985
68#7,PC_ON,Mach,bright_ramp_minus_uniform,0.5,12,canonical_minus_cnn,difference,-0.02255089650861919
68#7,PC_ON,Mach,dark_ramp_minus_uniform,0.5,16,canonical_minus_cnn,difference,0.04087295662611723
68#7,PC_ON,Mach,bright_ramp_minus_uniform,0.5,16,canonical_minus_cnn,difference,-0.007582637015730143
68#10,MC_ON,SBC,bright_minus_dark,0.0,0,canonical_minus_cnn,difference,0.0
68#10,MC_ON,SBC,bright_minus_dark,0.0,2,canonical_minus_cnn,difference,0.0
68#10,MC_ON,SBC,bright_minus_dark,0.0,4,canonical_minus_cnn,difference,0.0
68#10,MC_ON,SBC,bright_minus_dark,0.0,6,canonical_minus_cnn,difference,0.0
68#10,MC_ON,SBC,bright_minus_dark,0.0,8,canonical_minus_cnn,difference,0.0
68#10,MC_ON,SBC,bright_minus_dark,0.0625,0,canonical_minus_cnn,difference,0.0
68#10,MC_ON,SBC,bright_minus_dark,0.0625,2,canonical_minus_cnn,difference,-0.06784683838486671
68#10,MC_ON,SBC,bright_minus_dark,0.0625,4,canonical_minus_cnn,difference,-0.25068971887230873
68#10,MC_ON,SBC,bright_minus_dark,0.0625,6,canonical_minus_cnn,difference,-0.545982513576746
68#10,MC_ON,SBC,bright_minus_dark,0.0625,8,canonical_minus_cnn,difference,-0.659600343555212
68#10,MC_ON,SBC,bright_minus_dark,0.125,0,canonical_minus_cnn,difference,0.0
68#10,MC_ON,SBC,bright_minus_dark,0.125,2,canonical_minus_cnn,difference,-0.13735389336943626
68#10,MC_ON,SBC,bright_minus_dark,0.125,4,canonical_minus_cnn,difference,-0.4151310846209526
68#10,MC_ON,SBC,bright_minus_dark,0.125,6,canonical_minus_cnn,difference,-0.8389742597937584
68#10,MC_ON,SBC,bright_minus_dark,0.125,8,canonical_minus_cnn,difference,-1.0099482983350754
68#10,MC_ON,SBC,bright_minus_dark,0.25,0,canonical_minus_cnn,difference,0.0
68#10,MC_ON,SBC,bright_minus_dark,0.25,2,canonical_minus_cnn,difference,-0.26279570907354355
68#10,MC_ON,SBC,bright_minus_dark,0.25,4,canonical_minus_cnn,difference,-0.6854942291975021
68#10,MC_ON,SBC,bright_minus_dark,0.25,6,canonical_minus_cnn,difference,-1.373853474855423
68#10,MC_ON,SBC,bright_minus_dark,0.25,8,canonical_minus_cnn,difference,-1.6504334956407547
68#10,MC_ON,SBC,bright_minus_dark,0.375,0,canonical_minus_cnn,difference,0.0
68#10,MC_ON,SBC,bright_minus_dark,0.375,2,canonical_minus_cnn,difference,-0.3785991817712784
68#10,MC_ON,SBC,bright_minus_dark,0.375,4,canonical_minus_cnn,difference,-0.9374415576457977
68#10,MC_ON,SBC,bright_minus_dark,0.375,6,canonical_minus_cnn,difference,-1.8892762511968613
68#10,MC_ON,SBC,bright_minus_dark,0.375,8,canonical_minus_cnn,difference,-2.2652868926525116
68#10,MC_ON,SBC,bright_minus_dark,0.5,0,canonical_minus_cnn,difference,0.0
68#10,MC_ON,SBC,bright_minus_dark,0.5,2,canonical_minus_cnn,difference,-0.4917181432247162
68#10,MC_ON,SBC,bright_minus_dark,0.5,4,canonical_minus_cnn,difference,-1.1823205947875977
68#10,MC_ON,SBC,bright_minus_dark,0.5,6,canonical_minus_cnn,difference,-2.3963854610919952
68#10,MC_ON,SBC,bright_minus_dark,0.5,8,canonical_minus_cnn,difference,-2.880611389875412
68#10,MC_ON,Mach,dark_ramp_minus_uniform,0.0,0,canonical_minus_cnn,difference,0.0
68#10,MC_ON,Mach,bright_ramp_minus_uniform,0.0,0,canonical_minus_cnn,difference,0.0
68#10,MC_ON,Mach,dark_ramp_minus_uniform,0.0,2,canonical_minus_cnn,difference,0.0
68#10,MC_ON,Mach,bright_ramp_minus_uniform,0.0,2,canonical_minus_cnn,difference,0.0
68#10,MC_ON,Mach,dark_ramp_minus_uniform,0.0,4,canonical_minus_cnn,difference,0.0
68#10,MC_ON,Mach,bright_ramp_minus_uniform,0.0,4,canonical_minus_cnn,difference,0.0
68#10,MC_ON,Mach,dark_ramp_minus_uniform,0.0,8,canonical_minus_cnn,difference,0.0
68#10,MC_ON,Mach,bright_ramp_minus_uniform,0.0,8,canonical_minus_cnn,difference,0.0
68#10,MC_ON,Mach,dark_ramp_minus_uniform,0.0,12,canonical_minus_cnn,difference,0.0
68#10,MC_ON,Mach,bright_ramp_minus_uniform,0.0,12,canonical_minus_cnn,difference,0.0
68#10,MC_ON,Mach,dark_ramp_minus_uniform,0.0,16,canonical_minus_cnn,difference,0.0
68#10,MC_ON,Mach,bright_ramp_minus_uniform,0.0,16,canonical_minus_cnn,difference,0.0
68#10,MC_ON,Mach,dark_ramp_minus_uniform,0.0625,0,canonical_minus_cnn,difference,-0.028484183829277754
68#10,MC_ON,Mach,bright_ramp_minus_uniform,0.0625,0,canonical_minus_cnn,difference,0.43930290918797255
68#10,MC_ON,Mach,dark_ramp_minus_uniform,0.0625,2,canonical_minus_cnn,difference,-0.01602578186430037
68#10,MC_ON,Mach,bright_ramp_minus_uniform,0.0625,2,canonical_minus_cnn,difference,0.4766134659294039
68#10,MC_ON,Mach,dark_ramp_minus_uniform,0.0625,4,canonical_minus_cnn,difference,0.003875398833770305
68#10,MC_ON,Mach,bright_ramp_minus_uniform,0.0625,4,canonical_minus_cnn,difference,0.36181757849408314
68#10,MC_ON,Mach,dark_ramp_minus_uniform,0.0625,8,canonical_minus_cnn,difference,0.0055670024012215436
68#10,MC_ON,Mach,bright_ramp_minus_uniform,0.0625,8,canonical_minus_cnn,difference,0.15061569510726258
68#10,MC_ON,Mach,dark_ramp_minus_uniform,0.0625,12,canonical_minus_cnn,difference,0.0028997261833865196
68#10,MC_ON,Mach,bright_ramp_minus_uniform,0.0625,12,canonical_minus_cnn,difference,0.05736318603157997
68#10,MC_ON,Mach,dark_ramp_minus_uniform,0.0625,16,canonical_minus_cnn,difference,0.0014738639729330316
68#10,MC_ON,Mach,bright_ramp_minus_uniform,0.0625,16,canonical_minus_cnn,difference,0.021094353738590144
68#10,MC_ON,Mach,dark_ramp_minus_uniform,0.125,0,canonical_minus_cnn,difference,-0.0522066131234169
68#10,MC_ON,Mach,bright_ramp_minus_uniform,0.125,0,canonical_minus_cnn,difference,0.6377011928707361
68#10,MC_ON,Mach,dark_ramp_minus_uniform,0.125,2,canonical_minus_cnn,difference,-0.03600708465091884
68#10,MC_ON,Mach,bright_ramp_minus_uniform,0.125,2,canonical_minus_cnn,difference,0.6899985114578158
68#10,MC_ON,Mach,dark_ramp_minus_uniform,0.125,4,canonical_minus_cnn,difference,0.0017086187144741416
68#10,MC_ON,Mach,bright_ramp_minus_uniform,0.125,4,canonical_minus_cnn,difference,0.5035275617847219
68#10,MC_ON,Mach,dark_ramp_minus_uniform,0.125,8,canonical_minus_cnn,difference,0.005452211480587721
68#10,MC_ON,Mach,bright_ramp_minus_uniform,0.125,8,canonical_minus_cnn,difference,0.16299745440483093
68#10,MC_ON,Mach,dark_ramp_minus_uniform,0.125,12,canonical_minus_cnn,difference,-5.83333894610405e-06
68#10,MC_ON,Mach,bright_ramp_minus_uniform,0.125,12,canonical_minus_cnn,difference,0.02072717424016446
68#10,MC_ON,Mach,dark_ramp_minus_uniform,0.125,16,canonical_minus_cnn,difference,-0.0007441361958626658
68#10,MC_ON,Mach,bright_ramp_minus_uniform,0.125,16,canonical_minus_cnn,difference,-0.007575353345600888
68#10,MC_ON,Mach,dark_ramp_minus_uniform,0.25,0,canonical_minus_cnn,difference,-0.09769975207746029
68#10,MC_ON,Mach,bright_ramp_minus_uniform,0.25,0,canonical_minus_cnn,difference,1.0014604330062866
68#10,MC_ON,Mach,dark_ramp_minus_uniform,0.25,2,canonical_minus_cnn,difference,-0.07442787289619446
68#10,MC_ON,Mach,bright_ramp_minus_uniform,0.25,2,canonical_minus_cnn,difference,1.072244159411639
68#10,MC_ON,Mach,dark_ramp_minus_uniform,0.25,4,canonical_minus_cnn,difference,-0.002752836560830474
68#10,MC_ON,Mach,bright_ramp_minus_uniform,0.25,4,canonical_minus_cnn,difference,0.7599866429809481
68#10,MC_ON,Mach,dark_ramp_minus_uniform,0.25,8,canonical_minus_cnn,difference,0.00554296188056469
68#10,MC_ON,Mach,bright_ramp_minus_uniform,0.25,8,canonical_minus_cnn,difference,0.19307640986517072
68#10,MC_ON,Mach,dark_ramp_minus_uniform,0.25,12,canonical_minus_cnn,difference,0.001470589661039412
68#10,MC_ON,Mach,bright_ramp_minus_uniform,0.25,12,canonical_minus_cnn,difference,-0.012055098661221564
68#10,MC_ON,Mach,dark_ramp_minus_uniform,0.25,16,canonical_minus_cnn,difference,0.0006765444413758814
68#10,MC_ON,Mach,bright_ramp_minus_uniform,0.25,16,canonical_minus_cnn,difference,-0.02979162457631901
68#10,MC_ON,Mach,dark_ramp_minus_uniform,0.375,0,canonical_minus_cnn,difference,-0.1401880346238613
68#10,MC_ON,Mach,bright_ramp_minus_uniform,0.375,0,canonical_minus_cnn,difference,1.3419832549989223
68#10,MC_ON,Mach,dark_ramp_minus_uniform,0.375,2,canonical_minus_cnn,difference,-0.10875625535845757
68#10,MC_ON,Mach,bright_ramp_minus_uniform,0.375,2,canonical_minus_cnn,difference,1.4368066070601344
68#10,MC_ON,Mach,dark_ramp_minus_uniform,0.375,4,canonical_minus_cnn,difference,-0.006640537525527179
68#10,MC_ON,Mach,bright_ramp_minus_uniform,0.375,4,canonical_minus_cnn,difference,1.0058937072753906
68#10,MC_ON,Mach,dark_ramp_minus_uniform,0.375,8,canonical_minus_cnn,difference,0.006540727335959673
68#10,MC_ON,Mach,bright_ramp_minus_uniform,0.375,8,canonical_minus_cnn,difference,0.2208862593397498
68#10,MC_ON,Mach,dark_ramp_minus_uniform,0.375,12,canonical_minus_cnn,difference,0.0032622417202219367
68#10,MC_ON,Mach,bright_ramp_minus_uniform,0.375,12,canonical_minus_cnn,difference,-0.04156775528099388
68#10,MC_ON,Mach,dark_ramp_minus_uniform,0.375,16,canonical_minus_cnn,difference,0.0017646392807364464
68#10,MC_ON,Mach,bright_ramp_minus_uniform,0.375,16,canonical_minus_cnn,difference,-0.05116627365350723
68#10,MC_ON,Mach,dark_ramp_minus_uniform,0.5,0,canonical_minus_cnn,difference,-0.18480705842375755
68#10,MC_ON,Mach,bright_ramp_minus_uniform,0.5,0,canonical_minus_cnn,difference,1.686864212155342
68#10,MC_ON,Mach,dark_ramp_minus_uniform,0.5,2,canonical_minus_cnn,difference,-0.14453651383519173
68#10,MC_ON,Mach,bright_ramp_minus_uniform,0.5,2,canonical_minus_cnn,difference,1.8063052259385586
68#10,MC_ON,Mach,dark_ramp_minus_uniform,0.5,4,canonical_minus_cnn,difference,-0.011364006903022528
68#10,MC_ON,Mach,bright_ramp_minus_uniform,0.5,4,canonical_minus_cnn,difference,1.2610381999984384
68#10,MC_ON,Mach,dark_ramp_minus_uniform,0.5,8,canonical_minus_cnn,difference,0.008556755259633064
68#10,MC_ON,Mach,bright_ramp_minus_uniform,0.5,8,canonical_minus_cnn,difference,0.2566916346549988
68#10,MC_ON,Mach,dark_ramp_minus_uniform,0.5,12,canonical_minus_cnn,difference,0.004441253375262022
68#10,MC_ON,Mach,bright_ramp_minus_uniform,0.5,12,canonical_minus_cnn,difference,-0.057098318822681904
68#10,MC_ON,Mach,dark_ramp_minus_uniform,0.5,16,canonical_minus_cnn,difference,0.0024821836268529296
68#10,MC_ON,Mach,bright_ramp_minus_uniform,0.5,16,canonical_minus_cnn,difference,-0.059751296299509704
68#11,PC_OFF,SBC,bright_minus_dark,0.0,0,canonical_minus_cnn,difference,0.0
68#11,PC_OFF,SBC,bright_minus_dark,0.0,2,canonical_minus_cnn,difference,0.0
68#11,PC_OFF,SBC,bright_minus_dark,0.0,4,canonical_minus_cnn,difference,0.0
68#11,PC_OFF,SBC,bright_minus_dark,0.0,6,canonical_minus_cnn,difference,0.0
68#11,PC_OFF,SBC,bright_minus_dark,0.0,8,canonical_minus_cnn,difference,0.0
68#11,PC_OFF,SBC,bright_minus_dark,0.0625,0,canonical_minus_cnn,difference,0.0
68#11,PC_OFF,SBC,bright_minus_dark,0.0625,2,canonical_minus_cnn,difference,0.12115244939923286
68#11,PC_OFF,SBC,bright_minus_dark,0.0625,4,canonical_minus_cnn,difference,0.22322202939540148
68#11,PC_OFF,SBC,bright_minus_dark,0.0625,6,canonical_minus_cnn,difference,0.23929389845579863
68#11,PC_OFF,SBC,bright_minus_dark,0.0625,8,canonical_minus_cnn,difference,0.24238781537860632
68#11,PC_OFF,SBC,bright_minus_dark,0.125,0,canonical_minus_cnn,difference,0.0
68#11,PC_OFF,SBC,bright_minus_dark,0.125,2,canonical_minus_cnn,difference,0.18823989480733871
68#11,PC_OFF,SBC,bright_minus_dark,0.125,4,canonical_minus_cnn,difference,0.34482027776539326
68#11,PC_OFF,SBC,bright_minus_dark,0.125,6,canonical_minus_cnn,difference,0.3766368143260479
68#11,PC_OFF,SBC,bright_minus_dark,0.125,8,canonical_minus_cnn,difference,0.38188070245087147
68#11,PC_OFF,SBC,bright_minus_dark,0.25,0,canonical_minus_cnn,difference,0.0
68#11,PC_OFF,SBC,bright_minus_dark,0.25,2,canonical_minus_cnn,difference,0.3061418794095516
68#11,PC_OFF,SBC,bright_minus_dark,0.25,4,canonical_minus_cnn,difference,0.5660153962671757
68#11,PC_OFF,SBC,bright_minus_dark,0.25,6,canonical_minus_cnn,difference,0.6299891360104084
68#11,PC_OFF,SBC,bright_minus_dark,0.25,8,canonical_minus_cnn,difference,0.6399098038673401
68#11,PC_OFF,SBC,bright_minus_dark,0.375,0,canonical_minus_cnn,difference,0.0
68#11,PC_OFF,SBC,bright_minus_dark,0.375,2,canonical_minus_cnn,difference,0.41683848202228546
68#11,PC_OFF,SBC,bright_minus_dark,0.375,4,canonical_minus_cnn,difference,0.7816430479288101
68#11,PC_OFF,SBC,bright_minus_dark,0.375,6,canonical_minus_cnn,difference,0.8785726800560951
68#11,PC_OFF,SBC,bright_minus_dark,0.375,8,canonical_minus_cnn,difference,0.8937722221016884
68#11,PC_OFF,SBC,bright_minus_dark,0.5,0,canonical_minus_cnn,difference,0.0
68#11,PC_OFF,SBC,bright_minus_dark,0.5,2,canonical_minus_cnn,difference,0.5240448266267776
68#11,PC_OFF,SBC,bright_minus_dark,0.5,4,canonical_minus_cnn,difference,0.9960648193955421
68#11,PC_OFF,SBC,bright_minus_dark,0.5,6,canonical_minus_cnn,difference,1.1264925822615623
68#11,PC_OFF,SBC,bright_minus_dark,0.5,8,canonical_minus_cnn,difference,1.1466647386550903
68#11,PC_OFF,Mach,dark_ramp_minus_uniform,0.0,0,canonical_minus_cnn,difference,0.0
68#11,PC_OFF,Mach,bright_ramp_minus_uniform,0.0,0,canonical_minus_cnn,difference,0.0
68#11,PC_OFF,Mach,dark_ramp_minus_uniform,0.0,2,canonical_minus_cnn,difference,0.0
68#11,PC_OFF,Mach,bright_ramp_minus_uniform,0.0,2,canonical_minus_cnn,difference,0.0
68#11,PC_OFF,Mach,dark_ramp_minus_uniform,0.0,4,canonical_minus_cnn,difference,0.0
68#11,PC_OFF,Mach,bright_ramp_minus_uniform,0.0,4,canonical_minus_cnn,difference,0.0
68#11,PC_OFF,Mach,dark_ramp_minus_uniform,0.0,8,canonical_minus_cnn,difference,0.0
68#11,PC_OFF,Mach,bright_ramp_minus_uniform,0.0,8,canonical_minus_cnn,difference,0.0
68#11,PC_OFF,Mach,dark_ramp_minus_uniform,0.0,12,canonical_minus_cnn,difference,0.0
68#11,PC_OFF,Mach,bright_ramp_minus_uniform,0.0,12,canonical_minus_cnn,difference,0.0
68#11,PC_OFF,Mach,dark_ramp_minus_uniform,0.0,16,canonical_minus_cnn,difference,0.0
68#11,PC_OFF,Mach,bright_ramp_minus_uniform,0.0,16,canonical_minus_cnn,difference,0.0
68#11,PC_OFF,Mach,dark_ramp_minus_uniform,0.0625,0,canonical_minus_cnn,difference,0.06404216028749943
68#11,PC_OFF,Mach,bright_ramp_minus_uniform,0.0625,0,canonical_minus_cnn,difference,-0.08859196701087058
68#11,PC_OFF,Mach,dark_ramp_minus_uniform,0.0625,2,canonical_minus_cnn,difference,0.055409873835742474
68#11,PC_OFF,Mach,bright_ramp_minus_uniform,0.0625,2,canonical_minus_cnn,difference,-0.09525749366730452
68#11,PC_OFF,Mach,dark_ramp_minus_uniform,0.0625,4,canonical_minus_cnn,difference,0.0309655899181962
68#11,PC_OFF,Mach,bright_ramp_minus_uniform,0.0625,4,canonical_minus_cnn,difference,-0.062315729446709156
68#11,PC_OFF,Mach,dark_ramp_minus_uniform,0.0625,8,canonical_minus_cnn,difference,0.0030411481857299805
68#11,PC_OFF,Mach,bright_ramp_minus_uniform,0.0625,8,canonical_minus_cnn,difference,-0.03009071433916688
68#11,PC_OFF,Mach,dark_ramp_minus_uniform,0.0625,12,canonical_minus_cnn,difference,-0.0042564073810353875
68#11,PC_OFF,Mach,bright_ramp_minus_uniform,0.0625,12,canonical_minus_cnn,difference,-0.017796905827708542
68#11,PC_OFF,Mach,dark_ramp_minus_uniform,0.0625,16,canonical_minus_cnn,difference,-0.0050424495711922646
68#11,PC_OFF,Mach,bright_ramp_minus_uniform,0.0625,16,canonical_minus_cnn,difference,-0.01212398218922317
68#11,PC_OFF,Mach,dark_ramp_minus_uniform,0.125,0,canonical_minus_cnn,difference,0.087374959141016
68#11,PC_OFF,Mach,bright_ramp_minus_uniform,0.125,0,canonical_minus_cnn,difference,-0.13925814628601074
68#11,PC_OFF,Mach,dark_ramp_minus_uniform,0.125,2,canonical_minus_cnn,difference,0.07662093080580235
68#11,PC_OFF,Mach,bright_ramp_minus_uniform,0.125,2,canonical_minus_cnn,difference,-0.14322526939213276
68#11,PC_OFF,Mach,dark_ramp_minus_uniform,0.125,4,canonical_minus_cnn,difference,0.0357587831094861
68#11,PC_OFF,Mach,bright_ramp_minus_uniform,0.125,4,canonical_minus_cnn,difference,-0.09804271254688501
68#11,PC_OFF,Mach,dark_ramp_minus_uniform,0.125,8,canonical_minus_cnn,difference,-0.012547548394650221
68#11,PC_OFF,Mach,bright_ramp_minus_uniform,0.125,8,canonical_minus_cnn,difference,-0.04602538142353296
68#11,PC_OFF,Mach,dark_ramp_minus_uniform,0.125,12,canonical_minus_cnn,difference,-0.02369298180565238
68#11,PC_OFF,Mach,bright_ramp_minus_uniform,0.125,12,canonical_minus_cnn,difference,-0.027710525784641504
68#11,PC_OFF,Mach,dark_ramp_minus_uniform,0.125,16,canonical_minus_cnn,difference,-0.020183675456792116
68#11,PC_OFF,Mach,bright_ramp_minus_uniform,0.125,16,canonical_minus_cnn,difference,-0.019619091879576445
68#11,PC_OFF,Mach,dark_ramp_minus_uniform,0.25,0,canonical_minus_cnn,difference,0.12993180751800537
68#11,PC_OFF,Mach,bright_ramp_minus_uniform,0.25,0,canonical_minus_cnn,difference,-0.22431147191673517
68#11,PC_OFF,Mach,dark_ramp_minus_uniform,0.25,2,canonical_minus_cnn,difference,0.11327309161424637
68#11,PC_OFF,Mach,bright_ramp_minus_uniform,0.25,2,canonical_minus_cnn,difference,-0.22936704009771347
68#11,PC_OFF,Mach,dark_ramp_minus_uniform,0.25,4,canonical_minus_cnn,difference,0.044839149340987206
68#11,PC_OFF,Mach,bright_ramp_minus_uniform,0.25,4,canonical_minus_cnn,difference,-0.15748645178973675
68#11,PC_OFF,Mach,dark_ramp_minus_uniform,0.25,8,canonical_minus_cnn,difference,-0.0400094585493207
68#11,PC_OFF,Mach,bright_ramp_minus_uniform,0.25,8,canonical_minus_cnn,difference,-0.07682064268738031
68#11,PC_OFF,Mach,dark_ramp_minus_uniform,0.25,12,canonical_minus_cnn,difference,-0.05148087162524462
68#11,PC_OFF,Mach,bright_ramp_minus_uniform,0.25,12,canonical_minus_cnn,difference,-0.048862901981920004
68#11,PC_OFF,Mach,dark_ramp_minus_uniform,0.25,16,canonical_minus_cnn,difference,-0.03980205673724413
68#11,PC_OFF,Mach,bright_ramp_minus_uniform,0.25,16,canonical_minus_cnn,difference,-0.03602931462228298
68#11,PC_OFF,Mach,dark_ramp_minus_uniform,0.375,0,canonical_minus_cnn,difference,0.1697106808423996
68#11,PC_OFF,Mach,bright_ramp_minus_uniform,0.375,0,canonical_minus_cnn,difference,-0.31225475668907166
68#11,PC_OFF,Mach,dark_ramp_minus_uniform,0.375,2,canonical_minus_cnn,difference,0.14684969186782837
68#11,PC_OFF,Mach,bright_ramp_minus_uniform,0.375,2,canonical_minus_cnn,difference,-0.31679264456033707
68#11,PC_OFF,Mach,dark_ramp_minus_uniform,0.375,4,canonical_minus_cnn,difference,0.052129579707980156
68#11,PC_OFF,Mach,bright_ramp_minus_uniform,0.375,4,canonical_minus_cnn,difference,-0.21874750219285488
68#11,PC_OFF,Mach,dark_ramp_minus_uniform,0.375,8,canonical_minus_cnn,difference,-0.06623292434960604
68#11,PC_OFF,Mach,bright_ramp_minus_uniform,0.375,8,canonical_minus_cnn,difference,-0.11195401661098003
68#11,PC_OFF,Mach,dark_ramp_minus_uniform,0.375,12,canonical_minus_cnn,difference,-0.07871601451188326
68#11,PC_OFF,Mach,bright_ramp_minus_uniform,0.375,12,canonical_minus_cnn,difference,-0.07263051997870207
68#11,PC_OFF,Mach,dark_ramp_minus_uniform,0.375,16,canonical_minus_cnn,difference,-0.060890352819114923
68#11,PC_OFF,Mach,bright_ramp_minus_uniform,0.375,16,canonical_minus_cnn,difference,-0.05399954505264759
68#11,PC_OFF,Mach,dark_ramp_minus_uniform,0.5,0,canonical_minus_cnn,difference,0.20851221680641174
68#11,PC_OFF,Mach,bright_ramp_minus_uniform,0.5,0,canonical_minus_cnn,difference,-0.40071818977594376
68#11,PC_OFF,Mach,dark_ramp_minus_uniform,0.5,2,canonical_minus_cnn,difference,0.1791927069425583
68#11,PC_OFF,Mach,bright_ramp_minus_uniform,0.5,2,canonical_minus_cnn,difference,-0.4048664718866348
68#11,PC_OFF,Mach,dark_ramp_minus_uniform,0.5,4,canonical_minus_cnn,difference,0.05854112654924393
68#11,PC_OFF,Mach,bright_ramp_minus_uniform,0.5,4,canonical_minus_cnn,difference,-0.28001394867897034
68#11,PC_OFF,Mach,dark_ramp_minus_uniform,0.5,8,canonical_minus_cnn,difference,-0.0924934633076191
68#11,PC_OFF,Mach,bright_ramp_minus_uniform,0.5,8,canonical_minus_cnn,difference,-0.1475184801965952
68#11,PC_OFF,Mach,dark_ramp_minus_uniform,0.5,12,canonical_minus_cnn,difference,-0.10658543184399605
68#11,PC_OFF,Mach,bright_ramp_minus_uniform,0.5,12,canonical_minus_cnn,difference,-0.09648606646806002
68#11,PC_OFF,Mach,dark_ramp_minus_uniform,0.5,16,canonical_minus_cnn,difference,-0.08270141761749983
68#11,PC_OFF,Mach,bright_ramp_minus_uniform,0.5,16,canonical_minus_cnn,difference,-0.07185401953756809
69#3,PC_OFF,SBC,bright_minus_dark,0.0,0,canonical_minus_cnn,difference,0.0
69#3,PC_OFF,SBC,bright_minus_dark,0.0,2,canonical_minus_cnn,difference,0.0
69#3,PC_OFF,SBC,bright_minus_dark,0.0,4,canonical_minus_cnn,difference,0.0
69#3,PC_OFF,SBC,bright_minus_dark,0.0,6,canonical_minus_cnn,difference,0.0
69#3,PC_OFF,SBC,bright_minus_dark,0.0,8,canonical_minus_cnn,difference,0.0
69#3,PC_OFF,SBC,bright_minus_dark,0.0625,0,canonical_minus_cnn,difference,0.0
69#3,PC_OFF,SBC,bright_minus_dark,0.0625,2,canonical_minus_cnn,difference,0.14127033576369286
69#3,PC_OFF,SBC,bright_minus_dark,0.0625,4,canonical_minus_cnn,difference,0.22103246487677097
69#3,PC_OFF,SBC,bright_minus_dark,0.0625,6,canonical_minus_cnn,difference,0.16923647560179234
69#3,PC_OFF,SBC,bright_minus_dark,0.0625,8,canonical_minus_cnn,difference,0.14687430113554
69#3,PC_OFF,SBC,bright_minus_dark,0.125,0,canonical_minus_cnn,difference,0.0
69#3,PC_OFF,SBC,bright_minus_dark,0.125,2,canonical_minus_cnn,difference,0.24797088280320168
69#3,PC_OFF,SBC,bright_minus_dark,0.125,4,canonical_minus_cnn,difference,0.357501782476902
69#3,PC_OFF,SBC,bright_minus_dark,0.125,6,canonical_minus_cnn,difference,0.26806578412652016
69#3,PC_OFF,SBC,bright_minus_dark,0.125,8,canonical_minus_cnn,difference,0.23572976142168045
69#3,PC_OFF,SBC,bright_minus_dark,0.25,0,canonical_minus_cnn,difference,0.0
69#3,PC_OFF,SBC,bright_minus_dark,0.25,2,canonical_minus_cnn,difference,0.4000961557030678
69#3,PC_OFF,SBC,bright_minus_dark,0.25,4,canonical_minus_cnn,difference,0.5359252169728279
69#3,PC_OFF,SBC,bright_minus_dark,0.25,6,canonical_minus_cnn,difference,0.40783728659152985
69#3,PC_OFF,SBC,bright_minus_dark,0.25,8,canonical_minus_cnn,difference,0.3489776626229286
69#3,PC_OFF,SBC,bright_minus_dark,0.375,0,canonical_minus_cnn,difference,0.0
69#3,PC_OFF,SBC,bright_minus_dark,0.375,2,canonical_minus_cnn,difference,0.5152210146188736
69#3,PC_OFF,SBC,bright_minus_dark,0.375,4,canonical_minus_cnn,difference,0.7056861966848373
69#3,PC_OFF,SBC,bright_minus_dark,0.375,6,canonical_minus_cnn,difference,0.539954736828804
69#3,PC_OFF,SBC,bright_minus_dark,0.375,8,canonical_minus_cnn,difference,0.4612368196249008
69#3,PC_OFF,SBC,bright_minus_dark,0.5,0,canonical_minus_cnn,difference,0.0
69#3,PC_OFF,SBC,bright_minus_dark,0.5,2,canonical_minus_cnn,difference,0.6255953386425972
69#3,PC_OFF,SBC,bright_minus_dark,0.5,4,canonical_minus_cnn,difference,0.8766454011201859
69#3,PC_OFF,SBC,bright_minus_dark,0.5,6,canonical_minus_cnn,difference,0.6711089909076691
69#3,PC_OFF,SBC,bright_minus_dark,0.5,8,canonical_minus_cnn,difference,0.5726324915885925
69#3,PC_OFF,Mach,dark_ramp_minus_uniform,0.0,0,canonical_minus_cnn,difference,0.0
69#3,PC_OFF,Mach,bright_ramp_minus_uniform,0.0,0,canonical_minus_cnn,difference,0.0
69#3,PC_OFF,Mach,dark_ramp_minus_uniform,0.0,2,canonical_minus_cnn,difference,0.0
69#3,PC_OFF,Mach,bright_ramp_minus_uniform,0.0,2,canonical_minus_cnn,difference,0.0
69#3,PC_OFF,Mach,dark_ramp_minus_uniform,0.0,4,canonical_minus_cnn,difference,0.0
69#3,PC_OFF,Mach,bright_ramp_minus_uniform,0.0,4,canonical_minus_cnn,difference,0.0
69#3,PC_OFF,Mach,dark_ramp_minus_uniform,0.0,8,canonical_minus_cnn,difference,0.0
69#3,PC_OFF,Mach,bright_ramp_minus_uniform,0.0,8,canonical_minus_cnn,difference,0.0
69#3,PC_OFF,Mach,dark_ramp_minus_uniform,0.0,12,canonical_minus_cnn,difference,0.0
69#3,PC_OFF,Mach,bright_ramp_minus_uniform,0.0,12,canonical_minus_cnn,difference,0.0
69#3,PC_OFF,Mach,dark_ramp_minus_uniform,0.0,16,canonical_minus_cnn,difference,0.0
69#3,PC_OFF,Mach,bright_ramp_minus_uniform,0.0,16,canonical_minus_cnn,difference,0.0
69#3,PC_OFF,Mach,dark_ramp_minus_uniform,0.0625,0,canonical_minus_cnn,difference,0.10015857871621847
69#3,PC_OFF,Mach,bright_ramp_minus_uniform,0.0625,0,canonical_minus_cnn,difference,-0.020601836498826742
69#3,PC_OFF,Mach,dark_ramp_minus_uniform,0.0625,2,canonical_minus_cnn,difference,0.08057552526588552
69#3,PC_OFF,Mach,bright_ramp_minus_uniform,0.0625,2,canonical_minus_cnn,difference,-0.03209941784734838
69#3,PC_OFF,Mach,dark_ramp_minus_uniform,0.0625,4,canonical_minus_cnn,difference,0.03704716934589669
69#3,PC_OFF,Mach,bright_ramp_minus_uniform,0.0625,4,canonical_minus_cnn,difference,-0.00549629534361884
69#3,PC_OFF,Mach,dark_ramp_minus_uniform,0.0625,8,canonical_minus_cnn,difference,-0.00440202173194848
69#3,PC_OFF,Mach,bright_ramp_minus_uniform,0.0625,8,canonical_minus_cnn,difference,0.0014166594191920012
69#3,PC_OFF,Mach,dark_ramp_minus_uniform,0.0625,12,canonical_minus_cnn,difference,-0.00678818226151634
69#3,PC_OFF,Mach,bright_ramp_minus_uniform,0.0625,12,canonical_minus_cnn,difference,-0.0013906319363741204
69#3,PC_OFF,Mach,dark_ramp_minus_uniform,0.0625,16,canonical_minus_cnn,difference,-0.006014347265590914
69#3,PC_OFF,Mach,bright_ramp_minus_uniform,0.0625,16,canonical_minus_cnn,difference,-0.0017697533330647275
69#3,PC_OFF,Mach,dark_ramp_minus_uniform,0.125,0,canonical_minus_cnn,difference,0.12592421099543571
69#3,PC_OFF,Mach,bright_ramp_minus_uniform,0.125,0,canonical_minus_cnn,difference,-0.04091612808406353
69#3,PC_OFF,Mach,dark_ramp_minus_uniform,0.125,2,canonical_minus_cnn,difference,0.09921577325440012
69#3,PC_OFF,Mach,bright_ramp_minus_uniform,0.125,2,canonical_minus_cnn,difference,-0.055538905173307285
69#3,PC_OFF,Mach,dark_ramp_minus_uniform,0.125,4,canonical_minus_cnn,difference,0.029170878464356065
69#3,PC_OFF,Mach,bright_ramp_minus_uniform,0.125,4,canonical_minus_cnn,difference,-0.008143015904352069
69#3,PC_OFF,Mach,dark_ramp_minus_uniform,0.125,8,canonical_minus_cnn,difference,-0.035981380206067115
69#3,PC_OFF,Mach,bright_ramp_minus_uniform,0.125,8,canonical_minus_cnn,difference,0.004965587344486266
69#3,PC_OFF,Mach,dark_ramp_minus_uniform,0.125,12,canonical_minus_cnn,difference,-0.03791185939917341
69#3,PC_OFF,Mach,bright_ramp_minus_uniform,0.125,12,canonical_minus_cnn,difference,0.00030798910302110016
69#3,PC_OFF,Mach,dark_ramp_minus_uniform,0.125,16,canonical_minus_cnn,difference,-0.02816493299906142
69#3,PC_OFF,Mach,bright_ramp_minus_uniform,0.125,16,canonical_minus_cnn,difference,-0.0002338290069019422
69#3,PC_OFF,Mach,dark_ramp_minus_uniform,0.25,0,canonical_minus_cnn,difference,0.16522998176515102
69#3,PC_OFF,Mach,bright_ramp_minus_uniform,0.25,0,canonical_minus_cnn,difference,-0.07227948494255543
69#3,PC_OFF,Mach,dark_ramp_minus_uniform,0.25,2,canonical_minus_cnn,difference,0.1237757836934179
69#3,PC_OFF,Mach,bright_ramp_minus_uniform,0.25,2,canonical_minus_cnn,difference,-0.09306905069388449
69#3,PC_OFF,Mach,dark_ramp_minus_uniform,0.25,4,canonical_minus_cnn,difference,0.014180270722135901
69#3,PC_OFF,Mach,bright_ramp_minus_uniform,0.25,4,canonical_minus_cnn,difference,-0.019844864960759878
69#3,PC_OFF,Mach,dark_ramp_minus_uniform,0.25,8,canonical_minus_cnn,difference,-0.07400786434300244
69#3,PC_OFF,Mach,bright_ramp_minus_uniform,0.25,8,canonical_minus_cnn,difference,0.007935961009934545
69#3,PC_OFF,Mach,dark_ramp_minus_uniform,0.25,12,canonical_minus_cnn,difference,-0.07226216595154256
69#3,PC_OFF,Mach,bright_ramp_minus_uniform,0.25,12,canonical_minus_cnn,difference,-0.00213611131766811
69#3,PC_OFF,Mach,dark_ramp_minus_uniform,0.25,16,canonical_minus_cnn,difference,-0.0489081961568445
69#3,PC_OFF,Mach,bright_ramp_minus_uniform,0.25,16,canonical_minus_cnn,difference,-0.0033181110047735274
69#3,PC_OFF,Mach,dark_ramp_minus_uniform,0.375,0,canonical_minus_cnn,difference,0.20956182107329369
69#3,PC_OFF,Mach,bright_ramp_minus_uniform,0.375,0,canonical_minus_cnn,difference,-0.09358225017786026
69#3,PC_OFF,Mach,dark_ramp_minus_uniform,0.375,2,canonical_minus_cnn,difference,0.15553231537342072
69#3,PC_OFF,Mach,bright_ramp_minus_uniform,0.375,2,canonical_minus_cnn,difference,-0.11722298909444362
69#3,PC_OFF,Mach,dark_ramp_minus_uniform,0.375,4,canonical_minus_cnn,difference,0.008355438709259033
69#3,PC_OFF,Mach,bright_ramp_minus_uniform,0.375,4,canonical_minus_cnn,difference,-0.02106987568549812
69#3,PC_OFF,Mach,dark_ramp_minus_uniform,0.375,8,canonical_minus_cnn,difference,-0.10483938257675618
69#3,PC_OFF,Mach,bright_ramp_minus_uniform,0.375,8,canonical_minus_cnn,difference,0.017591381911188364
69#3,PC_OFF,Mach,dark_ramp_minus_uniform,0.375,12,canonical_minus_cnn,difference,-0.09704821207560599
69#3,PC_OFF,Mach,bright_ramp_minus_uniform,0.375,12,canonical_minus_cnn,difference,0.001278615090996027
69#3,PC_OFF,Mach,dark_ramp_minus_uniform,0.375,16,canonical_minus_cnn,difference,-0.06890821404522285
69#3,PC_OFF,Mach,bright_ramp_minus_uniform,0.375,16,canonical_minus_cnn,difference,-0.0007369637751253322
69#3,PC_OFF,Mach,dark_ramp_minus_uniform,0.5,0,canonical_minus_cnn,difference,0.25635844841599464
69#3,PC_OFF,Mach,bright_ramp_minus_uniform,0.5,0,canonical_minus_cnn,difference,-0.1133003979921341
69#3,PC_OFF,Mach,dark_ramp_minus_uniform,0.5,2,canonical_minus_cnn,difference,0.19092413189355284
69#3,PC_OFF,Mach,bright_ramp_minus_uniform,0.5,2,canonical_minus_cnn,difference,-0.13887542090378702
69#3,PC_OFF,Mach,dark_ramp_minus_uniform,0.5,4,canonical_minus_cnn,difference,0.008965120883658528
69#3,PC_OFF,Mach,bright_ramp_minus_uniform,0.5,4,canonical_minus_cnn,difference,-0.021342301042750478
69#3,PC_OFF,Mach,dark_ramp_minus_uniform,0.5,8,canonical_minus_cnn,difference,-0.13271486852318048
69#3,PC_OFF,Mach,bright_ramp_minus_uniform,0.5,8,canonical_minus_cnn,difference,0.025671418523415923
69#3,PC_OFF,Mach,dark_ramp_minus_uniform,0.5,12,canonical_minus_cnn,difference,-0.11961499159224331
69#3,PC_OFF,Mach,bright_ramp_minus_uniform,0.5,12,canonical_minus_cnn,difference,0.0027130405651405454
69#3,PC_OFF,Mach,dark_ramp_minus_uniform,0.5,16,canonical_minus_cnn,difference,-0.08802831126376987
69#3,PC_OFF,Mach,bright_ramp_minus_uniform,0.5,16,canonical_minus_cnn,difference,-0.00035972590558230877
69#4,MC_ON,SBC,bright_minus_dark,0.0,0,canonical_minus_cnn,difference,0.0
69#4,MC_ON,SBC,bright_minus_dark,0.0,2,canonical_minus_cnn,difference,0.0
69#4,MC_ON,SBC,bright_minus_dark,0.0,4,canonical_minus_cnn,difference,0.0
69#4,MC_ON,SBC,bright_minus_dark,0.0,6,canonical_minus_cnn,difference,0.0
69#4,MC_ON,SBC,bright_minus_dark,0.0,8,canonical_minus_cnn,difference,0.0
69#4,MC_ON,SBC,bright_minus_dark,0.0625,0,canonical_minus_cnn,difference,0.0
69#4,MC_ON,SBC,bright_minus_dark,0.0625,2,canonical_minus_cnn,difference,-0.16019542515277863
69#4,MC_ON,SBC,bright_minus_dark,0.0625,4,canonical_minus_cnn,difference,-0.30879901349544525
69#4,MC_ON,SBC,bright_minus_dark,0.0625,6,canonical_minus_cnn,difference,-0.34744904935359955
69#4,MC_ON,SBC,bright_minus_dark,0.0625,8,canonical_minus_cnn,difference,-0.34132346883416176
69#4,MC_ON,SBC,bright_minus_dark,0.125,0,canonical_minus_cnn,difference,0.0
69#4,MC_ON,SBC,bright_minus_dark,0.125,2,canonical_minus_cnn,difference,-0.2890138030052185
69#4,MC_ON,SBC,bright_minus_dark,0.125,4,canonical_minus_cnn,difference,-0.5608310848474503
69#4,MC_ON,SBC,bright_minus_dark,0.125,6,canonical_minus_cnn,difference,-0.6178764998912811
69#4,MC_ON,SBC,bright_minus_dark,0.125,8,canonical_minus_cnn,difference,-0.6041468605399132
69#4,MC_ON,SBC,bright_minus_dark,0.25,0,canonical_minus_cnn,difference,0.0
69#4,MC_ON,SBC,bright_minus_dark,0.25,2,canonical_minus_cnn,difference,-0.5292332470417023
69#4,MC_ON,SBC,bright_minus_dark,0.25,4,canonical_minus_cnn,difference,-0.9617181122303009
69#4,MC_ON,SBC,bright_minus_dark,0.25,6,canonical_minus_cnn,difference,-1.0432613641023636
69#4,MC_ON,SBC,bright_minus_dark,0.25,8,canonical_minus_cnn,difference,-1.0196851342916489
69#4,MC_ON,SBC,bright_minus_dark,0.375,0,canonical_minus_cnn,difference,0.0
69#4,MC_ON,SBC,bright_minus_dark,0.375,2,canonical_minus_cnn,difference,-0.7520573139190674
69#4,MC_ON,SBC,bright_minus_dark,0.375,4,canonical_minus_cnn,difference,-1.3141176104545593
69#4,MC_ON,SBC,bright_minus_dark,0.375,6,canonical_minus_cnn,difference,-1.4330376982688904
69#4,MC_ON,SBC,bright_minus_dark,0.375,8,canonical_minus_cnn,difference,-1.3986310958862305
69#4,MC_ON,SBC,bright_minus_dark,0.5,0,canonical_minus_cnn,difference,0.0
69#4,MC_ON,SBC,bright_minus_dark,0.5,2,canonical_minus_cnn,difference,-0.9598248600959778
69#4,MC_ON,SBC,bright_minus_dark,0.5,4,canonical_minus_cnn,difference,-1.6517488658428192
69#4,MC_ON,SBC,bright_minus_dark,0.5,6,canonical_minus_cnn,difference,-1.8092218339443207
69#4,MC_ON,SBC,bright_minus_dark,0.5,8,canonical_minus_cnn,difference,-1.763285905122757
69#4,MC_ON,Mach,dark_ramp_minus_uniform,0.0,0,canonical_minus_cnn,difference,0.0
69#4,MC_ON,Mach,bright_ramp_minus_uniform,0.0,0,canonical_minus_cnn,difference,0.0
69#4,MC_ON,Mach,dark_ramp_minus_uniform,0.0,2,canonical_minus_cnn,difference,0.0
69#4,MC_ON,Mach,bright_ramp_minus_uniform,0.0,2,canonical_minus_cnn,difference,0.0
69#4,MC_ON,Mach,dark_ramp_minus_uniform,0.0,4,canonical_minus_cnn,difference,0.0
69#4,MC_ON,Mach,bright_ramp_minus_uniform,0.0,4,canonical_minus_cnn,difference,0.0
69#4,MC_ON,Mach,dark_ramp_minus_uniform,0.0,8,canonical_minus_cnn,difference,0.0
69#4,MC_ON,Mach,bright_ramp_minus_uniform,0.0,8,canonical_minus_cnn,difference,0.0
69#4,MC_ON,Mach,dark_ramp_minus_uniform,0.0,12,canonical_minus_cnn,difference,0.0
69#4,MC_ON,Mach,bright_ramp_minus_uniform,0.0,12,canonical_minus_cnn,difference,0.0
69#4,MC_ON,Mach,dark_ramp_minus_uniform,0.0,16,canonical_minus_cnn,difference,0.0
69#4,MC_ON,Mach,bright_ramp_minus_uniform,0.0,16,canonical_minus_cnn,difference,0.0
69#4,MC_ON,Mach,dark_ramp_minus_uniform,0.0625,0,canonical_minus_cnn,difference,-0.24752775253728032
69#4,MC_ON,Mach,bright_ramp_minus_uniform,0.0625,0,canonical_minus_cnn,difference,0.0016066795215010643
69#4,MC_ON,Mach,dark_ramp_minus_uniform,0.0625,2,canonical_minus_cnn,difference,-0.23211876954883337
69#4,MC_ON,Mach,bright_ramp_minus_uniform,0.0625,2,canonical_minus_cnn,difference,0.006552330683916807
69#4,MC_ON,Mach,dark_ramp_minus_uniform,0.0625,4,canonical_minus_cnn,difference,-0.18157136242371053
69#4,MC_ON,Mach,bright_ramp_minus_uniform,0.0625,4,canonical_minus_cnn,difference,-0.017639104393310845
69#4,MC_ON,Mach,dark_ramp_minus_uniform,0.0625,8,canonical_minus_cnn,difference,-0.1107478245976381
69#4,MC_ON,Mach,bright_ramp_minus_uniform,0.0625,8,canonical_minus_cnn,difference,-0.01336005498887971
69#4,MC_ON,Mach,dark_ramp_minus_uniform,0.0625,12,canonical_minus_cnn,difference,-0.07439335185335949
69#4,MC_ON,Mach,bright_ramp_minus_uniform,0.0625,12,canonical_minus_cnn,difference,-0.0031702042906545103
69#4,MC_ON,Mach,dark_ramp_minus_uniform,0.0625,16,canonical_minus_cnn,difference,-0.055691615503747016
69#4,MC_ON,Mach,bright_ramp_minus_uniform,0.0625,16,canonical_minus_cnn,difference,-0.0001678466796875
69#4,MC_ON,Mach,dark_ramp_minus_uniform,0.125,0,canonical_minus_cnn,difference,-0.4168003937229514
69#4,MC_ON,Mach,bright_ramp_minus_uniform,0.125,0,canonical_minus_cnn,difference,0.0051380544900894165
69#4,MC_ON,Mach,dark_ramp_minus_uniform,0.125,2,canonical_minus_cnn,difference,-0.3929242352023721
69#4,MC_ON,Mach,bright_ramp_minus_uniform,0.125,2,canonical_minus_cnn,difference,0.010464151622727513
69#4,MC_ON,Mach,dark_ramp_minus_uniform,0.125,4,canonical_minus_cnn,difference,-0.30293161678127944
69#4,MC_ON,Mach,bright_ramp_minus_uniform,0.125,4,canonical_minus_cnn,difference,-0.030311119509860873
69#4,MC_ON,Mach,dark_ramp_minus_uniform,0.125,8,canonical_minus_cnn,difference,-0.18296017742250115
69#4,MC_ON,Mach,bright_ramp_minus_uniform,0.125,8,canonical_minus_cnn,difference,-0.0217598284361884
69#4,MC_ON,Mach,dark_ramp_minus_uniform,0.125,12,canonical_minus_cnn,difference,-0.1175311089027673
69#4,MC_ON,Mach,bright_ramp_minus_uniform,0.125,12,canonical_minus_cnn,difference,-0.0033296586479991674
69#4,MC_ON,Mach,dark_ramp_minus_uniform,0.125,16,canonical_minus_cnn,difference,-0.08430369693087414
69#4,MC_ON,Mach,bright_ramp_minus_uniform,0.125,16,canonical_minus_cnn,difference,-0.00036135915433987975
69#4,MC_ON,Mach,dark_ramp_minus_uniform,0.25,0,canonical_minus_cnn,difference,-0.6614503655582666
69#4,MC_ON,Mach,bright_ramp_minus_uniform,0.25,0,canonical_minus_cnn,difference,0.027060439810156822
69#4,MC_ON,Mach,dark_ramp_minus_uniform,0.25,2,canonical_minus_cnn,difference,-0.6299229301512241
69#4,MC_ON,Mach,bright_ramp_minus_uniform,0.25,2,canonical_minus_cnn,difference,0.03163302410393953
69#4,MC_ON,Mach,dark_ramp_minus_uniform,0.25,4,canonical_minus_cnn,difference,-0.4865559418685734
69#4,MC_ON,Mach,bright_ramp_minus_uniform,0.25,4,canonical_minus_cnn,difference,-0.0490904850885272
69#4,MC_ON,Mach,dark_ramp_minus_uniform,0.25,8,canonical_minus_cnn,difference,-0.2933574775233865
69#4,MC_ON,Mach,bright_ramp_minus_uniform,0.25,8,canonical_minus_cnn,difference,-0.040278146509081125
69#4,MC_ON,Mach,dark_ramp_minus_uniform,0.25,12,canonical_minus_cnn,difference,-0.18915706872940063
69#4,MC_ON,Mach,bright_ramp_minus_uniform,0.25,12,canonical_minus_cnn,difference,-0.006147575099021196
69#4,MC_ON,Mach,dark_ramp_minus_uniform,0.25,16,canonical_minus_cnn,difference,-0.1374458889476955
69#4,MC_ON,Mach,bright_ramp_minus_uniform,0.25,16,canonical_minus_cnn,difference,-0.0012188951950520277
69#4,MC_ON,Mach,dark_ramp_minus_uniform,0.375,0,canonical_minus_cnn,difference,-0.8890238553285599
69#4,MC_ON,Mach,bright_ramp_minus_uniform,0.375,0,canonical_minus_cnn,difference,0.05092715099453926
69#4,MC_ON,Mach,dark_ramp_minus_uniform,0.375,2,canonical_minus_cnn,difference,-0.8560719881206751
69#4,MC_ON,Mach,bright_ramp_minus_uniform,0.375,2,canonical_minus_cnn,difference,0.05102342553436756
69#4,MC_ON,Mach,dark_ramp_minus_uniform,0.375,4,canonical_minus_cnn,difference,-0.6656922576949
69#4,MC_ON,Mach,bright_ramp_minus_uniform,0.375,4,canonical_minus_cnn,difference,-0.06542194355279207
69#4,MC_ON,Mach,dark_ramp_minus_uniform,0.375,8,canonical_minus_cnn,difference,-0.4084842405281961
69#4,MC_ON,Mach,bright_ramp_minus_uniform,0.375,8,canonical_minus_cnn,difference,-0.057175285648554564
69#4,MC_ON,Mach,dark_ramp_minus_uniform,0.375,12,canonical_minus_cnn,difference,-0.26958662061952055
69#4,MC_ON,Mach,bright_ramp_minus_uniform,0.375,12,canonical_minus_cnn,difference,-0.008525252575054765
69#4,MC_ON,Mach,dark_ramp_minus_uniform,0.375,16,canonical_minus_cnn,difference,-0.19904361059889197
69#4,MC_ON,Mach,bright_ramp_minus_uniform,0.375,16,canonical_minus_cnn,difference,-0.001750012394040823
69#4,MC_ON,Mach,dark_ramp_minus_uniform,0.5,0,canonical_minus_cnn,difference,-1.1101378127932549
69#4,MC_ON,Mach,bright_ramp_minus_uniform,0.5,0,canonical_minus_cnn,difference,0.0729052908718586
69#4,MC_ON,Mach,dark_ramp_minus_uniform,0.5,2,canonical_minus_cnn,difference,-1.0767745021730661
69#4,MC_ON,Mach,bright_ramp_minus_uniform,0.5,2,canonical_minus_cnn,difference,0.06608011573553085
69#4,MC_ON,Mach,dark_ramp_minus_uniform,0.5,4,canonical_minus_cnn,difference,-0.8423845767974854
69#4,MC_ON,Mach,bright_ramp_minus_uniform,0.5,4,canonical_minus_cnn,difference,-0.08353967871516943
69#4,MC_ON,Mach,dark_ramp_minus_uniform,0.5,8,canonical_minus_cnn,difference,-0.526300601195544
69#4,MC_ON,Mach,bright_ramp_minus_uniform,0.5,8,canonical_minus_cnn,difference,-0.07264757249504328
69#4,MC_ON,Mach,dark_ramp_minus_uniform,0.5,12,canonical_minus_cnn,difference,-0.3507010657340288
69#4,MC_ON,Mach,bright_ramp_minus_uniform,0.5,12,canonical_minus_cnn,difference,-0.01126078749075532
69#4,MC_ON,Mach,dark_ramp_minus_uniform,0.5,16,canonical_minus_cnn,difference,-0.26027493877336383
69#4,MC_ON,Mach,bright_ramp_minus_uniform,0.5,16,canonical_minus_cnn,difference,-0.002572127152234316
69#6,MC_OFF,SBC,bright_minus_dark,0.0,0,canonical_minus_cnn,difference,0.0
69#6,MC_OFF,SBC,bright_minus_dark,0.0,2,canonical_minus_cnn,difference,0.0
69#6,MC_OFF,SBC,bright_minus_dark,0.0,4,canonical_minus_cnn,difference,0.0
69#6,MC_OFF,SBC,bright_minus_dark,0.0,6,canonical_minus_cnn,difference,0.0
69#6,MC_OFF,SBC,bright_minus_dark,0.0,8,canonical_minus_cnn,difference,0.0
69#6,MC_OFF,SBC,bright_minus_dark,0.0625,0,canonical_minus_cnn,difference,0.0
69#6,MC_OFF,SBC,bright_minus_dark,0.0625,2,canonical_minus_cnn,difference,0.1531074345111847
69#6,MC_OFF,SBC,bright_minus_dark,0.0625,4,canonical_minus_cnn,difference,0.22673729434609413
69#6,MC_OFF,SBC,bright_minus_dark,0.0625,6,canonical_minus_cnn,difference,0.17222009971737862
69#6,MC_OFF,SBC,bright_minus_dark,0.0625,8,canonical_minus_cnn,difference,0.15373477339744568
69#6,MC_OFF,SBC,bright_minus_dark,0.125,0,canonical_minus_cnn,difference,0.0
69#6,MC_OFF,SBC,bright_minus_dark,0.125,2,canonical_minus_cnn,difference,0.26667581498622894
69#6,MC_OFF,SBC,bright_minus_dark,0.125,4,canonical_minus_cnn,difference,0.3914824575185776
69#6,MC_OFF,SBC,bright_minus_dark,0.125,6,canonical_minus_cnn,difference,0.3023691400885582
69#6,MC_OFF,SBC,bright_minus_dark,0.125,8,canonical_minus_cnn,difference,0.27620968222618103
69#6,MC_OFF,SBC,bright_minus_dark,0.25,0,canonical_minus_cnn,difference,0.0
69#6,MC_OFF,SBC,bright_minus_dark,0.25,2,canonical_minus_cnn,difference,0.4717852622270584
69#6,MC_OFF,SBC,bright_minus_dark,0.25,4,canonical_minus_cnn,difference,0.6857380867004395
69#6,MC_OFF,SBC,bright_minus_dark,0.25,6,canonical_minus_cnn,difference,0.5229564309120178
69#6,MC_OFF,SBC,bright_minus_dark,0.25,8,canonical_minus_cnn,difference,0.47914332151412964
69#6,MC_OFF,SBC,bright_minus_dark,0.375,0,canonical_minus_cnn,difference,0.0
69#6,MC_OFF,SBC,bright_minus_dark,0.375,2,canonical_minus_cnn,difference,0.6633696407079697
69#6,MC_OFF,SBC,bright_minus_dark,0.375,4,canonical_minus_cnn,difference,0.9531762897968292
69#6,MC_OFF,SBC,bright_minus_dark,0.375,6,canonical_minus_cnn,difference,0.7200810611248016
69#6,MC_OFF,SBC,bright_minus_dark,0.375,8,canonical_minus_cnn,difference,0.6535746604204178
69#6,MC_OFF,SBC,bright_minus_dark,0.5,0,canonical_minus_cnn,difference,0.0
69#6,MC_OFF,SBC,bright_minus_dark,0.5,2,canonical_minus_cnn,difference,0.8425291180610657
69#6,MC_OFF,SBC,bright_minus_dark,0.5,4,canonical_minus_cnn,difference,1.2136451601982117
69#6,MC_OFF,SBC,bright_minus_dark,0.5,6,canonical_minus_cnn,difference,0.9113942682743073
69#6,MC_OFF,SBC,bright_minus_dark,0.5,8,canonical_minus_cnn,difference,0.8200980722904205
69#6,MC_OFF,Mach,dark_ramp_minus_uniform,0.0,0,canonical_minus_cnn,difference,0.0
69#6,MC_OFF,Mach,bright_ramp_minus_uniform,0.0,0,canonical_minus_cnn,difference,0.0
69#6,MC_OFF,Mach,dark_ramp_minus_uniform,0.0,2,canonical_minus_cnn,difference,0.0
69#6,MC_OFF,Mach,bright_ramp_minus_uniform,0.0,2,canonical_minus_cnn,difference,0.0
69#6,MC_OFF,Mach,dark_ramp_minus_uniform,0.0,4,canonical_minus_cnn,difference,0.0
69#6,MC_OFF,Mach,bright_ramp_minus_uniform,0.0,4,canonical_minus_cnn,difference,0.0
69#6,MC_OFF,Mach,dark_ramp_minus_uniform,0.0,8,canonical_minus_cnn,difference,0.0
69#6,MC_OFF,Mach,bright_ramp_minus_uniform,0.0,8,canonical_minus_cnn,difference,0.0
69#6,MC_OFF,Mach,dark_ramp_minus_uniform,0.0,12,canonical_minus_cnn,difference,0.0
69#6,MC_OFF,Mach,bright_ramp_minus_uniform,0.0,12,canonical_minus_cnn,difference,0.0
69#6,MC_OFF,Mach,dark_ramp_minus_uniform,0.0,16,canonical_minus_cnn,difference,0.0
69#6,MC_OFF,Mach,bright_ramp_minus_uniform,0.0,16,canonical_minus_cnn,difference,0.0
69#6,MC_OFF,Mach,dark_ramp_minus_uniform,0.0625,0,canonical_minus_cnn,difference,0.15027739014476538
69#6,MC_OFF,Mach,bright_ramp_minus_uniform,0.0625,0,canonical_minus_cnn,difference,0.06470551434904337
69#6,MC_OFF,Mach,dark_ramp_minus_uniform,0.0625,2,canonical_minus_cnn,difference,0.12653230329306098
69#6,MC_OFF,Mach,bright_ramp_minus_uniform,0.0625,2,canonical_minus_cnn,difference,0.05659216071217088
69#6,MC_OFF,Mach,dark_ramp_minus_uniform,0.0625,4,canonical_minus_cnn,difference,0.06826008061761968
69#6,MC_OFF,Mach,bright_ramp_minus_uniform,0.0625,4,canonical_minus_cnn,difference,0.07300368745927699
69#6,MC_OFF,Mach,dark_ramp_minus_uniform,0.0625,8,canonical_minus_cnn,difference,0.013019093312323093
69#6,MC_OFF,Mach,bright_ramp_minus_uniform,0.0625,8,canonical_minus_cnn,difference,0.036211904138326645
69#6,MC_OFF,Mach,dark_ramp_minus_uniform,0.0625,12,canonical_minus_cnn,difference,0.006250071404792834
69#6,MC_OFF,Mach,bright_ramp_minus_uniform,0.0625,12,canonical_minus_cnn,difference,0.015139572256885003
69#6,MC_OFF,Mach,dark_ramp_minus_uniform,0.0625,16,canonical_minus_cnn,difference,0.004428799729794264
69#6,MC_OFF,Mach,bright_ramp_minus_uniform,0.0625,16,canonical_minus_cnn,difference,0.008251293562352657
69#6,MC_OFF,Mach,dark_ramp_minus_uniform,0.125,0,canonical_minus_cnn,difference,0.2880114298313856
69#6,MC_OFF,Mach,bright_ramp_minus_uniform,0.125,0,canonical_minus_cnn,difference,0.12875541672110558
69#6,MC_OFF,Mach,dark_ramp_minus_uniform,0.125,2,canonical_minus_cnn,difference,0.2527303516835673
69#6,MC_OFF,Mach,bright_ramp_minus_uniform,0.125,2,canonical_minus_cnn,difference,0.12567597925954033
69#6,MC_OFF,Mach,dark_ramp_minus_uniform,0.125,4,canonical_minus_cnn,difference,0.14406167567358352
69#6,MC_OFF,Mach,bright_ramp_minus_uniform,0.125,4,canonical_minus_cnn,difference,0.14633509615669027
69#6,MC_OFF,Mach,dark_ramp_minus_uniform,0.125,8,canonical_minus_cnn,difference,0.027223110693739727
69#6,MC_OFF,Mach,bright_ramp_minus_uniform,0.125,8,canonical_minus_cnn,difference,0.061412285518599674
69#6,MC_OFF,Mach,dark_ramp_minus_uniform,0.125,12,canonical_minus_cnn,difference,0.0055590433039469644
69#6,MC_OFF,Mach,bright_ramp_minus_uniform,0.125,12,canonical_minus_cnn,difference,0.022015229988028295
69#6,MC_OFF,Mach,dark_ramp_minus_uniform,0.125,16,canonical_minus_cnn,difference,0.0025989134519477375
69#6,MC_OFF,Mach,bright_ramp_minus_uniform,0.125,16,canonical_minus_cnn,difference,0.01180259411194129
69#6,MC_OFF,Mach,dark_ramp_minus_uniform,0.25,0,canonical_minus_cnn,difference,0.49114469066262245
69#6,MC_OFF,Mach,bright_ramp_minus_uniform,0.25,0,canonical_minus_cnn,difference,0.24487392231822014
69#6,MC_OFF,Mach,dark_ramp_minus_uniform,0.25,2,canonical_minus_cnn,difference,0.42752957344055176
69#6,MC_OFF,Mach,bright_ramp_minus_uniform,0.25,2,canonical_minus_cnn,difference,0.24963153898715973
69#6,MC_OFF,Mach,dark_ramp_minus_uniform,0.25,4,canonical_minus_cnn,difference,0.22956006426829845
69#6,MC_OFF,Mach,bright_ramp_minus_uniform,0.25,4,canonical_minus_cnn,difference,0.2762243052129634
69#6,MC_OFF,Mach,dark_ramp_minus_uniform,0.25,8,canonical_minus_cnn,difference,0.007870129600632936
69#6,MC_OFF,Mach,bright_ramp_minus_uniform,0.25,8,canonical_minus_cnn,difference,0.0990099489572458
69#6,MC_OFF,Mach,dark_ramp_minus_uniform,0.25,12,canonical_minus_cnn,difference,-0.035860553645761684
69#6,MC_OFF,Mach,bright_ramp_minus_uniform,0.25,12,canonical_minus_cnn,difference,0.026330678549129516
69#6,MC_OFF,Mach,dark_ramp_minus_uniform,0.25,16,canonical_minus_cnn,difference,-0.032254642006591894
69#6,MC_OFF,Mach,bright_ramp_minus_uniform,0.25,16,canonical_minus_cnn,difference,0.0111675659136381
69#6,MC_OFF,Mach,dark_ramp_minus_uniform,0.375,0,canonical_minus_cnn,difference,0.6682130433619022
69#6,MC_OFF,Mach,bright_ramp_minus_uniform,0.375,0,canonical_minus_cnn,difference,0.3580843657255173
69#6,MC_OFF,Mach,dark_ramp_minus_uniform,0.375,2,canonical_minus_cnn,difference,0.5805967688502278
69#6,MC_OFF,Mach,bright_ramp_minus_uniform,0.375,2,canonical_minus_cnn,difference,0.3728831251501106
69#6,MC_OFF,Mach,dark_ramp_minus_uniform,0.375,4,canonical_minus_cnn,difference,0.3039382437709719
69#6,MC_OFF,Mach,bright_ramp_minus_uniform,0.375,4,canonical_minus_cnn,difference,0.39843341312371194
69#6,MC_OFF,Mach,dark_ramp_minus_uniform,0.375,8,canonical_minus_cnn,difference,-0.014379806874785572
69#6,MC_OFF,Mach,bright_ramp_minus_uniform,0.375,8,canonical_minus_cnn,difference,0.13413829408818856
69#6,MC_OFF,Mach,dark_ramp_minus_uniform,0.375,12,canonical_minus_cnn,difference,-0.07535975327482447
69#6,MC_OFF,Mach,bright_ramp_minus_uniform,0.375,12,canonical_minus_cnn,difference,0.02964646034524776
69#6,MC_OFF,Mach,dark_ramp_minus_uniform,0.375,16,canonical_minus_cnn,difference,-0.059811965125845745
69#6,MC_OFF,Mach,bright_ramp_minus_uniform,0.375,16,canonical_minus_cnn,difference,0.012573281797813252
69#6,MC_OFF,Mach,dark_ramp_minus_uniform,0.5,0,canonical_minus_cnn,difference,0.8487108051776886
69#6,MC_OFF,Mach,bright_ramp_minus_uniform,0.5,0,canonical_minus_cnn,difference,0.47017306834459305
69#6,MC_OFF,Mach,dark_ramp_minus_uniform,0.5,2,canonical_minus_cnn,difference,0.7379295825958252
69#6,MC_OFF,Mach,bright_ramp_minus_uniform,0.5,2,canonical_minus_cnn,difference,0.4955380300816614
69#6,MC_OFF,Mach,dark_ramp_minus_uniform,0.5,4,canonical_minus_cnn,difference,0.38581200246699154
69#6,MC_OFF,Mach,bright_ramp_minus_uniform,0.5,4,canonical_minus_cnn,difference,0.5164343197830021
69#6,MC_OFF,Mach,dark_ramp_minus_uniform,0.5,8,canonical_minus_cnn,difference,-0.025722655525896698
69#6,MC_OFF,Mach,bright_ramp_minus_uniform,0.5,8,canonical_minus_cnn,difference,0.16464294196339324
69#6,MC_OFF,Mach,dark_ramp_minus_uniform,0.5,12,canonical_minus_cnn,difference,-0.10262745025102049
69#6,MC_OFF,Mach,bright_ramp_minus_uniform,0.5,12,canonical_minus_cnn,difference,0.030026943830307573
69#6,MC_OFF,Mach,dark_ramp_minus_uniform,0.5,16,canonical_minus_cnn,difference,-0.07893838782911189
69#6,MC_OFF,Mach,bright_ramp_minus_uniform,0.5,16,canonical_minus_cnn,difference,0.010371057142037898
69#7,MC_ON,SBC,bright_minus_dark,0.0,0,canonical_minus_cnn,difference,0.0
69#7,MC_ON,SBC,bright_minus_dark,0.0,2,canonical_minus_cnn,difference,0.0
69#7,MC_ON,SBC,bright_minus_dark,0.0,4,canonical_minus_cnn,difference,0.0
69#7,MC_ON,SBC,bright_minus_dark,0.0,6,canonical_minus_cnn,difference,0.0
69#7,MC_ON,SBC,bright_minus_dark,0.0,8,canonical_minus_cnn,difference,0.0
69#7,MC_ON,SBC,bright_minus_dark,0.0625,0,canonical_minus_cnn,difference,0.0
69#7,MC_ON,SBC,bright_minus_dark,0.0625,2,canonical_minus_cnn,difference,-0.12038952857255936
69#7,MC_ON,SBC,bright_minus_dark,0.0625,4,canonical_minus_cnn,difference,-0.22885587438941002
69#7,MC_ON,SBC,bright_minus_dark,0.0625,6,canonical_minus_cnn,difference,-0.2512081451714039
69#7,MC_ON,SBC,bright_minus_dark,0.0625,8,canonical_minus_cnn,difference,-0.24704476073384285
69#7,MC_ON,SBC,bright_minus_dark,0.125,0,canonical_minus_cnn,difference,0.0
69#7,MC_ON,SBC,bright_minus_dark,0.125,2,canonical_minus_cnn,difference,-0.22271040827035904
69#7,MC_ON,SBC,bright_minus_dark,0.125,4,canonical_minus_cnn,difference,-0.38063349574804306
69#7,MC_ON,SBC,bright_minus_dark,0.125,6,canonical_minus_cnn,difference,-0.411403626203537
69#7,MC_ON,SBC,bright_minus_dark,0.125,8,canonical_minus_cnn,difference,-0.40362416952848434
69#7,MC_ON,SBC,bright_minus_dark,0.25,0,canonical_minus_cnn,difference,0.0
69#7,MC_ON,SBC,bright_minus_dark,0.25,2,canonical_minus_cnn,difference,-0.3949064016342163
69#7,MC_ON,SBC,bright_minus_dark,0.25,4,canonical_minus_cnn,difference,-0.6291739493608475
69#7,MC_ON,SBC,bright_minus_dark,0.25,6,canonical_minus_cnn,difference,-0.6800911128520966
69#7,MC_ON,SBC,bright_minus_dark,0.25,8,canonical_minus_cnn,difference,-0.6638110727071762
69#7,MC_ON,SBC,bright_minus_dark,0.375,0,canonical_minus_cnn,difference,0.0
69#7,MC_ON,SBC,bright_minus_dark,0.375,2,canonical_minus_cnn,difference,-0.5495303571224213
69#7,MC_ON,SBC,bright_minus_dark,0.375,4,canonical_minus_cnn,difference,-0.8651309311389923
69#7,MC_ON,SBC,bright_minus_dark,0.375,6,canonical_minus_cnn,difference,-0.9396511614322662
69#7,MC_ON,SBC,bright_minus_dark,0.375,8,canonical_minus_cnn,difference,-0.9143047034740448
69#7,MC_ON,SBC,bright_minus_dark,0.5,0,canonical_minus_cnn,difference,0.0
69#7,MC_ON,SBC,bright_minus_dark,0.5,2,canonical_minus_cnn,difference,-0.6987213790416718
69#7,MC_ON,SBC,bright_minus_dark,0.5,4,canonical_minus_cnn,difference,-1.100096881389618
69#7,MC_ON,SBC,bright_minus_dark,0.5,6,canonical_minus_cnn,difference,-1.198210209608078
69#7,MC_ON,SBC,bright_minus_dark,0.5,8,canonical_minus_cnn,difference,-1.1646448075771332
69#7,MC_ON,Mach,dark_ramp_minus_uniform,0.0,0,canonical_minus_cnn,difference,0.0
69#7,MC_ON,Mach,bright_ramp_minus_uniform,0.0,0,canonical_minus_cnn,difference,0.0
69#7,MC_ON,Mach,dark_ramp_minus_uniform,0.0,2,canonical_minus_cnn,difference,0.0
69#7,MC_ON,Mach,bright_ramp_minus_uniform,0.0,2,canonical_minus_cnn,difference,0.0
69#7,MC_ON,Mach,dark_ramp_minus_uniform,0.0,4,canonical_minus_cnn,difference,0.0
69#7,MC_ON,Mach,bright_ramp_minus_uniform,0.0,4,canonical_minus_cnn,difference,0.0
69#7,MC_ON,Mach,dark_ramp_minus_uniform,0.0,8,canonical_minus_cnn,difference,0.0
69#7,MC_ON,Mach,bright_ramp_minus_uniform,0.0,8,canonical_minus_cnn,difference,0.0
69#7,MC_ON,Mach,dark_ramp_minus_uniform,0.0,12,canonical_minus_cnn,difference,0.0
69#7,MC_ON,Mach,bright_ramp_minus_uniform,0.0,12,canonical_minus_cnn,difference,0.0
69#7,MC_ON,Mach,dark_ramp_minus_uniform,0.0,16,canonical_minus_cnn,difference,0.0
69#7,MC_ON,Mach,bright_ramp_minus_uniform,0.0,16,canonical_minus_cnn,difference,0.0
69#7,MC_ON,Mach,dark_ramp_minus_uniform,0.0625,0,canonical_minus_cnn,difference,-0.2024284282233566
69#7,MC_ON,Mach,bright_ramp_minus_uniform,0.0625,0,canonical_minus_cnn,difference,-0.02732133027166128
69#7,MC_ON,Mach,dark_ramp_minus_uniform,0.0625,2,canonical_minus_cnn,difference,-0.18962675938382745
69#7,MC_ON,Mach,bright_ramp_minus_uniform,0.0625,2,canonical_minus_cnn,difference,-0.0275325789116323
69#7,MC_ON,Mach,dark_ramp_minus_uniform,0.0625,4,canonical_minus_cnn,difference,-0.14629434538073838
69#7,MC_ON,Mach,bright_ramp_minus_uniform,0.0625,4,canonical_minus_cnn,difference,-0.035849767504259944
69#7,MC_ON,Mach,dark_ramp_minus_uniform,0.0625,8,canonical_minus_cnn,difference,-0.08233832265250385
69#7,MC_ON,Mach,bright_ramp_minus_uniform,0.0625,8,canonical_minus_cnn,difference,-0.02022000087890774
69#7,MC_ON,Mach,dark_ramp_minus_uniform,0.0625,12,canonical_minus_cnn,difference,-0.052509062516037375
69#7,MC_ON,Mach,bright_ramp_minus_uniform,0.0625,12,canonical_minus_cnn,difference,-0.009313042683061212
69#7,MC_ON,Mach,dark_ramp_minus_uniform,0.0625,16,canonical_minus_cnn,difference,-0.038507597404532135
69#7,MC_ON,Mach,bright_ramp_minus_uniform,0.0625,16,canonical_minus_cnn,difference,-0.00472798349801451
69#7,MC_ON,Mach,dark_ramp_minus_uniform,0.125,0,canonical_minus_cnn,difference,-0.3101724130101502
69#7,MC_ON,Mach,bright_ramp_minus_uniform,0.125,0,canonical_minus_cnn,difference,-0.03135122172534466
69#7,MC_ON,Mach,dark_ramp_minus_uniform,0.125,2,canonical_minus_cnn,difference,-0.2964857602491975
69#7,MC_ON,Mach,bright_ramp_minus_uniform,0.125,2,canonical_minus_cnn,difference,-0.03572623711079359
69#7,MC_ON,Mach,dark_ramp_minus_uniform,0.125,4,canonical_minus_cnn,difference,-0.2312874924391508
69#7,MC_ON,Mach,bright_ramp_minus_uniform,0.125,4,canonical_minus_cnn,difference,-0.052800947800278664
69#7,MC_ON,Mach,dark_ramp_minus_uniform,0.125,8,canonical_minus_cnn,difference,-0.1356198131106794
69#7,MC_ON,Mach,bright_ramp_minus_uniform,0.125,8,canonical_minus_cnn,difference,-0.026572526432573795
69#7,MC_ON,Mach,dark_ramp_minus_uniform,0.125,12,canonical_minus_cnn,difference,-0.08431534515693784
69#7,MC_ON,Mach,bright_ramp_minus_uniform,0.125,12,canonical_minus_cnn,difference,-0.008257957641035318
69#7,MC_ON,Mach,dark_ramp_minus_uniform,0.125,16,canonical_minus_cnn,difference,-0.060859695775434375
69#7,MC_ON,Mach,bright_ramp_minus_uniform,0.125,16,canonical_minus_cnn,difference,-0.0033024230506271124
69#7,MC_ON,Mach,dark_ramp_minus_uniform,0.25,0,canonical_minus_cnn,difference,-0.4797610081732273
69#7,MC_ON,Mach,bright_ramp_minus_uniform,0.25,0,canonical_minus_cnn,difference,-0.03242158517241478
69#7,MC_ON,Mach,dark_ramp_minus_uniform,0.25,2,canonical_minus_cnn,difference,-0.4687843956053257
69#7,MC_ON,Mach,bright_ramp_minus_uniform,0.25,2,canonical_minus_cnn,difference,-0.04739950969815254
69#7,MC_ON,Mach,dark_ramp_minus_uniform,0.25,4,canonical_minus_cnn,difference,-0.3647240521386266
69#7,MC_ON,Mach,bright_ramp_minus_uniform,0.25,4,canonical_minus_cnn,difference,-0.07599244173616171
69#7,MC_ON,Mach,dark_ramp_minus_uniform,0.25,8,canonical_minus_cnn,difference,-0.22620791103690863
69#7,MC_ON,Mach,bright_ramp_minus_uniform,0.25,8,canonical_minus_cnn,difference,-0.03475893288850784
69#7,MC_ON,Mach,dark_ramp_minus_uniform,0.25,12,canonical_minus_cnn,difference,-0.14523748448118567
69#7,MC_ON,Mach,bright_ramp_minus_uniform,0.25,12,canonical_minus_cnn,difference,-0.00452628149650991
69#7,MC_ON,Mach,dark_ramp_minus_uniform,0.25,16,canonical_minus_cnn,difference,-0.10551948309876025
69#7,MC_ON,Mach,bright_ramp_minus_uniform,0.25,16,canonical_minus_cnn,difference,-0.0005512514617294073
69#7,MC_ON,Mach,dark_ramp_minus_uniform,0.375,0,canonical_minus_cnn,difference,-0.6435336750000715
69#7,MC_ON,Mach,bright_ramp_minus_uniform,0.375,0,canonical_minus_cnn,difference,-0.03128255903720856
69#7,MC_ON,Mach,dark_ramp_minus_uniform,0.375,2,canonical_minus_cnn,difference,-0.6351557299494743
69#7,MC_ON,Mach,bright_ramp_minus_uniform,0.375,2,canonical_minus_cnn,difference,-0.0567837692797184
69#7,MC_ON,Mach,dark_ramp_minus_uniform,0.375,4,canonical_minus_cnn,difference,-0.49669761303812265
69#7,MC_ON,Mach,bright_ramp_minus_uniform,0.375,4,canonical_minus_cnn,difference,-0.09647586848586798
69#7,MC_ON,Mach,dark_ramp_minus_uniform,0.375,8,canonical_minus_cnn,difference,-0.3144711614586413
69#7,MC_ON,Mach,bright_ramp_minus_uniform,0.375,8,canonical_minus_cnn,difference,-0.04312803316861391
69#7,MC_ON,Mach,dark_ramp_minus_uniform,0.375,12,canonical_minus_cnn,difference,-0.20887193083763123
69#7,MC_ON,Mach,bright_ramp_minus_uniform,0.375,12,canonical_minus_cnn,difference,-0.003126875963062048
69#7,MC_ON,Mach,dark_ramp_minus_uniform,0.375,16,canonical_minus_cnn,difference,-0.15381542732939124
69#7,MC_ON,Mach,bright_ramp_minus_uniform,0.375,16,canonical_minus_cnn,difference,0.0005225259810686111
69#7,MC_ON,Mach,dark_ramp_minus_uniform,0.5,0,canonical_minus_cnn,difference,-0.8077289257198572
69#7,MC_ON,Mach,bright_ramp_minus_uniform,0.5,0,canonical_minus_cnn,difference,-0.02999207377433777
69#7,MC_ON,Mach,dark_ramp_minus_uniform,0.5,2,canonical_minus_cnn,difference,-0.8019714802503586
69#7,MC_ON,Mach,bright_ramp_minus_uniform,0.5,2,canonical_minus_cnn,difference,-0.06579415872693062
69#7,MC_ON,Mach,dark_ramp_minus_uniform,0.5,4,canonical_minus_cnn,difference,-0.6281256787478924
69#7,MC_ON,Mach,bright_ramp_minus_uniform,0.5,4,canonical_minus_cnn,difference,-0.11745886504650116
69#7,MC_ON,Mach,dark_ramp_minus_uniform,0.5,8,canonical_minus_cnn,difference,-0.4048011563718319
69#7,MC_ON,Mach,bright_ramp_minus_uniform,0.5,8,canonical_minus_cnn,difference,-0.05217616632580757
69#7,MC_ON,Mach,dark_ramp_minus_uniform,0.5,12,canonical_minus_cnn,difference,-0.27484928583726287
69#7,MC_ON,Mach,bright_ramp_minus_uniform,0.5,12,canonical_minus_cnn,difference,-0.002707958687096834
69#7,MC_ON,Mach,dark_ramp_minus_uniform,0.5,16,canonical_minus_cnn,difference,-0.20424495032057166
69#7,MC_ON,Mach,bright_ramp_minus_uniform,0.5,16,canonical_minus_cnn,difference,0.0008503557182848454
69#21,PC_OFF,SBC,bright_minus_dark,0.0,0,canonical_minus_cnn,difference,0.0
69#21,PC_OFF,SBC,bright_minus_dark,0.0,2,canonical_minus_cnn,difference,0.0
69#21,PC_OFF,SBC,bright_minus_dark,0.0,4,canonical_minus_cnn,difference,0.0
69#21,PC_OFF,SBC,bright_minus_dark,0.0,6,canonical_minus_cnn,difference,0.0
69#21,PC_OFF,SBC,bright_minus_dark,0.0,8,canonical_minus_cnn,difference,0.0
69#21,PC_OFF,SBC,bright_minus_dark,0.0625,0,canonical_minus_cnn,difference,0.0
69#21,PC_OFF,SBC,bright_minus_dark,0.0625,2,canonical_minus_cnn,difference,0.0246873302385211
69#21,PC_OFF,SBC,bright_minus_dark,0.0625,4,canonical_minus_cnn,difference,0.0769361313432455
69#21,PC_OFF,SBC,bright_minus_dark,0.0625,6,canonical_minus_cnn,difference,0.14450063649564981
69#21,PC_OFF,SBC,bright_minus_dark,0.0625,8,canonical_minus_cnn,difference,0.16262388043105602
69#21,PC_OFF,SBC,bright_minus_dark,0.125,0,canonical_minus_cnn,difference,0.0
69#21,PC_OFF,SBC,bright_minus_dark,0.125,2,canonical_minus_cnn,difference,0.04822986386716366
69#21,PC_OFF,SBC,bright_minus_dark,0.125,4,canonical_minus_cnn,difference,0.1364548560231924
69#21,PC_OFF,SBC,bright_minus_dark,0.125,6,canonical_minus_cnn,difference,0.23385553248226643
69#21,PC_OFF,SBC,bright_minus_dark,0.125,8,canonical_minus_cnn,difference,0.25292035192251205
69#21,PC_OFF,SBC,bright_minus_dark,0.25,0,canonical_minus_cnn,difference,0.0
69#21,PC_OFF,SBC,bright_minus_dark,0.25,2,canonical_minus_cnn,difference,0.09174400195479393
69#21,PC_OFF,SBC,bright_minus_dark,0.25,4,canonical_minus_cnn,difference,0.22256013005971909
69#21,PC_OFF,SBC,bright_minus_dark,0.25,6,canonical_minus_cnn,difference,0.3687294237315655
69#21,PC_OFF,SBC,bright_minus_dark,0.25,8,canonical_minus_cnn,difference,0.40202169492840767
69#21,PC_OFF,SBC,bright_minus_dark,0.375,0,canonical_minus_cnn,difference,0.0
69#21,PC_OFF,SBC,bright_minus_dark,0.375,2,canonical_minus_cnn,difference,0.13064168021082878
69#21,PC_OFF,SBC,bright_minus_dark,0.375,4,canonical_minus_cnn,difference,0.2954900339245796
69#21,PC_OFF,SBC,bright_minus_dark,0.375,6,canonical_minus_cnn,difference,0.4932461306452751
69#21,PC_OFF,SBC,bright_minus_dark,0.375,8,canonical_minus_cnn,difference,0.5390475019812584
69#21,PC_OFF,SBC,bright_minus_dark,0.5,0,canonical_minus_cnn,difference,0.0
69#21,PC_OFF,SBC,bright_minus_dark,0.5,2,canonical_minus_cnn,difference,0.1670527309179306
69#21,PC_OFF,SBC,bright_minus_dark,0.5,4,canonical_minus_cnn,difference,0.36489662528038025
69#21,PC_OFF,SBC,bright_minus_dark,0.5,6,canonical_minus_cnn,difference,0.6123979240655899
69#21,PC_OFF,SBC,bright_minus_dark,0.5,8,canonical_minus_cnn,difference,0.6704974547028542
69#21,PC_OFF,Mach,dark_ramp_minus_uniform,0.0,0,canonical_minus_cnn,difference,0.0
69#21,PC_OFF,Mach,bright_ramp_minus_uniform,0.0,0,canonical_minus_cnn,difference,0.0
69#21,PC_OFF,Mach,dark_ramp_minus_uniform,0.0,2,canonical_minus_cnn,difference,0.0
69#21,PC_OFF,Mach,bright_ramp_minus_uniform,0.0,2,canonical_minus_cnn,difference,0.0
69#21,PC_OFF,Mach,dark_ramp_minus_uniform,0.0,4,canonical_minus_cnn,difference,0.0
69#21,PC_OFF,Mach,bright_ramp_minus_uniform,0.0,4,canonical_minus_cnn,difference,0.0
69#21,PC_OFF,Mach,dark_ramp_minus_uniform,0.0,8,canonical_minus_cnn,difference,0.0
69#21,PC_OFF,Mach,bright_ramp_minus_uniform,0.0,8,canonical_minus_cnn,difference,0.0
69#21,PC_OFF,Mach,dark_ramp_minus_uniform,0.0,12,canonical_minus_cnn,difference,0.0
69#21,PC_OFF,Mach,bright_ramp_minus_uniform,0.0,12,canonical_minus_cnn,difference,0.0
69#21,PC_OFF,Mach,dark_ramp_minus_uniform,0.0,16,canonical_minus_cnn,difference,0.0
69#21,PC_OFF,Mach,bright_ramp_minus_uniform,0.0,16,canonical_minus_cnn,difference,0.0
69#21,PC_OFF,Mach,dark_ramp_minus_uniform,0.0625,0,canonical_minus_cnn,difference,0.19852446019649506
69#21,PC_OFF,Mach,bright_ramp_minus_uniform,0.0625,0,canonical_minus_cnn,difference,0.024161227978765965
69#21,PC_OFF,Mach,dark_ramp_minus_uniform,0.0625,2,canonical_minus_cnn,difference,0.19640470447484404
69#21,PC_OFF,Mach,bright_ramp_minus_uniform,0.0625,2,canonical_minus_cnn,difference,0.031132189906202257
69#21,PC_OFF,Mach,dark_ramp_minus_uniform,0.0625,4,canonical_minus_cnn,difference,0.17731028993148357
69#21,PC_OFF,Mach,bright_ramp_minus_uniform,0.0625,4,canonical_minus_cnn,difference,0.021631861454807222
69#21,PC_OFF,Mach,dark_ramp_minus_uniform,0.0625,8,canonical_minus_cnn,difference,0.11526885331841186
69#21,PC_OFF,Mach,bright_ramp_minus_uniform,0.0625,8,canonical_minus_cnn,difference,0.00906538125127554
69#21,PC_OFF,Mach,dark_ramp_minus_uniform,0.0625,12,canonical_minus_cnn,difference,0.07433757484250236
69#21,PC_OFF,Mach,bright_ramp_minus_uniform,0.0625,12,canonical_minus_cnn,difference,0.005294553309795447
69#21,PC_OFF,Mach,dark_ramp_minus_uniform,0.0625,16,canonical_minus_cnn,difference,0.053834081190871075
69#21,PC_OFF,Mach,bright_ramp_minus_uniform,0.0625,16,canonical_minus_cnn,difference,0.00355865151504986
69#21,PC_OFF,Mach,dark_ramp_minus_uniform,0.125,0,canonical_minus_cnn,difference,0.30019339523278177
69#21,PC_OFF,Mach,bright_ramp_minus_uniform,0.125,0,canonical_minus_cnn,difference,0.0421566073782742
69#21,PC_OFF,Mach,dark_ramp_minus_uniform,0.125,2,canonical_minus_cnn,difference,0.2980780960060656
69#21,PC_OFF,Mach,bright_ramp_minus_uniform,0.125,2,canonical_minus_cnn,difference,0.05457376013509929
69#21,PC_OFF,Mach,dark_ramp_minus_uniform,0.125,4,canonical_minus_cnn,difference,0.2699354072101414
69#21,PC_OFF,Mach,bright_ramp_minus_uniform,0.125,4,canonical_minus_cnn,difference,0.037646192009560764
69#21,PC_OFF,Mach,dark_ramp_minus_uniform,0.125,8,canonical_minus_cnn,difference,0.177706171059981
69#21,PC_OFF,Mach,bright_ramp_minus_uniform,0.125,8,canonical_minus_cnn,difference,0.01063071860698983
69#21,PC_OFF,Mach,dark_ramp_minus_uniform,0.125,12,canonical_minus_cnn,difference,0.10423729021567851
69#21,PC_OFF,Mach,bright_ramp_minus_uniform,0.125,12,canonical_minus_cnn,difference,0.004574433987727389
69#21,PC_OFF,Mach,dark_ramp_minus_uniform,0.125,16,canonical_minus_cnn,difference,0.06729242106666788
69#21,PC_OFF,Mach,bright_ramp_minus_uniform,0.125,16,canonical_minus_cnn,difference,0.0025861184985842556
69#21,PC_OFF,Mach,dark_ramp_minus_uniform,0.25,0,canonical_minus_cnn,difference,0.46573627972975373
69#21,PC_OFF,Mach,bright_ramp_minus_uniform,0.25,0,canonical_minus_cnn,difference,0.07450897712260485
69#21,PC_OFF,Mach,dark_ramp_minus_uniform,0.25,2,canonical_minus_cnn,difference,0.466085028834641
69#21,PC_OFF,Mach,bright_ramp_minus_uniform,0.25,2,canonical_minus_cnn,difference,0.09785400284454226
69#21,PC_OFF,Mach,dark_ramp_minus_uniform,0.25,4,canonical_minus_cnn,difference,0.4206193864811212
69#21,PC_OFF,Mach,bright_ramp_minus_uniform,0.25,4,canonical_minus_cnn,difference,0.0682721366174519
69#21,PC_OFF,Mach,dark_ramp_minus_uniform,0.25,8,canonical_minus_cnn,difference,0.2720592061523348
69#21,PC_OFF,Mach,bright_ramp_minus_uniform,0.25,8,canonical_minus_cnn,difference,0.012888344004750252
69#21,PC_OFF,Mach,dark_ramp_minus_uniform,0.25,12,canonical_minus_cnn,difference,0.15334571700077504
69#21,PC_OFF,Mach,bright_ramp_minus_uniform,0.25,12,canonical_minus_cnn,difference,0.001747171103488654
69#21,PC_OFF,Mach,dark_ramp_minus_uniform,0.25,16,canonical_minus_cnn,difference,0.09986237087287009
69#21,PC_OFF,Mach,bright_ramp_minus_uniform,0.25,16,canonical_minus_cnn,difference,-6.784597644582391e-05
69#21,PC_OFF,Mach,dark_ramp_minus_uniform,0.375,0,canonical_minus_cnn,difference,0.619896343909204
69#21,PC_OFF,Mach,bright_ramp_minus_uniform,0.375,0,canonical_minus_cnn,difference,0.1042257808148861
69#21,PC_OFF,Mach,dark_ramp_minus_uniform,0.375,2,canonical_minus_cnn,difference,0.6216029403731227
69#21,PC_OFF,Mach,bright_ramp_minus_uniform,0.375,2,canonical_minus_cnn,difference,0.13817949686199427
69#21,PC_OFF,Mach,dark_ramp_minus_uniform,0.375,4,canonical_minus_cnn,difference,0.5627379736397415
69#21,PC_OFF,Mach,bright_ramp_minus_uniform,0.375,4,canonical_minus_cnn,difference,0.09583500120788813
69#21,PC_OFF,Mach,dark_ramp_minus_uniform,0.375,8,canonical_minus_cnn,difference,0.3639313856838271
69#21,PC_OFF,Mach,bright_ramp_minus_uniform,0.375,8,canonical_minus_cnn,difference,0.011544767883606255
69#21,PC_OFF,Mach,dark_ramp_minus_uniform,0.375,12,canonical_minus_cnn,difference,0.20974654459860176
69#21,PC_OFF,Mach,bright_ramp_minus_uniform,0.375,12,canonical_minus_cnn,difference,-0.004029258154332638
69#21,PC_OFF,Mach,dark_ramp_minus_uniform,0.375,16,canonical_minus_cnn,difference,0.14358853100566193
69#21,PC_OFF,Mach,bright_ramp_minus_uniform,0.375,16,canonical_minus_cnn,difference,-0.005357948888558894
69#21,PC_OFF,Mach,dark_ramp_minus_uniform,0.5,0,canonical_minus_cnn,difference,0.7676523448899388
69#21,PC_OFF,Mach,bright_ramp_minus_uniform,0.5,0,canonical_minus_cnn,difference,0.13168475776910782
69#21,PC_OFF,Mach,dark_ramp_minus_uniform,0.5,2,canonical_minus_cnn,difference,0.7710954193025827
69#21,PC_OFF,Mach,bright_ramp_minus_uniform,0.5,2,canonical_minus_cnn,difference,0.1762508051469922
69#21,PC_OFF,Mach,dark_ramp_minus_uniform,0.5,4,canonical_minus_cnn,difference,0.7001716732047498
69#21,PC_OFF,Mach,bright_ramp_minus_uniform,0.5,4,canonical_minus_cnn,difference,0.11991385417059064
69#21,PC_OFF,Mach,dark_ramp_minus_uniform,0.5,8,canonical_minus_cnn,difference,0.4566262224689126
69#21,PC_OFF,Mach,bright_ramp_minus_uniform,0.5,8,canonical_minus_cnn,difference,0.007646290818229318
69#21,PC_OFF,Mach,dark_ramp_minus_uniform,0.5,12,canonical_minus_cnn,difference,0.269134787726216
69#21,PC_OFF,Mach,bright_ramp_minus_uniform,0.5,12,canonical_minus_cnn,difference,-0.01238430303055793
69#21,PC_OFF,Mach,dark_ramp_minus_uniform,0.5,16,canonical_minus_cnn,difference,0.19111844105646014
69#21,PC_OFF,Mach,bright_ramp_minus_uniform,0.5,16,canonical_minus_cnn,difference,-0.012669309275224805
70#1,PC_ON,SBC,bright_minus_dark,0.0,0,canonical_minus_cnn,difference,0.0
70#1,PC_ON,SBC,bright_minus_dark,0.0,2,canonical_minus_cnn,difference,0.0
70#1,PC_ON,SBC,bright_minus_dark,0.0,4,canonical_minus_cnn,difference,0.0
70#1,PC_ON,SBC,bright_minus_dark,0.0,6,canonical_minus_cnn,difference,0.0
70#1,PC_ON,SBC,bright_minus_dark,0.0,8,canonical_minus_cnn,difference,0.0
70#1,PC_ON,SBC,bright_minus_dark,0.0625,0,canonical_minus_cnn,difference,0.0
70#1,PC_ON,SBC,bright_minus_dark,0.0625,2,canonical_minus_cnn,difference,-0.034909503534436226
70#1,PC_ON,SBC,bright_minus_dark,0.0625,4,canonical_minus_cnn,difference,-0.09375567175447941
70#1,PC_ON,SBC,bright_minus_dark,0.0625,6,canonical_minus_cnn,difference,-0.13390828669071198
70#1,PC_ON,SBC,bright_minus_dark,0.0625,8,canonical_minus_cnn,difference,-0.1430219914764166
70#1,PC_ON,SBC,bright_minus_dark,0.125,0,canonical_minus_cnn,difference,0.0
70#1,PC_ON,SBC,bright_minus_dark,0.125,2,canonical_minus_cnn,difference,-0.06618592701852322
70#1,PC_ON,SBC,bright_minus_dark,0.125,4,canonical_minus_cnn,difference,-0.14893914759159088
70#1,PC_ON,SBC,bright_minus_dark,0.125,6,canonical_minus_cnn,difference,-0.2104642130434513
70#1,PC_ON,SBC,bright_minus_dark,0.125,8,canonical_minus_cnn,difference,-0.22618500888347626
70#1,PC_ON,SBC,bright_minus_dark,0.25,0,canonical_minus_cnn,difference,0.0
70#1,PC_ON,SBC,bright_minus_dark,0.25,2,canonical_minus_cnn,difference,-0.12165245413780212
70#1,PC_ON,SBC,bright_minus_dark,0.25,4,canonical_minus_cnn,difference,-0.2422308549284935
70#1,PC_ON,SBC,bright_minus_dark,0.25,6,canonical_minus_cnn,difference,-0.3589385598897934
70#1,PC_ON,SBC,bright_minus_dark,0.25,8,canonical_minus_cnn,difference,-0.38996798545122147
70#1,PC_ON,SBC,bright_minus_dark,0.375,0,canonical_minus_cnn,difference,0.0
70#1,PC_ON,SBC,bright_minus_dark,0.375,2,canonical_minus_cnn,difference,-0.17343327403068542
70#1,PC_ON,SBC,bright_minus_dark,0.375,4,canonical_minus_cnn,difference,-0.3351597711443901
70#1,PC_ON,SBC,bright_minus_dark,0.375,6,canonical_minus_cnn,difference,-0.5091555938124657
70#1,PC_ON,SBC,bright_minus_dark,0.375,8,canonical_minus_cnn,difference,-0.5569765344262123
70#1,PC_ON,SBC,bright_minus_dark,0.5,0,canonical_minus_cnn,difference,0.0
70#1,PC_ON,SBC,bright_minus_dark,0.5,2,canonical_minus_cnn,difference,-0.22356680780649185
70#1,PC_ON,SBC,bright_minus_dark,0.5,4,canonical_minus_cnn,difference,-0.4279158264398575
70#1,PC_ON,SBC,bright_minus_dark,0.5,6,canonical_minus_cnn,difference,-0.6604108661413193
70#1,PC_ON,SBC,bright_minus_dark,0.5,8,canonical_minus_cnn,difference,-0.7253498435020447
70#1,PC_ON,Mach,dark_ramp_minus_uniform,0.0,0,canonical_minus_cnn,difference,0.0
70#1,PC_ON,Mach,bright_ramp_minus_uniform,0.0,0,canonical_minus_cnn,difference,0.0
70#1,PC_ON,Mach,dark_ramp_minus_uniform,0.0,2,canonical_minus_cnn,difference,0.0
70#1,PC_ON,Mach,bright_ramp_minus_uniform,0.0,2,canonical_minus_cnn,difference,0.0
70#1,PC_ON,Mach,dark_ramp_minus_uniform,0.0,4,canonical_minus_cnn,difference,0.0
70#1,PC_ON,Mach,bright_ramp_minus_uniform,0.0,4,canonical_minus_cnn,difference,0.0
70#1,PC_ON,Mach,dark_ramp_minus_uniform,0.0,8,canonical_minus_cnn,difference,0.0
70#1,PC_ON,Mach,bright_ramp_minus_uniform,0.0,8,canonical_minus_cnn,difference,0.0
70#1,PC_ON,Mach,dark_ramp_minus_uniform,0.0,12,canonical_minus_cnn,difference,0.0
70#1,PC_ON,Mach,bright_ramp_minus_uniform,0.0,12,canonical_minus_cnn,difference,0.0
70#1,PC_ON,Mach,dark_ramp_minus_uniform,0.0,16,canonical_minus_cnn,difference,0.0
70#1,PC_ON,Mach,bright_ramp_minus_uniform,0.0,16,canonical_minus_cnn,difference,0.0
70#1,PC_ON,Mach,dark_ramp_minus_uniform,0.0625,0,canonical_minus_cnn,difference,-0.08484090678393841
70#1,PC_ON,Mach,bright_ramp_minus_uniform,0.0625,0,canonical_minus_cnn,difference,0.024591708090156317
70#1,PC_ON,Mach,dark_ramp_minus_uniform,0.0625,2,canonical_minus_cnn,difference,-0.07493597827851772
70#1,PC_ON,Mach,bright_ramp_minus_uniform,0.0625,2,canonical_minus_cnn,difference,0.03234017640352249
70#1,PC_ON,Mach,dark_ramp_minus_uniform,0.0625,4,canonical_minus_cnn,difference,-0.059825196862220764
70#1,PC_ON,Mach,bright_ramp_minus_uniform,0.0625,4,canonical_minus_cnn,difference,0.017938979901373386
70#1,PC_ON,Mach,dark_ramp_minus_uniform,0.0625,8,canonical_minus_cnn,difference,-0.04198610910680145
70#1,PC_ON,Mach,bright_ramp_minus_uniform,0.0625,8,canonical_minus_cnn,difference,0.004986071609891951
70#1,PC_ON,Mach,dark_ramp_minus_uniform,0.0625,12,canonical_minus_cnn,difference,-0.02731481404043734
70#1,PC_ON,Mach,bright_ramp_minus_uniform,0.0625,12,canonical_minus_cnn,difference,0.001699384010862559
70#1,PC_ON,Mach,dark_ramp_minus_uniform,0.0625,16,canonical_minus_cnn,difference,-0.019769818929489702
70#1,PC_ON,Mach,bright_ramp_minus_uniform,0.0625,16,canonical_minus_cnn,difference,0.0009695609187474474
70#1,PC_ON,Mach,dark_ramp_minus_uniform,0.125,0,canonical_minus_cnn,difference,-0.1317076925188303
70#1,PC_ON,Mach,bright_ramp_minus_uniform,0.125,0,canonical_minus_cnn,difference,0.04564526863396168
70#1,PC_ON,Mach,dark_ramp_minus_uniform,0.125,2,canonical_minus_cnn,difference,-0.11604430619627237
70#1,PC_ON,Mach,bright_ramp_minus_uniform,0.125,2,canonical_minus_cnn,difference,0.06001108605414629
70#1,PC_ON,Mach,dark_ramp_minus_uniform,0.125,4,canonical_minus_cnn,difference,-0.09287018235772848
70#1,PC_ON,Mach,bright_ramp_minus_uniform,0.125,4,canonical_minus_cnn,difference,0.034295027144253254
70#1,PC_ON,Mach,dark_ramp_minus_uniform,0.125,8,canonical_minus_cnn,difference,-0.07109657023102045
70#1,PC_ON,Mach,bright_ramp_minus_uniform,0.125,8,canonical_minus_cnn,difference,0.00780932093039155
70#1,PC_ON,Mach,dark_ramp_minus_uniform,0.125,12,canonical_minus_cnn,difference,-0.0495023790281266
70#1,PC_ON,Mach,bright_ramp_minus_uniform,0.125,12,canonical_minus_cnn,difference,0.0023524841089965776
70#1,PC_ON,Mach,dark_ramp_minus_uniform,0.125,16,canonical_minus_cnn,difference,-0.037002700031735
70#1,PC_ON,Mach,bright_ramp_minus_uniform,0.125,16,canonical_minus_cnn,difference,0.0014021714450791478
70#1,PC_ON,Mach,dark_ramp_minus_uniform,0.25,0,canonical_minus_cnn,difference,-0.22602147608995438
70#1,PC_ON,Mach,bright_ramp_minus_uniform,0.25,0,canonical_minus_cnn,difference,0.09055136889219284
70#1,PC_ON,Mach,dark_ramp_minus_uniform,0.25,2,canonical_minus_cnn,difference,-0.2015548013150692
70#1,PC_ON,Mach,bright_ramp_minus_uniform,0.25,2,canonical_minus_cnn,difference,0.11277661845088005
70#1,PC_ON,Mach,dark_ramp_minus_uniform,0.25,4,canonical_minus_cnn,difference,-0.16117799002677202
70#1,PC_ON,Mach,bright_ramp_minus_uniform,0.25,4,canonical_minus_cnn,difference,0.06929593998938799
70#1,PC_ON,Mach,dark_ramp_minus_uniform,0.25,8,canonical_minus_cnn,difference,-0.13172059739008546
70#1,PC_ON,Mach,bright_ramp_minus_uniform,0.25,8,canonical_minus_cnn,difference,0.014580710791051388
70#1,PC_ON,Mach,dark_ramp_minus_uniform,0.25,12,canonical_minus_cnn,difference,-0.09750531148165464
70#1,PC_ON,Mach,bright_ramp_minus_uniform,0.25,12,canonical_minus_cnn,difference,0.002760998555459082
70#1,PC_ON,Mach,dark_ramp_minus_uniform,0.25,16,canonical_minus_cnn,difference,-0.07357397978194058
70#1,PC_ON,Mach,bright_ramp_minus_uniform,0.25,16,canonical_minus_cnn,difference,0.0009410539641976357
70#1,PC_ON,Mach,dark_ramp_minus_uniform,0.375,0,canonical_minus_cnn,difference,-0.3234725557267666
70#1,PC_ON,Mach,bright_ramp_minus_uniform,0.375,0,canonical_minus_cnn,difference,0.13453057035803795
70#1,PC_ON,Mach,dark_ramp_minus_uniform,0.375,2,canonical_minus_cnn,difference,-0.29005856812000275
70#1,PC_ON,Mach,bright_ramp_minus_uniform,0.375,2,canonical_minus_cnn,difference,0.16381116956472397
70#1,PC_ON,Mach,dark_ramp_minus_uniform,0.375,4,canonical_minus_cnn,difference,-0.23159638047218323
70#1,PC_ON,Mach,bright_ramp_minus_uniform,0.375,4,canonical_minus_cnn,difference,0.10454657673835754
70#1,PC_ON,Mach,dark_ramp_minus_uniform,0.375,8,canonical_minus_cnn,difference,-0.19282376766204834
70#1,PC_ON,Mach,bright_ramp_minus_uniform,0.375,8,canonical_minus_cnn,difference,0.020987534895539284
70#1,PC_ON,Mach,dark_ramp_minus_uniform,0.375,12,canonical_minus_cnn,difference,-0.14583668299019337
70#1,PC_ON,Mach,bright_ramp_minus_uniform,0.375,12,canonical_minus_cnn,difference,0.0028718470130115747
70#1,PC_ON,Mach,dark_ramp_minus_uniform,0.375,16,canonical_minus_cnn,difference,-0.11012399010360241
70#1,PC_ON,Mach,bright_ramp_minus_uniform,0.375,16,canonical_minus_cnn,difference,0.0006193718872964382
70#1,PC_ON,Mach,dark_ramp_minus_uniform,0.5,0,canonical_minus_cnn,difference,-0.42177722603082657
70#1,PC_ON,Mach,bright_ramp_minus_uniform,0.5,0,canonical_minus_cnn,difference,0.17867131158709526
70#1,PC_ON,Mach,dark_ramp_minus_uniform,0.5,2,canonical_minus_cnn,difference,-0.37929102778434753
70#1,PC_ON,Mach,bright_ramp_minus_uniform,0.5,2,canonical_minus_cnn,difference,0.21538527309894562
70#1,PC_ON,Mach,dark_ramp_minus_uniform,0.5,4,canonical_minus_cnn,difference,-0.3027122709900141
70#1,PC_ON,Mach,bright_ramp_minus_uniform,0.5,4,canonical_minus_cnn,difference,0.14006573893129826
70#1,PC_ON,Mach,dark_ramp_minus_uniform,0.5,8,canonical_minus_cnn,difference,-0.2534405766054988
70#1,PC_ON,Mach,bright_ramp_minus_uniform,0.5,8,canonical_minus_cnn,difference,0.027754226699471474
70#1,PC_ON,Mach,dark_ramp_minus_uniform,0.5,12,canonical_minus_cnn,difference,-0.19404243305325508
70#1,PC_ON,Mach,bright_ramp_minus_uniform,0.5,12,canonical_minus_cnn,difference,0.003393880557268858
70#1,PC_ON,Mach,dark_ramp_minus_uniform,0.5,16,canonical_minus_cnn,difference,-0.1463807402178645
70#1,PC_ON,Mach,bright_ramp_minus_uniform,0.5,16,canonical_minus_cnn,difference,0.0005925176665186882
70#7,PC_ON,SBC,bright_minus_dark,0.0,0,canonical_minus_cnn,difference,0.0
70#7,PC_ON,SBC,bright_minus_dark,0.0,2,canonical_minus_cnn,difference,0.0
70#7,PC_ON,SBC,bright_minus_dark,0.0,4,canonical_minus_cnn,difference,0.0
70#7,PC_ON,SBC,bright_minus_dark,0.0,6,canonical_minus_cnn,difference,0.0
70#7,PC_ON,SBC,bright_minus_dark,0.0,8,canonical_minus_cnn,difference,0.0
70#7,PC_ON,SBC,bright_minus_dark,0.0625,0,canonical_minus_cnn,difference,0.0
70#7,PC_ON,SBC,bright_minus_dark,0.0625,2,canonical_minus_cnn,difference,-0.048257820308208466
70#7,PC_ON,SBC,bright_minus_dark,0.0625,4,canonical_minus_cnn,difference,-0.06557145714759827
70#7,PC_ON,SBC,bright_minus_dark,0.0625,6,canonical_minus_cnn,difference,-0.0419122613966465
70#7,PC_ON,SBC,bright_minus_dark,0.0625,8,canonical_minus_cnn,difference,-0.038577841594815254
70#7,PC_ON,SBC,bright_minus_dark,0.125,0,canonical_minus_cnn,difference,0.0
70#7,PC_ON,SBC,bright_minus_dark,0.125,2,canonical_minus_cnn,difference,-0.09472384303808212
70#7,PC_ON,SBC,bright_minus_dark,0.125,4,canonical_minus_cnn,difference,-0.09813480824232101
70#7,PC_ON,SBC,bright_minus_dark,0.125,6,canonical_minus_cnn,difference,-0.07099972665309906
70#7,PC_ON,SBC,bright_minus_dark,0.125,8,canonical_minus_cnn,difference,-0.06627996824681759
70#7,PC_ON,SBC,bright_minus_dark,0.25,0,canonical_minus_cnn,difference,0.0
70#7,PC_ON,SBC,bright_minus_dark,0.25,2,canonical_minus_cnn,difference,-0.16304565966129303
70#7,PC_ON,SBC,bright_minus_dark,0.25,4,canonical_minus_cnn,difference,-0.16662812232971191
70#7,PC_ON,SBC,bright_minus_dark,0.25,6,canonical_minus_cnn,difference,-0.1273326314985752
70#7,PC_ON,SBC,bright_minus_dark,0.25,8,canonical_minus_cnn,difference,-0.11876964755356312
70#7,PC_ON,SBC,bright_minus_dark,0.375,0,canonical_minus_cnn,difference,0.0
70#7,PC_ON,SBC,bright_minus_dark,0.375,2,canonical_minus_cnn,difference,-0.22606464475393295
70#7,PC_ON,SBC,bright_minus_dark,0.375,4,canonical_minus_cnn,difference,-0.23651673644781113
70#7,PC_ON,SBC,bright_minus_dark,0.375,6,canonical_minus_cnn,difference,-0.18407917022705078
70#7,PC_ON,SBC,bright_minus_dark,0.375,8,canonical_minus_cnn,difference,-0.17154181376099586
70#7,PC_ON,SBC,bright_minus_dark,0.5,0,canonical_minus_cnn,difference,0.0
70#7,PC_ON,SBC,bright_minus_dark,0.5,2,canonical_minus_cnn,difference,-0.2887774407863617
70#7,PC_ON,SBC,bright_minus_dark,0.5,4,canonical_minus_cnn,difference,-0.3076729327440262
70#7,PC_ON,SBC,bright_minus_dark,0.5,6,canonical_minus_cnn,difference,-0.24151436984539032
70#7,PC_ON,SBC,bright_minus_dark,0.5,8,canonical_minus_cnn,difference,-0.22531824186444283
70#7,PC_ON,Mach,dark_ramp_minus_uniform,0.0,0,canonical_minus_cnn,difference,0.0
70#7,PC_ON,Mach,bright_ramp_minus_uniform,0.0,0,canonical_minus_cnn,difference,0.0
70#7,PC_ON,Mach,dark_ramp_minus_uniform,0.0,2,canonical_minus_cnn,difference,0.0
70#7,PC_ON,Mach,bright_ramp_minus_uniform,0.0,2,canonical_minus_cnn,difference,0.0
70#7,PC_ON,Mach,dark_ramp_minus_uniform,0.0,4,canonical_minus_cnn,difference,0.0
70#7,PC_ON,Mach,bright_ramp_minus_uniform,0.0,4,canonical_minus_cnn,difference,0.0
70#7,PC_ON,Mach,dark_ramp_minus_uniform,0.0,8,canonical_minus_cnn,difference,0.0
70#7,PC_ON,Mach,bright_ramp_minus_uniform,0.0,8,canonical_minus_cnn,difference,0.0
70#7,PC_ON,Mach,dark_ramp_minus_uniform,0.0,12,canonical_minus_cnn,difference,0.0
70#7,PC_ON,Mach,bright_ramp_minus_uniform,0.0,12,canonical_minus_cnn,difference,0.0
70#7,PC_ON,Mach,dark_ramp_minus_uniform,0.0,16,canonical_minus_cnn,difference,0.0
70#7,PC_ON,Mach,bright_ramp_minus_uniform,0.0,16,canonical_minus_cnn,difference,0.0
70#7,PC_ON,Mach,dark_ramp_minus_uniform,0.0625,0,canonical_minus_cnn,difference,0.0096702731680125
70#7,PC_ON,Mach,bright_ramp_minus_uniform,0.0625,0,canonical_minus_cnn,difference,-0.0020330031402409077
70#7,PC_ON,Mach,dark_ramp_minus_uniform,0.0625,2,canonical_minus_cnn,difference,0.01496082916855812
70#7,PC_ON,Mach,bright_ramp_minus_uniform,0.0625,2,canonical_minus_cnn,difference,0.009607044979929924
70#7,PC_ON,Mach,dark_ramp_minus_uniform,0.0625,4,canonical_minus_cnn,difference,0.025153240421786904
70#7,PC_ON,Mach,bright_ramp_minus_uniform,0.0625,4,canonical_minus_cnn,difference,-0.011333234841004014
70#7,PC_ON,Mach,dark_ramp_minus_uniform,0.0625,8,canonical_minus_cnn,difference,0.009492810582742095
70#7,PC_ON,Mach,bright_ramp_minus_uniform,0.0625,8,canonical_minus_cnn,difference,-0.019473159103654325
70#7,PC_ON,Mach,dark_ramp_minus_uniform,0.0625,12,canonical_minus_cnn,difference,-0.0006600538772545406
70#7,PC_ON,Mach,bright_ramp_minus_uniform,0.0625,12,canonical_minus_cnn,difference,-0.012251138512510806
70#7,PC_ON,Mach,dark_ramp_minus_uniform,0.0625,16,canonical_minus_cnn,difference,-0.0004966576661900035
70#7,PC_ON,Mach,bright_ramp_minus_uniform,0.0625,16,canonical_minus_cnn,difference,-0.005416909814812243
70#7,PC_ON,Mach,dark_ramp_minus_uniform,0.125,0,canonical_minus_cnn,difference,0.00989740714430809
70#7,PC_ON,Mach,bright_ramp_minus_uniform,0.125,0,canonical_minus_cnn,difference,-0.0022911345586180687
70#7,PC_ON,Mach,dark_ramp_minus_uniform,0.125,2,canonical_minus_cnn,difference,0.016073131002485752
70#7,PC_ON,Mach,bright_ramp_minus_uniform,0.125,2,canonical_minus_cnn,difference,0.011722719529643655
70#7,PC_ON,Mach,dark_ramp_minus_uniform,0.125,4,canonical_minus_cnn,difference,0.033391126431524754
70#7,PC_ON,Mach,bright_ramp_minus_uniform,0.125,4,canonical_minus_cnn,difference,-0.018053985200822353
70#7,PC_ON,Mach,dark_ramp_minus_uniform,0.125,8,canonical_minus_cnn,difference,0.013804968213662505
70#7,PC_ON,Mach,bright_ramp_minus_uniform,0.125,8,canonical_minus_cnn,difference,-0.02506639971397817
70#7,PC_ON,Mach,dark_ramp_minus_uniform,0.125,12,canonical_minus_cnn,difference,-0.0013033866562182084
70#7,PC_ON,Mach,bright_ramp_minus_uniform,0.125,12,canonical_minus_cnn,difference,-0.012549976352602243
70#7,PC_ON,Mach,dark_ramp_minus_uniform,0.125,16,canonical_minus_cnn,difference,-0.0010035912273451686
70#7,PC_ON,Mach,bright_ramp_minus_uniform,0.125,16,canonical_minus_cnn,difference,-0.006762031582184136
70#7,PC_ON,Mach,dark_ramp_minus_uniform,0.25,0,canonical_minus_cnn,difference,0.01062330324202776
70#7,PC_ON,Mach,bright_ramp_minus_uniform,0.25,0,canonical_minus_cnn,difference,-0.0016495175659656525
70#7,PC_ON,Mach,dark_ramp_minus_uniform,0.25,2,canonical_minus_cnn,difference,0.019568022340536118
70#7,PC_ON,Mach,bright_ramp_minus_uniform,0.25,2,canonical_minus_cnn,difference,0.019820749759674072
70#7,PC_ON,Mach,dark_ramp_minus_uniform,0.25,4,canonical_minus_cnn,difference,0.04878191277384758
70#7,PC_ON,Mach,bright_ramp_minus_uniform,0.25,4,canonical_minus_cnn,difference,-0.026609125547111034
70#7,PC_ON,Mach,dark_ramp_minus_uniform,0.25,8,canonical_minus_cnn,difference,0.01961844740435481
70#7,PC_ON,Mach,bright_ramp_minus_uniform,0.25,8,canonical_minus_cnn,difference,-0.036779729183763266
70#7,PC_ON,Mach,dark_ramp_minus_uniform,0.25,12,canonical_minus_cnn,difference,-0.0025818348221946508
70#7,PC_ON,Mach,bright_ramp_minus_uniform,0.25,12,canonical_minus_cnn,difference,-0.01882474822923541
70#7,PC_ON,Mach,dark_ramp_minus_uniform,0.25,16,canonical_minus_cnn,difference,-0.0020060380920767784
70#7,PC_ON,Mach,bright_ramp_minus_uniform,0.25,16,canonical_minus_cnn,difference,-0.01316373748704791
70#7,PC_ON,Mach,dark_ramp_minus_uniform,0.375,0,canonical_minus_cnn,difference,0.011697299778461456
70#7,PC_ON,Mach,bright_ramp_minus_uniform,0.375,0,canonical_minus_cnn,difference,0.0005312263965606689
70#7,PC_ON,Mach,dark_ramp_minus_uniform,0.375,2,canonical_minus_cnn,difference,0.0233482513576746
70#7,PC_ON,Mach,bright_ramp_minus_uniform,0.375,2,canonical_minus_cnn,difference,0.030026876367628574
70#7,PC_ON,Mach,dark_ramp_minus_uniform,0.375,4,canonical_minus_cnn,difference,0.06430279649794102
70#7,PC_ON,Mach,bright_ramp_minus_uniform,0.375,4,canonical_minus_cnn,difference,-0.032721126452088356
70#7,PC_ON,Mach,dark_ramp_minus_uniform,0.375,8,canonical_minus_cnn,difference,0.02342939330264926
70#7,PC_ON,Mach,bright_ramp_minus_uniform,0.375,8,canonical_minus_cnn,difference,-0.04726988356560469
70#7,PC_ON,Mach,dark_ramp_minus_uniform,0.375,12,canonical_minus_cnn,difference,-0.003927246696548536
70#7,PC_ON,Mach,bright_ramp_minus_uniform,0.375,12,canonical_minus_cnn,difference,-0.024565485306084156
70#7,PC_ON,Mach,dark_ramp_minus_uniform,0.375,16,canonical_minus_cnn,difference,-0.0030072848312556744
70#7,PC_ON,Mach,bright_ramp_minus_uniform,0.375,16,canonical_minus_cnn,difference,-0.018093821359798312
70#7,PC_ON,Mach,dark_ramp_minus_uniform,0.5,0,canonical_minus_cnn,difference,0.012736137956380844
70#7,PC_ON,Mach,bright_ramp_minus_uniform,0.5,0,canonical_minus_cnn,difference,0.0034874863922595978
70#7,PC_ON,Mach,dark_ramp_minus_uniform,0.5,2,canonical_minus_cnn,difference,0.02719859406352043
70#7,PC_ON,Mach,bright_ramp_minus_uniform,0.5,2,canonical_minus_cnn,difference,0.04137007985264063
70#7,PC_ON,Mach,dark_ramp_minus_uniform,0.5,4,canonical_minus_cnn,difference,0.0797599945217371
70#7,PC_ON,Mach,bright_ramp_minus_uniform,0.5,4,canonical_minus_cnn,difference,-0.037929343059659004
70#7,PC_ON,Mach,dark_ramp_minus_uniform,0.5,8,canonical_minus_cnn,difference,0.027015439234673977
70#7,PC_ON,Mach,bright_ramp_minus_uniform,0.5,8,canonical_minus_cnn,difference,-0.05704098101705313
70#7,PC_ON,Mach,dark_ramp_minus_uniform,0.5,12,canonical_minus_cnn,difference,-0.005304654438077705
70#7,PC_ON,Mach,bright_ramp_minus_uniform,0.5,12,canonical_minus_cnn,difference,-0.03088623657822609
70#7,PC_ON,Mach,dark_ramp_minus_uniform,0.5,16,canonical_minus_cnn,difference,-0.004007275681942701
70#7,PC_ON,Mach,bright_ramp_minus_uniform,0.5,16,canonical_minus_cnn,difference,-0.022635939996689558
70#15,PC_ON,SBC,bright_minus_dark,0.0,0,canonical_minus_cnn,difference,0.0
70#15,PC_ON,SBC,bright_minus_dark,0.0,2,canonical_minus_cnn,difference,0.0
70#15,PC_ON,SBC,bright_minus_dark,0.0,4,canonical_minus_cnn,difference,0.0
70#15,PC_ON,SBC,bright_minus_dark,0.0,6,canonical_minus_cnn,difference,0.0
70#15,PC_ON,SBC,bright_minus_dark,0.0,8,canonical_minus_cnn,difference,0.0
70#15,PC_ON,SBC,bright_minus_dark,0.0625,0,canonical_minus_cnn,difference,0.0
70#15,PC_ON,SBC,bright_minus_dark,0.0625,2,canonical_minus_cnn,difference,-0.06705043278634548
70#15,PC_ON,SBC,bright_minus_dark,0.0625,4,canonical_minus_cnn,difference,-0.15754286386072636
70#15,PC_ON,SBC,bright_minus_dark,0.0625,6,canonical_minus_cnn,difference,-0.19465474970638752
70#15,PC_ON,SBC,bright_minus_dark,0.0625,8,canonical_minus_cnn,difference,-0.2002115361392498
70#15,PC_ON,SBC,bright_minus_dark,0.125,0,canonical_minus_cnn,difference,0.0
70#15,PC_ON,SBC,bright_minus_dark,0.125,2,canonical_minus_cnn,difference,-0.12159724161028862
70#15,PC_ON,SBC,bright_minus_dark,0.125,4,canonical_minus_cnn,difference,-0.25138287246227264
70#15,PC_ON,SBC,bright_minus_dark,0.125,6,canonical_minus_cnn,difference,-0.3135678358376026
70#15,PC_ON,SBC,bright_minus_dark,0.125,8,canonical_minus_cnn,difference,-0.324818704277277
70#15,PC_ON,SBC,bright_minus_dark,0.25,0,canonical_minus_cnn,difference,0.0
70#15,PC_ON,SBC,bright_minus_dark,0.25,2,canonical_minus_cnn,difference,-0.21351169794797897
70#15,PC_ON,SBC,bright_minus_dark,0.25,4,canonical_minus_cnn,difference,-0.42434610426425934
70#15,PC_ON,SBC,bright_minus_dark,0.25,6,canonical_minus_cnn,difference,-0.5441284701228142
70#15,PC_ON,SBC,bright_minus_dark,0.25,8,canonical_minus_cnn,difference,-0.5668761059641838
70#15,PC_ON,SBC,bright_minus_dark,0.375,0,canonical_minus_cnn,difference,0.0
70#15,PC_ON,SBC,bright_minus_dark,0.375,2,canonical_minus_cnn,difference,-0.30050818622112274
70#15,PC_ON,SBC,bright_minus_dark,0.375,4,canonical_minus_cnn,difference,-0.5933740735054016
70#15,PC_ON,SBC,bright_minus_dark,0.375,6,canonical_minus_cnn,difference,-0.7708491384983063
70#15,PC_ON,SBC,bright_minus_dark,0.375,8,canonical_minus_cnn,difference,-0.8063739389181137
70#15,PC_ON,SBC,bright_minus_dark,0.5,0,canonical_minus_cnn,difference,0.0
70#15,PC_ON,SBC,bright_minus_dark,0.5,2,canonical_minus_cnn,difference,-0.3859436959028244
70#15,PC_ON,SBC,bright_minus_dark,0.5,4,canonical_minus_cnn,difference,-0.7601578682661057
70#15,PC_ON,SBC,bright_minus_dark,0.5,6,canonical_minus_cnn,difference,-0.9951854199171066
70#15,PC_ON,SBC,bright_minus_dark,0.5,8,canonical_minus_cnn,difference,-1.0437117516994476
70#15,PC_ON,Mach,dark_ramp_minus_uniform,0.0,0,canonical_minus_cnn,difference,0.0
70#15,PC_ON,Mach,bright_ramp_minus_uniform,0.0,0,canonical_minus_cnn,difference,0.0
70#15,PC_ON,Mach,dark_ramp_minus_uniform,0.0,2,canonical_minus_cnn,difference,0.0
70#15,PC_ON,Mach,bright_ramp_minus_uniform,0.0,2,canonical_minus_cnn,difference,0.0
70#15,PC_ON,Mach,dark_ramp_minus_uniform,0.0,4,canonical_minus_cnn,difference,0.0
70#15,PC_ON,Mach,bright_ramp_minus_uniform,0.0,4,canonical_minus_cnn,difference,0.0
70#15,PC_ON,Mach,dark_ramp_minus_uniform,0.0,8,canonical_minus_cnn,difference,0.0
70#15,PC_ON,Mach,bright_ramp_minus_uniform,0.0,8,canonical_minus_cnn,difference,0.0
70#15,PC_ON,Mach,dark_ramp_minus_uniform,0.0,12,canonical_minus_cnn,difference,0.0
70#15,PC_ON,Mach,bright_ramp_minus_uniform,0.0,12,canonical_minus_cnn,difference,0.0
70#15,PC_ON,Mach,dark_ramp_minus_uniform,0.0,16,canonical_minus_cnn,difference,0.0
70#15,PC_ON,Mach,bright_ramp_minus_uniform,0.0,16,canonical_minus_cnn,difference,0.0
70#15,PC_ON,Mach,dark_ramp_minus_uniform,0.0625,0,canonical_minus_cnn,difference,-0.03014508867636323
70#15,PC_ON,Mach,bright_ramp_minus_uniform,0.0625,0,canonical_minus_cnn,difference,0.12384010385721922
70#15,PC_ON,Mach,dark_ramp_minus_uniform,0.0625,2,canonical_minus_cnn,difference,-0.026310842018574476
70#15,PC_ON,Mach,bright_ramp_minus_uniform,0.0625,2,canonical_minus_cnn,difference,0.1352828531526029
70#15,PC_ON,Mach,dark_ramp_minus_uniform,0.0625,4,canonical_minus_cnn,difference,-0.019174742279574275
70#15,PC_ON,Mach,bright_ramp_minus_uniform,0.0625,4,canonical_minus_cnn,difference,0.10424451786093414
70#15,PC_ON,Mach,dark_ramp_minus_uniform,0.0625,8,canonical_minus_cnn,difference,-0.013881651335395873
70#15,PC_ON,Mach,bright_ramp_minus_uniform,0.0625,8,canonical_minus_cnn,difference,0.05098062532488257
70#15,PC_ON,Mach,dark_ramp_minus_uniform,0.0625,12,canonical_minus_cnn,difference,-0.009836387762334198
70#15,PC_ON,Mach,bright_ramp_minus_uniform,0.0625,12,canonical_minus_cnn,difference,0.0235392571776174
70#15,PC_ON,Mach,dark_ramp_minus_uniform,0.0625,16,canonical_minus_cnn,difference,-0.0073922950541600585
70#15,PC_ON,Mach,bright_ramp_minus_uniform,0.0625,16,canonical_minus_cnn,difference,0.011861347942613065
70#15,PC_ON,Mach,dark_ramp_minus_uniform,0.125,0,canonical_minus_cnn,difference,-0.054363288916647434
70#15,PC_ON,Mach,bright_ramp_minus_uniform,0.125,0,canonical_minus_cnn,difference,0.1940840920433402
70#15,PC_ON,Mach,dark_ramp_minus_uniform,0.125,2,canonical_minus_cnn,difference,-0.04777801688760519
70#15,PC_ON,Mach,bright_ramp_minus_uniform,0.125,2,canonical_minus_cnn,difference,0.20910588093101978
70#15,PC_ON,Mach,dark_ramp_minus_uniform,0.125,4,canonical_minus_cnn,difference,-0.034157912246882915
70#15,PC_ON,Mach,bright_ramp_minus_uniform,0.125,4,canonical_minus_cnn,difference,0.1580867082811892
70#15,PC_ON,Mach,dark_ramp_minus_uniform,0.125,8,canonical_minus_cnn,difference,-0.028206046437844634
70#15,PC_ON,Mach,bright_ramp_minus_uniform,0.125,8,canonical_minus_cnn,difference,0.06784062692895532
70#15,PC_ON,Mach,dark_ramp_minus_uniform,0.125,12,canonical_minus_cnn,difference,-0.01943788502831012
70#15,PC_ON,Mach,bright_ramp_minus_uniform,0.125,12,canonical_minus_cnn,difference,0.022878512041643262
70#15,PC_ON,Mach,dark_ramp_minus_uniform,0.125,16,canonical_minus_cnn,difference,-0.014531294931657612
70#15,PC_ON,Mach,bright_ramp_minus_uniform,0.125,16,canonical_minus_cnn,difference,0.010586993303149939
70#15,PC_ON,Mach,dark_ramp_minus_uniform,0.25,0,canonical_minus_cnn,difference,-0.10298056900501251
70#15,PC_ON,Mach,bright_ramp_minus_uniform,0.25,0,canonical_minus_cnn,difference,0.32908823154866695
70#15,PC_ON,Mach,dark_ramp_minus_uniform,0.25,2,canonical_minus_cnn,difference,-0.09063194133341312
70#15,PC_ON,Mach,bright_ramp_minus_uniform,0.25,2,canonical_minus_cnn,difference,0.35136876441538334
70#15,PC_ON,Mach,dark_ramp_minus_uniform,0.25,4,canonical_minus_cnn,difference,-0.06460927333682775
70#15,PC_ON,Mach,bright_ramp_minus_uniform,0.25,4,canonical_minus_cnn,difference,0.2627822970971465
70#15,PC_ON,Mach,dark_ramp_minus_uniform,0.25,8,canonical_minus_cnn,difference,-0.05547142680734396
70#15,PC_ON,Mach,bright_ramp_minus_uniform,0.25,8,canonical_minus_cnn,difference,0.10021244781091809
70#15,PC_ON,Mach,dark_ramp_minus_uniform,0.25,12,canonical_minus_cnn,difference,-0.03870740090496838
70#15,PC_ON,Mach,bright_ramp_minus_uniform,0.25,12,canonical_minus_cnn,difference,0.029869572026655078
70#15,PC_ON,Mach,dark_ramp_minus_uniform,0.25,16,canonical_minus_cnn,difference,-0.02891838480718434
70#15,PC_ON,Mach,bright_ramp_minus_uniform,0.25,16,canonical_minus_cnn,difference,0.016125480411574244
70#15,PC_ON,Mach,dark_ramp_minus_uniform,0.375,0,canonical_minus_cnn,difference,-0.15184809267520905
70#15,PC_ON,Mach,bright_ramp_minus_uniform,0.375,0,canonical_minus_cnn,difference,0.4615434296429157
70#15,PC_ON,Mach,dark_ramp_minus_uniform,0.375,2,canonical_minus_cnn,difference,-0.13364672660827637
70#15,PC_ON,Mach,bright_ramp_minus_uniform,0.375,2,canonical_minus_cnn,difference,0.49171359091997147
70#15,PC_ON,Mach,dark_ramp_minus_uniform,0.375,4,canonical_minus_cnn,difference,-0.09515275247395039
70#15,PC_ON,Mach,bright_ramp_minus_uniform,0.375,4,canonical_minus_cnn,difference,0.36674997210502625
70#15,PC_ON,Mach,dark_ramp_minus_uniform,0.375,8,canonical_minus_cnn,difference,-0.08200957253575325
70#15,PC_ON,Mach,bright_ramp_minus_uniform,0.375,8,canonical_minus_cnn,difference,0.13229017052799463
70#15,PC_ON,Mach,dark_ramp_minus_uniform,0.375,12,canonical_minus_cnn,difference,-0.0579250636510551
70#15,PC_ON,Mach,bright_ramp_minus_uniform,0.375,12,canonical_minus_cnn,difference,0.03697615582495928
70#15,PC_ON,Mach,dark_ramp_minus_uniform,0.375,16,canonical_minus_cnn,difference,-0.04330533975735307
70#15,PC_ON,Mach,bright_ramp_minus_uniform,0.375,16,canonical_minus_cnn,difference,0.021792284213006496
70#15,PC_ON,Mach,dark_ramp_minus_uniform,0.5,0,canonical_minus_cnn,difference,-0.2004116326570511
70#15,PC_ON,Mach,bright_ramp_minus_uniform,0.5,0,canonical_minus_cnn,difference,0.5908574052155018
70#15,PC_ON,Mach,dark_ramp_minus_uniform,0.5,2,canonical_minus_cnn,difference,-0.17648350447416306
70#15,PC_ON,Mach,bright_ramp_minus_uniform,0.5,2,canonical_minus_cnn,difference,0.6292296797037125
70#15,PC_ON,Mach,dark_ramp_minus_uniform,0.5,4,canonical_minus_cnn,difference,-0.12531715631484985
70#15,PC_ON,Mach,bright_ramp_minus_uniform,0.5,4,canonical_minus_cnn,difference,0.468057407066226
70#15,PC_ON,Mach,dark_ramp_minus_uniform,0.5,8,canonical_minus_cnn,difference,-0.10810526367276907
70#15,PC_ON,Mach,bright_ramp_minus_uniform,0.5,8,canonical_minus_cnn,difference,0.16290554404258728
70#15,PC_ON,Mach,dark_ramp_minus_uniform,0.5,12,canonical_minus_cnn,difference,-0.07707953220233321
70#15,PC_ON,Mach,bright_ramp_minus_uniform,0.5,12,canonical_minus_cnn,difference,0.043042032048106194
70#15,PC_ON,Mach,dark_ramp_minus_uniform,0.5,16,canonical_minus_cnn,difference,-0.05767733324319124
70#15,PC_ON,Mach,bright_ramp_minus_uniform,0.5,16,canonical_minus_cnn,difference,0.02597808837890625
70#34,MC_ON,SBC,bright_minus_dark,0.0,0,canonical_minus_cnn,difference,0.0
70#34,MC_ON,SBC,bright_minus_dark,0.0,2,canonical_minus_cnn,difference,0.0
70#34,MC_ON,SBC,bright_minus_dark,0.0,4,canonical_minus_cnn,difference,0.0
70#34,MC_ON,SBC,bright_minus_dark,0.0,6,canonical_minus_cnn,difference,0.0
70#34,MC_ON,SBC,bright_minus_dark,0.0,8,canonical_minus_cnn,difference,0.0
70#34,MC_ON,SBC,bright_minus_dark,0.0625,0,canonical_minus_cnn,difference,0.0
70#34,MC_ON,SBC,bright_minus_dark,0.0625,2,canonical_minus_cnn,difference,-0.23135623708367348
70#34,MC_ON,SBC,bright_minus_dark,0.0625,4,canonical_minus_cnn,difference,-0.45170076936483383
70#34,MC_ON,SBC,bright_minus_dark,0.0625,6,canonical_minus_cnn,difference,-0.3954804986715317
70#34,MC_ON,SBC,bright_minus_dark,0.0625,8,canonical_minus_cnn,difference,-0.3580101914703846
70#34,MC_ON,SBC,bright_minus_dark,0.125,0,canonical_minus_cnn,difference,0.0
70#34,MC_ON,SBC,bright_minus_dark,0.125,2,canonical_minus_cnn,difference,-0.42609743028879166
70#34,MC_ON,SBC,bright_minus_dark,0.125,4,canonical_minus_cnn,difference,-0.6954677700996399
70#34,MC_ON,SBC,bright_minus_dark,0.125,6,canonical_minus_cnn,difference,-0.6272909492254257
70#34,MC_ON,SBC,bright_minus_dark,0.125,8,canonical_minus_cnn,difference,-0.5917452573776245
70#34,MC_ON,SBC,bright_minus_dark,0.25,0,canonical_minus_cnn,difference,0.0
70#34,MC_ON,SBC,bright_minus_dark,0.25,2,canonical_minus_cnn,difference,-0.7163310796022415
70#34,MC_ON,SBC,bright_minus_dark,0.25,4,canonical_minus_cnn,difference,-1.090936154127121
70#34,MC_ON,SBC,bright_minus_dark,0.25,6,canonical_minus_cnn,difference,-1.049848422408104
70#34,MC_ON,SBC,bright_minus_dark,0.25,8,canonical_minus_cnn,difference,-0.9885072112083435
70#34,MC_ON,SBC,bright_minus_dark,0.375,0,canonical_minus_cnn,difference,0.0
70#34,MC_ON,SBC,bright_minus_dark,0.375,2,canonical_minus_cnn,difference,-0.957432895898819
70#34,MC_ON,SBC,bright_minus_dark,0.375,4,canonical_minus_cnn,difference,-1.483998328447342
70#34,MC_ON,SBC,bright_minus_dark,0.375,6,canonical_minus_cnn,difference,-1.4657285809516907
70#34,MC_ON,SBC,bright_minus_dark,0.375,8,canonical_minus_cnn,difference,-1.3707544952630997
70#34,MC_ON,SBC,bright_minus_dark,0.5,0,canonical_minus_cnn,difference,0.0
70#34,MC_ON,SBC,bright_minus_dark,0.5,2,canonical_minus_cnn,difference,-1.1834998428821564
70#34,MC_ON,SBC,bright_minus_dark,0.5,4,canonical_minus_cnn,difference,-1.877240240573883
70#34,MC_ON,SBC,bright_minus_dark,0.5,6,canonical_minus_cnn,difference,-1.8784167766571045
70#34,MC_ON,SBC,bright_minus_dark,0.5,8,canonical_minus_cnn,difference,-1.7474678456783295
70#34,MC_ON,Mach,dark_ramp_minus_uniform,0.0,0,canonical_minus_cnn,difference,0.0
70#34,MC_ON,Mach,bright_ramp_minus_uniform,0.0,0,canonical_minus_cnn,difference,0.0
70#34,MC_ON,Mach,dark_ramp_minus_uniform,0.0,2,canonical_minus_cnn,difference,0.0
70#34,MC_ON,Mach,bright_ramp_minus_uniform,0.0,2,canonical_minus_cnn,difference,0.0
70#34,MC_ON,Mach,dark_ramp_minus_uniform,0.0,4,canonical_minus_cnn,difference,0.0
70#34,MC_ON,Mach,bright_ramp_minus_uniform,0.0,4,canonical_minus_cnn,difference,0.0
70#34,MC_ON,Mach,dark_ramp_minus_uniform,0.0,8,canonical_minus_cnn,difference,0.0
70#34,MC_ON,Mach,bright_ramp_minus_uniform,0.0,8,canonical_minus_cnn,difference,0.0
70#34,MC_ON,Mach,dark_ramp_minus_uniform,0.0,12,canonical_minus_cnn,difference,0.0
70#34,MC_ON,Mach,bright_ramp_minus_uniform,0.0,12,canonical_minus_cnn,difference,0.0
70#34,MC_ON,Mach,dark_ramp_minus_uniform,0.0,16,canonical_minus_cnn,difference,0.0
70#34,MC_ON,Mach,bright_ramp_minus_uniform,0.0,16,canonical_minus_cnn,difference,0.0
70#34,MC_ON,Mach,dark_ramp_minus_uniform,0.0625,0,canonical_minus_cnn,difference,-0.0644477610476315
70#34,MC_ON,Mach,bright_ramp_minus_uniform,0.0625,0,canonical_minus_cnn,difference,0.10720611270517111
70#34,MC_ON,Mach,dark_ramp_minus_uniform,0.0625,2,canonical_minus_cnn,difference,-0.03477186313830316
70#34,MC_ON,Mach,bright_ramp_minus_uniform,0.0625,2,canonical_minus_cnn,difference,0.15188701055012643
70#34,MC_ON,Mach,dark_ramp_minus_uniform,0.0625,4,canonical_minus_cnn,difference,0.015218034735880792
70#34,MC_ON,Mach,bright_ramp_minus_uniform,0.0625,4,canonical_minus_cnn,difference,0.04864510672632605
70#34,MC_ON,Mach,dark_ramp_minus_uniform,0.0625,8,canonical_minus_cnn,difference,0.016786534717539325
70#34,MC_ON,Mach,bright_ramp_minus_uniform,0.0625,8,canonical_minus_cnn,difference,-0.009846265806118026
70#34,MC_ON,Mach,dark_ramp_minus_uniform,0.0625,12,canonical_minus_cnn,difference,0.008924214300350286
70#34,MC_ON,Mach,bright_ramp_minus_uniform,0.0625,12,canonical_minus_cnn,difference,-0.007053685068967752
70#34,MC_ON,Mach,dark_ramp_minus_uniform,0.0625,16,canonical_minus_cnn,difference,0.0056259713164763525
70#34,MC_ON,Mach,bright_ramp_minus_uniform,0.0625,16,canonical_minus_cnn,difference,-0.0042111316724913195
70#34,MC_ON,Mach,dark_ramp_minus_uniform,0.125,0,canonical_minus_cnn,difference,-0.14332615304738283
70#34,MC_ON,Mach,bright_ramp_minus_uniform,0.125,0,canonical_minus_cnn,difference,0.13030941225588322
70#34,MC_ON,Mach,dark_ramp_minus_uniform,0.125,2,canonical_minus_cnn,difference,-0.09637200878933072
70#34,MC_ON,Mach,bright_ramp_minus_uniform,0.125,2,canonical_minus_cnn,difference,0.19204958574846387
70#34,MC_ON,Mach,dark_ramp_minus_uniform,0.125,4,canonical_minus_cnn,difference,0.00033271312713623047
70#34,MC_ON,Mach,bright_ramp_minus_uniform,0.125,4,canonical_minus_cnn,difference,0.021590152755379677
70#34,MC_ON,Mach,dark_ramp_minus_uniform,0.125,8,canonical_minus_cnn,difference,0.02632286585867405
70#34,MC_ON,Mach,bright_ramp_minus_uniform,0.125,8,canonical_minus_cnn,difference,-0.05938132107257843
70#34,MC_ON,Mach,dark_ramp_minus_uniform,0.125,12,canonical_minus_cnn,difference,0.011000514408806339
70#34,MC_ON,Mach,bright_ramp_minus_uniform,0.125,12,canonical_minus_cnn,difference,-0.032096138602355495
70#34,MC_ON,Mach,dark_ramp_minus_uniform,0.125,16,canonical_minus_cnn,difference,0.007151873724069446
70#34,MC_ON,Mach,bright_ramp_minus_uniform,0.125,16,canonical_minus_cnn,difference,-0.015384967380668968
70#34,MC_ON,Mach,dark_ramp_minus_uniform,0.25,0,canonical_minus_cnn,difference,-0.28785604052245617
70#34,MC_ON,Mach,bright_ramp_minus_uniform,0.25,0,canonical_minus_cnn,difference,0.1795932538807392
70#34,MC_ON,Mach,dark_ramp_minus_uniform,0.25,2,canonical_minus_cnn,difference,-0.21252710511907935
70#34,MC_ON,Mach,bright_ramp_minus_uniform,0.25,2,canonical_minus_cnn,difference,0.27333217253908515
70#34,MC_ON,Mach,dark_ramp_minus_uniform,0.25,4,canonical_minus_cnn,difference,-0.04378806799650192
70#34,MC_ON,Mach,bright_ramp_minus_uniform,0.25,4,canonical_minus_cnn,difference,-0.0033168713562190533
70#34,MC_ON,Mach,dark_ramp_minus_uniform,0.25,8,canonical_minus_cnn,difference,0.04152736614923924
70#34,MC_ON,Mach,bright_ramp_minus_uniform,0.25,8,canonical_minus_cnn,difference,-0.110208002733998
70#34,MC_ON,Mach,dark_ramp_minus_uniform,0.25,12,canonical_minus_cnn,difference,0.02179309551138431
70#34,MC_ON,Mach,bright_ramp_minus_uniform,0.25,12,canonical_minus_cnn,difference,-0.03751434956211597
70#34,MC_ON,Mach,dark_ramp_minus_uniform,0.25,16,canonical_minus_cnn,difference,0.01499988290015608
70#34,MC_ON,Mach,bright_ramp_minus_uniform,0.25,16,canonical_minus_cnn,difference,-0.010377574362792075
70#34,MC_ON,Mach,dark_ramp_minus_uniform,0.375,0,canonical_minus_cnn,difference,-0.42539962381124496
70#34,MC_ON,Mach,bright_ramp_minus_uniform,0.375,0,canonical_minus_cnn,difference,0.232051569968462
70#34,MC_ON,Mach,dark_ramp_minus_uniform,0.375,2,canonical_minus_cnn,difference,-0.32331626024097204
70#34,MC_ON,Mach,bright_ramp_minus_uniform,0.375,2,canonical_minus_cnn,difference,0.35321988072246313
70#34,MC_ON,Mach,dark_ramp_minus_uniform,0.375,4,canonical_minus_cnn,difference,-0.08493272215127945
70#34,MC_ON,Mach,bright_ramp_minus_uniform,0.375,4,canonical_minus_cnn,difference,-0.022130589466542006
70#34,MC_ON,Mach,dark_ramp_minus_uniform,0.375,8,canonical_minus_cnn,difference,0.055708311730995774
70#34,MC_ON,Mach,bright_ramp_minus_uniform,0.375,8,canonical_minus_cnn,difference,-0.15070332982577384
70#34,MC_ON,Mach,dark_ramp_minus_uniform,0.375,12,canonical_minus_cnn,difference,0.035052441293373704
70#34,MC_ON,Mach,bright_ramp_minus_uniform,0.375,12,canonical_minus_cnn,difference,-0.04430545517243445
70#34,MC_ON,Mach,dark_ramp_minus_uniform,0.375,16,canonical_minus_cnn,difference,0.0254444353049621
70#34,MC_ON,Mach,bright_ramp_minus_uniform,0.375,16,canonical_minus_cnn,difference,-0.016129542025737464
70#34,MC_ON,Mach,dark_ramp_minus_uniform,0.5,0,canonical_minus_cnn,difference,-0.556596752256155
70#34,MC_ON,Mach,bright_ramp_minus_uniform,0.5,0,canonical_minus_cnn,difference,0.2916908785700798
70#34,MC_ON,Mach,dark_ramp_minus_uniform,0.5,2,canonical_minus_cnn,difference,-0.43009902630001307
70#34,MC_ON,Mach,bright_ramp_minus_uniform,0.5,2,canonical_minus_cnn,difference,0.4373909179121256
70#34,MC_ON,Mach,dark_ramp_minus_uniform,0.5,4,canonical_minus_cnn,difference,-0.1257905438542366
70#34,MC_ON,Mach,bright_ramp_minus_uniform,0.5,4,canonical_minus_cnn,difference,-0.032921175472438335
70#34,MC_ON,Mach,dark_ramp_minus_uniform,0.5,8,canonical_minus_cnn,difference,0.07108939648605883
70#34,MC_ON,Mach,bright_ramp_minus_uniform,0.5,8,canonical_minus_cnn,difference,-0.1846964529249817
70#34,MC_ON,Mach,dark_ramp_minus_uniform,0.5,12,canonical_minus_cnn,difference,0.050843264209106565
70#34,MC_ON,Mach,bright_ramp_minus_uniform,0.5,12,canonical_minus_cnn,difference,-0.0488864176440984
70#34,MC_ON,Mach,dark_ramp_minus_uniform,0.5,16,canonical_minus_cnn,difference,0.038472111569717526
70#34,MC_ON,Mach,bright_ramp_minus_uniform,0.5,16,canonical_minus_cnn,difference,-0.019294432015158236
67#4,PC_OFF,SBC,bright_minus_dark,0.0,0,cnn_minus_ln,difference,0.0
67#4,PC_OFF,SBC,bright_minus_dark,0.0,2,cnn_minus_ln,difference,0.0
67#4,PC_OFF,SBC,bright_minus_dark,0.0,4,cnn_minus_ln,difference,0.0
67#4,PC_OFF,SBC,bright_minus_dark,0.0,6,cnn_minus_ln,difference,0.0
67#4,PC_OFF,SBC,bright_minus_dark,0.0,8,cnn_minus_ln,difference,0.0
67#4,PC_OFF,SBC,bright_minus_dark,0.0625,0,cnn_minus_ln,difference,0.0
67#4,PC_OFF,SBC,bright_minus_dark,0.0625,2,cnn_minus_ln,difference,-0.016447490081191063
67#4,PC_OFF,SBC,bright_minus_dark,0.0625,4,cnn_minus_ln,difference,-0.052817557007074356
67#4,PC_OFF,SBC,bright_minus_dark,0.0625,6,cnn_minus_ln,difference,-0.06503429263830185
67#4,PC_OFF,SBC,bright_minus_dark,0.0625,8,cnn_minus_ln,difference,-0.06480400264263153
67#4,PC_OFF,SBC,bright_minus_dark,0.125,0,cnn_minus_ln,difference,0.0
67#4,PC_OFF,SBC,bright_minus_dark,0.125,2,cnn_minus_ln,difference,-0.024878591299057007
67#4,PC_OFF,SBC,bright_minus_dark,0.125,4,cnn_minus_ln,difference,-0.05504240840673447
67#4,PC_OFF,SBC,bright_minus_dark,0.125,6,cnn_minus_ln,difference,-0.050373420119285583
67#4,PC_OFF,SBC,bright_minus_dark,0.125,8,cnn_minus_ln,difference,-0.04719644784927368
67#4,PC_OFF,SBC,bright_minus_dark,0.25,0,cnn_minus_ln,difference,0.0
67#4,PC_OFF,SBC,bright_minus_dark,0.25,2,cnn_minus_ln,difference,-0.026637859642505646
67#4,PC_OFF,SBC,bright_minus_dark,0.25,4,cnn_minus_ln,difference,-0.026779040694236755
67#4,PC_OFF,SBC,bright_minus_dark,0.25,6,cnn_minus_ln,difference,-0.011704057455062866
67#4,PC_OFF,SBC,bright_minus_dark,0.25,8,cnn_minus_ln,difference,-0.005134463310241699
67#4,PC_OFF,SBC,bright_minus_dark,0.375,0,cnn_minus_ln,difference,0.0
67#4,PC_OFF,SBC,bright_minus_dark,0.375,2,cnn_minus_ln,difference,-0.01940847933292389
67#4,PC_OFF,SBC,bright_minus_dark,0.375,4,cnn_minus_ln,difference,0.0055345892906188965
67#4,PC_OFF,SBC,bright_minus_dark,0.375,6,cnn_minus_ln,difference,0.027933776378631592
67#4,PC_OFF,SBC,bright_minus_dark,0.375,8,cnn_minus_ln,difference,0.037925779819488525
67#4,PC_OFF,SBC,bright_minus_dark,0.5,0,cnn_minus_ln,difference,0.0
67#4,PC_OFF,SBC,bright_minus_dark,0.5,2,cnn_minus_ln,difference,-0.009770944714546204
67#4,PC_OFF,SBC,bright_minus_dark,0.5,4,cnn_minus_ln,difference,0.03816983103752136
67#4,PC_OFF,SBC,bright_minus_dark,0.5,6,cnn_minus_ln,difference,0.06877505779266357
67#4,PC_OFF,SBC,bright_minus_dark,0.5,8,cnn_minus_ln,difference,0.08429324626922607
67#4,PC_OFF,Mach,dark_ramp_minus_uniform,0.0,0,cnn_minus_ln,difference,0.0
67#4,PC_OFF,Mach,bright_ramp_minus_uniform,0.0,0,cnn_minus_ln,difference,0.0
67#4,PC_OFF,Mach,dark_ramp_minus_uniform,0.0,2,cnn_minus_ln,difference,0.0
67#4,PC_OFF,Mach,bright_ramp_minus_uniform,0.0,2,cnn_minus_ln,difference,0.0
67#4,PC_OFF,Mach,dark_ramp_minus_uniform,0.0,4,cnn_minus_ln,difference,0.0
67#4,PC_OFF,Mach,bright_ramp_minus_uniform,0.0,4,cnn_minus_ln,difference,0.0
67#4,PC_OFF,Mach,dark_ramp_minus_uniform,0.0,8,cnn_minus_ln,difference,0.0
67#4,PC_OFF,Mach,bright_ramp_minus_uniform,0.0,8,cnn_minus_ln,difference,0.0
67#4,PC_OFF,Mach,dark_ramp_minus_uniform,0.0,12,cnn_minus_ln,difference,0.0
67#4,PC_OFF,Mach,bright_ramp_minus_uniform,0.0,12,cnn_minus_ln,difference,0.0
67#4,PC_OFF,Mach,dark_ramp_minus_uniform,0.0,16,cnn_minus_ln,difference,0.0
67#4,PC_OFF,Mach,bright_ramp_minus_uniform,0.0,16,cnn_minus_ln,difference,0.0
67#4,PC_OFF,Mach,dark_ramp_minus_uniform,0.0625,0,cnn_minus_ln,difference,-0.04240739345550537
67#4,PC_OFF,Mach,bright_ramp_minus_uniform,0.0625,0,cnn_minus_ln,difference,0.014510490000247955
67#4,PC_OFF,Mach,dark_ramp_minus_uniform,0.0625,2,cnn_minus_ln,difference,-0.04066303372383118
67#4,PC_OFF,Mach,bright_ramp_minus_uniform,0.0625,2,cnn_minus_ln,difference,0.014983680099248886
67#4,PC_OFF,Mach,dark_ramp_minus_uniform,0.0625,4,cnn_minus_ln,difference,-0.036070987582206726
67#4,PC_OFF,Mach,bright_ramp_minus_uniform,0.0625,4,cnn_minus_ln,difference,0.008421008475124836
67#4,PC_OFF,Mach,dark_ramp_minus_uniform,0.0625,8,cnn_minus_ln,difference,-0.020557105541229248
67#4,PC_OFF,Mach,bright_ramp_minus_uniform,0.0625,8,cnn_minus_ln,difference,0.0022353725507855415
67#4,PC_OFF,Mach,dark_ramp_minus_uniform,0.0625,12,cnn_minus_ln,difference,-0.010208476334810257
67#4,PC_OFF,Mach,bright_ramp_minus_uniform,0.0625,12,cnn_minus_ln,difference,0.000716193113476038
67#4,PC_OFF,Mach,dark_ramp_minus_uniform,0.0625,16,cnn_minus_ln,difference,-0.005466187372803688
67#4,PC_OFF,Mach,bright_ramp_minus_uniform,0.0625,16,cnn_minus_ln,difference,0.0003557284362614155
67#4,PC_OFF,Mach,dark_ramp_minus_uniform,0.125,0,cnn_minus_ln,difference,-0.026468098163604736
67#4,PC_OFF,Mach,bright_ramp_minus_uniform,0.125,0,cnn_minus_ln,difference,0.008673176169395447
67#4,PC_OFF,Mach,dark_ramp_minus_uniform,0.125,2,cnn_minus_ln,difference,-0.02529864013195038
67#4,PC_OFF,Mach,bright_ramp_minus_uniform,0.125,2,cnn_minus_ln,difference,0.006139397621154785
67#4,PC_OFF,Mach,dark_ramp_minus_uniform,0.125,4,cnn_minus_ln,difference,-0.025719016790390015
67#4,PC_OFF,Mach,bright_ramp_minus_uniform,0.125,4,cnn_minus_ln,difference,0.001736203208565712
67#4,PC_OFF,Mach,dark_ramp_minus_uniform,0.125,8,cnn_minus_ln,difference,-0.010985370725393295
67#4,PC_OFF,Mach,bright_ramp_minus_uniform,0.125,8,cnn_minus_ln,difference,0.002073081210255623
67#4,PC_OFF,Mach,dark_ramp_minus_uniform,0.125,12,cnn_minus_ln,difference,0.0036438070237636566
67#4,PC_OFF,Mach,bright_ramp_minus_uniform,0.125,12,cnn_minus_ln,difference,0.0009125946089625359
67#4,PC_OFF,Mach,dark_ramp_minus_uniform,0.125,16,cnn_minus_ln,difference,0.007595311850309372
67#4,PC_OFF,Mach,bright_ramp_minus_uniform,0.125,16,cnn_minus_ln,difference,0.0007885536178946495
67#4,PC_OFF,Mach,dark_ramp_minus_uniform,0.25,0,cnn_minus_ln,difference,0.011082783341407776
67#4,PC_OFF,Mach,bright_ramp_minus_uniform,0.25,0,cnn_minus_ln,difference,-0.005311541259288788
67#4,PC_OFF,Mach,dark_ramp_minus_uniform,0.25,2,cnn_minus_ln,difference,0.0036271512508392334
67#4,PC_OFF,Mach,bright_ramp_minus_uniform,0.25,2,cnn_minus_ln,difference,-0.01085500419139862
67#4,PC_OFF,Mach,dark_ramp_minus_uniform,0.25,4,cnn_minus_ln,difference,-0.009037807583808899
67#4,PC_OFF,Mach,bright_ramp_minus_uniform,0.25,4,cnn_minus_ln,difference,-0.015783779323101044
67#4,PC_OFF,Mach,dark_ramp_minus_uniform,0.25,8,cnn_minus_ln,difference,0.0060241371393203735
67#4,PC_OFF,Mach,bright_ramp_minus_uniform,0.25,8,cnn_minus_ln,difference,-9.990483522415161e-05
67#4,PC_OFF,Mach,dark_ramp_minus_uniform,0.25,12,cnn_minus_ln,difference,0.02343057096004486
67#4,PC_OFF,Mach,bright_ramp_minus_uniform,0.25,12,cnn_minus_ln,difference,0.0008759740740060806
67#4,PC_OFF,Mach,dark_ramp_minus_uniform,0.25,16,cnn_minus_ln,difference,0.020246120169758797
67#4,PC_OFF,Mach,bright_ramp_minus_uniform,0.25,16,cnn_minus_ln,difference,0.001167837530374527
67#4,PC_OFF,Mach,dark_ramp_minus_uniform,0.375,0,cnn_minus_ln,difference,0.04848223924636841
67#4,PC_OFF,Mach,bright_ramp_minus_uniform,0.375,0,cnn_minus_ln,difference,-0.018572531640529633
67#4,PC_OFF,Mach,dark_ramp_minus_uniform,0.375,2,cnn_minus_ln,difference,0.03394371271133423
67#4,PC_OFF,Mach,bright_ramp_minus_uniform,0.375,2,cnn_minus_ln,difference,-0.026621177792549133
67#4,PC_OFF,Mach,dark_ramp_minus_uniform,0.375,4,cnn_minus_ln,difference,0.008182913064956665
67#4,PC_OFF,Mach,bright_ramp_minus_uniform,0.375,4,cnn_minus_ln,difference,-0.03382356837391853
67#4,PC_OFF,Mach,dark_ramp_minus_uniform,0.375,8,cnn_minus_ln,difference,0.0231533944606781
67#4,PC_OFF,Mach,bright_ramp_minus_uniform,0.375,8,cnn_minus_ln,difference,-0.003523588180541992
67#4,PC_OFF,Mach,dark_ramp_minus_uniform,0.375,12,cnn_minus_ln,difference,0.03950809687376022
67#4,PC_OFF,Mach,bright_ramp_minus_uniform,0.375,12,cnn_minus_ln,difference,0.0013289451599121094
67#4,PC_OFF,Mach,dark_ramp_minus_uniform,0.375,16,cnn_minus_ln,difference,0.03200763836503029
67#4,PC_OFF,Mach,bright_ramp_minus_uniform,0.375,16,cnn_minus_ln,difference,0.0018208250403404236
67#4,PC_OFF,Mach,dark_ramp_minus_uniform,0.5,0,cnn_minus_ln,difference,0.08712095022201538
67#4,PC_OFF,Mach,bright_ramp_minus_uniform,0.5,0,cnn_minus_ln,difference,-0.03300350159406662
67#4,PC_OFF,Mach,dark_ramp_minus_uniform,0.5,2,cnn_minus_ln,difference,0.06638738512992859
67#4,PC_OFF,Mach,bright_ramp_minus_uniform,0.5,2,cnn_minus_ln,difference,-0.04337821900844574
67#4,PC_OFF,Mach,dark_ramp_minus_uniform,0.5,4,cnn_minus_ln,difference,0.027334272861480713
67#4,PC_OFF,Mach,bright_ramp_minus_uniform,0.5,4,cnn_minus_ln,difference,-0.05207612365484238
67#4,PC_OFF,Mach,dark_ramp_minus_uniform,0.5,8,cnn_minus_ln,difference,0.04056480526924133
67#4,PC_OFF,Mach,bright_ramp_minus_uniform,0.5,8,cnn_minus_ln,difference,-0.006380148231983185
67#4,PC_OFF,Mach,dark_ramp_minus_uniform,0.5,12,cnn_minus_ln,difference,0.05453931540250778
67#4,PC_OFF,Mach,bright_ramp_minus_uniform,0.5,12,cnn_minus_ln,difference,0.0021687671542167664
67#4,PC_OFF,Mach,dark_ramp_minus_uniform,0.5,16,cnn_minus_ln,difference,0.04367106035351753
67#4,PC_OFF,Mach,bright_ramp_minus_uniform,0.5,16,cnn_minus_ln,difference,0.002996310591697693
67#6,MC_OFF,SBC,bright_minus_dark,0.0,0,cnn_minus_ln,difference,0.0
67#6,MC_OFF,SBC,bright_minus_dark,0.0,2,cnn_minus_ln,difference,0.0
67#6,MC_OFF,SBC,bright_minus_dark,0.0,4,cnn_minus_ln,difference,0.0
67#6,MC_OFF,SBC,bright_minus_dark,0.0,6,cnn_minus_ln,difference,0.0
67#6,MC_OFF,SBC,bright_minus_dark,0.0,8,cnn_minus_ln,difference,0.0
67#6,MC_OFF,SBC,bright_minus_dark,0.0625,0,cnn_minus_ln,difference,0.0
67#6,MC_OFF,SBC,bright_minus_dark,0.0625,2,cnn_minus_ln,difference,-0.14463982731103897
67#6,MC_OFF,SBC,bright_minus_dark,0.0625,4,cnn_minus_ln,difference,-0.21712970361113548
67#6,MC_OFF,SBC,bright_minus_dark,0.0625,6,cnn_minus_ln,difference,-0.18467389419674873
67#6,MC_OFF,SBC,bright_minus_dark,0.0625,8,cnn_minus_ln,difference,-0.1834212765097618
67#6,MC_OFF,SBC,bright_minus_dark,0.125,0,cnn_minus_ln,difference,0.0
67#6,MC_OFF,SBC,bright_minus_dark,0.125,2,cnn_minus_ln,difference,-0.25088532269001007
67#6,MC_OFF,SBC,bright_minus_dark,0.125,4,cnn_minus_ln,difference,-0.3553718402981758
67#6,MC_OFF,SBC,bright_minus_dark,0.125,6,cnn_minus_ln,difference,-0.2780894488096237
67#6,MC_OFF,SBC,bright_minus_dark,0.125,8,cnn_minus_ln,difference,-0.2756040468811989
67#6,MC_OFF,SBC,bright_minus_dark,0.25,0,cnn_minus_ln,difference,0.0
67#6,MC_OFF,SBC,bright_minus_dark,0.25,2,cnn_minus_ln,difference,-0.42615272104740143
67#6,MC_OFF,SBC,bright_minus_dark,0.25,4,cnn_minus_ln,difference,-0.5050207078456879
67#6,MC_OFF,SBC,bright_minus_dark,0.25,6,cnn_minus_ln,difference,-0.3492511212825775
67#6,MC_OFF,SBC,bright_minus_dark,0.25,8,cnn_minus_ln,difference,-0.34860141575336456
67#6,MC_OFF,SBC,bright_minus_dark,0.375,0,cnn_minus_ln,difference,0.0
67#6,MC_OFF,SBC,bright_minus_dark,0.375,2,cnn_minus_ln,difference,-0.5531832426786423
67#6,MC_OFF,SBC,bright_minus_dark,0.375,4,cnn_minus_ln,difference,-0.5611836612224579
67#6,MC_OFF,SBC,bright_minus_dark,0.375,6,cnn_minus_ln,difference,-0.36396655440330505
67#6,MC_OFF,SBC,bright_minus_dark,0.375,8,cnn_minus_ln,difference,-0.3622974753379822
67#6,MC_OFF,SBC,bright_minus_dark,0.5,0,cnn_minus_ln,difference,0.0
67#6,MC_OFF,SBC,bright_minus_dark,0.5,2,cnn_minus_ln,difference,-0.6448414921760559
67#6,MC_OFF,SBC,bright_minus_dark,0.5,4,cnn_minus_ln,difference,-0.605311781167984
67#6,MC_OFF,SBC,bright_minus_dark,0.5,6,cnn_minus_ln,difference,-0.3565291166305542
67#6,MC_OFF,SBC,bright_minus_dark,0.5,8,cnn_minus_ln,difference,-0.3535251021385193
67#6,MC_OFF,Mach,dark_ramp_minus_uniform,0.0,0,cnn_minus_ln,difference,0.0
67#6,MC_OFF,Mach,bright_ramp_minus_uniform,0.0,0,cnn_minus_ln,difference,0.0
67#6,MC_OFF,Mach,dark_ramp_minus_uniform,0.0,2,cnn_minus_ln,difference,0.0
67#6,MC_OFF,Mach,bright_ramp_minus_uniform,0.0,2,cnn_minus_ln,difference,0.0
67#6,MC_OFF,Mach,dark_ramp_minus_uniform,0.0,4,cnn_minus_ln,difference,0.0
67#6,MC_OFF,Mach,bright_ramp_minus_uniform,0.0,4,cnn_minus_ln,difference,0.0
67#6,MC_OFF,Mach,dark_ramp_minus_uniform,0.0,8,cnn_minus_ln,difference,0.0
67#6,MC_OFF,Mach,bright_ramp_minus_uniform,0.0,8,cnn_minus_ln,difference,0.0
67#6,MC_OFF,Mach,dark_ramp_minus_uniform,0.0,12,cnn_minus_ln,difference,0.0
67#6,MC_OFF,Mach,bright_ramp_minus_uniform,0.0,12,cnn_minus_ln,difference,0.0
67#6,MC_OFF,Mach,dark_ramp_minus_uniform,0.0,16,cnn_minus_ln,difference,0.0
67#6,MC_OFF,Mach,bright_ramp_minus_uniform,0.0,16,cnn_minus_ln,difference,0.0
67#6,MC_OFF,Mach,dark_ramp_minus_uniform,0.0625,0,cnn_minus_ln,difference,0.013084820588119328
67#6,MC_OFF,Mach,bright_ramp_minus_uniform,0.0625,0,cnn_minus_ln,difference,0.17092513293027878
67#6,MC_OFF,Mach,dark_ramp_minus_uniform,0.0625,2,cnn_minus_ln,difference,0.025408005079953
67#6,MC_OFF,Mach,bright_ramp_minus_uniform,0.0625,2,cnn_minus_ln,difference,0.204728864133358
67#6,MC_OFF,Mach,dark_ramp_minus_uniform,0.0625,4,cnn_minus_ln,difference,0.03024971870763693
67#6,MC_OFF,Mach,bright_ramp_minus_uniform,0.0625,4,cnn_minus_ln,difference,0.12983226403594017
67#6,MC_OFF,Mach,dark_ramp_minus_uniform,0.0625,8,cnn_minus_ln,difference,0.018944820265460294
67#6,MC_OFF,Mach,bright_ramp_minus_uniform,0.0625,8,cnn_minus_ln,difference,0.03396455571055412
67#6,MC_OFF,Mach,dark_ramp_minus_uniform,0.0625,12,cnn_minus_ln,difference,0.012780483935785014
67#6,MC_OFF,Mach,bright_ramp_minus_uniform,0.0625,12,cnn_minus_ln,difference,0.011640961281955242
67#6,MC_OFF,Mach,dark_ramp_minus_uniform,0.0625,16,cnn_minus_ln,difference,0.00958534044548287
67#6,MC_OFF,Mach,bright_ramp_minus_uniform,0.0625,16,cnn_minus_ln,difference,0.00751675758510828
67#6,MC_OFF,Mach,dark_ramp_minus_uniform,0.125,0,cnn_minus_ln,difference,0.027968867914751172
67#6,MC_OFF,Mach,bright_ramp_minus_uniform,0.125,0,cnn_minus_ln,difference,0.2591639831662178
67#6,MC_OFF,Mach,dark_ramp_minus_uniform,0.125,2,cnn_minus_ln,difference,0.04761257744394243
67#6,MC_OFF,Mach,bright_ramp_minus_uniform,0.125,2,cnn_minus_ln,difference,0.3179606944322586
67#6,MC_OFF,Mach,dark_ramp_minus_uniform,0.125,4,cnn_minus_ln,difference,0.0515814257087186
67#6,MC_OFF,Mach,bright_ramp_minus_uniform,0.125,4,cnn_minus_ln,difference,0.20357521623373032
67#6,MC_OFF,Mach,dark_ramp_minus_uniform,0.125,8,cnn_minus_ln,difference,0.022744170943042263
67#6,MC_OFF,Mach,bright_ramp_minus_uniform,0.125,8,cnn_minus_ln,difference,0.03518158569931984
67#6,MC_OFF,Mach,dark_ramp_minus_uniform,0.125,12,cnn_minus_ln,difference,0.011280131584499031
67#6,MC_OFF,Mach,bright_ramp_minus_uniform,0.125,12,cnn_minus_ln,difference,0.01390143297612667
67#6,MC_OFF,Mach,dark_ramp_minus_uniform,0.125,16,cnn_minus_ln,difference,0.007803594911820255
67#6,MC_OFF,Mach,bright_ramp_minus_uniform,0.125,16,cnn_minus_ln,difference,0.011981366202235222
67#6,MC_OFF,Mach,dark_ramp_minus_uniform,0.25,0,cnn_minus_ln,difference,0.036783993477001786
67#6,MC_OFF,Mach,bright_ramp_minus_uniform,0.25,0,cnn_minus_ln,difference,0.3077857196331024
67#6,MC_OFF,Mach,dark_ramp_minus_uniform,0.25,2,cnn_minus_ln,difference,0.06634230958297849
67#6,MC_OFF,Mach,bright_ramp_minus_uniform,0.25,2,cnn_minus_ln,difference,0.3944602608680725
67#6,MC_OFF,Mach,dark_ramp_minus_uniform,0.25,4,cnn_minus_ln,difference,0.07433549512643367
67#6,MC_OFF,Mach,bright_ramp_minus_uniform,0.25,4,cnn_minus_ln,difference,0.2548317611217499
67#6,MC_OFF,Mach,dark_ramp_minus_uniform,0.25,8,cnn_minus_ln,difference,0.03126987218274735
67#6,MC_OFF,Mach,bright_ramp_minus_uniform,0.25,8,cnn_minus_ln,difference,0.02033950388431549
67#6,MC_OFF,Mach,dark_ramp_minus_uniform,0.25,12,cnn_minus_ln,difference,0.02792715231771581
67#6,MC_OFF,Mach,bright_ramp_minus_uniform,0.25,12,cnn_minus_ln,difference,-0.004894513636827469
67#6,MC_OFF,Mach,dark_ramp_minus_uniform,0.25,16,cnn_minus_ln,difference,0.020973623177269474
67#6,MC_OFF,Mach,bright_ramp_minus_uniform,0.25,16,cnn_minus_ln,difference,-0.0021282099187374115
67#6,MC_OFF,Mach,dark_ramp_minus_uniform,0.375,0,cnn_minus_ln,difference,0.039591878186911345
67#6,MC_OFF,Mach,bright_ramp_minus_uniform,0.375,0,cnn_minus_ln,difference,0.3104357123374939
67#6,MC_OFF,Mach,dark_ramp_minus_uniform,0.375,2,cnn_minus_ln,difference,0.08115198952145875
67#6,MC_OFF,Mach,bright_ramp_minus_uniform,0.375,2,cnn_minus_ln,difference,0.41522666811943054
67#6,MC_OFF,Mach,dark_ramp_minus_uniform,0.375,4,cnn_minus_ln,difference,0.09249874006491154
67#6,MC_OFF,Mach,bright_ramp_minus_uniform,0.375,4,cnn_minus_ln,difference,0.27113378047943115
67#6,MC_OFF,Mach,dark_ramp_minus_uniform,0.375,8,cnn_minus_ln,difference,0.042407622444443405
67#6,MC_OFF,Mach,bright_ramp_minus_uniform,0.375,8,cnn_minus_ln,difference,-0.001776471734046936
67#6,MC_OFF,Mach,dark_ramp_minus_uniform,0.375,12,cnn_minus_ln,difference,0.03218285963521339
67#6,MC_OFF,Mach,bright_ramp_minus_uniform,0.375,12,cnn_minus_ln,difference,-0.0234219953417778
67#6,MC_OFF,Mach,dark_ramp_minus_uniform,0.375,16,cnn_minus_ln,difference,0.01672573946416378
67#6,MC_OFF,Mach,bright_ramp_minus_uniform,0.375,16,cnn_minus_ln,difference,-0.013067223131656647
67#6,MC_OFF,Mach,dark_ramp_minus_uniform,0.5,0,cnn_minus_ln,difference,0.04216130683198571
67#6,MC_OFF,Mach,bright_ramp_minus_uniform,0.5,0,cnn_minus_ln,difference,0.28812941908836365
67#6,MC_OFF,Mach,dark_ramp_minus_uniform,0.5,2,cnn_minus_ln,difference,0.09296385734342039
67#6,MC_OFF,Mach,bright_ramp_minus_uniform,0.5,2,cnn_minus_ln,difference,0.407511830329895
67#6,MC_OFF,Mach,dark_ramp_minus_uniform,0.5,4,cnn_minus_ln,difference,0.10551731090527028
67#6,MC_OFF,Mach,bright_ramp_minus_uniform,0.5,4,cnn_minus_ln,difference,0.26253795623779297
67#6,MC_OFF,Mach,dark_ramp_minus_uniform,0.5,8,cnn_minus_ln,difference,0.04448506509652361
67#6,MC_OFF,Mach,bright_ramp_minus_uniform,0.5,8,cnn_minus_ln,difference,-0.029951393604278564
67#6,MC_OFF,Mach,dark_ramp_minus_uniform,0.5,12,cnn_minus_ln,difference,0.024722806992940605
67#6,MC_OFF,Mach,bright_ramp_minus_uniform,0.5,12,cnn_minus_ln,difference,-0.04309677332639694
67#6,MC_OFF,Mach,dark_ramp_minus_uniform,0.5,16,cnn_minus_ln,difference,0.010041729925433174
67#6,MC_OFF,Mach,bright_ramp_minus_uniform,0.5,16,cnn_minus_ln,difference,-0.024351883679628372
67#7,MC_ON,SBC,bright_minus_dark,0.0,0,cnn_minus_ln,difference,0.0
67#7,MC_ON,SBC,bright_minus_dark,0.0,2,cnn_minus_ln,difference,0.0
67#7,MC_ON,SBC,bright_minus_dark,0.0,4,cnn_minus_ln,difference,0.0
67#7,MC_ON,SBC,bright_minus_dark,0.0,6,cnn_minus_ln,difference,0.0
67#7,MC_ON,SBC,bright_minus_dark,0.0,8,cnn_minus_ln,difference,0.0
67#7,MC_ON,SBC,bright_minus_dark,0.0625,0,cnn_minus_ln,difference,0.0
67#7,MC_ON,SBC,bright_minus_dark,0.0625,2,cnn_minus_ln,difference,0.15490279532968998
67#7,MC_ON,SBC,bright_minus_dark,0.0625,4,cnn_minus_ln,difference,0.36329730972647667
67#7,MC_ON,SBC,bright_minus_dark,0.0625,6,cnn_minus_ln,difference,0.361732542514801
67#7,MC_ON,SBC,bright_minus_dark,0.0625,8,cnn_minus_ln,difference,0.3357675354927778
67#7,MC_ON,SBC,bright_minus_dark,0.125,0,cnn_minus_ln,difference,0.0
67#7,MC_ON,SBC,bright_minus_dark,0.125,2,cnn_minus_ln,difference,0.26740157417953014
67#7,MC_ON,SBC,bright_minus_dark,0.125,4,cnn_minus_ln,difference,0.6013593841344118
67#7,MC_ON,SBC,bright_minus_dark,0.125,6,cnn_minus_ln,difference,0.5812682677060366
67#7,MC_ON,SBC,bright_minus_dark,0.125,8,cnn_minus_ln,difference,0.5430605374276638
67#7,MC_ON,SBC,bright_minus_dark,0.25,0,cnn_minus_ln,difference,0.0
67#7,MC_ON,SBC,bright_minus_dark,0.25,2,cnn_minus_ln,difference,0.44420861452817917
67#7,MC_ON,SBC,bright_minus_dark,0.25,4,cnn_minus_ln,difference,0.936114426702261
67#7,MC_ON,SBC,bright_minus_dark,0.25,6,cnn_minus_ln,difference,0.9107118919491768
67#7,MC_ON,SBC,bright_minus_dark,0.25,8,cnn_minus_ln,difference,0.8431256636977196
67#7,MC_ON,SBC,bright_minus_dark,0.375,0,cnn_minus_ln,difference,0.0
67#7,MC_ON,SBC,bright_minus_dark,0.375,2,cnn_minus_ln,difference,0.5765145942568779
67#7,MC_ON,SBC,bright_minus_dark,0.375,4,cnn_minus_ln,difference,1.210984155535698
67#7,MC_ON,SBC,bright_minus_dark,0.375,6,cnn_minus_ln,difference,1.1866480261087418
67#7,MC_ON,SBC,bright_minus_dark,0.375,8,cnn_minus_ln,difference,1.090251810848713
67#7,MC_ON,SBC,bright_minus_dark,0.5,0,cnn_minus_ln,difference,0.0
67#7,MC_ON,SBC,bright_minus_dark,0.5,2,cnn_minus_ln,difference,0.6911183670163155
67#7,MC_ON,SBC,bright_minus_dark,0.5,4,cnn_minus_ln,difference,1.4645912498235703
67#7,MC_ON,SBC,bright_minus_dark,0.5,6,cnn_minus_ln,difference,1.44447723031044
67#7,MC_ON,SBC,bright_minus_dark,0.5,8,cnn_minus_ln,difference,1.319885015487671
67#7,MC_ON,Mach,dark_ramp_minus_uniform,0.0,0,cnn_minus_ln,difference,0.0
67#7,MC_ON,Mach,bright_ramp_minus_uniform,0.0,0,cnn_minus_ln,difference,0.0
67#7,MC_ON,Mach,dark_ramp_minus_uniform,0.0,2,cnn_minus_ln,difference,0.0
67#7,MC_ON,Mach,bright_ramp_minus_uniform,0.0,2,cnn_minus_ln,difference,0.0
67#7,MC_ON,Mach,dark_ramp_minus_uniform,0.0,4,cnn_minus_ln,difference,0.0
67#7,MC_ON,Mach,bright_ramp_minus_uniform,0.0,4,cnn_minus_ln,difference,0.0
67#7,MC_ON,Mach,dark_ramp_minus_uniform,0.0,8,cnn_minus_ln,difference,0.0
67#7,MC_ON,Mach,bright_ramp_minus_uniform,0.0,8,cnn_minus_ln,difference,0.0
67#7,MC_ON,Mach,dark_ramp_minus_uniform,0.0,12,cnn_minus_ln,difference,0.0
67#7,MC_ON,Mach,bright_ramp_minus_uniform,0.0,12,cnn_minus_ln,difference,0.0
67#7,MC_ON,Mach,dark_ramp_minus_uniform,0.0,16,cnn_minus_ln,difference,0.0
67#7,MC_ON,Mach,bright_ramp_minus_uniform,0.0,16,cnn_minus_ln,difference,0.0
67#7,MC_ON,Mach,dark_ramp_minus_uniform,0.0625,0,cnn_minus_ln,difference,0.37460255436599255
67#7,MC_ON,Mach,bright_ramp_minus_uniform,0.0625,0,cnn_minus_ln,difference,0.09683505893917754
67#7,MC_ON,Mach,dark_ramp_minus_uniform,0.0625,2,cnn_minus_ln,difference,0.3319661747664213
67#7,MC_ON,Mach,bright_ramp_minus_uniform,0.0625,2,cnn_minus_ln,difference,0.08245686837472022
67#7,MC_ON,Mach,dark_ramp_minus_uniform,0.0625,4,cnn_minus_ln,difference,0.24672375340014696
67#7,MC_ON,Mach,bright_ramp_minus_uniform,0.0625,4,cnn_minus_ln,difference,0.08896145719336346
67#7,MC_ON,Mach,dark_ramp_minus_uniform,0.0625,8,cnn_minus_ln,difference,0.1343612102791667
67#7,MC_ON,Mach,bright_ramp_minus_uniform,0.0625,8,cnn_minus_ln,difference,0.043633831781335175
67#7,MC_ON,Mach,dark_ramp_minus_uniform,0.0625,12,cnn_minus_ln,difference,0.08792622527107596
67#7,MC_ON,Mach,bright_ramp_minus_uniform,0.0625,12,cnn_minus_ln,difference,0.018466545021510683
67#7,MC_ON,Mach,dark_ramp_minus_uniform,0.0625,16,cnn_minus_ln,difference,0.06483201822265983
67#7,MC_ON,Mach,bright_ramp_minus_uniform,0.0625,16,cnn_minus_ln,difference,0.009642842967878096
67#7,MC_ON,Mach,dark_ramp_minus_uniform,0.125,0,cnn_minus_ln,difference,0.5710953548550606
67#7,MC_ON,Mach,bright_ramp_minus_uniform,0.125,0,cnn_minus_ln,difference,0.145423510693945
67#7,MC_ON,Mach,dark_ramp_minus_uniform,0.125,2,cnn_minus_ln,difference,0.5150330811738968
67#7,MC_ON,Mach,bright_ramp_minus_uniform,0.125,2,cnn_minus_ln,difference,0.12953505804762244
67#7,MC_ON,Mach,dark_ramp_minus_uniform,0.125,4,cnn_minus_ln,difference,0.3834691047668457
67#7,MC_ON,Mach,bright_ramp_minus_uniform,0.125,4,cnn_minus_ln,difference,0.14686999027617276
67#7,MC_ON,Mach,dark_ramp_minus_uniform,0.125,8,cnn_minus_ln,difference,0.19675267953425646
67#7,MC_ON,Mach,bright_ramp_minus_uniform,0.125,8,cnn_minus_ln,difference,0.06850038073025644
67#7,MC_ON,Mach,dark_ramp_minus_uniform,0.125,12,cnn_minus_ln,difference,0.11993100354447961
67#7,MC_ON,Mach,bright_ramp_minus_uniform,0.125,12,cnn_minus_ln,difference,0.023757458227919415
67#7,MC_ON,Mach,dark_ramp_minus_uniform,0.125,16,cnn_minus_ln,difference,0.08567283628508449
67#7,MC_ON,Mach,bright_ramp_minus_uniform,0.125,16,cnn_minus_ln,difference,0.012427528941771016
67#7,MC_ON,Mach,dark_ramp_minus_uniform,0.25,0,cnn_minus_ln,difference,0.8711773753166199
67#7,MC_ON,Mach,bright_ramp_minus_uniform,0.25,0,cnn_minus_ln,difference,0.19954997091554105
67#7,MC_ON,Mach,dark_ramp_minus_uniform,0.25,2,cnn_minus_ln,difference,0.7806969359517097
67#7,MC_ON,Mach,bright_ramp_minus_uniform,0.25,2,cnn_minus_ln,difference,0.15848968736827374
67#7,MC_ON,Mach,dark_ramp_minus_uniform,0.25,4,cnn_minus_ln,difference,0.5995832271873951
67#7,MC_ON,Mach,bright_ramp_minus_uniform,0.25,4,cnn_minus_ln,difference,0.20977057609707117
67#7,MC_ON,Mach,dark_ramp_minus_uniform,0.25,8,cnn_minus_ln,difference,0.3231208138167858
67#7,MC_ON,Mach,bright_ramp_minus_uniform,0.25,8,cnn_minus_ln,difference,0.09945055341813713
67#7,MC_ON,Mach,dark_ramp_minus_uniform,0.25,12,cnn_minus_ln,difference,0.20135829970240593
67#7,MC_ON,Mach,bright_ramp_minus_uniform,0.25,12,cnn_minus_ln,difference,0.024995224201120436
67#7,MC_ON,Mach,dark_ramp_minus_uniform,0.25,16,cnn_minus_ln,difference,0.147840341553092
67#7,MC_ON,Mach,bright_ramp_minus_uniform,0.25,16,cnn_minus_ln,difference,0.011597533652093261
67#7,MC_ON,Mach,dark_ramp_minus_uniform,0.375,0,cnn_minus_ln,difference,1.134151503443718
67#7,MC_ON,Mach,bright_ramp_minus_uniform,0.375,0,cnn_minus_ln,difference,0.24009763123467565
67#7,MC_ON,Mach,dark_ramp_minus_uniform,0.375,2,cnn_minus_ln,difference,1.0237616002559662
67#7,MC_ON,Mach,bright_ramp_minus_uniform,0.375,2,cnn_minus_ln,difference,0.19105399074032903
67#7,MC_ON,Mach,dark_ramp_minus_uniform,0.375,4,cnn_minus_ln,difference,0.7930717319250107
67#7,MC_ON,Mach,bright_ramp_minus_uniform,0.375,4,cnn_minus_ln,difference,0.2613903363235295
67#7,MC_ON,Mach,dark_ramp_minus_uniform,0.375,8,cnn_minus_ln,difference,0.4526349790394306
67#7,MC_ON,Mach,bright_ramp_minus_uniform,0.375,8,cnn_minus_ln,difference,0.12208341259974986
67#7,MC_ON,Mach,dark_ramp_minus_uniform,0.375,12,cnn_minus_ln,difference,0.28733607940375805
67#7,MC_ON,Mach,bright_ramp_minus_uniform,0.375,12,cnn_minus_ln,difference,0.02502192184329033
67#7,MC_ON,Mach,dark_ramp_minus_uniform,0.375,16,cnn_minus_ln,difference,0.21314327139407396
67#7,MC_ON,Mach,bright_ramp_minus_uniform,0.375,16,cnn_minus_ln,difference,0.01022322935750708
67#7,MC_ON,Mach,dark_ramp_minus_uniform,0.5,0,cnn_minus_ln,difference,1.38521409034729
67#7,MC_ON,Mach,bright_ramp_minus_uniform,0.5,0,cnn_minus_ln,difference,0.28110518446192145
67#7,MC_ON,Mach,dark_ramp_minus_uniform,0.5,2,cnn_minus_ln,difference,1.263231322169304
67#7,MC_ON,Mach,bright_ramp_minus_uniform,0.5,2,cnn_minus_ln,difference,0.22850725054740906
67#7,MC_ON,Mach,dark_ramp_minus_uniform,0.5,4,cnn_minus_ln,difference,0.9868160113692284
67#7,MC_ON,Mach,bright_ramp_minus_uniform,0.5,4,cnn_minus_ln,difference,0.3121678829193115
67#7,MC_ON,Mach,dark_ramp_minus_uniform,0.5,8,cnn_minus_ln,difference,0.5821263864636421
67#7,MC_ON,Mach,bright_ramp_minus_uniform,0.5,8,cnn_minus_ln,difference,0.14546238374896348
67#7,MC_ON,Mach,dark_ramp_minus_uniform,0.5,12,cnn_minus_ln,difference,0.3772677071392536
67#7,MC_ON,Mach,bright_ramp_minus_uniform,0.5,12,cnn_minus_ln,difference,0.029335956322029233
67#7,MC_ON,Mach,dark_ramp_minus_uniform,0.5,16,cnn_minus_ln,difference,0.28158310428261757
67#7,MC_ON,Mach,bright_ramp_minus_uniform,0.5,16,cnn_minus_ln,difference,0.012200832017697394
67#14,PC_ON,SBC,bright_minus_dark,0.0,0,cnn_minus_ln,difference,0.0
67#14,PC_ON,SBC,bright_minus_dark,0.0,2,cnn_minus_ln,difference,0.0
67#14,PC_ON,SBC,bright_minus_dark,0.0,4,cnn_minus_ln,difference,0.0
67#14,PC_ON,SBC,bright_minus_dark,0.0,6,cnn_minus_ln,difference,0.0
67#14,PC_ON,SBC,bright_minus_dark,0.0,8,cnn_minus_ln,difference,0.0
67#14,PC_ON,SBC,bright_minus_dark,0.0625,0,cnn_minus_ln,difference,0.0
67#14,PC_ON,SBC,bright_minus_dark,0.0625,2,cnn_minus_ln,difference,0.25583152659237385
67#14,PC_ON,SBC,bright_minus_dark,0.0625,4,cnn_minus_ln,difference,0.4407556317746639
67#14,PC_ON,SBC,bright_minus_dark,0.0625,6,cnn_minus_ln,difference,0.30781114660203457
67#14,PC_ON,SBC,bright_minus_dark,0.0625,8,cnn_minus_ln,difference,0.24703489616513252
67#14,PC_ON,SBC,bright_minus_dark,0.125,0,cnn_minus_ln,difference,0.0
67#14,PC_ON,SBC,bright_minus_dark,0.125,2,cnn_minus_ln,difference,0.44897300750017166
67#14,PC_ON,SBC,bright_minus_dark,0.125,4,cnn_minus_ln,difference,0.6869933046400547
67#14,PC_ON,SBC,bright_minus_dark,0.125,6,cnn_minus_ln,difference,0.5016731098294258
67#14,PC_ON,SBC,bright_minus_dark,0.125,8,cnn_minus_ln,difference,0.4065844714641571
67#14,PC_ON,SBC,bright_minus_dark,0.25,0,cnn_minus_ln,difference,0.0
67#14,PC_ON,SBC,bright_minus_dark,0.25,2,cnn_minus_ln,difference,0.6945901215076447
67#14,PC_ON,SBC,bright_minus_dark,0.25,4,cnn_minus_ln,difference,1.0586188808083534
67#14,PC_ON,SBC,bright_minus_dark,0.25,6,cnn_minus_ln,difference,0.7706068977713585
67#14,PC_ON,SBC,bright_minus_dark,0.25,8,cnn_minus_ln,difference,0.6295509934425354
67#14,PC_ON,SBC,bright_minus_dark,0.375,0,cnn_minus_ln,difference,0.0
67#14,PC_ON,SBC,bright_minus_dark,0.375,2,cnn_minus_ln,difference,0.8804719746112823
67#14,PC_ON,SBC,bright_minus_dark,0.375,4,cnn_minus_ln,difference,1.3569111078977585
67#14,PC_ON,SBC,bright_minus_dark,0.375,6,cnn_minus_ln,difference,0.9977668225765228
67#14,PC_ON,SBC,bright_minus_dark,0.375,8,cnn_minus_ln,difference,0.8060777634382248
67#14,PC_ON,SBC,bright_minus_dark,0.5,0,cnn_minus_ln,difference,0.0
67#14,PC_ON,SBC,bright_minus_dark,0.5,2,cnn_minus_ln,difference,1.0341642946004868
67#14,PC_ON,SBC,bright_minus_dark,0.5,4,cnn_minus_ln,difference,1.6476877629756927
67#14,PC_ON,SBC,bright_minus_dark,0.5,6,cnn_minus_ln,difference,1.2110182046890259
67#14,PC_ON,SBC,bright_minus_dark,0.5,8,cnn_minus_ln,difference,0.962195634841919
67#14,PC_ON,Mach,dark_ramp_minus_uniform,0.0,0,cnn_minus_ln,difference,0.0
67#14,PC_ON,Mach,bright_ramp_minus_uniform,0.0,0,cnn_minus_ln,difference,0.0
67#14,PC_ON,Mach,dark_ramp_minus_uniform,0.0,2,cnn_minus_ln,difference,0.0
67#14,PC_ON,Mach,bright_ramp_minus_uniform,0.0,2,cnn_minus_ln,difference,0.0
67#14,PC_ON,Mach,dark_ramp_minus_uniform,0.0,4,cnn_minus_ln,difference,0.0
67#14,PC_ON,Mach,bright_ramp_minus_uniform,0.0,4,cnn_minus_ln,difference,0.0
67#14,PC_ON,Mach,dark_ramp_minus_uniform,0.0,8,cnn_minus_ln,difference,0.0
67#14,PC_ON,Mach,bright_ramp_minus_uniform,0.0,8,cnn_minus_ln,difference,0.0
67#14,PC_ON,Mach,dark_ramp_minus_uniform,0.0,12,cnn_minus_ln,difference,0.0
67#14,PC_ON,Mach,bright_ramp_minus_uniform,0.0,12,cnn_minus_ln,difference,0.0
67#14,PC_ON,Mach,dark_ramp_minus_uniform,0.0,16,cnn_minus_ln,difference,0.0
67#14,PC_ON,Mach,bright_ramp_minus_uniform,0.0,16,cnn_minus_ln,difference,0.0
67#14,PC_ON,Mach,dark_ramp_minus_uniform,0.0625,0,cnn_minus_ln,difference,0.23609000071883202
67#14,PC_ON,Mach,bright_ramp_minus_uniform,0.0625,0,cnn_minus_ln,difference,0.06570329377427697
67#14,PC_ON,Mach,dark_ramp_minus_uniform,0.0625,2,cnn_minus_ln,difference,0.19435537233948708
67#14,PC_ON,Mach,bright_ramp_minus_uniform,0.0625,2,cnn_minus_ln,difference,0.02859795157564804
67#14,PC_ON,Mach,dark_ramp_minus_uniform,0.0625,4,cnn_minus_ln,difference,0.11504863575100899
67#14,PC_ON,Mach,bright_ramp_minus_uniform,0.0625,4,cnn_minus_ln,difference,0.07937558589037508
67#14,PC_ON,Mach,dark_ramp_minus_uniform,0.0625,8,cnn_minus_ln,difference,0.04826872330158949
67#14,PC_ON,Mach,bright_ramp_minus_uniform,0.0625,8,cnn_minus_ln,difference,0.06730871746549383
67#14,PC_ON,Mach,dark_ramp_minus_uniform,0.0625,12,cnn_minus_ln,difference,0.03587790997698903
67#14,PC_ON,Mach,bright_ramp_minus_uniform,0.0625,12,cnn_minus_ln,difference,0.03670154412975535
67#14,PC_ON,Mach,dark_ramp_minus_uniform,0.0625,16,cnn_minus_ln,difference,0.02971198409795761
67#14,PC_ON,Mach,bright_ramp_minus_uniform,0.0625,16,cnn_minus_ln,difference,0.02263212551770266
67#14,PC_ON,Mach,dark_ramp_minus_uniform,0.125,0,cnn_minus_ln,difference,0.3875982016324997
67#14,PC_ON,Mach,bright_ramp_minus_uniform,0.125,0,cnn_minus_ln,difference,0.0956492773257196
67#14,PC_ON,Mach,dark_ramp_minus_uniform,0.125,2,cnn_minus_ln,difference,0.32352740317583084
67#14,PC_ON,Mach,bright_ramp_minus_uniform,0.125,2,cnn_minus_ln,difference,0.041002561105415225
67#14,PC_ON,Mach,dark_ramp_minus_uniform,0.125,4,cnn_minus_ln,difference,0.2026388682425022
67#14,PC_ON,Mach,bright_ramp_minus_uniform,0.125,4,cnn_minus_ln,difference,0.11998314259108156
67#14,PC_ON,Mach,dark_ramp_minus_uniform,0.125,8,cnn_minus_ln,difference,0.0892566554248333
67#14,PC_ON,Mach,bright_ramp_minus_uniform,0.125,8,cnn_minus_ln,difference,0.10357468080474064
67#14,PC_ON,Mach,dark_ramp_minus_uniform,0.125,12,cnn_minus_ln,difference,0.06474013067781925
67#14,PC_ON,Mach,bright_ramp_minus_uniform,0.125,12,cnn_minus_ln,difference,0.049810044234618545
67#14,PC_ON,Mach,dark_ramp_minus_uniform,0.125,16,cnn_minus_ln,difference,0.04884394071996212
67#14,PC_ON,Mach,bright_ramp_minus_uniform,0.125,16,cnn_minus_ln,difference,0.028299236291786656
67#14,PC_ON,Mach,dark_ramp_minus_uniform,0.25,0,cnn_minus_ln,difference,0.6100706160068512
67#14,PC_ON,Mach,bright_ramp_minus_uniform,0.25,0,cnn_minus_ln,difference,0.15082634333521128
67#14,PC_ON,Mach,dark_ramp_minus_uniform,0.25,2,cnn_minus_ln,difference,0.5330770462751389
67#14,PC_ON,Mach,bright_ramp_minus_uniform,0.25,2,cnn_minus_ln,difference,0.08081208704970777
67#14,PC_ON,Mach,dark_ramp_minus_uniform,0.25,4,cnn_minus_ln,difference,0.3599448576569557
67#14,PC_ON,Mach,bright_ramp_minus_uniform,0.25,4,cnn_minus_ln,difference,0.19663534848950803
67#14,PC_ON,Mach,dark_ramp_minus_uniform,0.25,8,cnn_minus_ln,difference,0.1744748130440712
67#14,PC_ON,Mach,bright_ramp_minus_uniform,0.25,8,cnn_minus_ln,difference,0.16844393906649202
67#14,PC_ON,Mach,dark_ramp_minus_uniform,0.25,12,cnn_minus_ln,difference,0.11973481439054012
67#14,PC_ON,Mach,bright_ramp_minus_uniform,0.25,12,cnn_minus_ln,difference,0.08504645677749068
67#14,PC_ON,Mach,dark_ramp_minus_uniform,0.25,16,cnn_minus_ln,difference,0.09102950990200043
67#14,PC_ON,Mach,bright_ramp_minus_uniform,0.25,16,cnn_minus_ln,difference,0.051439949369523674
67#14,PC_ON,Mach,dark_ramp_minus_uniform,0.375,0,cnn_minus_ln,difference,0.8301831781864166
67#14,PC_ON,Mach,bright_ramp_minus_uniform,0.375,0,cnn_minus_ln,difference,0.208807491697371
67#14,PC_ON,Mach,dark_ramp_minus_uniform,0.375,2,cnn_minus_ln,difference,0.7468087524175644
67#14,PC_ON,Mach,bright_ramp_minus_uniform,0.375,2,cnn_minus_ln,difference,0.127920794300735
67#14,PC_ON,Mach,dark_ramp_minus_uniform,0.375,4,cnn_minus_ln,difference,0.5298957079648972
67#14,PC_ON,Mach,bright_ramp_minus_uniform,0.375,4,cnn_minus_ln,difference,0.2607059539295733
67#14,PC_ON,Mach,dark_ramp_minus_uniform,0.375,8,cnn_minus_ln,difference,0.27151554822921753
67#14,PC_ON,Mach,bright_ramp_minus_uniform,0.375,8,cnn_minus_ln,difference,0.22150026354938745
67#14,PC_ON,Mach,dark_ramp_minus_uniform,0.375,12,cnn_minus_ln,difference,0.18154175952076912
67#14,PC_ON,Mach,bright_ramp_minus_uniform,0.375,12,cnn_minus_ln,difference,0.11323743115644902
67#14,PC_ON,Mach,dark_ramp_minus_uniform,0.375,16,cnn_minus_ln,difference,0.13751039654016495
67#14,PC_ON,Mach,bright_ramp_minus_uniform,0.375,16,cnn_minus_ln,difference,0.06591998680960387
67#14,PC_ON,Mach,dark_ramp_minus_uniform,0.5,0,cnn_minus_ln,difference,1.0427322685718536
67#14,PC_ON,Mach,bright_ramp_minus_uniform,0.5,0,cnn_minus_ln,difference,0.26171569898724556
67#14,PC_ON,Mach,dark_ramp_minus_uniform,0.5,2,cnn_minus_ln,difference,0.9581924378871918
67#14,PC_ON,Mach,bright_ramp_minus_uniform,0.5,2,cnn_minus_ln,difference,0.17009303579106927
67#14,PC_ON,Mach,dark_ramp_minus_uniform,0.5,4,cnn_minus_ln,difference,0.7022636085748672
67#14,PC_ON,Mach,bright_ramp_minus_uniform,0.5,4,cnn_minus_ln,difference,0.319090424105525
67#14,PC_ON,Mach,dark_ramp_minus_uniform,0.5,8,cnn_minus_ln,difference,0.3734607696533203
67#14,PC_ON,Mach,bright_ramp_minus_uniform,0.5,8,cnn_minus_ln,difference,0.2667532821651548
67#14,PC_ON,Mach,dark_ramp_minus_uniform,0.5,12,cnn_minus_ln,difference,0.24448518082499504
67#14,PC_ON,Mach,bright_ramp_minus_uniform,0.5,12,cnn_minus_ln,difference,0.13764174678362906
67#14,PC_ON,Mach,dark_ramp_minus_uniform,0.5,16,cnn_minus_ln,difference,0.18479536101222038
67#14,PC_ON,Mach,bright_ramp_minus_uniform,0.5,16,cnn_minus_ln,difference,0.07902204093988985
67#21,PC_ON,SBC,bright_minus_dark,0.0,0,cnn_minus_ln,difference,0.0
67#21,PC_ON,SBC,bright_minus_dark,0.0,2,cnn_minus_ln,difference,0.0
67#21,PC_ON,SBC,bright_minus_dark,0.0,4,cnn_minus_ln,difference,0.0
67#21,PC_ON,SBC,bright_minus_dark,0.0,6,cnn_minus_ln,difference,0.0
67#21,PC_ON,SBC,bright_minus_dark,0.0,8,cnn_minus_ln,difference,0.0
67#21,PC_ON,SBC,bright_minus_dark,0.0625,0,cnn_minus_ln,difference,0.0
67#21,PC_ON,SBC,bright_minus_dark,0.0625,2,cnn_minus_ln,difference,0.06906534545123577
67#21,PC_ON,SBC,bright_minus_dark,0.0625,4,cnn_minus_ln,difference,0.2127879038453102
67#21,PC_ON,SBC,bright_minus_dark,0.0625,6,cnn_minus_ln,difference,0.2719472190365195
67#21,PC_ON,SBC,bright_minus_dark,0.0625,8,cnn_minus_ln,difference,0.2830405430868268
67#21,PC_ON,SBC,bright_minus_dark,0.125,0,cnn_minus_ln,difference,0.0
67#21,PC_ON,SBC,bright_minus_dark,0.125,2,cnn_minus_ln,difference,0.1283550187945366
67#21,PC_ON,SBC,bright_minus_dark,0.125,4,cnn_minus_ln,difference,0.34502019733190536
67#21,PC_ON,SBC,bright_minus_dark,0.125,6,cnn_minus_ln,difference,0.4427611790597439
67#21,PC_ON,SBC,bright_minus_dark,0.125,8,cnn_minus_ln,difference,0.4662862401455641
67#21,PC_ON,SBC,bright_minus_dark,0.25,0,cnn_minus_ln,difference,0.0
67#21,PC_ON,SBC,bright_minus_dark,0.25,2,cnn_minus_ln,difference,0.20788369700312614
67#21,PC_ON,SBC,bright_minus_dark,0.25,4,cnn_minus_ln,difference,0.544527031481266
67#21,PC_ON,SBC,bright_minus_dark,0.25,6,cnn_minus_ln,difference,0.7287740930914879
67#21,PC_ON,SBC,bright_minus_dark,0.25,8,cnn_minus_ln,difference,0.7865347899496555
67#21,PC_ON,SBC,bright_minus_dark,0.375,0,cnn_minus_ln,difference,0.0
67#21,PC_ON,SBC,bright_minus_dark,0.375,2,cnn_minus_ln,difference,0.2686343714594841
67#21,PC_ON,SBC,bright_minus_dark,0.375,4,cnn_minus_ln,difference,0.7115893289446831
67#21,PC_ON,SBC,bright_minus_dark,0.375,6,cnn_minus_ln,difference,0.9864368885755539
67#21,PC_ON,SBC,bright_minus_dark,0.375,8,cnn_minus_ln,difference,1.0708088353276253
67#21,PC_ON,SBC,bright_minus_dark,0.5,0,cnn_minus_ln,difference,0.0
67#21,PC_ON,SBC,bright_minus_dark,0.5,2,cnn_minus_ln,difference,0.316937118768692
67#21,PC_ON,SBC,bright_minus_dark,0.5,4,cnn_minus_ln,difference,0.871569350361824
67#21,PC_ON,SBC,bright_minus_dark,0.5,6,cnn_minus_ln,difference,1.2287216633558273
67#21,PC_ON,SBC,bright_minus_dark,0.5,8,cnn_minus_ln,difference,1.338788516819477
67#21,PC_ON,Mach,dark_ramp_minus_uniform,0.0,0,cnn_minus_ln,difference,0.0
67#21,PC_ON,Mach,bright_ramp_minus_uniform,0.0,0,cnn_minus_ln,difference,0.0
67#21,PC_ON,Mach,dark_ramp_minus_uniform,0.0,2,cnn_minus_ln,difference,0.0
67#21,PC_ON,Mach,bright_ramp_minus_uniform,0.0,2,cnn_minus_ln,difference,0.0
67#21,PC_ON,Mach,dark_ramp_minus_uniform,0.0,4,cnn_minus_ln,difference,0.0
67#21,PC_ON,Mach,bright_ramp_minus_uniform,0.0,4,cnn_minus_ln,difference,0.0
67#21,PC_ON,Mach,dark_ramp_minus_uniform,0.0,8,cnn_minus_ln,difference,0.0
67#21,PC_ON,Mach,bright_ramp_minus_uniform,0.0,8,cnn_minus_ln,difference,0.0
67#21,PC_ON,Mach,dark_ramp_minus_uniform,0.0,12,cnn_minus_ln,difference,0.0
67#21,PC_ON,Mach,bright_ramp_minus_uniform,0.0,12,cnn_minus_ln,difference,0.0
67#21,PC_ON,Mach,dark_ramp_minus_uniform,0.0,16,cnn_minus_ln,difference,0.0
67#21,PC_ON,Mach,bright_ramp_minus_uniform,0.0,16,cnn_minus_ln,difference,0.0
67#21,PC_ON,Mach,dark_ramp_minus_uniform,0.0625,0,cnn_minus_ln,difference,0.25981886126101017
67#21,PC_ON,Mach,bright_ramp_minus_uniform,0.0625,0,cnn_minus_ln,difference,0.03426624182611704
67#21,PC_ON,Mach,dark_ramp_minus_uniform,0.0625,2,cnn_minus_ln,difference,0.22241909988224506
67#21,PC_ON,Mach,bright_ramp_minus_uniform,0.0625,2,cnn_minus_ln,difference,0.021066737070214003
67#21,PC_ON,Mach,dark_ramp_minus_uniform,0.0625,4,cnn_minus_ln,difference,0.15716782305389643
67#21,PC_ON,Mach,bright_ramp_minus_uniform,0.0625,4,cnn_minus_ln,difference,0.026928433449938893
67#21,PC_ON,Mach,dark_ramp_minus_uniform,0.0625,8,cnn_minus_ln,difference,0.09000570117495954
67#21,PC_ON,Mach,bright_ramp_minus_uniform,0.0625,8,cnn_minus_ln,difference,0.013516426261048764
67#21,PC_ON,Mach,dark_ramp_minus_uniform,0.0625,12,cnn_minus_ln,difference,0.059730052249506116
67#21,PC_ON,Mach,bright_ramp_minus_uniform,0.0625,12,cnn_minus_ln,difference,0.008147994696628302
67#21,PC_ON,Mach,dark_ramp_minus_uniform,0.0625,16,cnn_minus_ln,difference,0.04456426377873868
67#21,PC_ON,Mach,bright_ramp_minus_uniform,0.0625,16,cnn_minus_ln,difference,0.005587562074651942
67#21,PC_ON,Mach,dark_ramp_minus_uniform,0.125,0,cnn_minus_ln,difference,0.4299517311155796
67#21,PC_ON,Mach,bright_ramp_minus_uniform,0.125,0,cnn_minus_ln,difference,0.060185154899954796
67#21,PC_ON,Mach,dark_ramp_minus_uniform,0.125,2,cnn_minus_ln,difference,0.3727686107158661
67#21,PC_ON,Mach,bright_ramp_minus_uniform,0.125,2,cnn_minus_ln,difference,0.04145613336004317
67#21,PC_ON,Mach,dark_ramp_minus_uniform,0.125,4,cnn_minus_ln,difference,0.2642975291237235
67#21,PC_ON,Mach,bright_ramp_minus_uniform,0.125,4,cnn_minus_ln,difference,0.04947995254769921
67#21,PC_ON,Mach,dark_ramp_minus_uniform,0.125,8,cnn_minus_ln,difference,0.1560936919413507
67#21,PC_ON,Mach,bright_ramp_minus_uniform,0.125,8,cnn_minus_ln,difference,0.0254588364623487
67#21,PC_ON,Mach,dark_ramp_minus_uniform,0.125,12,cnn_minus_ln,difference,0.1030647112056613
67#21,PC_ON,Mach,bright_ramp_minus_uniform,0.125,12,cnn_minus_ln,difference,0.014721480896696448
67#21,PC_ON,Mach,dark_ramp_minus_uniform,0.125,16,cnn_minus_ln,difference,0.07579838531091809
67#21,PC_ON,Mach,bright_ramp_minus_uniform,0.125,16,cnn_minus_ln,difference,0.010566155542619526
67#21,PC_ON,Mach,dark_ramp_minus_uniform,0.25,0,cnn_minus_ln,difference,0.6834500953555107
67#21,PC_ON,Mach,bright_ramp_minus_uniform,0.25,0,cnn_minus_ln,difference,0.06794627476483583
67#21,PC_ON,Mach,dark_ramp_minus_uniform,0.25,2,cnn_minus_ln,difference,0.5910454876720905
67#21,PC_ON,Mach,bright_ramp_minus_uniform,0.25,2,cnn_minus_ln,difference,0.034176604356616735
67#21,PC_ON,Mach,dark_ramp_minus_uniform,0.25,4,cnn_minus_ln,difference,0.4317239988595247
67#21,PC_ON,Mach,bright_ramp_minus_uniform,0.25,4,cnn_minus_ln,difference,0.06082247430458665
67#21,PC_ON,Mach,dark_ramp_minus_uniform,0.25,8,cnn_minus_ln,difference,0.2717331172898412
67#21,PC_ON,Mach,bright_ramp_minus_uniform,0.25,8,cnn_minus_ln,difference,0.04161515971645713
67#21,PC_ON,Mach,dark_ramp_minus_uniform,0.25,12,cnn_minus_ln,difference,0.19211355969309807
67#21,PC_ON,Mach,bright_ramp_minus_uniform,0.25,12,cnn_minus_ln,difference,0.02400217787362635
67#21,PC_ON,Mach,dark_ramp_minus_uniform,0.25,16,cnn_minus_ln,difference,0.14970792224630713
67#21,PC_ON,Mach,bright_ramp_minus_uniform,0.25,16,cnn_minus_ln,difference,0.016684937640093267
67#21,PC_ON,Mach,dark_ramp_minus_uniform,0.375,0,cnn_minus_ln,difference,0.9147649928927422
67#21,PC_ON,Mach,bright_ramp_minus_uniform,0.375,0,cnn_minus_ln,difference,0.07275186944752932
67#21,PC_ON,Mach,dark_ramp_minus_uniform,0.375,2,cnn_minus_ln,difference,0.7956167086958885
67#21,PC_ON,Mach,bright_ramp_minus_uniform,0.375,2,cnn_minus_ln,difference,0.025602396577596664
67#21,PC_ON,Mach,dark_ramp_minus_uniform,0.375,4,cnn_minus_ln,difference,0.5951483733952045
67#21,PC_ON,Mach,bright_ramp_minus_uniform,0.375,4,cnn_minus_ln,difference,0.06867856811732054
67#21,PC_ON,Mach,dark_ramp_minus_uniform,0.375,8,cnn_minus_ln,difference,0.39462268725037575
67#21,PC_ON,Mach,bright_ramp_minus_uniform,0.375,8,cnn_minus_ln,difference,0.06068112142384052
67#21,PC_ON,Mach,dark_ramp_minus_uniform,0.375,12,cnn_minus_ln,difference,0.29155508894473314
67#21,PC_ON,Mach,bright_ramp_minus_uniform,0.375,12,cnn_minus_ln,difference,0.035091899102553725
67#21,PC_ON,Mach,dark_ramp_minus_uniform,0.375,16,cnn_minus_ln,difference,0.23305568285286427
67#21,PC_ON,Mach,bright_ramp_minus_uniform,0.375,16,cnn_minus_ln,difference,0.02481733961030841
67#21,PC_ON,Mach,dark_ramp_minus_uniform,0.5,0,cnn_minus_ln,difference,1.1392856389284134
67#21,PC_ON,Mach,bright_ramp_minus_uniform,0.5,0,cnn_minus_ln,difference,0.07749003730714321
67#21,PC_ON,Mach,dark_ramp_minus_uniform,0.5,2,cnn_minus_ln,difference,0.9955381974577904
67#21,PC_ON,Mach,bright_ramp_minus_uniform,0.5,2,cnn_minus_ln,difference,0.02077677333727479
67#21,PC_ON,Mach,dark_ramp_minus_uniform,0.5,4,cnn_minus_ln,difference,0.7557208277285099
67#21,PC_ON,Mach,bright_ramp_minus_uniform,0.5,4,cnn_minus_ln,difference,0.0760103715583682
67#21,PC_ON,Mach,dark_ramp_minus_uniform,0.5,8,cnn_minus_ln,difference,0.5175464823842049
67#21,PC_ON,Mach,bright_ramp_minus_uniform,0.5,8,cnn_minus_ln,difference,0.07935451855883002
67#21,PC_ON,Mach,dark_ramp_minus_uniform,0.5,12,cnn_minus_ln,difference,0.39174346439540386
67#21,PC_ON,Mach,bright_ramp_minus_uniform,0.5,12,cnn_minus_ln,difference,0.04737982014194131
67#21,PC_ON,Mach,dark_ramp_minus_uniform,0.5,16,cnn_minus_ln,difference,0.3132267855107784
67#21,PC_ON,Mach,bright_ramp_minus_uniform,0.5,16,cnn_minus_ln,difference,0.03443409572355449
67#26,PC_ON,SBC,bright_minus_dark,0.0,0,cnn_minus_ln,difference,0.0
67#26,PC_ON,SBC,bright_minus_dark,0.0,2,cnn_minus_ln,difference,0.0
67#26,PC_ON,SBC,bright_minus_dark,0.0,4,cnn_minus_ln,difference,0.0
67#26,PC_ON,SBC,bright_minus_dark,0.0,6,cnn_minus_ln,difference,0.0
67#26,PC_ON,SBC,bright_minus_dark,0.0,8,cnn_minus_ln,difference,0.0
67#26,PC_ON,SBC,bright_minus_dark,0.0625,0,cnn_minus_ln,difference,0.0
67#26,PC_ON,SBC,bright_minus_dark,0.0625,2,cnn_minus_ln,difference,0.02985371369868517
67#26,PC_ON,SBC,bright_minus_dark,0.0625,4,cnn_minus_ln,difference,0.11126051098108292
67#26,PC_ON,SBC,bright_minus_dark,0.0625,6,cnn_minus_ln,difference,0.13163882493972778
67#26,PC_ON,SBC,bright_minus_dark,0.0625,8,cnn_minus_ln,difference,0.12959273159503937
67#26,PC_ON,SBC,bright_minus_dark,0.125,0,cnn_minus_ln,difference,0.0
67#26,PC_ON,SBC,bright_minus_dark,0.125,2,cnn_minus_ln,difference,0.0574084110558033
67#26,PC_ON,SBC,bright_minus_dark,0.125,4,cnn_minus_ln,difference,0.17197686061263084
67#26,PC_ON,SBC,bright_minus_dark,0.125,6,cnn_minus_ln,difference,0.19818508997559547
67#26,PC_ON,SBC,bright_minus_dark,0.125,8,cnn_minus_ln,difference,0.19782908260822296
67#26,PC_ON,SBC,bright_minus_dark,0.25,0,cnn_minus_ln,difference,0.0
67#26,PC_ON,SBC,bright_minus_dark,0.25,2,cnn_minus_ln,difference,0.08348722010850906
67#26,PC_ON,SBC,bright_minus_dark,0.25,4,cnn_minus_ln,difference,0.24880151450634003
67#26,PC_ON,SBC,bright_minus_dark,0.25,6,cnn_minus_ln,difference,0.30098075419664383
67#26,PC_ON,SBC,bright_minus_dark,0.25,8,cnn_minus_ln,difference,0.30769529938697815
67#26,PC_ON,SBC,bright_minus_dark,0.375,0,cnn_minus_ln,difference,0.0
67#26,PC_ON,SBC,bright_minus_dark,0.375,2,cnn_minus_ln,difference,0.1004490777850151
67#26,PC_ON,SBC,bright_minus_dark,0.375,4,cnn_minus_ln,difference,0.3171484023332596
67#26,PC_ON,SBC,bright_minus_dark,0.375,6,cnn_minus_ln,difference,0.39953547716140747
67#26,PC_ON,SBC,bright_minus_dark,0.375,8,cnn_minus_ln,difference,0.41234953701496124
67#26,PC_ON,SBC,bright_minus_dark,0.5,0,cnn_minus_ln,difference,0.0
67#26,PC_ON,SBC,bright_minus_dark,0.5,2,cnn_minus_ln,difference,0.11520000547170639
67#26,PC_ON,SBC,bright_minus_dark,0.5,4,cnn_minus_ln,difference,0.3842587471008301
67#26,PC_ON,SBC,bright_minus_dark,0.5,6,cnn_minus_ln,difference,0.49429334700107574
67#26,PC_ON,SBC,bright_minus_dark,0.5,8,cnn_minus_ln,difference,0.5117081850767136
67#26,PC_ON,Mach,dark_ramp_minus_uniform,0.0,0,cnn_minus_ln,difference,0.0
67#26,PC_ON,Mach,bright_ramp_minus_uniform,0.0,0,cnn_minus_ln,difference,0.0
67#26,PC_ON,Mach,dark_ramp_minus_uniform,0.0,2,cnn_minus_ln,difference,0.0
67#26,PC_ON,Mach,bright_ramp_minus_uniform,0.0,2,cnn_minus_ln,difference,0.0
67#26,PC_ON,Mach,dark_ramp_minus_uniform,0.0,4,cnn_minus_ln,difference,0.0
67#26,PC_ON,Mach,bright_ramp_minus_uniform,0.0,4,cnn_minus_ln,difference,0.0
67#26,PC_ON,Mach,dark_ramp_minus_uniform,0.0,8,cnn_minus_ln,difference,0.0
67#26,PC_ON,Mach,bright_ramp_minus_uniform,0.0,8,cnn_minus_ln,difference,0.0
67#26,PC_ON,Mach,dark_ramp_minus_uniform,0.0,12,cnn_minus_ln,difference,0.0
67#26,PC_ON,Mach,bright_ramp_minus_uniform,0.0,12,cnn_minus_ln,difference,0.0
67#26,PC_ON,Mach,dark_ramp_minus_uniform,0.0,16,cnn_minus_ln,difference,0.0
67#26,PC_ON,Mach,bright_ramp_minus_uniform,0.0,16,cnn_minus_ln,difference,0.0
67#26,PC_ON,Mach,dark_ramp_minus_uniform,0.0625,0,cnn_minus_ln,difference,0.12508823722600937
67#26,PC_ON,Mach,bright_ramp_minus_uniform,0.0625,0,cnn_minus_ln,difference,0.017181813484057784
67#26,PC_ON,Mach,dark_ramp_minus_uniform,0.0625,2,cnn_minus_ln,difference,0.10741063952445984
67#26,PC_ON,Mach,bright_ramp_minus_uniform,0.0625,2,cnn_minus_ln,difference,0.012374337296932936
67#26,PC_ON,Mach,dark_ramp_minus_uniform,0.0625,4,cnn_minus_ln,difference,0.07129560597240925
67#26,PC_ON,Mach,bright_ramp_minus_uniform,0.0625,4,cnn_minus_ln,difference,0.013321415986865759
67#26,PC_ON,Mach,dark_ramp_minus_uniform,0.0625,8,cnn_minus_ln,difference,0.03499684948474169
67#26,PC_ON,Mach,bright_ramp_minus_uniform,0.0625,8,cnn_minus_ln,difference,0.007848453475162387
67#26,PC_ON,Mach,dark_ramp_minus_uniform,0.0625,12,cnn_minus_ln,difference,0.023377350764349103
67#26,PC_ON,Mach,bright_ramp_minus_uniform,0.0625,12,cnn_minus_ln,difference,0.006406271451851353
67#26,PC_ON,Mach,dark_ramp_minus_uniform,0.0625,16,cnn_minus_ln,difference,0.01756275538355112
67#26,PC_ON,Mach,bright_ramp_minus_uniform,0.0625,16,cnn_minus_ln,difference,0.005338036920875311
67#26,PC_ON,Mach,dark_ramp_minus_uniform,0.125,0,cnn_minus_ln,difference,0.2000543288886547
67#26,PC_ON,Mach,bright_ramp_minus_uniform,0.125,0,cnn_minus_ln,difference,0.036883838940411806
67#26,PC_ON,Mach,dark_ramp_minus_uniform,0.125,2,cnn_minus_ln,difference,0.17042605951428413
67#26,PC_ON,Mach,bright_ramp_minus_uniform,0.125,2,cnn_minus_ln,difference,0.030693220905959606
67#26,PC_ON,Mach,dark_ramp_minus_uniform,0.125,4,cnn_minus_ln,difference,0.11588914133608341
67#26,PC_ON,Mach,bright_ramp_minus_uniform,0.125,4,cnn_minus_ln,difference,0.028737370390444994
67#26,PC_ON,Mach,dark_ramp_minus_uniform,0.125,8,cnn_minus_ln,difference,0.0580467265099287
67#26,PC_ON,Mach,bright_ramp_minus_uniform,0.125,8,cnn_minus_ln,difference,0.014692429569549859
67#26,PC_ON,Mach,dark_ramp_minus_uniform,0.125,12,cnn_minus_ln,difference,0.038406295236200094
67#26,PC_ON,Mach,bright_ramp_minus_uniform,0.125,12,cnn_minus_ln,difference,0.00851275905733928
67#26,PC_ON,Mach,dark_ramp_minus_uniform,0.125,16,cnn_minus_ln,difference,0.02884096186608076
67#26,PC_ON,Mach,bright_ramp_minus_uniform,0.125,16,cnn_minus_ln,difference,0.005328186554834247
67#26,PC_ON,Mach,dark_ramp_minus_uniform,0.25,0,cnn_minus_ln,difference,0.31782247871160507
67#26,PC_ON,Mach,bright_ramp_minus_uniform,0.25,0,cnn_minus_ln,difference,0.06480174791067839
67#26,PC_ON,Mach,dark_ramp_minus_uniform,0.25,2,cnn_minus_ln,difference,0.27507875859737396
67#26,PC_ON,Mach,bright_ramp_minus_uniform,0.25,2,cnn_minus_ln,difference,0.056894248351454735
67#26,PC_ON,Mach,dark_ramp_minus_uniform,0.25,4,cnn_minus_ln,difference,0.18972889706492424
67#26,PC_ON,Mach,bright_ramp_minus_uniform,0.25,4,cnn_minus_ln,difference,0.049277837853878736
67#26,PC_ON,Mach,dark_ramp_minus_uniform,0.25,8,cnn_minus_ln,difference,0.10604473203420639
67#26,PC_ON,Mach,bright_ramp_minus_uniform,0.25,8,cnn_minus_ln,difference,0.02395817870274186
67#26,PC_ON,Mach,dark_ramp_minus_uniform,0.25,12,cnn_minus_ln,difference,0.07515848055481911
67#26,PC_ON,Mach,bright_ramp_minus_uniform,0.25,12,cnn_minus_ln,difference,0.012375156162306666
67#26,PC_ON,Mach,dark_ramp_minus_uniform,0.25,16,cnn_minus_ln,difference,0.060878329910337925
67#26,PC_ON,Mach,bright_ramp_minus_uniform,0.25,16,cnn_minus_ln,difference,0.007760282140225172
67#26,PC_ON,Mach,dark_ramp_minus_uniform,0.375,0,cnn_minus_ln,difference,0.4342578649520874
67#26,PC_ON,Mach,bright_ramp_minus_uniform,0.375,0,cnn_minus_ln,difference,0.0904131717979908
67#26,PC_ON,Mach,dark_ramp_minus_uniform,0.375,2,cnn_minus_ln,difference,0.3811563029885292
67#26,PC_ON,Mach,bright_ramp_minus_uniform,0.375,2,cnn_minus_ln,difference,0.08162646554410458
67#26,PC_ON,Mach,dark_ramp_minus_uniform,0.375,4,cnn_minus_ln,difference,0.2663738802075386
67#26,PC_ON,Mach,bright_ramp_minus_uniform,0.375,4,cnn_minus_ln,difference,0.06909581553190947
67#26,PC_ON,Mach,dark_ramp_minus_uniform,0.375,8,cnn_minus_ln,difference,0.15682969614863396
67#26,PC_ON,Mach,bright_ramp_minus_uniform,0.375,8,cnn_minus_ln,difference,0.03404846624471247
67#26,PC_ON,Mach,dark_ramp_minus_uniform,0.375,12,cnn_minus_ln,difference,0.11635406129062176
67#26,PC_ON,Mach,bright_ramp_minus_uniform,0.375,12,cnn_minus_ln,difference,0.017394578084349632
67#26,PC_ON,Mach,dark_ramp_minus_uniform,0.375,16,cnn_minus_ln,difference,0.0949578508734703
67#26,PC_ON,Mach,bright_ramp_minus_uniform,0.375,16,cnn_minus_ln,difference,0.011425872566178441
67#26,PC_ON,Mach,dark_ramp_minus_uniform,0.5,0,cnn_minus_ln,difference,0.545892059803009
67#26,PC_ON,Mach,bright_ramp_minus_uniform,0.5,0,cnn_minus_ln,difference,0.1155109591782093
67#26,PC_ON,Mach,dark_ramp_minus_uniform,0.5,2,cnn_minus_ln,difference,0.4804803282022476
67#26,PC_ON,Mach,bright_ramp_minus_uniform,0.5,2,cnn_minus_ln,difference,0.10695425048470497
67#26,PC_ON,Mach,dark_ramp_minus_uniform,0.5,4,cnn_minus_ln,difference,0.3390843793749809
67#26,PC_ON,Mach,bright_ramp_minus_uniform,0.5,4,cnn_minus_ln,difference,0.0904266880825162
67#26,PC_ON,Mach,dark_ramp_minus_uniform,0.5,8,cnn_minus_ln,difference,0.206494502723217
67#26,PC_ON,Mach,bright_ramp_minus_uniform,0.5,8,cnn_minus_ln,difference,0.04630866600200534
67#26,PC_ON,Mach,dark_ramp_minus_uniform,0.5,12,cnn_minus_ln,difference,0.1558612436056137
67#26,PC_ON,Mach,bright_ramp_minus_uniform,0.5,12,cnn_minus_ln,difference,0.024804557906463742
67#26,PC_ON,Mach,dark_ramp_minus_uniform,0.5,16,cnn_minus_ln,difference,0.12596538104116917
67#26,PC_ON,Mach,bright_ramp_minus_uniform,0.5,16,cnn_minus_ln,difference,0.017554240999743342
67#33,MC_OFF,SBC,bright_minus_dark,0.0,0,cnn_minus_ln,difference,0.0
67#33,MC_OFF,SBC,bright_minus_dark,0.0,2,cnn_minus_ln,difference,0.0
67#33,MC_OFF,SBC,bright_minus_dark,0.0,4,cnn_minus_ln,difference,0.0
67#33,MC_OFF,SBC,bright_minus_dark,0.0,6,cnn_minus_ln,difference,0.0
67#33,MC_OFF,SBC,bright_minus_dark,0.0,8,cnn_minus_ln,difference,0.0
67#33,MC_OFF,SBC,bright_minus_dark,0.0625,0,cnn_minus_ln,difference,0.0
67#33,MC_OFF,SBC,bright_minus_dark,0.0625,2,cnn_minus_ln,difference,-0.15635015442967415
67#33,MC_OFF,SBC,bright_minus_dark,0.0625,4,cnn_minus_ln,difference,-0.3391961231827736
67#33,MC_OFF,SBC,bright_minus_dark,0.0625,6,cnn_minus_ln,difference,-0.31715790182352066
67#33,MC_OFF,SBC,bright_minus_dark,0.0625,8,cnn_minus_ln,difference,-0.29169174283742905
67#33,MC_OFF,SBC,bright_minus_dark,0.125,0,cnn_minus_ln,difference,0.0
67#33,MC_OFF,SBC,bright_minus_dark,0.125,2,cnn_minus_ln,difference,-0.2581384629011154
67#33,MC_OFF,SBC,bright_minus_dark,0.125,4,cnn_minus_ln,difference,-0.49646565318107605
67#33,MC_OFF,SBC,bright_minus_dark,0.125,6,cnn_minus_ln,difference,-0.4507952332496643
67#33,MC_OFF,SBC,bright_minus_dark,0.125,8,cnn_minus_ln,difference,-0.4215025454759598
67#33,MC_OFF,SBC,bright_minus_dark,0.25,0,cnn_minus_ln,difference,0.0
67#33,MC_OFF,SBC,bright_minus_dark,0.25,2,cnn_minus_ln,difference,-0.38194699585437775
67#33,MC_OFF,SBC,bright_minus_dark,0.25,4,cnn_minus_ln,difference,-0.5989618301391602
67#33,MC_OFF,SBC,bright_minus_dark,0.25,6,cnn_minus_ln,difference,-0.5055971145629883
67#33,MC_OFF,SBC,bright_minus_dark,0.25,8,cnn_minus_ln,difference,-0.4374951422214508
67#33,MC_OFF,SBC,bright_minus_dark,0.375,0,cnn_minus_ln,difference,0.0
67#33,MC_OFF,SBC,bright_minus_dark,0.375,2,cnn_minus_ln,difference,-0.43472227454185486
67#33,MC_OFF,SBC,bright_minus_dark,0.375,4,cnn_minus_ln,difference,-0.6328843533992767
67#33,MC_OFF,SBC,bright_minus_dark,0.375,6,cnn_minus_ln,difference,-0.4717395305633545
67#33,MC_OFF,SBC,bright_minus_dark,0.375,8,cnn_minus_ln,difference,-0.3706181049346924
67#33,MC_OFF,SBC,bright_minus_dark,0.5,0,cnn_minus_ln,difference,0.0
67#33,MC_OFF,SBC,bright_minus_dark,0.5,2,cnn_minus_ln,difference,-0.4533548057079315
67#33,MC_OFF,SBC,bright_minus_dark,0.5,4,cnn_minus_ln,difference,-0.6362127065658569
67#33,MC_OFF,SBC,bright_minus_dark,0.5,6,cnn_minus_ln,difference,-0.42802178859710693
67#33,MC_OFF,SBC,bright_minus_dark,0.5,8,cnn_minus_ln,difference,-0.2965533137321472
67#33,MC_OFF,Mach,dark_ramp_minus_uniform,0.0,0,cnn_minus_ln,difference,0.0
67#33,MC_OFF,Mach,bright_ramp_minus_uniform,0.0,0,cnn_minus_ln,difference,0.0
67#33,MC_OFF,Mach,dark_ramp_minus_uniform,0.0,2,cnn_minus_ln,difference,0.0
67#33,MC_OFF,Mach,bright_ramp_minus_uniform,0.0,2,cnn_minus_ln,difference,0.0
67#33,MC_OFF,Mach,dark_ramp_minus_uniform,0.0,4,cnn_minus_ln,difference,0.0
67#33,MC_OFF,Mach,bright_ramp_minus_uniform,0.0,4,cnn_minus_ln,difference,0.0
67#33,MC_OFF,Mach,dark_ramp_minus_uniform,0.0,8,cnn_minus_ln,difference,0.0
67#33,MC_OFF,Mach,bright_ramp_minus_uniform,0.0,8,cnn_minus_ln,difference,0.0
67#33,MC_OFF,Mach,dark_ramp_minus_uniform,0.0,12,cnn_minus_ln,difference,0.0
67#33,MC_OFF,Mach,bright_ramp_minus_uniform,0.0,12,cnn_minus_ln,difference,0.0
67#33,MC_OFF,Mach,dark_ramp_minus_uniform,0.0,16,cnn_minus_ln,difference,0.0
67#33,MC_OFF,Mach,bright_ramp_minus_uniform,0.0,16,cnn_minus_ln,difference,0.0
67#33,MC_OFF,Mach,dark_ramp_minus_uniform,0.0625,0,cnn_minus_ln,difference,-0.1923951469361782
67#33,MC_OFF,Mach,bright_ramp_minus_uniform,0.0625,0,cnn_minus_ln,difference,0.05567432753741741
67#33,MC_OFF,Mach,dark_ramp_minus_uniform,0.0625,2,cnn_minus_ln,difference,-0.1658683493733406
67#33,MC_OFF,Mach,bright_ramp_minus_uniform,0.0625,2,cnn_minus_ln,difference,0.07957056723535061
67#33,MC_OFF,Mach,dark_ramp_minus_uniform,0.0625,4,cnn_minus_ln,difference,-0.11399468872696161
67#33,MC_OFF,Mach,bright_ramp_minus_uniform,0.0625,4,cnn_minus_ln,difference,0.022185014560818672
67#33,MC_OFF,Mach,dark_ramp_minus_uniform,0.0625,8,cnn_minus_ln,difference,-0.058292021974921227
67#33,MC_OFF,Mach,bright_ramp_minus_uniform,0.0625,8,cnn_minus_ln,difference,-0.013240694534033537
67#33,MC_OFF,Mach,dark_ramp_minus_uniform,0.0625,12,cnn_minus_ln,difference,-0.03644487075507641
67#33,MC_OFF,Mach,bright_ramp_minus_uniform,0.0625,12,cnn_minus_ln,difference,-0.007163818459957838
67#33,MC_OFF,Mach,dark_ramp_minus_uniform,0.0625,16,cnn_minus_ln,difference,-0.02608730085194111
67#33,MC_OFF,Mach,bright_ramp_minus_uniform,0.0625,16,cnn_minus_ln,difference,-0.0018920977599918842
67#33,MC_OFF,Mach,dark_ramp_minus_uniform,0.125,0,cnn_minus_ln,difference,-0.2385331317782402
67#33,MC_OFF,Mach,bright_ramp_minus_uniform,0.125,0,cnn_minus_ln,difference,0.07961273193359375
67#33,MC_OFF,Mach,dark_ramp_minus_uniform,0.125,2,cnn_minus_ln,difference,-0.2066093496978283
67#33,MC_OFF,Mach,bright_ramp_minus_uniform,0.125,2,cnn_minus_ln,difference,0.10530154779553413
67#33,MC_OFF,Mach,dark_ramp_minus_uniform,0.125,4,cnn_minus_ln,difference,-0.13424676656723022
67#33,MC_OFF,Mach,bright_ramp_minus_uniform,0.125,4,cnn_minus_ln,difference,0.01900821551680565
67#33,MC_OFF,Mach,dark_ramp_minus_uniform,0.125,8,cnn_minus_ln,difference,-0.058605823665857315
67#33,MC_OFF,Mach,bright_ramp_minus_uniform,0.125,8,cnn_minus_ln,difference,-0.03541894815862179
67#33,MC_OFF,Mach,dark_ramp_minus_uniform,0.125,12,cnn_minus_ln,difference,-0.032292659394443035
67#33,MC_OFF,Mach,bright_ramp_minus_uniform,0.125,12,cnn_minus_ln,difference,-0.014983137603849173
67#33,MC_OFF,Mach,dark_ramp_minus_uniform,0.125,16,cnn_minus_ln,difference,-0.024179267697036266
67#33,MC_OFF,Mach,bright_ramp_minus_uniform,0.125,16,cnn_minus_ln,difference,-0.005279214819893241
67#33,MC_OFF,Mach,dark_ramp_minus_uniform,0.25,0,cnn_minus_ln,difference,-0.22077612578868866
67#33,MC_OFF,Mach,bright_ramp_minus_uniform,0.25,0,cnn_minus_ln,difference,0.06979113817214966
67#33,MC_OFF,Mach,dark_ramp_minus_uniform,0.25,2,cnn_minus_ln,difference,-0.18826469779014587
67#33,MC_OFF,Mach,bright_ramp_minus_uniform,0.25,2,cnn_minus_ln,difference,0.09492957592010498
67#33,MC_OFF,Mach,dark_ramp_minus_uniform,0.25,4,cnn_minus_ln,difference,-0.1047545000910759
67#33,MC_OFF,Mach,bright_ramp_minus_uniform,0.25,4,cnn_minus_ln,difference,-0.00625300407409668
67#33,MC_OFF,Mach,dark_ramp_minus_uniform,0.25,8,cnn_minus_ln,difference,-0.016746800392866135
67#33,MC_OFF,Mach,bright_ramp_minus_uniform,0.25,8,cnn_minus_ln,difference,-0.07642197608947754
67#33,MC_OFF,Mach,dark_ramp_minus_uniform,0.25,12,cnn_minus_ln,difference,0.0064566293731331825
67#33,MC_OFF,Mach,bright_ramp_minus_uniform,0.25,12,cnn_minus_ln,difference,-0.02649978781118989
67#33,MC_OFF,Mach,dark_ramp_minus_uniform,0.25,16,cnn_minus_ln,difference,0.015287550602806732
67#33,MC_OFF,Mach,bright_ramp_minus_uniform,0.25,16,cnn_minus_ln,difference,-0.008609517477452755
67#33,MC_OFF,Mach,dark_ramp_minus_uniform,0.375,0,cnn_minus_ln,difference,-0.17065326869487762
67#33,MC_OFF,Mach,bright_ramp_minus_uniform,0.375,0,cnn_minus_ln,difference,0.04213150590658188
67#33,MC_OFF,Mach,dark_ramp_minus_uniform,0.375,2,cnn_minus_ln,difference,-0.14985820651054382
67#33,MC_OFF,Mach,bright_ramp_minus_uniform,0.375,2,cnn_minus_ln,difference,0.06485459208488464
67#33,MC_OFF,Mach,dark_ramp_minus_uniform,0.375,4,cnn_minus_ln,difference,-0.06524171680212021
67#33,MC_OFF,Mach,bright_ramp_minus_uniform,0.375,4,cnn_minus_ln,difference,-0.0539904348552227
67#33,MC_OFF,Mach,dark_ramp_minus_uniform,0.375,8,cnn_minus_ln,difference,0.03571110591292381
67#33,MC_OFF,Mach,bright_ramp_minus_uniform,0.375,8,cnn_minus_ln,difference,-0.10738438740372658
67#33,MC_OFF,Mach,dark_ramp_minus_uniform,0.375,12,cnn_minus_ln,difference,0.054389432072639465
67#33,MC_OFF,Mach,bright_ramp_minus_uniform,0.375,12,cnn_minus_ln,difference,-0.034573856042698026
67#33,MC_OFF,Mach,dark_ramp_minus_uniform,0.375,16,cnn_minus_ln,difference,0.0529027096927166
67#33,MC_OFF,Mach,bright_ramp_minus_uniform,0.375,16,cnn_minus_ln,difference,-0.011575826443731785
67#33,MC_OFF,Mach,dark_ramp_minus_uniform,0.5,0,cnn_minus_ln,difference,-0.1342460811138153
67#33,MC_OFF,Mach,bright_ramp_minus_uniform,0.5,0,cnn_minus_ln,difference,0.014203980565071106
67#33,MC_OFF,Mach,dark_ramp_minus_uniform,0.5,2,cnn_minus_ln,difference,-0.11931337416172028
67#33,MC_OFF,Mach,bright_ramp_minus_uniform,0.5,2,cnn_minus_ln,difference,0.03628358244895935
67#33,MC_OFF,Mach,dark_ramp_minus_uniform,0.5,4,cnn_minus_ln,difference,-0.03202950954437256
67#33,MC_OFF,Mach,bright_ramp_minus_uniform,0.5,4,cnn_minus_ln,difference,-0.10496759787201881
67#33,MC_OFF,Mach,dark_ramp_minus_uniform,0.5,8,cnn_minus_ln,difference,0.07562251202762127
67#33,MC_OFF,Mach,bright_ramp_minus_uniform,0.5,8,cnn_minus_ln,difference,-0.1348690316081047
67#33,MC_OFF,Mach,dark_ramp_minus_uniform,0.5,12,cnn_minus_ln,difference,0.08866383880376816
67#33,MC_OFF,Mach,bright_ramp_minus_uniform,0.5,12,cnn_minus_ln,difference,-0.04194211115827784
67#33,MC_OFF,Mach,dark_ramp_minus_uniform,0.5,16,cnn_minus_ln,difference,0.07220505177974701
67#33,MC_OFF,Mach,bright_ramp_minus_uniform,0.5,16,cnn_minus_ln,difference,-0.015168897807598114
67#34,PC_ON,SBC,bright_minus_dark,0.0,0,cnn_minus_ln,difference,0.0
67#34,PC_ON,SBC,bright_minus_dark,0.0,2,cnn_minus_ln,difference,0.0
67#34,PC_ON,SBC,bright_minus_dark,0.0,4,cnn_minus_ln,difference,0.0
67#34,PC_ON,SBC,bright_minus_dark,0.0,6,cnn_minus_ln,difference,0.0
67#34,PC_ON,SBC,bright_minus_dark,0.0,8,cnn_minus_ln,difference,0.0
67#34,PC_ON,SBC,bright_minus_dark,0.0625,0,cnn_minus_ln,difference,0.0
67#34,PC_ON,SBC,bright_minus_dark,0.0625,2,cnn_minus_ln,difference,0.14235148392617702
67#34,PC_ON,SBC,bright_minus_dark,0.0625,4,cnn_minus_ln,difference,0.38399795070290565
67#34,PC_ON,SBC,bright_minus_dark,0.0625,6,cnn_minus_ln,difference,0.401407640427351
67#34,PC_ON,SBC,bright_minus_dark,0.0625,8,cnn_minus_ln,difference,0.38382140174508095
67#34,PC_ON,SBC,bright_minus_dark,0.125,0,cnn_minus_ln,difference,0.0
67#34,PC_ON,SBC,bright_minus_dark,0.125,2,cnn_minus_ln,difference,0.25359055772423744
67#34,PC_ON,SBC,bright_minus_dark,0.125,4,cnn_minus_ln,difference,0.5529122054576874
67#34,PC_ON,SBC,bright_minus_dark,0.125,6,cnn_minus_ln,difference,0.5673229768872261
67#34,PC_ON,SBC,bright_minus_dark,0.125,8,cnn_minus_ln,difference,0.5516905412077904
67#34,PC_ON,SBC,bright_minus_dark,0.25,0,cnn_minus_ln,difference,0.0
67#34,PC_ON,SBC,bright_minus_dark,0.25,2,cnn_minus_ln,difference,0.38574765622615814
67#34,PC_ON,SBC,bright_minus_dark,0.25,4,cnn_minus_ln,difference,0.7888475507497787
67#34,PC_ON,SBC,bright_minus_dark,0.25,6,cnn_minus_ln,difference,0.8504208326339722
67#34,PC_ON,SBC,bright_minus_dark,0.25,8,cnn_minus_ln,difference,0.8297898918390274
67#34,PC_ON,SBC,bright_minus_dark,0.375,0,cnn_minus_ln,difference,0.0
67#34,PC_ON,SBC,bright_minus_dark,0.375,2,cnn_minus_ln,difference,0.4748259633779526
67#34,PC_ON,SBC,bright_minus_dark,0.375,4,cnn_minus_ln,difference,1.0022665560245514
67#34,PC_ON,SBC,bright_minus_dark,0.375,6,cnn_minus_ln,difference,1.1197155714035034
67#34,PC_ON,SBC,bright_minus_dark,0.375,8,cnn_minus_ln,difference,1.0924051105976105
67#34,PC_ON,SBC,bright_minus_dark,0.5,0,cnn_minus_ln,difference,0.0
67#34,PC_ON,SBC,bright_minus_dark,0.5,2,cnn_minus_ln,difference,0.5517186671495438
67#34,PC_ON,SBC,bright_minus_dark,0.5,4,cnn_minus_ln,difference,1.2100845873355865
67#34,PC_ON,SBC,bright_minus_dark,0.5,6,cnn_minus_ln,difference,1.3840921223163605
67#34,PC_ON,SBC,bright_minus_dark,0.5,8,cnn_minus_ln,difference,1.3502963483333588
67#34,PC_ON,Mach,dark_ramp_minus_uniform,0.0,0,cnn_minus_ln,difference,0.0
67#34,PC_ON,Mach,bright_ramp_minus_uniform,0.0,0,cnn_minus_ln,difference,0.0
67#34,PC_ON,Mach,dark_ramp_minus_uniform,0.0,2,cnn_minus_ln,difference,0.0
67#34,PC_ON,Mach,bright_ramp_minus_uniform,0.0,2,cnn_minus_ln,difference,0.0
67#34,PC_ON,Mach,dark_ramp_minus_uniform,0.0,4,cnn_minus_ln,difference,0.0
67#34,PC_ON,Mach,bright_ramp_minus_uniform,0.0,4,cnn_minus_ln,difference,0.0
67#34,PC_ON,Mach,dark_ramp_minus_uniform,0.0,8,cnn_minus_ln,difference,0.0
67#34,PC_ON,Mach,bright_ramp_minus_uniform,0.0,8,cnn_minus_ln,difference,0.0
67#34,PC_ON,Mach,dark_ramp_minus_uniform,0.0,12,cnn_minus_ln,difference,0.0
67#34,PC_ON,Mach,bright_ramp_minus_uniform,0.0,12,cnn_minus_ln,difference,0.0
67#34,PC_ON,Mach,dark_ramp_minus_uniform,0.0,16,cnn_minus_ln,difference,0.0
67#34,PC_ON,Mach,bright_ramp_minus_uniform,0.0,16,cnn_minus_ln,difference,0.0
67#34,PC_ON,Mach,dark_ramp_minus_uniform,0.0625,0,cnn_minus_ln,difference,0.0931838359683752
67#34,PC_ON,Mach,bright_ramp_minus_uniform,0.0625,0,cnn_minus_ln,difference,-0.14542965963482857
67#34,PC_ON,Mach,dark_ramp_minus_uniform,0.0625,2,cnn_minus_ln,difference,0.06048248149454594
67#34,PC_ON,Mach,bright_ramp_minus_uniform,0.0625,2,cnn_minus_ln,difference,-0.18931013718247414
67#34,PC_ON,Mach,dark_ramp_minus_uniform,0.0625,4,cnn_minus_ln,difference,0.017991153988987207
67#34,PC_ON,Mach,bright_ramp_minus_uniform,0.0625,4,cnn_minus_ln,difference,-0.10193085670471191
67#34,PC_ON,Mach,dark_ramp_minus_uniform,0.0625,8,cnn_minus_ln,difference,0.00048158178105950356
67#34,PC_ON,Mach,bright_ramp_minus_uniform,0.0625,8,cnn_minus_ln,difference,-0.018792597576975822
67#34,PC_ON,Mach,dark_ramp_minus_uniform,0.0625,12,cnn_minus_ln,difference,0.0011604467872530222
67#34,PC_ON,Mach,bright_ramp_minus_uniform,0.0625,12,cnn_minus_ln,difference,-0.005549121415242553
67#34,PC_ON,Mach,dark_ramp_minus_uniform,0.0625,16,cnn_minus_ln,difference,0.0014427186688408256
67#34,PC_ON,Mach,bright_ramp_minus_uniform,0.0625,16,cnn_minus_ln,difference,-0.0038204907905310392
67#34,PC_ON,Mach,dark_ramp_minus_uniform,0.125,0,cnn_minus_ln,difference,0.1472269557416439
67#34,PC_ON,Mach,bright_ramp_minus_uniform,0.125,0,cnn_minus_ln,difference,-0.19631846621632576
67#34,PC_ON,Mach,dark_ramp_minus_uniform,0.125,2,cnn_minus_ln,difference,0.10212070122361183
67#34,PC_ON,Mach,bright_ramp_minus_uniform,0.125,2,cnn_minus_ln,difference,-0.252530500292778
67#34,PC_ON,Mach,dark_ramp_minus_uniform,0.125,4,cnn_minus_ln,difference,0.03730649035423994
67#34,PC_ON,Mach,bright_ramp_minus_uniform,0.125,4,cnn_minus_ln,difference,-0.12603437528014183
67#34,PC_ON,Mach,dark_ramp_minus_uniform,0.125,8,cnn_minus_ln,difference,0.0060651302337646484
67#34,PC_ON,Mach,bright_ramp_minus_uniform,0.125,8,cnn_minus_ln,difference,-0.007663496769964695
67#34,PC_ON,Mach,dark_ramp_minus_uniform,0.125,12,cnn_minus_ln,difference,0.009848968125879765
67#34,PC_ON,Mach,bright_ramp_minus_uniform,0.125,12,cnn_minus_ln,difference,-0.00014131050556898117
67#34,PC_ON,Mach,dark_ramp_minus_uniform,0.125,16,cnn_minus_ln,difference,0.009633882902562618
67#34,PC_ON,Mach,bright_ramp_minus_uniform,0.125,16,cnn_minus_ln,difference,-0.004520535934716463
67#34,PC_ON,Mach,dark_ramp_minus_uniform,0.25,0,cnn_minus_ln,difference,0.2668243870139122
67#34,PC_ON,Mach,bright_ramp_minus_uniform,0.25,0,cnn_minus_ln,difference,-0.2736127898097038
67#34,PC_ON,Mach,dark_ramp_minus_uniform,0.25,2,cnn_minus_ln,difference,0.19304268062114716
67#34,PC_ON,Mach,bright_ramp_minus_uniform,0.25,2,cnn_minus_ln,difference,-0.35713016986846924
67#34,PC_ON,Mach,dark_ramp_minus_uniform,0.25,4,cnn_minus_ln,difference,0.08944645151495934
67#34,PC_ON,Mach,bright_ramp_minus_uniform,0.25,4,cnn_minus_ln,difference,-0.166279636323452
67#34,PC_ON,Mach,dark_ramp_minus_uniform,0.25,8,cnn_minus_ln,difference,0.03176167141646147
67#34,PC_ON,Mach,bright_ramp_minus_uniform,0.25,8,cnn_minus_ln,difference,0.008984549902379513
67#34,PC_ON,Mach,dark_ramp_minus_uniform,0.25,12,cnn_minus_ln,difference,0.028571504168212414
67#34,PC_ON,Mach,bright_ramp_minus_uniform,0.25,12,cnn_minus_ln,difference,0.0116470733191818
67#34,PC_ON,Mach,dark_ramp_minus_uniform,0.25,16,cnn_minus_ln,difference,0.022236538119614124
67#34,PC_ON,Mach,bright_ramp_minus_uniform,0.25,16,cnn_minus_ln,difference,0.002465995028614998
67#34,PC_ON,Mach,dark_ramp_minus_uniform,0.375,0,cnn_minus_ln,difference,0.39064908027648926
67#34,PC_ON,Mach,bright_ramp_minus_uniform,0.375,0,cnn_minus_ln,difference,-0.3418833687901497
67#34,PC_ON,Mach,dark_ramp_minus_uniform,0.375,2,cnn_minus_ln,difference,0.2896508276462555
67#34,PC_ON,Mach,bright_ramp_minus_uniform,0.375,2,cnn_minus_ln,difference,-0.44963470846414566
67#34,PC_ON,Mach,dark_ramp_minus_uniform,0.375,4,cnn_minus_ln,difference,0.1493653804063797
67#34,PC_ON,Mach,bright_ramp_minus_uniform,0.375,4,cnn_minus_ln,difference,-0.2023162916302681
67#34,PC_ON,Mach,dark_ramp_minus_uniform,0.375,8,cnn_minus_ln,difference,0.06008183769881725
67#34,PC_ON,Mach,bright_ramp_minus_uniform,0.375,8,cnn_minus_ln,difference,0.01866973005235195
67#34,PC_ON,Mach,dark_ramp_minus_uniform,0.375,12,cnn_minus_ln,difference,0.04453856125473976
67#34,PC_ON,Mach,bright_ramp_minus_uniform,0.375,12,cnn_minus_ln,difference,0.02052387746516615
67#34,PC_ON,Mach,dark_ramp_minus_uniform,0.375,16,cnn_minus_ln,difference,0.03370540775358677
67#34,PC_ON,Mach,bright_ramp_minus_uniform,0.375,16,cnn_minus_ln,difference,0.0068108271807432175
67#34,PC_ON,Mach,dark_ramp_minus_uniform,0.5,0,cnn_minus_ln,difference,0.5130475163459778
67#34,PC_ON,Mach,bright_ramp_minus_uniform,0.5,0,cnn_minus_ln,difference,-0.40972132235765457
67#34,PC_ON,Mach,dark_ramp_minus_uniform,0.5,2,cnn_minus_ln,difference,0.38530483841896057
67#34,PC_ON,Mach,bright_ramp_minus_uniform,0.5,2,cnn_minus_ln,difference,-0.5407469272613525
67#34,PC_ON,Mach,dark_ramp_minus_uniform,0.5,4,cnn_minus_ln,difference,0.20924673601984978
67#34,PC_ON,Mach,bright_ramp_minus_uniform,0.5,4,cnn_minus_ln,difference,-0.23843511193990707
67#34,PC_ON,Mach,dark_ramp_minus_uniform,0.5,8,cnn_minus_ln,difference,0.08691134490072727
67#34,PC_ON,Mach,bright_ramp_minus_uniform,0.5,8,cnn_minus_ln,difference,0.026817752048373222
67#34,PC_ON,Mach,dark_ramp_minus_uniform,0.5,12,cnn_minus_ln,difference,0.05914873257279396
67#34,PC_ON,Mach,bright_ramp_minus_uniform,0.5,12,cnn_minus_ln,difference,0.026163585716858506
67#34,PC_ON,Mach,dark_ramp_minus_uniform,0.5,16,cnn_minus_ln,difference,0.044551228173077106
67#34,PC_ON,Mach,bright_ramp_minus_uniform,0.5,16,cnn_minus_ln,difference,0.008048816584050655
68#3,MC_OFF,SBC,bright_minus_dark,0.0,0,cnn_minus_ln,difference,0.0
68#3,MC_OFF,SBC,bright_minus_dark,0.0,2,cnn_minus_ln,difference,0.0
68#3,MC_OFF,SBC,bright_minus_dark,0.0,4,cnn_minus_ln,difference,0.0
68#3,MC_OFF,SBC,bright_minus_dark,0.0,6,cnn_minus_ln,difference,0.0
68#3,MC_OFF,SBC,bright_minus_dark,0.0,8,cnn_minus_ln,difference,0.0
68#3,MC_OFF,SBC,bright_minus_dark,0.0625,0,cnn_minus_ln,difference,0.0
68#3,MC_OFF,SBC,bright_minus_dark,0.0625,2,cnn_minus_ln,difference,-0.10765328072011471
68#3,MC_OFF,SBC,bright_minus_dark,0.0625,4,cnn_minus_ln,difference,-0.219795823097229
68#3,MC_OFF,SBC,bright_minus_dark,0.0625,6,cnn_minus_ln,difference,-0.21079326421022415
68#3,MC_OFF,SBC,bright_minus_dark,0.0625,8,cnn_minus_ln,difference,-0.18753307312726974
68#3,MC_OFF,SBC,bright_minus_dark,0.125,0,cnn_minus_ln,difference,0.0
68#3,MC_OFF,SBC,bright_minus_dark,0.125,2,cnn_minus_ln,difference,-0.18817509710788727
68#3,MC_OFF,SBC,bright_minus_dark,0.125,4,cnn_minus_ln,difference,-0.3889101594686508
68#3,MC_OFF,SBC,bright_minus_dark,0.125,6,cnn_minus_ln,difference,-0.36062194406986237
68#3,MC_OFF,SBC,bright_minus_dark,0.125,8,cnn_minus_ln,difference,-0.3219544440507889
68#3,MC_OFF,SBC,bright_minus_dark,0.25,0,cnn_minus_ln,difference,0.0
68#3,MC_OFF,SBC,bright_minus_dark,0.25,2,cnn_minus_ln,difference,-0.32517679035663605
68#3,MC_OFF,SBC,bright_minus_dark,0.25,4,cnn_minus_ln,difference,-0.5641670525074005
68#3,MC_OFF,SBC,bright_minus_dark,0.25,6,cnn_minus_ln,difference,-0.496200293302536
68#3,MC_OFF,SBC,bright_minus_dark,0.25,8,cnn_minus_ln,difference,-0.44258812069892883
68#3,MC_OFF,SBC,bright_minus_dark,0.375,0,cnn_minus_ln,difference,0.0
68#3,MC_OFF,SBC,bright_minus_dark,0.375,2,cnn_minus_ln,difference,-0.42447537183761597
68#3,MC_OFF,SBC,bright_minus_dark,0.375,4,cnn_minus_ln,difference,-0.6668604910373688
68#3,MC_OFF,SBC,bright_minus_dark,0.375,6,cnn_minus_ln,difference,-0.5825059711933136
68#3,MC_OFF,SBC,bright_minus_dark,0.375,8,cnn_minus_ln,difference,-0.5089887082576752
68#3,MC_OFF,SBC,bright_minus_dark,0.5,0,cnn_minus_ln,difference,0.0
68#3,MC_OFF,SBC,bright_minus_dark,0.5,2,cnn_minus_ln,difference,-0.5006842464208603
68#3,MC_OFF,SBC,bright_minus_dark,0.5,4,cnn_minus_ln,difference,-0.7579672336578369
68#3,MC_OFF,SBC,bright_minus_dark,0.5,6,cnn_minus_ln,difference,-0.6614441871643066
68#3,MC_OFF,SBC,bright_minus_dark,0.5,8,cnn_minus_ln,difference,-0.5660277605056763
68#3,MC_OFF,Mach,dark_ramp_minus_uniform,0.0,0,cnn_minus_ln,difference,0.0
68#3,MC_OFF,Mach,bright_ramp_minus_uniform,0.0,0,cnn_minus_ln,difference,0.0
68#3,MC_OFF,Mach,dark_ramp_minus_uniform,0.0,2,cnn_minus_ln,difference,0.0
68#3,MC_OFF,Mach,bright_ramp_minus_uniform,0.0,2,cnn_minus_ln,difference,0.0
68#3,MC_OFF,Mach,dark_ramp_minus_uniform,0.0,4,cnn_minus_ln,difference,0.0
68#3,MC_OFF,Mach,bright_ramp_minus_uniform,0.0,4,cnn_minus_ln,difference,0.0
68#3,MC_OFF,Mach,dark_ramp_minus_uniform,0.0,8,cnn_minus_ln,difference,0.0
68#3,MC_OFF,Mach,bright_ramp_minus_uniform,0.0,8,cnn_minus_ln,difference,0.0
68#3,MC_OFF,Mach,dark_ramp_minus_uniform,0.0,12,cnn_minus_ln,difference,0.0
68#3,MC_OFF,Mach,bright_ramp_minus_uniform,0.0,12,cnn_minus_ln,difference,0.0
68#3,MC_OFF,Mach,dark_ramp_minus_uniform,0.0,16,cnn_minus_ln,difference,0.0
68#3,MC_OFF,Mach,bright_ramp_minus_uniform,0.0,16,cnn_minus_ln,difference,0.0
68#3,MC_OFF,Mach,dark_ramp_minus_uniform,0.0625,0,cnn_minus_ln,difference,0.09491435490781441
68#3,MC_OFF,Mach,bright_ramp_minus_uniform,0.0625,0,cnn_minus_ln,difference,0.2327815741300583
68#3,MC_OFF,Mach,dark_ramp_minus_uniform,0.0625,2,cnn_minus_ln,difference,0.10669886914547533
68#3,MC_OFF,Mach,bright_ramp_minus_uniform,0.0625,2,cnn_minus_ln,difference,0.2612016573548317
68#3,MC_OFF,Mach,dark_ramp_minus_uniform,0.0625,4,cnn_minus_ln,difference,0.10503507306566462
68#3,MC_OFF,Mach,bright_ramp_minus_uniform,0.0625,4,cnn_minus_ln,difference,0.1868278793990612
68#3,MC_OFF,Mach,dark_ramp_minus_uniform,0.0625,8,cnn_minus_ln,difference,0.06936579545435961
68#3,MC_OFF,Mach,bright_ramp_minus_uniform,0.0625,8,cnn_minus_ln,difference,0.07606101408600807
68#3,MC_OFF,Mach,dark_ramp_minus_uniform,0.0625,12,cnn_minus_ln,difference,0.04769262298941612
68#3,MC_OFF,Mach,bright_ramp_minus_uniform,0.0625,12,cnn_minus_ln,difference,0.039041804149746895
68#3,MC_OFF,Mach,dark_ramp_minus_uniform,0.0625,16,cnn_minus_ln,difference,0.03576946035173023
68#3,MC_OFF,Mach,bright_ramp_minus_uniform,0.0625,16,cnn_minus_ln,difference,0.02491599041968584
68#3,MC_OFF,Mach,dark_ramp_minus_uniform,0.125,0,cnn_minus_ln,difference,0.15117201209068298
68#3,MC_OFF,Mach,bright_ramp_minus_uniform,0.125,0,cnn_minus_ln,difference,0.37680694460868835
68#3,MC_OFF,Mach,dark_ramp_minus_uniform,0.125,2,cnn_minus_ln,difference,0.17709397873841226
68#3,MC_OFF,Mach,bright_ramp_minus_uniform,0.125,2,cnn_minus_ln,difference,0.42521850764751434
68#3,MC_OFF,Mach,dark_ramp_minus_uniform,0.125,4,cnn_minus_ln,difference,0.18387502629775554
68#3,MC_OFF,Mach,bright_ramp_minus_uniform,0.125,4,cnn_minus_ln,difference,0.3044068515300751
68#3,MC_OFF,Mach,dark_ramp_minus_uniform,0.125,8,cnn_minus_ln,difference,0.1237507512269076
68#3,MC_OFF,Mach,bright_ramp_minus_uniform,0.125,8,cnn_minus_ln,difference,0.10329175367951393
68#3,MC_OFF,Mach,dark_ramp_minus_uniform,0.125,12,cnn_minus_ln,difference,0.08238149285898544
68#3,MC_OFF,Mach,bright_ramp_minus_uniform,0.125,12,cnn_minus_ln,difference,0.04423852264881134
68#3,MC_OFF,Mach,dark_ramp_minus_uniform,0.125,16,cnn_minus_ln,difference,0.05790421838173643
68#3,MC_OFF,Mach,bright_ramp_minus_uniform,0.125,16,cnn_minus_ln,difference,0.02637520618736744
68#3,MC_OFF,Mach,dark_ramp_minus_uniform,0.25,0,cnn_minus_ln,difference,0.1767809698358178
68#3,MC_OFF,Mach,bright_ramp_minus_uniform,0.25,0,cnn_minus_ln,difference,0.46878886222839355
68#3,MC_OFF,Mach,dark_ramp_minus_uniform,0.25,2,cnn_minus_ln,difference,0.2367938926909119
68#3,MC_OFF,Mach,bright_ramp_minus_uniform,0.25,2,cnn_minus_ln,difference,0.526632159948349
68#3,MC_OFF,Mach,dark_ramp_minus_uniform,0.25,4,cnn_minus_ln,difference,0.27133608458098024
68#3,MC_OFF,Mach,bright_ramp_minus_uniform,0.25,4,cnn_minus_ln,difference,0.4126352220773697
68#3,MC_OFF,Mach,dark_ramp_minus_uniform,0.25,8,cnn_minus_ln,difference,0.16360547742806375
68#3,MC_OFF,Mach,bright_ramp_minus_uniform,0.25,8,cnn_minus_ln,difference,0.13199054449796677
68#3,MC_OFF,Mach,dark_ramp_minus_uniform,0.25,12,cnn_minus_ln,difference,0.09178895255899988
68#3,MC_OFF,Mach,bright_ramp_minus_uniform,0.25,12,cnn_minus_ln,difference,0.038065046072006226
68#3,MC_OFF,Mach,dark_ramp_minus_uniform,0.25,16,cnn_minus_ln,difference,0.05568603501887992
68#3,MC_OFF,Mach,bright_ramp_minus_uniform,0.25,16,cnn_minus_ln,difference,0.014865946024656296
68#3,MC_OFF,Mach,dark_ramp_minus_uniform,0.375,0,cnn_minus_ln,difference,0.18508133804425597
68#3,MC_OFF,Mach,bright_ramp_minus_uniform,0.375,0,cnn_minus_ln,difference,0.4960182309150696
68#3,MC_OFF,Mach,dark_ramp_minus_uniform,0.375,2,cnn_minus_ln,difference,0.274263079976663
68#3,MC_OFF,Mach,bright_ramp_minus_uniform,0.375,2,cnn_minus_ln,difference,0.5645829737186432
68#3,MC_OFF,Mach,dark_ramp_minus_uniform,0.375,4,cnn_minus_ln,difference,0.3315129439579323
68#3,MC_OFF,Mach,bright_ramp_minus_uniform,0.375,4,cnn_minus_ln,difference,0.4607747495174408
68#3,MC_OFF,Mach,dark_ramp_minus_uniform,0.375,8,cnn_minus_ln,difference,0.18774261377984658
68#3,MC_OFF,Mach,bright_ramp_minus_uniform,0.375,8,cnn_minus_ln,difference,0.1616172343492508
68#3,MC_OFF,Mach,dark_ramp_minus_uniform,0.375,12,cnn_minus_ln,difference,0.10088673135032877
68#3,MC_OFF,Mach,bright_ramp_minus_uniform,0.375,12,cnn_minus_ln,difference,0.03703330457210541
68#3,MC_OFF,Mach,dark_ramp_minus_uniform,0.375,16,cnn_minus_ln,difference,0.06095915808691643
68#3,MC_OFF,Mach,bright_ramp_minus_uniform,0.375,16,cnn_minus_ln,difference,0.011444970965385437
68#3,MC_OFF,Mach,dark_ramp_minus_uniform,0.5,0,cnn_minus_ln,difference,0.19384985277429223
68#3,MC_OFF,Mach,bright_ramp_minus_uniform,0.5,0,cnn_minus_ln,difference,0.5148338675498962
68#3,MC_OFF,Mach,dark_ramp_minus_uniform,0.5,2,cnn_minus_ln,difference,0.3068310637027025
68#3,MC_OFF,Mach,bright_ramp_minus_uniform,0.5,2,cnn_minus_ln,difference,0.5945585370063782
68#3,MC_OFF,Mach,dark_ramp_minus_uniform,0.5,4,cnn_minus_ln,difference,0.38615847821347415
68#3,MC_OFF,Mach,bright_ramp_minus_uniform,0.5,4,cnn_minus_ln,difference,0.491815984249115
68#3,MC_OFF,Mach,dark_ramp_minus_uniform,0.5,8,cnn_minus_ln,difference,0.21569118299521506
68#3,MC_OFF,Mach,bright_ramp_minus_uniform,0.5,8,cnn_minus_ln,difference,0.1875009834766388
68#3,MC_OFF,Mach,dark_ramp_minus_uniform,0.5,12,cnn_minus_ln,difference,0.1171294788364321
68#3,MC_OFF,Mach,bright_ramp_minus_uniform,0.5,12,cnn_minus_ln,difference,0.03950054943561554
68#3,MC_OFF,Mach,dark_ramp_minus_uniform,0.5,16,cnn_minus_ln,difference,0.07270294078625739
68#3,MC_OFF,Mach,bright_ramp_minus_uniform,0.5,16,cnn_minus_ln,difference,0.01136227697134018
68#4,PC_ON,SBC,bright_minus_dark,0.0,0,cnn_minus_ln,difference,0.0
68#4,PC_ON,SBC,bright_minus_dark,0.0,2,cnn_minus_ln,difference,0.0
68#4,PC_ON,SBC,bright_minus_dark,0.0,4,cnn_minus_ln,difference,0.0
68#4,PC_ON,SBC,bright_minus_dark,0.0,6,cnn_minus_ln,difference,0.0
68#4,PC_ON,SBC,bright_minus_dark,0.0,8,cnn_minus_ln,difference,0.0
68#4,PC_ON,SBC,bright_minus_dark,0.0625,0,cnn_minus_ln,difference,0.0
68#4,PC_ON,SBC,bright_minus_dark,0.0625,2,cnn_minus_ln,difference,-0.05889909097459167
68#4,PC_ON,SBC,bright_minus_dark,0.0625,4,cnn_minus_ln,difference,-0.1309091130970046
68#4,PC_ON,SBC,bright_minus_dark,0.0625,6,cnn_minus_ln,difference,-0.1516465077875182
68#4,PC_ON,SBC,bright_minus_dark,0.0625,8,cnn_minus_ln,difference,-0.15282028715591878
68#4,PC_ON,SBC,bright_minus_dark,0.125,0,cnn_minus_ln,difference,0.0
68#4,PC_ON,SBC,bright_minus_dark,0.125,2,cnn_minus_ln,difference,-0.09083428583107889
68#4,PC_ON,SBC,bright_minus_dark,0.125,4,cnn_minus_ln,difference,-0.19320278358645737
68#4,PC_ON,SBC,bright_minus_dark,0.125,6,cnn_minus_ln,difference,-0.22017597150988877
68#4,PC_ON,SBC,bright_minus_dark,0.125,8,cnn_minus_ln,difference,-0.22034772229380906
68#4,PC_ON,SBC,bright_minus_dark,0.25,0,cnn_minus_ln,difference,0.0
68#4,PC_ON,SBC,bright_minus_dark,0.25,2,cnn_minus_ln,difference,-0.1344330213032663
68#4,PC_ON,SBC,bright_minus_dark,0.25,4,cnn_minus_ln,difference,-0.30025247717276216
68#4,PC_ON,SBC,bright_minus_dark,0.25,6,cnn_minus_ln,difference,-0.3471659221686423
68#4,PC_ON,SBC,bright_minus_dark,0.25,8,cnn_minus_ln,difference,-0.34693319583311677
68#4,PC_ON,SBC,bright_minus_dark,0.375,0,cnn_minus_ln,difference,0.0
68#4,PC_ON,SBC,bright_minus_dark,0.375,2,cnn_minus_ln,difference,-0.17101466841995716
68#4,PC_ON,SBC,bright_minus_dark,0.375,4,cnn_minus_ln,difference,-0.40357896871864796
68#4,PC_ON,SBC,bright_minus_dark,0.375,6,cnn_minus_ln,difference,-0.4721171874552965
68#4,PC_ON,SBC,bright_minus_dark,0.375,8,cnn_minus_ln,difference,-0.47162079997360706
68#4,PC_ON,SBC,bright_minus_dark,0.5,0,cnn_minus_ln,difference,0.0
68#4,PC_ON,SBC,bright_minus_dark,0.5,2,cnn_minus_ln,difference,-0.2050905805081129
68#4,PC_ON,SBC,bright_minus_dark,0.5,4,cnn_minus_ln,difference,-0.5060177203267813
68#4,PC_ON,SBC,bright_minus_dark,0.5,6,cnn_minus_ln,difference,-0.5969772692769766
68#4,PC_ON,SBC,bright_minus_dark,0.5,8,cnn_minus_ln,difference,-0.5960673447698355
68#4,PC_ON,Mach,dark_ramp_minus_uniform,0.0,0,cnn_minus_ln,difference,0.0
68#4,PC_ON,Mach,bright_ramp_minus_uniform,0.0,0,cnn_minus_ln,difference,0.0
68#4,PC_ON,Mach,dark_ramp_minus_uniform,0.0,2,cnn_minus_ln,difference,0.0
68#4,PC_ON,Mach,bright_ramp_minus_uniform,0.0,2,cnn_minus_ln,difference,0.0
68#4,PC_ON,Mach,dark_ramp_minus_uniform,0.0,4,cnn_minus_ln,difference,0.0
68#4,PC_ON,Mach,bright_ramp_minus_uniform,0.0,4,cnn_minus_ln,difference,0.0
68#4,PC_ON,Mach,dark_ramp_minus_uniform,0.0,8,cnn_minus_ln,difference,0.0
68#4,PC_ON,Mach,bright_ramp_minus_uniform,0.0,8,cnn_minus_ln,difference,0.0
68#4,PC_ON,Mach,dark_ramp_minus_uniform,0.0,12,cnn_minus_ln,difference,0.0
68#4,PC_ON,Mach,bright_ramp_minus_uniform,0.0,12,cnn_minus_ln,difference,0.0
68#4,PC_ON,Mach,dark_ramp_minus_uniform,0.0,16,cnn_minus_ln,difference,0.0
68#4,PC_ON,Mach,bright_ramp_minus_uniform,0.0,16,cnn_minus_ln,difference,0.0
68#4,PC_ON,Mach,dark_ramp_minus_uniform,0.0625,0,cnn_minus_ln,difference,-0.043838586658239365
68#4,PC_ON,Mach,bright_ramp_minus_uniform,0.0625,0,cnn_minus_ln,difference,0.06067888787947595
68#4,PC_ON,Mach,dark_ramp_minus_uniform,0.0625,2,cnn_minus_ln,difference,-0.03362115053460002
68#4,PC_ON,Mach,bright_ramp_minus_uniform,0.0625,2,cnn_minus_ln,difference,0.06603476125746965
68#4,PC_ON,Mach,dark_ramp_minus_uniform,0.0625,4,cnn_minus_ln,difference,-0.014542253222316504
68#4,PC_ON,Mach,bright_ramp_minus_uniform,0.0625,4,cnn_minus_ln,difference,0.0433122250251472
68#4,PC_ON,Mach,dark_ramp_minus_uniform,0.0625,8,cnn_minus_ln,difference,0.004012004588730633
68#4,PC_ON,Mach,bright_ramp_minus_uniform,0.0625,8,cnn_minus_ln,difference,0.017943191342055798
68#4,PC_ON,Mach,dark_ramp_minus_uniform,0.0625,12,cnn_minus_ln,difference,0.0058528901427052915
68#4,PC_ON,Mach,bright_ramp_minus_uniform,0.0625,12,cnn_minus_ln,difference,0.00898420822340995
68#4,PC_ON,Mach,dark_ramp_minus_uniform,0.0625,16,cnn_minus_ln,difference,0.005051048705354333
68#4,PC_ON,Mach,bright_ramp_minus_uniform,0.0625,16,cnn_minus_ln,difference,0.0059703749138861895
68#4,PC_ON,Mach,dark_ramp_minus_uniform,0.125,0,cnn_minus_ln,difference,-0.06469535082578659
68#4,PC_ON,Mach,bright_ramp_minus_uniform,0.125,0,cnn_minus_ln,difference,0.07649584754835814
68#4,PC_ON,Mach,dark_ramp_minus_uniform,0.125,2,cnn_minus_ln,difference,-0.05001603811979294
68#4,PC_ON,Mach,bright_ramp_minus_uniform,0.125,2,cnn_minus_ln,difference,0.07767153531312943
68#4,PC_ON,Mach,dark_ramp_minus_uniform,0.125,4,cnn_minus_ln,difference,-0.019980103708803654
68#4,PC_ON,Mach,bright_ramp_minus_uniform,0.125,4,cnn_minus_ln,difference,0.04725038167089224
68#4,PC_ON,Mach,dark_ramp_minus_uniform,0.125,8,cnn_minus_ln,difference,0.013363289646804333
68#4,PC_ON,Mach,bright_ramp_minus_uniform,0.125,8,cnn_minus_ln,difference,0.02337729139253497
68#4,PC_ON,Mach,dark_ramp_minus_uniform,0.125,12,cnn_minus_ln,difference,0.014335147570818663
68#4,PC_ON,Mach,bright_ramp_minus_uniform,0.125,12,cnn_minus_ln,difference,0.012539823306724429
68#4,PC_ON,Mach,dark_ramp_minus_uniform,0.125,16,cnn_minus_ln,difference,0.010675295256078243
68#4,PC_ON,Mach,bright_ramp_minus_uniform,0.125,16,cnn_minus_ln,difference,0.008801746182143688
68#4,PC_ON,Mach,dark_ramp_minus_uniform,0.25,0,cnn_minus_ln,difference,-0.10547192394733429
68#4,PC_ON,Mach,bright_ramp_minus_uniform,0.25,0,cnn_minus_ln,difference,0.10298701911233366
68#4,PC_ON,Mach,dark_ramp_minus_uniform,0.25,2,cnn_minus_ln,difference,-0.0822422206401825
68#4,PC_ON,Mach,bright_ramp_minus_uniform,0.25,2,cnn_minus_ln,difference,0.09710609540343285
68#4,PC_ON,Mach,dark_ramp_minus_uniform,0.25,4,cnn_minus_ln,difference,-0.032043599523603916
68#4,PC_ON,Mach,bright_ramp_minus_uniform,0.25,4,cnn_minus_ln,difference,0.054822901263833046
68#4,PC_ON,Mach,dark_ramp_minus_uniform,0.25,8,cnn_minus_ln,difference,0.030131069011986256
68#4,PC_ON,Mach,bright_ramp_minus_uniform,0.25,8,cnn_minus_ln,difference,0.03508969768881798
68#4,PC_ON,Mach,dark_ramp_minus_uniform,0.25,12,cnn_minus_ln,difference,0.02973988768644631
68#4,PC_ON,Mach,bright_ramp_minus_uniform,0.25,12,cnn_minus_ln,difference,0.02453021937981248
68#4,PC_ON,Mach,dark_ramp_minus_uniform,0.25,16,cnn_minus_ln,difference,0.02226235787384212
68#4,PC_ON,Mach,bright_ramp_minus_uniform,0.25,16,cnn_minus_ln,difference,0.01785275060683489
68#4,PC_ON,Mach,dark_ramp_minus_uniform,0.375,0,cnn_minus_ln,difference,-0.14634005725383759
68#4,PC_ON,Mach,bright_ramp_minus_uniform,0.375,0,cnn_minus_ln,difference,0.12790544237941504
68#4,PC_ON,Mach,dark_ramp_minus_uniform,0.375,2,cnn_minus_ln,difference,-0.11449055187404156
68#4,PC_ON,Mach,bright_ramp_minus_uniform,0.375,2,cnn_minus_ln,difference,0.11659961566329002
68#4,PC_ON,Mach,dark_ramp_minus_uniform,0.375,4,cnn_minus_ln,difference,-0.04356726910918951
68#4,PC_ON,Mach,bright_ramp_minus_uniform,0.375,4,cnn_minus_ln,difference,0.06314298510551453
68#4,PC_ON,Mach,dark_ramp_minus_uniform,0.375,8,cnn_minus_ln,difference,0.04575977334752679
68#4,PC_ON,Mach,bright_ramp_minus_uniform,0.375,8,cnn_minus_ln,difference,0.047514150850474834
68#4,PC_ON,Mach,dark_ramp_minus_uniform,0.375,12,cnn_minus_ln,difference,0.04507230035960674
68#4,PC_ON,Mach,bright_ramp_minus_uniform,0.375,12,cnn_minus_ln,difference,0.036727880127727985
68#4,PC_ON,Mach,dark_ramp_minus_uniform,0.375,16,cnn_minus_ln,difference,0.03350752196274698
68#4,PC_ON,Mach,bright_ramp_minus_uniform,0.375,16,cnn_minus_ln,difference,0.02682606317102909
68#4,PC_ON,Mach,dark_ramp_minus_uniform,0.5,0,cnn_minus_ln,difference,-0.1874217614531517
68#4,PC_ON,Mach,bright_ramp_minus_uniform,0.5,0,cnn_minus_ln,difference,0.1528214542195201
68#4,PC_ON,Mach,dark_ramp_minus_uniform,0.5,2,cnn_minus_ln,difference,-0.14701657742261887
68#4,PC_ON,Mach,bright_ramp_minus_uniform,0.5,2,cnn_minus_ln,difference,0.13586623966693878
68#4,PC_ON,Mach,dark_ramp_minus_uniform,0.5,4,cnn_minus_ln,difference,-0.05527585186064243
68#4,PC_ON,Mach,bright_ramp_minus_uniform,0.5,4,cnn_minus_ln,difference,0.07095754891633987
68#4,PC_ON,Mach,dark_ramp_minus_uniform,0.5,8,cnn_minus_ln,difference,0.060745845548808575
68#4,PC_ON,Mach,bright_ramp_minus_uniform,0.5,8,cnn_minus_ln,difference,0.06005232036113739
68#4,PC_ON,Mach,dark_ramp_minus_uniform,0.5,12,cnn_minus_ln,difference,0.06014108890667558
68#4,PC_ON,Mach,bright_ramp_minus_uniform,0.5,12,cnn_minus_ln,difference,0.048848471604287624
68#4,PC_ON,Mach,dark_ramp_minus_uniform,0.5,16,cnn_minus_ln,difference,0.044688635505735874
68#4,PC_ON,Mach,bright_ramp_minus_uniform,0.5,16,cnn_minus_ln,difference,0.035755086690187454
68#7,PC_ON,SBC,bright_minus_dark,0.0,0,cnn_minus_ln,difference,0.0
68#7,PC_ON,SBC,bright_minus_dark,0.0,2,cnn_minus_ln,difference,0.0
68#7,PC_ON,SBC,bright_minus_dark,0.0,4,cnn_minus_ln,difference,0.0
68#7,PC_ON,SBC,bright_minus_dark,0.0,6,cnn_minus_ln,difference,0.0
68#7,PC_ON,SBC,bright_minus_dark,0.0,8,cnn_minus_ln,difference,0.0
68#7,PC_ON,SBC,bright_minus_dark,0.0625,0,cnn_minus_ln,difference,0.0
68#7,PC_ON,SBC,bright_minus_dark,0.0625,2,cnn_minus_ln,difference,0.1412380114197731
68#7,PC_ON,SBC,bright_minus_dark,0.0625,4,cnn_minus_ln,difference,0.37791987136006355
68#7,PC_ON,SBC,bright_minus_dark,0.0625,6,cnn_minus_ln,difference,0.3295678272843361
68#7,PC_ON,SBC,bright_minus_dark,0.0625,8,cnn_minus_ln,difference,0.2991938702762127
68#7,PC_ON,SBC,bright_minus_dark,0.125,0,cnn_minus_ln,difference,0.0
68#7,PC_ON,SBC,bright_minus_dark,0.125,2,cnn_minus_ln,difference,0.27574073150753975
68#7,PC_ON,SBC,bright_minus_dark,0.125,4,cnn_minus_ln,difference,0.5615837052464485
68#7,PC_ON,SBC,bright_minus_dark,0.125,6,cnn_minus_ln,difference,0.4770378991961479
68#7,PC_ON,SBC,bright_minus_dark,0.125,8,cnn_minus_ln,difference,0.4379054382443428
68#7,PC_ON,SBC,bright_minus_dark,0.25,0,cnn_minus_ln,difference,0.0
68#7,PC_ON,SBC,bright_minus_dark,0.25,2,cnn_minus_ln,difference,0.4564506635069847
68#7,PC_ON,SBC,bright_minus_dark,0.25,4,cnn_minus_ln,difference,0.8100389987230301
68#7,PC_ON,SBC,bright_minus_dark,0.25,6,cnn_minus_ln,difference,0.6928389370441437
68#7,PC_ON,SBC,bright_minus_dark,0.25,8,cnn_minus_ln,difference,0.6277520060539246
68#7,PC_ON,SBC,bright_minus_dark,0.375,0,cnn_minus_ln,difference,0.0
68#7,PC_ON,SBC,bright_minus_dark,0.375,2,cnn_minus_ln,difference,0.589528352022171
68#7,PC_ON,SBC,bright_minus_dark,0.375,4,cnn_minus_ln,difference,1.0075991451740265
68#7,PC_ON,SBC,bright_minus_dark,0.375,6,cnn_minus_ln,difference,0.8809694647789001
68#7,PC_ON,SBC,bright_minus_dark,0.375,8,cnn_minus_ln,difference,0.8105919659137726
68#7,PC_ON,SBC,bright_minus_dark,0.5,0,cnn_minus_ln,difference,0.0
68#7,PC_ON,SBC,bright_minus_dark,0.5,2,cnn_minus_ln,difference,0.6984138339757919
68#7,PC_ON,SBC,bright_minus_dark,0.5,4,cnn_minus_ln,difference,1.167433261871338
68#7,PC_ON,SBC,bright_minus_dark,0.5,6,cnn_minus_ln,difference,1.0515890717506409
68#7,PC_ON,SBC,bright_minus_dark,0.5,8,cnn_minus_ln,difference,0.979412317276001
68#7,PC_ON,Mach,dark_ramp_minus_uniform,0.0,0,cnn_minus_ln,difference,0.0
68#7,PC_ON,Mach,bright_ramp_minus_uniform,0.0,0,cnn_minus_ln,difference,0.0
68#7,PC_ON,Mach,dark_ramp_minus_uniform,0.0,2,cnn_minus_ln,difference,0.0
68#7,PC_ON,Mach,bright_ramp_minus_uniform,0.0,2,cnn_minus_ln,difference,0.0
68#7,PC_ON,Mach,dark_ramp_minus_uniform,0.0,4,cnn_minus_ln,difference,0.0
68#7,PC_ON,Mach,bright_ramp_minus_uniform,0.0,4,cnn_minus_ln,difference,0.0
68#7,PC_ON,Mach,dark_ramp_minus_uniform,0.0,8,cnn_minus_ln,difference,0.0
68#7,PC_ON,Mach,bright_ramp_minus_uniform,0.0,8,cnn_minus_ln,difference,0.0
68#7,PC_ON,Mach,dark_ramp_minus_uniform,0.0,12,cnn_minus_ln,difference,0.0
68#7,PC_ON,Mach,bright_ramp_minus_uniform,0.0,12,cnn_minus_ln,difference,0.0
68#7,PC_ON,Mach,dark_ramp_minus_uniform,0.0,16,cnn_minus_ln,difference,0.0
68#7,PC_ON,Mach,bright_ramp_minus_uniform,0.0,16,cnn_minus_ln,difference,0.0
68#7,PC_ON,Mach,dark_ramp_minus_uniform,0.0625,0,cnn_minus_ln,difference,-0.011466471012681723
68#7,PC_ON,Mach,bright_ramp_minus_uniform,0.0625,0,cnn_minus_ln,difference,-0.20882400684058666
68#7,PC_ON,Mach,dark_ramp_minus_uniform,0.0625,2,cnn_minus_ln,difference,-0.03872775286436081
68#7,PC_ON,Mach,bright_ramp_minus_uniform,0.0625,2,cnn_minus_ln,difference,-0.2530280016362667
68#7,PC_ON,Mach,dark_ramp_minus_uniform,0.0625,4,cnn_minus_ln,difference,-0.06249277596361935
68#7,PC_ON,Mach,bright_ramp_minus_uniform,0.0625,4,cnn_minus_ln,difference,-0.16829627379775047
68#7,PC_ON,Mach,dark_ramp_minus_uniform,0.0625,8,cnn_minus_ln,difference,-0.034733373671770096
68#7,PC_ON,Mach,bright_ramp_minus_uniform,0.0625,8,cnn_minus_ln,difference,-0.06045286264270544
68#7,PC_ON,Mach,dark_ramp_minus_uniform,0.0625,12,cnn_minus_ln,difference,-0.020478980615735054
68#7,PC_ON,Mach,bright_ramp_minus_uniform,0.0625,12,cnn_minus_ln,difference,-0.02407859079539776
68#7,PC_ON,Mach,dark_ramp_minus_uniform,0.0625,16,cnn_minus_ln,difference,-0.013651307672262192
68#7,PC_ON,Mach,bright_ramp_minus_uniform,0.0625,16,cnn_minus_ln,difference,-0.012860703747719526
68#7,PC_ON,Mach,dark_ramp_minus_uniform,0.125,0,cnn_minus_ln,difference,-0.0020873150788247585
68#7,PC_ON,Mach,bright_ramp_minus_uniform,0.125,0,cnn_minus_ln,difference,-0.2702505402266979
68#7,PC_ON,Mach,dark_ramp_minus_uniform,0.125,2,cnn_minus_ln,difference,-0.04219742538407445
68#7,PC_ON,Mach,bright_ramp_minus_uniform,0.125,2,cnn_minus_ln,difference,-0.3258509263396263
68#7,PC_ON,Mach,dark_ramp_minus_uniform,0.125,4,cnn_minus_ln,difference,-0.08872506488114595
68#7,PC_ON,Mach,bright_ramp_minus_uniform,0.125,4,cnn_minus_ln,difference,-0.19568125158548355
68#7,PC_ON,Mach,dark_ramp_minus_uniform,0.125,8,cnn_minus_ln,difference,-0.05589966708794236
68#7,PC_ON,Mach,bright_ramp_minus_uniform,0.125,8,cnn_minus_ln,difference,-0.036245450377464294
68#7,PC_ON,Mach,dark_ramp_minus_uniform,0.125,12,cnn_minus_ln,difference,-0.027240372146479785
68#7,PC_ON,Mach,bright_ramp_minus_uniform,0.125,12,cnn_minus_ln,difference,0.0032363496720790863
68#7,PC_ON,Mach,dark_ramp_minus_uniform,0.125,16,cnn_minus_ln,difference,-0.017578013124875724
68#7,PC_ON,Mach,bright_ramp_minus_uniform,0.125,16,cnn_minus_ln,difference,0.0028679929673671722
68#7,PC_ON,Mach,dark_ramp_minus_uniform,0.25,0,cnn_minus_ln,difference,0.027365311048924923
68#7,PC_ON,Mach,bright_ramp_minus_uniform,0.25,0,cnn_minus_ln,difference,-0.33901501446962357
68#7,PC_ON,Mach,dark_ramp_minus_uniform,0.25,2,cnn_minus_ln,difference,-0.047153979539871216
68#7,PC_ON,Mach,bright_ramp_minus_uniform,0.25,2,cnn_minus_ln,difference,-0.4421207457780838
68#7,PC_ON,Mach,dark_ramp_minus_uniform,0.25,4,cnn_minus_ln,difference,-0.12273163627833128
68#7,PC_ON,Mach,bright_ramp_minus_uniform,0.25,4,cnn_minus_ln,difference,-0.23375292867422104
68#7,PC_ON,Mach,dark_ramp_minus_uniform,0.25,8,cnn_minus_ln,difference,-0.08443082077428699
68#7,PC_ON,Mach,bright_ramp_minus_uniform,0.25,8,cnn_minus_ln,difference,-0.006202027201652527
68#7,PC_ON,Mach,dark_ramp_minus_uniform,0.25,12,cnn_minus_ln,difference,-0.04027776652947068
68#7,PC_ON,Mach,bright_ramp_minus_uniform,0.25,12,cnn_minus_ln,difference,0.024426067364402115
68#7,PC_ON,Mach,dark_ramp_minus_uniform,0.25,16,cnn_minus_ln,difference,-0.028033781796693802
68#7,PC_ON,Mach,bright_ramp_minus_uniform,0.25,16,cnn_minus_ln,difference,0.010864592157304287
68#7,PC_ON,Mach,dark_ramp_minus_uniform,0.375,0,cnn_minus_ln,difference,0.061330304481089115
68#7,PC_ON,Mach,bright_ramp_minus_uniform,0.375,0,cnn_minus_ln,difference,-0.3973979353904724
68#7,PC_ON,Mach,dark_ramp_minus_uniform,0.375,2,cnn_minus_ln,difference,-0.04383335821330547
68#7,PC_ON,Mach,bright_ramp_minus_uniform,0.375,2,cnn_minus_ln,difference,-0.539683535695076
68#7,PC_ON,Mach,dark_ramp_minus_uniform,0.375,4,cnn_minus_ln,difference,-0.1476678168401122
68#7,PC_ON,Mach,bright_ramp_minus_uniform,0.375,4,cnn_minus_ln,difference,-0.26027174293994904
68#7,PC_ON,Mach,dark_ramp_minus_uniform,0.375,8,cnn_minus_ln,difference,-0.10271505871787667
68#7,PC_ON,Mach,bright_ramp_minus_uniform,0.375,8,cnn_minus_ln,difference,0.025019321590662003
68#7,PC_ON,Mach,dark_ramp_minus_uniform,0.375,12,cnn_minus_ln,difference,-0.05263767996802926
68#7,PC_ON,Mach,bright_ramp_minus_uniform,0.375,12,cnn_minus_ln,difference,0.050078616477549076
68#7,PC_ON,Mach,dark_ramp_minus_uniform,0.375,16,cnn_minus_ln,difference,-0.03635377041064203
68#7,PC_ON,Mach,bright_ramp_minus_uniform,0.375,16,cnn_minus_ln,difference,0.029662529937922955
68#7,PC_ON,Mach,dark_ramp_minus_uniform,0.5,0,cnn_minus_ln,difference,0.1026891227811575
68#7,PC_ON,Mach,bright_ramp_minus_uniform,0.5,0,cnn_minus_ln,difference,-0.4573795050382614
68#7,PC_ON,Mach,dark_ramp_minus_uniform,0.5,2,cnn_minus_ln,difference,-0.03187530115246773
68#7,PC_ON,Mach,bright_ramp_minus_uniform,0.5,2,cnn_minus_ln,difference,-0.6232775151729584
68#7,PC_ON,Mach,dark_ramp_minus_uniform,0.5,4,cnn_minus_ln,difference,-0.1670719664543867
68#7,PC_ON,Mach,bright_ramp_minus_uniform,0.5,4,cnn_minus_ln,difference,-0.28458645939826965
68#7,PC_ON,Mach,dark_ramp_minus_uniform,0.5,8,cnn_minus_ln,difference,-0.11755156144499779
68#7,PC_ON,Mach,bright_ramp_minus_uniform,0.5,8,cnn_minus_ln,difference,0.055303724482655525
68#7,PC_ON,Mach,dark_ramp_minus_uniform,0.5,12,cnn_minus_ln,difference,-0.06072612572461367
68#7,PC_ON,Mach,bright_ramp_minus_uniform,0.5,12,cnn_minus_ln,difference,0.07355379685759544
68#7,PC_ON,Mach,dark_ramp_minus_uniform,0.5,16,cnn_minus_ln,difference,-0.038460819981992245
68#7,PC_ON,Mach,bright_ramp_minus_uniform,0.5,16,cnn_minus_ln,difference,0.04583478253334761
68#10,MC_ON,SBC,bright_minus_dark,0.0,0,cnn_minus_ln,difference,0.0
68#10,MC_ON,SBC,bright_minus_dark,0.0,2,cnn_minus_ln,difference,0.0
68#10,MC_ON,SBC,bright_minus_dark,0.0,4,cnn_minus_ln,difference,0.0
68#10,MC_ON,SBC,bright_minus_dark,0.0,6,cnn_minus_ln,difference,0.0
68#10,MC_ON,SBC,bright_minus_dark,0.0,8,cnn_minus_ln,difference,0.0
68#10,MC_ON,SBC,bright_minus_dark,0.0625,0,cnn_minus_ln,difference,0.0
68#10,MC_ON,SBC,bright_minus_dark,0.0625,2,cnn_minus_ln,difference,0.027795870850241045
68#10,MC_ON,SBC,bright_minus_dark,0.0625,4,cnn_minus_ln,difference,0.20648112799972296
68#10,MC_ON,SBC,bright_minus_dark,0.0625,6,cnn_minus_ln,difference,0.4820940103381872
68#10,MC_ON,SBC,bright_minus_dark,0.0625,8,cnn_minus_ln,difference,0.5757630728185177
68#10,MC_ON,SBC,bright_minus_dark,0.125,0,cnn_minus_ln,difference,0.0
68#10,MC_ON,SBC,bright_minus_dark,0.125,2,cnn_minus_ln,difference,0.05726671094453195
68#10,MC_ON,SBC,bright_minus_dark,0.125,4,cnn_minus_ln,difference,0.3267286401242018
68#10,MC_ON,SBC,bright_minus_dark,0.125,6,cnn_minus_ln,difference,0.7112119570374489
68#10,MC_ON,SBC,bright_minus_dark,0.125,8,cnn_minus_ln,difference,0.8422883599996567
68#10,MC_ON,SBC,bright_minus_dark,0.25,0,cnn_minus_ln,difference,0.0
68#10,MC_ON,SBC,bright_minus_dark,0.25,2,cnn_minus_ln,difference,0.10267993161687627
68#10,MC_ON,SBC,bright_minus_dark,0.25,4,cnn_minus_ln,difference,0.5087482575327158
68#10,MC_ON,SBC,bright_minus_dark,0.25,6,cnn_minus_ln,difference,1.1183878034353256
68#10,MC_ON,SBC,bright_minus_dark,0.25,8,cnn_minus_ln,difference,1.3151726573705673
68#10,MC_ON,SBC,bright_minus_dark,0.375,0,cnn_minus_ln,difference,0.0
68#10,MC_ON,SBC,bright_minus_dark,0.375,2,cnn_minus_ln,difference,0.13851336936932057
68#10,MC_ON,SBC,bright_minus_dark,0.375,4,cnn_minus_ln,difference,0.6724108345806599
68#10,MC_ON,SBC,bright_minus_dark,0.375,6,cnn_minus_ln,difference,1.5061660259962082
68#10,MC_ON,SBC,bright_minus_dark,0.375,8,cnn_minus_ln,difference,1.762483835220337
68#10,MC_ON,SBC,bright_minus_dark,0.5,0,cnn_minus_ln,difference,0.0
68#10,MC_ON,SBC,bright_minus_dark,0.5,2,cnn_minus_ln,difference,0.17172059614676982
68#10,MC_ON,SBC,bright_minus_dark,0.5,4,cnn_minus_ln,difference,0.8290639370679855
68#10,MC_ON,SBC,bright_minus_dark,0.5,6,cnn_minus_ln,difference,1.8856894075870514
68#10,MC_ON,SBC,bright_minus_dark,0.5,8,cnn_minus_ln,difference,2.210324853658676
68#10,MC_ON,Mach,dark_ramp_minus_uniform,0.0,0,cnn_minus_ln,difference,0.0
68#10,MC_ON,Mach,bright_ramp_minus_uniform,0.0,0,cnn_minus_ln,difference,0.0
68#10,MC_ON,Mach,dark_ramp_minus_uniform,0.0,2,cnn_minus_ln,difference,0.0
68#10,MC_ON,Mach,bright_ramp_minus_uniform,0.0,2,cnn_minus_ln,difference,0.0
68#10,MC_ON,Mach,dark_ramp_minus_uniform,0.0,4,cnn_minus_ln,difference,0.0
68#10,MC_ON,Mach,bright_ramp_minus_uniform,0.0,4,cnn_minus_ln,difference,0.0
68#10,MC_ON,Mach,dark_ramp_minus_uniform,0.0,8,cnn_minus_ln,difference,0.0
68#10,MC_ON,Mach,bright_ramp_minus_uniform,0.0,8,cnn_minus_ln,difference,0.0
68#10,MC_ON,Mach,dark_ramp_minus_uniform,0.0,12,cnn_minus_ln,difference,0.0
68#10,MC_ON,Mach,bright_ramp_minus_uniform,0.0,12,cnn_minus_ln,difference,0.0
68#10,MC_ON,Mach,dark_ramp_minus_uniform,0.0,16,cnn_minus_ln,difference,0.0
68#10,MC_ON,Mach,bright_ramp_minus_uniform,0.0,16,cnn_minus_ln,difference,0.0
68#10,MC_ON,Mach,dark_ramp_minus_uniform,0.0625,0,cnn_minus_ln,difference,0.03479606161454285
68#10,MC_ON,Mach,bright_ramp_minus_uniform,0.0625,0,cnn_minus_ln,difference,-0.38738610222935677
68#10,MC_ON,Mach,dark_ramp_minus_uniform,0.0625,2,cnn_minus_ln,difference,0.014184610296069877
68#10,MC_ON,Mach,bright_ramp_minus_uniform,0.0625,2,cnn_minus_ln,difference,-0.4321211352944374
68#10,MC_ON,Mach,dark_ramp_minus_uniform,0.0625,4,cnn_minus_ln,difference,-0.004798881429451285
68#10,MC_ON,Mach,bright_ramp_minus_uniform,0.0625,4,cnn_minus_ln,difference,-0.3221741244196892
68#10,MC_ON,Mach,dark_ramp_minus_uniform,0.0625,8,cnn_minus_ln,difference,-0.006028334392794932
68#10,MC_ON,Mach,bright_ramp_minus_uniform,0.0625,8,cnn_minus_ln,difference,-0.12543316930532455
68#10,MC_ON,Mach,dark_ramp_minus_uniform,0.0625,12,cnn_minus_ln,difference,-0.0032073020465759328
68#10,MC_ON,Mach,bright_ramp_minus_uniform,0.0625,12,cnn_minus_ln,difference,-0.04057479090988636
68#10,MC_ON,Mach,dark_ramp_minus_uniform,0.0625,16,cnn_minus_ln,difference,-0.001704533941392583
68#10,MC_ON,Mach,bright_ramp_minus_uniform,0.0625,16,cnn_minus_ln,difference,-0.008503095246851444
68#10,MC_ON,Mach,dark_ramp_minus_uniform,0.125,0,cnn_minus_ln,difference,0.06482776949633262
68#10,MC_ON,Mach,bright_ramp_minus_uniform,0.125,0,cnn_minus_ln,difference,-0.5338741764426231
68#10,MC_ON,Mach,dark_ramp_minus_uniform,0.125,2,cnn_minus_ln,difference,0.032325631626008544
68#10,MC_ON,Mach,bright_ramp_minus_uniform,0.125,2,cnn_minus_ln,difference,-0.6010147929191589
68#10,MC_ON,Mach,dark_ramp_minus_uniform,0.125,4,cnn_minus_ln,difference,-0.0035551627152017318
68#10,MC_ON,Mach,bright_ramp_minus_uniform,0.125,4,cnn_minus_ln,difference,-0.4242411106824875
68#10,MC_ON,Mach,dark_ramp_minus_uniform,0.125,8,cnn_minus_ln,difference,-0.006374645015966962
68#10,MC_ON,Mach,bright_ramp_minus_uniform,0.125,8,cnn_minus_ln,difference,-0.11263260245323181
68#10,MC_ON,Mach,dark_ramp_minus_uniform,0.125,12,cnn_minus_ln,difference,-0.0006091356044635177
68#10,MC_ON,Mach,bright_ramp_minus_uniform,0.125,12,cnn_minus_ln,difference,0.012849368155002594
68#10,MC_ON,Mach,dark_ramp_minus_uniform,0.125,16,cnn_minus_ln,difference,0.00028286775886954274
68#10,MC_ON,Mach,bright_ramp_minus_uniform,0.125,16,cnn_minus_ln,difference,0.03275779075920582
68#10,MC_ON,Mach,dark_ramp_minus_uniform,0.25,0,cnn_minus_ln,difference,0.12293154349026736
68#10,MC_ON,Mach,bright_ramp_minus_uniform,0.25,0,cnn_minus_ln,difference,-0.7938326597213745
68#10,MC_ON,Mach,dark_ramp_minus_uniform,0.25,2,cnn_minus_ln,difference,0.06706847151508555
68#10,MC_ON,Mach,bright_ramp_minus_uniform,0.25,2,cnn_minus_ln,difference,-0.8942802846431732
68#10,MC_ON,Mach,dark_ramp_minus_uniform,0.25,4,cnn_minus_ln,difference,-0.0009386857054778375
68#10,MC_ON,Mach,bright_ramp_minus_uniform,0.25,4,cnn_minus_ln,difference,-0.6014153063297272
68#10,MC_ON,Mach,dark_ramp_minus_uniform,0.25,8,cnn_minus_ln,difference,-0.007387129589915276
68#10,MC_ON,Mach,bright_ramp_minus_uniform,0.25,8,cnn_minus_ln,difference,-0.0923474133014679
68#10,MC_ON,Mach,dark_ramp_minus_uniform,0.25,12,cnn_minus_ln,difference,-0.0027000586815120187
68#10,MC_ON,Mach,bright_ramp_minus_uniform,0.25,12,cnn_minus_ln,difference,0.0792078273370862
68#10,MC_ON,Mach,dark_ramp_minus_uniform,0.25,16,cnn_minus_ln,difference,-0.001598644210389466
68#10,MC_ON,Mach,bright_ramp_minus_uniform,0.25,16,cnn_minus_ln,difference,0.08015614375472069
68#10,MC_ON,Mach,dark_ramp_minus_uniform,0.375,0,cnn_minus_ln,difference,0.17802007992577273
68#10,MC_ON,Mach,bright_ramp_minus_uniform,0.375,0,cnn_minus_ln,difference,-1.0305811762809753
68#10,MC_ON,Mach,dark_ramp_minus_uniform,0.375,2,cnn_minus_ln,difference,0.09772257755685132
68#10,MC_ON,Mach,bright_ramp_minus_uniform,0.375,2,cnn_minus_ln,difference,-1.169866144657135
68#10,MC_ON,Mach,dark_ramp_minus_uniform,0.375,4,cnn_minus_ln,difference,0.0011057774245273322
68#10,MC_ON,Mach,bright_ramp_minus_uniform,0.375,4,cnn_minus_ln,difference,-0.7680391222238541
68#10,MC_ON,Mach,dark_ramp_minus_uniform,0.375,8,cnn_minus_ln,difference,-0.00930585842434084
68#10,MC_ON,Mach,bright_ramp_minus_uniform,0.375,8,cnn_minus_ln,difference,-0.06979386508464813
68#10,MC_ON,Mach,dark_ramp_minus_uniform,0.375,12,cnn_minus_ln,difference,-0.005105686188471736
68#10,MC_ON,Mach,bright_ramp_minus_uniform,0.375,12,cnn_minus_ln,difference,0.14229606837034225
68#10,MC_ON,Mach,dark_ramp_minus_uniform,0.375,16,cnn_minus_ln,difference,-0.0031472762748308014
68#10,MC_ON,Mach,bright_ramp_minus_uniform,0.375,16,cnn_minus_ln,difference,0.12671254575252533
68#10,MC_ON,Mach,dark_ramp_minus_uniform,0.5,0,cnn_minus_ln,difference,0.23522884448175319
68#10,MC_ON,Mach,bright_ramp_minus_uniform,0.5,0,cnn_minus_ln,difference,-1.271714061498642
68#10,MC_ON,Mach,dark_ramp_minus_uniform,0.5,2,cnn_minus_ln,difference,0.12983215152053162
68#10,MC_ON,Mach,bright_ramp_minus_uniform,0.5,2,cnn_minus_ln,difference,-1.4503918290138245
68#10,MC_ON,Mach,dark_ramp_minus_uniform,0.5,4,cnn_minus_ln,difference,0.0039874473586678505
68#10,MC_ON,Mach,bright_ramp_minus_uniform,0.5,4,cnn_minus_ln,difference,-0.9439019560813904
68#10,MC_ON,Mach,dark_ramp_minus_uniform,0.5,8,cnn_minus_ln,difference,-0.01224209454812808
68#10,MC_ON,Mach,bright_ramp_minus_uniform,0.5,8,cnn_minus_ln,difference,-0.05523659288883209
68#10,MC_ON,Mach,dark_ramp_minus_uniform,0.5,12,cnn_minus_ln,difference,-0.00689826812595129
68#10,MC_ON,Mach,bright_ramp_minus_uniform,0.5,12,cnn_minus_ln,difference,0.19140178337693214
68#10,MC_ON,Mach,dark_ramp_minus_uniform,0.5,16,cnn_minus_ln,difference,-0.0043250002890999895
68#10,MC_ON,Mach,bright_ramp_minus_uniform,0.5,16,cnn_minus_ln,difference,0.1604788713157177
68#11,PC_OFF,SBC,bright_minus_dark,0.0,0,cnn_minus_ln,difference,0.0
68#11,PC_OFF,SBC,bright_minus_dark,0.0,2,cnn_minus_ln,difference,0.0
68#11,PC_OFF,SBC,bright_minus_dark,0.0,4,cnn_minus_ln,difference,0.0
68#11,PC_OFF,SBC,bright_minus_dark,0.0,6,cnn_minus_ln,difference,0.0
68#11,PC_OFF,SBC,bright_minus_dark,0.0,8,cnn_minus_ln,difference,0.0
68#11,PC_OFF,SBC,bright_minus_dark,0.0625,0,cnn_minus_ln,difference,0.0
68#11,PC_OFF,SBC,bright_minus_dark,0.0625,2,cnn_minus_ln,difference,-0.0728258453309536
68#11,PC_OFF,SBC,bright_minus_dark,0.0625,4,cnn_minus_ln,difference,-0.11948225647211075
68#11,PC_OFF,SBC,bright_minus_dark,0.0625,6,cnn_minus_ln,difference,-0.11763808131217957
68#11,PC_OFF,SBC,bright_minus_dark,0.0625,8,cnn_minus_ln,difference,-0.11784015595912933
68#11,PC_OFF,SBC,bright_minus_dark,0.125,0,cnn_minus_ln,difference,0.0
68#11,PC_OFF,SBC,bright_minus_dark,0.125,2,cnn_minus_ln,difference,-0.09158821403980255
68#11,PC_OFF,SBC,bright_minus_dark,0.125,4,cnn_minus_ln,difference,-0.1373423933982849
68#11,PC_OFF,SBC,bright_minus_dark,0.125,6,cnn_minus_ln,difference,-0.1333266794681549
68#11,PC_OFF,SBC,bright_minus_dark,0.125,8,cnn_minus_ln,difference,-0.13278692960739136
68#11,PC_OFF,SBC,bright_minus_dark,0.25,0,cnn_minus_ln,difference,0.0
68#11,PC_OFF,SBC,bright_minus_dark,0.25,2,cnn_minus_ln,difference,-0.11284446716308594
68#11,PC_OFF,SBC,bright_minus_dark,0.25,4,cnn_minus_ln,difference,-0.15106576681137085
68#11,PC_OFF,SBC,bright_minus_dark,0.25,6,cnn_minus_ln,difference,-0.14337527751922607
68#11,PC_OFF,SBC,bright_minus_dark,0.25,8,cnn_minus_ln,difference,-0.14172855019569397
68#11,PC_OFF,SBC,bright_minus_dark,0.375,0,cnn_minus_ln,difference,0.0
68#11,PC_OFF,SBC,bright_minus_dark,0.375,2,cnn_minus_ln,difference,-0.12690140306949615
68#11,PC_OFF,SBC,bright_minus_dark,0.375,4,cnn_minus_ln,difference,-0.15922802686691284
68#11,PC_OFF,SBC,bright_minus_dark,0.375,6,cnn_minus_ln,difference,-0.1486613154411316
68#11,PC_OFF,SBC,bright_minus_dark,0.375,8,cnn_minus_ln,difference,-0.14650970697402954
68#11,PC_OFF,SBC,bright_minus_dark,0.5,0,cnn_minus_ln,difference,0.0
68#11,PC_OFF,SBC,bright_minus_dark,0.5,2,cnn_minus_ln,difference,-0.13747400045394897
68#11,PC_OFF,SBC,bright_minus_dark,0.5,4,cnn_minus_ln,difference,-0.166190505027771
68#11,PC_OFF,SBC,bright_minus_dark,0.5,6,cnn_minus_ln,difference,-0.153289794921875
68#11,PC_OFF,SBC,bright_minus_dark,0.5,8,cnn_minus_ln,difference,-0.15032732486724854
68#11,PC_OFF,Mach,dark_ramp_minus_uniform,0.0,0,cnn_minus_ln,difference,0.0
68#11,PC_OFF,Mach,bright_ramp_minus_uniform,0.0,0,cnn_minus_ln,difference,0.0
68#11,PC_OFF,Mach,dark_ramp_minus_uniform,0.0,2,cnn_minus_ln,difference,0.0
68#11,PC_OFF,Mach,bright_ramp_minus_uniform,0.0,2,cnn_minus_ln,difference,0.0
68#11,PC_OFF,Mach,dark_ramp_minus_uniform,0.0,4,cnn_minus_ln,difference,0.0
68#11,PC_OFF,Mach,bright_ramp_minus_uniform,0.0,4,cnn_minus_ln,difference,0.0
68#11,PC_OFF,Mach,dark_ramp_minus_uniform,0.0,8,cnn_minus_ln,difference,0.0
68#11,PC_OFF,Mach,bright_ramp_minus_uniform,0.0,8,cnn_minus_ln,difference,0.0
68#11,PC_OFF,Mach,dark_ramp_minus_uniform,0.0,12,cnn_minus_ln,difference,0.0
68#11,PC_OFF,Mach,bright_ramp_minus_uniform,0.0,12,cnn_minus_ln,difference,0.0
68#11,PC_OFF,Mach,dark_ramp_minus_uniform,0.0,16,cnn_minus_ln,difference,0.0
68#11,PC_OFF,Mach,bright_ramp_minus_uniform,0.0,16,cnn_minus_ln,difference,0.0
68#11,PC_OFF,Mach,dark_ramp_minus_uniform,0.0625,0,cnn_minus_ln,difference,-0.03359714150428772
68#11,PC_OFF,Mach,bright_ramp_minus_uniform,0.0625,0,cnn_minus_ln,difference,0.0439673587679863
68#11,PC_OFF,Mach,dark_ramp_minus_uniform,0.0625,2,cnn_minus_ln,difference,-0.02194562554359436
68#11,PC_OFF,Mach,bright_ramp_minus_uniform,0.0625,2,cnn_minus_ln,difference,0.05286780744791031
68#11,PC_OFF,Mach,dark_ramp_minus_uniform,0.0625,4,cnn_minus_ln,difference,-0.007463715970516205
68#11,PC_OFF,Mach,bright_ramp_minus_uniform,0.0625,4,cnn_minus_ln,difference,0.03205592930316925
68#11,PC_OFF,Mach,dark_ramp_minus_uniform,0.0625,8,cnn_minus_ln,difference,0.009396560955792665
68#11,PC_OFF,Mach,bright_ramp_minus_uniform,0.0625,8,cnn_minus_ln,difference,0.013922756537795067
68#11,PC_OFF,Mach,dark_ramp_minus_uniform,0.0625,12,cnn_minus_ln,difference,0.012548200553283095
68#11,PC_OFF,Mach,bright_ramp_minus_uniform,0.0625,12,cnn_minus_ln,difference,0.007018248550593853
68#11,PC_OFF,Mach,dark_ramp_minus_uniform,0.0625,16,cnn_minus_ln,difference,0.011261296225711703
68#11,PC_OFF,Mach,bright_ramp_minus_uniform,0.0625,16,cnn_minus_ln,difference,0.004040018655359745
68#11,PC_OFF,Mach,dark_ramp_minus_uniform,0.125,0,cnn_minus_ln,difference,-0.0264359712600708
68#11,PC_OFF,Mach,bright_ramp_minus_uniform,0.125,0,cnn_minus_ln,difference,0.05001746863126755
68#11,PC_OFF,Mach,dark_ramp_minus_uniform,0.125,2,cnn_minus_ln,difference,-0.009669564664363861
68#11,PC_OFF,Mach,bright_ramp_minus_uniform,0.125,2,cnn_minus_ln,difference,0.05842296779155731
68#11,PC_OFF,Mach,dark_ramp_minus_uniform,0.125,4,cnn_minus_ln,difference,0.011256612837314606
68#11,PC_OFF,Mach,bright_ramp_minus_uniform,0.125,4,cnn_minus_ln,difference,0.03751140832901001
68#11,PC_OFF,Mach,dark_ramp_minus_uniform,0.125,8,cnn_minus_ln,difference,0.03742883214727044
68#11,PC_OFF,Mach,bright_ramp_minus_uniform,0.125,8,cnn_minus_ln,difference,0.013683520257472992
68#11,PC_OFF,Mach,dark_ramp_minus_uniform,0.125,12,cnn_minus_ln,difference,0.040280573070049286
68#11,PC_OFF,Mach,bright_ramp_minus_uniform,0.125,12,cnn_minus_ln,difference,0.006149277091026306
68#11,PC_OFF,Mach,dark_ramp_minus_uniform,0.125,16,cnn_minus_ln,difference,0.0326243806630373
68#11,PC_OFF,Mach,bright_ramp_minus_uniform,0.125,16,cnn_minus_ln,difference,0.0034481529146432877
68#11,PC_OFF,Mach,dark_ramp_minus_uniform,0.25,0,cnn_minus_ln,difference,-0.007857993245124817
68#11,PC_OFF,Mach,bright_ramp_minus_uniform,0.25,0,cnn_minus_ln,difference,0.04586388170719147
68#11,PC_OFF,Mach,dark_ramp_minus_uniform,0.25,2,cnn_minus_ln,difference,0.020721465349197388
68#11,PC_OFF,Mach,bright_ramp_minus_uniform,0.25,2,cnn_minus_ln,difference,0.05967065691947937
68#11,PC_OFF,Mach,dark_ramp_minus_uniform,0.25,4,cnn_minus_ln,difference,0.049238890409469604
68#11,PC_OFF,Mach,bright_ramp_minus_uniform,0.25,4,cnn_minus_ln,difference,0.036376580595970154
68#11,PC_OFF,Mach,dark_ramp_minus_uniform,0.25,8,cnn_minus_ln,difference,0.08979600109159946
68#11,PC_OFF,Mach,bright_ramp_minus_uniform,0.25,8,cnn_minus_ln,difference,0.012112937867641449
68#11,PC_OFF,Mach,dark_ramp_minus_uniform,0.25,12,cnn_minus_ln,difference,0.08467209339141846
68#11,PC_OFF,Mach,bright_ramp_minus_uniform,0.25,12,cnn_minus_ln,difference,0.005724303424358368
68#11,PC_OFF,Mach,dark_ramp_minus_uniform,0.25,16,cnn_minus_ln,difference,0.06469558738172054
68#11,PC_OFF,Mach,bright_ramp_minus_uniform,0.25,16,cnn_minus_ln,difference,0.003675278276205063
68#11,PC_OFF,Mach,dark_ramp_minus_uniform,0.375,0,cnn_minus_ln,difference,0.013692617416381836
68#11,PC_OFF,Mach,bright_ramp_minus_uniform,0.375,0,cnn_minus_ln,difference,0.04463380575180054
68#11,PC_OFF,Mach,dark_ramp_minus_uniform,0.375,2,cnn_minus_ln,difference,0.054279178380966187
68#11,PC_OFF,Mach,bright_ramp_minus_uniform,0.375,2,cnn_minus_ln,difference,0.062110960483551025
68#11,PC_OFF,Mach,dark_ramp_minus_uniform,0.375,4,cnn_minus_ln,difference,0.08905795961618423
68#11,PC_OFF,Mach,bright_ramp_minus_uniform,0.375,4,cnn_minus_ln,difference,0.03701223433017731
68#11,PC_OFF,Mach,dark_ramp_minus_uniform,0.375,8,cnn_minus_ln,difference,0.14094848185777664
68#11,PC_OFF,Mach,bright_ramp_minus_uniform,0.375,8,cnn_minus_ln,difference,0.014856629073619843
68#11,PC_OFF,Mach,dark_ramp_minus_uniform,0.375,12,cnn_minus_ln,difference,0.12852681428194046
68#11,PC_OFF,Mach,bright_ramp_minus_uniform,0.375,12,cnn_minus_ln,difference,0.007898569107055664
68#11,PC_OFF,Mach,dark_ramp_minus_uniform,0.375,16,cnn_minus_ln,difference,0.09824854135513306
68#11,PC_OFF,Mach,bright_ramp_minus_uniform,0.375,16,cnn_minus_ln,difference,0.005450401455163956
68#11,PC_OFF,Mach,dark_ramp_minus_uniform,0.5,0,cnn_minus_ln,difference,0.036414146423339844
68#11,PC_OFF,Mach,bright_ramp_minus_uniform,0.5,0,cnn_minus_ln,difference,0.04395744204521179
68#11,PC_OFF,Mach,dark_ramp_minus_uniform,0.5,2,cnn_minus_ln,difference,0.08916100859642029
68#11,PC_OFF,Mach,bright_ramp_minus_uniform,0.5,2,cnn_minus_ln,difference,0.0651090145111084
68#11,PC_OFF,Mach,dark_ramp_minus_uniform,0.5,4,cnn_minus_ln,difference,0.1298023983836174
68#11,PC_OFF,Mach,bright_ramp_minus_uniform,0.5,4,cnn_minus_ln,difference,0.037606775760650635
68#11,PC_OFF,Mach,dark_ramp_minus_uniform,0.5,8,cnn_minus_ln,difference,0.1921616941690445
68#11,PC_OFF,Mach,bright_ramp_minus_uniform,0.5,8,cnn_minus_ln,difference,0.018007978796958923
68#11,PC_OFF,Mach,dark_ramp_minus_uniform,0.5,12,cnn_minus_ln,difference,0.17303171753883362
68#11,PC_OFF,Mach,bright_ramp_minus_uniform,0.5,12,cnn_minus_ln,difference,0.010145068168640137
68#11,PC_OFF,Mach,dark_ramp_minus_uniform,0.5,16,cnn_minus_ln,difference,0.1325363889336586
68#11,PC_OFF,Mach,bright_ramp_minus_uniform,0.5,16,cnn_minus_ln,difference,0.007098078727722168
69#3,PC_OFF,SBC,bright_minus_dark,0.0,0,cnn_minus_ln,difference,0.0
69#3,PC_OFF,SBC,bright_minus_dark,0.0,2,cnn_minus_ln,difference,0.0
69#3,PC_OFF,SBC,bright_minus_dark,0.0,4,cnn_minus_ln,difference,0.0
69#3,PC_OFF,SBC,bright_minus_dark,0.0,6,cnn_minus_ln,difference,0.0
69#3,PC_OFF,SBC,bright_minus_dark,0.0,8,cnn_minus_ln,difference,0.0
69#3,PC_OFF,SBC,bright_minus_dark,0.0625,0,cnn_minus_ln,difference,0.0
69#3,PC_OFF,SBC,bright_minus_dark,0.0625,2,cnn_minus_ln,difference,-0.12714024382876232
69#3,PC_OFF,SBC,bright_minus_dark,0.0625,4,cnn_minus_ln,difference,-0.20134214957943186
69#3,PC_OFF,SBC,bright_minus_dark,0.0625,6,cnn_minus_ln,difference,-0.14889216324081644
69#3,PC_OFF,SBC,bright_minus_dark,0.0625,8,cnn_minus_ln,difference,-0.126529662811663
69#3,PC_OFF,SBC,bright_minus_dark,0.125,0,cnn_minus_ln,difference,0.0
69#3,PC_OFF,SBC,bright_minus_dark,0.125,2,cnn_minus_ln,difference,-0.21971232001669705
69#3,PC_OFF,SBC,bright_minus_dark,0.125,4,cnn_minus_ln,difference,-0.31812434596940875
69#3,PC_OFF,SBC,bright_minus_dark,0.125,6,cnn_minus_ln,difference,-0.22738052112981677
69#3,PC_OFF,SBC,bright_minus_dark,0.125,8,cnn_minus_ln,difference,-0.19504383904859424
69#3,PC_OFF,SBC,bright_minus_dark,0.25,0,cnn_minus_ln,difference,0.0
69#3,PC_OFF,SBC,bright_minus_dark,0.25,2,cnn_minus_ln,difference,-0.3435855805873871
69#3,PC_OFF,SBC,bright_minus_dark,0.25,4,cnn_minus_ln,difference,-0.4571829875931144
69#3,PC_OFF,SBC,bright_minus_dark,0.25,6,cnn_minus_ln,difference,-0.3264802535995841
69#3,PC_OFF,SBC,bright_minus_dark,0.25,8,cnn_minus_ln,difference,-0.2676193257793784
69#3,PC_OFF,SBC,bright_minus_dark,0.375,0,cnn_minus_ln,difference,0.0
69#3,PC_OFF,SBC,bright_minus_dark,0.375,2,cnn_minus_ln,difference,-0.43046494107693434
69#3,PC_OFF,SBC,bright_minus_dark,0.375,4,cnn_minus_ln,difference,-0.5875917952507734
69#3,PC_OFF,SBC,bright_minus_dark,0.375,6,cnn_minus_ln,difference,-0.41793942265212536
69#3,PC_OFF,SBC,bright_minus_dark,0.375,8,cnn_minus_ln,difference,-0.33921956829726696
69#3,PC_OFF,SBC,bright_minus_dark,0.5,0,cnn_minus_ln,difference,0.0
69#3,PC_OFF,SBC,bright_minus_dark,0.5,2,cnn_minus_ln,difference,-0.5126002631150186
69#3,PC_OFF,SBC,bright_minus_dark,0.5,4,cnn_minus_ln,difference,-0.7192114712670445
69#3,PC_OFF,SBC,bright_minus_dark,0.5,6,cnn_minus_ln,difference,-0.5084488512948155
69#3,PC_OFF,SBC,bright_minus_dark,0.5,8,cnn_minus_ln,difference,-0.4099697293713689
69#3,PC_OFF,Mach,dark_ramp_minus_uniform,0.0,0,cnn_minus_ln,difference,0.0
69#3,PC_OFF,Mach,bright_ramp_minus_uniform,0.0,0,cnn_minus_ln,difference,0.0
69#3,PC_OFF,Mach,dark_ramp_minus_uniform,0.0,2,cnn_minus_ln,difference,0.0
69#3,PC_OFF,Mach,bright_ramp_minus_uniform,0.0,2,cnn_minus_ln,difference,0.0
69#3,PC_OFF,Mach,dark_ramp_minus_uniform,0.0,4,cnn_minus_ln,difference,0.0
69#3,PC_OFF,Mach,bright_ramp_minus_uniform,0.0,4,cnn_minus_ln,difference,0.0
69#3,PC_OFF,Mach,dark_ramp_minus_uniform,0.0,8,cnn_minus_ln,difference,0.0
69#3,PC_OFF,Mach,bright_ramp_minus_uniform,0.0,8,cnn_minus_ln,difference,0.0
69#3,PC_OFF,Mach,dark_ramp_minus_uniform,0.0,12,cnn_minus_ln,difference,0.0
69#3,PC_OFF,Mach,bright_ramp_minus_uniform,0.0,12,cnn_minus_ln,difference,0.0
69#3,PC_OFF,Mach,dark_ramp_minus_uniform,0.0,16,cnn_minus_ln,difference,0.0
69#3,PC_OFF,Mach,bright_ramp_minus_uniform,0.0,16,cnn_minus_ln,difference,0.0
69#3,PC_OFF,Mach,dark_ramp_minus_uniform,0.0625,0,cnn_minus_ln,difference,-0.08745601400732994
69#3,PC_OFF,Mach,bright_ramp_minus_uniform,0.0625,0,cnn_minus_ln,difference,0.014895756604772714
69#3,PC_OFF,Mach,dark_ramp_minus_uniform,0.0625,2,cnn_minus_ln,difference,-0.0713476138189435
69#3,PC_OFF,Mach,bright_ramp_minus_uniform,0.0625,2,cnn_minus_ln,difference,0.031617633474525064
69#3,PC_OFF,Mach,dark_ramp_minus_uniform,0.0625,4,cnn_minus_ln,difference,-0.031850137282162905
69#3,PC_OFF,Mach,bright_ramp_minus_uniform,0.0625,4,cnn_minus_ln,difference,0.004672340612160042
69#3,PC_OFF,Mach,dark_ramp_minus_uniform,0.0625,8,cnn_minus_ln,difference,0.007023823447525501
69#3,PC_OFF,Mach,bright_ramp_minus_uniform,0.0625,8,cnn_minus_ln,difference,-0.0018519243167247623
69#3,PC_OFF,Mach,dark_ramp_minus_uniform,0.0625,12,cnn_minus_ln,difference,0.008536056731827557
69#3,PC_OFF,Mach,bright_ramp_minus_uniform,0.0625,12,cnn_minus_ln,difference,0.0011004646075889468
69#3,PC_OFF,Mach,dark_ramp_minus_uniform,0.0625,16,cnn_minus_ln,difference,0.007325232261791825
69#3,PC_OFF,Mach,bright_ramp_minus_uniform,0.0625,16,cnn_minus_ln,difference,0.0015521288296440616
69#3,PC_OFF,Mach,dark_ramp_minus_uniform,0.125,0,cnn_minus_ln,difference,-0.10051166638731956
69#3,PC_OFF,Mach,bright_ramp_minus_uniform,0.125,0,cnn_minus_ln,difference,0.02951204702259247
69#3,PC_OFF,Mach,dark_ramp_minus_uniform,0.125,2,cnn_minus_ln,difference,-0.08075966872274876
69#3,PC_OFF,Mach,bright_ramp_minus_uniform,0.125,2,cnn_minus_ln,difference,0.054575058282352984
69#3,PC_OFF,Mach,dark_ramp_minus_uniform,0.125,4,cnn_minus_ln,difference,-0.018777430057525635
69#3,PC_OFF,Mach,bright_ramp_minus_uniform,0.125,4,cnn_minus_ln,difference,0.006495714420452714
69#3,PC_OFF,Mach,dark_ramp_minus_uniform,0.125,8,cnn_minus_ln,difference,0.041224661748856306
69#3,PC_OFF,Mach,bright_ramp_minus_uniform,0.125,8,cnn_minus_ln,difference,-0.0058357952802907676
69#3,PC_OFF,Mach,dark_ramp_minus_uniform,0.125,12,cnn_minus_ln,difference,0.04140739771537483
69#3,PC_OFF,Mach,bright_ramp_minus_uniform,0.125,12,cnn_minus_ln,difference,-0.0008881568792276084
69#3,PC_OFF,Mach,dark_ramp_minus_uniform,0.125,16,cnn_minus_ln,difference,0.030786591582000256
69#3,PC_OFF,Mach,bright_ramp_minus_uniform,0.125,16,cnn_minus_ln,difference,-0.00020129283075220883
69#3,PC_OFF,Mach,dark_ramp_minus_uniform,0.25,0,cnn_minus_ln,difference,-0.11437535285949707
69#3,PC_OFF,Mach,bright_ramp_minus_uniform,0.25,0,cnn_minus_ln,difference,0.04950365250306277
69#3,PC_OFF,Mach,dark_ramp_minus_uniform,0.25,2,cnn_minus_ln,difference,-0.08686267584562302
69#3,PC_OFF,Mach,bright_ramp_minus_uniform,0.25,2,cnn_minus_ln,difference,0.09114044299349189
69#3,PC_OFF,Mach,dark_ramp_minus_uniform,0.25,4,cnn_minus_ln,difference,0.00660396832972765
69#3,PC_OFF,Mach,bright_ramp_minus_uniform,0.25,4,cnn_minus_ln,difference,0.0165528766810894
69#3,PC_OFF,Mach,dark_ramp_minus_uniform,0.25,8,cnn_minus_ln,difference,0.08449303638190031
69#3,PC_OFF,Mach,bright_ramp_minus_uniform,0.25,8,cnn_minus_ln,difference,-0.009674978151451796
69#3,PC_OFF,Mach,dark_ramp_minus_uniform,0.25,12,cnn_minus_ln,difference,0.07925228495150805
69#3,PC_OFF,Mach,bright_ramp_minus_uniform,0.25,12,cnn_minus_ln,difference,0.0009767453302629292
69#3,PC_OFF,Mach,dark_ramp_minus_uniform,0.25,16,cnn_minus_ln,difference,0.0541507862508297
69#3,PC_OFF,Mach,bright_ramp_minus_uniform,0.25,16,cnn_minus_ln,difference,0.002448578568873927
69#3,PC_OFF,Mach,dark_ramp_minus_uniform,0.375,0,cnn_minus_ln,difference,-0.1332356557250023
69#3,PC_OFF,Mach,bright_ramp_minus_uniform,0.375,0,cnn_minus_ln,difference,0.05946689322593102
69#3,PC_OFF,Mach,dark_ramp_minus_uniform,0.375,2,cnn_minus_ln,difference,-0.10016127675771713
69#3,PC_OFF,Mach,bright_ramp_minus_uniform,0.375,2,cnn_minus_ln,difference,0.11432867916300893
69#3,PC_OFF,Mach,dark_ramp_minus_uniform,0.375,4,cnn_minus_ln,difference,0.02281708735972643
69#3,PC_OFF,Mach,bright_ramp_minus_uniform,0.375,4,cnn_minus_ln,difference,0.016135735670104623
69#3,PC_OFF,Mach,dark_ramp_minus_uniform,0.375,8,cnn_minus_ln,difference,0.12056502141058445
69#3,PC_OFF,Mach,bright_ramp_minus_uniform,0.375,8,cnn_minus_ln,difference,-0.020197837380692363
69#3,PC_OFF,Mach,dark_ramp_minus_uniform,0.375,12,cnn_minus_ln,difference,0.10753198992460966
69#3,PC_OFF,Mach,bright_ramp_minus_uniform,0.375,12,cnn_minus_ln,difference,-0.0030162573675625026
69#3,PC_OFF,Mach,dark_ramp_minus_uniform,0.375,16,cnn_minus_ln,difference,0.07677107211202383
69#3,PC_OFF,Mach,bright_ramp_minus_uniform,0.375,16,cnn_minus_ln,difference,-0.0005662957992171869
69#3,PC_OFF,Mach,dark_ramp_minus_uniform,0.5,0,cnn_minus_ln,difference,-0.1545313149690628
69#3,PC_OFF,Mach,bright_ramp_minus_uniform,0.5,0,cnn_minus_ln,difference,0.06787755837035547
69#3,PC_OFF,Mach,dark_ramp_minus_uniform,0.5,2,cnn_minus_ln,difference,-0.11709416657686234
69#3,PC_OFF,Mach,bright_ramp_minus_uniform,0.5,2,cnn_minus_ln,difference,0.1350144543685019
69#3,PC_OFF,Mach,dark_ramp_minus_uniform,0.5,4,cnn_minus_ln,difference,0.03259309334680438
69#3,PC_OFF,Mach,bright_ramp_minus_uniform,0.5,4,cnn_minus_ln,difference,0.014768623979762197
69#3,PC_OFF,Mach,dark_ramp_minus_uniform,0.5,8,cnn_minus_ln,difference,0.15367961302399635
69#3,PC_OFF,Mach,bright_ramp_minus_uniform,0.5,8,cnn_minus_ln,difference,-0.029143909690901637
69#3,PC_OFF,Mach,dark_ramp_minus_uniform,0.5,12,cnn_minus_ln,difference,0.1335915233939886
69#3,PC_OFF,Mach,bright_ramp_minus_uniform,0.5,12,cnn_minus_ln,difference,-0.005028100858908147
69#3,PC_OFF,Mach,dark_ramp_minus_uniform,0.5,16,cnn_minus_ln,difference,0.09851076547056437
69#3,PC_OFF,Mach,bright_ramp_minus_uniform,0.5,16,cnn_minus_ln,difference,-0.0013765732874162495
69#4,MC_ON,SBC,bright_minus_dark,0.0,0,cnn_minus_ln,difference,0.0
69#4,MC_ON,SBC,bright_minus_dark,0.0,2,cnn_minus_ln,difference,0.0
69#4,MC_ON,SBC,bright_minus_dark,0.0,4,cnn_minus_ln,difference,0.0
69#4,MC_ON,SBC,bright_minus_dark,0.0,6,cnn_minus_ln,difference,0.0
69#4,MC_ON,SBC,bright_minus_dark,0.0,8,cnn_minus_ln,difference,0.0
69#4,MC_ON,SBC,bright_minus_dark,0.0625,0,cnn_minus_ln,difference,0.0
69#4,MC_ON,SBC,bright_minus_dark,0.0625,2,cnn_minus_ln,difference,0.09814816527068615
69#4,MC_ON,SBC,bright_minus_dark,0.0625,4,cnn_minus_ln,difference,0.2471638536080718
69#4,MC_ON,SBC,bright_minus_dark,0.0625,6,cnn_minus_ln,difference,0.2873819684609771
69#4,MC_ON,SBC,bright_minus_dark,0.0625,8,cnn_minus_ln,difference,0.28142280224710703
69#4,MC_ON,SBC,bright_minus_dark,0.125,0,cnn_minus_ln,difference,0.0
69#4,MC_ON,SBC,bright_minus_dark,0.125,2,cnn_minus_ln,difference,0.16494313068687916
69#4,MC_ON,SBC,bright_minus_dark,0.125,4,cnn_minus_ln,difference,0.4375847838819027
69#4,MC_ON,SBC,bright_minus_dark,0.125,6,cnn_minus_ln,difference,0.4977664276957512
69#4,MC_ON,SBC,bright_minus_dark,0.125,8,cnn_minus_ln,difference,0.48436958715319633
69#4,MC_ON,SBC,bright_minus_dark,0.25,0,cnn_minus_ln,difference,0.0
69#4,MC_ON,SBC,bright_minus_dark,0.25,2,cnn_minus_ln,difference,0.28118713200092316
69#4,MC_ON,SBC,bright_minus_dark,0.25,4,cnn_minus_ln,difference,0.7153216525912285
69#4,MC_ON,SBC,bright_minus_dark,0.25,6,cnn_minus_ln,difference,0.8031373433768749
69#4,MC_ON,SBC,bright_minus_dark,0.25,8,cnn_minus_ln,difference,0.780226543545723
69#4,MC_ON,SBC,bright_minus_dark,0.375,0,cnn_minus_ln,difference,0.0
69#4,MC_ON,SBC,bright_minus_dark,0.375,2,cnn_minus_ln,difference,0.38013070821762085
69#4,MC_ON,SBC,bright_minus_dark,0.375,4,cnn_minus_ln,difference,0.9446668289601803
69#4,MC_ON,SBC,bright_minus_dark,0.375,6,cnn_minus_ln,difference,1.0729955434799194
69#4,MC_ON,SBC,bright_minus_dark,0.375,8,cnn_minus_ln,difference,1.039587251842022
69#4,MC_ON,SBC,bright_minus_dark,0.5,0,cnn_minus_ln,difference,0.0
69#4,MC_ON,SBC,bright_minus_dark,0.5,2,cnn_minus_ln,difference,0.4641127362847328
69#4,MC_ON,SBC,bright_minus_dark,0.5,4,cnn_minus_ln,difference,1.1593393608927727
69#4,MC_ON,SBC,bright_minus_dark,0.5,6,cnn_minus_ln,difference,1.3293573334813118
69#4,MC_ON,SBC,bright_minus_dark,0.5,8,cnn_minus_ln,difference,1.2847525030374527
69#4,MC_ON,Mach,dark_ramp_minus_uniform,0.0,0,cnn_minus_ln,difference,0.0
69#4,MC_ON,Mach,bright_ramp_minus_uniform,0.0,0,cnn_minus_ln,difference,0.0
69#4,MC_ON,Mach,dark_ramp_minus_uniform,0.0,2,cnn_minus_ln,difference,0.0
69#4,MC_ON,Mach,bright_ramp_minus_uniform,0.0,2,cnn_minus_ln,difference,0.0
69#4,MC_ON,Mach,dark_ramp_minus_uniform,0.0,4,cnn_minus_ln,difference,0.0
69#4,MC_ON,Mach,bright_ramp_minus_uniform,0.0,4,cnn_minus_ln,difference,0.0
69#4,MC_ON,Mach,dark_ramp_minus_uniform,0.0,8,cnn_minus_ln,difference,0.0
69#4,MC_ON,Mach,bright_ramp_minus_uniform,0.0,8,cnn_minus_ln,difference,0.0
69#4,MC_ON,Mach,dark_ramp_minus_uniform,0.0,12,cnn_minus_ln,difference,0.0
69#4,MC_ON,Mach,bright_ramp_minus_uniform,0.0,12,cnn_minus_ln,difference,0.0
69#4,MC_ON,Mach,dark_ramp_minus_uniform,0.0,16,cnn_minus_ln,difference,0.0
69#4,MC_ON,Mach,bright_ramp_minus_uniform,0.0,16,cnn_minus_ln,difference,0.0
69#4,MC_ON,Mach,dark_ramp_minus_uniform,0.0625,0,cnn_minus_ln,difference,0.23386979289352894
69#4,MC_ON,Mach,bright_ramp_minus_uniform,0.0625,0,cnn_minus_ln,difference,0.009745653020218015
69#4,MC_ON,Mach,dark_ramp_minus_uniform,0.0625,2,cnn_minus_ln,difference,0.21453055180609226
69#4,MC_ON,Mach,bright_ramp_minus_uniform,0.0625,2,cnn_minus_ln,difference,-0.004400857258588076
69#4,MC_ON,Mach,dark_ramp_minus_uniform,0.0625,4,cnn_minus_ln,difference,0.1730810860171914
69#4,MC_ON,Mach,bright_ramp_minus_uniform,0.0625,4,cnn_minus_ln,difference,0.018458628503140062
69#4,MC_ON,Mach,dark_ramp_minus_uniform,0.0625,8,cnn_minus_ln,difference,0.1066946848295629
69#4,MC_ON,Mach,bright_ramp_minus_uniform,0.0625,8,cnn_minus_ln,difference,0.013756711967289448
69#4,MC_ON,Mach,dark_ramp_minus_uniform,0.0625,12,cnn_minus_ln,difference,0.07169123482890427
69#4,MC_ON,Mach,bright_ramp_minus_uniform,0.0625,12,cnn_minus_ln,difference,0.0034346502216067165
69#4,MC_ON,Mach,dark_ramp_minus_uniform,0.0625,16,cnn_minus_ln,difference,0.05366500199306756
69#4,MC_ON,Mach,bright_ramp_minus_uniform,0.0625,16,cnn_minus_ln,difference,0.00036617915611714125
69#4,MC_ON,Mach,dark_ramp_minus_uniform,0.125,0,cnn_minus_ln,difference,0.3894799277186394
69#4,MC_ON,Mach,bright_ramp_minus_uniform,0.125,0,cnn_minus_ln,difference,0.017558527644723654
69#4,MC_ON,Mach,dark_ramp_minus_uniform,0.125,2,cnn_minus_ln,difference,0.3577481172978878
69#4,MC_ON,Mach,bright_ramp_minus_uniform,0.125,2,cnn_minus_ln,difference,-0.00616145133972168
69#4,MC_ON,Mach,dark_ramp_minus_uniform,0.125,4,cnn_minus_ln,difference,0.2859510723501444
69#4,MC_ON,Mach,bright_ramp_minus_uniform,0.125,4,cnn_minus_ln,difference,0.03195021545980126
69#4,MC_ON,Mach,dark_ramp_minus_uniform,0.125,8,cnn_minus_ln,difference,0.17485397774726152
69#4,MC_ON,Mach,bright_ramp_minus_uniform,0.125,8,cnn_minus_ln,difference,0.022553126502316445
69#4,MC_ON,Mach,dark_ramp_minus_uniform,0.125,12,cnn_minus_ln,difference,0.11212697811424732
69#4,MC_ON,Mach,bright_ramp_minus_uniform,0.125,12,cnn_minus_ln,difference,0.003858510812278837
69#4,MC_ON,Mach,dark_ramp_minus_uniform,0.125,16,cnn_minus_ln,difference,0.08025062084197998
69#4,MC_ON,Mach,bright_ramp_minus_uniform,0.125,16,cnn_minus_ln,difference,0.0007580081874039024
69#4,MC_ON,Mach,dark_ramp_minus_uniform,0.25,0,cnn_minus_ln,difference,0.6067909523844719
69#4,MC_ON,Mach,bright_ramp_minus_uniform,0.25,0,cnn_minus_ln,difference,0.018300858326256275
69#4,MC_ON,Mach,dark_ramp_minus_uniform,0.25,2,cnn_minus_ln,difference,0.5595714636147022
69#4,MC_ON,Mach,bright_ramp_minus_uniform,0.25,2,cnn_minus_ln,difference,-0.02302843378856778
69#4,MC_ON,Mach,dark_ramp_minus_uniform,0.25,4,cnn_minus_ln,difference,0.45259453542530537
69#4,MC_ON,Mach,bright_ramp_minus_uniform,0.25,4,cnn_minus_ln,difference,0.05236899480223656
69#4,MC_ON,Mach,dark_ramp_minus_uniform,0.25,8,cnn_minus_ln,difference,0.27714480739086866
69#4,MC_ON,Mach,bright_ramp_minus_uniform,0.25,8,cnn_minus_ln,difference,0.04186500480864197
69#4,MC_ON,Mach,dark_ramp_minus_uniform,0.25,12,cnn_minus_ln,difference,0.178348695859313
69#4,MC_ON,Mach,bright_ramp_minus_uniform,0.25,12,cnn_minus_ln,difference,0.007205462199635804
69#4,MC_ON,Mach,dark_ramp_minus_uniform,0.25,16,cnn_minus_ln,difference,0.12933956971392035
69#4,MC_ON,Mach,bright_ramp_minus_uniform,0.25,16,cnn_minus_ln,difference,0.0020122965797781944
69#4,MC_ON,Mach,dark_ramp_minus_uniform,0.375,0,cnn_minus_ln,difference,0.8070071265101433
69#4,MC_ON,Mach,bright_ramp_minus_uniform,0.375,0,cnn_minus_ln,difference,0.01706700026988983
69#4,MC_ON,Mach,dark_ramp_minus_uniform,0.375,2,cnn_minus_ln,difference,0.7505459263920784
69#4,MC_ON,Mach,bright_ramp_minus_uniform,0.375,2,cnn_minus_ln,difference,-0.038117717020213604
69#4,MC_ON,Mach,dark_ramp_minus_uniform,0.375,4,cnn_minus_ln,difference,0.6147497035562992
69#4,MC_ON,Mach,bright_ramp_minus_uniform,0.375,4,cnn_minus_ln,difference,0.07034016121178865
69#4,MC_ON,Mach,dark_ramp_minus_uniform,0.375,8,cnn_minus_ln,difference,0.3841649815440178
69#4,MC_ON,Mach,bright_ramp_minus_uniform,0.375,8,cnn_minus_ln,difference,0.05955582391470671
69#4,MC_ON,Mach,dark_ramp_minus_uniform,0.375,12,cnn_minus_ln,difference,0.2533737840130925
69#4,MC_ON,Mach,bright_ramp_minus_uniform,0.375,12,cnn_minus_ln,difference,0.010112317511811852
69#4,MC_ON,Mach,dark_ramp_minus_uniform,0.375,16,cnn_minus_ln,difference,0.18688404839485884
69#4,MC_ON,Mach,bright_ramp_minus_uniform,0.375,16,cnn_minus_ln,difference,0.00294024555478245
69#4,MC_ON,Mach,dark_ramp_minus_uniform,0.5,0,cnn_minus_ln,difference,1.0007453709840775
69#4,MC_ON,Mach,bright_ramp_minus_uniform,0.5,0,cnn_minus_ln,difference,0.017689835280179977
69#4,MC_ON,Mach,dark_ramp_minus_uniform,0.5,2,cnn_minus_ln,difference,0.9360747560858727
69#4,MC_ON,Mach,bright_ramp_minus_uniform,0.5,2,cnn_minus_ln,difference,-0.048874154686927795
69#4,MC_ON,Mach,dark_ramp_minus_uniform,0.5,4,cnn_minus_ln,difference,0.7744605392217636
69#4,MC_ON,Mach,bright_ramp_minus_uniform,0.5,4,cnn_minus_ln,difference,0.09009792981669307
69#4,MC_ON,Mach,dark_ramp_minus_uniform,0.5,8,cnn_minus_ln,difference,0.4938744977116585
69#4,MC_ON,Mach,bright_ramp_minus_uniform,0.5,8,cnn_minus_ln,difference,0.07582210004329681
69#4,MC_ON,Mach,dark_ramp_minus_uniform,0.5,12,cnn_minus_ln,difference,0.3290836922824383
69#4,MC_ON,Mach,bright_ramp_minus_uniform,0.5,12,cnn_minus_ln,difference,0.013377050636336207
69#4,MC_ON,Mach,dark_ramp_minus_uniform,0.5,16,cnn_minus_ln,difference,0.24406200647354126
69#4,MC_ON,Mach,bright_ramp_minus_uniform,0.5,16,cnn_minus_ln,difference,0.0041593273635953665
69#6,MC_OFF,SBC,bright_minus_dark,0.0,0,cnn_minus_ln,difference,0.0
69#6,MC_OFF,SBC,bright_minus_dark,0.0,2,cnn_minus_ln,difference,0.0
69#6,MC_OFF,SBC,bright_minus_dark,0.0,4,cnn_minus_ln,difference,0.0
69#6,MC_OFF,SBC,bright_minus_dark,0.0,6,cnn_minus_ln,difference,0.0
69#6,MC_OFF,SBC,bright_minus_dark,0.0,8,cnn_minus_ln,difference,0.0
69#6,MC_OFF,SBC,bright_minus_dark,0.0625,0,cnn_minus_ln,difference,0.0
69#6,MC_OFF,SBC,bright_minus_dark,0.0625,2,cnn_minus_ln,difference,-0.1033202800899744
69#6,MC_OFF,SBC,bright_minus_dark,0.0625,4,cnn_minus_ln,difference,-0.1708335392177105
69#6,MC_OFF,SBC,bright_minus_dark,0.0625,6,cnn_minus_ln,difference,-0.1161383930593729
69#6,MC_OFF,SBC,bright_minus_dark,0.0625,8,cnn_minus_ln,difference,-0.09766015596687794
69#6,MC_OFF,SBC,bright_minus_dark,0.125,0,cnn_minus_ln,difference,0.0
69#6,MC_OFF,SBC,bright_minus_dark,0.125,2,cnn_minus_ln,difference,-0.16711179167032242
69#6,MC_OFF,SBC,bright_minus_dark,0.125,4,cnn_minus_ln,difference,-0.27968617156147957
69#6,MC_OFF,SBC,bright_minus_dark,0.125,6,cnn_minus_ln,difference,-0.19021713733673096
69#6,MC_OFF,SBC,bright_minus_dark,0.125,8,cnn_minus_ln,difference,-0.16407187283039093
69#6,MC_OFF,SBC,bright_minus_dark,0.25,0,cnn_minus_ln,difference,0.0
69#6,MC_OFF,SBC,bright_minus_dark,0.25,2,cnn_minus_ln,difference,-0.27269814163446426
69#6,MC_OFF,SBC,bright_minus_dark,0.25,4,cnn_minus_ln,difference,-0.46219076216220856
69#6,MC_OFF,SBC,bright_minus_dark,0.25,6,cnn_minus_ln,difference,-0.2986981123685837
69#6,MC_OFF,SBC,bright_minus_dark,0.25,8,cnn_minus_ln,difference,-0.2549133449792862
69#6,MC_OFF,SBC,bright_minus_dark,0.375,0,cnn_minus_ln,difference,0.0
69#6,MC_OFF,SBC,bright_minus_dark,0.375,2,cnn_minus_ln,difference,-0.36480049043893814
69#6,MC_OFF,SBC,bright_minus_dark,0.375,4,cnn_minus_ln,difference,-0.6179230958223343
69#6,MC_OFF,SBC,bright_minus_dark,0.375,6,cnn_minus_ln,difference,-0.38376203179359436
69#6,MC_OFF,SBC,bright_minus_dark,0.375,8,cnn_minus_ln,difference,-0.3172980844974518
69#6,MC_OFF,SBC,bright_minus_dark,0.5,0,cnn_minus_ln,difference,0.0
69#6,MC_OFF,SBC,bright_minus_dark,0.5,2,cnn_minus_ln,difference,-0.4445187896490097
69#6,MC_OFF,SBC,bright_minus_dark,0.5,4,cnn_minus_ln,difference,-0.7667312622070312
69#6,MC_OFF,SBC,bright_minus_dark,0.5,6,cnn_minus_ln,difference,-0.46306003630161285
69#6,MC_OFF,SBC,bright_minus_dark,0.5,8,cnn_minus_ln,difference,-0.37182046473026276
69#6,MC_OFF,Mach,dark_ramp_minus_uniform,0.0,0,cnn_minus_ln,difference,0.0
69#6,MC_OFF,Mach,bright_ramp_minus_uniform,0.0,0,cnn_minus_ln,difference,0.0
69#6,MC_OFF,Mach,dark_ramp_minus_uniform,0.0,2,cnn_minus_ln,difference,0.0
69#6,MC_OFF,Mach,bright_ramp_minus_uniform,0.0,2,cnn_minus_ln,difference,0.0
69#6,MC_OFF,Mach,dark_ramp_minus_uniform,0.0,4,cnn_minus_ln,difference,0.0
69#6,MC_OFF,Mach,bright_ramp_minus_uniform,0.0,4,cnn_minus_ln,difference,0.0
69#6,MC_OFF,Mach,dark_ramp_minus_uniform,0.0,8,cnn_minus_ln,difference,0.0
69#6,MC_OFF,Mach,bright_ramp_minus_uniform,0.0,8,cnn_minus_ln,difference,0.0
69#6,MC_OFF,Mach,dark_ramp_minus_uniform,0.0,12,cnn_minus_ln,difference,0.0
69#6,MC_OFF,Mach,bright_ramp_minus_uniform,0.0,12,cnn_minus_ln,difference,0.0
69#6,MC_OFF,Mach,dark_ramp_minus_uniform,0.0,16,cnn_minus_ln,difference,0.0
69#6,MC_OFF,Mach,bright_ramp_minus_uniform,0.0,16,cnn_minus_ln,difference,0.0
69#6,MC_OFF,Mach,dark_ramp_minus_uniform,0.0625,0,cnn_minus_ln,difference,-0.13537589460611343
69#6,MC_OFF,Mach,bright_ramp_minus_uniform,0.0625,0,cnn_minus_ln,difference,-0.0738644277153071
69#6,MC_OFF,Mach,dark_ramp_minus_uniform,0.0625,2,cnn_minus_ln,difference,-0.11079252138733864
69#6,MC_OFF,Mach,bright_ramp_minus_uniform,0.0625,2,cnn_minus_ln,difference,-0.058580396813340485
69#6,MC_OFF,Mach,dark_ramp_minus_uniform,0.0625,4,cnn_minus_ln,difference,-0.05999872554093599
69#6,MC_OFF,Mach,bright_ramp_minus_uniform,0.0625,4,cnn_minus_ln,difference,-0.074169117200654
69#6,MC_OFF,Mach,dark_ramp_minus_uniform,0.0625,8,cnn_minus_ln,difference,-0.008883246220648289
69#6,MC_OFF,Mach,bright_ramp_minus_uniform,0.0625,8,cnn_minus_ln,difference,-0.03679974103579298
69#6,MC_OFF,Mach,dark_ramp_minus_uniform,0.0625,12,cnn_minus_ln,difference,-0.003492831951007247
69#6,MC_OFF,Mach,bright_ramp_minus_uniform,0.0625,12,cnn_minus_ln,difference,-0.015531484707025811
69#6,MC_OFF,Mach,dark_ramp_minus_uniform,0.0625,16,cnn_minus_ln,difference,-0.0023608841001987457
69#6,MC_OFF,Mach,bright_ramp_minus_uniform,0.0625,16,cnn_minus_ln,difference,-0.008545208038412966
69#6,MC_OFF,Mach,dark_ramp_minus_uniform,0.125,0,cnn_minus_ln,difference,-0.25820351392030716
69#6,MC_OFF,Mach,bright_ramp_minus_uniform,0.125,0,cnn_minus_ln,difference,-0.14706724387360737
69#6,MC_OFF,Mach,dark_ramp_minus_uniform,0.125,2,cnn_minus_ln,difference,-0.22125007957220078
69#6,MC_OFF,Mach,bright_ramp_minus_uniform,0.125,2,cnn_minus_ln,difference,-0.12965318257920444
69#6,MC_OFF,Mach,dark_ramp_minus_uniform,0.125,4,cnn_minus_ln,difference,-0.12753860093653202
69#6,MC_OFF,Mach,bright_ramp_minus_uniform,0.125,4,cnn_minus_ln,difference,-0.148666353081353
69#6,MC_OFF,Mach,dark_ramp_minus_uniform,0.125,8,cnn_minus_ln,difference,-0.018951154313981533
69#6,MC_OFF,Mach,bright_ramp_minus_uniform,0.125,8,cnn_minus_ln,difference,-0.06258823745884001
69#6,MC_OFF,Mach,dark_ramp_minus_uniform,0.125,12,cnn_minus_ln,difference,-4.438171163201332e-05
69#6,MC_OFF,Mach,bright_ramp_minus_uniform,0.125,12,cnn_minus_ln,difference,-0.022799245663918555
69#6,MC_OFF,Mach,dark_ramp_minus_uniform,0.125,16,cnn_minus_ln,difference,0.0015370845794677734
69#6,MC_OFF,Mach,bright_ramp_minus_uniform,0.125,16,cnn_minus_ln,difference,-0.012390574062010273
69#6,MC_OFF,Mach,dark_ramp_minus_uniform,0.25,0,cnn_minus_ln,difference,-0.4315093532204628
69#6,MC_OFF,Mach,bright_ramp_minus_uniform,0.25,0,cnn_minus_ln,difference,-0.28147348563652486
69#6,MC_OFF,Mach,dark_ramp_minus_uniform,0.25,2,cnn_minus_ln,difference,-0.3645661622285843
69#6,MC_OFF,Mach,bright_ramp_minus_uniform,0.25,2,cnn_minus_ln,difference,-0.2575887590646744
69#6,MC_OFF,Mach,dark_ramp_minus_uniform,0.25,4,cnn_minus_ln,difference,-0.19651251658797264
69#6,MC_OFF,Mach,bright_ramp_minus_uniform,0.25,4,cnn_minus_ln,difference,-0.2808881779201329
69#6,MC_OFF,Mach,dark_ramp_minus_uniform,0.25,8,cnn_minus_ln,difference,0.008674522396177053
69#6,MC_OFF,Mach,bright_ramp_minus_uniform,0.25,8,cnn_minus_ln,difference,-0.10136259987484664
69#6,MC_OFF,Mach,dark_ramp_minus_uniform,0.25,12,cnn_minus_ln,difference,0.04689038544893265
69#6,MC_OFF,Mach,bright_ramp_minus_uniform,0.25,12,cnn_minus_ln,difference,-0.027899178792722523
69#6,MC_OFF,Mach,dark_ramp_minus_uniform,0.25,16,cnn_minus_ln,difference,0.040527043864130974
69#6,MC_OFF,Mach,bright_ramp_minus_uniform,0.25,16,cnn_minus_ln,difference,-0.012343962909653783
69#6,MC_OFF,Mach,dark_ramp_minus_uniform,0.375,0,cnn_minus_ln,difference,-0.5787308067083359
69#6,MC_OFF,Mach,bright_ramp_minus_uniform,0.375,0,cnn_minus_ln,difference,-0.4129476030357182
69#6,MC_OFF,Mach,dark_ramp_minus_uniform,0.375,2,cnn_minus_ln,difference,-0.4861474186182022
69#6,MC_OFF,Mach,bright_ramp_minus_uniform,0.375,2,cnn_minus_ln,difference,-0.38482323847711086
69#6,MC_OFF,Mach,dark_ramp_minus_uniform,0.375,4,cnn_minus_ln,difference,-0.25436482951045036
69#6,MC_OFF,Mach,bright_ramp_minus_uniform,0.375,4,cnn_minus_ln,difference,-0.40543133998289704
69#6,MC_OFF,Mach,dark_ramp_minus_uniform,0.375,8,cnn_minus_ln,difference,0.03919794876128435
69#6,MC_OFF,Mach,bright_ramp_minus_uniform,0.375,8,cnn_minus_ln,difference,-0.1376685262657702
69#6,MC_OFF,Mach,dark_ramp_minus_uniform,0.375,12,cnn_minus_ln,difference,0.09190530329942703
69#6,MC_OFF,Mach,bright_ramp_minus_uniform,0.375,12,cnn_minus_ln,difference,-0.03200004110112786
69#6,MC_OFF,Mach,dark_ramp_minus_uniform,0.375,16,cnn_minus_ln,difference,0.07222113572061062
69#6,MC_OFF,Mach,bright_ramp_minus_uniform,0.375,16,cnn_minus_ln,difference,-0.014338493230752647
69#6,MC_OFF,Mach,dark_ramp_minus_uniform,0.5,0,cnn_minus_ln,difference,-0.7293621599674225
69#6,MC_OFF,Mach,bright_ramp_minus_uniform,0.5,0,cnn_minus_ln,difference,-0.5432758927345276
69#6,MC_OFF,Mach,dark_ramp_minus_uniform,0.5,2,cnn_minus_ln,difference,-0.6119914501905441
69#6,MC_OFF,Mach,bright_ramp_minus_uniform,0.5,2,cnn_minus_ln,difference,-0.5114637557417154
69#6,MC_OFF,Mach,dark_ramp_minus_uniform,0.5,4,cnn_minus_ln,difference,-0.319711335003376
69#6,MC_OFF,Mach,bright_ramp_minus_uniform,0.5,4,cnn_minus_ln,difference,-0.5257675885222852
69#6,MC_OFF,Mach,dark_ramp_minus_uniform,0.5,8,cnn_minus_ln,difference,0.058815086260437965
69#6,MC_OFF,Mach,bright_ramp_minus_uniform,0.5,8,cnn_minus_ln,difference,-0.16935140686109662
69#6,MC_OFF,Mach,dark_ramp_minus_uniform,0.5,12,cnn_minus_ln,difference,0.12468932755291462
69#6,MC_OFF,Mach,bright_ramp_minus_uniform,0.5,12,cnn_minus_ln,difference,-0.033166145673021674
69#6,MC_OFF,Mach,dark_ramp_minus_uniform,0.5,16,cnn_minus_ln,difference,0.09548487141728401
69#6,MC_OFF,Mach,bright_ramp_minus_uniform,0.5,16,cnn_minus_ln,difference,-0.012725488282740116
69#7,MC_ON,SBC,bright_minus_dark,0.0,0,cnn_minus_ln,difference,0.0
69#7,MC_ON,SBC,bright_minus_dark,0.0,2,cnn_minus_ln,difference,0.0
69#7,MC_ON,SBC,bright_minus_dark,0.0,4,cnn_minus_ln,difference,0.0
69#7,MC_ON,SBC,bright_minus_dark,0.0,6,cnn_minus_ln,difference,0.0
69#7,MC_ON,SBC,bright_minus_dark,0.0,8,cnn_minus_ln,difference,0.0
69#7,MC_ON,SBC,bright_minus_dark,0.0625,0,cnn_minus_ln,difference,0.0
69#7,MC_ON,SBC,bright_minus_dark,0.0625,2,cnn_minus_ln,difference,0.06488693878054619
69#7,MC_ON,SBC,bright_minus_dark,0.0625,4,cnn_minus_ln,difference,0.17641001660376787
69#7,MC_ON,SBC,bright_minus_dark,0.0625,6,cnn_minus_ln,difference,0.19996234588325024
69#7,MC_ON,SBC,bright_minus_dark,0.0625,8,cnn_minus_ln,difference,0.19587412383407354
69#7,MC_ON,SBC,bright_minus_dark,0.125,0,cnn_minus_ln,difference,0.0
69#7,MC_ON,SBC,bright_minus_dark,0.125,2,cnn_minus_ln,difference,0.11172422021627426
69#7,MC_ON,SBC,bright_minus_dark,0.125,4,cnn_minus_ln,difference,0.2757615726441145
69#7,MC_ON,SBC,bright_minus_dark,0.125,6,cnn_minus_ln,difference,0.30893172044306993
69#7,MC_ON,SBC,bright_minus_dark,0.125,8,cnn_minus_ln,difference,0.3013025326654315
69#7,MC_ON,SBC,bright_minus_dark,0.25,0,cnn_minus_ln,difference,0.0
69#7,MC_ON,SBC,bright_minus_dark,0.25,2,cnn_minus_ln,difference,0.17301006615161896
69#7,MC_ON,SBC,bright_minus_dark,0.25,4,cnn_minus_ln,difference,0.41950874775648117
69#7,MC_ON,SBC,bright_minus_dark,0.25,6,cnn_minus_ln,difference,0.4752261284738779
69#7,MC_ON,SBC,bright_minus_dark,0.25,8,cnn_minus_ln,difference,0.45924661308526993
69#7,MC_ON,SBC,bright_minus_dark,0.375,0,cnn_minus_ln,difference,0.0
69#7,MC_ON,SBC,bright_minus_dark,0.375,2,cnn_minus_ln,difference,0.21679974347352982
69#7,MC_ON,SBC,bright_minus_dark,0.375,4,cnn_minus_ln,difference,0.550751093775034
69#7,MC_ON,SBC,bright_minus_dark,0.375,6,cnn_minus_ln,difference,0.6324717923998833
69#7,MC_ON,SBC,bright_minus_dark,0.375,8,cnn_minus_ln,difference,0.607576061040163
69#7,MC_ON,SBC,bright_minus_dark,0.5,0,cnn_minus_ln,difference,0.0
69#7,MC_ON,SBC,bright_minus_dark,0.5,2,cnn_minus_ln,difference,0.25523218512535095
69#7,MC_ON,SBC,bright_minus_dark,0.5,4,cnn_minus_ln,difference,0.6810807958245277
69#7,MC_ON,SBC,bright_minus_dark,0.5,6,cnn_minus_ln,difference,0.7887950427830219
69#7,MC_ON,SBC,bright_minus_dark,0.5,8,cnn_minus_ln,difference,0.7558305487036705
69#7,MC_ON,Mach,dark_ramp_minus_uniform,0.0,0,cnn_minus_ln,difference,0.0
69#7,MC_ON,Mach,bright_ramp_minus_uniform,0.0,0,cnn_minus_ln,difference,0.0
69#7,MC_ON,Mach,dark_ramp_minus_uniform,0.0,2,cnn_minus_ln,difference,0.0
69#7,MC_ON,Mach,bright_ramp_minus_uniform,0.0,2,cnn_minus_ln,difference,0.0
69#7,MC_ON,Mach,dark_ramp_minus_uniform,0.0,4,cnn_minus_ln,difference,0.0
69#7,MC_ON,Mach,bright_ramp_minus_uniform,0.0,4,cnn_minus_ln,difference,0.0
69#7,MC_ON,Mach,dark_ramp_minus_uniform,0.0,8,cnn_minus_ln,difference,0.0
69#7,MC_ON,Mach,bright_ramp_minus_uniform,0.0,8,cnn_minus_ln,difference,0.0
69#7,MC_ON,Mach,dark_ramp_minus_uniform,0.0,12,cnn_minus_ln,difference,0.0
69#7,MC_ON,Mach,bright_ramp_minus_uniform,0.0,12,cnn_minus_ln,difference,0.0
69#7,MC_ON,Mach,dark_ramp_minus_uniform,0.0,16,cnn_minus_ln,difference,0.0
69#7,MC_ON,Mach,bright_ramp_minus_uniform,0.0,16,cnn_minus_ln,difference,0.0
69#7,MC_ON,Mach,dark_ramp_minus_uniform,0.0625,0,cnn_minus_ln,difference,0.18777803517878056
69#7,MC_ON,Mach,bright_ramp_minus_uniform,0.0625,0,cnn_minus_ln,difference,0.03769798227585852
69#7,MC_ON,Mach,dark_ramp_minus_uniform,0.0625,2,cnn_minus_ln,difference,0.17328312620520592
69#7,MC_ON,Mach,bright_ramp_minus_uniform,0.0625,2,cnn_minus_ln,difference,0.029402074636891484
69#7,MC_ON,Mach,dark_ramp_minus_uniform,0.0625,4,cnn_minus_ln,difference,0.13917795615270734
69#7,MC_ON,Mach,bright_ramp_minus_uniform,0.0625,4,cnn_minus_ln,difference,0.036731057916767895
69#7,MC_ON,Mach,dark_ramp_minus_uniform,0.0625,8,cnn_minus_ln,difference,0.07892132340930402
69#7,MC_ON,Mach,bright_ramp_minus_uniform,0.0625,8,cnn_minus_ln,difference,0.020657967892475426
69#7,MC_ON,Mach,dark_ramp_minus_uniform,0.0625,12,cnn_minus_ln,difference,0.05023105244617909
69#7,MC_ON,Mach,bright_ramp_minus_uniform,0.0625,12,cnn_minus_ln,difference,0.00960501009831205
69#7,MC_ON,Mach,dark_ramp_minus_uniform,0.0625,16,cnn_minus_ln,difference,0.036799105699174106
69#7,MC_ON,Mach,bright_ramp_minus_uniform,0.0625,16,cnn_minus_ln,difference,0.0049469550722278655
69#7,MC_ON,Mach,dark_ramp_minus_uniform,0.125,0,cnn_minus_ln,difference,0.2808687575161457
69#7,MC_ON,Mach,bright_ramp_minus_uniform,0.125,0,cnn_minus_ln,difference,0.05209886655211449
69#7,MC_ON,Mach,dark_ramp_minus_uniform,0.125,2,cnn_minus_ln,difference,0.26379892230033875
69#7,MC_ON,Mach,bright_ramp_minus_uniform,0.125,2,cnn_minus_ln,difference,0.03946479968726635
69#7,MC_ON,Mach,dark_ramp_minus_uniform,0.125,4,cnn_minus_ln,difference,0.2170547777786851
69#7,MC_ON,Mach,bright_ramp_minus_uniform,0.125,4,cnn_minus_ln,difference,0.05456346529535949
69#7,MC_ON,Mach,dark_ramp_minus_uniform,0.125,8,cnn_minus_ln,difference,0.12878583883866668
69#7,MC_ON,Mach,bright_ramp_minus_uniform,0.125,8,cnn_minus_ln,difference,0.027448428561910987
69#7,MC_ON,Mach,dark_ramp_minus_uniform,0.125,12,cnn_minus_ln,difference,0.07975935679860413
69#7,MC_ON,Mach,bright_ramp_minus_uniform,0.125,12,cnn_minus_ln,difference,0.008841884438879788
69#7,MC_ON,Mach,dark_ramp_minus_uniform,0.125,16,cnn_minus_ln,difference,0.05744269653223455
69#7,MC_ON,Mach,bright_ramp_minus_uniform,0.125,16,cnn_minus_ln,difference,0.0037403900059871376
69#7,MC_ON,Mach,dark_ramp_minus_uniform,0.25,0,cnn_minus_ln,difference,0.42114241421222687
69#7,MC_ON,Mach,bright_ramp_minus_uniform,0.25,0,cnn_minus_ln,difference,0.0738940997980535
69#7,MC_ON,Mach,dark_ramp_minus_uniform,0.25,2,cnn_minus_ln,difference,0.40341246873140335
69#7,MC_ON,Mach,bright_ramp_minus_uniform,0.25,2,cnn_minus_ln,difference,0.0548749091103673
69#7,MC_ON,Mach,dark_ramp_minus_uniform,0.25,4,cnn_minus_ln,difference,0.3362590912729502
69#7,MC_ON,Mach,bright_ramp_minus_uniform,0.25,4,cnn_minus_ln,difference,0.07951700361445546
69#7,MC_ON,Mach,dark_ramp_minus_uniform,0.25,8,cnn_minus_ln,difference,0.21254023257642984
69#7,MC_ON,Mach,bright_ramp_minus_uniform,0.25,8,cnn_minus_ln,difference,0.03651046706363559
69#7,MC_ON,Mach,dark_ramp_minus_uniform,0.25,12,cnn_minus_ln,difference,0.13612573826685548
69#7,MC_ON,Mach,bright_ramp_minus_uniform,0.25,12,cnn_minus_ln,difference,0.005693884799256921
69#7,MC_ON,Mach,dark_ramp_minus_uniform,0.25,16,cnn_minus_ln,difference,0.09868573118001223
69#7,MC_ON,Mach,bright_ramp_minus_uniform,0.25,16,cnn_minus_ln,difference,0.0014269272796809673
69#7,MC_ON,Mach,dark_ramp_minus_uniform,0.375,0,cnn_minus_ln,difference,0.5555888339877129
69#7,MC_ON,Mach,bright_ramp_minus_uniform,0.375,0,cnn_minus_ln,difference,0.09345723129808903
69#7,MC_ON,Mach,dark_ramp_minus_uniform,0.375,2,cnn_minus_ln,difference,0.5371003970503807
69#7,MC_ON,Mach,bright_ramp_minus_uniform,0.375,2,cnn_minus_ln,difference,0.06799430958926678
69#7,MC_ON,Mach,dark_ramp_minus_uniform,0.375,4,cnn_minus_ln,difference,0.4540008194744587
69#7,MC_ON,Mach,bright_ramp_minus_uniform,0.375,4,cnn_minus_ln,difference,0.10176206985488534
69#7,MC_ON,Mach,dark_ramp_minus_uniform,0.375,8,cnn_minus_ln,difference,0.2939700009301305
69#7,MC_ON,Mach,bright_ramp_minus_uniform,0.375,8,cnn_minus_ln,difference,0.04575496888719499
69#7,MC_ON,Mach,dark_ramp_minus_uniform,0.375,12,cnn_minus_ln,difference,0.19520460162311792
69#7,MC_ON,Mach,bright_ramp_minus_uniform,0.375,12,cnn_minus_ln,difference,0.004878024337813258
69#7,MC_ON,Mach,dark_ramp_minus_uniform,0.375,16,cnn_minus_ln,difference,0.14356501819565892
69#7,MC_ON,Mach,bright_ramp_minus_uniform,0.375,16,cnn_minus_ln,difference,0.0007907907711341977
69#7,MC_ON,Mach,dark_ramp_minus_uniform,0.5,0,cnn_minus_ln,difference,0.6904465407133102
69#7,MC_ON,Mach,bright_ramp_minus_uniform,0.5,0,cnn_minus_ln,difference,0.11284616123884916
69#7,MC_ON,Mach,dark_ramp_minus_uniform,0.5,2,cnn_minus_ln,difference,0.6712344437837601
69#7,MC_ON,Mach,bright_ramp_minus_uniform,0.5,2,cnn_minus_ln,difference,0.08073809742927551
69#7,MC_ON,Mach,dark_ramp_minus_uniform,0.5,4,cnn_minus_ln,difference,0.5711975060403347
69#7,MC_ON,Mach,bright_ramp_minus_uniform,0.5,4,cnn_minus_ln,difference,0.12450626026839018
69#7,MC_ON,Mach,dark_ramp_minus_uniform,0.5,8,cnn_minus_ln,difference,0.37746676057577133
69#7,MC_ON,Mach,bright_ramp_minus_uniform,0.5,8,cnn_minus_ln,difference,0.055678213480859995
69#7,MC_ON,Mach,dark_ramp_minus_uniform,0.5,12,cnn_minus_ln,difference,0.2566265882924199
69#7,MC_ON,Mach,bright_ramp_minus_uniform,0.5,12,cnn_minus_ln,difference,0.0050423904322087765
69#7,MC_ON,Mach,dark_ramp_minus_uniform,0.5,16,cnn_minus_ln,difference,0.1905780667439103
69#7,MC_ON,Mach,bright_ramp_minus_uniform,0.5,16,cnn_minus_ln,difference,0.0009003640152513981
69#21,PC_OFF,SBC,bright_minus_dark,0.0,0,cnn_minus_ln,difference,0.0
69#21,PC_OFF,SBC,bright_minus_dark,0.0,2,cnn_minus_ln,difference,0.0
69#21,PC_OFF,SBC,bright_minus_dark,0.0,4,cnn_minus_ln,difference,0.0
69#21,PC_OFF,SBC,bright_minus_dark,0.0,6,cnn_minus_ln,difference,0.0
69#21,PC_OFF,SBC,bright_minus_dark,0.0,8,cnn_minus_ln,difference,0.0
69#21,PC_OFF,SBC,bright_minus_dark,0.0625,0,cnn_minus_ln,difference,0.0
69#21,PC_OFF,SBC,bright_minus_dark,0.0625,2,cnn_minus_ln,difference,-0.00998136994894594
69#21,PC_OFF,SBC,bright_minus_dark,0.0625,4,cnn_minus_ln,difference,-0.03477352298796177
69#21,PC_OFF,SBC,bright_minus_dark,0.0625,6,cnn_minus_ln,difference,-0.07270846143364906
69#21,PC_OFF,SBC,bright_minus_dark,0.0625,8,cnn_minus_ln,difference,-0.0896671898663044
69#21,PC_OFF,SBC,bright_minus_dark,0.125,0,cnn_minus_ln,difference,0.0
69#21,PC_OFF,SBC,bright_minus_dark,0.125,2,cnn_minus_ln,difference,-0.018819585908204317
69#21,PC_OFF,SBC,bright_minus_dark,0.125,4,cnn_minus_ln,difference,-0.052131377160549164
69#21,PC_OFF,SBC,bright_minus_dark,0.125,6,cnn_minus_ln,difference,-0.09027287364006042
69#21,PC_OFF,SBC,bright_minus_dark,0.125,8,cnn_minus_ln,difference,-0.10700859874486923
69#21,PC_OFF,SBC,bright_minus_dark,0.25,0,cnn_minus_ln,difference,0.0
69#21,PC_OFF,SBC,bright_minus_dark,0.25,2,cnn_minus_ln,difference,-0.03293022187426686
69#21,PC_OFF,SBC,bright_minus_dark,0.25,4,cnn_minus_ln,difference,-0.05392005294561386
69#21,PC_OFF,SBC,bright_minus_dark,0.25,6,cnn_minus_ln,difference,-0.08157099783420563
69#21,PC_OFF,SBC,bright_minus_dark,0.25,8,cnn_minus_ln,difference,-0.1102050393819809
69#21,PC_OFF,SBC,bright_minus_dark,0.375,0,cnn_minus_ln,difference,0.0
69#21,PC_OFF,SBC,bright_minus_dark,0.375,2,cnn_minus_ln,difference,-0.04243106208741665
69#21,PC_OFF,SBC,bright_minus_dark,0.375,4,cnn_minus_ln,difference,-0.042540162801742554
69#21,PC_OFF,SBC,bright_minus_dark,0.375,6,cnn_minus_ln,difference,-0.06251883506774902
69#21,PC_OFF,SBC,bright_minus_dark,0.375,8,cnn_minus_ln,difference,-0.10133284330368042
69#21,PC_OFF,SBC,bright_minus_dark,0.5,0,cnn_minus_ln,difference,0.0
69#21,PC_OFF,SBC,bright_minus_dark,0.5,2,cnn_minus_ln,difference,-0.04945190576836467
69#21,PC_OFF,SBC,bright_minus_dark,0.5,4,cnn_minus_ln,difference,-0.027643755078315735
69#21,PC_OFF,SBC,bright_minus_dark,0.5,6,cnn_minus_ln,difference,-0.03810831904411316
69#21,PC_OFF,SBC,bright_minus_dark,0.5,8,cnn_minus_ln,difference,-0.08689150214195251
69#21,PC_OFF,Mach,dark_ramp_minus_uniform,0.0,0,cnn_minus_ln,difference,0.0
69#21,PC_OFF,Mach,bright_ramp_minus_uniform,0.0,0,cnn_minus_ln,difference,0.0
69#21,PC_OFF,Mach,dark_ramp_minus_uniform,0.0,2,cnn_minus_ln,difference,0.0
69#21,PC_OFF,Mach,bright_ramp_minus_uniform,0.0,2,cnn_minus_ln,difference,0.0
69#21,PC_OFF,Mach,dark_ramp_minus_uniform,0.0,4,cnn_minus_ln,difference,0.0
69#21,PC_OFF,Mach,bright_ramp_minus_uniform,0.0,4,cnn_minus_ln,difference,0.0
69#21,PC_OFF,Mach,dark_ramp_minus_uniform,0.0,8,cnn_minus_ln,difference,0.0
69#21,PC_OFF,Mach,bright_ramp_minus_uniform,0.0,8,cnn_minus_ln,difference,0.0
69#21,PC_OFF,Mach,dark_ramp_minus_uniform,0.0,12,cnn_minus_ln,difference,0.0
69#21,PC_OFF,Mach,bright_ramp_minus_uniform,0.0,12,cnn_minus_ln,difference,0.0
69#21,PC_OFF,Mach,dark_ramp_minus_uniform,0.0,16,cnn_minus_ln,difference,0.0
69#21,PC_OFF,Mach,bright_ramp_minus_uniform,0.0,16,cnn_minus_ln,difference,0.0
69#21,PC_OFF,Mach,dark_ramp_minus_uniform,0.0625,0,cnn_minus_ln,difference,-0.14112075045704842
69#21,PC_OFF,Mach,bright_ramp_minus_uniform,0.0625,0,cnn_minus_ln,difference,-0.027696872130036354
69#21,PC_OFF,Mach,dark_ramp_minus_uniform,0.0625,2,cnn_minus_ln,difference,-0.1364988163113594
69#21,PC_OFF,Mach,bright_ramp_minus_uniform,0.0625,2,cnn_minus_ln,difference,-0.03214632719755173
69#21,PC_OFF,Mach,dark_ramp_minus_uniform,0.0625,4,cnn_minus_ln,difference,-0.12005266174674034
69#21,PC_OFF,Mach,bright_ramp_minus_uniform,0.0625,4,cnn_minus_ln,difference,-0.022152472287416458
69#21,PC_OFF,Mach,dark_ramp_minus_uniform,0.0625,8,cnn_minus_ln,difference,-0.08148148655891418
69#21,PC_OFF,Mach,bright_ramp_minus_uniform,0.0625,8,cnn_minus_ln,difference,-0.009325972758233547
69#21,PC_OFF,Mach,dark_ramp_minus_uniform,0.0625,12,cnn_minus_ln,difference,-0.051812686026096344
69#21,PC_OFF,Mach,bright_ramp_minus_uniform,0.0625,12,cnn_minus_ln,difference,-0.005468280985951424
69#21,PC_OFF,Mach,dark_ramp_minus_uniform,0.0625,16,cnn_minus_ln,difference,-0.03694040887057781
69#21,PC_OFF,Mach,bright_ramp_minus_uniform,0.0625,16,cnn_minus_ln,difference,-0.0036889552138745785
69#21,PC_OFF,Mach,dark_ramp_minus_uniform,0.125,0,cnn_minus_ln,difference,-0.18538503348827362
69#21,PC_OFF,Mach,bright_ramp_minus_uniform,0.125,0,cnn_minus_ln,difference,-0.049225058406591415
69#21,PC_OFF,Mach,dark_ramp_minus_uniform,0.125,2,cnn_minus_ln,difference,-0.17826714366674423
69#21,PC_OFF,Mach,bright_ramp_minus_uniform,0.125,2,cnn_minus_ln,difference,-0.05660120025277138
69#21,PC_OFF,Mach,dark_ramp_minus_uniform,0.125,4,cnn_minus_ln,difference,-0.15542057156562805
69#21,PC_OFF,Mach,bright_ramp_minus_uniform,0.125,4,cnn_minus_ln,difference,-0.038687024265527725
69#21,PC_OFF,Mach,dark_ramp_minus_uniform,0.125,8,cnn_minus_ln,difference,-0.1101316586136818
69#21,PC_OFF,Mach,bright_ramp_minus_uniform,0.125,8,cnn_minus_ln,difference,-0.011151734739542007
69#21,PC_OFF,Mach,dark_ramp_minus_uniform,0.125,12,cnn_minus_ln,difference,-0.05918760970234871
69#21,PC_OFF,Mach,bright_ramp_minus_uniform,0.125,12,cnn_minus_ln,difference,-0.004921786021441221
69#21,PC_OFF,Mach,dark_ramp_minus_uniform,0.125,16,cnn_minus_ln,difference,-0.033505141735076904
69#21,PC_OFF,Mach,bright_ramp_minus_uniform,0.125,16,cnn_minus_ln,difference,-0.002846630522981286
69#21,PC_OFF,Mach,dark_ramp_minus_uniform,0.25,0,cnn_minus_ln,difference,-0.2361156940460205
69#21,PC_OFF,Mach,bright_ramp_minus_uniform,0.25,0,cnn_minus_ln,difference,-0.08863437175750732
69#21,PC_OFF,Mach,dark_ramp_minus_uniform,0.25,2,cnn_minus_ln,difference,-0.22646650671958923
69#21,PC_OFF,Mach,bright_ramp_minus_uniform,0.25,2,cnn_minus_ln,difference,-0.10190546562274339
69#21,PC_OFF,Mach,dark_ramp_minus_uniform,0.25,4,cnn_minus_ln,difference,-0.19159136712551117
69#21,PC_OFF,Mach,bright_ramp_minus_uniform,0.25,4,cnn_minus_ln,difference,-0.07035210033257844
69#21,PC_OFF,Mach,dark_ramp_minus_uniform,0.25,8,cnn_minus_ln,difference,-0.13691100478172302
69#21,PC_OFF,Mach,bright_ramp_minus_uniform,0.25,8,cnn_minus_ln,difference,-0.013929517939686775
69#21,PC_OFF,Mach,dark_ramp_minus_uniform,0.25,12,cnn_minus_ln,difference,-0.06324689090251923
69#21,PC_OFF,Mach,bright_ramp_minus_uniform,0.25,12,cnn_minus_ln,difference,-0.002441279124468565
69#21,PC_OFF,Mach,dark_ramp_minus_uniform,0.25,16,cnn_minus_ln,difference,-0.03228826820850372
69#21,PC_OFF,Mach,bright_ramp_minus_uniform,0.25,16,cnn_minus_ln,difference,-0.0004527409910224378
69#21,PC_OFF,Mach,dark_ramp_minus_uniform,0.375,0,cnn_minus_ln,difference,-0.2754595875740051
69#21,PC_OFF,Mach,bright_ramp_minus_uniform,0.375,0,cnn_minus_ln,difference,-0.1253966987133026
69#21,PC_OFF,Mach,dark_ramp_minus_uniform,0.375,2,cnn_minus_ln,difference,-0.2621802091598511
69#21,PC_OFF,Mach,bright_ramp_minus_uniform,0.375,2,cnn_minus_ln,difference,-0.14425165255864503
69#21,PC_OFF,Mach,dark_ramp_minus_uniform,0.375,4,cnn_minus_ln,difference,-0.21919852495193481
69#21,PC_OFF,Mach,bright_ramp_minus_uniform,0.375,4,cnn_minus_ln,difference,-0.09895242750644684
69#21,PC_OFF,Mach,dark_ramp_minus_uniform,0.375,8,cnn_minus_ln,difference,-0.1612103283405304
69#21,PC_OFF,Mach,bright_ramp_minus_uniform,0.375,8,cnn_minus_ln,difference,-0.013105304911732674
69#21,PC_OFF,Mach,dark_ramp_minus_uniform,0.375,12,cnn_minus_ln,difference,-0.07459916174411774
69#21,PC_OFF,Mach,bright_ramp_minus_uniform,0.375,12,cnn_minus_ln,difference,0.0029889107681810856
69#21,PC_OFF,Mach,dark_ramp_minus_uniform,0.375,16,cnn_minus_ln,difference,-0.04222797602415085
69#21,PC_OFF,Mach,bright_ramp_minus_uniform,0.375,16,cnn_minus_ln,difference,0.0045776525512337685
69#21,PC_OFF,Mach,dark_ramp_minus_uniform,0.5,0,cnn_minus_ln,difference,-0.3083955943584442
69#21,PC_OFF,Mach,bright_ramp_minus_uniform,0.5,0,cnn_minus_ln,difference,-0.15988978743553162
69#21,PC_OFF,Mach,dark_ramp_minus_uniform,0.5,2,cnn_minus_ln,difference,-0.2918718159198761
69#21,PC_OFF,Mach,bright_ramp_minus_uniform,0.5,2,cnn_minus_ln,difference,-0.18434027632077576
69#21,PC_OFF,Mach,dark_ramp_minus_uniform,0.5,4,cnn_minus_ln,difference,-0.2421223521232605
69#21,PC_OFF,Mach,bright_ramp_minus_uniform,0.5,4,cnn_minus_ln,difference,-0.12406710584958436
69#21,PC_OFF,Mach,dark_ramp_minus_uniform,0.5,8,cnn_minus_ln,difference,-0.18633303046226501
69#21,PC_OFF,Mach,bright_ramp_minus_uniform,0.5,8,cnn_minus_ln,difference,-0.009725372307002544
69#21,PC_OFF,Mach,dark_ramp_minus_uniform,0.5,12,cnn_minus_ln,difference,-0.08893930912017822
69#21,PC_OFF,Mach,bright_ramp_minus_uniform,0.5,12,cnn_minus_ln,difference,0.010998224839568138
69#21,PC_OFF,Mach,dark_ramp_minus_uniform,0.5,16,cnn_minus_ln,difference,-0.055971816182136536
69#21,PC_OFF,Mach,bright_ramp_minus_uniform,0.5,16,cnn_minus_ln,difference,0.011629740707576275
70#1,PC_ON,SBC,bright_minus_dark,0.0,0,cnn_minus_ln,difference,0.0
70#1,PC_ON,SBC,bright_minus_dark,0.0,2,cnn_minus_ln,difference,0.0
70#1,PC_ON,SBC,bright_minus_dark,0.0,4,cnn_minus_ln,difference,0.0
70#1,PC_ON,SBC,bright_minus_dark,0.0,6,cnn_minus_ln,difference,0.0
70#1,PC_ON,SBC,bright_minus_dark,0.0,8,cnn_minus_ln,difference,0.0
70#1,PC_ON,SBC,bright_minus_dark,0.0625,0,cnn_minus_ln,difference,0.0
70#1,PC_ON,SBC,bright_minus_dark,0.0625,2,cnn_minus_ln,difference,0.019196748733520508
70#1,PC_ON,SBC,bright_minus_dark,0.0625,4,cnn_minus_ln,difference,0.07636534175253473
70#1,PC_ON,SBC,bright_minus_dark,0.0625,6,cnn_minus_ln,difference,0.10186050552874804
70#1,PC_ON,SBC,bright_minus_dark,0.0625,8,cnn_minus_ln,difference,0.10785984434187412
70#1,PC_ON,SBC,bright_minus_dark,0.125,0,cnn_minus_ln,difference,0.0
70#1,PC_ON,SBC,bright_minus_dark,0.125,2,cnn_minus_ln,difference,0.03476320207118988
70#1,PC_ON,SBC,bright_minus_dark,0.125,4,cnn_minus_ln,difference,0.1141613011714071
70#1,PC_ON,SBC,bright_minus_dark,0.125,6,cnn_minus_ln,difference,0.14637156017124653
70#1,PC_ON,SBC,bright_minus_dark,0.125,8,cnn_minus_ln,difference,0.15586351230740547
70#1,PC_ON,SBC,bright_minus_dark,0.25,0,cnn_minus_ln,difference,0.0
70#1,PC_ON,SBC,bright_minus_dark,0.25,2,cnn_minus_ln,difference,0.05881814192980528
70#1,PC_ON,SBC,bright_minus_dark,0.25,4,cnn_minus_ln,difference,0.1726862678769976
70#1,PC_ON,SBC,bright_minus_dark,0.25,6,cnn_minus_ln,difference,0.2307642661035061
70#1,PC_ON,SBC,bright_minus_dark,0.25,8,cnn_minus_ln,difference,0.2493361160159111
70#1,PC_ON,SBC,bright_minus_dark,0.375,0,cnn_minus_ln,difference,0.0
70#1,PC_ON,SBC,bright_minus_dark,0.375,2,cnn_minus_ln,difference,0.07919845543801785
70#1,PC_ON,SBC,bright_minus_dark,0.375,4,cnn_minus_ln,difference,0.23085962235927582
70#1,PC_ON,SBC,bright_minus_dark,0.375,6,cnn_minus_ln,difference,0.3169109970331192
70#1,PC_ON,SBC,bright_minus_dark,0.375,8,cnn_minus_ln,difference,0.34604547172784805
70#1,PC_ON,SBC,bright_minus_dark,0.5,0,cnn_minus_ln,difference,0.0
70#1,PC_ON,SBC,bright_minus_dark,0.5,2,cnn_minus_ln,difference,0.09794270806014538
70#1,PC_ON,SBC,bright_minus_dark,0.5,4,cnn_minus_ln,difference,0.28887122264131904
70#1,PC_ON,SBC,bright_minus_dark,0.5,6,cnn_minus_ln,difference,0.40410689264535904
70#1,PC_ON,SBC,bright_minus_dark,0.5,8,cnn_minus_ln,difference,0.4441305845975876
70#1,PC_ON,Mach,dark_ramp_minus_uniform,0.0,0,cnn_minus_ln,difference,0.0
70#1,PC_ON,Mach,bright_ramp_minus_uniform,0.0,0,cnn_minus_ln,difference,0.0
70#1,PC_ON,Mach,dark_ramp_minus_uniform,0.0,2,cnn_minus_ln,difference,0.0
70#1,PC_ON,Mach,bright_ramp_minus_uniform,0.0,2,cnn_minus_ln,difference,0.0
70#1,PC_ON,Mach,dark_ramp_minus_uniform,0.0,4,cnn_minus_ln,difference,0.0
70#1,PC_ON,Mach,bright_ramp_minus_uniform,0.0,4,cnn_minus_ln,difference,0.0
70#1,PC_ON,Mach,dark_ramp_minus_uniform,0.0,8,cnn_minus_ln,difference,0.0
70#1,PC_ON,Mach,bright_ramp_minus_uniform,0.0,8,cnn_minus_ln,difference,0.0
70#1,PC_ON,Mach,dark_ramp_minus_uniform,0.0,12,cnn_minus_ln,difference,0.0
70#1,PC_ON,Mach,bright_ramp_minus_uniform,0.0,12,cnn_minus_ln,difference,0.0
70#1,PC_ON,Mach,dark_ramp_minus_uniform,0.0,16,cnn_minus_ln,difference,0.0
70#1,PC_ON,Mach,bright_ramp_minus_uniform,0.0,16,cnn_minus_ln,difference,0.0
70#1,PC_ON,Mach,dark_ramp_minus_uniform,0.0625,0,cnn_minus_ln,difference,0.07198773743584752
70#1,PC_ON,Mach,bright_ramp_minus_uniform,0.0625,0,cnn_minus_ln,difference,-0.02524331398308277
70#1,PC_ON,Mach,dark_ramp_minus_uniform,0.0625,2,cnn_minus_ln,difference,0.06805243639973924
70#1,PC_ON,Mach,bright_ramp_minus_uniform,0.0625,2,cnn_minus_ln,difference,-0.027686809888109565
70#1,PC_ON,Mach,dark_ramp_minus_uniform,0.0625,4,cnn_minus_ln,difference,0.05959507520310581
70#1,PC_ON,Mach,bright_ramp_minus_uniform,0.0625,4,cnn_minus_ln,difference,-0.018787273205816746
70#1,PC_ON,Mach,dark_ramp_minus_uniform,0.0625,8,cnn_minus_ln,difference,0.042996026342734694
70#1,PC_ON,Mach,bright_ramp_minus_uniform,0.0625,8,cnn_minus_ln,difference,-0.00641204509884119
70#1,PC_ON,Mach,dark_ramp_minus_uniform,0.0625,12,cnn_minus_ln,difference,0.027988092275336385
70#1,PC_ON,Mach,bright_ramp_minus_uniform,0.0625,12,cnn_minus_ln,difference,-0.002650006616022438
70#1,PC_ON,Mach,dark_ramp_minus_uniform,0.0625,16,cnn_minus_ln,difference,0.020274781505577266
70#1,PC_ON,Mach,bright_ramp_minus_uniform,0.0625,16,cnn_minus_ln,difference,-0.0016825357888592407
70#1,PC_ON,Mach,dark_ramp_minus_uniform,0.125,0,cnn_minus_ln,difference,0.10600317362695932
70#1,PC_ON,Mach,bright_ramp_minus_uniform,0.125,0,cnn_minus_ln,difference,-0.046949123963713646
70#1,PC_ON,Mach,dark_ramp_minus_uniform,0.125,2,cnn_minus_ln,difference,0.10227833536919206
70#1,PC_ON,Mach,bright_ramp_minus_uniform,0.125,2,cnn_minus_ln,difference,-0.05070548178628087
70#1,PC_ON,Mach,dark_ramp_minus_uniform,0.125,4,cnn_minus_ln,difference,0.09241032041609287
70#1,PC_ON,Mach,bright_ramp_minus_uniform,0.125,4,cnn_minus_ln,difference,-0.035991995595395565
70#1,PC_ON,Mach,dark_ramp_minus_uniform,0.125,8,cnn_minus_ln,difference,0.07311658747494221
70#1,PC_ON,Mach,bright_ramp_minus_uniform,0.125,8,cnn_minus_ln,difference,-0.010661395266652107
70#1,PC_ON,Mach,dark_ramp_minus_uniform,0.125,12,cnn_minus_ln,difference,0.050849038641899824
70#1,PC_ON,Mach,bright_ramp_minus_uniform,0.125,12,cnn_minus_ln,difference,-0.0042538245470495895
70#1,PC_ON,Mach,dark_ramp_minus_uniform,0.125,16,cnn_minus_ln,difference,0.03801267291419208
70#1,PC_ON,Mach,bright_ramp_minus_uniform,0.125,16,cnn_minus_ln,difference,-0.002828184748068452
70#1,PC_ON,Mach,dark_ramp_minus_uniform,0.25,0,cnn_minus_ln,difference,0.17461975663900375
70#1,PC_ON,Mach,bright_ramp_minus_uniform,0.25,0,cnn_minus_ln,difference,-0.09316163137555122
70#1,PC_ON,Mach,dark_ramp_minus_uniform,0.25,2,cnn_minus_ln,difference,0.17402746086008847
70#1,PC_ON,Mach,bright_ramp_minus_uniform,0.25,2,cnn_minus_ln,difference,-0.09417001157999039
70#1,PC_ON,Mach,dark_ramp_minus_uniform,0.25,4,cnn_minus_ln,difference,0.1602598400786519
70#1,PC_ON,Mach,bright_ramp_minus_uniform,0.25,4,cnn_minus_ln,difference,-0.0726914256811142
70#1,PC_ON,Mach,dark_ramp_minus_uniform,0.25,8,cnn_minus_ln,difference,0.1357611883431673
70#1,PC_ON,Mach,bright_ramp_minus_uniform,0.25,8,cnn_minus_ln,difference,-0.020285463891923428
70#1,PC_ON,Mach,dark_ramp_minus_uniform,0.25,12,cnn_minus_ln,difference,0.10019899671897292
70#1,PC_ON,Mach,bright_ramp_minus_uniform,0.25,12,cnn_minus_ln,difference,-0.006564076640643179
70#1,PC_ON,Mach,dark_ramp_minus_uniform,0.25,16,cnn_minus_ln,difference,0.07559418771415949
70#1,PC_ON,Mach,bright_ramp_minus_uniform,0.25,16,cnn_minus_ln,difference,-0.003793342737480998
70#1,PC_ON,Mach,dark_ramp_minus_uniform,0.375,0,cnn_minus_ln,difference,0.24638095684349537
70#1,PC_ON,Mach,bright_ramp_minus_uniform,0.375,0,cnn_minus_ln,difference,-0.13844986259937286
70#1,PC_ON,Mach,dark_ramp_minus_uniform,0.375,2,cnn_minus_ln,difference,0.24877450871281326
70#1,PC_ON,Mach,bright_ramp_minus_uniform,0.375,2,cnn_minus_ln,difference,-0.13590820133686066
70#1,PC_ON,Mach,dark_ramp_minus_uniform,0.375,4,cnn_minus_ln,difference,0.2302215714007616
70#1,PC_ON,Mach,bright_ramp_minus_uniform,0.375,4,cnn_minus_ln,difference,-0.10964217782020569
70#1,PC_ON,Mach,dark_ramp_minus_uniform,0.375,8,cnn_minus_ln,difference,0.19888563081622124
70#1,PC_ON,Mach,bright_ramp_minus_uniform,0.375,8,cnn_minus_ln,difference,-0.029545608907938004
70#1,PC_ON,Mach,dark_ramp_minus_uniform,0.375,12,cnn_minus_ln,difference,0.1498777586966753
70#1,PC_ON,Mach,bright_ramp_minus_uniform,0.375,12,cnn_minus_ln,difference,-0.00857707648538053
70#1,PC_ON,Mach,dark_ramp_minus_uniform,0.375,16,cnn_minus_ln,difference,0.11315478291362524
70#1,PC_ON,Mach,bright_ramp_minus_uniform,0.375,16,cnn_minus_ln,difference,-0.0048982384614646435
70#1,PC_ON,Mach,dark_ramp_minus_uniform,0.5,0,cnn_minus_ln,difference,0.3190029300749302
70#1,PC_ON,Mach,bright_ramp_minus_uniform,0.5,0,cnn_minus_ln,difference,-0.18390212953090668
70#1,PC_ON,Mach,dark_ramp_minus_uniform,0.5,2,cnn_minus_ln,difference,0.32425471348688006
70#1,PC_ON,Mach,bright_ramp_minus_uniform,0.5,2,cnn_minus_ln,difference,-0.17819044087082148
70#1,PC_ON,Mach,dark_ramp_minus_uniform,0.5,4,cnn_minus_ln,difference,0.3008821625262499
70#1,PC_ON,Mach,bright_ramp_minus_uniform,0.5,4,cnn_minus_ln,difference,-0.1468629166483879
70#1,PC_ON,Mach,dark_ramp_minus_uniform,0.5,8,cnn_minus_ln,difference,0.26152416691184044
70#1,PC_ON,Mach,bright_ramp_minus_uniform,0.5,8,cnn_minus_ln,difference,-0.03916613291949034
70#1,PC_ON,Mach,dark_ramp_minus_uniform,0.5,12,cnn_minus_ln,difference,0.1994312573224306
70#1,PC_ON,Mach,bright_ramp_minus_uniform,0.5,12,cnn_minus_ln,difference,-0.01100155571475625
70#1,PC_ON,Mach,dark_ramp_minus_uniform,0.5,16,cnn_minus_ln,difference,0.15042227692902088
70#1,PC_ON,Mach,bright_ramp_minus_uniform,0.5,16,cnn_minus_ln,difference,-0.006298216059803963
70#7,PC_ON,SBC,bright_minus_dark,0.0,0,cnn_minus_ln,difference,0.0
70#7,PC_ON,SBC,bright_minus_dark,0.0,2,cnn_minus_ln,difference,0.0
70#7,PC_ON,SBC,bright_minus_dark,0.0,4,cnn_minus_ln,difference,0.0
70#7,PC_ON,SBC,bright_minus_dark,0.0,6,cnn_minus_ln,difference,0.0
70#7,PC_ON,SBC,bright_minus_dark,0.0,8,cnn_minus_ln,difference,0.0
70#7,PC_ON,SBC,bright_minus_dark,0.0625,0,cnn_minus_ln,difference,0.0
70#7,PC_ON,SBC,bright_minus_dark,0.0625,2,cnn_minus_ln,difference,0.02035292750224471
70#7,PC_ON,SBC,bright_minus_dark,0.0625,4,cnn_minus_ln,difference,0.046414810698479414
70#7,PC_ON,SBC,bright_minus_dark,0.0625,6,cnn_minus_ln,difference,0.026150837540626526
70#7,PC_ON,SBC,bright_minus_dark,0.0625,8,cnn_minus_ln,difference,0.023382329382002354
70#7,PC_ON,SBC,bright_minus_dark,0.125,0,cnn_minus_ln,difference,0.0
70#7,PC_ON,SBC,bright_minus_dark,0.125,2,cnn_minus_ln,difference,0.03891844395548105
70#7,PC_ON,SBC,bright_minus_dark,0.125,4,cnn_minus_ln,difference,0.059826075565069914
70#7,PC_ON,SBC,bright_minus_dark,0.125,6,cnn_minus_ln,difference,0.03948150482028723
70#7,PC_ON,SBC,bright_minus_dark,0.125,8,cnn_minus_ln,difference,0.035893567837774754
70#7,PC_ON,SBC,bright_minus_dark,0.25,0,cnn_minus_ln,difference,0.0
70#7,PC_ON,SBC,bright_minus_dark,0.25,2,cnn_minus_ln,difference,0.051452651619911194
70#7,PC_ON,SBC,bright_minus_dark,0.25,4,cnn_minus_ln,difference,0.09002936352044344
70#7,PC_ON,SBC,bright_minus_dark,0.25,6,cnn_minus_ln,difference,0.06431486643850803
70#7,PC_ON,SBC,bright_minus_dark,0.25,8,cnn_minus_ln,difference,0.05801539495587349
70#7,PC_ON,SBC,bright_minus_dark,0.375,0,cnn_minus_ln,difference,0.0
70#7,PC_ON,SBC,bright_minus_dark,0.375,2,cnn_minus_ln,difference,0.058701712638139725
70#7,PC_ON,SBC,bright_minus_dark,0.375,4,cnn_minus_ln,difference,0.12164638936519623
70#7,PC_ON,SBC,bright_minus_dark,0.375,6,cnn_minus_ln,difference,0.08958039805293083
70#7,PC_ON,SBC,bright_minus_dark,0.375,8,cnn_minus_ln,difference,0.08043841272592545
70#7,PC_ON,SBC,bright_minus_dark,0.5,0,cnn_minus_ln,difference,0.0
70#7,PC_ON,SBC,bright_minus_dark,0.5,2,cnn_minus_ln,difference,0.06566233560442924
70#7,PC_ON,SBC,bright_minus_dark,0.5,4,cnn_minus_ln,difference,0.1545496191829443
70#7,PC_ON,SBC,bright_minus_dark,0.5,6,cnn_minus_ln,difference,0.11555319651961327
70#7,PC_ON,SBC,bright_minus_dark,0.5,8,cnn_minus_ln,difference,0.10388433560729027
70#7,PC_ON,Mach,dark_ramp_minus_uniform,0.0,0,cnn_minus_ln,difference,0.0
70#7,PC_ON,Mach,bright_ramp_minus_uniform,0.0,0,cnn_minus_ln,difference,0.0
70#7,PC_ON,Mach,dark_ramp_minus_uniform,0.0,2,cnn_minus_ln,difference,0.0
70#7,PC_ON,Mach,bright_ramp_minus_uniform,0.0,2,cnn_minus_ln,difference,0.0
70#7,PC_ON,Mach,dark_ramp_minus_uniform,0.0,4,cnn_minus_ln,difference,0.0
70#7,PC_ON,Mach,bright_ramp_minus_uniform,0.0,4,cnn_minus_ln,difference,0.0
70#7,PC_ON,Mach,dark_ramp_minus_uniform,0.0,8,cnn_minus_ln,difference,0.0
70#7,PC_ON,Mach,bright_ramp_minus_uniform,0.0,8,cnn_minus_ln,difference,0.0
70#7,PC_ON,Mach,dark_ramp_minus_uniform,0.0,12,cnn_minus_ln,difference,0.0
70#7,PC_ON,Mach,bright_ramp_minus_uniform,0.0,12,cnn_minus_ln,difference,0.0
70#7,PC_ON,Mach,dark_ramp_minus_uniform,0.0,16,cnn_minus_ln,difference,0.0
70#7,PC_ON,Mach,bright_ramp_minus_uniform,0.0,16,cnn_minus_ln,difference,0.0
70#7,PC_ON,Mach,dark_ramp_minus_uniform,0.0625,0,cnn_minus_ln,difference,-0.02722088433802128
70#7,PC_ON,Mach,bright_ramp_minus_uniform,0.0625,0,cnn_minus_ln,difference,0.0030254600569605827
70#7,PC_ON,Mach,dark_ramp_minus_uniform,0.0625,2,cnn_minus_ln,difference,-0.02555592032149434
70#7,PC_ON,Mach,bright_ramp_minus_uniform,0.0625,2,cnn_minus_ln,difference,-0.0067283312091603875
70#7,PC_ON,Mach,dark_ramp_minus_uniform,0.0625,4,cnn_minus_ln,difference,-0.02868183539249003
70#7,PC_ON,Mach,bright_ramp_minus_uniform,0.0625,4,cnn_minus_ln,difference,0.011508218245580792
70#7,PC_ON,Mach,dark_ramp_minus_uniform,0.0625,8,cnn_minus_ln,difference,-0.010994903335813433
70#7,PC_ON,Mach,bright_ramp_minus_uniform,0.0625,8,cnn_minus_ln,difference,0.01940962055232376
70#7,PC_ON,Mach,dark_ramp_minus_uniform,0.0625,12,cnn_minus_ln,difference,-0.00034135182704631006
70#7,PC_ON,Mach,bright_ramp_minus_uniform,0.0625,12,cnn_minus_ln,difference,0.01220878743333742
70#7,PC_ON,Mach,dark_ramp_minus_uniform,0.0625,16,cnn_minus_ln,difference,-0.0002544005847084918
70#7,PC_ON,Mach,bright_ramp_minus_uniform,0.0625,16,cnn_minus_ln,difference,0.005385160387959331
70#7,PC_ON,Mach,dark_ramp_minus_uniform,0.125,0,cnn_minus_ln,difference,-0.04499723203480244
70#7,PC_ON,Mach,bright_ramp_minus_uniform,0.125,0,cnn_minus_ln,difference,0.004271773621439934
70#7,PC_ON,Mach,dark_ramp_minus_uniform,0.125,2,cnn_minus_ln,difference,-0.037260555662214756
70#7,PC_ON,Mach,bright_ramp_minus_uniform,0.125,2,cnn_minus_ln,difference,-0.00596805801615119
70#7,PC_ON,Mach,dark_ramp_minus_uniform,0.125,4,cnn_minus_ln,difference,-0.04044702113606036
70#7,PC_ON,Mach,bright_ramp_minus_uniform,0.125,4,cnn_minus_ln,difference,0.018402616726234555
70#7,PC_ON,Mach,dark_ramp_minus_uniform,0.125,8,cnn_minus_ln,difference,-0.016808509826660156
70#7,PC_ON,Mach,bright_ramp_minus_uniform,0.125,8,cnn_minus_ln,difference,0.024938726564869285
70#7,PC_ON,Mach,dark_ramp_minus_uniform,0.125,12,cnn_minus_ln,difference,-0.0006989796966081485
70#7,PC_ON,Mach,bright_ramp_minus_uniform,0.125,12,cnn_minus_ln,difference,0.01246486883610487
70#7,PC_ON,Mach,dark_ramp_minus_uniform,0.125,16,cnn_minus_ln,difference,-0.0004981517558917403
70#7,PC_ON,Mach,bright_ramp_minus_uniform,0.125,16,cnn_minus_ln,difference,0.006698198965750635
70#7,PC_ON,Mach,dark_ramp_minus_uniform,0.25,0,cnn_minus_ln,difference,-0.08081756345927715
70#7,PC_ON,Mach,bright_ramp_minus_uniform,0.25,0,cnn_minus_ln,difference,0.005593704059720039
70#7,PC_ON,Mach,dark_ramp_minus_uniform,0.25,2,cnn_minus_ln,difference,-0.06193199194967747
70#7,PC_ON,Mach,bright_ramp_minus_uniform,0.25,2,cnn_minus_ln,difference,-0.008322314359247684
70#7,PC_ON,Mach,dark_ramp_minus_uniform,0.25,4,cnn_minus_ln,difference,-0.06288859946653247
70#7,PC_ON,Mach,bright_ramp_minus_uniform,0.25,4,cnn_minus_ln,difference,0.02730132220312953
70#7,PC_ON,Mach,dark_ramp_minus_uniform,0.25,8,cnn_minus_ln,difference,-0.02562316250987351
70#7,PC_ON,Mach,bright_ramp_minus_uniform,0.25,8,cnn_minus_ln,difference,0.036521974951028824
70#7,PC_ON,Mach,dark_ramp_minus_uniform,0.25,12,cnn_minus_ln,difference,-0.0014213403628673404
70#7,PC_ON,Mach,bright_ramp_minus_uniform,0.25,12,cnn_minus_ln,difference,0.018652983475476503
70#7,PC_ON,Mach,dark_ramp_minus_uniform,0.25,16,cnn_minus_ln,difference,-0.0009963512420654297
70#7,PC_ON,Mach,bright_ramp_minus_uniform,0.25,16,cnn_minus_ln,difference,0.013034908100962639
70#7,PC_ON,Mach,dark_ramp_minus_uniform,0.375,0,cnn_minus_ln,difference,-0.11698048375546932
70#7,PC_ON,Mach,bright_ramp_minus_uniform,0.375,0,cnn_minus_ln,difference,0.005359414964914322
70#7,PC_ON,Mach,dark_ramp_minus_uniform,0.375,2,cnn_minus_ln,difference,-0.08687782287597656
70#7,PC_ON,Mach,bright_ramp_minus_uniform,0.375,2,cnn_minus_ln,difference,-0.012795619200915098
70#7,PC_ON,Mach,dark_ramp_minus_uniform,0.375,4,cnn_minus_ln,difference,-0.08545511029660702
70#7,PC_ON,Mach,bright_ramp_minus_uniform,0.375,4,cnn_minus_ln,difference,0.03375169821083546
70#7,PC_ON,Mach,dark_ramp_minus_uniform,0.375,8,cnn_minus_ln,difference,-0.032432746374979615
70#7,PC_ON,Mach,bright_ramp_minus_uniform,0.375,8,cnn_minus_ln,difference,0.046879572328180075
70#7,PC_ON,Mach,dark_ramp_minus_uniform,0.375,12,cnn_minus_ln,difference,-0.0020750919065903872
70#7,PC_ON,Mach,bright_ramp_minus_uniform,0.375,12,cnn_minus_ln,difference,0.02430541440844536
70#7,PC_ON,Mach,dark_ramp_minus_uniform,0.375,16,cnn_minus_ln,difference,-0.0014945268630981445
70#7,PC_ON,Mach,bright_ramp_minus_uniform,0.375,16,cnn_minus_ln,difference,0.01789880287833512
70#7,PC_ON,Mach,dark_ramp_minus_uniform,0.5,0,cnn_minus_ln,difference,-0.1531027965247631
70#7,PC_ON,Mach,bright_ramp_minus_uniform,0.5,0,cnn_minus_ln,difference,0.004332549870014191
70#7,PC_ON,Mach,dark_ramp_minus_uniform,0.5,2,cnn_minus_ln,difference,-0.11188291013240814
70#7,PC_ON,Mach,bright_ramp_minus_uniform,0.5,2,cnn_minus_ln,difference,-0.018416873179376125
70#7,PC_ON,Mach,dark_ramp_minus_uniform,0.5,4,cnn_minus_ln,difference,-0.10795283317565918
70#7,PC_ON,Mach,bright_ramp_minus_uniform,0.5,4,cnn_minus_ln,difference,0.03929319232702255
70#7,PC_ON,Mach,dark_ramp_minus_uniform,0.5,8,cnn_minus_ln,difference,-0.039015006739646196
70#7,PC_ON,Mach,bright_ramp_minus_uniform,0.5,8,cnn_minus_ln,difference,0.05651566572487354
70#7,PC_ON,Mach,dark_ramp_minus_uniform,0.5,12,cnn_minus_ln,difference,-0.002695282379136188
70#7,PC_ON,Mach,bright_ramp_minus_uniform,0.5,12,cnn_minus_ln,difference,0.03053625812754035
70#7,PC_ON,Mach,dark_ramp_minus_uniform,0.5,16,cnn_minus_ln,difference,-0.0019927104003727436
70#7,PC_ON,Mach,bright_ramp_minus_uniform,0.5,16,cnn_minus_ln,difference,0.022373481187969446
70#15,PC_ON,SBC,bright_minus_dark,0.0,0,cnn_minus_ln,difference,0.0
70#15,PC_ON,SBC,bright_minus_dark,0.0,2,cnn_minus_ln,difference,0.0
70#15,PC_ON,SBC,bright_minus_dark,0.0,4,cnn_minus_ln,difference,0.0
70#15,PC_ON,SBC,bright_minus_dark,0.0,6,cnn_minus_ln,difference,0.0
70#15,PC_ON,SBC,bright_minus_dark,0.0,8,cnn_minus_ln,difference,0.0
70#15,PC_ON,SBC,bright_minus_dark,0.0625,0,cnn_minus_ln,difference,0.0
70#15,PC_ON,SBC,bright_minus_dark,0.0625,2,cnn_minus_ln,difference,0.03215262945741415
70#15,PC_ON,SBC,bright_minus_dark,0.0625,4,cnn_minus_ln,difference,0.10579094849526882
70#15,PC_ON,SBC,bright_minus_dark,0.0625,6,cnn_minus_ln,difference,0.13889876194298267
70#15,PC_ON,SBC,bright_minus_dark,0.0625,8,cnn_minus_ln,difference,0.14628825522959232
70#15,PC_ON,SBC,bright_minus_dark,0.125,0,cnn_minus_ln,difference,0.0
70#15,PC_ON,SBC,bright_minus_dark,0.125,2,cnn_minus_ln,difference,0.05180762708187103
70#15,PC_ON,SBC,bright_minus_dark,0.125,4,cnn_minus_ln,difference,0.14788508042693138
70#15,PC_ON,SBC,bright_minus_dark,0.125,6,cnn_minus_ln,difference,0.20206189900636673
70#15,PC_ON,SBC,bright_minus_dark,0.125,8,cnn_minus_ln,difference,0.21697809919714928
70#15,PC_ON,SBC,bright_minus_dark,0.25,0,cnn_minus_ln,difference,0.0
70#15,PC_ON,SBC,bright_minus_dark,0.25,2,cnn_minus_ln,difference,0.07395632565021515
70#15,PC_ON,SBC,bright_minus_dark,0.25,4,cnn_minus_ln,difference,0.21737465262413025
70#15,PC_ON,SBC,bright_minus_dark,0.25,6,cnn_minus_ln,difference,0.3211406096816063
70#15,PC_ON,SBC,bright_minus_dark,0.25,8,cnn_minus_ln,difference,0.35121894627809525
70#15,PC_ON,SBC,bright_minus_dark,0.375,0,cnn_minus_ln,difference,0.0
70#15,PC_ON,SBC,bright_minus_dark,0.375,2,cnn_minus_ln,difference,0.09121084958314896
70#15,PC_ON,SBC,bright_minus_dark,0.375,4,cnn_minus_ln,difference,0.2829529047012329
70#15,PC_ON,SBC,bright_minus_dark,0.375,6,cnn_minus_ln,difference,0.4364033639431
70#15,PC_ON,SBC,bright_minus_dark,0.375,8,cnn_minus_ln,difference,0.48292428255081177
70#15,PC_ON,SBC,bright_minus_dark,0.5,0,cnn_minus_ln,difference,0.0
70#15,PC_ON,SBC,bright_minus_dark,0.5,2,cnn_minus_ln,difference,0.10692819207906723
70#15,PC_ON,SBC,bright_minus_dark,0.5,4,cnn_minus_ln,difference,0.346311017870903
70#15,PC_ON,SBC,bright_minus_dark,0.5,6,cnn_minus_ln,difference,0.5493058413267136
70#15,PC_ON,SBC,bright_minus_dark,0.5,8,cnn_minus_ln,difference,0.6124935299158096
70#15,PC_ON,Mach,dark_ramp_minus_uniform,0.0,0,cnn_minus_ln,difference,0.0
70#15,PC_ON,Mach,bright_ramp_minus_uniform,0.0,0,cnn_minus_ln,difference,0.0
70#15,PC_ON,Mach,dark_ramp_minus_uniform,0.0,2,cnn_minus_ln,difference,0.0
70#15,PC_ON,Mach,bright_ramp_minus_uniform,0.0,2,cnn_minus_ln,difference,0.0
70#15,PC_ON,Mach,dark_ramp_minus_uniform,0.0,4,cnn_minus_ln,difference,0.0
70#15,PC_ON,Mach,bright_ramp_minus_uniform,0.0,4,cnn_minus_ln,difference,0.0
70#15,PC_ON,Mach,dark_ramp_minus_uniform,0.0,8,cnn_minus_ln,difference,0.0
70#15,PC_ON,Mach,bright_ramp_minus_uniform,0.0,8,cnn_minus_ln,difference,0.0
70#15,PC_ON,Mach,dark_ramp_minus_uniform,0.0,12,cnn_minus_ln,difference,0.0
70#15,PC_ON,Mach,bright_ramp_minus_uniform,0.0,12,cnn_minus_ln,difference,0.0
70#15,PC_ON,Mach,dark_ramp_minus_uniform,0.0,16,cnn_minus_ln,difference,0.0
70#15,PC_ON,Mach,bright_ramp_minus_uniform,0.0,16,cnn_minus_ln,difference,0.0
70#15,PC_ON,Mach,dark_ramp_minus_uniform,0.0625,0,cnn_minus_ln,difference,0.024276288109831512
70#15,PC_ON,Mach,bright_ramp_minus_uniform,0.0625,0,cnn_minus_ln,difference,-0.09655691310763359
70#15,PC_ON,Mach,dark_ramp_minus_uniform,0.0625,2,cnn_minus_ln,difference,0.020579458156134933
70#15,PC_ON,Mach,bright_ramp_minus_uniform,0.0625,2,cnn_minus_ln,difference,-0.10559060797095299
70#15,PC_ON,Mach,dark_ramp_minus_uniform,0.0625,4,cnn_minus_ln,difference,0.01702902268152684
70#15,PC_ON,Mach,bright_ramp_minus_uniform,0.0625,4,cnn_minus_ln,difference,-0.08453682996332645
70#15,PC_ON,Mach,dark_ramp_minus_uniform,0.0625,8,cnn_minus_ln,difference,0.013033516937866807
70#15,PC_ON,Mach,bright_ramp_minus_uniform,0.0625,8,cnn_minus_ln,difference,-0.041055227629840374
70#15,PC_ON,Mach,dark_ramp_minus_uniform,0.0625,12,cnn_minus_ln,difference,0.009270946320611984
70#15,PC_ON,Mach,bright_ramp_minus_uniform,0.0625,12,cnn_minus_ln,difference,-0.0169223309494555
70#15,PC_ON,Mach,dark_ramp_minus_uniform,0.0625,16,cnn_minus_ln,difference,0.006968180212425068
70#15,PC_ON,Mach,bright_ramp_minus_uniform,0.0625,16,cnn_minus_ln,difference,-0.006898633670061827
70#15,PC_ON,Mach,dark_ramp_minus_uniform,0.125,0,cnn_minus_ln,difference,0.04262877185828984
70#15,PC_ON,Mach,bright_ramp_minus_uniform,0.125,0,cnn_minus_ln,difference,-0.13952210173010826
70#15,PC_ON,Mach,dark_ramp_minus_uniform,0.125,2,cnn_minus_ln,difference,0.036318967991974205
70#15,PC_ON,Mach,bright_ramp_minus_uniform,0.125,2,cnn_minus_ln,difference,-0.149725079536438
70#15,PC_ON,Mach,dark_ramp_minus_uniform,0.125,4,cnn_minus_ln,difference,0.029868102283217013
70#15,PC_ON,Mach,bright_ramp_minus_uniform,0.125,4,cnn_minus_ln,difference,-0.11867295578122139
70#15,PC_ON,Mach,dark_ramp_minus_uniform,0.125,8,cnn_minus_ln,difference,0.02651054074522108
70#15,PC_ON,Mach,bright_ramp_minus_uniform,0.125,8,cnn_minus_ln,difference,-0.04799062758684158
70#15,PC_ON,Mach,dark_ramp_minus_uniform,0.125,12,cnn_minus_ln,difference,0.01830755843548104
70#15,PC_ON,Mach,bright_ramp_minus_uniform,0.125,12,cnn_minus_ln,difference,-0.009645112790167332
70#15,PC_ON,Mach,dark_ramp_minus_uniform,0.125,16,cnn_minus_ln,difference,0.013683549943380058
70#15,PC_ON,Mach,bright_ramp_minus_uniform,0.125,16,cnn_minus_ln,difference,-0.0006619617342948914
70#15,PC_ON,Mach,dark_ramp_minus_uniform,0.25,0,cnn_minus_ln,difference,0.07952389260753989
70#15,PC_ON,Mach,bright_ramp_minus_uniform,0.25,0,cnn_minus_ln,difference,-0.21998193114995956
70#15,PC_ON,Mach,dark_ramp_minus_uniform,0.25,2,cnn_minus_ln,difference,0.06772872060537338
70#15,PC_ON,Mach,bright_ramp_minus_uniform,0.25,2,cnn_minus_ln,difference,-0.23262211680412292
70#15,PC_ON,Mach,dark_ramp_minus_uniform,0.25,4,cnn_minus_ln,difference,0.056036464404314756
70#15,PC_ON,Mach,bright_ramp_minus_uniform,0.25,4,cnn_minus_ln,difference,-0.18396172672510147
70#15,PC_ON,Mach,dark_ramp_minus_uniform,0.25,8,cnn_minus_ln,difference,0.05208368948660791
70#15,PC_ON,Mach,bright_ramp_minus_uniform,0.25,8,cnn_minus_ln,difference,-0.060515712946653366
70#15,PC_ON,Mach,dark_ramp_minus_uniform,0.25,12,cnn_minus_ln,difference,0.03644882992375642
70#15,PC_ON,Mach,bright_ramp_minus_uniform,0.25,12,cnn_minus_ln,difference,-0.0034050066024065018
70#15,PC_ON,Mach,dark_ramp_minus_uniform,0.25,16,cnn_minus_ln,difference,0.027224436635151505
70#15,PC_ON,Mach,bright_ramp_minus_uniform,0.25,16,cnn_minus_ln,difference,0.003722977824509144
70#15,PC_ON,Mach,dark_ramp_minus_uniform,0.375,0,cnn_minus_ln,difference,0.11668156739324331
70#15,PC_ON,Mach,bright_ramp_minus_uniform,0.375,0,cnn_minus_ln,difference,-0.2979104444384575
70#15,PC_ON,Mach,dark_ramp_minus_uniform,0.375,2,cnn_minus_ln,difference,0.09931422176305205
70#15,PC_ON,Mach,bright_ramp_minus_uniform,0.375,2,cnn_minus_ln,difference,-0.31361593306064606
70#15,PC_ON,Mach,dark_ramp_minus_uniform,0.375,4,cnn_minus_ln,difference,0.08230379479937255
70#15,PC_ON,Mach,bright_ramp_minus_uniform,0.375,4,cnn_minus_ln,difference,-0.2485293224453926
70#15,PC_ON,Mach,dark_ramp_minus_uniform,0.375,8,cnn_minus_ln,difference,0.07693283795379102
70#15,PC_ON,Mach,bright_ramp_minus_uniform,0.375,8,cnn_minus_ln,difference,-0.07274994626641273
70#15,PC_ON,Mach,dark_ramp_minus_uniform,0.375,12,cnn_minus_ln,difference,0.054540394339710474
70#15,PC_ON,Mach,bright_ramp_minus_uniform,0.375,12,cnn_minus_ln,difference,0.0027175098657608032
70#15,PC_ON,Mach,dark_ramp_minus_uniform,0.375,16,cnn_minus_ln,difference,0.040766762220300734
70#15,PC_ON,Mach,bright_ramp_minus_uniform,0.375,16,cnn_minus_ln,difference,0.007978003472089767
70#15,PC_ON,Mach,dark_ramp_minus_uniform,0.5,0,cnn_minus_ln,difference,0.15354772750288248
70#15,PC_ON,Mach,bright_ramp_minus_uniform,0.5,0,cnn_minus_ln,difference,-0.3727152347564697
70#15,PC_ON,Mach,dark_ramp_minus_uniform,0.5,2,cnn_minus_ln,difference,0.1307365675456822
70#15,PC_ON,Mach,bright_ramp_minus_uniform,0.5,2,cnn_minus_ln,difference,-0.3917957693338394
70#15,PC_ON,Mach,dark_ramp_minus_uniform,0.5,4,cnn_minus_ln,difference,0.10819886950775981
70#15,PC_ON,Mach,bright_ramp_minus_uniform,0.5,4,cnn_minus_ln,difference,-0.31044355034828186
70#15,PC_ON,Mach,dark_ramp_minus_uniform,0.5,8,cnn_minus_ln,difference,0.1013427753932774
70#15,PC_ON,Mach,bright_ramp_minus_uniform,0.5,8,cnn_minus_ln,difference,-0.08352507650852203
70#15,PC_ON,Mach,dark_ramp_minus_uniform,0.5,12,cnn_minus_ln,difference,0.07257091742940247
70#15,PC_ON,Mach,bright_ramp_minus_uniform,0.5,12,cnn_minus_ln,difference,0.009878579527139664
70#15,PC_ON,Mach,dark_ramp_minus_uniform,0.5,16,cnn_minus_ln,difference,0.054295778973028064
70#15,PC_ON,Mach,bright_ramp_minus_uniform,0.5,16,cnn_minus_ln,difference,0.0137124452739954
70#34,MC_ON,SBC,bright_minus_dark,0.0,0,cnn_minus_ln,difference,0.0
70#34,MC_ON,SBC,bright_minus_dark,0.0,2,cnn_minus_ln,difference,0.0
70#34,MC_ON,SBC,bright_minus_dark,0.0,4,cnn_minus_ln,difference,0.0
70#34,MC_ON,SBC,bright_minus_dark,0.0,6,cnn_minus_ln,difference,0.0
70#34,MC_ON,SBC,bright_minus_dark,0.0,8,cnn_minus_ln,difference,0.0
70#34,MC_ON,SBC,bright_minus_dark,0.0625,0,cnn_minus_ln,difference,0.0
70#34,MC_ON,SBC,bright_minus_dark,0.0625,2,cnn_minus_ln,difference,0.17061837390065193
70#34,MC_ON,SBC,bright_minus_dark,0.0625,4,cnn_minus_ln,difference,0.40140912123024464
70#34,MC_ON,SBC,bright_minus_dark,0.0625,6,cnn_minus_ln,difference,0.3502802294678986
70#34,MC_ON,SBC,bright_minus_dark,0.0625,8,cnn_minus_ln,difference,0.31367965741083026
70#34,MC_ON,SBC,bright_minus_dark,0.125,0,cnn_minus_ln,difference,0.0
70#34,MC_ON,SBC,bright_minus_dark,0.125,2,cnn_minus_ln,difference,0.30463651567697525
70#34,MC_ON,SBC,bright_minus_dark,0.125,4,cnn_minus_ln,difference,0.5948994122445583
70#34,MC_ON,SBC,bright_minus_dark,0.125,6,cnn_minus_ln,difference,0.536905562505126
70#34,MC_ON,SBC,bright_minus_dark,0.125,8,cnn_minus_ln,difference,0.5030993698164821
70#34,MC_ON,SBC,bright_minus_dark,0.25,0,cnn_minus_ln,difference,0.0
70#34,MC_ON,SBC,bright_minus_dark,0.25,2,cnn_minus_ln,difference,0.47346800565719604
70#34,MC_ON,SBC,bright_minus_dark,0.25,4,cnn_minus_ln,difference,0.8898597396910191
70#34,MC_ON,SBC,bright_minus_dark,0.25,6,cnn_minus_ln,difference,0.8691380545496941
70#34,MC_ON,SBC,bright_minus_dark,0.25,8,cnn_minus_ln,difference,0.8112759031355381
70#34,MC_ON,SBC,bright_minus_dark,0.375,0,cnn_minus_ln,difference,0.0
70#34,MC_ON,SBC,bright_minus_dark,0.375,2,cnn_minus_ln,difference,0.5932267010211945
70#34,MC_ON,SBC,bright_minus_dark,0.375,4,cnn_minus_ln,difference,1.1824740320444107
70#34,MC_ON,SBC,bright_minus_dark,0.375,6,cnn_minus_ln,difference,1.1947535667568445
70#34,MC_ON,SBC,bright_minus_dark,0.375,8,cnn_minus_ln,difference,1.104998031631112
70#34,MC_ON,SBC,bright_minus_dark,0.5,0,cnn_minus_ln,difference,0.0
70#34,MC_ON,SBC,bright_minus_dark,0.5,2,cnn_minus_ln,difference,0.6980092227458954
70#34,MC_ON,SBC,bright_minus_dark,0.5,4,cnn_minus_ln,difference,1.4753281623125076
70#34,MC_ON,SBC,bright_minus_dark,0.5,6,cnn_minus_ln,difference,1.517237402498722
70#34,MC_ON,SBC,bright_minus_dark,0.5,8,cnn_minus_ln,difference,1.3932464607059956
70#34,MC_ON,Mach,dark_ramp_minus_uniform,0.0,0,cnn_minus_ln,difference,0.0
70#34,MC_ON,Mach,bright_ramp_minus_uniform,0.0,0,cnn_minus_ln,difference,0.0
70#34,MC_ON,Mach,dark_ramp_minus_uniform,0.0,2,cnn_minus_ln,difference,0.0
70#34,MC_ON,Mach,bright_ramp_minus_uniform,0.0,2,cnn_minus_ln,difference,0.0
70#34,MC_ON,Mach,dark_ramp_minus_uniform,0.0,4,cnn_minus_ln,difference,0.0
70#34,MC_ON,Mach,bright_ramp_minus_uniform,0.0,4,cnn_minus_ln,difference,0.0
70#34,MC_ON,Mach,dark_ramp_minus_uniform,0.0,8,cnn_minus_ln,difference,0.0
70#34,MC_ON,Mach,bright_ramp_minus_uniform,0.0,8,cnn_minus_ln,difference,0.0
70#34,MC_ON,Mach,dark_ramp_minus_uniform,0.0,12,cnn_minus_ln,difference,0.0
70#34,MC_ON,Mach,bright_ramp_minus_uniform,0.0,12,cnn_minus_ln,difference,0.0
70#34,MC_ON,Mach,dark_ramp_minus_uniform,0.0,16,cnn_minus_ln,difference,0.0
70#34,MC_ON,Mach,bright_ramp_minus_uniform,0.0,16,cnn_minus_ln,difference,0.0
70#34,MC_ON,Mach,dark_ramp_minus_uniform,0.0625,0,cnn_minus_ln,difference,0.08084685821086168
70#34,MC_ON,Mach,bright_ramp_minus_uniform,0.0625,0,cnn_minus_ln,difference,-0.09972752630710602
70#34,MC_ON,Mach,dark_ramp_minus_uniform,0.0625,2,cnn_minus_ln,difference,0.04061167174950242
70#34,MC_ON,Mach,bright_ramp_minus_uniform,0.0625,2,cnn_minus_ln,difference,-0.13954102899879217
70#34,MC_ON,Mach,dark_ramp_minus_uniform,0.0625,4,cnn_minus_ln,difference,-0.01141830999404192
70#34,MC_ON,Mach,bright_ramp_minus_uniform,0.0625,4,cnn_minus_ln,difference,-0.045745173934847116
70#34,MC_ON,Mach,dark_ramp_minus_uniform,0.0625,8,cnn_minus_ln,difference,-0.01481947023421526
70#34,MC_ON,Mach,bright_ramp_minus_uniform,0.0625,8,cnn_minus_ln,difference,0.01084163156338036
70#34,MC_ON,Mach,dark_ramp_minus_uniform,0.0625,12,cnn_minus_ln,difference,-0.007612864370457828
70#34,MC_ON,Mach,bright_ramp_minus_uniform,0.0625,12,cnn_minus_ln,difference,0.007717275497270748
70#34,MC_ON,Mach,dark_ramp_minus_uniform,0.0625,16,cnn_minus_ln,difference,-0.004642415209673345
70#34,MC_ON,Mach,bright_ramp_minus_uniform,0.0625,16,cnn_minus_ln,difference,0.004708806605776772
70#34,MC_ON,Mach,dark_ramp_minus_uniform,0.125,0,cnn_minus_ln,difference,0.17611962743103504
70#34,MC_ON,Mach,bright_ramp_minus_uniform,0.125,0,cnn_minus_ln,difference,-0.11535856453701854
70#34,MC_ON,Mach,dark_ramp_minus_uniform,0.125,2,cnn_minus_ln,difference,0.10805115755647421
70#34,MC_ON,Mach,bright_ramp_minus_uniform,0.125,2,cnn_minus_ln,difference,-0.1673572100698948
70#34,MC_ON,Mach,dark_ramp_minus_uniform,0.125,4,cnn_minus_ln,difference,0.0072663938626646996
70#34,MC_ON,Mach,bright_ramp_minus_uniform,0.125,4,cnn_minus_ln,difference,-0.015789825934916735
70#34,MC_ON,Mach,dark_ramp_minus_uniform,0.125,8,cnn_minus_ln,difference,-0.022389006800949574
70#34,MC_ON,Mach,bright_ramp_minus_uniform,0.125,8,cnn_minus_ln,difference,0.06137233867775649
70#34,MC_ON,Mach,dark_ramp_minus_uniform,0.125,12,cnn_minus_ln,difference,-0.008377933874726295
70#34,MC_ON,Mach,bright_ramp_minus_uniform,0.125,12,cnn_minus_ln,difference,0.03342352609615773
70#34,MC_ON,Mach,dark_ramp_minus_uniform,0.125,16,cnn_minus_ln,difference,-0.005184968234971166
70#34,MC_ON,Mach,bright_ramp_minus_uniform,0.125,16,cnn_minus_ln,difference,0.016380468267016113
70#34,MC_ON,Mach,dark_ramp_minus_uniform,0.25,0,cnn_minus_ln,difference,0.3534248434007168
70#34,MC_ON,Mach,bright_ramp_minus_uniform,0.25,0,cnn_minus_ln,difference,-0.14971720334142447
70#34,MC_ON,Mach,dark_ramp_minus_uniform,0.25,2,cnn_minus_ln,difference,0.23588395677506924
70#34,MC_ON,Mach,bright_ramp_minus_uniform,0.25,2,cnn_minus_ln,difference,-0.22394590079784393
70#34,MC_ON,Mach,dark_ramp_minus_uniform,0.25,4,cnn_minus_ln,difference,0.05898507498204708
70#34,MC_ON,Mach,bright_ramp_minus_uniform,0.25,4,cnn_minus_ln,difference,0.0149186453782022
70#34,MC_ON,Mach,dark_ramp_minus_uniform,0.25,8,cnn_minus_ln,difference,-0.03366030007600784
70#34,MC_ON,Mach,bright_ramp_minus_uniform,0.25,8,cnn_minus_ln,difference,0.11419072956778109
70#34,MC_ON,Mach,dark_ramp_minus_uniform,0.25,12,cnn_minus_ln,difference,-0.016548482701182365
70#34,MC_ON,Mach,bright_ramp_minus_uniform,0.25,12,cnn_minus_ln,difference,0.04016955371480435
70#34,MC_ON,Mach,dark_ramp_minus_uniform,0.25,16,cnn_minus_ln,difference,-0.011066429316997528
70#34,MC_ON,Mach,bright_ramp_minus_uniform,0.25,16,cnn_minus_ln,difference,0.012369013158604503
70#34,MC_ON,Mach,dark_ramp_minus_uniform,0.375,0,cnn_minus_ln,difference,0.5237253606319427
70#34,MC_ON,Mach,bright_ramp_minus_uniform,0.375,0,cnn_minus_ln,difference,-0.18727582041174173
70#34,MC_ON,Mach,dark_ramp_minus_uniform,0.375,2,cnn_minus_ln,difference,0.3583492077887058
70#34,MC_ON,Mach,bright_ramp_minus_uniform,0.375,2,cnn_minus_ln,difference,-0.27913815528154373
70#34,MC_ON,Mach,dark_ramp_minus_uniform,0.375,4,cnn_minus_ln,difference,0.10772646777331829
70#34,MC_ON,Mach,bright_ramp_minus_uniform,0.375,4,cnn_minus_ln,difference,0.03953508194535971
70#34,MC_ON,Mach,dark_ramp_minus_uniform,0.375,8,cnn_minus_ln,difference,-0.04390888847410679
70#34,MC_ON,Mach,bright_ramp_minus_uniform,0.375,8,cnn_minus_ln,difference,0.15667853644117713
70#34,MC_ON,Mach,dark_ramp_minus_uniform,0.375,12,cnn_minus_ln,difference,-0.02718629688024521
70#34,MC_ON,Mach,bright_ramp_minus_uniform,0.375,12,cnn_minus_ln,difference,0.04828906408511102
70#34,MC_ON,Mach,dark_ramp_minus_uniform,0.375,16,cnn_minus_ln,difference,-0.019544823095202446
70#34,MC_ON,Mach,bright_ramp_minus_uniform,0.375,16,cnn_minus_ln,difference,0.019117268500849605
70#34,MC_ON,Mach,dark_ramp_minus_uniform,0.5,0,cnn_minus_ln,difference,0.6876611784100533
70#34,MC_ON,Mach,bright_ramp_minus_uniform,0.5,0,cnn_minus_ln,difference,-0.23204106092453003
70#34,MC_ON,Mach,dark_ramp_minus_uniform,0.5,2,cnn_minus_ln,difference,0.47680655494332314
70#34,MC_ON,Mach,bright_ramp_minus_uniform,0.5,2,cnn_minus_ln,difference,-0.33861228078603745
70#34,MC_ON,Mach,dark_ramp_minus_uniform,0.5,4,cnn_minus_ln,difference,0.1561797894537449
70#34,MC_ON,Mach,bright_ramp_minus_uniform,0.5,4,cnn_minus_ln,difference,0.05612953193485737
70#34,MC_ON,Mach,dark_ramp_minus_uniform,0.5,8,cnn_minus_ln,difference,-0.055358244106173515
70#34,MC_ON,Mach,bright_ramp_minus_uniform,0.5,8,cnn_minus_ln,difference,0.19266481511294842
70#34,MC_ON,Mach,dark_ramp_minus_uniform,0.5,12,cnn_minus_ln,difference,-0.04035609681159258
70#34,MC_ON,Mach,bright_ramp_minus_uniform,0.5,12,cnn_minus_ln,difference,0.05419890000484884
70#34,MC_ON,Mach,dark_ramp_minus_uniform,0.5,16,cnn_minus_ln,difference,-0.030606817454099655
70#34,MC_ON,Mach,bright_ramp_minus_uniform,0.5,16,cnn_minus_ln,difference,0.02327889925800264
